tsne_x,tsne_y,id,note_str,audio_path,instrument,instrument_str,instrument_family,instrument_family_str,instrument_source,instrument_source_str,pitch,velocity,sample_rate,qualities_str
-30.630991,61.217976,organ_electronic_028-091-025,organ_electronic_028-091-025,/root/autodl-tmp/tokenizer-eval/data/nsynth/nsynth-valid/audio/organ_electronic_028-091-025.wav,440,organ_electronic_028,6,organ,1,electronic,91,25,16000,
-11.743634,-56.447563,brass_acoustic_006-043-127,brass_acoustic_006-043-127,/root/autodl-tmp/tokenizer-eval/data/nsynth/nsynth-valid/audio/brass_acoustic_006-043-127.wav,43,brass_acoustic_006,1,brass,0,acoustic,43,127,16000,reverb
9.315062,23.866148,bass_synthetic_068-075-050,bass_synthetic_068-075-050,/root/autodl-tmp/tokenizer-eval/data/nsynth/nsynth-valid/audio/bass_synthetic_068-075-050.wav,656,bass_synthetic_068,0,bass,2,synthetic,75,50,16000,
35.954773,14.612566,mallet_acoustic_062-061-050,mallet_acoustic_062-061-050,/root/autodl-tmp/tokenizer-eval/data/nsynth/nsynth-valid/audio/mallet_acoustic_062-061-050.wav,644,mallet_acoustic_062,5,mallet,0,acoustic,61,50,16000,dark|fast_decay|multiphonic
-46.427296,14.905797,reed_acoustic_018-073-025,reed_acoustic_018-073-025,/root/autodl-tmp/tokenizer-eval/data/nsynth/nsynth-valid/audio/reed_acoustic_018-073-025.wav,183,reed_acoustic_018,7,reed,0,acoustic,73,25,16000,
15.011989,22.600643,guitar_acoustic_015-073-075,guitar_acoustic_015-073-075,/root/autodl-tmp/tokenizer-eval/data/nsynth/nsynth-valid/audio/guitar_acoustic_015-073-075.wav,316,guitar_acoustic_015,3,guitar,0,acoustic,73,75,16000,reverb
9.004107,-17.525637,organ_electronic_113-062-075,organ_electronic_113-062-075,/root/autodl-tmp/tokenizer-eval/data/nsynth/nsynth-valid/audio/organ_electronic_113-062-075.wav,958,organ_electronic_113,6,organ,1,electronic,62,75,16000,dark
12.539574,57.77095,guitar_acoustic_014-087-025,guitar_acoustic_014-087-025,/root/autodl-tmp/tokenizer-eval/data/nsynth/nsynth-valid/audio/guitar_acoustic_014-087-025.wav,263,guitar_acoustic_014,3,guitar,0,acoustic,87,25,16000,fast_decay|percussive
-1.207108,-57.124573,brass_acoustic_059-033-127,brass_acoustic_059-033-127,/root/autodl-tmp/tokenizer-eval/data/nsynth/nsynth-valid/audio/brass_acoustic_059-033-127.wav,572,brass_acoustic_059,1,brass,0,acoustic,33,127,16000,reverb
-39.786953,12.0156355,reed_acoustic_037-074-050,reed_acoustic_037-074-050,/root/autodl-tmp/tokenizer-eval/data/nsynth/nsynth-valid/audio/reed_acoustic_037-074-050.wav,387,reed_acoustic_037,7,reed,0,acoustic,74,50,16000,reverb
54.883698,3.8632457,string_acoustic_014-032-127,string_acoustic_014-032-127,/root/autodl-tmp/tokenizer-eval/data/nsynth/nsynth-valid/audio/string_acoustic_014-032-127.wav,100,string_acoustic_014,8,string,0,acoustic,32,127,16000,dark|fast_decay|reverb
19.24641,53.940765,string_acoustic_056-073-075,string_acoustic_056-073-075,/root/autodl-tmp/tokenizer-eval/data/nsynth/nsynth-valid/audio/string_acoustic_056-073-075.wav,436,string_acoustic_056,8,string,0,acoustic,73,75,16000,fast_decay|percussive|reverb
-52.09066,-8.943515,organ_electronic_113-068-025,organ_electronic_113-068-025,/root/autodl-tmp/tokenizer-eval/data/nsynth/nsynth-valid/audio/organ_electronic_113-068-025.wav,958,organ_electronic_113,6,organ,1,electronic,68,25,16000,
-17.756355,-53.489975,string_acoustic_012-050-127,string_acoustic_012-050-127,/root/autodl-tmp/tokenizer-eval/data/nsynth/nsynth-valid/audio/string_acoustic_012-050-127.wav,97,string_acoustic_012,8,string,0,acoustic,50,127,16000,reverb
59.442932,-28.649408,string_acoustic_080-043-100,string_acoustic_080-043-100,/root/autodl-tmp/tokenizer-eval/data/nsynth/nsynth-valid/audio/string_acoustic_080-043-100.wav,675,string_acoustic_080,8,string,0,acoustic,43,100,16000,long_release|reverb
-9.3114395,-55.450134,brass_acoustic_006-040-025,brass_acoustic_006-040-025,/root/autodl-tmp/tokenizer-eval/data/nsynth/nsynth-valid/audio/brass_acoustic_006-040-025.wav,43,brass_acoustic_006,1,brass,0,acoustic,40,25,16000,reverb
24.821522,-9.38753,keyboard_electronic_001-056-100,keyboard_electronic_001-056-100,/root/autodl-tmp/tokenizer-eval/data/nsynth/nsynth-valid/audio/keyboard_electronic_001-056-100.wav,40,keyboard_electronic_001,4,keyboard,1,electronic,56,100,16000,
33.252842,-69.67885,flute_synthetic_000-035-100,flute_synthetic_000-035-100,/root/autodl-tmp/tokenizer-eval/data/nsynth/nsynth-valid/audio/flute_synthetic_000-035-100.wav,82,flute_synthetic_000,2,flute,2,synthetic,35,100,16000,distortion
-5.5159683,42.64684,keyboard_electronic_078-084-075,keyboard_electronic_078-084-075,/root/autodl-tmp/tokenizer-eval/data/nsynth/nsynth-valid/audio/keyboard_electronic_078-084-075.wav,838,keyboard_electronic_078,4,keyboard,1,electronic,84,75,16000,bright
58.43856,7.2868996,keyboard_acoustic_004-091-050,keyboard_acoustic_004-091-050,/root/autodl-tmp/tokenizer-eval/data/nsynth/nsynth-valid/audio/keyboard_acoustic_004-091-050.wav,327,keyboard_acoustic_004,4,keyboard,0,acoustic,91,50,16000,dark|reverb
64.182304,-33.36068,string_acoustic_012-053-100,string_acoustic_012-053-100,/root/autodl-tmp/tokenizer-eval/data/nsynth/nsynth-valid/audio/string_acoustic_012-053-100.wav,97,string_acoustic_012,8,string,0,acoustic,53,100,16000,reverb
-34.75213,28.766838,string_acoustic_057-084-075,string_acoustic_057-084-075,/root/autodl-tmp/tokenizer-eval/data/nsynth/nsynth-valid/audio/string_acoustic_057-084-075.wav,450,string_acoustic_057,8,string,0,acoustic,84,75,16000,bright|nonlinear_env|reverb
1.1634169,15.94935,bass_synthetic_033-096-050,bass_synthetic_033-096-050,/root/autodl-tmp/tokenizer-eval/data/nsynth/nsynth-valid/audio/bass_synthetic_033-096-050.wav,417,bass_synthetic_033,0,bass,2,synthetic,96,50,16000,
19.129692,-0.1066494,keyboard_acoustic_004-067-050,keyboard_acoustic_004-067-050,/root/autodl-tmp/tokenizer-eval/data/nsynth/nsynth-valid/audio/keyboard_acoustic_004-067-050.wav,327,keyboard_acoustic_004,4,keyboard,0,acoustic,67,50,16000,dark|reverb
7.9887238,77.53582,reed_acoustic_023-093-075,reed_acoustic_023-093-075,/root/autodl-tmp/tokenizer-eval/data/nsynth/nsynth-valid/audio/reed_acoustic_023-093-075.wav,224,reed_acoustic_023,7,reed,0,acoustic,93,75,16000,fast_decay|multiphonic|nonlinear_env
33.582325,-51.718346,guitar_acoustic_021-034-025,guitar_acoustic_021-034-025,/root/autodl-tmp/tokenizer-eval/data/nsynth/nsynth-valid/audio/guitar_acoustic_021-034-025.wav,457,guitar_acoustic_021,3,guitar,0,acoustic,34,25,16000,
16.686739,10.17263,keyboard_acoustic_004-070-127,keyboard_acoustic_004-070-127,/root/autodl-tmp/tokenizer-eval/data/nsynth/nsynth-valid/audio/keyboard_acoustic_004-070-127.wav,327,keyboard_acoustic_004,4,keyboard,0,acoustic,70,127,16000,reverb
-5.594909,0.15811881,keyboard_electronic_078-063-025,keyboard_electronic_078-063-025,/root/autodl-tmp/tokenizer-eval/data/nsynth/nsynth-valid/audio/keyboard_electronic_078-063-025.wav,838,keyboard_electronic_078,4,keyboard,1,electronic,63,25,16000,bright
37.320522,2.1085572,bass_electronic_018-058-127,bass_electronic_018-058-127,/root/autodl-tmp/tokenizer-eval/data/nsynth/nsynth-valid/audio/bass_electronic_018-058-127.wav,759,bass_electronic_018,0,bass,1,electronic,58,127,16000,
-22.792152,-71.40894,vocal_synthetic_003-031-075,vocal_synthetic_003-031-075,/root/autodl-tmp/tokenizer-eval/data/nsynth/nsynth-valid/audio/vocal_synthetic_003-031-075.wav,37,vocal_synthetic_003,10,vocal,2,synthetic,31,75,16000,distortion|long_release|nonlinear_env
-33.047615,-26.331568,vocal_acoustic_000-051-100,vocal_acoustic_000-051-100,/root/autodl-tmp/tokenizer-eval/data/nsynth/nsynth-valid/audio/vocal_acoustic_000-051-100.wav,46,vocal_acoustic_000,10,vocal,0,acoustic,51,100,16000,reverb
52.55944,9.658728,string_acoustic_014-062-050,string_acoustic_014-062-050,/root/autodl-tmp/tokenizer-eval/data/nsynth/nsynth-valid/audio/string_acoustic_014-062-050.wav,100,string_acoustic_014,8,string,0,acoustic,62,50,16000,dark|percussive|reverb
30.88943,-24.889591,keyboard_electronic_002-050-075,keyboard_electronic_002-050-075,/root/autodl-tmp/tokenizer-eval/data/nsynth/nsynth-valid/audio/keyboard_electronic_002-050-075.wav,50,keyboard_electronic_002,4,keyboard,1,electronic,50,75,16000,
30.77637,7.4324045,mallet_acoustic_062-061-127,mallet_acoustic_062-061-127,/root/autodl-tmp/tokenizer-eval/data/nsynth/nsynth-valid/audio/mallet_acoustic_062-061-127.wav,644,mallet_acoustic_062,5,mallet,0,acoustic,61,127,16000,dark|long_release|multiphonic
17.29203,-1.831149,guitar_electronic_028-067-127,guitar_electronic_028-067-127,/root/autodl-tmp/tokenizer-eval/data/nsynth/nsynth-valid/audio/guitar_electronic_028-067-127.wav,510,guitar_electronic_028,3,guitar,1,electronic,67,127,16000,
49.251614,-22.562935,guitar_acoustic_021-046-075,guitar_acoustic_021-046-075,/root/autodl-tmp/tokenizer-eval/data/nsynth/nsynth-valid/audio/guitar_acoustic_021-046-075.wav,457,guitar_acoustic_021,3,guitar,0,acoustic,46,75,16000,
-7.27399,40.171425,guitar_electronic_022-083-025,guitar_electronic_022-083-025,/root/autodl-tmp/tokenizer-eval/data/nsynth/nsynth-valid/audio/guitar_electronic_022-083-025.wav,378,guitar_electronic_022,3,guitar,1,electronic,83,25,16000,
-46.97318,12.289483,reed_acoustic_037-073-100,reed_acoustic_037-073-100,/root/autodl-tmp/tokenizer-eval/data/nsynth/nsynth-valid/audio/reed_acoustic_037-073-100.wav,387,reed_acoustic_037,7,reed,0,acoustic,73,100,16000,reverb
-35.50436,-31.146585,flute_synthetic_000-067-127,flute_synthetic_000-067-127,/root/autodl-tmp/tokenizer-eval/data/nsynth/nsynth-valid/audio/flute_synthetic_000-067-127.wav,82,flute_synthetic_000,2,flute,2,synthetic,67,127,16000,distortion
39.725845,-47.04622,keyboard_electronic_069-039-075,keyboard_electronic_069-039-075,/root/autodl-tmp/tokenizer-eval/data/nsynth/nsynth-valid/audio/keyboard_electronic_069-039-075.wav,805,keyboard_electronic_069,4,keyboard,1,electronic,39,75,16000,distortion
-5.918036,-58.268696,brass_acoustic_006-035-127,brass_acoustic_006-035-127,/root/autodl-tmp/tokenizer-eval/data/nsynth/nsynth-valid/audio/brass_acoustic_006-035-127.wav,43,brass_acoustic_006,1,brass,0,acoustic,35,127,16000,reverb
-61.9289,45.71741,vocal_synthetic_003-093-025,vocal_synthetic_003-093-025,/root/autodl-tmp/tokenizer-eval/data/nsynth/nsynth-valid/audio/vocal_synthetic_003-093-025.wav,37,vocal_synthetic_003,10,vocal,2,synthetic,93,25,16000,bright|distortion|long_release|nonlinear_env
42.98582,-18.418701,guitar_acoustic_015-039-050,guitar_acoustic_015-039-050,/root/autodl-tmp/tokenizer-eval/data/nsynth/nsynth-valid/audio/guitar_acoustic_015-039-050.wav,316,guitar_acoustic_015,3,guitar,0,acoustic,39,50,16000,reverb
49.77142,3.621262,string_acoustic_056-050-075,string_acoustic_056-050-075,/root/autodl-tmp/tokenizer-eval/data/nsynth/nsynth-valid/audio/string_acoustic_056-050-075.wav,436,string_acoustic_056,8,string,0,acoustic,50,75,16000,fast_decay|reverb
-66.76832,44.063046,vocal_synthetic_003-081-075,vocal_synthetic_003-081-075,/root/autodl-tmp/tokenizer-eval/data/nsynth/nsynth-valid/audio/vocal_synthetic_003-081-075.wav,37,vocal_synthetic_003,10,vocal,2,synthetic,81,75,16000,bright|distortion|long_release|nonlinear_env
-15.899038,-5.924822,brass_acoustic_016-059-100,brass_acoustic_016-059-100,/root/autodl-tmp/tokenizer-eval/data/nsynth/nsynth-valid/audio/brass_acoustic_016-059-100.wav,128,brass_acoustic_016,1,brass,0,acoustic,59,100,16000,bright
-35.93911,-60.0552,vocal_synthetic_003-047-075,vocal_synthetic_003-047-075,/root/autodl-tmp/tokenizer-eval/data/nsynth/nsynth-valid/audio/vocal_synthetic_003-047-075.wav,37,vocal_synthetic_003,10,vocal,2,synthetic,47,75,16000,distortion|long_release|nonlinear_env
-19.969347,-30.781994,vocal_acoustic_000-060-100,vocal_acoustic_000-060-100,/root/autodl-tmp/tokenizer-eval/data/nsynth/nsynth-valid/audio/vocal_acoustic_000-060-100.wav,46,vocal_acoustic_000,10,vocal,0,acoustic,60,100,16000,reverb
66.214134,-4.793726,guitar_acoustic_030-033-025,guitar_acoustic_030-033-025,/root/autodl-tmp/tokenizer-eval/data/nsynth/nsynth-valid/audio/guitar_acoustic_030-033-025.wav,642,guitar_acoustic_030,3,guitar,0,acoustic,33,25,16000,long_release|tempo-synced
-31.060297,35.841747,flute_acoustic_002-083-050,flute_acoustic_002-083-050,/root/autodl-tmp/tokenizer-eval/data/nsynth/nsynth-valid/audio/flute_acoustic_002-083-050.wav,86,flute_acoustic_002,2,flute,0,acoustic,83,50,16000,reverb
29.763397,91.07416,reed_acoustic_023-080-050,reed_acoustic_023-080-050,/root/autodl-tmp/tokenizer-eval/data/nsynth/nsynth-valid/audio/reed_acoustic_023-080-050.wav,224,reed_acoustic_023,7,reed,0,acoustic,80,50,16000,bright|fast_decay|multiphonic|nonlinear_env
32.816616,-75.720184,flute_synthetic_000-039-025,flute_synthetic_000-039-025,/root/autodl-tmp/tokenizer-eval/data/nsynth/nsynth-valid/audio/flute_synthetic_000-039-025.wav,82,flute_synthetic_000,2,flute,2,synthetic,39,25,16000,distortion
-49.046677,31.137604,bass_synthetic_009-078-127,bass_synthetic_009-078-127,/root/autodl-tmp/tokenizer-eval/data/nsynth/nsynth-valid/audio/bass_synthetic_009-078-127.wav,150,bass_synthetic_009,0,bass,2,synthetic,78,127,16000,bright|distortion|long_release
37.372696,-41.93699,guitar_acoustic_010-038-050,guitar_acoustic_010-038-050,/root/autodl-tmp/tokenizer-eval/data/nsynth/nsynth-valid/audio/guitar_acoustic_010-038-050.wav,219,guitar_acoustic_010,3,guitar,0,acoustic,38,50,16000,
-49.747936,12.922056,organ_electronic_007-061-127,organ_electronic_007-061-127,/root/autodl-tmp/tokenizer-eval/data/nsynth/nsynth-valid/audio/organ_electronic_007-061-127.wav,123,organ_electronic_007,6,organ,1,electronic,61,127,16000,distortion|long_release|nonlinear_env
27.155685,91.27253,reed_acoustic_023-087-050,reed_acoustic_023-087-050,/root/autodl-tmp/tokenizer-eval/data/nsynth/nsynth-valid/audio/reed_acoustic_023-087-050.wav,224,reed_acoustic_023,7,reed,0,acoustic,87,50,16000,fast_decay|multiphonic|nonlinear_env
22.313345,19.68787,keyboard_acoustic_004-072-050,keyboard_acoustic_004-072-050,/root/autodl-tmp/tokenizer-eval/data/nsynth/nsynth-valid/audio/keyboard_acoustic_004-072-050.wav,327,keyboard_acoustic_004,4,keyboard,0,acoustic,72,50,16000,dark|reverb
-42.094887,24.098259,flute_synthetic_000-086-100,flute_synthetic_000-086-100,/root/autodl-tmp/tokenizer-eval/data/nsynth/nsynth-valid/audio/flute_synthetic_000-086-100.wav,82,flute_synthetic_000,2,flute,2,synthetic,86,100,16000,distortion
31.046549,49.93053,mallet_acoustic_047-070-025,mallet_acoustic_047-070-025,/root/autodl-tmp/tokenizer-eval/data/nsynth/nsynth-valid/audio/mallet_acoustic_047-070-025.wav,488,mallet_acoustic_047,5,mallet,0,acoustic,70,25,16000,fast_decay|percussive|reverb
40.727627,-37.212574,guitar_electronic_022-043-100,guitar_electronic_022-043-100,/root/autodl-tmp/tokenizer-eval/data/nsynth/nsynth-valid/audio/guitar_electronic_022-043-100.wav,378,guitar_electronic_022,3,guitar,1,electronic,43,100,16000,dark
32.634712,90.62309,reed_acoustic_023-078-127,reed_acoustic_023-078-127,/root/autodl-tmp/tokenizer-eval/data/nsynth/nsynth-valid/audio/reed_acoustic_023-078-127.wav,224,reed_acoustic_023,7,reed,0,acoustic,78,127,16000,bright|fast_decay|multiphonic|nonlinear_env
-32.206543,-24.152727,vocal_acoustic_000-053-127,vocal_acoustic_000-053-127,/root/autodl-tmp/tokenizer-eval/data/nsynth/nsynth-valid/audio/vocal_acoustic_000-053-127.wav,46,vocal_acoustic_000,10,vocal,0,acoustic,53,127,16000,reverb
13.577088,77.29155,reed_acoustic_023-083-100,reed_acoustic_023-083-100,/root/autodl-tmp/tokenizer-eval/data/nsynth/nsynth-valid/audio/reed_acoustic_023-083-100.wav,224,reed_acoustic_023,7,reed,0,acoustic,83,100,16000,bright|fast_decay|multiphonic|nonlinear_env
2.8482115,-29.49902,organ_electronic_001-067-127,organ_electronic_001-067-127,/root/autodl-tmp/tokenizer-eval/data/nsynth/nsynth-valid/audio/organ_electronic_001-067-127.wav,8,organ_electronic_001,6,organ,1,electronic,67,127,16000,
17.957844,59.82203,guitar_acoustic_014-096-050,guitar_acoustic_014-096-050,/root/autodl-tmp/tokenizer-eval/data/nsynth/nsynth-valid/audio/guitar_acoustic_014-096-050.wav,263,guitar_acoustic_014,3,guitar,0,acoustic,96,50,16000,fast_decay|percussive
-34.634274,48.4555,flute_synthetic_000-091-127,flute_synthetic_000-091-127,/root/autodl-tmp/tokenizer-eval/data/nsynth/nsynth-valid/audio/flute_synthetic_000-091-127.wav,82,flute_synthetic_000,2,flute,2,synthetic,91,127,16000,distortion
-32.06036,-35.50079,flute_synthetic_000-064-050,flute_synthetic_000-064-050,/root/autodl-tmp/tokenizer-eval/data/nsynth/nsynth-valid/audio/flute_synthetic_000-064-050.wav,82,flute_synthetic_000,2,flute,2,synthetic,64,50,16000,distortion
-84.09822,-27.97899,bass_synthetic_098-080-127,bass_synthetic_098-080-127,/root/autodl-tmp/tokenizer-eval/data/nsynth/nsynth-valid/audio/bass_synthetic_098-080-127.wav,803,bass_synthetic_098,0,bass,2,synthetic,80,127,16000,
-7.371359,-46.75897,reed_acoustic_037-034-050,reed_acoustic_037-034-050,/root/autodl-tmp/tokenizer-eval/data/nsynth/nsynth-valid/audio/reed_acoustic_037-034-050.wav,387,reed_acoustic_037,7,reed,0,acoustic,34,50,16000,reverb
-30.290648,5.121312,flute_synthetic_000-079-075,flute_synthetic_000-079-075,/root/autodl-tmp/tokenizer-eval/data/nsynth/nsynth-valid/audio/flute_synthetic_000-079-075.wav,82,flute_synthetic_000,2,flute,2,synthetic,79,75,16000,distortion
-22.293503,6.969559,brass_acoustic_016-078-025,brass_acoustic_016-078-025,/root/autodl-tmp/tokenizer-eval/data/nsynth/nsynth-valid/audio/brass_acoustic_016-078-025.wav,128,brass_acoustic_016,1,brass,0,acoustic,78,25,16000,bright
-6.562944,-36.21209,brass_acoustic_015-044-100,brass_acoustic_015-044-100,/root/autodl-tmp/tokenizer-eval/data/nsynth/nsynth-valid/audio/brass_acoustic_015-044-100.wav,121,brass_acoustic_015,1,brass,0,acoustic,44,100,16000,reverb
-44.72956,28.110113,organ_electronic_113-076-127,organ_electronic_113-076-127,/root/autodl-tmp/tokenizer-eval/data/nsynth/nsynth-valid/audio/organ_electronic_113-076-127.wav,958,organ_electronic_113,6,organ,1,electronic,76,127,16000,
6.829749,3.9843273,keyboard_electronic_078-066-075,keyboard_electronic_078-066-075,/root/autodl-tmp/tokenizer-eval/data/nsynth/nsynth-valid/audio/keyboard_electronic_078-066-075.wav,838,keyboard_electronic_078,4,keyboard,1,electronic,66,75,16000,bright
6.117027,-27.226599,organ_electronic_057-056-075,organ_electronic_057-056-075,/root/autodl-tmp/tokenizer-eval/data/nsynth/nsynth-valid/audio/organ_electronic_057-056-075.wav,701,organ_electronic_057,6,organ,1,electronic,56,75,16000,dark
-8.512549,-54.337685,brass_acoustic_006-042-025,brass_acoustic_006-042-025,/root/autodl-tmp/tokenizer-eval/data/nsynth/nsynth-valid/audio/brass_acoustic_006-042-025.wav,43,brass_acoustic_006,1,brass,0,acoustic,42,25,16000,reverb
-31.874725,35.38565,reed_acoustic_018-083-025,reed_acoustic_018-083-025,/root/autodl-tmp/tokenizer-eval/data/nsynth/nsynth-valid/audio/reed_acoustic_018-083-025.wav,183,reed_acoustic_018,7,reed,0,acoustic,83,25,16000,
-41.7213,-10.524172,string_acoustic_057-057-127,string_acoustic_057-057-127,/root/autodl-tmp/tokenizer-eval/data/nsynth/nsynth-valid/audio/string_acoustic_057-057-127.wav,450,string_acoustic_057,8,string,0,acoustic,57,127,16000,nonlinear_env|reverb
14.680537,-25.325735,organ_electronic_001-043-050,organ_electronic_001-043-050,/root/autodl-tmp/tokenizer-eval/data/nsynth/nsynth-valid/audio/organ_electronic_001-043-050.wav,8,organ_electronic_001,6,organ,1,electronic,43,50,16000,dark
16.980639,57.767365,guitar_acoustic_014-090-127,guitar_acoustic_014-090-127,/root/autodl-tmp/tokenizer-eval/data/nsynth/nsynth-valid/audio/guitar_acoustic_014-090-127.wav,263,guitar_acoustic_014,3,guitar,0,acoustic,90,127,16000,fast_decay|percussive
33.068783,-45.08426,guitar_electronic_022-033-075,guitar_electronic_022-033-075,/root/autodl-tmp/tokenizer-eval/data/nsynth/nsynth-valid/audio/guitar_electronic_022-033-075.wav,378,guitar_electronic_022,3,guitar,1,electronic,33,75,16000,dark
-15.245511,-31.099504,brass_acoustic_015-060-050,brass_acoustic_015-060-050,/root/autodl-tmp/tokenizer-eval/data/nsynth/nsynth-valid/audio/brass_acoustic_015-060-050.wav,121,brass_acoustic_015,1,brass,0,acoustic,60,50,16000,reverb
-27.274805,44.87602,brass_acoustic_046-079-127,brass_acoustic_046-079-127,/root/autodl-tmp/tokenizer-eval/data/nsynth/nsynth-valid/audio/brass_acoustic_046-079-127.wav,414,brass_acoustic_046,1,brass,0,acoustic,79,127,16000,
24.882565,45.816772,mallet_acoustic_047-081-025,mallet_acoustic_047-081-025,/root/autodl-tmp/tokenizer-eval/data/nsynth/nsynth-valid/audio/mallet_acoustic_047-081-025.wav,488,mallet_acoustic_047,5,mallet,0,acoustic,81,25,16000,fast_decay|percussive|reverb
-1.3725125,46.457474,bass_synthetic_068-086-075,bass_synthetic_068-086-075,/root/autodl-tmp/tokenizer-eval/data/nsynth/nsynth-valid/audio/bass_synthetic_068-086-075.wav,656,bass_synthetic_068,0,bass,2,synthetic,86,75,16000,fast_decay
27.637796,42.364754,string_acoustic_056-078-025,string_acoustic_056-078-025,/root/autodl-tmp/tokenizer-eval/data/nsynth/nsynth-valid/audio/string_acoustic_056-078-025.wav,436,string_acoustic_056,8,string,0,acoustic,78,25,16000,fast_decay|percussive|reverb
-26.609114,58.714077,organ_electronic_028-089-127,organ_electronic_028-089-127,/root/autodl-tmp/tokenizer-eval/data/nsynth/nsynth-valid/audio/organ_electronic_028-089-127.wav,440,organ_electronic_028,6,organ,1,electronic,89,127,16000,bright|long_release
18.436306,-80.42429,flute_synthetic_000-047-025,flute_synthetic_000-047-025,/root/autodl-tmp/tokenizer-eval/data/nsynth/nsynth-valid/audio/flute_synthetic_000-047-025.wav,82,flute_synthetic_000,2,flute,2,synthetic,47,25,16000,distortion
38.618202,-44.137554,guitar_electronic_022-040-025,guitar_electronic_022-040-025,/root/autodl-tmp/tokenizer-eval/data/nsynth/nsynth-valid/audio/guitar_electronic_022-040-025.wav,378,guitar_electronic_022,3,guitar,1,electronic,40,25,16000,dark
-9.303302,43.790432,keyboard_electronic_069-084-075,keyboard_electronic_069-084-075,/root/autodl-tmp/tokenizer-eval/data/nsynth/nsynth-valid/audio/keyboard_electronic_069-084-075.wav,805,keyboard_electronic_069,4,keyboard,1,electronic,84,75,16000,distortion
3.4022112,37.335907,mallet_acoustic_056-081-025,mallet_acoustic_056-081-025,/root/autodl-tmp/tokenizer-eval/data/nsynth/nsynth-valid/audio/mallet_acoustic_056-081-025.wav,590,mallet_acoustic_056,5,mallet,0,acoustic,81,25,16000,fast_decay
-4.626456,51.271965,guitar_electronic_028-087-100,guitar_electronic_028-087-100,/root/autodl-tmp/tokenizer-eval/data/nsynth/nsynth-valid/audio/guitar_electronic_028-087-100.wav,510,guitar_electronic_028,3,guitar,1,electronic,87,100,16000,
32.715122,-74.09422,flute_synthetic_000-038-127,flute_synthetic_000-038-127,/root/autodl-tmp/tokenizer-eval/data/nsynth/nsynth-valid/audio/flute_synthetic_000-038-127.wav,82,flute_synthetic_000,2,flute,2,synthetic,38,127,16000,distortion
-30.331633,-66.575485,vocal_synthetic_003-040-100,vocal_synthetic_003-040-100,/root/autodl-tmp/tokenizer-eval/data/nsynth/nsynth-valid/audio/vocal_synthetic_003-040-100.wav,37,vocal_synthetic_003,10,vocal,2,synthetic,40,100,16000,bright|distortion|long_release|nonlinear_env
6.735878,56.968395,keyboard_electronic_098-092-050,keyboard_electronic_098-092-050,/root/autodl-tmp/tokenizer-eval/data/nsynth/nsynth-valid/audio/keyboard_electronic_098-092-050.wav,905,keyboard_electronic_098,4,keyboard,1,electronic,92,50,16000,fast_decay|percussive
9.174561,81.49332,reed_acoustic_023-090-100,reed_acoustic_023-090-100,/root/autodl-tmp/tokenizer-eval/data/nsynth/nsynth-valid/audio/reed_acoustic_023-090-100.wav,224,reed_acoustic_023,7,reed,0,acoustic,90,100,16000,fast_decay|multiphonic|nonlinear_env
30.271608,-19.537415,bass_electronic_018-053-100,bass_electronic_018-053-100,/root/autodl-tmp/tokenizer-eval/data/nsynth/nsynth-valid/audio/bass_electronic_018-053-100.wav,759,bass_electronic_018,0,bass,1,electronic,53,100,16000,
-16.481852,-2.1305563,brass_acoustic_016-072-075,brass_acoustic_016-072-075,/root/autodl-tmp/tokenizer-eval/data/nsynth/nsynth-valid/audio/brass_acoustic_016-072-075.wav,128,brass_acoustic_016,1,brass,0,acoustic,72,75,16000,bright
-27.437292,45.822517,reed_acoustic_018-079-025,reed_acoustic_018-079-025,/root/autodl-tmp/tokenizer-eval/data/nsynth/nsynth-valid/audio/reed_acoustic_018-079-025.wav,183,reed_acoustic_018,7,reed,0,acoustic,79,25,16000,
8.966857,57.96988,bass_synthetic_068-094-050,bass_synthetic_068-094-050,/root/autodl-tmp/tokenizer-eval/data/nsynth/nsynth-valid/audio/bass_synthetic_068-094-050.wav,656,bass_synthetic_068,0,bass,2,synthetic,94,50,16000,fast_decay|percussive
-19.586504,-28.279491,string_acoustic_057-061-075,string_acoustic_057-061-075,/root/autodl-tmp/tokenizer-eval/data/nsynth/nsynth-valid/audio/string_acoustic_057-061-075.wav,450,string_acoustic_057,8,string,0,acoustic,61,75,16000,bright|nonlinear_env|reverb
23.745434,82.60445,keyboard_synthetic_000-064-050,keyboard_synthetic_000-064-050,/root/autodl-tmp/tokenizer-eval/data/nsynth/nsynth-valid/audio/keyboard_synthetic_000-064-050.wav,577,keyboard_synthetic_000,4,keyboard,2,synthetic,64,50,16000,distortion|fast_decay|nonlinear_env
56.359364,-25.407446,organ_electronic_028-045-025,organ_electronic_028-045-025,/root/autodl-tmp/tokenizer-eval/data/nsynth/nsynth-valid/audio/organ_electronic_028-045-025.wav,440,organ_electronic_028,6,organ,1,electronic,45,25,16000,dark
5.913365,25.356205,bass_synthetic_068-076-100,bass_synthetic_068-076-100,/root/autodl-tmp/tokenizer-eval/data/nsynth/nsynth-valid/audio/bass_synthetic_068-076-100.wav,656,bass_synthetic_068,0,bass,2,synthetic,76,100,16000,
-29.302727,-68.53307,vocal_synthetic_003-038-127,vocal_synthetic_003-038-127,/root/autodl-tmp/tokenizer-eval/data/nsynth/nsynth-valid/audio/vocal_synthetic_003-038-127.wav,37,vocal_synthetic_003,10,vocal,2,synthetic,38,127,16000,bright|distortion|long_release|nonlinear_env
-16.033113,-30.09781,reed_acoustic_037-060-050,reed_acoustic_037-060-050,/root/autodl-tmp/tokenizer-eval/data/nsynth/nsynth-valid/audio/reed_acoustic_037-060-050.wav,387,reed_acoustic_037,7,reed,0,acoustic,60,50,16000,reverb
-12.37434,-42.82581,reed_acoustic_037-051-100,reed_acoustic_037-051-100,/root/autodl-tmp/tokenizer-eval/data/nsynth/nsynth-valid/audio/reed_acoustic_037-051-100.wav,387,reed_acoustic_037,7,reed,0,acoustic,51,100,16000,reverb
58.27139,-4.246143,mallet_acoustic_062-039-050,mallet_acoustic_062-039-050,/root/autodl-tmp/tokenizer-eval/data/nsynth/nsynth-valid/audio/mallet_acoustic_062-039-050.wav,644,mallet_acoustic_062,5,mallet,0,acoustic,39,50,16000,dark|multiphonic
45.31915,30.051485,mallet_acoustic_056-051-050,mallet_acoustic_056-051-050,/root/autodl-tmp/tokenizer-eval/data/nsynth/nsynth-valid/audio/mallet_acoustic_056-051-050.wav,590,mallet_acoustic_056,5,mallet,0,acoustic,51,50,16000,fast_decay|percussive
14.661942,-81.50774,flute_synthetic_000-049-127,flute_synthetic_000-049-127,/root/autodl-tmp/tokenizer-eval/data/nsynth/nsynth-valid/audio/flute_synthetic_000-049-127.wav,82,flute_synthetic_000,2,flute,2,synthetic,49,127,16000,distortion
16.738207,-7.1210055,bass_synthetic_033-057-025,bass_synthetic_033-057-025,/root/autodl-tmp/tokenizer-eval/data/nsynth/nsynth-valid/audio/bass_synthetic_033-057-025.wav,417,bass_synthetic_033,0,bass,2,synthetic,57,25,16000,dark
-26.84118,3.2180402,flute_synthetic_000-077-127,flute_synthetic_000-077-127,/root/autodl-tmp/tokenizer-eval/data/nsynth/nsynth-valid/audio/flute_synthetic_000-077-127.wav,82,flute_synthetic_000,2,flute,2,synthetic,77,127,16000,distortion
-47.166576,-33.51864,bass_synthetic_009-066-127,bass_synthetic_009-066-127,/root/autodl-tmp/tokenizer-eval/data/nsynth/nsynth-valid/audio/bass_synthetic_009-066-127.wav,150,bass_synthetic_009,0,bass,2,synthetic,66,127,16000,bright|distortion|long_release
16.480167,56.9368,guitar_acoustic_021-089-075,guitar_acoustic_021-089-075,/root/autodl-tmp/tokenizer-eval/data/nsynth/nsynth-valid/audio/guitar_acoustic_021-089-075.wav,457,guitar_acoustic_021,3,guitar,0,acoustic,89,75,16000,fast_decay|percussive
42.892593,72.85369,reed_acoustic_023-056-100,reed_acoustic_023-056-100,/root/autodl-tmp/tokenizer-eval/data/nsynth/nsynth-valid/audio/reed_acoustic_023-056-100.wav,224,reed_acoustic_023,7,reed,0,acoustic,56,100,16000,bright|fast_decay|multiphonic|nonlinear_env
56.622612,-17.392311,bass_synthetic_134-044-025,bass_synthetic_134-044-025,/root/autodl-tmp/tokenizer-eval/data/nsynth/nsynth-valid/audio/bass_synthetic_134-044-025.wav,914,bass_synthetic_134,0,bass,2,synthetic,44,25,16000,dark|reverb
-45.747124,-21.025162,brass_acoustic_015-068-100,brass_acoustic_015-068-100,/root/autodl-tmp/tokenizer-eval/data/nsynth/nsynth-valid/audio/brass_acoustic_015-068-100.wav,121,brass_acoustic_015,1,brass,0,acoustic,68,100,16000,reverb
-9.911919,1.5587498,reed_acoustic_018-063-100,reed_acoustic_018-063-100,/root/autodl-tmp/tokenizer-eval/data/nsynth/nsynth-valid/audio/reed_acoustic_018-063-100.wav,183,reed_acoustic_018,7,reed,0,acoustic,63,100,16000,
-90.50802,-25.866116,bass_synthetic_098-043-100,bass_synthetic_098-043-100,/root/autodl-tmp/tokenizer-eval/data/nsynth/nsynth-valid/audio/bass_synthetic_098-043-100.wav,803,bass_synthetic_098,0,bass,2,synthetic,43,100,16000,distortion
-32.092346,36.149055,brass_acoustic_046-083-050,brass_acoustic_046-083-050,/root/autodl-tmp/tokenizer-eval/data/nsynth/nsynth-valid/audio/brass_acoustic_046-083-050.wav,414,brass_acoustic_046,1,brass,0,acoustic,83,50,16000,
13.769665,52.935806,mallet_acoustic_062-090-025,mallet_acoustic_062-090-025,/root/autodl-tmp/tokenizer-eval/data/nsynth/nsynth-valid/audio/mallet_acoustic_062-090-025.wav,644,mallet_acoustic_062,5,mallet,0,acoustic,90,25,16000,fast_decay|multiphonic|percussive
-26.747725,-20.22775,string_acoustic_057-065-075,string_acoustic_057-065-075,/root/autodl-tmp/tokenizer-eval/data/nsynth/nsynth-valid/audio/string_acoustic_057-065-075.wav,450,string_acoustic_057,8,string,0,acoustic,65,75,16000,bright|nonlinear_env|reverb
-34.91769,-11.609297,flute_synthetic_000-068-025,flute_synthetic_000-068-025,/root/autodl-tmp/tokenizer-eval/data/nsynth/nsynth-valid/audio/flute_synthetic_000-068-025.wav,82,flute_synthetic_000,2,flute,2,synthetic,68,25,16000,distortion
16.133867,-27.418634,organ_electronic_057-047-025,organ_electronic_057-047-025,/root/autodl-tmp/tokenizer-eval/data/nsynth/nsynth-valid/audio/organ_electronic_057-047-025.wav,701,organ_electronic_057,6,organ,1,electronic,47,25,16000,dark
44.58125,-33.418068,keyboard_electronic_003-044-075,keyboard_electronic_003-044-075,/root/autodl-tmp/tokenizer-eval/data/nsynth/nsynth-valid/audio/keyboard_electronic_003-044-075.wav,65,keyboard_electronic_003,4,keyboard,1,electronic,44,75,16000,distortion
-19.016872,37.804775,flute_acoustic_002-081-100,flute_acoustic_002-081-100,/root/autodl-tmp/tokenizer-eval/data/nsynth/nsynth-valid/audio/flute_acoustic_002-081-100.wav,86,flute_acoustic_002,2,flute,0,acoustic,81,100,16000,reverb
52.07645,-18.05375,string_acoustic_056-046-100,string_acoustic_056-046-100,/root/autodl-tmp/tokenizer-eval/data/nsynth/nsynth-valid/audio/string_acoustic_056-046-100.wav,436,string_acoustic_056,8,string,0,acoustic,46,100,16000,reverb
-51.389317,-43.70633,vocal_synthetic_003-060-025,vocal_synthetic_003-060-025,/root/autodl-tmp/tokenizer-eval/data/nsynth/nsynth-valid/audio/vocal_synthetic_003-060-025.wav,37,vocal_synthetic_003,10,vocal,2,synthetic,60,25,16000,bright|distortion|long_release|nonlinear_env
-40.80751,-7.1657414,string_acoustic_057-070-075,string_acoustic_057-070-075,/root/autodl-tmp/tokenizer-eval/data/nsynth/nsynth-valid/audio/string_acoustic_057-070-075.wav,450,string_acoustic_057,8,string,0,acoustic,70,75,16000,bright|nonlinear_env|reverb
54.01545,-7.6099916,mallet_acoustic_062-043-050,mallet_acoustic_062-043-050,/root/autodl-tmp/tokenizer-eval/data/nsynth/nsynth-valid/audio/mallet_acoustic_062-043-050.wav,644,mallet_acoustic_062,5,mallet,0,acoustic,43,50,16000,dark|multiphonic
8.358552,78.644165,reed_acoustic_023-092-127,reed_acoustic_023-092-127,/root/autodl-tmp/tokenizer-eval/data/nsynth/nsynth-valid/audio/reed_acoustic_023-092-127.wav,224,reed_acoustic_023,7,reed,0,acoustic,92,127,16000,fast_decay|multiphonic|nonlinear_env
-89.01486,-81.233635,brass_acoustic_046-092-025,brass_acoustic_046-092-025,/root/autodl-tmp/tokenizer-eval/data/nsynth/nsynth-valid/audio/brass_acoustic_046-092-025.wav,414,brass_acoustic_046,1,brass,0,acoustic,92,25,16000,long_release
20.353344,-10.092771,guitar_acoustic_014-056-127,guitar_acoustic_014-056-127,/root/autodl-tmp/tokenizer-eval/data/nsynth/nsynth-valid/audio/guitar_acoustic_014-056-127.wav,263,guitar_acoustic_014,3,guitar,0,acoustic,56,127,16000,
-0.8698322,-41.114998,organ_electronic_007-048-050,organ_electronic_007-048-050,/root/autodl-tmp/tokenizer-eval/data/nsynth/nsynth-valid/audio/organ_electronic_007-048-050.wav,123,organ_electronic_007,6,organ,1,electronic,48,50,16000,distortion|long_release|nonlinear_env
27.150322,80.43643,keyboard_synthetic_000-058-025,keyboard_synthetic_000-058-025,/root/autodl-tmp/tokenizer-eval/data/nsynth/nsynth-valid/audio/keyboard_synthetic_000-058-025.wav,577,keyboard_synthetic_000,4,keyboard,2,synthetic,58,25,16000,distortion|fast_decay|nonlinear_env
-43.97078,1.2861702,reed_acoustic_011-071-100,reed_acoustic_011-071-100,/root/autodl-tmp/tokenizer-eval/data/nsynth/nsynth-valid/audio/reed_acoustic_011-071-100.wav,104,reed_acoustic_011,7,reed,0,acoustic,71,100,16000,
-61.82457,40.635914,vocal_synthetic_003-095-050,vocal_synthetic_003-095-050,/root/autodl-tmp/tokenizer-eval/data/nsynth/nsynth-valid/audio/vocal_synthetic_003-095-050.wav,37,vocal_synthetic_003,10,vocal,2,synthetic,95,50,16000,bright|distortion|long_release|nonlinear_env
-89.01486,-81.233635,brass_acoustic_046-093-127,brass_acoustic_046-093-127,/root/autodl-tmp/tokenizer-eval/data/nsynth/nsynth-valid/audio/brass_acoustic_046-093-127.wav,414,brass_acoustic_046,1,brass,0,acoustic,93,127,16000,long_release
12.576073,57.819153,guitar_acoustic_014-086-050,guitar_acoustic_014-086-050,/root/autodl-tmp/tokenizer-eval/data/nsynth/nsynth-valid/audio/guitar_acoustic_014-086-050.wav,263,guitar_acoustic_014,3,guitar,0,acoustic,86,50,16000,fast_decay|percussive
-18.438255,39.892864,brass_acoustic_016-081-025,brass_acoustic_016-081-025,/root/autodl-tmp/tokenizer-eval/data/nsynth/nsynth-valid/audio/brass_acoustic_016-081-025.wav,128,brass_acoustic_016,1,brass,0,acoustic,81,25,16000,bright
16.85553,25.627235,keyboard_electronic_069-074-100,keyboard_electronic_069-074-100,/root/autodl-tmp/tokenizer-eval/data/nsynth/nsynth-valid/audio/keyboard_electronic_069-074-100.wav,805,keyboard_electronic_069,4,keyboard,1,electronic,74,100,16000,distortion
59.939808,-18.655714,guitar_acoustic_030-041-100,guitar_acoustic_030-041-100,/root/autodl-tmp/tokenizer-eval/data/nsynth/nsynth-valid/audio/guitar_acoustic_030-041-100.wav,642,guitar_acoustic_030,3,guitar,0,acoustic,41,100,16000,long_release|tempo-synced
-62.72761,34.988495,vocal_synthetic_003-084-127,vocal_synthetic_003-084-127,/root/autodl-tmp/tokenizer-eval/data/nsynth/nsynth-valid/audio/vocal_synthetic_003-084-127.wav,37,vocal_synthetic_003,10,vocal,2,synthetic,84,127,16000,bright|distortion|long_release|nonlinear_env
28.104685,1.3165684,guitar_acoustic_010-060-075,guitar_acoustic_010-060-075,/root/autodl-tmp/tokenizer-eval/data/nsynth/nsynth-valid/audio/guitar_acoustic_010-060-075.wav,219,guitar_acoustic_010,3,guitar,0,acoustic,60,75,16000,
-20.26672,37.83848,string_acoustic_057-081-050,string_acoustic_057-081-050,/root/autodl-tmp/tokenizer-eval/data/nsynth/nsynth-valid/audio/string_acoustic_057-081-050.wav,450,string_acoustic_057,8,string,0,acoustic,81,50,16000,bright|nonlinear_env|reverb
56.161438,-27.513279,organ_electronic_028-048-100,organ_electronic_028-048-100,/root/autodl-tmp/tokenizer-eval/data/nsynth/nsynth-valid/audio/organ_electronic_028-048-100.wav,440,organ_electronic_028,6,organ,1,electronic,48,100,16000,dark
-6.180451,-33.240658,brass_acoustic_015-053-100,brass_acoustic_015-053-100,/root/autodl-tmp/tokenizer-eval/data/nsynth/nsynth-valid/audio/brass_acoustic_015-053-100.wav,121,brass_acoustic_015,1,brass,0,acoustic,53,100,16000,reverb
-62.707005,9.315916,vocal_synthetic_003-072-127,vocal_synthetic_003-072-127,/root/autodl-tmp/tokenizer-eval/data/nsynth/nsynth-valid/audio/vocal_synthetic_003-072-127.wav,37,vocal_synthetic_003,10,vocal,2,synthetic,72,127,16000,bright|distortion|long_release|nonlinear_env
25.431694,-55.402355,string_acoustic_012-038-025,string_acoustic_012-038-025,/root/autodl-tmp/tokenizer-eval/data/nsynth/nsynth-valid/audio/string_acoustic_012-038-025.wav,97,string_acoustic_012,8,string,0,acoustic,38,25,16000,long_release|reverb
61.770504,-12.65385,bass_electronic_025-035-075,bass_electronic_025-035-075,/root/autodl-tmp/tokenizer-eval/data/nsynth/nsynth-valid/audio/bass_electronic_025-035-075.wav,872,bass_electronic_025,0,bass,1,electronic,35,75,16000,
-30.274176,16.483953,flute_acoustic_002-086-050,flute_acoustic_002-086-050,/root/autodl-tmp/tokenizer-eval/data/nsynth/nsynth-valid/audio/flute_acoustic_002-086-050.wav,86,flute_acoustic_002,2,flute,0,acoustic,86,50,16000,reverb
-48.08483,-41.94957,vocal_synthetic_003-062-127,vocal_synthetic_003-062-127,/root/autodl-tmp/tokenizer-eval/data/nsynth/nsynth-valid/audio/vocal_synthetic_003-062-127.wav,37,vocal_synthetic_003,10,vocal,2,synthetic,62,127,16000,bright|distortion|long_release|nonlinear_env
11.711785,-36.391537,organ_electronic_104-051-075,organ_electronic_104-051-075,/root/autodl-tmp/tokenizer-eval/data/nsynth/nsynth-valid/audio/organ_electronic_104-051-075.wav,921,organ_electronic_104,6,organ,1,electronic,51,75,16000,
17.27886,9.585708,keyboard_electronic_002-070-075,keyboard_electronic_002-070-075,/root/autodl-tmp/tokenizer-eval/data/nsynth/nsynth-valid/audio/keyboard_electronic_002-070-075.wav,50,keyboard_electronic_002,4,keyboard,1,electronic,70,75,16000,
57.508034,-16.742695,guitar_acoustic_030-041-050,guitar_acoustic_030-041-050,/root/autodl-tmp/tokenizer-eval/data/nsynth/nsynth-valid/audio/guitar_acoustic_030-041-050.wav,642,guitar_acoustic_030,3,guitar,0,acoustic,41,50,16000,tempo-synced
63.67564,-6.8812566,mallet_acoustic_062-035-100,mallet_acoustic_062-035-100,/root/autodl-tmp/tokenizer-eval/data/nsynth/nsynth-valid/audio/mallet_acoustic_062-035-100.wav,644,mallet_acoustic_062,5,mallet,0,acoustic,35,100,16000,dark|long_release|multiphonic
-11.931574,-40.439835,reed_acoustic_037-049-075,reed_acoustic_037-049-075,/root/autodl-tmp/tokenizer-eval/data/nsynth/nsynth-valid/audio/reed_acoustic_037-049-075.wav,387,reed_acoustic_037,7,reed,0,acoustic,49,75,16000,reverb
-32.407967,25.258549,brass_acoustic_006-085-075,brass_acoustic_006-085-075,/root/autodl-tmp/tokenizer-eval/data/nsynth/nsynth-valid/audio/brass_acoustic_006-085-075.wav,43,brass_acoustic_006,1,brass,0,acoustic,85,75,16000,reverb
-10.019349,-37.74238,reed_acoustic_037-050-025,reed_acoustic_037-050-025,/root/autodl-tmp/tokenizer-eval/data/nsynth/nsynth-valid/audio/reed_acoustic_037-050-025.wav,387,reed_acoustic_037,7,reed,0,acoustic,50,25,16000,reverb
-40.087776,22.28874,flute_synthetic_000-084-127,flute_synthetic_000-084-127,/root/autodl-tmp/tokenizer-eval/data/nsynth/nsynth-valid/audio/flute_synthetic_000-084-127.wav,82,flute_synthetic_000,2,flute,2,synthetic,84,127,16000,distortion
5.561252,-33.055042,organ_electronic_001-053-100,organ_electronic_001-053-100,/root/autodl-tmp/tokenizer-eval/data/nsynth/nsynth-valid/audio/organ_electronic_001-053-100.wav,8,organ_electronic_001,6,organ,1,electronic,53,100,16000,dark
2.895394,-14.847069,keyboard_electronic_003-059-100,keyboard_electronic_003-059-100,/root/autodl-tmp/tokenizer-eval/data/nsynth/nsynth-valid/audio/keyboard_electronic_003-059-100.wav,65,keyboard_electronic_003,4,keyboard,1,electronic,59,100,16000,
27.752085,-43.14498,organ_electronic_007-034-100,organ_electronic_007-034-100,/root/autodl-tmp/tokenizer-eval/data/nsynth/nsynth-valid/audio/organ_electronic_007-034-100.wav,123,organ_electronic_007,6,organ,1,electronic,34,100,16000,distortion|long_release|nonlinear_env
-18.424902,-1.1960317,brass_acoustic_016-070-075,brass_acoustic_016-070-075,/root/autodl-tmp/tokenizer-eval/data/nsynth/nsynth-valid/audio/brass_acoustic_016-070-075.wav,128,brass_acoustic_016,1,brass,0,acoustic,70,75,16000,bright
-61.526924,43.107468,vocal_synthetic_003-094-025,vocal_synthetic_003-094-025,/root/autodl-tmp/tokenizer-eval/data/nsynth/nsynth-valid/audio/vocal_synthetic_003-094-025.wav,37,vocal_synthetic_003,10,vocal,2,synthetic,94,25,16000,bright|distortion|long_release|nonlinear_env
0.14690632,27.4227,keyboard_electronic_001-078-100,keyboard_electronic_001-078-100,/root/autodl-tmp/tokenizer-eval/data/nsynth/nsynth-valid/audio/keyboard_electronic_001-078-100.wav,40,keyboard_electronic_001,4,keyboard,1,electronic,78,100,16000,
-42.17239,25.992208,flute_synthetic_000-087-025,flute_synthetic_000-087-025,/root/autodl-tmp/tokenizer-eval/data/nsynth/nsynth-valid/audio/flute_synthetic_000-087-025.wav,82,flute_synthetic_000,2,flute,2,synthetic,87,25,16000,distortion
18.877195,23.53687,keyboard_electronic_069-072-025,keyboard_electronic_069-072-025,/root/autodl-tmp/tokenizer-eval/data/nsynth/nsynth-valid/audio/keyboard_electronic_069-072-025.wav,805,keyboard_electronic_069,4,keyboard,1,electronic,72,25,16000,distortion
32.784706,-74.008575,flute_synthetic_000-038-075,flute_synthetic_000-038-075,/root/autodl-tmp/tokenizer-eval/data/nsynth/nsynth-valid/audio/flute_synthetic_000-038-075.wav,82,flute_synthetic_000,2,flute,2,synthetic,38,75,16000,distortion
34.21583,47.914135,mallet_acoustic_047-088-025,mallet_acoustic_047-088-025,/root/autodl-tmp/tokenizer-eval/data/nsynth/nsynth-valid/audio/mallet_acoustic_047-088-025.wav,488,mallet_acoustic_047,5,mallet,0,acoustic,88,25,16000,fast_decay|percussive|reverb
-49.796543,-21.601614,organ_electronic_007-068-100,organ_electronic_007-068-100,/root/autodl-tmp/tokenizer-eval/data/nsynth/nsynth-valid/audio/organ_electronic_007-068-100.wav,123,organ_electronic_007,6,organ,1,electronic,68,100,16000,distortion|long_release|nonlinear_env
-32.58075,-24.163208,vocal_acoustic_000-053-025,vocal_acoustic_000-053-025,/root/autodl-tmp/tokenizer-eval/data/nsynth/nsynth-valid/audio/vocal_acoustic_000-053-025.wav,46,vocal_acoustic_000,10,vocal,0,acoustic,53,25,16000,reverb
-39.872757,42.19323,organ_electronic_001-094-127,organ_electronic_001-094-127,/root/autodl-tmp/tokenizer-eval/data/nsynth/nsynth-valid/audio/organ_electronic_001-094-127.wav,8,organ_electronic_001,6,organ,1,electronic,94,127,16000,
-71.43405,32.59935,vocal_synthetic_003-090-025,vocal_synthetic_003-090-025,/root/autodl-tmp/tokenizer-eval/data/nsynth/nsynth-valid/audio/vocal_synthetic_003-090-025.wav,37,vocal_synthetic_003,10,vocal,2,synthetic,90,25,16000,bright|distortion|long_release|nonlinear_env
-91.24251,-24.303217,bass_synthetic_098-045-025,bass_synthetic_098-045-025,/root/autodl-tmp/tokenizer-eval/data/nsynth/nsynth-valid/audio/bass_synthetic_098-045-025.wav,803,bass_synthetic_098,0,bass,2,synthetic,45,25,16000,dark
-40.982292,11.684963,string_acoustic_057-074-127,string_acoustic_057-074-127,/root/autodl-tmp/tokenizer-eval/data/nsynth/nsynth-valid/audio/string_acoustic_057-074-127.wav,450,string_acoustic_057,8,string,0,acoustic,74,127,16000,bright|nonlinear_env|reverb
5.7645917,-26.204954,organ_electronic_057-057-100,organ_electronic_057-057-100,/root/autodl-tmp/tokenizer-eval/data/nsynth/nsynth-valid/audio/organ_electronic_057-057-100.wav,701,organ_electronic_057,6,organ,1,electronic,57,100,16000,dark
9.739145,21.117167,guitar_electronic_022-075-127,guitar_electronic_022-075-127,/root/autodl-tmp/tokenizer-eval/data/nsynth/nsynth-valid/audio/guitar_electronic_022-075-127.wav,378,guitar_electronic_022,3,guitar,1,electronic,75,127,16000,
-52.18475,8.837521,organ_electronic_007-060-050,organ_electronic_007-060-050,/root/autodl-tmp/tokenizer-eval/data/nsynth/nsynth-valid/audio/organ_electronic_007-060-050.wav,123,organ_electronic_007,6,organ,1,electronic,60,50,16000,distortion|long_release|nonlinear_env
-4.6780105,44.456135,mallet_acoustic_062-084-075,mallet_acoustic_062-084-075,/root/autodl-tmp/tokenizer-eval/data/nsynth/nsynth-valid/audio/mallet_acoustic_062-084-075.wav,644,mallet_acoustic_062,5,mallet,0,acoustic,84,75,16000,fast_decay|multiphonic
-3.560355,47.275917,keyboard_electronic_078-073-025,keyboard_electronic_078-073-025,/root/autodl-tmp/tokenizer-eval/data/nsynth/nsynth-valid/audio/keyboard_electronic_078-073-025.wav,838,keyboard_electronic_078,4,keyboard,1,electronic,73,25,16000,bright
-42.75571,-13.452368,reed_acoustic_037-057-075,reed_acoustic_037-057-075,/root/autodl-tmp/tokenizer-eval/data/nsynth/nsynth-valid/audio/reed_acoustic_037-057-075.wav,387,reed_acoustic_037,7,reed,0,acoustic,57,75,16000,long_release|reverb
-31.99421,57.380154,flute_acoustic_002-090-075,flute_acoustic_002-090-075,/root/autodl-tmp/tokenizer-eval/data/nsynth/nsynth-valid/audio/flute_acoustic_002-090-075.wav,86,flute_acoustic_002,2,flute,0,acoustic,90,75,16000,long_release|reverb
-39.980164,-7.122187,vocal_acoustic_000-070-127,vocal_acoustic_000-070-127,/root/autodl-tmp/tokenizer-eval/data/nsynth/nsynth-valid/audio/vocal_acoustic_000-070-127.wav,46,vocal_acoustic_000,10,vocal,0,acoustic,70,127,16000,reverb
35.14584,-3.2406716,mallet_acoustic_062-058-127,mallet_acoustic_062-058-127,/root/autodl-tmp/tokenizer-eval/data/nsynth/nsynth-valid/audio/mallet_acoustic_062-058-127.wav,644,mallet_acoustic_062,5,mallet,0,acoustic,58,127,16000,dark|long_release|multiphonic
45.390324,28.62992,mallet_acoustic_056-055-127,mallet_acoustic_056-055-127,/root/autodl-tmp/tokenizer-eval/data/nsynth/nsynth-valid/audio/mallet_acoustic_056-055-127.wav,590,mallet_acoustic_056,5,mallet,0,acoustic,55,127,16000,bright|fast_decay|percussive
23.381699,43.862984,mallet_acoustic_047-096-050,mallet_acoustic_047-096-050,/root/autodl-tmp/tokenizer-eval/data/nsynth/nsynth-valid/audio/mallet_acoustic_047-096-050.wav,488,mallet_acoustic_047,5,mallet,0,acoustic,96,50,16000,fast_decay|percussive|reverb
-32.409676,31.313488,reed_acoustic_018-084-025,reed_acoustic_018-084-025,/root/autodl-tmp/tokenizer-eval/data/nsynth/nsynth-valid/audio/reed_acoustic_018-084-025.wav,183,reed_acoustic_018,7,reed,0,acoustic,84,25,16000,
-43.621983,-4.1526814,reed_acoustic_018-070-075,reed_acoustic_018-070-075,/root/autodl-tmp/tokenizer-eval/data/nsynth/nsynth-valid/audio/reed_acoustic_018-070-075.wav,183,reed_acoustic_018,7,reed,0,acoustic,70,75,16000,
-47.320793,1.1671844,string_acoustic_057-071-050,string_acoustic_057-071-050,/root/autodl-tmp/tokenizer-eval/data/nsynth/nsynth-valid/audio/string_acoustic_057-071-050.wav,450,string_acoustic_057,8,string,0,acoustic,71,50,16000,bright|nonlinear_env|reverb
28.584785,-24.760592,guitar_acoustic_015-051-100,guitar_acoustic_015-051-100,/root/autodl-tmp/tokenizer-eval/data/nsynth/nsynth-valid/audio/guitar_acoustic_015-051-100.wav,316,guitar_acoustic_015,3,guitar,0,acoustic,51,100,16000,reverb
60.264626,-16.039558,bass_electronic_025-040-075,bass_electronic_025-040-075,/root/autodl-tmp/tokenizer-eval/data/nsynth/nsynth-valid/audio/bass_electronic_025-040-075.wav,872,bass_electronic_025,0,bass,1,electronic,40,75,16000,
5.70724,26.409492,guitar_acoustic_015-076-127,guitar_acoustic_015-076-127,/root/autodl-tmp/tokenizer-eval/data/nsynth/nsynth-valid/audio/guitar_acoustic_015-076-127.wav,316,guitar_acoustic_015,3,guitar,0,acoustic,76,127,16000,fast_decay|reverb
37.696186,74.41977,reed_acoustic_023-038-100,reed_acoustic_023-038-100,/root/autodl-tmp/tokenizer-eval/data/nsynth/nsynth-valid/audio/reed_acoustic_023-038-100.wav,224,reed_acoustic_023,7,reed,0,acoustic,38,100,16000,bright|fast_decay|multiphonic|nonlinear_env
27.691414,-44.079304,organ_electronic_007-032-050,organ_electronic_007-032-050,/root/autodl-tmp/tokenizer-eval/data/nsynth/nsynth-valid/audio/organ_electronic_007-032-050.wav,123,organ_electronic_007,6,organ,1,electronic,32,50,16000,distortion|long_release|nonlinear_env
-10.705856,-42.894936,reed_acoustic_037-046-050,reed_acoustic_037-046-050,/root/autodl-tmp/tokenizer-eval/data/nsynth/nsynth-valid/audio/reed_acoustic_037-046-050.wav,387,reed_acoustic_037,7,reed,0,acoustic,46,50,16000,reverb
-47.94348,-22.844213,brass_acoustic_046-068-075,brass_acoustic_046-068-075,/root/autodl-tmp/tokenizer-eval/data/nsynth/nsynth-valid/audio/brass_acoustic_046-068-075.wav,414,brass_acoustic_046,1,brass,0,acoustic,68,75,16000,bright
-15.245556,-31.099491,brass_acoustic_015-060-100,brass_acoustic_015-060-100,/root/autodl-tmp/tokenizer-eval/data/nsynth/nsynth-valid/audio/brass_acoustic_015-060-100.wav,121,brass_acoustic_015,1,brass,0,acoustic,60,100,16000,reverb
33.034046,-8.515252,bass_synthetic_134-055-025,bass_synthetic_134-055-025,/root/autodl-tmp/tokenizer-eval/data/nsynth/nsynth-valid/audio/bass_synthetic_134-055-025.wav,914,bass_synthetic_134,0,bass,2,synthetic,55,25,16000,dark|reverb
-11.696225,36.55793,guitar_acoustic_010-081-050,guitar_acoustic_010-081-050,/root/autodl-tmp/tokenizer-eval/data/nsynth/nsynth-valid/audio/guitar_acoustic_010-081-050.wav,219,guitar_acoustic_010,3,guitar,0,acoustic,81,50,16000,
-83.689926,-26.35658,bass_synthetic_098-092-100,bass_synthetic_098-092-100,/root/autodl-tmp/tokenizer-eval/data/nsynth/nsynth-valid/audio/bass_synthetic_098-092-100.wav,803,bass_synthetic_098,0,bass,2,synthetic,92,100,16000,
48.11226,-8.26563,mallet_acoustic_062-048-075,mallet_acoustic_062-048-075,/root/autodl-tmp/tokenizer-eval/data/nsynth/nsynth-valid/audio/mallet_acoustic_062-048-075.wav,644,mallet_acoustic_062,5,mallet,0,acoustic,48,75,16000,dark|multiphonic
-8.797906,-58.18434,brass_acoustic_006-037-100,brass_acoustic_006-037-100,/root/autodl-tmp/tokenizer-eval/data/nsynth/nsynth-valid/audio/brass_acoustic_006-037-100.wav,43,brass_acoustic_006,1,brass,0,acoustic,37,100,16000,reverb
-13.602175,-38.07201,reed_acoustic_037-055-100,reed_acoustic_037-055-100,/root/autodl-tmp/tokenizer-eval/data/nsynth/nsynth-valid/audio/reed_acoustic_037-055-100.wav,387,reed_acoustic_037,7,reed,0,acoustic,55,100,16000,reverb
-13.503035,-52.75055,brass_acoustic_006-045-025,brass_acoustic_006-045-025,/root/autodl-tmp/tokenizer-eval/data/nsynth/nsynth-valid/audio/brass_acoustic_006-045-025.wav,43,brass_acoustic_006,1,brass,0,acoustic,45,25,16000,reverb
-27.823257,-66.807434,vocal_synthetic_003-038-075,vocal_synthetic_003-038-075,/root/autodl-tmp/tokenizer-eval/data/nsynth/nsynth-valid/audio/vocal_synthetic_003-038-075.wav,37,vocal_synthetic_003,10,vocal,2,synthetic,38,75,16000,distortion|long_release|nonlinear_env
-28.836143,47.752834,reed_acoustic_018-078-075,reed_acoustic_018-078-075,/root/autodl-tmp/tokenizer-eval/data/nsynth/nsynth-valid/audio/reed_acoustic_018-078-075.wav,183,reed_acoustic_018,7,reed,0,acoustic,78,75,16000,
-11.22259,7.035691,brass_acoustic_006-075-025,brass_acoustic_006-075-025,/root/autodl-tmp/tokenizer-eval/data/nsynth/nsynth-valid/audio/brass_acoustic_006-075-025.wav,43,brass_acoustic_006,1,brass,0,acoustic,75,25,16000,reverb
37.152584,85.3808,reed_acoustic_023-066-025,reed_acoustic_023-066-025,/root/autodl-tmp/tokenizer-eval/data/nsynth/nsynth-valid/audio/reed_acoustic_023-066-025.wav,224,reed_acoustic_023,7,reed,0,acoustic,66,25,16000,bright|fast_decay|multiphonic|nonlinear_env
-6.788869,-48.146667,reed_acoustic_037-031-025,reed_acoustic_037-031-025,/root/autodl-tmp/tokenizer-eval/data/nsynth/nsynth-valid/audio/reed_acoustic_037-031-025.wav,387,reed_acoustic_037,7,reed,0,acoustic,31,25,16000,reverb
13.929149,52.498726,mallet_acoustic_062-088-025,mallet_acoustic_062-088-025,/root/autodl-tmp/tokenizer-eval/data/nsynth/nsynth-valid/audio/mallet_acoustic_062-088-025.wav,644,mallet_acoustic_062,5,mallet,0,acoustic,88,25,16000,fast_decay|multiphonic|percussive
-0.35312048,-48.359276,brass_acoustic_059-033-050,brass_acoustic_059-033-050,/root/autodl-tmp/tokenizer-eval/data/nsynth/nsynth-valid/audio/brass_acoustic_059-033-050.wav,572,brass_acoustic_059,1,brass,0,acoustic,33,50,16000,reverb
34.487724,-78.86179,organ_electronic_028-040-127,organ_electronic_028-040-127,/root/autodl-tmp/tokenizer-eval/data/nsynth/nsynth-valid/audio/organ_electronic_028-040-127.wav,440,organ_electronic_028,6,organ,1,electronic,40,127,16000,dark
16.829145,-35.738132,organ_electronic_113-037-127,organ_electronic_113-037-127,/root/autodl-tmp/tokenizer-eval/data/nsynth/nsynth-valid/audio/organ_electronic_113-037-127.wav,958,organ_electronic_113,6,organ,1,electronic,37,127,16000,dark
3.8403418,-83.696785,flute_synthetic_000-055-075,flute_synthetic_000-055-075,/root/autodl-tmp/tokenizer-eval/data/nsynth/nsynth-valid/audio/flute_synthetic_000-055-075.wav,82,flute_synthetic_000,2,flute,2,synthetic,55,75,16000,distortion
-89.01486,-81.233635,brass_acoustic_046-090-050,brass_acoustic_046-090-050,/root/autodl-tmp/tokenizer-eval/data/nsynth/nsynth-valid/audio/brass_acoustic_046-090-050.wav,414,brass_acoustic_046,1,brass,0,acoustic,90,50,16000,long_release
-34.791004,-10.658642,flute_synthetic_000-069-025,flute_synthetic_000-069-025,/root/autodl-tmp/tokenizer-eval/data/nsynth/nsynth-valid/audio/flute_synthetic_000-069-025.wav,82,flute_synthetic_000,2,flute,2,synthetic,69,25,16000,distortion
-7.3403955,-33.515198,brass_acoustic_015-043-050,brass_acoustic_015-043-050,/root/autodl-tmp/tokenizer-eval/data/nsynth/nsynth-valid/audio/brass_acoustic_015-043-050.wav,121,brass_acoustic_015,1,brass,0,acoustic,43,50,16000,reverb
22.285635,-77.12147,flute_synthetic_000-045-025,flute_synthetic_000-045-025,/root/autodl-tmp/tokenizer-eval/data/nsynth/nsynth-valid/audio/flute_synthetic_000-045-025.wav,82,flute_synthetic_000,2,flute,2,synthetic,45,25,16000,distortion
28.96547,47.44297,mallet_acoustic_047-072-127,mallet_acoustic_047-072-127,/root/autodl-tmp/tokenizer-eval/data/nsynth/nsynth-valid/audio/mallet_acoustic_047-072-127.wav,488,mallet_acoustic_047,5,mallet,0,acoustic,72,127,16000,fast_decay|percussive|reverb
34.123802,14.2339945,guitar_acoustic_030-062-075,guitar_acoustic_030-062-075,/root/autodl-tmp/tokenizer-eval/data/nsynth/nsynth-valid/audio/guitar_acoustic_030-062-075.wav,642,guitar_acoustic_030,3,guitar,0,acoustic,62,75,16000,tempo-synced
50.768425,3.1292632,string_acoustic_056-037-075,string_acoustic_056-037-075,/root/autodl-tmp/tokenizer-eval/data/nsynth/nsynth-valid/audio/string_acoustic_056-037-075.wav,436,string_acoustic_056,8,string,0,acoustic,37,75,16000,reverb
10.482947,-34.619934,organ_electronic_057-050-127,organ_electronic_057-050-127,/root/autodl-tmp/tokenizer-eval/data/nsynth/nsynth-valid/audio/organ_electronic_057-050-127.wav,701,organ_electronic_057,6,organ,1,electronic,50,127,16000,dark
-43.866882,-9.550035,brass_acoustic_006-069-050,brass_acoustic_006-069-050,/root/autodl-tmp/tokenizer-eval/data/nsynth/nsynth-valid/audio/brass_acoustic_006-069-050.wav,43,brass_acoustic_006,1,brass,0,acoustic,69,50,16000,reverb
-89.01486,-81.233635,brass_acoustic_046-090-075,brass_acoustic_046-090-075,/root/autodl-tmp/tokenizer-eval/data/nsynth/nsynth-valid/audio/brass_acoustic_046-090-075.wav,414,brass_acoustic_046,1,brass,0,acoustic,90,75,16000,long_release
-89.01486,-81.233635,brass_acoustic_046-094-050,brass_acoustic_046-094-050,/root/autodl-tmp/tokenizer-eval/data/nsynth/nsynth-valid/audio/brass_acoustic_046-094-050.wav,414,brass_acoustic_046,1,brass,0,acoustic,94,50,16000,long_release
42.097313,77.69238,reed_acoustic_023-045-025,reed_acoustic_023-045-025,/root/autodl-tmp/tokenizer-eval/data/nsynth/nsynth-valid/audio/reed_acoustic_023-045-025.wav,224,reed_acoustic_023,7,reed,0,acoustic,45,25,16000,bright|fast_decay|multiphonic|nonlinear_env
64.62315,-8.545739,guitar_acoustic_030-034-075,guitar_acoustic_030-034-075,/root/autodl-tmp/tokenizer-eval/data/nsynth/nsynth-valid/audio/guitar_acoustic_030-034-075.wav,642,guitar_acoustic_030,3,guitar,0,acoustic,34,75,16000,long_release|tempo-synced
-10.157122,39.023376,organ_electronic_028-084-025,organ_electronic_028-084-025,/root/autodl-tmp/tokenizer-eval/data/nsynth/nsynth-valid/audio/organ_electronic_028-084-025.wav,440,organ_electronic_028,6,organ,1,electronic,84,25,16000,
42.991516,-33.942066,keyboard_electronic_002-044-050,keyboard_electronic_002-044-050,/root/autodl-tmp/tokenizer-eval/data/nsynth/nsynth-valid/audio/keyboard_electronic_002-044-050.wav,50,keyboard_electronic_002,4,keyboard,1,electronic,44,50,16000,distortion
-44.05976,50.529842,flute_acoustic_002-094-025,flute_acoustic_002-094-025,/root/autodl-tmp/tokenizer-eval/data/nsynth/nsynth-valid/audio/flute_acoustic_002-094-025.wav,86,flute_acoustic_002,2,flute,0,acoustic,94,25,16000,reverb
60.391132,-7.731857,mallet_acoustic_062-038-100,mallet_acoustic_062-038-100,/root/autodl-tmp/tokenizer-eval/data/nsynth/nsynth-valid/audio/mallet_acoustic_062-038-100.wav,644,mallet_acoustic_062,5,mallet,0,acoustic,38,100,16000,dark|long_release|multiphonic
-40.97437,22.822681,flute_synthetic_000-085-050,flute_synthetic_000-085-050,/root/autodl-tmp/tokenizer-eval/data/nsynth/nsynth-valid/audio/flute_synthetic_000-085-050.wav,82,flute_synthetic_000,2,flute,2,synthetic,85,50,16000,distortion
5.960303,51.793297,mallet_acoustic_062-079-050,mallet_acoustic_062-079-050,/root/autodl-tmp/tokenizer-eval/data/nsynth/nsynth-valid/audio/mallet_acoustic_062-079-050.wav,644,mallet_acoustic_062,5,mallet,0,acoustic,79,50,16000,fast_decay|multiphonic
-89.01486,-81.233635,brass_acoustic_046-089-127,brass_acoustic_046-089-127,/root/autodl-tmp/tokenizer-eval/data/nsynth/nsynth-valid/audio/brass_acoustic_046-089-127.wav,414,brass_acoustic_046,1,brass,0,acoustic,89,127,16000,long_release
59.34342,-27.06076,string_acoustic_080-042-127,string_acoustic_080-042-127,/root/autodl-tmp/tokenizer-eval/data/nsynth/nsynth-valid/audio/string_acoustic_080-042-127.wav,675,string_acoustic_080,8,string,0,acoustic,42,127,16000,long_release|reverb
24.425999,48.986317,mallet_acoustic_047-065-050,mallet_acoustic_047-065-050,/root/autodl-tmp/tokenizer-eval/data/nsynth/nsynth-valid/audio/mallet_acoustic_047-065-050.wav,488,mallet_acoustic_047,5,mallet,0,acoustic,65,50,16000,fast_decay|percussive|reverb
-51.054527,-43.953804,vocal_synthetic_003-060-075,vocal_synthetic_003-060-075,/root/autodl-tmp/tokenizer-eval/data/nsynth/nsynth-valid/audio/vocal_synthetic_003-060-075.wav,37,vocal_synthetic_003,10,vocal,2,synthetic,60,75,16000,bright|distortion|long_release|nonlinear_env
28.99496,51.06394,mallet_acoustic_047-075-100,mallet_acoustic_047-075-100,/root/autodl-tmp/tokenizer-eval/data/nsynth/nsynth-valid/audio/mallet_acoustic_047-075-100.wav,488,mallet_acoustic_047,5,mallet,0,acoustic,75,100,16000,fast_decay|percussive|reverb
13.118381,-36.38507,organ_electronic_104-049-100,organ_electronic_104-049-100,/root/autodl-tmp/tokenizer-eval/data/nsynth/nsynth-valid/audio/organ_electronic_104-049-100.wav,921,organ_electronic_104,6,organ,1,electronic,49,100,16000,
17.736065,2.8867075,guitar_acoustic_015-056-100,guitar_acoustic_015-056-100,/root/autodl-tmp/tokenizer-eval/data/nsynth/nsynth-valid/audio/guitar_acoustic_015-056-100.wav,316,guitar_acoustic_015,3,guitar,0,acoustic,56,100,16000,reverb
46.673603,39.511097,bass_synthetic_134-081-127,bass_synthetic_134-081-127,/root/autodl-tmp/tokenizer-eval/data/nsynth/nsynth-valid/audio/bass_synthetic_134-081-127.wav,914,bass_synthetic_134,0,bass,2,synthetic,81,127,16000,fast_decay|percussive|reverb
-36.582077,-58.807007,vocal_synthetic_003-048-100,vocal_synthetic_003-048-100,/root/autodl-tmp/tokenizer-eval/data/nsynth/nsynth-valid/audio/vocal_synthetic_003-048-100.wav,37,vocal_synthetic_003,10,vocal,2,synthetic,48,100,16000,bright|distortion|long_release|nonlinear_env
37.200424,16.50097,mallet_acoustic_062-061-025,mallet_acoustic_062-061-025,/root/autodl-tmp/tokenizer-eval/data/nsynth/nsynth-valid/audio/mallet_acoustic_062-061-025.wav,644,mallet_acoustic_062,5,mallet,0,acoustic,61,25,16000,dark|fast_decay|multiphonic
-44.115013,36.26668,organ_electronic_057-076-050,organ_electronic_057-076-050,/root/autodl-tmp/tokenizer-eval/data/nsynth/nsynth-valid/audio/organ_electronic_057-076-050.wav,701,organ_electronic_057,6,organ,1,electronic,76,50,16000,
24.67331,-60.542683,string_acoustic_012-034-075,string_acoustic_012-034-075,/root/autodl-tmp/tokenizer-eval/data/nsynth/nsynth-valid/audio/string_acoustic_012-034-075.wav,97,string_acoustic_012,8,string,0,acoustic,34,75,16000,long_release|reverb
1.1468537,-16.488632,guitar_electronic_028-059-100,guitar_electronic_028-059-100,/root/autodl-tmp/tokenizer-eval/data/nsynth/nsynth-valid/audio/guitar_electronic_028-059-100.wav,510,guitar_electronic_028,3,guitar,1,electronic,59,100,16000,dark
-41.317226,45.77181,flute_synthetic_000-094-050,flute_synthetic_000-094-050,/root/autodl-tmp/tokenizer-eval/data/nsynth/nsynth-valid/audio/flute_synthetic_000-094-050.wav,82,flute_synthetic_000,2,flute,2,synthetic,94,50,16000,distortion
0.08301228,-23.138168,organ_electronic_001-058-100,organ_electronic_001-058-100,/root/autodl-tmp/tokenizer-eval/data/nsynth/nsynth-valid/audio/organ_electronic_001-058-100.wav,8,organ_electronic_001,6,organ,1,electronic,58,100,16000,dark
11.93664,23.016766,guitar_acoustic_014-074-050,guitar_acoustic_014-074-050,/root/autodl-tmp/tokenizer-eval/data/nsynth/nsynth-valid/audio/guitar_acoustic_014-074-050.wav,263,guitar_acoustic_014,3,guitar,0,acoustic,74,50,16000,
42.478977,12.767254,string_acoustic_056-064-025,string_acoustic_056-064-025,/root/autodl-tmp/tokenizer-eval/data/nsynth/nsynth-valid/audio/string_acoustic_056-064-025.wav,436,string_acoustic_056,8,string,0,acoustic,64,25,16000,fast_decay|percussive|reverb
29.373177,-75.723015,flute_synthetic_000-041-050,flute_synthetic_000-041-050,/root/autodl-tmp/tokenizer-eval/data/nsynth/nsynth-valid/audio/flute_synthetic_000-041-050.wav,82,flute_synthetic_000,2,flute,2,synthetic,41,50,16000,distortion
17.81026,5.19846,bass_synthetic_068-068-100,bass_synthetic_068-068-100,/root/autodl-tmp/tokenizer-eval/data/nsynth/nsynth-valid/audio/bass_synthetic_068-068-100.wav,656,bass_synthetic_068,0,bass,2,synthetic,68,100,16000,
18.164515,-80.6241,flute_synthetic_000-047-050,flute_synthetic_000-047-050,/root/autodl-tmp/tokenizer-eval/data/nsynth/nsynth-valid/audio/flute_synthetic_000-047-050.wav,82,flute_synthetic_000,2,flute,2,synthetic,47,50,16000,distortion
0.071336426,22.568176,guitar_electronic_028-077-075,guitar_electronic_028-077-075,/root/autodl-tmp/tokenizer-eval/data/nsynth/nsynth-valid/audio/guitar_electronic_028-077-075.wav,510,guitar_electronic_028,3,guitar,1,electronic,77,75,16000,
-42.32393,-26.446514,brass_acoustic_006-067-127,brass_acoustic_006-067-127,/root/autodl-tmp/tokenizer-eval/data/nsynth/nsynth-valid/audio/brass_acoustic_006-067-127.wav,43,brass_acoustic_006,1,brass,0,acoustic,67,127,16000,reverb
30.865808,-25.039715,guitar_acoustic_015-050-100,guitar_acoustic_015-050-100,/root/autodl-tmp/tokenizer-eval/data/nsynth/nsynth-valid/audio/guitar_acoustic_015-050-100.wav,316,guitar_acoustic_015,3,guitar,0,acoustic,50,100,16000,reverb
42.766773,80.08869,reed_acoustic_023-051-050,reed_acoustic_023-051-050,/root/autodl-tmp/tokenizer-eval/data/nsynth/nsynth-valid/audio/reed_acoustic_023-051-050.wav,224,reed_acoustic_023,7,reed,0,acoustic,51,50,16000,bright|fast_decay|multiphonic|nonlinear_env
-61.803673,48.215164,vocal_synthetic_003-092-075,vocal_synthetic_003-092-075,/root/autodl-tmp/tokenizer-eval/data/nsynth/nsynth-valid/audio/vocal_synthetic_003-092-075.wav,37,vocal_synthetic_003,10,vocal,2,synthetic,92,75,16000,long_release|nonlinear_env
-45.159206,11.41925,brass_acoustic_015-073-025,brass_acoustic_015-073-025,/root/autodl-tmp/tokenizer-eval/data/nsynth/nsynth-valid/audio/brass_acoustic_015-073-025.wav,121,brass_acoustic_015,1,brass,0,acoustic,73,25,16000,reverb
27.97998,-43.585506,organ_electronic_007-033-100,organ_electronic_007-033-100,/root/autodl-tmp/tokenizer-eval/data/nsynth/nsynth-valid/audio/organ_electronic_007-033-100.wav,123,organ_electronic_007,6,organ,1,electronic,33,100,16000,distortion|long_release|nonlinear_env
18.338634,58.5455,guitar_acoustic_021-093-075,guitar_acoustic_021-093-075,/root/autodl-tmp/tokenizer-eval/data/nsynth/nsynth-valid/audio/guitar_acoustic_021-093-075.wav,457,guitar_acoustic_021,3,guitar,0,acoustic,93,75,16000,fast_decay|percussive
51.405704,-45.94173,bass_synthetic_135-032-100,bass_synthetic_135-032-100,/root/autodl-tmp/tokenizer-eval/data/nsynth/nsynth-valid/audio/bass_synthetic_135-032-100.wav,927,bass_synthetic_135,0,bass,2,synthetic,32,100,16000,distortion
-67.71394,47.296715,vocal_synthetic_003-080-025,vocal_synthetic_003-080-025,/root/autodl-tmp/tokenizer-eval/data/nsynth/nsynth-valid/audio/vocal_synthetic_003-080-025.wav,37,vocal_synthetic_003,10,vocal,2,synthetic,80,25,16000,bright|distortion|long_release|nonlinear_env
-26.215292,-17.863974,reed_acoustic_037-065-025,reed_acoustic_037-065-025,/root/autodl-tmp/tokenizer-eval/data/nsynth/nsynth-valid/audio/reed_acoustic_037-065-025.wav,387,reed_acoustic_037,7,reed,0,acoustic,65,25,16000,reverb
25.627224,90.37137,reed_acoustic_023-081-050,reed_acoustic_023-081-050,/root/autodl-tmp/tokenizer-eval/data/nsynth/nsynth-valid/audio/reed_acoustic_023-081-050.wav,224,reed_acoustic_023,7,reed,0,acoustic,81,50,16000,bright|fast_decay|multiphonic|nonlinear_env
46.595566,-34.080402,bass_synthetic_068-043-100,bass_synthetic_068-043-100,/root/autodl-tmp/tokenizer-eval/data/nsynth/nsynth-valid/audio/bass_synthetic_068-043-100.wav,656,bass_synthetic_068,0,bass,2,synthetic,43,100,16000,dark
17.86289,-36.174263,organ_electronic_057-036-025,organ_electronic_057-036-025,/root/autodl-tmp/tokenizer-eval/data/nsynth/nsynth-valid/audio/organ_electronic_057-036-025.wav,701,organ_electronic_057,6,organ,1,electronic,36,25,16000,dark
45.963844,-45.09127,bass_electronic_027-038-050,bass_electronic_027-038-050,/root/autodl-tmp/tokenizer-eval/data/nsynth/nsynth-valid/audio/bass_electronic_027-038-050.wav,880,bass_electronic_027,0,bass,1,electronic,38,50,16000,
6.8906865,4.2447314,keyboard_electronic_001-066-127,keyboard_electronic_001-066-127,/root/autodl-tmp/tokenizer-eval/data/nsynth/nsynth-valid/audio/keyboard_electronic_001-066-127.wav,40,keyboard_electronic_001,4,keyboard,1,electronic,66,127,16000,percussive
-11.805616,8.259518,string_acoustic_057-075-100,string_acoustic_057-075-100,/root/autodl-tmp/tokenizer-eval/data/nsynth/nsynth-valid/audio/string_acoustic_057-075-100.wav,450,string_acoustic_057,8,string,0,acoustic,75,100,16000,bright|nonlinear_env|reverb
20.2115,59.02953,guitar_acoustic_015-095-100,guitar_acoustic_015-095-100,/root/autodl-tmp/tokenizer-eval/data/nsynth/nsynth-valid/audio/guitar_acoustic_015-095-100.wav,316,guitar_acoustic_015,3,guitar,0,acoustic,95,100,16000,fast_decay|percussive|reverb
-2.149051,-40.899994,organ_electronic_007-047-025,organ_electronic_007-047-025,/root/autodl-tmp/tokenizer-eval/data/nsynth/nsynth-valid/audio/organ_electronic_007-047-025.wav,123,organ_electronic_007,6,organ,1,electronic,47,25,16000,distortion|long_release|nonlinear_env
-36.211494,36.25294,string_acoustic_057-083-025,string_acoustic_057-083-025,/root/autodl-tmp/tokenizer-eval/data/nsynth/nsynth-valid/audio/string_acoustic_057-083-025.wav,450,string_acoustic_057,8,string,0,acoustic,83,25,16000,bright|nonlinear_env|reverb
-47.438454,45.34411,flute_acoustic_002-095-100,flute_acoustic_002-095-100,/root/autodl-tmp/tokenizer-eval/data/nsynth/nsynth-valid/audio/flute_acoustic_002-095-100.wav,86,flute_acoustic_002,2,flute,0,acoustic,95,100,16000,reverb
-89.01486,-81.233635,brass_acoustic_046-095-025,brass_acoustic_046-095-025,/root/autodl-tmp/tokenizer-eval/data/nsynth/nsynth-valid/audio/brass_acoustic_046-095-025.wav,414,brass_acoustic_046,1,brass,0,acoustic,95,25,16000,long_release
44.9428,-6.722952,mallet_acoustic_062-051-075,mallet_acoustic_062-051-075,/root/autodl-tmp/tokenizer-eval/data/nsynth/nsynth-valid/audio/mallet_acoustic_062-051-075.wav,644,mallet_acoustic_062,5,mallet,0,acoustic,51,75,16000,dark|multiphonic
-10.140694,-42.014915,reed_acoustic_037-045-075,reed_acoustic_037-045-075,/root/autodl-tmp/tokenizer-eval/data/nsynth/nsynth-valid/audio/reed_acoustic_037-045-075.wav,387,reed_acoustic_037,7,reed,0,acoustic,45,75,16000,long_release|reverb
-1.6262603,31.639303,guitar_electronic_022-079-050,guitar_electronic_022-079-050,/root/autodl-tmp/tokenizer-eval/data/nsynth/nsynth-valid/audio/guitar_electronic_022-079-050.wav,378,guitar_electronic_022,3,guitar,1,electronic,79,50,16000,
60.133335,-8.701947,keyboard_electronic_003-038-025,keyboard_electronic_003-038-025,/root/autodl-tmp/tokenizer-eval/data/nsynth/nsynth-valid/audio/keyboard_electronic_003-038-025.wav,65,keyboard_electronic_003,4,keyboard,1,electronic,38,25,16000,dark
48.24666,38.42534,bass_synthetic_134-094-075,bass_synthetic_134-094-075,/root/autodl-tmp/tokenizer-eval/data/nsynth/nsynth-valid/audio/bass_synthetic_134-094-075.wav,914,bass_synthetic_134,0,bass,2,synthetic,94,75,16000,fast_decay|percussive|reverb
29.092487,48.868023,mallet_acoustic_047-078-050,mallet_acoustic_047-078-050,/root/autodl-tmp/tokenizer-eval/data/nsynth/nsynth-valid/audio/mallet_acoustic_047-078-050.wav,488,mallet_acoustic_047,5,mallet,0,acoustic,78,50,16000,fast_decay|percussive|reverb
29.197908,-28.666317,bass_synthetic_034-052-127,bass_synthetic_034-052-127,/root/autodl-tmp/tokenizer-eval/data/nsynth/nsynth-valid/audio/bass_synthetic_034-052-127.wav,420,bass_synthetic_034,0,bass,2,synthetic,52,127,16000,distortion|tempo-synced
-25.533726,1.6856992,flute_synthetic_000-076-100,flute_synthetic_000-076-100,/root/autodl-tmp/tokenizer-eval/data/nsynth/nsynth-valid/audio/flute_synthetic_000-076-100.wav,82,flute_synthetic_000,2,flute,2,synthetic,76,100,16000,distortion
-49.23302,20.552063,bass_synthetic_009-074-050,bass_synthetic_009-074-050,/root/autodl-tmp/tokenizer-eval/data/nsynth/nsynth-valid/audio/bass_synthetic_009-074-050.wav,150,bass_synthetic_009,0,bass,2,synthetic,74,50,16000,bright|distortion|long_release
-24.593029,-71.495605,vocal_synthetic_003-032-100,vocal_synthetic_003-032-100,/root/autodl-tmp/tokenizer-eval/data/nsynth/nsynth-valid/audio/vocal_synthetic_003-032-100.wav,37,vocal_synthetic_003,10,vocal,2,synthetic,32,100,16000,bright|distortion|long_release|nonlinear_env
-29.232414,-64.47497,vocal_synthetic_003-040-025,vocal_synthetic_003-040-025,/root/autodl-tmp/tokenizer-eval/data/nsynth/nsynth-valid/audio/vocal_synthetic_003-040-025.wav,37,vocal_synthetic_003,10,vocal,2,synthetic,40,25,16000,distortion|long_release|nonlinear_env
-29.67704,15.9098215,organ_electronic_028-086-025,organ_electronic_028-086-025,/root/autodl-tmp/tokenizer-eval/data/nsynth/nsynth-valid/audio/organ_electronic_028-086-025.wav,440,organ_electronic_028,6,organ,1,electronic,86,25,16000,
50.522293,-27.151773,keyboard_electronic_001-033-127,keyboard_electronic_001-033-127,/root/autodl-tmp/tokenizer-eval/data/nsynth/nsynth-valid/audio/keyboard_electronic_001-033-127.wav,40,keyboard_electronic_001,4,keyboard,1,electronic,33,127,16000,
13.022282,-29.000086,organ_electronic_001-036-127,organ_electronic_001-036-127,/root/autodl-tmp/tokenizer-eval/data/nsynth/nsynth-valid/audio/organ_electronic_001-036-127.wav,8,organ_electronic_001,6,organ,1,electronic,36,127,16000,dark
15.826792,22.559813,guitar_acoustic_014-073-075,guitar_acoustic_014-073-075,/root/autodl-tmp/tokenizer-eval/data/nsynth/nsynth-valid/audio/guitar_acoustic_014-073-075.wav,263,guitar_acoustic_014,3,guitar,0,acoustic,73,75,16000,
25.413603,89.7653,reed_acoustic_023-082-100,reed_acoustic_023-082-100,/root/autodl-tmp/tokenizer-eval/data/nsynth/nsynth-valid/audio/reed_acoustic_023-082-100.wav,224,reed_acoustic_023,7,reed,0,acoustic,82,100,16000,bright|fast_decay|multiphonic|nonlinear_env
-19.560446,61.891685,mallet_acoustic_062-077-127,mallet_acoustic_062-077-127,/root/autodl-tmp/tokenizer-eval/data/nsynth/nsynth-valid/audio/mallet_acoustic_062-077-127.wav,644,mallet_acoustic_062,5,mallet,0,acoustic,77,127,16000,multiphonic
-4.579544,39.60854,keyboard_acoustic_004-083-127,keyboard_acoustic_004-083-127,/root/autodl-tmp/tokenizer-eval/data/nsynth/nsynth-valid/audio/keyboard_acoustic_004-083-127.wav,327,keyboard_acoustic_004,4,keyboard,0,acoustic,83,127,16000,reverb
31.131937,-21.156404,bass_electronic_025-051-100,bass_electronic_025-051-100,/root/autodl-tmp/tokenizer-eval/data/nsynth/nsynth-valid/audio/bass_electronic_025-051-100.wav,872,bass_electronic_025,0,bass,1,electronic,51,100,16000,
48.703926,9.761488,string_acoustic_056-041-100,string_acoustic_056-041-100,/root/autodl-tmp/tokenizer-eval/data/nsynth/nsynth-valid/audio/string_acoustic_056-041-100.wav,436,string_acoustic_056,8,string,0,acoustic,41,100,16000,fast_decay|percussive|reverb
63.90855,-2.4516447,mallet_acoustic_062-032-050,mallet_acoustic_062-032-050,/root/autodl-tmp/tokenizer-eval/data/nsynth/nsynth-valid/audio/mallet_acoustic_062-032-050.wav,644,mallet_acoustic_062,5,mallet,0,acoustic,32,50,16000,dark|multiphonic
-64.04518,29.693304,vocal_synthetic_003-086-075,vocal_synthetic_003-086-075,/root/autodl-tmp/tokenizer-eval/data/nsynth/nsynth-valid/audio/vocal_synthetic_003-086-075.wav,37,vocal_synthetic_003,10,vocal,2,synthetic,86,75,16000,long_release|nonlinear_env
9.257495,81.22611,reed_acoustic_023-090-127,reed_acoustic_023-090-127,/root/autodl-tmp/tokenizer-eval/data/nsynth/nsynth-valid/audio/reed_acoustic_023-090-127.wav,224,reed_acoustic_023,7,reed,0,acoustic,90,127,16000,fast_decay|multiphonic|nonlinear_env
51.185246,-10.0965605,mallet_acoustic_062-045-100,mallet_acoustic_062-045-100,/root/autodl-tmp/tokenizer-eval/data/nsynth/nsynth-valid/audio/mallet_acoustic_062-045-100.wav,644,mallet_acoustic_062,5,mallet,0,acoustic,45,100,16000,dark|long_release|multiphonic
-23.581566,-43.757336,reed_acoustic_011-050-050,reed_acoustic_011-050-050,/root/autodl-tmp/tokenizer-eval/data/nsynth/nsynth-valid/audio/reed_acoustic_011-050-050.wav,104,reed_acoustic_011,7,reed,0,acoustic,50,50,16000,
64.394226,-7.2542677,mallet_acoustic_062-033-127,mallet_acoustic_062-033-127,/root/autodl-tmp/tokenizer-eval/data/nsynth/nsynth-valid/audio/mallet_acoustic_062-033-127.wav,644,mallet_acoustic_062,5,mallet,0,acoustic,33,127,16000,dark|long_release|multiphonic
-33.642822,68.959145,mallet_acoustic_062-093-127,mallet_acoustic_062-093-127,/root/autodl-tmp/tokenizer-eval/data/nsynth/nsynth-valid/audio/mallet_acoustic_062-093-127.wav,644,mallet_acoustic_062,5,mallet,0,acoustic,93,127,16000,multiphonic
-19.86644,10.1457815,brass_acoustic_006-077-100,brass_acoustic_006-077-100,/root/autodl-tmp/tokenizer-eval/data/nsynth/nsynth-valid/audio/brass_acoustic_006-077-100.wav,43,brass_acoustic_006,1,brass,0,acoustic,77,100,16000,reverb
36.378662,-4.0543256,mallet_acoustic_062-057-075,mallet_acoustic_062-057-075,/root/autodl-tmp/tokenizer-eval/data/nsynth/nsynth-valid/audio/mallet_acoustic_062-057-075.wav,644,mallet_acoustic_062,5,mallet,0,acoustic,57,75,16000,dark|multiphonic
-38.183025,43.314636,organ_electronic_001-093-025,organ_electronic_001-093-025,/root/autodl-tmp/tokenizer-eval/data/nsynth/nsynth-valid/audio/organ_electronic_001-093-025.wav,8,organ_electronic_001,6,organ,1,electronic,93,25,16000,
16.209938,10.134619,guitar_electronic_022-070-025,guitar_electronic_022-070-025,/root/autodl-tmp/tokenizer-eval/data/nsynth/nsynth-valid/audio/guitar_electronic_022-070-025.wav,378,guitar_electronic_022,3,guitar,1,electronic,70,25,16000,
-33.288395,19.112936,organ_electronic_007-074-075,organ_electronic_007-074-075,/root/autodl-tmp/tokenizer-eval/data/nsynth/nsynth-valid/audio/organ_electronic_007-074-075.wav,123,organ_electronic_007,6,organ,1,electronic,74,75,16000,distortion|long_release|nonlinear_env
35.110752,14.879913,mallet_acoustic_062-062-050,mallet_acoustic_062-062-050,/root/autodl-tmp/tokenizer-eval/data/nsynth/nsynth-valid/audio/mallet_acoustic_062-062-050.wav,644,mallet_acoustic_062,5,mallet,0,acoustic,62,50,16000,dark|fast_decay|multiphonic
32.110302,-44.36089,bass_synthetic_033-032-100,bass_synthetic_033-032-100,/root/autodl-tmp/tokenizer-eval/data/nsynth/nsynth-valid/audio/bass_synthetic_033-032-100.wav,417,bass_synthetic_033,0,bass,2,synthetic,32,100,16000,dark
-46.616154,-26.298067,reed_acoustic_011-067-025,reed_acoustic_011-067-025,/root/autodl-tmp/tokenizer-eval/data/nsynth/nsynth-valid/audio/reed_acoustic_011-067-025.wav,104,reed_acoustic_011,7,reed,0,acoustic,67,25,16000,
25.910313,47.04865,mallet_acoustic_047-083-127,mallet_acoustic_047-083-127,/root/autodl-tmp/tokenizer-eval/data/nsynth/nsynth-valid/audio/mallet_acoustic_047-083-127.wav,488,mallet_acoustic_047,5,mallet,0,acoustic,83,127,16000,fast_decay|percussive|reverb
-61.69038,7.464492,vocal_synthetic_003-071-025,vocal_synthetic_003-071-025,/root/autodl-tmp/tokenizer-eval/data/nsynth/nsynth-valid/audio/vocal_synthetic_003-071-025.wav,37,vocal_synthetic_003,10,vocal,2,synthetic,71,25,16000,bright|distortion|long_release|nonlinear_env
52.507374,8.902913,string_acoustic_014-063-075,string_acoustic_014-063-075,/root/autodl-tmp/tokenizer-eval/data/nsynth/nsynth-valid/audio/string_acoustic_014-063-075.wav,100,string_acoustic_014,8,string,0,acoustic,63,75,16000,fast_decay|percussive|reverb
25.559574,82.77991,keyboard_synthetic_000-067-025,keyboard_synthetic_000-067-025,/root/autodl-tmp/tokenizer-eval/data/nsynth/nsynth-valid/audio/keyboard_synthetic_000-067-025.wav,577,keyboard_synthetic_000,4,keyboard,2,synthetic,67,25,16000,distortion|fast_decay|nonlinear_env
-9.683676,-34.84248,brass_acoustic_015-048-127,brass_acoustic_015-048-127,/root/autodl-tmp/tokenizer-eval/data/nsynth/nsynth-valid/audio/brass_acoustic_015-048-127.wav,121,brass_acoustic_015,1,brass,0,acoustic,48,127,16000,reverb
4.8264365,38.585045,guitar_acoustic_015-081-075,guitar_acoustic_015-081-075,/root/autodl-tmp/tokenizer-eval/data/nsynth/nsynth-valid/audio/guitar_acoustic_015-081-075.wav,316,guitar_acoustic_015,3,guitar,0,acoustic,81,75,16000,fast_decay|percussive|reverb
-66.77191,44.0873,vocal_synthetic_003-081-100,vocal_synthetic_003-081-100,/root/autodl-tmp/tokenizer-eval/data/nsynth/nsynth-valid/audio/vocal_synthetic_003-081-100.wav,37,vocal_synthetic_003,10,vocal,2,synthetic,81,100,16000,bright|distortion|long_release|nonlinear_env
-51.218876,30.175758,bass_synthetic_009-090-050,bass_synthetic_009-090-050,/root/autodl-tmp/tokenizer-eval/data/nsynth/nsynth-valid/audio/bass_synthetic_009-090-050.wav,150,bass_synthetic_009,0,bass,2,synthetic,90,50,16000,long_release
-15.442118,33.917015,brass_acoustic_046-082-025,brass_acoustic_046-082-025,/root/autodl-tmp/tokenizer-eval/data/nsynth/nsynth-valid/audio/brass_acoustic_046-082-025.wav,414,brass_acoustic_046,1,brass,0,acoustic,82,25,16000,
50.502705,-27.31673,keyboard_electronic_001-032-100,keyboard_electronic_001-032-100,/root/autodl-tmp/tokenizer-eval/data/nsynth/nsynth-valid/audio/keyboard_electronic_001-032-100.wav,40,keyboard_electronic_001,4,keyboard,1,electronic,32,100,16000,
-33.386013,24.843124,string_acoustic_057-085-025,string_acoustic_057-085-025,/root/autodl-tmp/tokenizer-eval/data/nsynth/nsynth-valid/audio/string_acoustic_057-085-025.wav,450,string_acoustic_057,8,string,0,acoustic,85,25,16000,bright|nonlinear_env|reverb
-25.886354,-66.64049,vocal_synthetic_003-036-075,vocal_synthetic_003-036-075,/root/autodl-tmp/tokenizer-eval/data/nsynth/nsynth-valid/audio/vocal_synthetic_003-036-075.wav,37,vocal_synthetic_003,10,vocal,2,synthetic,36,75,16000,distortion|long_release|nonlinear_env
-7.9570413,-34.830193,brass_acoustic_015-041-075,brass_acoustic_015-041-075,/root/autodl-tmp/tokenizer-eval/data/nsynth/nsynth-valid/audio/brass_acoustic_015-041-075.wav,121,brass_acoustic_015,1,brass,0,acoustic,41,75,16000,reverb
3.6519084,0.046008606,guitar_acoustic_010-064-127,guitar_acoustic_010-064-127,/root/autodl-tmp/tokenizer-eval/data/nsynth/nsynth-valid/audio/guitar_acoustic_010-064-127.wav,219,guitar_acoustic_010,3,guitar,0,acoustic,64,127,16000,
-23.03098,-43.56337,reed_acoustic_011-049-100,reed_acoustic_011-049-100,/root/autodl-tmp/tokenizer-eval/data/nsynth/nsynth-valid/audio/reed_acoustic_011-049-100.wav,104,reed_acoustic_011,7,reed,0,acoustic,49,100,16000,bright
-40.754055,53.440414,string_acoustic_057-093-075,string_acoustic_057-093-075,/root/autodl-tmp/tokenizer-eval/data/nsynth/nsynth-valid/audio/string_acoustic_057-093-075.wav,450,string_acoustic_057,8,string,0,acoustic,93,75,16000,nonlinear_env|reverb
29.284775,-26.546764,keyboard_electronic_003-051-075,keyboard_electronic_003-051-075,/root/autodl-tmp/tokenizer-eval/data/nsynth/nsynth-valid/audio/keyboard_electronic_003-051-075.wav,65,keyboard_electronic_003,4,keyboard,1,electronic,51,75,16000,
-40.981236,39.137554,organ_electronic_104-083-075,organ_electronic_104-083-075,/root/autodl-tmp/tokenizer-eval/data/nsynth/nsynth-valid/audio/organ_electronic_104-083-075.wav,921,organ_electronic_104,6,organ,1,electronic,83,75,16000,
7.679402,-27.579664,organ_electronic_104-056-025,organ_electronic_104-056-025,/root/autodl-tmp/tokenizer-eval/data/nsynth/nsynth-valid/audio/organ_electronic_104-056-025.wav,921,organ_electronic_104,6,organ,1,electronic,56,25,16000,
-36.255527,-62.96977,vocal_synthetic_003-045-100,vocal_synthetic_003-045-100,/root/autodl-tmp/tokenizer-eval/data/nsynth/nsynth-valid/audio/vocal_synthetic_003-045-100.wav,37,vocal_synthetic_003,10,vocal,2,synthetic,45,100,16000,bright|distortion|long_release|nonlinear_env
41.219116,78.99603,reed_acoustic_023-050-075,reed_acoustic_023-050-075,/root/autodl-tmp/tokenizer-eval/data/nsynth/nsynth-valid/audio/reed_acoustic_023-050-075.wav,224,reed_acoustic_023,7,reed,0,acoustic,50,75,16000,bright|fast_decay|multiphonic|nonlinear_env
-31.497837,5.664044,flute_synthetic_000-080-075,flute_synthetic_000-080-075,/root/autodl-tmp/tokenizer-eval/data/nsynth/nsynth-valid/audio/flute_synthetic_000-080-075.wav,82,flute_synthetic_000,2,flute,2,synthetic,80,75,16000,distortion
48.453552,-9.229172,mallet_acoustic_062-048-127,mallet_acoustic_062-048-127,/root/autodl-tmp/tokenizer-eval/data/nsynth/nsynth-valid/audio/mallet_acoustic_062-048-127.wav,644,mallet_acoustic_062,5,mallet,0,acoustic,48,127,16000,dark|long_release|multiphonic
-21.373383,-46.17014,reed_acoustic_011-042-075,reed_acoustic_011-042-075,/root/autodl-tmp/tokenizer-eval/data/nsynth/nsynth-valid/audio/reed_acoustic_011-042-075.wav,104,reed_acoustic_011,7,reed,0,acoustic,42,75,16000,
24.85593,42.81693,mallet_acoustic_047-087-050,mallet_acoustic_047-087-050,/root/autodl-tmp/tokenizer-eval/data/nsynth/nsynth-valid/audio/mallet_acoustic_047-087-050.wav,488,mallet_acoustic_047,5,mallet,0,acoustic,87,50,16000,fast_decay|percussive|reverb
49.13684,34.064896,mallet_acoustic_056-043-025,mallet_acoustic_056-043-025,/root/autodl-tmp/tokenizer-eval/data/nsynth/nsynth-valid/audio/mallet_acoustic_056-043-025.wav,590,mallet_acoustic_056,5,mallet,0,acoustic,43,25,16000,bright|fast_decay|percussive
60.460922,-3.281183,mallet_acoustic_062-037-050,mallet_acoustic_062-037-050,/root/autodl-tmp/tokenizer-eval/data/nsynth/nsynth-valid/audio/mallet_acoustic_062-037-050.wav,644,mallet_acoustic_062,5,mallet,0,acoustic,37,50,16000,dark|multiphonic
16.156927,4.9254684,mallet_acoustic_062-068-075,mallet_acoustic_062-068-075,/root/autodl-tmp/tokenizer-eval/data/nsynth/nsynth-valid/audio/mallet_acoustic_062-068-075.wav,644,mallet_acoustic_062,5,mallet,0,acoustic,68,75,16000,dark|multiphonic
-89.01486,-81.233635,brass_acoustic_046-088-025,brass_acoustic_046-088-025,/root/autodl-tmp/tokenizer-eval/data/nsynth/nsynth-valid/audio/brass_acoustic_046-088-025.wav,414,brass_acoustic_046,1,brass,0,acoustic,88,25,16000,long_release
0.12213417,22.576563,guitar_electronic_022-077-025,guitar_electronic_022-077-025,/root/autodl-tmp/tokenizer-eval/data/nsynth/nsynth-valid/audio/guitar_electronic_022-077-025.wav,378,guitar_electronic_022,3,guitar,1,electronic,77,25,16000,
57.85631,-15.305886,bass_synthetic_135-041-100,bass_synthetic_135-041-100,/root/autodl-tmp/tokenizer-eval/data/nsynth/nsynth-valid/audio/bass_synthetic_135-041-100.wav,927,bass_synthetic_135,0,bass,2,synthetic,41,100,16000,distortion
-89.01486,-81.233635,brass_acoustic_046-093-100,brass_acoustic_046-093-100,/root/autodl-tmp/tokenizer-eval/data/nsynth/nsynth-valid/audio/brass_acoustic_046-093-100.wav,414,brass_acoustic_046,1,brass,0,acoustic,93,100,16000,long_release
-11.132788,-16.099169,keyboard_electronic_069-059-050,keyboard_electronic_069-059-050,/root/autodl-tmp/tokenizer-eval/data/nsynth/nsynth-valid/audio/keyboard_electronic_069-059-050.wav,805,keyboard_electronic_069,4,keyboard,1,electronic,59,50,16000,distortion
-15.334934,-53.625366,brass_acoustic_006-049-050,brass_acoustic_006-049-050,/root/autodl-tmp/tokenizer-eval/data/nsynth/nsynth-valid/audio/brass_acoustic_006-049-050.wav,43,brass_acoustic_006,1,brass,0,acoustic,49,50,16000,reverb
-2.4367151,42.530266,bass_synthetic_068-083-025,bass_synthetic_068-083-025,/root/autodl-tmp/tokenizer-eval/data/nsynth/nsynth-valid/audio/bass_synthetic_068-083-025.wav,656,bass_synthetic_068,0,bass,2,synthetic,83,25,16000,fast_decay
46.530334,-33.909992,bass_synthetic_068-043-025,bass_synthetic_068-043-025,/root/autodl-tmp/tokenizer-eval/data/nsynth/nsynth-valid/audio/bass_synthetic_068-043-025.wav,656,bass_synthetic_068,0,bass,2,synthetic,43,25,16000,dark
-34.786762,65.44634,bass_synthetic_135-094-050,bass_synthetic_135-094-050,/root/autodl-tmp/tokenizer-eval/data/nsynth/nsynth-valid/audio/bass_synthetic_135-094-050.wav,927,bass_synthetic_135,0,bass,2,synthetic,94,50,16000,distortion
1.7668108,34.537415,bass_synthetic_068-080-025,bass_synthetic_068-080-025,/root/autodl-tmp/tokenizer-eval/data/nsynth/nsynth-valid/audio/bass_synthetic_068-080-025.wav,656,bass_synthetic_068,0,bass,2,synthetic,80,25,16000,fast_decay
-29.060465,-25.697508,vocal_acoustic_000-063-025,vocal_acoustic_000-063-025,/root/autodl-tmp/tokenizer-eval/data/nsynth/nsynth-valid/audio/vocal_acoustic_000-063-025.wav,46,vocal_acoustic_000,10,vocal,0,acoustic,63,25,16000,reverb
-8.798793,-58.184574,brass_acoustic_006-037-075,brass_acoustic_006-037-075,/root/autodl-tmp/tokenizer-eval/data/nsynth/nsynth-valid/audio/brass_acoustic_006-037-075.wav,43,brass_acoustic_006,1,brass,0,acoustic,37,75,16000,reverb
45.31638,-21.26807,guitar_acoustic_015-047-075,guitar_acoustic_015-047-075,/root/autodl-tmp/tokenizer-eval/data/nsynth/nsynth-valid/audio/guitar_acoustic_015-047-075.wav,316,guitar_acoustic_015,3,guitar,0,acoustic,47,75,16000,reverb
-3.041303,28.169485,bass_synthetic_135-077-025,bass_synthetic_135-077-025,/root/autodl-tmp/tokenizer-eval/data/nsynth/nsynth-valid/audio/bass_synthetic_135-077-025.wav,927,bass_synthetic_135,0,bass,2,synthetic,77,25,16000,distortion
-9.584944,39.022392,guitar_acoustic_010-083-100,guitar_acoustic_010-083-100,/root/autodl-tmp/tokenizer-eval/data/nsynth/nsynth-valid/audio/guitar_acoustic_010-083-100.wav,219,guitar_acoustic_010,3,guitar,0,acoustic,83,100,16000,
-1.6224215,-57.156975,brass_acoustic_059-035-100,brass_acoustic_059-035-100,/root/autodl-tmp/tokenizer-eval/data/nsynth/nsynth-valid/audio/brass_acoustic_059-035-100.wav,572,brass_acoustic_059,1,brass,0,acoustic,35,100,16000,reverb
11.305506,-82.97501,flute_synthetic_000-051-127,flute_synthetic_000-051-127,/root/autodl-tmp/tokenizer-eval/data/nsynth/nsynth-valid/audio/flute_synthetic_000-051-127.wav,82,flute_synthetic_000,2,flute,2,synthetic,51,127,16000,distortion
59.4588,10.566472,keyboard_electronic_001-089-050,keyboard_electronic_001-089-050,/root/autodl-tmp/tokenizer-eval/data/nsynth/nsynth-valid/audio/keyboard_electronic_001-089-050.wav,40,keyboard_electronic_001,4,keyboard,1,electronic,89,50,16000,long_release
-28.205103,20.812344,string_acoustic_057-087-025,string_acoustic_057-087-025,/root/autodl-tmp/tokenizer-eval/data/nsynth/nsynth-valid/audio/string_acoustic_057-087-025.wav,450,string_acoustic_057,8,string,0,acoustic,87,25,16000,bright|nonlinear_env|reverb
-11.58082,13.520561,flute_acoustic_002-076-025,flute_acoustic_002-076-025,/root/autodl-tmp/tokenizer-eval/data/nsynth/nsynth-valid/audio/flute_acoustic_002-076-025.wav,86,flute_acoustic_002,2,flute,0,acoustic,76,25,16000,reverb
-38.97072,-1.0547664,organ_electronic_007-070-050,organ_electronic_007-070-050,/root/autodl-tmp/tokenizer-eval/data/nsynth/nsynth-valid/audio/organ_electronic_007-070-050.wav,123,organ_electronic_007,6,organ,1,electronic,70,50,16000,distortion|long_release|nonlinear_env
43.27272,-24.633152,guitar_electronic_028-047-050,guitar_electronic_028-047-050,/root/autodl-tmp/tokenizer-eval/data/nsynth/nsynth-valid/audio/guitar_electronic_028-047-050.wav,510,guitar_electronic_028,3,guitar,1,electronic,47,50,16000,dark
36.162537,-35.72843,guitar_electronic_028-042-100,guitar_electronic_028-042-100,/root/autodl-tmp/tokenizer-eval/data/nsynth/nsynth-valid/audio/guitar_electronic_028-042-100.wav,510,guitar_electronic_028,3,guitar,1,electronic,42,100,16000,dark
-35.2946,-21.313211,vocal_acoustic_000-057-100,vocal_acoustic_000-057-100,/root/autodl-tmp/tokenizer-eval/data/nsynth/nsynth-valid/audio/vocal_acoustic_000-057-100.wav,46,vocal_acoustic_000,10,vocal,0,acoustic,57,100,16000,reverb
50.61943,3.2088265,string_acoustic_056-037-100,string_acoustic_056-037-100,/root/autodl-tmp/tokenizer-eval/data/nsynth/nsynth-valid/audio/string_acoustic_056-037-100.wav,436,string_acoustic_056,8,string,0,acoustic,37,100,16000,fast_decay|reverb
27.272108,-23.15029,guitar_acoustic_021-052-050,guitar_acoustic_021-052-050,/root/autodl-tmp/tokenizer-eval/data/nsynth/nsynth-valid/audio/guitar_acoustic_021-052-050.wav,457,guitar_acoustic_021,3,guitar,0,acoustic,52,50,16000,
-89.58407,-25.690649,bass_synthetic_098-047-100,bass_synthetic_098-047-100,/root/autodl-tmp/tokenizer-eval/data/nsynth/nsynth-valid/audio/bass_synthetic_098-047-100.wav,803,bass_synthetic_098,0,bass,2,synthetic,47,100,16000,distortion
26.46177,88.57279,reed_acoustic_023-086-127,reed_acoustic_023-086-127,/root/autodl-tmp/tokenizer-eval/data/nsynth/nsynth-valid/audio/reed_acoustic_023-086-127.wav,224,reed_acoustic_023,7,reed,0,acoustic,86,127,16000,fast_decay|multiphonic|nonlinear_env
36.808178,-34.994015,bass_electronic_018-042-127,bass_electronic_018-042-127,/root/autodl-tmp/tokenizer-eval/data/nsynth/nsynth-valid/audio/bass_electronic_018-042-127.wav,759,bass_electronic_018,0,bass,1,electronic,42,127,16000,
-60.732708,4.1683345,vocal_synthetic_003-070-100,vocal_synthetic_003-070-100,/root/autodl-tmp/tokenizer-eval/data/nsynth/nsynth-valid/audio/vocal_synthetic_003-070-100.wav,37,vocal_synthetic_003,10,vocal,2,synthetic,70,100,16000,bright|distortion|long_release|nonlinear_env
24.12328,-55.124718,string_acoustic_012-039-075,string_acoustic_012-039-075,/root/autodl-tmp/tokenizer-eval/data/nsynth/nsynth-valid/audio/string_acoustic_012-039-075.wav,97,string_acoustic_012,8,string,0,acoustic,39,75,16000,long_release|reverb
-18.892426,39.942833,brass_acoustic_046-081-100,brass_acoustic_046-081-100,/root/autodl-tmp/tokenizer-eval/data/nsynth/nsynth-valid/audio/brass_acoustic_046-081-100.wav,414,brass_acoustic_046,1,brass,0,acoustic,81,100,16000,
10.635122,81.71888,reed_acoustic_023-089-050,reed_acoustic_023-089-050,/root/autodl-tmp/tokenizer-eval/data/nsynth/nsynth-valid/audio/reed_acoustic_023-089-050.wav,224,reed_acoustic_023,7,reed,0,acoustic,89,50,16000,fast_decay|multiphonic|nonlinear_env
33.396763,-64.75296,flute_synthetic_000-033-075,flute_synthetic_000-033-075,/root/autodl-tmp/tokenizer-eval/data/nsynth/nsynth-valid/audio/flute_synthetic_000-033-075.wav,82,flute_synthetic_000,2,flute,2,synthetic,33,75,16000,distortion
9.381662,49.906143,mallet_acoustic_062-087-050,mallet_acoustic_062-087-050,/root/autodl-tmp/tokenizer-eval/data/nsynth/nsynth-valid/audio/mallet_acoustic_062-087-050.wav,644,mallet_acoustic_062,5,mallet,0,acoustic,87,50,16000,fast_decay|multiphonic
-15.505337,32.702732,reed_acoustic_018-082-075,reed_acoustic_018-082-075,/root/autodl-tmp/tokenizer-eval/data/nsynth/nsynth-valid/audio/reed_acoustic_018-082-075.wav,183,reed_acoustic_018,7,reed,0,acoustic,82,75,16000,
-18.040068,39.94552,reed_acoustic_018-081-127,reed_acoustic_018-081-127,/root/autodl-tmp/tokenizer-eval/data/nsynth/nsynth-valid/audio/reed_acoustic_018-081-127.wav,183,reed_acoustic_018,7,reed,0,acoustic,81,127,16000,
18.101692,-79.979416,flute_synthetic_000-047-100,flute_synthetic_000-047-100,/root/autodl-tmp/tokenizer-eval/data/nsynth/nsynth-valid/audio/flute_synthetic_000-047-100.wav,82,flute_synthetic_000,2,flute,2,synthetic,47,100,16000,distortion
-23.35863,56.30559,flute_acoustic_002-088-100,flute_acoustic_002-088-100,/root/autodl-tmp/tokenizer-eval/data/nsynth/nsynth-valid/audio/flute_acoustic_002-088-100.wav,86,flute_acoustic_002,2,flute,0,acoustic,88,100,16000,reverb
7.9357147,58.90311,keyboard_electronic_002-093-050,keyboard_electronic_002-093-050,/root/autodl-tmp/tokenizer-eval/data/nsynth/nsynth-valid/audio/keyboard_electronic_002-093-050.wav,50,keyboard_electronic_002,4,keyboard,1,electronic,93,50,16000,fast_decay|percussive
-18.75809,8.359696,reed_acoustic_011-077-050,reed_acoustic_011-077-050,/root/autodl-tmp/tokenizer-eval/data/nsynth/nsynth-valid/audio/reed_acoustic_011-077-050.wav,104,reed_acoustic_011,7,reed,0,acoustic,77,50,16000,
2.9508557,30.165665,guitar_acoustic_021-078-050,guitar_acoustic_021-078-050,/root/autodl-tmp/tokenizer-eval/data/nsynth/nsynth-valid/audio/guitar_acoustic_021-078-050.wav,457,guitar_acoustic_021,3,guitar,0,acoustic,78,50,16000,fast_decay
-51.21314,-43.825394,vocal_synthetic_003-060-050,vocal_synthetic_003-060-050,/root/autodl-tmp/tokenizer-eval/data/nsynth/nsynth-valid/audio/vocal_synthetic_003-060-050.wav,37,vocal_synthetic_003,10,vocal,2,synthetic,60,50,16000,bright|distortion|long_release|nonlinear_env
44.514862,-27.837372,keyboard_electronic_078-045-100,keyboard_electronic_078-045-100,/root/autodl-tmp/tokenizer-eval/data/nsynth/nsynth-valid/audio/keyboard_electronic_078-045-100.wav,838,keyboard_electronic_078,4,keyboard,1,electronic,45,100,16000,bright
-32.488937,24.136627,flute_acoustic_002-085-075,flute_acoustic_002-085-075,/root/autodl-tmp/tokenizer-eval/data/nsynth/nsynth-valid/audio/flute_acoustic_002-085-075.wav,86,flute_acoustic_002,2,flute,0,acoustic,85,75,16000,long_release|reverb
-72.83488,22.125637,vocal_synthetic_003-077-050,vocal_synthetic_003-077-050,/root/autodl-tmp/tokenizer-eval/data/nsynth/nsynth-valid/audio/vocal_synthetic_003-077-050.wav,37,vocal_synthetic_003,10,vocal,2,synthetic,77,50,16000,bright|distortion|long_release|nonlinear_env
-39.440132,-18.04432,string_acoustic_057-056-025,string_acoustic_057-056-025,/root/autodl-tmp/tokenizer-eval/data/nsynth/nsynth-valid/audio/string_acoustic_057-056-025.wav,450,string_acoustic_057,8,string,0,acoustic,56,25,16000,nonlinear_env|reverb
44.375854,-21.323355,guitar_acoustic_015-048-050,guitar_acoustic_015-048-050,/root/autodl-tmp/tokenizer-eval/data/nsynth/nsynth-valid/audio/guitar_acoustic_015-048-050.wav,316,guitar_acoustic_015,3,guitar,0,acoustic,48,50,16000,reverb
10.861542,48.574265,mallet_acoustic_062-077-025,mallet_acoustic_062-077-025,/root/autodl-tmp/tokenizer-eval/data/nsynth/nsynth-valid/audio/mallet_acoustic_062-077-025.wav,644,mallet_acoustic_062,5,mallet,0,acoustic,77,25,16000,fast_decay|multiphonic|percussive
46.87454,2.2180974,mallet_acoustic_062-051-025,mallet_acoustic_062-051-025,/root/autodl-tmp/tokenizer-eval/data/nsynth/nsynth-valid/audio/mallet_acoustic_062-051-025.wav,644,mallet_acoustic_062,5,mallet,0,acoustic,51,25,16000,dark|fast_decay|multiphonic
-36.429367,43.900826,organ_electronic_057-080-025,organ_electronic_057-080-025,/root/autodl-tmp/tokenizer-eval/data/nsynth/nsynth-valid/audio/organ_electronic_057-080-025.wav,701,organ_electronic_057,6,organ,1,electronic,80,25,16000,
-84.29096,-26.813566,bass_synthetic_098-089-100,bass_synthetic_098-089-100,/root/autodl-tmp/tokenizer-eval/data/nsynth/nsynth-valid/audio/bass_synthetic_098-089-100.wav,803,bass_synthetic_098,0,bass,2,synthetic,89,100,16000,
-32.551113,30.887829,reed_acoustic_018-084-127,reed_acoustic_018-084-127,/root/autodl-tmp/tokenizer-eval/data/nsynth/nsynth-valid/audio/reed_acoustic_018-084-127.wav,183,reed_acoustic_018,7,reed,0,acoustic,84,127,16000,
51.489033,-21.167753,keyboard_electronic_003-046-075,keyboard_electronic_003-046-075,/root/autodl-tmp/tokenizer-eval/data/nsynth/nsynth-valid/audio/keyboard_electronic_003-046-075.wav,65,keyboard_electronic_003,4,keyboard,1,electronic,46,75,16000,distortion
-87.95708,-27.003334,bass_synthetic_098-056-127,bass_synthetic_098-056-127,/root/autodl-tmp/tokenizer-eval/data/nsynth/nsynth-valid/audio/bass_synthetic_098-056-127.wav,803,bass_synthetic_098,0,bass,2,synthetic,56,127,16000,distortion
50.062153,3.934399,string_acoustic_056-048-100,string_acoustic_056-048-100,/root/autodl-tmp/tokenizer-eval/data/nsynth/nsynth-valid/audio/string_acoustic_056-048-100.wav,436,string_acoustic_056,8,string,0,acoustic,48,100,16000,fast_decay|reverb
30.00654,8.317675,mallet_acoustic_062-063-127,mallet_acoustic_062-063-127,/root/autodl-tmp/tokenizer-eval/data/nsynth/nsynth-valid/audio/mallet_acoustic_062-063-127.wav,644,mallet_acoustic_062,5,mallet,0,acoustic,63,127,16000,dark|long_release|multiphonic
-51.320137,15.3793125,organ_electronic_007-073-050,organ_electronic_007-073-050,/root/autodl-tmp/tokenizer-eval/data/nsynth/nsynth-valid/audio/organ_electronic_007-073-050.wav,123,organ_electronic_007,6,organ,1,electronic,73,50,16000,distortion|long_release|nonlinear_env
-26.107288,21.238201,organ_electronic_007-087-050,organ_electronic_007-087-050,/root/autodl-tmp/tokenizer-eval/data/nsynth/nsynth-valid/audio/organ_electronic_007-087-050.wav,123,organ_electronic_007,6,organ,1,electronic,87,50,16000,long_release|nonlinear_env
-7.1430387,-43.468903,reed_acoustic_037-039-025,reed_acoustic_037-039-025,/root/autodl-tmp/tokenizer-eval/data/nsynth/nsynth-valid/audio/reed_acoustic_037-039-025.wav,387,reed_acoustic_037,7,reed,0,acoustic,39,25,16000,reverb
61.83446,-32.241745,string_acoustic_012-048-075,string_acoustic_012-048-075,/root/autodl-tmp/tokenizer-eval/data/nsynth/nsynth-valid/audio/string_acoustic_012-048-075.wav,97,string_acoustic_012,8,string,0,acoustic,48,75,16000,long_release|reverb
-1.9087074,-8.018348,organ_electronic_028-063-100,organ_electronic_028-063-100,/root/autodl-tmp/tokenizer-eval/data/nsynth/nsynth-valid/audio/organ_electronic_028-063-100.wav,440,organ_electronic_028,6,organ,1,electronic,63,100,16000,dark
45.54492,-45.558937,bass_electronic_027-039-075,bass_electronic_027-039-075,/root/autodl-tmp/tokenizer-eval/data/nsynth/nsynth-valid/audio/bass_electronic_027-039-075.wav,880,bass_electronic_027,0,bass,1,electronic,39,75,16000,
-46.145237,-45.446144,vocal_synthetic_003-058-127,vocal_synthetic_003-058-127,/root/autodl-tmp/tokenizer-eval/data/nsynth/nsynth-valid/audio/vocal_synthetic_003-058-127.wav,37,vocal_synthetic_003,10,vocal,2,synthetic,58,127,16000,bright|distortion|long_release|nonlinear_env
30.063713,-9.945367,bass_synthetic_068-055-127,bass_synthetic_068-055-127,/root/autodl-tmp/tokenizer-eval/data/nsynth/nsynth-valid/audio/bass_synthetic_068-055-127.wav,656,bass_synthetic_068,0,bass,2,synthetic,55,127,16000,dark|distortion
50.98311,-19.007353,guitar_acoustic_030-045-025,guitar_acoustic_030-045-025,/root/autodl-tmp/tokenizer-eval/data/nsynth/nsynth-valid/audio/guitar_acoustic_030-045-025.wav,642,guitar_acoustic_030,3,guitar,0,acoustic,45,25,16000,tempo-synced
30.670818,48.540844,mallet_acoustic_047-067-025,mallet_acoustic_047-067-025,/root/autodl-tmp/tokenizer-eval/data/nsynth/nsynth-valid/audio/mallet_acoustic_047-067-025.wav,488,mallet_acoustic_047,5,mallet,0,acoustic,67,25,16000,fast_decay|percussive|reverb
-60.86917,39.18253,vocal_synthetic_003-096-127,vocal_synthetic_003-096-127,/root/autodl-tmp/tokenizer-eval/data/nsynth/nsynth-valid/audio/vocal_synthetic_003-096-127.wav,37,vocal_synthetic_003,10,vocal,2,synthetic,96,127,16000,bright|distortion|long_release|nonlinear_env
53.868385,-8.929302,mallet_acoustic_062-043-075,mallet_acoustic_062-043-075,/root/autodl-tmp/tokenizer-eval/data/nsynth/nsynth-valid/audio/mallet_acoustic_062-043-075.wav,644,mallet_acoustic_062,5,mallet,0,acoustic,43,75,16000,dark|multiphonic
7.8531084,-2.7983687,keyboard_electronic_098-065-025,keyboard_electronic_098-065-025,/root/autodl-tmp/tokenizer-eval/data/nsynth/nsynth-valid/audio/keyboard_electronic_098-065-025.wav,905,keyboard_electronic_098,4,keyboard,1,electronic,65,25,16000,
18.260574,20.773212,guitar_acoustic_015-072-075,guitar_acoustic_015-072-075,/root/autodl-tmp/tokenizer-eval/data/nsynth/nsynth-valid/audio/guitar_acoustic_015-072-075.wav,316,guitar_acoustic_015,3,guitar,0,acoustic,72,75,16000,reverb
-33.87998,-26.041405,vocal_acoustic_000-050-075,vocal_acoustic_000-050-075,/root/autodl-tmp/tokenizer-eval/data/nsynth/nsynth-valid/audio/vocal_acoustic_000-050-075.wav,46,vocal_acoustic_000,10,vocal,0,acoustic,50,75,16000,reverb
-13.205293,-18.509922,brass_acoustic_059-056-100,brass_acoustic_059-056-100,/root/autodl-tmp/tokenizer-eval/data/nsynth/nsynth-valid/audio/brass_acoustic_059-056-100.wav,572,brass_acoustic_059,1,brass,0,acoustic,56,100,16000,reverb
-23.124205,59.543324,guitar_acoustic_010-088-075,guitar_acoustic_010-088-075,/root/autodl-tmp/tokenizer-eval/data/nsynth/nsynth-valid/audio/guitar_acoustic_010-088-075.wav,219,guitar_acoustic_010,3,guitar,0,acoustic,88,75,16000,
39.20452,82.70843,reed_acoustic_023-062-025,reed_acoustic_023-062-025,/root/autodl-tmp/tokenizer-eval/data/nsynth/nsynth-valid/audio/reed_acoustic_023-062-025.wav,224,reed_acoustic_023,7,reed,0,acoustic,62,25,16000,bright|fast_decay|multiphonic|nonlinear_env
33.06867,-45.08428,guitar_electronic_022-033-100,guitar_electronic_022-033-100,/root/autodl-tmp/tokenizer-eval/data/nsynth/nsynth-valid/audio/guitar_electronic_022-033-100.wav,378,guitar_electronic_022,3,guitar,1,electronic,33,100,16000,dark
-70.197105,20.115149,vocal_synthetic_003-076-127,vocal_synthetic_003-076-127,/root/autodl-tmp/tokenizer-eval/data/nsynth/nsynth-valid/audio/vocal_synthetic_003-076-127.wav,37,vocal_synthetic_003,10,vocal,2,synthetic,76,127,16000,bright|distortion|long_release|nonlinear_env
34.494663,-78.8421,organ_electronic_028-039-075,organ_electronic_028-039-075,/root/autodl-tmp/tokenizer-eval/data/nsynth/nsynth-valid/audio/organ_electronic_028-039-075.wav,440,organ_electronic_028,6,organ,1,electronic,39,75,16000,dark
-7.191621,-48.267246,reed_acoustic_037-032-075,reed_acoustic_037-032-075,/root/autodl-tmp/tokenizer-eval/data/nsynth/nsynth-valid/audio/reed_acoustic_037-032-075.wav,387,reed_acoustic_037,7,reed,0,acoustic,32,75,16000,long_release|reverb
-26.520449,-66.79615,vocal_synthetic_003-037-075,vocal_synthetic_003-037-075,/root/autodl-tmp/tokenizer-eval/data/nsynth/nsynth-valid/audio/vocal_synthetic_003-037-075.wav,37,vocal_synthetic_003,10,vocal,2,synthetic,37,75,16000,distortion|long_release|nonlinear_env
-27.819628,56.33192,flute_acoustic_002-089-075,flute_acoustic_002-089-075,/root/autodl-tmp/tokenizer-eval/data/nsynth/nsynth-valid/audio/flute_acoustic_002-089-075.wav,86,flute_acoustic_002,2,flute,0,acoustic,89,75,16000,long_release|reverb
-91.25347,-23.27787,bass_synthetic_098-053-025,bass_synthetic_098-053-025,/root/autodl-tmp/tokenizer-eval/data/nsynth/nsynth-valid/audio/bass_synthetic_098-053-025.wav,803,bass_synthetic_098,0,bass,2,synthetic,53,25,16000,dark
59.946415,-19.34451,keyboard_acoustic_004-042-025,keyboard_acoustic_004-042-025,/root/autodl-tmp/tokenizer-eval/data/nsynth/nsynth-valid/audio/keyboard_acoustic_004-042-025.wav,327,keyboard_acoustic_004,4,keyboard,0,acoustic,42,25,16000,dark|reverb
-9.3307085,9.042619,reed_acoustic_011-075-127,reed_acoustic_011-075-127,/root/autodl-tmp/tokenizer-eval/data/nsynth/nsynth-valid/audio/reed_acoustic_011-075-127.wav,104,reed_acoustic_011,7,reed,0,acoustic,75,127,16000,
-35.874756,-51.127754,bass_synthetic_009-051-075,bass_synthetic_009-051-075,/root/autodl-tmp/tokenizer-eval/data/nsynth/nsynth-valid/audio/bass_synthetic_009-051-075.wav,150,bass_synthetic_009,0,bass,2,synthetic,51,75,16000,bright|distortion|long_release
39.531666,47.053787,mallet_acoustic_047-076-075,mallet_acoustic_047-076-075,/root/autodl-tmp/tokenizer-eval/data/nsynth/nsynth-valid/audio/mallet_acoustic_047-076-075.wav,488,mallet_acoustic_047,5,mallet,0,acoustic,76,75,16000,percussive|reverb
-25.394098,59.988564,organ_electronic_028-089-025,organ_electronic_028-089-025,/root/autodl-tmp/tokenizer-eval/data/nsynth/nsynth-valid/audio/organ_electronic_028-089-025.wav,440,organ_electronic_028,6,organ,1,electronic,89,25,16000,
11.735731,23.829,keyboard_electronic_002-074-075,keyboard_electronic_002-074-075,/root/autodl-tmp/tokenizer-eval/data/nsynth/nsynth-valid/audio/keyboard_electronic_002-074-075.wav,50,keyboard_electronic_002,4,keyboard,1,electronic,74,75,16000,
-46.019962,-19.83764,guitar_acoustic_010-068-100,guitar_acoustic_010-068-100,/root/autodl-tmp/tokenizer-eval/data/nsynth/nsynth-valid/audio/guitar_acoustic_010-068-100.wav,219,guitar_acoustic_010,3,guitar,0,acoustic,68,100,16000,
52.071903,8.488873,string_acoustic_014-064-100,string_acoustic_014-064-100,/root/autodl-tmp/tokenizer-eval/data/nsynth/nsynth-valid/audio/string_acoustic_014-064-100.wav,100,string_acoustic_014,8,string,0,acoustic,64,100,16000,fast_decay|percussive|reverb
19.677715,52.86273,string_acoustic_056-074-127,string_acoustic_056-074-127,/root/autodl-tmp/tokenizer-eval/data/nsynth/nsynth-valid/audio/string_acoustic_056-074-127.wav,436,string_acoustic_056,8,string,0,acoustic,74,127,16000,fast_decay|percussive|reverb
52.056465,-7.287222,mallet_acoustic_062-045-050,mallet_acoustic_062-045-050,/root/autodl-tmp/tokenizer-eval/data/nsynth/nsynth-valid/audio/mallet_acoustic_062-045-050.wav,644,mallet_acoustic_062,5,mallet,0,acoustic,45,50,16000,dark|multiphonic
-38.09463,43.389595,organ_electronic_057-081-075,organ_electronic_057-081-075,/root/autodl-tmp/tokenizer-eval/data/nsynth/nsynth-valid/audio/organ_electronic_057-081-075.wav,701,organ_electronic_057,6,organ,1,electronic,81,75,16000,
19.137516,54.940678,string_acoustic_056-073-100,string_acoustic_056-073-100,/root/autodl-tmp/tokenizer-eval/data/nsynth/nsynth-valid/audio/string_acoustic_056-073-100.wav,436,string_acoustic_056,8,string,0,acoustic,73,100,16000,fast_decay|percussive|reverb
29.203712,-28.621737,bass_synthetic_034-051-050,bass_synthetic_034-051-050,/root/autodl-tmp/tokenizer-eval/data/nsynth/nsynth-valid/audio/bass_synthetic_034-051-050.wav,420,bass_synthetic_034,0,bass,2,synthetic,51,50,16000,distortion|tempo-synced
-61.75928,42.988716,vocal_synthetic_003-094-075,vocal_synthetic_003-094-075,/root/autodl-tmp/tokenizer-eval/data/nsynth/nsynth-valid/audio/vocal_synthetic_003-094-075.wav,37,vocal_synthetic_003,10,vocal,2,synthetic,94,75,16000,long_release|nonlinear_env
-45.92986,45.41941,string_acoustic_057-095-100,string_acoustic_057-095-100,/root/autodl-tmp/tokenizer-eval/data/nsynth/nsynth-valid/audio/string_acoustic_057-095-100.wav,450,string_acoustic_057,8,string,0,acoustic,95,100,16000,nonlinear_env|reverb
-85.593704,-28.1297,bass_synthetic_098-069-127,bass_synthetic_098-069-127,/root/autodl-tmp/tokenizer-eval/data/nsynth/nsynth-valid/audio/bass_synthetic_098-069-127.wav,803,bass_synthetic_098,0,bass,2,synthetic,69,127,16000,
-20.212318,-16.54271,brass_acoustic_046-064-025,brass_acoustic_046-064-025,/root/autodl-tmp/tokenizer-eval/data/nsynth/nsynth-valid/audio/brass_acoustic_046-064-025.wav,414,brass_acoustic_046,1,brass,0,acoustic,64,25,16000,
18.606586,-24.983526,organ_electronic_104-044-075,organ_electronic_104-044-075,/root/autodl-tmp/tokenizer-eval/data/nsynth/nsynth-valid/audio/organ_electronic_104-044-075.wav,921,organ_electronic_104,6,organ,1,electronic,44,75,16000,
45.889603,39.903957,bass_synthetic_134-080-075,bass_synthetic_134-080-075,/root/autodl-tmp/tokenizer-eval/data/nsynth/nsynth-valid/audio/bass_synthetic_134-080-075.wav,914,bass_synthetic_134,0,bass,2,synthetic,80,75,16000,fast_decay|percussive|reverb
58.77319,-30.78095,string_acoustic_012-045-075,string_acoustic_012-045-075,/root/autodl-tmp/tokenizer-eval/data/nsynth/nsynth-valid/audio/string_acoustic_012-045-075.wav,97,string_acoustic_012,8,string,0,acoustic,45,75,16000,reverb
37.727844,74.46631,reed_acoustic_023-037-050,reed_acoustic_023-037-050,/root/autodl-tmp/tokenizer-eval/data/nsynth/nsynth-valid/audio/reed_acoustic_023-037-050.wav,224,reed_acoustic_023,7,reed,0,acoustic,37,50,16000,bright|fast_decay|multiphonic|nonlinear_env
-24.96425,-17.558548,organ_electronic_001-077-075,organ_electronic_001-077-075,/root/autodl-tmp/tokenizer-eval/data/nsynth/nsynth-valid/audio/organ_electronic_001-077-075.wav,8,organ_electronic_001,6,organ,1,electronic,77,75,16000,
64.00853,-36.96119,organ_electronic_028-051-100,organ_electronic_028-051-100,/root/autodl-tmp/tokenizer-eval/data/nsynth/nsynth-valid/audio/organ_electronic_028-051-100.wav,440,organ_electronic_028,6,organ,1,electronic,51,100,16000,dark
25.549934,85.50861,keyboard_synthetic_000-079-025,keyboard_synthetic_000-079-025,/root/autodl-tmp/tokenizer-eval/data/nsynth/nsynth-valid/audio/keyboard_synthetic_000-079-025.wav,577,keyboard_synthetic_000,4,keyboard,2,synthetic,79,25,16000,distortion|fast_decay|nonlinear_env
45.410484,-7.1380363,mallet_acoustic_062-050-075,mallet_acoustic_062-050-075,/root/autodl-tmp/tokenizer-eval/data/nsynth/nsynth-valid/audio/mallet_acoustic_062-050-075.wav,644,mallet_acoustic_062,5,mallet,0,acoustic,50,75,16000,dark|multiphonic
-32.007088,-35.444702,flute_synthetic_000-064-025,flute_synthetic_000-064-025,/root/autodl-tmp/tokenizer-eval/data/nsynth/nsynth-valid/audio/flute_synthetic_000-064-025.wav,82,flute_synthetic_000,2,flute,2,synthetic,64,25,16000,distortion
22.440956,42.528587,mallet_acoustic_047-077-050,mallet_acoustic_047-077-050,/root/autodl-tmp/tokenizer-eval/data/nsynth/nsynth-valid/audio/mallet_acoustic_047-077-050.wav,488,mallet_acoustic_047,5,mallet,0,acoustic,77,50,16000,fast_decay|percussive|reverb
34.169907,-8.062711,keyboard_electronic_003-055-050,keyboard_electronic_003-055-050,/root/autodl-tmp/tokenizer-eval/data/nsynth/nsynth-valid/audio/keyboard_electronic_003-055-050.wav,65,keyboard_electronic_003,4,keyboard,1,electronic,55,50,16000,dark
-62.41467,9.764929,vocal_synthetic_003-072-025,vocal_synthetic_003-072-025,/root/autodl-tmp/tokenizer-eval/data/nsynth/nsynth-valid/audio/vocal_synthetic_003-072-025.wav,37,vocal_synthetic_003,10,vocal,2,synthetic,72,25,16000,bright|distortion|long_release|nonlinear_env
-5.2556977,-45.234165,reed_acoustic_037-035-050,reed_acoustic_037-035-050,/root/autodl-tmp/tokenizer-eval/data/nsynth/nsynth-valid/audio/reed_acoustic_037-035-050.wav,387,reed_acoustic_037,7,reed,0,acoustic,35,50,16000,reverb
-6.655103,8.479677,organ_electronic_028-075-050,organ_electronic_028-075-050,/root/autodl-tmp/tokenizer-eval/data/nsynth/nsynth-valid/audio/organ_electronic_028-075-050.wav,440,organ_electronic_028,6,organ,1,electronic,75,50,16000,dark
47.94687,-39.900257,bass_electronic_027-031-075,bass_electronic_027-031-075,/root/autodl-tmp/tokenizer-eval/data/nsynth/nsynth-valid/audio/bass_electronic_027-031-075.wav,880,bass_electronic_027,0,bass,1,electronic,31,75,16000,
-44.02446,1.285419,reed_acoustic_011-071-075,reed_acoustic_011-071-075,/root/autodl-tmp/tokenizer-eval/data/nsynth/nsynth-valid/audio/reed_acoustic_011-071-075.wav,104,reed_acoustic_011,7,reed,0,acoustic,71,75,16000,
-62.34157,49.877106,vocal_synthetic_003-091-100,vocal_synthetic_003-091-100,/root/autodl-tmp/tokenizer-eval/data/nsynth/nsynth-valid/audio/vocal_synthetic_003-091-100.wav,37,vocal_synthetic_003,10,vocal,2,synthetic,91,100,16000,bright|distortion|long_release|nonlinear_env
13.576933,77.29194,reed_acoustic_023-083-127,reed_acoustic_023-083-127,/root/autodl-tmp/tokenizer-eval/data/nsynth/nsynth-valid/audio/reed_acoustic_023-083-127.wav,224,reed_acoustic_023,7,reed,0,acoustic,83,127,16000,bright|fast_decay|multiphonic|nonlinear_env
17.041012,-30.467768,organ_electronic_057-042-050,organ_electronic_057-042-050,/root/autodl-tmp/tokenizer-eval/data/nsynth/nsynth-valid/audio/organ_electronic_057-042-050.wav,701,organ_electronic_057,6,organ,1,electronic,42,50,16000,dark
-44.32941,36.775955,organ_electronic_001-088-127,organ_electronic_001-088-127,/root/autodl-tmp/tokenizer-eval/data/nsynth/nsynth-valid/audio/organ_electronic_001-088-127.wav,8,organ_electronic_001,6,organ,1,electronic,88,127,16000,
-23.861036,42.31198,string_acoustic_057-080-100,string_acoustic_057-080-100,/root/autodl-tmp/tokenizer-eval/data/nsynth/nsynth-valid/audio/string_acoustic_057-080-100.wav,450,string_acoustic_057,8,string,0,acoustic,80,100,16000,bright|nonlinear_env|reverb
43.233887,-24.680046,guitar_electronic_028-047-075,guitar_electronic_028-047-075,/root/autodl-tmp/tokenizer-eval/data/nsynth/nsynth-valid/audio/guitar_electronic_028-047-075.wav,510,guitar_electronic_028,3,guitar,1,electronic,47,75,16000,dark
48.120502,8.871448,string_acoustic_056-039-025,string_acoustic_056-039-025,/root/autodl-tmp/tokenizer-eval/data/nsynth/nsynth-valid/audio/string_acoustic_056-039-025.wav,436,string_acoustic_056,8,string,0,acoustic,39,25,16000,fast_decay|reverb
45.92638,13.0156555,string_acoustic_056-043-127,string_acoustic_056-043-127,/root/autodl-tmp/tokenizer-eval/data/nsynth/nsynth-valid/audio/string_acoustic_056-043-127.wav,436,string_acoustic_056,8,string,0,acoustic,43,127,16000,fast_decay|percussive|reverb
2.381891,-83.97852,flute_synthetic_000-056-025,flute_synthetic_000-056-025,/root/autodl-tmp/tokenizer-eval/data/nsynth/nsynth-valid/audio/flute_synthetic_000-056-025.wav,82,flute_synthetic_000,2,flute,2,synthetic,56,25,16000,distortion
-25.61734,-19.620562,brass_acoustic_006-065-075,brass_acoustic_006-065-075,/root/autodl-tmp/tokenizer-eval/data/nsynth/nsynth-valid/audio/brass_acoustic_006-065-075.wav,43,brass_acoustic_006,1,brass,0,acoustic,65,75,16000,reverb
-36.705738,-63.041946,vocal_synthetic_003-045-127,vocal_synthetic_003-045-127,/root/autodl-tmp/tokenizer-eval/data/nsynth/nsynth-valid/audio/vocal_synthetic_003-045-127.wav,37,vocal_synthetic_003,10,vocal,2,synthetic,45,127,16000,bright|distortion|long_release|nonlinear_env
60.4559,-15.497426,bass_electronic_025-040-050,bass_electronic_025-040-050,/root/autodl-tmp/tokenizer-eval/data/nsynth/nsynth-valid/audio/bass_electronic_025-040-050.wav,872,bass_electronic_025,0,bass,1,electronic,40,50,16000,
38.44938,-46.438656,keyboard_electronic_069-037-075,keyboard_electronic_069-037-075,/root/autodl-tmp/tokenizer-eval/data/nsynth/nsynth-valid/audio/keyboard_electronic_069-037-075.wav,805,keyboard_electronic_069,4,keyboard,1,electronic,37,75,16000,distortion
9.480271,-18.306923,organ_electronic_057-062-025,organ_electronic_057-062-025,/root/autodl-tmp/tokenizer-eval/data/nsynth/nsynth-valid/audio/organ_electronic_057-062-025.wav,701,organ_electronic_057,6,organ,1,electronic,62,25,16000,dark
-9.1904955,-55.617104,brass_acoustic_006-039-050,brass_acoustic_006-039-050,/root/autodl-tmp/tokenizer-eval/data/nsynth/nsynth-valid/audio/brass_acoustic_006-039-050.wav,43,brass_acoustic_006,1,brass,0,acoustic,39,50,16000,long_release|reverb
4.73824,-7.4524837,guitar_acoustic_015-062-127,guitar_acoustic_015-062-127,/root/autodl-tmp/tokenizer-eval/data/nsynth/nsynth-valid/audio/guitar_acoustic_015-062-127.wav,316,guitar_acoustic_015,3,guitar,0,acoustic,62,127,16000,reverb
-8.758329,-33.134014,brass_acoustic_015-046-100,brass_acoustic_015-046-100,/root/autodl-tmp/tokenizer-eval/data/nsynth/nsynth-valid/audio/brass_acoustic_015-046-100.wav,121,brass_acoustic_015,1,brass,0,acoustic,46,100,16000,reverb
-16.597586,-51.182716,brass_acoustic_006-051-050,brass_acoustic_006-051-050,/root/autodl-tmp/tokenizer-eval/data/nsynth/nsynth-valid/audio/brass_acoustic_006-051-050.wav,43,brass_acoustic_006,1,brass,0,acoustic,51,50,16000,reverb
-46.61131,-46.864063,vocal_synthetic_003-058-025,vocal_synthetic_003-058-025,/root/autodl-tmp/tokenizer-eval/data/nsynth/nsynth-valid/audio/vocal_synthetic_003-058-025.wav,37,vocal_synthetic_003,10,vocal,2,synthetic,58,25,16000,bright|distortion|long_release|nonlinear_env
15.90959,22.622341,guitar_acoustic_014-073-025,guitar_acoustic_014-073-025,/root/autodl-tmp/tokenizer-eval/data/nsynth/nsynth-valid/audio/guitar_acoustic_014-073-025.wav,263,guitar_acoustic_014,3,guitar,0,acoustic,73,25,16000,
48.84389,31.819582,guitar_acoustic_030-085-025,guitar_acoustic_030-085-025,/root/autodl-tmp/tokenizer-eval/data/nsynth/nsynth-valid/audio/guitar_acoustic_030-085-025.wav,642,guitar_acoustic_030,3,guitar,0,acoustic,85,25,16000,fast_decay|percussive|tempo-synced
50.0533,-19.16409,keyboard_acoustic_004-047-025,keyboard_acoustic_004-047-025,/root/autodl-tmp/tokenizer-eval/data/nsynth/nsynth-valid/audio/keyboard_acoustic_004-047-025.wav,327,keyboard_acoustic_004,4,keyboard,0,acoustic,47,25,16000,dark|reverb
29.76328,-16.756495,bass_synthetic_135-054-127,bass_synthetic_135-054-127,/root/autodl-tmp/tokenizer-eval/data/nsynth/nsynth-valid/audio/bass_synthetic_135-054-127.wav,927,bass_synthetic_135,0,bass,2,synthetic,54,127,16000,distortion
-13.386317,-52.730522,brass_acoustic_006-045-075,brass_acoustic_006-045-075,/root/autodl-tmp/tokenizer-eval/data/nsynth/nsynth-valid/audio/brass_acoustic_006-045-075.wav,43,brass_acoustic_006,1,brass,0,acoustic,45,75,16000,reverb
-10.406289,-56.430397,brass_acoustic_006-040-100,brass_acoustic_006-040-100,/root/autodl-tmp/tokenizer-eval/data/nsynth/nsynth-valid/audio/brass_acoustic_006-040-100.wav,43,brass_acoustic_006,1,brass,0,acoustic,40,100,16000,reverb
32.63431,90.62317,reed_acoustic_023-078-050,reed_acoustic_023-078-050,/root/autodl-tmp/tokenizer-eval/data/nsynth/nsynth-valid/audio/reed_acoustic_023-078-050.wav,224,reed_acoustic_023,7,reed,0,acoustic,78,50,16000,bright|fast_decay|multiphonic|nonlinear_env
-37.90182,59.94404,organ_electronic_007-090-075,organ_electronic_007-090-075,/root/autodl-tmp/tokenizer-eval/data/nsynth/nsynth-valid/audio/organ_electronic_007-090-075.wav,123,organ_electronic_007,6,organ,1,electronic,90,75,16000,long_release|nonlinear_env
-29.323006,48.115883,brass_acoustic_006-078-025,brass_acoustic_006-078-025,/root/autodl-tmp/tokenizer-eval/data/nsynth/nsynth-valid/audio/brass_acoustic_006-078-025.wav,43,brass_acoustic_006,1,brass,0,acoustic,78,25,16000,reverb
38.430344,-52.58109,guitar_acoustic_021-039-050,guitar_acoustic_021-039-050,/root/autodl-tmp/tokenizer-eval/data/nsynth/nsynth-valid/audio/guitar_acoustic_021-039-050.wav,457,guitar_acoustic_021,3,guitar,0,acoustic,39,50,16000,
-13.249391,-51.682377,brass_acoustic_059-045-100,brass_acoustic_059-045-100,/root/autodl-tmp/tokenizer-eval/data/nsynth/nsynth-valid/audio/brass_acoustic_059-045-100.wav,572,brass_acoustic_059,1,brass,0,acoustic,45,100,16000,reverb
-9.6303,13.77276,guitar_acoustic_010-076-100,guitar_acoustic_010-076-100,/root/autodl-tmp/tokenizer-eval/data/nsynth/nsynth-valid/audio/guitar_acoustic_010-076-100.wav,219,guitar_acoustic_010,3,guitar,0,acoustic,76,100,16000,
-25.772964,-1.5280735,flute_synthetic_000-074-025,flute_synthetic_000-074-025,/root/autodl-tmp/tokenizer-eval/data/nsynth/nsynth-valid/audio/flute_synthetic_000-074-025.wav,82,flute_synthetic_000,2,flute,2,synthetic,74,25,16000,distortion
6.2177525,-28.373072,organ_electronic_057-055-127,organ_electronic_057-055-127,/root/autodl-tmp/tokenizer-eval/data/nsynth/nsynth-valid/audio/organ_electronic_057-055-127.wav,701,organ_electronic_057,6,organ,1,electronic,55,127,16000,dark
49.61647,34.44068,mallet_acoustic_056-041-075,mallet_acoustic_056-041-075,/root/autodl-tmp/tokenizer-eval/data/nsynth/nsynth-valid/audio/mallet_acoustic_056-041-075.wav,590,mallet_acoustic_056,5,mallet,0,acoustic,41,75,16000,fast_decay|percussive
-32.252533,-39.38699,flute_synthetic_000-062-050,flute_synthetic_000-062-050,/root/autodl-tmp/tokenizer-eval/data/nsynth/nsynth-valid/audio/flute_synthetic_000-062-050.wav,82,flute_synthetic_000,2,flute,2,synthetic,62,50,16000,distortion
46.473866,-33.543053,bass_synthetic_068-044-025,bass_synthetic_068-044-025,/root/autodl-tmp/tokenizer-eval/data/nsynth/nsynth-valid/audio/bass_synthetic_068-044-025.wav,656,bass_synthetic_068,0,bass,2,synthetic,44,25,16000,dark
-20.098587,37.430073,string_acoustic_057-081-100,string_acoustic_057-081-100,/root/autodl-tmp/tokenizer-eval/data/nsynth/nsynth-valid/audio/string_acoustic_057-081-100.wav,450,string_acoustic_057,8,string,0,acoustic,81,100,16000,bright|nonlinear_env|reverb
51.076103,-10.32091,mallet_acoustic_062-045-127,mallet_acoustic_062-045-127,/root/autodl-tmp/tokenizer-eval/data/nsynth/nsynth-valid/audio/mallet_acoustic_062-045-127.wav,644,mallet_acoustic_062,5,mallet,0,acoustic,45,127,16000,dark|long_release|multiphonic
-89.01486,-81.233635,brass_acoustic_046-092-100,brass_acoustic_046-092-100,/root/autodl-tmp/tokenizer-eval/data/nsynth/nsynth-valid/audio/brass_acoustic_046-092-100.wav,414,brass_acoustic_046,1,brass,0,acoustic,92,100,16000,long_release
42.09214,78.85371,reed_acoustic_023-048-025,reed_acoustic_023-048-025,/root/autodl-tmp/tokenizer-eval/data/nsynth/nsynth-valid/audio/reed_acoustic_023-048-025.wav,224,reed_acoustic_023,7,reed,0,acoustic,48,25,16000,bright|fast_decay|multiphonic|nonlinear_env
43.76983,27.939272,mallet_acoustic_056-056-050,mallet_acoustic_056-056-050,/root/autodl-tmp/tokenizer-eval/data/nsynth/nsynth-valid/audio/mallet_acoustic_056-056-050.wav,590,mallet_acoustic_056,5,mallet,0,acoustic,56,50,16000,fast_decay|percussive
45.063225,9.201726,string_acoustic_056-056-050,string_acoustic_056-056-050,/root/autodl-tmp/tokenizer-eval/data/nsynth/nsynth-valid/audio/string_acoustic_056-056-050.wav,436,string_acoustic_056,8,string,0,acoustic,56,50,16000,fast_decay|percussive|reverb
-6.7056875,8.42418,organ_electronic_028-075-025,organ_electronic_028-075-025,/root/autodl-tmp/tokenizer-eval/data/nsynth/nsynth-valid/audio/organ_electronic_028-075-025.wav,440,organ_electronic_028,6,organ,1,electronic,75,25,16000,dark
-34.41313,-63.928814,vocal_synthetic_003-044-100,vocal_synthetic_003-044-100,/root/autodl-tmp/tokenizer-eval/data/nsynth/nsynth-valid/audio/vocal_synthetic_003-044-100.wav,37,vocal_synthetic_003,10,vocal,2,synthetic,44,100,16000,bright|distortion|long_release|nonlinear_env
-5.520414,40.23451,keyboard_electronic_078-083-127,keyboard_electronic_078-083-127,/root/autodl-tmp/tokenizer-eval/data/nsynth/nsynth-valid/audio/keyboard_electronic_078-083-127.wav,838,keyboard_electronic_078,4,keyboard,1,electronic,83,127,16000,bright
-17.058403,-5.889089,brass_acoustic_016-055-127,brass_acoustic_016-055-127,/root/autodl-tmp/tokenizer-eval/data/nsynth/nsynth-valid/audio/brass_acoustic_016-055-127.wav,128,brass_acoustic_016,1,brass,0,acoustic,55,127,16000,
-26.10684,21.223625,organ_electronic_007-087-025,organ_electronic_007-087-025,/root/autodl-tmp/tokenizer-eval/data/nsynth/nsynth-valid/audio/organ_electronic_007-087-025.wav,123,organ_electronic_007,6,organ,1,electronic,87,25,16000,long_release|nonlinear_env
47.940876,-10.191575,keyboard_electronic_003-049-025,keyboard_electronic_003-049-025,/root/autodl-tmp/tokenizer-eval/data/nsynth/nsynth-valid/audio/keyboard_electronic_003-049-025.wav,65,keyboard_electronic_003,4,keyboard,1,electronic,49,25,16000,dark
42.73804,24.76347,mallet_acoustic_056-062-075,mallet_acoustic_056-062-075,/root/autodl-tmp/tokenizer-eval/data/nsynth/nsynth-valid/audio/mallet_acoustic_056-062-075.wav,590,mallet_acoustic_056,5,mallet,0,acoustic,62,75,16000,fast_decay|percussive
5.2633686,25.969902,keyboard_electronic_002-076-075,keyboard_electronic_002-076-075,/root/autodl-tmp/tokenizer-eval/data/nsynth/nsynth-valid/audio/keyboard_electronic_002-076-075.wav,50,keyboard_electronic_002,4,keyboard,1,electronic,76,75,16000,fast_decay
-39.060555,21.36552,flute_synthetic_000-083-025,flute_synthetic_000-083-025,/root/autodl-tmp/tokenizer-eval/data/nsynth/nsynth-valid/audio/flute_synthetic_000-083-025.wav,82,flute_synthetic_000,2,flute,2,synthetic,83,25,16000,distortion
-34.254574,65.50133,guitar_acoustic_010-094-050,guitar_acoustic_010-094-050,/root/autodl-tmp/tokenizer-eval/data/nsynth/nsynth-valid/audio/guitar_acoustic_010-094-050.wav,219,guitar_acoustic_010,3,guitar,0,acoustic,94,50,16000,
-49.60929,31.473885,bass_synthetic_009-079-100,bass_synthetic_009-079-100,/root/autodl-tmp/tokenizer-eval/data/nsynth/nsynth-valid/audio/bass_synthetic_009-079-100.wav,150,bass_synthetic_009,0,bass,2,synthetic,79,100,16000,bright|distortion|long_release
33.625237,-37.723495,keyboard_electronic_002-037-100,keyboard_electronic_002-037-100,/root/autodl-tmp/tokenizer-eval/data/nsynth/nsynth-valid/audio/keyboard_electronic_002-037-100.wav,50,keyboard_electronic_002,4,keyboard,1,electronic,37,100,16000,distortion
-34.27669,65.601776,guitar_electronic_028-094-050,guitar_electronic_028-094-050,/root/autodl-tmp/tokenizer-eval/data/nsynth/nsynth-valid/audio/guitar_electronic_028-094-050.wav,510,guitar_electronic_028,3,guitar,1,electronic,94,50,16000,
-89.483055,-22.788843,bass_synthetic_098-070-025,bass_synthetic_098-070-025,/root/autodl-tmp/tokenizer-eval/data/nsynth/nsynth-valid/audio/bass_synthetic_098-070-025.wav,803,bass_synthetic_098,0,bass,2,synthetic,70,25,16000,
51.510868,-47.894756,bass_synthetic_135-037-127,bass_synthetic_135-037-127,/root/autodl-tmp/tokenizer-eval/data/nsynth/nsynth-valid/audio/bass_synthetic_135-037-127.wav,927,bass_synthetic_135,0,bass,2,synthetic,37,127,16000,distortion
40.04344,74.142395,reed_acoustic_023-040-075,reed_acoustic_023-040-075,/root/autodl-tmp/tokenizer-eval/data/nsynth/nsynth-valid/audio/reed_acoustic_023-040-075.wav,224,reed_acoustic_023,7,reed,0,acoustic,40,75,16000,bright|fast_decay|multiphonic|nonlinear_env
31.910791,-21.39982,bass_electronic_025-050-127,bass_electronic_025-050-127,/root/autodl-tmp/tokenizer-eval/data/nsynth/nsynth-valid/audio/bass_electronic_025-050-127.wav,872,bass_electronic_025,0,bass,1,electronic,50,127,16000,
-28.297903,4.2856836,flute_synthetic_000-078-075,flute_synthetic_000-078-075,/root/autodl-tmp/tokenizer-eval/data/nsynth/nsynth-valid/audio/flute_synthetic_000-078-075.wav,82,flute_synthetic_000,2,flute,2,synthetic,78,75,16000,distortion
-37.217304,57.097702,flute_acoustic_002-092-050,flute_acoustic_002-092-050,/root/autodl-tmp/tokenizer-eval/data/nsynth/nsynth-valid/audio/flute_acoustic_002-092-050.wav,86,flute_acoustic_002,2,flute,0,acoustic,92,50,16000,reverb
23.351519,45.076622,mallet_acoustic_047-084-050,mallet_acoustic_047-084-050,/root/autodl-tmp/tokenizer-eval/data/nsynth/nsynth-valid/audio/mallet_acoustic_047-084-050.wav,488,mallet_acoustic_047,5,mallet,0,acoustic,84,50,16000,fast_decay|percussive|reverb
-46.56053,-44.979523,vocal_synthetic_003-059-127,vocal_synthetic_003-059-127,/root/autodl-tmp/tokenizer-eval/data/nsynth/nsynth-valid/audio/vocal_synthetic_003-059-127.wav,37,vocal_synthetic_003,10,vocal,2,synthetic,59,127,16000,bright|distortion|long_release|nonlinear_env
62.35137,-15.482535,bass_synthetic_033-040-050,bass_synthetic_033-040-050,/root/autodl-tmp/tokenizer-eval/data/nsynth/nsynth-valid/audio/bass_synthetic_033-040-050.wav,417,bass_synthetic_033,0,bass,2,synthetic,40,50,16000,dark
4.2423587,38.291058,guitar_acoustic_021-081-025,guitar_acoustic_021-081-025,/root/autodl-tmp/tokenizer-eval/data/nsynth/nsynth-valid/audio/guitar_acoustic_021-081-025.wav,457,guitar_acoustic_021,3,guitar,0,acoustic,81,25,16000,fast_decay|percussive
43.188484,12.893264,string_acoustic_056-065-025,string_acoustic_056-065-025,/root/autodl-tmp/tokenizer-eval/data/nsynth/nsynth-valid/audio/string_acoustic_056-065-025.wav,436,string_acoustic_056,8,string,0,acoustic,65,25,16000,fast_decay|reverb
27.084867,91.41887,reed_acoustic_023-087-025,reed_acoustic_023-087-025,/root/autodl-tmp/tokenizer-eval/data/nsynth/nsynth-valid/audio/reed_acoustic_023-087-025.wav,224,reed_acoustic_023,7,reed,0,acoustic,87,25,16000,fast_decay|multiphonic|nonlinear_env
39.856834,76.74749,reed_acoustic_023-043-050,reed_acoustic_023-043-050,/root/autodl-tmp/tokenizer-eval/data/nsynth/nsynth-valid/audio/reed_acoustic_023-043-050.wav,224,reed_acoustic_023,7,reed,0,acoustic,43,50,16000,bright|fast_decay|multiphonic|nonlinear_env
-62.67148,34.897522,vocal_synthetic_003-084-100,vocal_synthetic_003-084-100,/root/autodl-tmp/tokenizer-eval/data/nsynth/nsynth-valid/audio/vocal_synthetic_003-084-100.wav,37,vocal_synthetic_003,10,vocal,2,synthetic,84,100,16000,bright|distortion|long_release|nonlinear_env
40.374752,79.993195,reed_acoustic_023-055-127,reed_acoustic_023-055-127,/root/autodl-tmp/tokenizer-eval/data/nsynth/nsynth-valid/audio/reed_acoustic_023-055-127.wav,224,reed_acoustic_023,7,reed,0,acoustic,55,127,16000,bright|fast_decay|multiphonic|nonlinear_env
31.182987,-8.993934,bass_synthetic_134-056-075,bass_synthetic_134-056-075,/root/autodl-tmp/tokenizer-eval/data/nsynth/nsynth-valid/audio/bass_synthetic_134-056-075.wav,914,bass_synthetic_134,0,bass,2,synthetic,56,75,16000,dark|reverb
-0.43308145,-19.101511,guitar_electronic_028-057-100,guitar_electronic_028-057-100,/root/autodl-tmp/tokenizer-eval/data/nsynth/nsynth-valid/audio/guitar_electronic_028-057-100.wav,510,guitar_electronic_028,3,guitar,1,electronic,57,100,16000,dark
15.934904,-80.86041,flute_synthetic_000-048-075,flute_synthetic_000-048-075,/root/autodl-tmp/tokenizer-eval/data/nsynth/nsynth-valid/audio/flute_synthetic_000-048-075.wav,82,flute_synthetic_000,2,flute,2,synthetic,48,75,16000,distortion
29.330795,76.63536,keyboard_synthetic_000-042-025,keyboard_synthetic_000-042-025,/root/autodl-tmp/tokenizer-eval/data/nsynth/nsynth-valid/audio/keyboard_synthetic_000-042-025.wav,577,keyboard_synthetic_000,4,keyboard,2,synthetic,42,25,16000,distortion|fast_decay|nonlinear_env
46.05518,8.342283,string_acoustic_056-059-050,string_acoustic_056-059-050,/root/autodl-tmp/tokenizer-eval/data/nsynth/nsynth-valid/audio/string_acoustic_056-059-050.wav,436,string_acoustic_056,8,string,0,acoustic,59,50,16000,fast_decay|percussive|reverb
29.441496,88.63038,reed_acoustic_023-072-025,reed_acoustic_023-072-025,/root/autodl-tmp/tokenizer-eval/data/nsynth/nsynth-valid/audio/reed_acoustic_023-072-025.wav,224,reed_acoustic_023,7,reed,0,acoustic,72,25,16000,bright|fast_decay|multiphonic|nonlinear_env
20.874258,82.802444,keyboard_synthetic_000-066-075,keyboard_synthetic_000-066-075,/root/autodl-tmp/tokenizer-eval/data/nsynth/nsynth-valid/audio/keyboard_synthetic_000-066-075.wav,577,keyboard_synthetic_000,4,keyboard,2,synthetic,66,75,16000,distortion|fast_decay|nonlinear_env
7.588317,77.6205,reed_acoustic_023-093-050,reed_acoustic_023-093-050,/root/autodl-tmp/tokenizer-eval/data/nsynth/nsynth-valid/audio/reed_acoustic_023-093-050.wav,224,reed_acoustic_023,7,reed,0,acoustic,93,50,16000,fast_decay|multiphonic|nonlinear_env
63.268353,-0.9724739,mallet_acoustic_062-031-025,mallet_acoustic_062-031-025,/root/autodl-tmp/tokenizer-eval/data/nsynth/nsynth-valid/audio/mallet_acoustic_062-031-025.wav,644,mallet_acoustic_062,5,mallet,0,acoustic,31,25,16000,dark|multiphonic
20.707155,-6.5303946,keyboard_electronic_002-055-127,keyboard_electronic_002-055-127,/root/autodl-tmp/tokenizer-eval/data/nsynth/nsynth-valid/audio/keyboard_electronic_002-055-127.wav,50,keyboard_electronic_002,4,keyboard,1,electronic,55,127,16000,distortion
8.127998,-11.068834,guitar_electronic_028-061-025,guitar_electronic_028-061-025,/root/autodl-tmp/tokenizer-eval/data/nsynth/nsynth-valid/audio/guitar_electronic_028-061-025.wav,510,guitar_electronic_028,3,guitar,1,electronic,61,25,16000,dark
-62.044632,40.664898,vocal_synthetic_003-095-127,vocal_synthetic_003-095-127,/root/autodl-tmp/tokenizer-eval/data/nsynth/nsynth-valid/audio/vocal_synthetic_003-095-127.wav,37,vocal_synthetic_003,10,vocal,2,synthetic,95,127,16000,bright|distortion|long_release|nonlinear_env
-17.213913,25.325584,bass_synthetic_034-082-050,bass_synthetic_034-082-050,/root/autodl-tmp/tokenizer-eval/data/nsynth/nsynth-valid/audio/bass_synthetic_034-082-050.wav,420,bass_synthetic_034,0,bass,2,synthetic,82,50,16000,bright|distortion|tempo-synced
10.873335,-10.718859,keyboard_electronic_069-061-075,keyboard_electronic_069-061-075,/root/autodl-tmp/tokenizer-eval/data/nsynth/nsynth-valid/audio/keyboard_electronic_069-061-075.wav,805,keyboard_electronic_069,4,keyboard,1,electronic,61,75,16000,distortion
58.00135,-32.38124,string_acoustic_012-046-075,string_acoustic_012-046-075,/root/autodl-tmp/tokenizer-eval/data/nsynth/nsynth-valid/audio/string_acoustic_012-046-075.wav,97,string_acoustic_012,8,string,0,acoustic,46,75,16000,long_release|reverb
-45.972656,45.43537,string_acoustic_057-095-075,string_acoustic_057-095-075,/root/autodl-tmp/tokenizer-eval/data/nsynth/nsynth-valid/audio/string_acoustic_057-095-075.wav,450,string_acoustic_057,8,string,0,acoustic,95,75,16000,nonlinear_env|reverb
-25.64104,-62.959923,vocal_synthetic_003-037-025,vocal_synthetic_003-037-025,/root/autodl-tmp/tokenizer-eval/data/nsynth/nsynth-valid/audio/vocal_synthetic_003-037-025.wav,37,vocal_synthetic_003,10,vocal,2,synthetic,37,25,16000,distortion|long_release|nonlinear_env
-32.514713,-8.235354,flute_synthetic_000-071-050,flute_synthetic_000-071-050,/root/autodl-tmp/tokenizer-eval/data/nsynth/nsynth-valid/audio/flute_synthetic_000-071-050.wav,82,flute_synthetic_000,2,flute,2,synthetic,71,50,16000,distortion
24.08659,49.43118,mallet_acoustic_047-066-075,mallet_acoustic_047-066-075,/root/autodl-tmp/tokenizer-eval/data/nsynth/nsynth-valid/audio/mallet_acoustic_047-066-075.wav,488,mallet_acoustic_047,5,mallet,0,acoustic,66,75,16000,fast_decay|percussive|reverb
17.449179,7.590659,bass_synthetic_068-069-100,bass_synthetic_068-069-100,/root/autodl-tmp/tokenizer-eval/data/nsynth/nsynth-valid/audio/bass_synthetic_068-069-100.wav,656,bass_synthetic_068,0,bass,2,synthetic,69,100,16000,
-25.570395,1.6958569,flute_synthetic_000-076-050,flute_synthetic_000-076-050,/root/autodl-tmp/tokenizer-eval/data/nsynth/nsynth-valid/audio/flute_synthetic_000-076-050.wav,82,flute_synthetic_000,2,flute,2,synthetic,76,50,16000,distortion
-16.4673,14.278859,organ_electronic_007-064-025,organ_electronic_007-064-025,/root/autodl-tmp/tokenizer-eval/data/nsynth/nsynth-valid/audio/organ_electronic_007-064-025.wav,123,organ_electronic_007,6,organ,1,electronic,64,25,16000,distortion|long_release|nonlinear_env
-35.607937,-23.464115,vocal_acoustic_000-055-127,vocal_acoustic_000-055-127,/root/autodl-tmp/tokenizer-eval/data/nsynth/nsynth-valid/audio/vocal_acoustic_000-055-127.wav,46,vocal_acoustic_000,10,vocal,0,acoustic,55,127,16000,reverb
11.86516,81.85116,reed_acoustic_023-088-100,reed_acoustic_023-088-100,/root/autodl-tmp/tokenizer-eval/data/nsynth/nsynth-valid/audio/reed_acoustic_023-088-100.wav,224,reed_acoustic_023,7,reed,0,acoustic,88,100,16000,fast_decay|multiphonic|nonlinear_env
-32.789154,65.26529,guitar_acoustic_010-093-075,guitar_acoustic_010-093-075,/root/autodl-tmp/tokenizer-eval/data/nsynth/nsynth-valid/audio/guitar_acoustic_010-093-075.wav,219,guitar_acoustic_010,3,guitar,0,acoustic,93,75,16000,
-27.307722,64.14177,guitar_electronic_028-090-100,guitar_electronic_028-090-100,/root/autodl-tmp/tokenizer-eval/data/nsynth/nsynth-valid/audio/guitar_electronic_028-090-100.wav,510,guitar_electronic_028,3,guitar,1,electronic,90,100,16000,
13.125694,-82.10801,flute_synthetic_000-050-100,flute_synthetic_000-050-100,/root/autodl-tmp/tokenizer-eval/data/nsynth/nsynth-valid/audio/flute_synthetic_000-050-100.wav,82,flute_synthetic_000,2,flute,2,synthetic,50,100,16000,distortion
50.115387,-43.46199,keyboard_electronic_003-032-025,keyboard_electronic_003-032-025,/root/autodl-tmp/tokenizer-eval/data/nsynth/nsynth-valid/audio/keyboard_electronic_003-032-025.wav,65,keyboard_electronic_003,4,keyboard,1,electronic,32,25,16000,dark
-1.8673773,-58.838806,brass_acoustic_059-040-075,brass_acoustic_059-040-075,/root/autodl-tmp/tokenizer-eval/data/nsynth/nsynth-valid/audio/brass_acoustic_059-040-075.wav,572,brass_acoustic_059,1,brass,0,acoustic,40,75,16000,bright|reverb
-41.58041,-25.65729,string_acoustic_057-067-050,string_acoustic_057-067-050,/root/autodl-tmp/tokenizer-eval/data/nsynth/nsynth-valid/audio/string_acoustic_057-067-050.wav,450,string_acoustic_057,8,string,0,acoustic,67,50,16000,bright|nonlinear_env|reverb
32.758934,-42.21637,guitar_electronic_028-034-050,guitar_electronic_028-034-050,/root/autodl-tmp/tokenizer-eval/data/nsynth/nsynth-valid/audio/guitar_electronic_028-034-050.wav,510,guitar_electronic_028,3,guitar,1,electronic,34,50,16000,dark
15.851538,20.495327,bass_synthetic_134-072-100,bass_synthetic_134-072-100,/root/autodl-tmp/tokenizer-eval/data/nsynth/nsynth-valid/audio/bass_synthetic_134-072-100.wav,914,bass_synthetic_134,0,bass,2,synthetic,72,100,16000,dark|fast_decay|reverb
-51.31923,28.31292,bass_synthetic_009-087-127,bass_synthetic_009-087-127,/root/autodl-tmp/tokenizer-eval/data/nsynth/nsynth-valid/audio/bass_synthetic_009-087-127.wav,150,bass_synthetic_009,0,bass,2,synthetic,87,127,16000,long_release
9.408294,81.00489,reed_acoustic_023-090-025,reed_acoustic_023-090-025,/root/autodl-tmp/tokenizer-eval/data/nsynth/nsynth-valid/audio/reed_acoustic_023-090-025.wav,224,reed_acoustic_023,7,reed,0,acoustic,90,25,16000,fast_decay|multiphonic|nonlinear_env
62.473736,-0.98263675,mallet_acoustic_062-034-025,mallet_acoustic_062-034-025,/root/autodl-tmp/tokenizer-eval/data/nsynth/nsynth-valid/audio/mallet_acoustic_062-034-025.wav,644,mallet_acoustic_062,5,mallet,0,acoustic,34,25,16000,dark|multiphonic
-3.448981,40.635197,mallet_acoustic_056-083-100,mallet_acoustic_056-083-100,/root/autodl-tmp/tokenizer-eval/data/nsynth/nsynth-valid/audio/mallet_acoustic_056-083-100.wav,590,mallet_acoustic_056,5,mallet,0,acoustic,83,100,16000,
16.148088,-27.436928,organ_electronic_057-047-050,organ_electronic_057-047-050,/root/autodl-tmp/tokenizer-eval/data/nsynth/nsynth-valid/audio/organ_electronic_057-047-050.wav,701,organ_electronic_057,6,organ,1,electronic,47,50,16000,dark
-82.793945,-27.380333,bass_synthetic_098-096-127,bass_synthetic_098-096-127,/root/autodl-tmp/tokenizer-eval/data/nsynth/nsynth-valid/audio/bass_synthetic_098-096-127.wav,803,bass_synthetic_098,0,bass,2,synthetic,96,127,16000,
40.52359,84.13993,reed_acoustic_023-060-050,reed_acoustic_023-060-050,/root/autodl-tmp/tokenizer-eval/data/nsynth/nsynth-valid/audio/reed_acoustic_023-060-050.wav,224,reed_acoustic_023,7,reed,0,acoustic,60,50,16000,bright|fast_decay|multiphonic|nonlinear_env
6.07445,-27.222,organ_electronic_057-056-050,organ_electronic_057-056-050,/root/autodl-tmp/tokenizer-eval/data/nsynth/nsynth-valid/audio/organ_electronic_057-056-050.wav,701,organ_electronic_057,6,organ,1,electronic,56,50,16000,dark
-24.237192,-43.819813,reed_acoustic_011-051-025,reed_acoustic_011-051-025,/root/autodl-tmp/tokenizer-eval/data/nsynth/nsynth-valid/audio/reed_acoustic_011-051-025.wav,104,reed_acoustic_011,7,reed,0,acoustic,51,25,16000,
-47.895725,-21.711287,flute_acoustic_002-068-075,flute_acoustic_002-068-075,/root/autodl-tmp/tokenizer-eval/data/nsynth/nsynth-valid/audio/flute_acoustic_002-068-075.wav,86,flute_acoustic_002,2,flute,0,acoustic,68,75,16000,long_release|reverb
-89.01486,-81.233635,brass_acoustic_046-094-075,brass_acoustic_046-094-075,/root/autodl-tmp/tokenizer-eval/data/nsynth/nsynth-valid/audio/brass_acoustic_046-094-075.wav,414,brass_acoustic_046,1,brass,0,acoustic,94,75,16000,long_release
11.789278,-25.662241,organ_electronic_028-058-050,organ_electronic_028-058-050,/root/autodl-tmp/tokenizer-eval/data/nsynth/nsynth-valid/audio/organ_electronic_028-058-050.wav,440,organ_electronic_028,6,organ,1,electronic,58,50,16000,dark
-29.556547,-22.734337,vocal_acoustic_000-065-025,vocal_acoustic_000-065-025,/root/autodl-tmp/tokenizer-eval/data/nsynth/nsynth-valid/audio/vocal_acoustic_000-065-025.wav,46,vocal_acoustic_000,10,vocal,0,acoustic,65,25,16000,reverb
48.266144,-40.67454,keyboard_electronic_098-033-025,keyboard_electronic_098-033-025,/root/autodl-tmp/tokenizer-eval/data/nsynth/nsynth-valid/audio/keyboard_electronic_098-033-025.wav,905,keyboard_electronic_098,4,keyboard,1,electronic,33,25,16000,dark
-1.6772841,45.153194,mallet_acoustic_062-073-050,mallet_acoustic_062-073-050,/root/autodl-tmp/tokenizer-eval/data/nsynth/nsynth-valid/audio/mallet_acoustic_062-073-050.wav,644,mallet_acoustic_062,5,mallet,0,acoustic,73,50,16000,dark|fast_decay|multiphonic
-47.810814,12.477858,flute_acoustic_002-073-050,flute_acoustic_002-073-050,/root/autodl-tmp/tokenizer-eval/data/nsynth/nsynth-valid/audio/flute_acoustic_002-073-050.wav,86,flute_acoustic_002,2,flute,0,acoustic,73,50,16000,long_release|reverb
-11.736824,6.49602,brass_acoustic_006-075-127,brass_acoustic_006-075-127,/root/autodl-tmp/tokenizer-eval/data/nsynth/nsynth-valid/audio/brass_acoustic_006-075-127.wav,43,brass_acoustic_006,1,brass,0,acoustic,75,127,16000,reverb
-28.330626,4.2769704,flute_synthetic_000-078-127,flute_synthetic_000-078-127,/root/autodl-tmp/tokenizer-eval/data/nsynth/nsynth-valid/audio/flute_synthetic_000-078-127.wav,82,flute_synthetic_000,2,flute,2,synthetic,78,127,16000,distortion
17.866312,-80.14734,flute_synthetic_000-047-127,flute_synthetic_000-047-127,/root/autodl-tmp/tokenizer-eval/data/nsynth/nsynth-valid/audio/flute_synthetic_000-047-127.wav,82,flute_synthetic_000,2,flute,2,synthetic,47,127,16000,distortion
-47.63715,-34.972782,vocal_synthetic_003-066-127,vocal_synthetic_003-066-127,/root/autodl-tmp/tokenizer-eval/data/nsynth/nsynth-valid/audio/vocal_synthetic_003-066-127.wav,37,vocal_synthetic_003,10,vocal,2,synthetic,66,127,16000,bright|distortion|long_release|nonlinear_env
-34.356407,-59.059486,vocal_synthetic_003-047-025,vocal_synthetic_003-047-025,/root/autodl-tmp/tokenizer-eval/data/nsynth/nsynth-valid/audio/vocal_synthetic_003-047-025.wav,37,vocal_synthetic_003,10,vocal,2,synthetic,47,25,16000,distortion|long_release|nonlinear_env
-31.823414,-7.833688,flute_synthetic_000-072-127,flute_synthetic_000-072-127,/root/autodl-tmp/tokenizer-eval/data/nsynth/nsynth-valid/audio/flute_synthetic_000-072-127.wav,82,flute_synthetic_000,2,flute,2,synthetic,72,127,16000,distortion
7.442092,80.26216,reed_acoustic_023-091-075,reed_acoustic_023-091-075,/root/autodl-tmp/tokenizer-eval/data/nsynth/nsynth-valid/audio/reed_acoustic_023-091-075.wav,224,reed_acoustic_023,7,reed,0,acoustic,91,75,16000,fast_decay|multiphonic|nonlinear_env
14.006891,79.671364,keyboard_synthetic_000-096-050,keyboard_synthetic_000-096-050,/root/autodl-tmp/tokenizer-eval/data/nsynth/nsynth-valid/audio/keyboard_synthetic_000-096-050.wav,577,keyboard_synthetic_000,4,keyboard,2,synthetic,96,50,16000,bright|distortion|fast_decay|nonlinear_env|percussive
-22.745018,8.256914,string_acoustic_057-078-050,string_acoustic_057-078-050,/root/autodl-tmp/tokenizer-eval/data/nsynth/nsynth-valid/audio/string_acoustic_057-078-050.wav,450,string_acoustic_057,8,string,0,acoustic,78,50,16000,bright|nonlinear_env|reverb
-35.21797,55.937973,string_acoustic_057-091-025,string_acoustic_057-091-025,/root/autodl-tmp/tokenizer-eval/data/nsynth/nsynth-valid/audio/string_acoustic_057-091-025.wav,450,string_acoustic_057,8,string,0,acoustic,91,25,16000,bright|nonlinear_env|reverb
-26.022789,28.52243,brass_acoustic_016-078-075,brass_acoustic_016-078-075,/root/autodl-tmp/tokenizer-eval/data/nsynth/nsynth-valid/audio/brass_acoustic_016-078-075.wav,128,brass_acoustic_016,1,brass,0,acoustic,78,75,16000,bright
57.57405,0.1514275,mallet_acoustic_062-041-025,mallet_acoustic_062-041-025,/root/autodl-tmp/tokenizer-eval/data/nsynth/nsynth-valid/audio/mallet_acoustic_062-041-025.wav,644,mallet_acoustic_062,5,mallet,0,acoustic,41,25,16000,dark|fast_decay|multiphonic
2.7089636,-5.7377095,keyboard_acoustic_004-063-050,keyboard_acoustic_004-063-050,/root/autodl-tmp/tokenizer-eval/data/nsynth/nsynth-valid/audio/keyboard_acoustic_004-063-050.wav,327,keyboard_acoustic_004,4,keyboard,0,acoustic,63,50,16000,dark|reverb
47.299557,-34.99798,string_acoustic_014-044-050,string_acoustic_014-044-050,/root/autodl-tmp/tokenizer-eval/data/nsynth/nsynth-valid/audio/string_acoustic_014-044-050.wav,100,string_acoustic_014,8,string,0,acoustic,44,50,16000,dark|reverb
-15.38014,24.746492,bass_synthetic_034-075-025,bass_synthetic_034-075-025,/root/autodl-tmp/tokenizer-eval/data/nsynth/nsynth-valid/audio/bass_synthetic_034-075-025.wav,420,bass_synthetic_034,0,bass,2,synthetic,75,25,16000,distortion|tempo-synced
-9.303263,43.79044,keyboard_electronic_069-084-050,keyboard_electronic_069-084-050,/root/autodl-tmp/tokenizer-eval/data/nsynth/nsynth-valid/audio/keyboard_electronic_069-084-050.wav,805,keyboard_electronic_069,4,keyboard,1,electronic,84,50,16000,distortion
40.16319,-45.825207,keyboard_electronic_069-041-100,keyboard_electronic_069-041-100,/root/autodl-tmp/tokenizer-eval/data/nsynth/nsynth-valid/audio/keyboard_electronic_069-041-100.wav,805,keyboard_electronic_069,4,keyboard,1,electronic,41,100,16000,distortion
13.043599,-27.969051,organ_electronic_001-038-100,organ_electronic_001-038-100,/root/autodl-tmp/tokenizer-eval/data/nsynth/nsynth-valid/audio/organ_electronic_001-038-100.wav,8,organ_electronic_001,6,organ,1,electronic,38,100,16000,dark
13.421923,53.10259,mallet_acoustic_062-091-025,mallet_acoustic_062-091-025,/root/autodl-tmp/tokenizer-eval/data/nsynth/nsynth-valid/audio/mallet_acoustic_062-091-025.wav,644,mallet_acoustic_062,5,mallet,0,acoustic,91,25,16000,fast_decay|multiphonic|percussive
44.39363,28.263664,mallet_acoustic_056-055-075,mallet_acoustic_056-055-075,/root/autodl-tmp/tokenizer-eval/data/nsynth/nsynth-valid/audio/mallet_acoustic_056-055-075.wav,590,mallet_acoustic_056,5,mallet,0,acoustic,55,75,16000,fast_decay|percussive
56.319214,5.4720116,keyboard_acoustic_004-094-025,keyboard_acoustic_004-094-025,/root/autodl-tmp/tokenizer-eval/data/nsynth/nsynth-valid/audio/keyboard_acoustic_004-094-025.wav,327,keyboard_acoustic_004,4,keyboard,0,acoustic,94,25,16000,dark|reverb
5.2713985,24.72677,guitar_acoustic_014-076-050,guitar_acoustic_014-076-050,/root/autodl-tmp/tokenizer-eval/data/nsynth/nsynth-valid/audio/guitar_acoustic_014-076-050.wav,263,guitar_acoustic_014,3,guitar,0,acoustic,76,50,16000,
-28.177588,53.19833,brass_acoustic_016-089-100,brass_acoustic_016-089-100,/root/autodl-tmp/tokenizer-eval/data/nsynth/nsynth-valid/audio/brass_acoustic_016-089-100.wav,128,brass_acoustic_016,1,brass,0,acoustic,89,100,16000,
-27.092339,-69.54067,vocal_synthetic_003-035-127,vocal_synthetic_003-035-127,/root/autodl-tmp/tokenizer-eval/data/nsynth/nsynth-valid/audio/vocal_synthetic_003-035-127.wav,37,vocal_synthetic_003,10,vocal,2,synthetic,35,127,16000,bright|distortion|long_release|nonlinear_env
1.7688897,37.648083,keyboard_electronic_098-081-025,keyboard_electronic_098-081-025,/root/autodl-tmp/tokenizer-eval/data/nsynth/nsynth-valid/audio/keyboard_electronic_098-081-025.wav,905,keyboard_electronic_098,4,keyboard,1,electronic,81,25,16000,fast_decay
-43.20487,50.434544,string_acoustic_057-094-025,string_acoustic_057-094-025,/root/autodl-tmp/tokenizer-eval/data/nsynth/nsynth-valid/audio/string_acoustic_057-094-025.wav,450,string_acoustic_057,8,string,0,acoustic,94,25,16000,bright|nonlinear_env|reverb
-13.575759,-6.3190017,brass_acoustic_016-062-100,brass_acoustic_016-062-100,/root/autodl-tmp/tokenizer-eval/data/nsynth/nsynth-valid/audio/brass_acoustic_016-062-100.wav,128,brass_acoustic_016,1,brass,0,acoustic,62,100,16000,bright
-10.957881,-7.3979373,reed_acoustic_011-062-025,reed_acoustic_011-062-025,/root/autodl-tmp/tokenizer-eval/data/nsynth/nsynth-valid/audio/reed_acoustic_011-062-025.wav,104,reed_acoustic_011,7,reed,0,acoustic,62,25,16000,
43.011917,26.567959,mallet_acoustic_056-059-100,mallet_acoustic_056-059-100,/root/autodl-tmp/tokenizer-eval/data/nsynth/nsynth-valid/audio/mallet_acoustic_056-059-100.wav,590,mallet_acoustic_056,5,mallet,0,acoustic,59,100,16000,fast_decay|percussive
45.415676,-6.125916,mallet_acoustic_062-050-050,mallet_acoustic_062-050-050,/root/autodl-tmp/tokenizer-eval/data/nsynth/nsynth-valid/audio/mallet_acoustic_062-050-050.wav,644,mallet_acoustic_062,5,mallet,0,acoustic,50,50,16000,dark|multiphonic
33.740475,-21.523115,string_acoustic_014-049-050,string_acoustic_014-049-050,/root/autodl-tmp/tokenizer-eval/data/nsynth/nsynth-valid/audio/string_acoustic_014-049-050.wav,100,string_acoustic_014,8,string,0,acoustic,49,50,16000,dark|reverb
-49.49786,6.8766603,brass_acoustic_015-072-100,brass_acoustic_015-072-100,/root/autodl-tmp/tokenizer-eval/data/nsynth/nsynth-valid/audio/brass_acoustic_015-072-100.wav,121,brass_acoustic_015,1,brass,0,acoustic,72,100,16000,reverb
-10.641189,6.5791426,reed_acoustic_037-075-127,reed_acoustic_037-075-127,/root/autodl-tmp/tokenizer-eval/data/nsynth/nsynth-valid/audio/reed_acoustic_037-075-127.wav,387,reed_acoustic_037,7,reed,0,acoustic,75,127,16000,reverb
9.266087,23.115545,keyboard_electronic_098-075-025,keyboard_electronic_098-075-025,/root/autodl-tmp/tokenizer-eval/data/nsynth/nsynth-valid/audio/keyboard_electronic_098-075-025.wav,905,keyboard_electronic_098,4,keyboard,1,electronic,75,25,16000,
-16.811544,23.947044,bass_synthetic_034-070-025,bass_synthetic_034-070-025,/root/autodl-tmp/tokenizer-eval/data/nsynth/nsynth-valid/audio/bass_synthetic_034-070-025.wav,420,bass_synthetic_034,0,bass,2,synthetic,70,25,16000,distortion|tempo-synced
19.400284,50.178223,string_acoustic_056-077-127,string_acoustic_056-077-127,/root/autodl-tmp/tokenizer-eval/data/nsynth/nsynth-valid/audio/string_acoustic_056-077-127.wav,436,string_acoustic_056,8,string,0,acoustic,77,127,16000,fast_decay|percussive|reverb
57.895008,-0.09794046,mallet_acoustic_062-040-025,mallet_acoustic_062-040-025,/root/autodl-tmp/tokenizer-eval/data/nsynth/nsynth-valid/audio/mallet_acoustic_062-040-025.wav,644,mallet_acoustic_062,5,mallet,0,acoustic,40,25,16000,dark|fast_decay|multiphonic
-32.28418,36.681137,brass_acoustic_046-083-127,brass_acoustic_046-083-127,/root/autodl-tmp/tokenizer-eval/data/nsynth/nsynth-valid/audio/brass_acoustic_046-083-127.wav,414,brass_acoustic_046,1,brass,0,acoustic,83,127,16000,
10.518343,3.1497164,mallet_acoustic_062-066-075,mallet_acoustic_062-066-075,/root/autodl-tmp/tokenizer-eval/data/nsynth/nsynth-valid/audio/mallet_acoustic_062-066-075.wav,644,mallet_acoustic_062,5,mallet,0,acoustic,66,75,16000,dark|multiphonic
11.7774315,-83.48021,flute_synthetic_000-051-025,flute_synthetic_000-051-025,/root/autodl-tmp/tokenizer-eval/data/nsynth/nsynth-valid/audio/flute_synthetic_000-051-025.wav,82,flute_synthetic_000,2,flute,2,synthetic,51,25,16000,distortion
-10.283141,-7.135975,keyboard_electronic_069-062-050,keyboard_electronic_069-062-050,/root/autodl-tmp/tokenizer-eval/data/nsynth/nsynth-valid/audio/keyboard_electronic_069-062-050.wav,805,keyboard_electronic_069,4,keyboard,1,electronic,62,50,16000,distortion
-2.9058537,29.104631,guitar_acoustic_010-078-025,guitar_acoustic_010-078-025,/root/autodl-tmp/tokenizer-eval/data/nsynth/nsynth-valid/audio/guitar_acoustic_010-078-025.wav,219,guitar_acoustic_010,3,guitar,0,acoustic,78,25,16000,
-32.718563,29.125702,brass_acoustic_006-084-050,brass_acoustic_006-084-050,/root/autodl-tmp/tokenizer-eval/data/nsynth/nsynth-valid/audio/brass_acoustic_006-084-050.wav,43,brass_acoustic_006,1,brass,0,acoustic,84,50,16000,reverb
25.491707,46.93503,mallet_acoustic_047-082-127,mallet_acoustic_047-082-127,/root/autodl-tmp/tokenizer-eval/data/nsynth/nsynth-valid/audio/mallet_acoustic_047-082-127.wav,488,mallet_acoustic_047,5,mallet,0,acoustic,82,127,16000,fast_decay|percussive|reverb
-16.680996,23.333359,bass_synthetic_034-066-075,bass_synthetic_034-066-075,/root/autodl-tmp/tokenizer-eval/data/nsynth/nsynth-valid/audio/bass_synthetic_034-066-075.wav,420,bass_synthetic_034,0,bass,2,synthetic,66,75,16000,distortion|tempo-synced
17.102224,20.748213,bass_synthetic_134-072-025,bass_synthetic_134-072-025,/root/autodl-tmp/tokenizer-eval/data/nsynth/nsynth-valid/audio/bass_synthetic_134-072-025.wav,914,bass_synthetic_134,0,bass,2,synthetic,72,25,16000,dark|reverb
38.233006,15.774885,mallet_acoustic_062-058-025,mallet_acoustic_062-058-025,/root/autodl-tmp/tokenizer-eval/data/nsynth/nsynth-valid/audio/mallet_acoustic_062-058-025.wav,644,mallet_acoustic_062,5,mallet,0,acoustic,58,25,16000,dark|fast_decay|multiphonic
7.6639514,-10.8621025,keyboard_electronic_098-061-100,keyboard_electronic_098-061-100,/root/autodl-tmp/tokenizer-eval/data/nsynth/nsynth-valid/audio/keyboard_electronic_098-061-100.wav,905,keyboard_electronic_098,4,keyboard,1,electronic,61,100,16000,dark
-2.1964693,45.330357,keyboard_electronic_098-085-075,keyboard_electronic_098-085-075,/root/autodl-tmp/tokenizer-eval/data/nsynth/nsynth-valid/audio/keyboard_electronic_098-085-075.wav,905,keyboard_electronic_098,4,keyboard,1,electronic,85,75,16000,fast_decay
-18.215265,-2.4494267,brass_acoustic_016-071-100,brass_acoustic_016-071-100,/root/autodl-tmp/tokenizer-eval/data/nsynth/nsynth-valid/audio/brass_acoustic_016-071-100.wav,128,brass_acoustic_016,1,brass,0,acoustic,71,100,16000,bright
-36.577053,-22.385956,vocal_acoustic_000-056-100,vocal_acoustic_000-056-100,/root/autodl-tmp/tokenizer-eval/data/nsynth/nsynth-valid/audio/vocal_acoustic_000-056-100.wav,46,vocal_acoustic_000,10,vocal,0,acoustic,56,100,16000,reverb
27.614954,79.99332,keyboard_synthetic_000-051-025,keyboard_synthetic_000-051-025,/root/autodl-tmp/tokenizer-eval/data/nsynth/nsynth-valid/audio/keyboard_synthetic_000-051-025.wav,577,keyboard_synthetic_000,4,keyboard,2,synthetic,51,25,16000,distortion|fast_decay|nonlinear_env
-43.92507,40.145798,organ_electronic_001-096-100,organ_electronic_001-096-100,/root/autodl-tmp/tokenizer-eval/data/nsynth/nsynth-valid/audio/organ_electronic_001-096-100.wav,8,organ_electronic_001,6,organ,1,electronic,96,100,16000,
-20.441067,37.989178,string_acoustic_057-081-075,string_acoustic_057-081-075,/root/autodl-tmp/tokenizer-eval/data/nsynth/nsynth-valid/audio/string_acoustic_057-081-075.wav,450,string_acoustic_057,8,string,0,acoustic,81,75,16000,bright|nonlinear_env|reverb
3.7620363,26.906519,guitar_acoustic_014-077-127,guitar_acoustic_014-077-127,/root/autodl-tmp/tokenizer-eval/data/nsynth/nsynth-valid/audio/guitar_acoustic_014-077-127.wav,263,guitar_acoustic_014,3,guitar,0,acoustic,77,127,16000,
7.254193,-2.6819868,bass_synthetic_068-065-050,bass_synthetic_068-065-050,/root/autodl-tmp/tokenizer-eval/data/nsynth/nsynth-valid/audio/bass_synthetic_068-065-050.wav,656,bass_synthetic_068,0,bass,2,synthetic,65,50,16000,
48.381237,33.272827,mallet_acoustic_056-047-025,mallet_acoustic_056-047-025,/root/autodl-tmp/tokenizer-eval/data/nsynth/nsynth-valid/audio/mallet_acoustic_056-047-025.wav,590,mallet_acoustic_056,5,mallet,0,acoustic,47,25,16000,bright|fast_decay|percussive
-45.37597,19.796036,organ_electronic_057-074-100,organ_electronic_057-074-100,/root/autodl-tmp/tokenizer-eval/data/nsynth/nsynth-valid/audio/organ_electronic_057-074-100.wav,701,organ_electronic_057,6,organ,1,electronic,74,100,16000,
30.58002,-76.36525,flute_synthetic_000-040-127,flute_synthetic_000-040-127,/root/autodl-tmp/tokenizer-eval/data/nsynth/nsynth-valid/audio/flute_synthetic_000-040-127.wav,82,flute_synthetic_000,2,flute,2,synthetic,40,127,16000,distortion
-34.634617,48.45549,flute_synthetic_000-091-025,flute_synthetic_000-091-025,/root/autodl-tmp/tokenizer-eval/data/nsynth/nsynth-valid/audio/flute_synthetic_000-091-025.wav,82,flute_synthetic_000,2,flute,2,synthetic,91,25,16000,distortion
25.56675,-78.8684,flute_synthetic_000-043-075,flute_synthetic_000-043-075,/root/autodl-tmp/tokenizer-eval/data/nsynth/nsynth-valid/audio/flute_synthetic_000-043-075.wav,82,flute_synthetic_000,2,flute,2,synthetic,43,75,16000,distortion
17.793627,3.690196,guitar_acoustic_015-068-025,guitar_acoustic_015-068-025,/root/autodl-tmp/tokenizer-eval/data/nsynth/nsynth-valid/audio/guitar_acoustic_015-068-025.wav,316,guitar_acoustic_015,3,guitar,0,acoustic,68,25,16000,reverb
-27.648592,-66.29914,vocal_synthetic_003-038-050,vocal_synthetic_003-038-050,/root/autodl-tmp/tokenizer-eval/data/nsynth/nsynth-valid/audio/vocal_synthetic_003-038-050.wav,37,vocal_synthetic_003,10,vocal,2,synthetic,38,50,16000,distortion|long_release|nonlinear_env
46.343754,-7.380267,mallet_acoustic_062-049-075,mallet_acoustic_062-049-075,/root/autodl-tmp/tokenizer-eval/data/nsynth/nsynth-valid/audio/mallet_acoustic_062-049-075.wav,644,mallet_acoustic_062,5,mallet,0,acoustic,49,75,16000,dark|multiphonic
-62.159576,49.655167,vocal_synthetic_003-091-075,vocal_synthetic_003-091-075,/root/autodl-tmp/tokenizer-eval/data/nsynth/nsynth-valid/audio/vocal_synthetic_003-091-075.wav,37,vocal_synthetic_003,10,vocal,2,synthetic,91,75,16000,long_release|nonlinear_env
-28.056627,63.05384,bass_synthetic_135-090-050,bass_synthetic_135-090-050,/root/autodl-tmp/tokenizer-eval/data/nsynth/nsynth-valid/audio/bass_synthetic_135-090-050.wav,927,bass_synthetic_135,0,bass,2,synthetic,90,50,16000,distortion
32.1673,-73.757385,flute_synthetic_000-038-050,flute_synthetic_000-038-050,/root/autodl-tmp/tokenizer-eval/data/nsynth/nsynth-valid/audio/flute_synthetic_000-038-050.wav,82,flute_synthetic_000,2,flute,2,synthetic,38,50,16000,distortion
4.695608,22.625988,keyboard_acoustic_004-076-100,keyboard_acoustic_004-076-100,/root/autodl-tmp/tokenizer-eval/data/nsynth/nsynth-valid/audio/keyboard_acoustic_004-076-100.wav,327,keyboard_acoustic_004,4,keyboard,0,acoustic,76,100,16000,reverb
-39.6341,48.808548,organ_electronic_113-081-075,organ_electronic_113-081-075,/root/autodl-tmp/tokenizer-eval/data/nsynth/nsynth-valid/audio/organ_electronic_113-081-075.wav,958,organ_electronic_113,6,organ,1,electronic,81,75,16000,
-21.130882,-70.530655,vocal_synthetic_003-032-025,vocal_synthetic_003-032-025,/root/autodl-tmp/tokenizer-eval/data/nsynth/nsynth-valid/audio/vocal_synthetic_003-032-025.wav,37,vocal_synthetic_003,10,vocal,2,synthetic,32,25,16000,distortion|long_release|nonlinear_env
-35.87852,-51.117107,bass_synthetic_009-052-025,bass_synthetic_009-052-025,/root/autodl-tmp/tokenizer-eval/data/nsynth/nsynth-valid/audio/bass_synthetic_009-052-025.wav,150,bass_synthetic_009,0,bass,2,synthetic,52,25,16000,bright|distortion|long_release
-84.772255,-25.496717,bass_synthetic_098-095-075,bass_synthetic_098-095-075,/root/autodl-tmp/tokenizer-eval/data/nsynth/nsynth-valid/audio/bass_synthetic_098-095-075.wav,803,bass_synthetic_098,0,bass,2,synthetic,95,75,16000,
-39.17215,59.72267,organ_electronic_007-091-075,organ_electronic_007-091-075,/root/autodl-tmp/tokenizer-eval/data/nsynth/nsynth-valid/audio/organ_electronic_007-091-075.wav,123,organ_electronic_007,6,organ,1,electronic,91,75,16000,long_release|nonlinear_env
-31.995144,57.3801,flute_acoustic_002-090-050,flute_acoustic_002-090-050,/root/autodl-tmp/tokenizer-eval/data/nsynth/nsynth-valid/audio/flute_acoustic_002-090-050.wav,86,flute_acoustic_002,2,flute,0,acoustic,90,50,16000,long_release|reverb
43.673412,-35.67414,keyboard_electronic_098-043-050,keyboard_electronic_098-043-050,/root/autodl-tmp/tokenizer-eval/data/nsynth/nsynth-valid/audio/keyboard_electronic_098-043-050.wav,905,keyboard_electronic_098,4,keyboard,1,electronic,43,50,16000,dark|distortion
18.768303,-66.267365,string_acoustic_071-047-075,string_acoustic_071-047-075,/root/autodl-tmp/tokenizer-eval/data/nsynth/nsynth-valid/audio/string_acoustic_071-047-075.wav,609,string_acoustic_071,8,string,0,acoustic,47,75,16000,long_release|reverb
-42.92608,-2.6970744,brass_acoustic_046-070-100,brass_acoustic_046-070-100,/root/autodl-tmp/tokenizer-eval/data/nsynth/nsynth-valid/audio/brass_acoustic_046-070-100.wav,414,brass_acoustic_046,1,brass,0,acoustic,70,100,16000,bright
-47.19511,-21.23106,reed_acoustic_037-068-075,reed_acoustic_037-068-075,/root/autodl-tmp/tokenizer-eval/data/nsynth/nsynth-valid/audio/reed_acoustic_037-068-075.wav,387,reed_acoustic_037,7,reed,0,acoustic,68,75,16000,reverb
-64.631905,38.020237,vocal_synthetic_003-083-050,vocal_synthetic_003-083-050,/root/autodl-tmp/tokenizer-eval/data/nsynth/nsynth-valid/audio/vocal_synthetic_003-083-050.wav,37,vocal_synthetic_003,10,vocal,2,synthetic,83,50,16000,bright|distortion|long_release|nonlinear_env
38.36314,20.979523,mallet_acoustic_056-071-050,mallet_acoustic_056-071-050,/root/autodl-tmp/tokenizer-eval/data/nsynth/nsynth-valid/audio/mallet_acoustic_056-071-050.wav,590,mallet_acoustic_056,5,mallet,0,acoustic,71,50,16000,fast_decay
-45.108227,-8.170432,reed_acoustic_018-069-100,reed_acoustic_018-069-100,/root/autodl-tmp/tokenizer-eval/data/nsynth/nsynth-valid/audio/reed_acoustic_018-069-100.wav,183,reed_acoustic_018,7,reed,0,acoustic,69,100,16000,
44.61613,16.529718,string_acoustic_056-068-075,string_acoustic_056-068-075,/root/autodl-tmp/tokenizer-eval/data/nsynth/nsynth-valid/audio/string_acoustic_056-068-075.wav,436,string_acoustic_056,8,string,0,acoustic,68,75,16000,fast_decay|percussive|reverb
-17.580513,34.08831,string_acoustic_057-082-025,string_acoustic_057-082-025,/root/autodl-tmp/tokenizer-eval/data/nsynth/nsynth-valid/audio/string_acoustic_057-082-025.wav,450,string_acoustic_057,8,string,0,acoustic,82,25,16000,bright|nonlinear_env|reverb
-25.578304,-69.62393,vocal_synthetic_003-034-100,vocal_synthetic_003-034-100,/root/autodl-tmp/tokenizer-eval/data/nsynth/nsynth-valid/audio/vocal_synthetic_003-034-100.wav,37,vocal_synthetic_003,10,vocal,2,synthetic,34,100,16000,bright|distortion|long_release|nonlinear_env
-51.647552,-3.6472423,organ_electronic_113-072-025,organ_electronic_113-072-025,/root/autodl-tmp/tokenizer-eval/data/nsynth/nsynth-valid/audio/organ_electronic_113-072-025.wav,958,organ_electronic_113,6,organ,1,electronic,72,25,16000,
-48.18158,44.310837,organ_electronic_028-096-127,organ_electronic_028-096-127,/root/autodl-tmp/tokenizer-eval/data/nsynth/nsynth-valid/audio/organ_electronic_028-096-127.wav,440,organ_electronic_028,6,organ,1,electronic,96,127,16000,bright
46.929432,-19.938473,keyboard_electronic_098-048-100,keyboard_electronic_098-048-100,/root/autodl-tmp/tokenizer-eval/data/nsynth/nsynth-valid/audio/keyboard_electronic_098-048-100.wav,905,keyboard_electronic_098,4,keyboard,1,electronic,48,100,16000,dark
-14.42695,-37.896553,brass_acoustic_059-048-075,brass_acoustic_059-048-075,/root/autodl-tmp/tokenizer-eval/data/nsynth/nsynth-valid/audio/brass_acoustic_059-048-075.wav,572,brass_acoustic_059,1,brass,0,acoustic,48,75,16000,bright|reverb
32.728256,76.463974,reed_acoustic_023-033-050,reed_acoustic_023-033-050,/root/autodl-tmp/tokenizer-eval/data/nsynth/nsynth-valid/audio/reed_acoustic_023-033-050.wav,224,reed_acoustic_023,7,reed,0,acoustic,33,50,16000,bright|fast_decay|multiphonic|nonlinear_env
52.66392,10.4086895,string_acoustic_014-061-050,string_acoustic_014-061-050,/root/autodl-tmp/tokenizer-eval/data/nsynth/nsynth-valid/audio/string_acoustic_014-061-050.wav,100,string_acoustic_014,8,string,0,acoustic,61,50,16000,dark|percussive|reverb
-33.445827,-33.258656,flute_synthetic_000-065-025,flute_synthetic_000-065-025,/root/autodl-tmp/tokenizer-eval/data/nsynth/nsynth-valid/audio/flute_synthetic_000-065-025.wav,82,flute_synthetic_000,2,flute,2,synthetic,65,25,16000,distortion
47.01154,-32.79127,bass_synthetic_134-044-100,bass_synthetic_134-044-100,/root/autodl-tmp/tokenizer-eval/data/nsynth/nsynth-valid/audio/bass_synthetic_134-044-100.wav,914,bass_synthetic_134,0,bass,2,synthetic,44,100,16000,dark|reverb
-19.331543,11.182441,organ_electronic_007-065-050,organ_electronic_007-065-050,/root/autodl-tmp/tokenizer-eval/data/nsynth/nsynth-valid/audio/organ_electronic_007-065-050.wav,123,organ_electronic_007,6,organ,1,electronic,65,50,16000,distortion|long_release|nonlinear_env
-62.93276,32.392067,vocal_synthetic_003-085-025,vocal_synthetic_003-085-025,/root/autodl-tmp/tokenizer-eval/data/nsynth/nsynth-valid/audio/vocal_synthetic_003-085-025.wav,37,vocal_synthetic_003,10,vocal,2,synthetic,85,25,16000,bright|distortion|long_release|nonlinear_env
22.739218,-60.186417,string_acoustic_012-033-025,string_acoustic_012-033-025,/root/autodl-tmp/tokenizer-eval/data/nsynth/nsynth-valid/audio/string_acoustic_012-033-025.wav,97,string_acoustic_012,8,string,0,acoustic,33,25,16000,reverb
18.416204,56.40016,guitar_acoustic_015-085-075,guitar_acoustic_015-085-075,/root/autodl-tmp/tokenizer-eval/data/nsynth/nsynth-valid/audio/guitar_acoustic_015-085-075.wav,316,guitar_acoustic_015,3,guitar,0,acoustic,85,75,16000,fast_decay|percussive|reverb
40.856045,-36.78537,guitar_electronic_022-042-050,guitar_electronic_022-042-050,/root/autodl-tmp/tokenizer-eval/data/nsynth/nsynth-valid/audio/guitar_electronic_022-042-050.wav,378,guitar_electronic_022,3,guitar,1,electronic,42,50,16000,dark
33.466286,-63.052353,flute_synthetic_000-031-100,flute_synthetic_000-031-100,/root/autodl-tmp/tokenizer-eval/data/nsynth/nsynth-valid/audio/flute_synthetic_000-031-100.wav,82,flute_synthetic_000,2,flute,2,synthetic,31,100,16000,distortion
19.731403,-8.591111,guitar_acoustic_010-056-127,guitar_acoustic_010-056-127,/root/autodl-tmp/tokenizer-eval/data/nsynth/nsynth-valid/audio/guitar_acoustic_010-056-127.wav,219,guitar_acoustic_010,3,guitar,0,acoustic,56,127,16000,
-16.883928,39.891747,keyboard_electronic_069-081-100,keyboard_electronic_069-081-100,/root/autodl-tmp/tokenizer-eval/data/nsynth/nsynth-valid/audio/keyboard_electronic_069-081-100.wav,805,keyboard_electronic_069,4,keyboard,1,electronic,81,100,16000,distortion
-19.6645,-28.340109,string_acoustic_057-061-025,string_acoustic_057-061-025,/root/autodl-tmp/tokenizer-eval/data/nsynth/nsynth-valid/audio/string_acoustic_057-061-025.wav,450,string_acoustic_057,8,string,0,acoustic,61,25,16000,bright|nonlinear_env|reverb
43.767853,26.159956,mallet_acoustic_056-060-025,mallet_acoustic_056-060-025,/root/autodl-tmp/tokenizer-eval/data/nsynth/nsynth-valid/audio/mallet_acoustic_056-060-025.wav,590,mallet_acoustic_056,5,mallet,0,acoustic,60,25,16000,fast_decay|percussive
41.090702,-40.427425,guitar_electronic_022-046-050,guitar_electronic_022-046-050,/root/autodl-tmp/tokenizer-eval/data/nsynth/nsynth-valid/audio/guitar_electronic_022-046-050.wav,378,guitar_electronic_022,3,guitar,1,electronic,46,50,16000,dark
47.93166,32.941906,mallet_acoustic_056-047-075,mallet_acoustic_056-047-075,/root/autodl-tmp/tokenizer-eval/data/nsynth/nsynth-valid/audio/mallet_acoustic_056-047-075.wav,590,mallet_acoustic_056,5,mallet,0,acoustic,47,75,16000,fast_decay|percussive
1.7345611,32.1412,bass_synthetic_068-079-050,bass_synthetic_068-079-050,/root/autodl-tmp/tokenizer-eval/data/nsynth/nsynth-valid/audio/bass_synthetic_068-079-050.wav,656,bass_synthetic_068,0,bass,2,synthetic,79,50,16000,fast_decay
58.365482,-6.3057013,mallet_acoustic_062-040-075,mallet_acoustic_062-040-075,/root/autodl-tmp/tokenizer-eval/data/nsynth/nsynth-valid/audio/mallet_acoustic_062-040-075.wav,644,mallet_acoustic_062,5,mallet,0,acoustic,40,75,16000,dark|multiphonic
-28.743267,-26.609161,vocal_acoustic_000-062-075,vocal_acoustic_000-062-075,/root/autodl-tmp/tokenizer-eval/data/nsynth/nsynth-valid/audio/vocal_acoustic_000-062-075.wav,46,vocal_acoustic_000,10,vocal,0,acoustic,62,75,16000,reverb
-44.126286,42.159527,flute_synthetic_000-096-075,flute_synthetic_000-096-075,/root/autodl-tmp/tokenizer-eval/data/nsynth/nsynth-valid/audio/flute_synthetic_000-096-075.wav,82,flute_synthetic_000,2,flute,2,synthetic,96,75,16000,distortion
-67.52341,18.640938,vocal_synthetic_003-075-025,vocal_synthetic_003-075-025,/root/autodl-tmp/tokenizer-eval/data/nsynth/nsynth-valid/audio/vocal_synthetic_003-075-025.wav,37,vocal_synthetic_003,10,vocal,2,synthetic,75,25,16000,bright|distortion|long_release|nonlinear_env
15.538503,13.4681015,mallet_acoustic_062-069-075,mallet_acoustic_062-069-075,/root/autodl-tmp/tokenizer-eval/data/nsynth/nsynth-valid/audio/mallet_acoustic_062-069-075.wav,644,mallet_acoustic_062,5,mallet,0,acoustic,69,75,16000,dark|multiphonic
20.88545,-5.9403086,guitar_electronic_028-055-127,guitar_electronic_028-055-127,/root/autodl-tmp/tokenizer-eval/data/nsynth/nsynth-valid/audio/guitar_electronic_028-055-127.wav,510,guitar_electronic_028,3,guitar,1,electronic,55,127,16000,
-26.649475,16.720652,flute_acoustic_002-087-050,flute_acoustic_002-087-050,/root/autodl-tmp/tokenizer-eval/data/nsynth/nsynth-valid/audio/flute_acoustic_002-087-050.wav,86,flute_acoustic_002,2,flute,0,acoustic,87,50,16000,reverb
-5.0407977,50.14821,guitar_electronic_028-086-050,guitar_electronic_028-086-050,/root/autodl-tmp/tokenizer-eval/data/nsynth/nsynth-valid/audio/guitar_electronic_028-086-050.wav,510,guitar_electronic_028,3,guitar,1,electronic,86,50,16000,
-64.638985,38.07329,vocal_synthetic_003-083-075,vocal_synthetic_003-083-075,/root/autodl-tmp/tokenizer-eval/data/nsynth/nsynth-valid/audio/vocal_synthetic_003-083-075.wav,37,vocal_synthetic_003,10,vocal,2,synthetic,83,75,16000,bright|distortion|long_release|nonlinear_env
-66.16605,41.824177,vocal_synthetic_003-082-127,vocal_synthetic_003-082-127,/root/autodl-tmp/tokenizer-eval/data/nsynth/nsynth-valid/audio/vocal_synthetic_003-082-127.wav,37,vocal_synthetic_003,10,vocal,2,synthetic,82,127,16000,bright|distortion|long_release|nonlinear_env
-67.5705,47.529472,vocal_synthetic_003-080-127,vocal_synthetic_003-080-127,/root/autodl-tmp/tokenizer-eval/data/nsynth/nsynth-valid/audio/vocal_synthetic_003-080-127.wav,37,vocal_synthetic_003,10,vocal,2,synthetic,80,127,16000,bright|distortion|long_release|nonlinear_env
-13.716139,15.395896,string_acoustic_057-076-025,string_acoustic_057-076-025,/root/autodl-tmp/tokenizer-eval/data/nsynth/nsynth-valid/audio/string_acoustic_057-076-025.wav,450,string_acoustic_057,8,string,0,acoustic,76,25,16000,bright|nonlinear_env|reverb
11.9408655,50.731388,mallet_acoustic_062-084-025,mallet_acoustic_062-084-025,/root/autodl-tmp/tokenizer-eval/data/nsynth/nsynth-valid/audio/mallet_acoustic_062-084-025.wav,644,mallet_acoustic_062,5,mallet,0,acoustic,84,25,16000,fast_decay|multiphonic|percussive
27.575405,-77.84581,flute_synthetic_000-042-127,flute_synthetic_000-042-127,/root/autodl-tmp/tokenizer-eval/data/nsynth/nsynth-valid/audio/flute_synthetic_000-042-127.wav,82,flute_synthetic_000,2,flute,2,synthetic,42,127,16000,distortion
38.16481,0.94068587,bass_electronic_025-046-025,bass_electronic_025-046-025,/root/autodl-tmp/tokenizer-eval/data/nsynth/nsynth-valid/audio/bass_electronic_025-046-025.wav,872,bass_electronic_025,0,bass,1,electronic,46,25,16000,
0.22334477,-85.0977,flute_synthetic_000-057-075,flute_synthetic_000-057-075,/root/autodl-tmp/tokenizer-eval/data/nsynth/nsynth-valid/audio/flute_synthetic_000-057-075.wav,82,flute_synthetic_000,2,flute,2,synthetic,57,75,16000,distortion
40.866055,21.941807,mallet_acoustic_056-067-100,mallet_acoustic_056-067-100,/root/autodl-tmp/tokenizer-eval/data/nsynth/nsynth-valid/audio/mallet_acoustic_056-067-100.wav,590,mallet_acoustic_056,5,mallet,0,acoustic,67,100,16000,fast_decay
-51.215935,4.6065745,organ_electronic_028-071-100,organ_electronic_028-071-100,/root/autodl-tmp/tokenizer-eval/data/nsynth/nsynth-valid/audio/organ_electronic_028-071-100.wav,440,organ_electronic_028,6,organ,1,electronic,71,100,16000,dark
-27.366283,28.379463,brass_acoustic_016-084-127,brass_acoustic_016-084-127,/root/autodl-tmp/tokenizer-eval/data/nsynth/nsynth-valid/audio/brass_acoustic_016-084-127.wav,128,brass_acoustic_016,1,brass,0,acoustic,84,127,16000,bright
33.83092,-72.24398,flute_synthetic_000-037-050,flute_synthetic_000-037-050,/root/autodl-tmp/tokenizer-eval/data/nsynth/nsynth-valid/audio/flute_synthetic_000-037-050.wav,82,flute_synthetic_000,2,flute,2,synthetic,37,50,16000,distortion
28.423126,89.490616,reed_acoustic_023-074-050,reed_acoustic_023-074-050,/root/autodl-tmp/tokenizer-eval/data/nsynth/nsynth-valid/audio/reed_acoustic_023-074-050.wav,224,reed_acoustic_023,7,reed,0,acoustic,74,50,16000,bright|fast_decay|multiphonic|nonlinear_env
18.364655,-2.1206458,guitar_acoustic_015-055-100,guitar_acoustic_015-055-100,/root/autodl-tmp/tokenizer-eval/data/nsynth/nsynth-valid/audio/guitar_acoustic_015-055-100.wav,316,guitar_acoustic_015,3,guitar,0,acoustic,55,100,16000,reverb
22.559647,-60.765198,string_acoustic_071-033-100,string_acoustic_071-033-100,/root/autodl-tmp/tokenizer-eval/data/nsynth/nsynth-valid/audio/string_acoustic_071-033-100.wav,609,string_acoustic_071,8,string,0,acoustic,33,100,16000,reverb
58.431946,7.2271495,keyboard_acoustic_004-092-100,keyboard_acoustic_004-092-100,/root/autodl-tmp/tokenizer-eval/data/nsynth/nsynth-valid/audio/keyboard_acoustic_004-092-100.wav,327,keyboard_acoustic_004,4,keyboard,0,acoustic,92,100,16000,reverb
23.553188,41.51959,mallet_acoustic_047-094-127,mallet_acoustic_047-094-127,/root/autodl-tmp/tokenizer-eval/data/nsynth/nsynth-valid/audio/mallet_acoustic_047-094-127.wav,488,mallet_acoustic_047,5,mallet,0,acoustic,94,127,16000,fast_decay|percussive|reverb
51.236095,-7.1145563,mallet_acoustic_062-046-050,mallet_acoustic_062-046-050,/root/autodl-tmp/tokenizer-eval/data/nsynth/nsynth-valid/audio/mallet_acoustic_062-046-050.wav,644,mallet_acoustic_062,5,mallet,0,acoustic,46,50,16000,dark|multiphonic
-29.770935,60.075455,organ_electronic_028-090-050,organ_electronic_028-090-050,/root/autodl-tmp/tokenizer-eval/data/nsynth/nsynth-valid/audio/organ_electronic_028-090-050.wav,440,organ_electronic_028,6,organ,1,electronic,90,50,16000,
61.301304,-26.254068,string_acoustic_080-032-050,string_acoustic_080-032-050,/root/autodl-tmp/tokenizer-eval/data/nsynth/nsynth-valid/audio/string_acoustic_080-032-050.wav,675,string_acoustic_080,8,string,0,acoustic,32,50,16000,reverb
31.520243,90.73331,reed_acoustic_023-079-025,reed_acoustic_023-079-025,/root/autodl-tmp/tokenizer-eval/data/nsynth/nsynth-valid/audio/reed_acoustic_023-079-025.wav,224,reed_acoustic_023,7,reed,0,acoustic,79,25,16000,bright|fast_decay|multiphonic|nonlinear_env
7.8168845,-32.499565,organ_electronic_057-052-050,organ_electronic_057-052-050,/root/autodl-tmp/tokenizer-eval/data/nsynth/nsynth-valid/audio/organ_electronic_057-052-050.wav,701,organ_electronic_057,6,organ,1,electronic,52,50,16000,dark
-32.206505,-24.153278,vocal_acoustic_000-053-075,vocal_acoustic_000-053-075,/root/autodl-tmp/tokenizer-eval/data/nsynth/nsynth-valid/audio/vocal_acoustic_000-053-075.wav,46,vocal_acoustic_000,10,vocal,0,acoustic,53,75,16000,reverb
58.823063,-0.5243293,mallet_acoustic_062-038-025,mallet_acoustic_062-038-025,/root/autodl-tmp/tokenizer-eval/data/nsynth/nsynth-valid/audio/mallet_acoustic_062-038-025.wav,644,mallet_acoustic_062,5,mallet,0,acoustic,38,25,16000,dark|fast_decay|multiphonic
-8.826707,-47.60032,reed_acoustic_037-034-127,reed_acoustic_037-034-127,/root/autodl-tmp/tokenizer-eval/data/nsynth/nsynth-valid/audio/reed_acoustic_037-034-127.wav,387,reed_acoustic_037,7,reed,0,acoustic,34,127,16000,long_release|reverb
5.619702,-2.5218167,bass_synthetic_068-064-050,bass_synthetic_068-064-050,/root/autodl-tmp/tokenizer-eval/data/nsynth/nsynth-valid/audio/bass_synthetic_068-064-050.wav,656,bass_synthetic_068,0,bass,2,synthetic,64,50,16000,
-62.195087,7.6398277,vocal_synthetic_003-071-127,vocal_synthetic_003-071-127,/root/autodl-tmp/tokenizer-eval/data/nsynth/nsynth-valid/audio/vocal_synthetic_003-071-127.wav,37,vocal_synthetic_003,10,vocal,2,synthetic,71,127,16000,bright|distortion|long_release|nonlinear_env
-16.447327,14.324577,organ_electronic_007-064-127,organ_electronic_007-064-127,/root/autodl-tmp/tokenizer-eval/data/nsynth/nsynth-valid/audio/organ_electronic_007-064-127.wav,123,organ_electronic_007,6,organ,1,electronic,64,127,16000,distortion|long_release|nonlinear_env
-2.3727324,-48.596447,brass_acoustic_059-037-050,brass_acoustic_059-037-050,/root/autodl-tmp/tokenizer-eval/data/nsynth/nsynth-valid/audio/brass_acoustic_059-037-050.wav,572,brass_acoustic_059,1,brass,0,acoustic,37,50,16000,reverb
44.175556,27.454157,mallet_acoustic_056-057-050,mallet_acoustic_056-057-050,/root/autodl-tmp/tokenizer-eval/data/nsynth/nsynth-valid/audio/mallet_acoustic_056-057-050.wav,590,mallet_acoustic_056,5,mallet,0,acoustic,57,50,16000,fast_decay|percussive
-33.880066,-26.041243,vocal_acoustic_000-050-100,vocal_acoustic_000-050-100,/root/autodl-tmp/tokenizer-eval/data/nsynth/nsynth-valid/audio/vocal_acoustic_000-050-100.wav,46,vocal_acoustic_000,10,vocal,0,acoustic,50,100,16000,reverb
-39.63214,48.796505,organ_electronic_113-081-050,organ_electronic_113-081-050,/root/autodl-tmp/tokenizer-eval/data/nsynth/nsynth-valid/audio/organ_electronic_113-081-050.wav,958,organ_electronic_113,6,organ,1,electronic,81,50,16000,
20.950174,-33.910786,organ_electronic_113-031-050,organ_electronic_113-031-050,/root/autodl-tmp/tokenizer-eval/data/nsynth/nsynth-valid/audio/organ_electronic_113-031-050.wav,958,organ_electronic_113,6,organ,1,electronic,31,50,16000,dark
51.63105,-25.026527,keyboard_electronic_001-045-127,keyboard_electronic_001-045-127,/root/autodl-tmp/tokenizer-eval/data/nsynth/nsynth-valid/audio/keyboard_electronic_001-045-127.wav,40,keyboard_electronic_001,4,keyboard,1,electronic,45,127,16000,
9.058463,24.322405,guitar_acoustic_015-075-050,guitar_acoustic_015-075-050,/root/autodl-tmp/tokenizer-eval/data/nsynth/nsynth-valid/audio/guitar_acoustic_015-075-050.wav,316,guitar_acoustic_015,3,guitar,0,acoustic,75,50,16000,fast_decay|reverb
57.949146,-4.357928,mallet_acoustic_062-040-050,mallet_acoustic_062-040-050,/root/autodl-tmp/tokenizer-eval/data/nsynth/nsynth-valid/audio/mallet_acoustic_062-040-050.wav,644,mallet_acoustic_062,5,mallet,0,acoustic,40,50,16000,dark|multiphonic
-10.209063,32.72902,keyboard_electronic_001-082-127,keyboard_electronic_001-082-127,/root/autodl-tmp/tokenizer-eval/data/nsynth/nsynth-valid/audio/keyboard_electronic_001-082-127.wav,40,keyboard_electronic_001,4,keyboard,1,electronic,82,127,16000,
15.30783,-30.148874,organ_electronic_113-045-075,organ_electronic_113-045-075,/root/autodl-tmp/tokenizer-eval/data/nsynth/nsynth-valid/audio/organ_electronic_113-045-075.wav,958,organ_electronic_113,6,organ,1,electronic,45,75,16000,dark
-68.604294,48.99441,vocal_synthetic_003-079-127,vocal_synthetic_003-079-127,/root/autodl-tmp/tokenizer-eval/data/nsynth/nsynth-valid/audio/vocal_synthetic_003-079-127.wav,37,vocal_synthetic_003,10,vocal,2,synthetic,79,127,16000,bright|distortion|long_release|nonlinear_env
-44.304386,24.92243,organ_electronic_113-074-075,organ_electronic_113-074-075,/root/autodl-tmp/tokenizer-eval/data/nsynth/nsynth-valid/audio/organ_electronic_113-074-075.wav,958,organ_electronic_113,6,organ,1,electronic,74,75,16000,
-22.985676,-17.757732,organ_electronic_007-053-100,organ_electronic_007-053-100,/root/autodl-tmp/tokenizer-eval/data/nsynth/nsynth-valid/audio/organ_electronic_007-053-100.wav,123,organ_electronic_007,6,organ,1,electronic,53,100,16000,distortion|long_release|nonlinear_env
6.298689,-58.959698,bass_synthetic_009-032-025,bass_synthetic_009-032-025,/root/autodl-tmp/tokenizer-eval/data/nsynth/nsynth-valid/audio/bass_synthetic_009-032-025.wav,150,bass_synthetic_009,0,bass,2,synthetic,32,25,16000,bright|distortion|long_release
8.995081,-17.511702,organ_electronic_113-062-025,organ_electronic_113-062-025,/root/autodl-tmp/tokenizer-eval/data/nsynth/nsynth-valid/audio/organ_electronic_113-062-025.wav,958,organ_electronic_113,6,organ,1,electronic,62,25,16000,dark
48.297714,7.2259116,string_acoustic_014-055-100,string_acoustic_014-055-100,/root/autodl-tmp/tokenizer-eval/data/nsynth/nsynth-valid/audio/string_acoustic_014-055-100.wav,100,string_acoustic_014,8,string,0,acoustic,55,100,16000,dark|fast_decay|reverb
3.0490832,-1.1681522,keyboard_electronic_069-064-100,keyboard_electronic_069-064-100,/root/autodl-tmp/tokenizer-eval/data/nsynth/nsynth-valid/audio/keyboard_electronic_069-064-100.wav,805,keyboard_electronic_069,4,keyboard,1,electronic,64,100,16000,distortion
37.56049,-51.618435,guitar_acoustic_021-038-075,guitar_acoustic_021-038-075,/root/autodl-tmp/tokenizer-eval/data/nsynth/nsynth-valid/audio/guitar_acoustic_021-038-075.wav,457,guitar_acoustic_021,3,guitar,0,acoustic,38,75,16000,
-4.8356895,-17.26262,reed_acoustic_011-058-075,reed_acoustic_011-058-075,/root/autodl-tmp/tokenizer-eval/data/nsynth/nsynth-valid/audio/reed_acoustic_011-058-075.wav,104,reed_acoustic_011,7,reed,0,acoustic,58,75,16000,
27.169891,-78.37296,flute_synthetic_000-042-050,flute_synthetic_000-042-050,/root/autodl-tmp/tokenizer-eval/data/nsynth/nsynth-valid/audio/flute_synthetic_000-042-050.wav,82,flute_synthetic_000,2,flute,2,synthetic,42,50,16000,distortion
32.080593,-21.618921,bass_synthetic_068-050-050,bass_synthetic_068-050-050,/root/autodl-tmp/tokenizer-eval/data/nsynth/nsynth-valid/audio/bass_synthetic_068-050-050.wav,656,bass_synthetic_068,0,bass,2,synthetic,50,50,16000,dark
21.304388,2.4557397,keyboard_electronic_001-068-050,keyboard_electronic_001-068-050,/root/autodl-tmp/tokenizer-eval/data/nsynth/nsynth-valid/audio/keyboard_electronic_001-068-050.wav,40,keyboard_electronic_001,4,keyboard,1,electronic,68,50,16000,dark
4.3101344,-83.97244,flute_synthetic_000-055-100,flute_synthetic_000-055-100,/root/autodl-tmp/tokenizer-eval/data/nsynth/nsynth-valid/audio/flute_synthetic_000-055-100.wav,82,flute_synthetic_000,2,flute,2,synthetic,55,100,16000,distortion
-38.156628,20.417036,flute_synthetic_000-082-075,flute_synthetic_000-082-075,/root/autodl-tmp/tokenizer-eval/data/nsynth/nsynth-valid/audio/flute_synthetic_000-082-075.wav,82,flute_synthetic_000,2,flute,2,synthetic,82,75,16000,distortion
-42.080166,-3.208378,reed_acoustic_011-070-050,reed_acoustic_011-070-050,/root/autodl-tmp/tokenizer-eval/data/nsynth/nsynth-valid/audio/reed_acoustic_011-070-050.wav,104,reed_acoustic_011,7,reed,0,acoustic,70,50,16000,
-9.119106,-42.38252,reed_acoustic_037-042-100,reed_acoustic_037-042-100,/root/autodl-tmp/tokenizer-eval/data/nsynth/nsynth-valid/audio/reed_acoustic_037-042-100.wav,387,reed_acoustic_037,7,reed,0,acoustic,42,100,16000,reverb
-38.410797,-53.782215,vocal_synthetic_003-051-050,vocal_synthetic_003-051-050,/root/autodl-tmp/tokenizer-eval/data/nsynth/nsynth-valid/audio/vocal_synthetic_003-051-050.wav,37,vocal_synthetic_003,10,vocal,2,synthetic,51,50,16000,distortion|long_release|nonlinear_env
-26.489687,-69.35611,vocal_synthetic_003-035-100,vocal_synthetic_003-035-100,/root/autodl-tmp/tokenizer-eval/data/nsynth/nsynth-valid/audio/vocal_synthetic_003-035-100.wav,37,vocal_synthetic_003,10,vocal,2,synthetic,35,100,16000,bright|distortion|long_release|nonlinear_env
-40.327953,9.805278,guitar_acoustic_030-074-100,guitar_acoustic_030-074-100,/root/autodl-tmp/tokenizer-eval/data/nsynth/nsynth-valid/audio/guitar_acoustic_030-074-100.wav,642,guitar_acoustic_030,3,guitar,0,acoustic,74,100,16000,long_release|tempo-synced
57.692226,-21.969297,guitar_acoustic_021-043-050,guitar_acoustic_021-043-050,/root/autodl-tmp/tokenizer-eval/data/nsynth/nsynth-valid/audio/guitar_acoustic_021-043-050.wav,457,guitar_acoustic_021,3,guitar,0,acoustic,43,50,16000,
32.727745,76.46399,reed_acoustic_023-033-100,reed_acoustic_023-033-100,/root/autodl-tmp/tokenizer-eval/data/nsynth/nsynth-valid/audio/reed_acoustic_023-033-100.wav,224,reed_acoustic_023,7,reed,0,acoustic,33,100,16000,bright|fast_decay|multiphonic|nonlinear_env
20.07414,-33.758,organ_electronic_057-032-100,organ_electronic_057-032-100,/root/autodl-tmp/tokenizer-eval/data/nsynth/nsynth-valid/audio/organ_electronic_057-032-100.wav,701,organ_electronic_057,6,organ,1,electronic,32,100,16000,dark
-37.352604,-61.708076,vocal_synthetic_003-046-127,vocal_synthetic_003-046-127,/root/autodl-tmp/tokenizer-eval/data/nsynth/nsynth-valid/audio/vocal_synthetic_003-046-127.wav,37,vocal_synthetic_003,10,vocal,2,synthetic,46,127,16000,bright|distortion|long_release|nonlinear_env
32.815163,-70.94399,flute_synthetic_000-036-025,flute_synthetic_000-036-025,/root/autodl-tmp/tokenizer-eval/data/nsynth/nsynth-valid/audio/flute_synthetic_000-036-025.wav,82,flute_synthetic_000,2,flute,2,synthetic,36,25,16000,distortion
-41.850212,-11.435551,brass_acoustic_006-057-025,brass_acoustic_006-057-025,/root/autodl-tmp/tokenizer-eval/data/nsynth/nsynth-valid/audio/brass_acoustic_006-057-025.wav,43,brass_acoustic_006,1,brass,0,acoustic,57,25,16000,reverb
20.373894,23.401423,guitar_acoustic_010-072-100,guitar_acoustic_010-072-100,/root/autodl-tmp/tokenizer-eval/data/nsynth/nsynth-valid/audio/guitar_acoustic_010-072-100.wav,219,guitar_acoustic_010,3,guitar,0,acoustic,72,100,16000,
-42.644814,2.986567,bass_synthetic_009-071-100,bass_synthetic_009-071-100,/root/autodl-tmp/tokenizer-eval/data/nsynth/nsynth-valid/audio/bass_synthetic_009-071-100.wav,150,bass_synthetic_009,0,bass,2,synthetic,71,100,16000,bright|distortion|long_release
-13.636732,14.67777,string_acoustic_057-076-127,string_acoustic_057-076-127,/root/autodl-tmp/tokenizer-eval/data/nsynth/nsynth-valid/audio/string_acoustic_057-076-127.wav,450,string_acoustic_057,8,string,0,acoustic,76,127,16000,bright|nonlinear_env|reverb
19.147896,19.358253,bass_synthetic_068-071-127,bass_synthetic_068-071-127,/root/autodl-tmp/tokenizer-eval/data/nsynth/nsynth-valid/audio/bass_synthetic_068-071-127.wav,656,bass_synthetic_068,0,bass,2,synthetic,71,127,16000,distortion
46.611122,40.442528,bass_synthetic_134-084-050,bass_synthetic_134-084-050,/root/autodl-tmp/tokenizer-eval/data/nsynth/nsynth-valid/audio/bass_synthetic_134-084-050.wav,914,bass_synthetic_134,0,bass,2,synthetic,84,50,16000,fast_decay|percussive|reverb
41.047134,77.68717,reed_acoustic_023-047-025,reed_acoustic_023-047-025,/root/autodl-tmp/tokenizer-eval/data/nsynth/nsynth-valid/audio/reed_acoustic_023-047-025.wav,224,reed_acoustic_023,7,reed,0,acoustic,47,25,16000,bright|fast_decay|multiphonic|nonlinear_env
58.399696,9.477406,keyboard_acoustic_004-088-100,keyboard_acoustic_004-088-100,/root/autodl-tmp/tokenizer-eval/data/nsynth/nsynth-valid/audio/keyboard_acoustic_004-088-100.wav,327,keyboard_acoustic_004,4,keyboard,0,acoustic,88,100,16000,reverb
37.47711,-44.79363,guitar_electronic_022-037-127,guitar_electronic_022-037-127,/root/autodl-tmp/tokenizer-eval/data/nsynth/nsynth-valid/audio/guitar_electronic_022-037-127.wav,378,guitar_electronic_022,3,guitar,1,electronic,37,127,16000,dark
-34.485874,-32.068394,flute_synthetic_000-066-100,flute_synthetic_000-066-100,/root/autodl-tmp/tokenizer-eval/data/nsynth/nsynth-valid/audio/flute_synthetic_000-066-100.wav,82,flute_synthetic_000,2,flute,2,synthetic,66,100,16000,distortion
-89.01486,-81.233635,brass_acoustic_046-088-127,brass_acoustic_046-088-127,/root/autodl-tmp/tokenizer-eval/data/nsynth/nsynth-valid/audio/brass_acoustic_046-088-127.wav,414,brass_acoustic_046,1,brass,0,acoustic,88,127,16000,long_release
40.0974,11.373775,bass_electronic_027-063-127,bass_electronic_027-063-127,/root/autodl-tmp/tokenizer-eval/data/nsynth/nsynth-valid/audio/bass_electronic_027-063-127.wav,880,bass_electronic_027,0,bass,1,electronic,63,127,16000,fast_decay
28.48806,51.16877,mallet_acoustic_047-074-127,mallet_acoustic_047-074-127,/root/autodl-tmp/tokenizer-eval/data/nsynth/nsynth-valid/audio/mallet_acoustic_047-074-127.wav,488,mallet_acoustic_047,5,mallet,0,acoustic,74,127,16000,fast_decay|percussive|reverb
-41.8775,39.540962,organ_electronic_057-083-075,organ_electronic_057-083-075,/root/autodl-tmp/tokenizer-eval/data/nsynth/nsynth-valid/audio/organ_electronic_057-083-075.wav,701,organ_electronic_057,6,organ,1,electronic,83,75,16000,
-0.82696545,-41.124287,organ_electronic_007-048-127,organ_electronic_007-048-127,/root/autodl-tmp/tokenizer-eval/data/nsynth/nsynth-valid/audio/organ_electronic_007-048-127.wav,123,organ_electronic_007,6,organ,1,electronic,48,127,16000,distortion|long_release|nonlinear_env
21.8719,-57.946762,string_acoustic_071-042-025,string_acoustic_071-042-025,/root/autodl-tmp/tokenizer-eval/data/nsynth/nsynth-valid/audio/string_acoustic_071-042-025.wav,609,string_acoustic_071,8,string,0,acoustic,42,25,16000,long_release|reverb
4.6584725,22.46178,keyboard_acoustic_004-076-127,keyboard_acoustic_004-076-127,/root/autodl-tmp/tokenizer-eval/data/nsynth/nsynth-valid/audio/keyboard_acoustic_004-076-127.wav,327,keyboard_acoustic_004,4,keyboard,0,acoustic,76,127,16000,reverb
-52.92916,29.343044,bass_synthetic_009-095-075,bass_synthetic_009-095-075,/root/autodl-tmp/tokenizer-eval/data/nsynth/nsynth-valid/audio/bass_synthetic_009-095-075.wav,150,bass_synthetic_009,0,bass,2,synthetic,95,75,16000,long_release
8.192977,1.1154345,guitar_acoustic_014-066-025,guitar_acoustic_014-066-025,/root/autodl-tmp/tokenizer-eval/data/nsynth/nsynth-valid/audio/guitar_acoustic_014-066-025.wav,263,guitar_acoustic_014,3,guitar,0,acoustic,66,25,16000,
-41.508266,39.939808,organ_electronic_001-095-075,organ_electronic_001-095-075,/root/autodl-tmp/tokenizer-eval/data/nsynth/nsynth-valid/audio/organ_electronic_001-095-075.wav,8,organ_electronic_001,6,organ,1,electronic,95,75,16000,
30.477161,92.25217,reed_acoustic_023-077-100,reed_acoustic_023-077-100,/root/autodl-tmp/tokenizer-eval/data/nsynth/nsynth-valid/audio/reed_acoustic_023-077-100.wav,224,reed_acoustic_023,7,reed,0,acoustic,77,100,16000,bright|fast_decay|multiphonic|nonlinear_env
11.558234,-83.06385,flute_synthetic_000-051-075,flute_synthetic_000-051-075,/root/autodl-tmp/tokenizer-eval/data/nsynth/nsynth-valid/audio/flute_synthetic_000-051-075.wav,82,flute_synthetic_000,2,flute,2,synthetic,51,75,16000,distortion
37.405365,20.78525,mallet_acoustic_056-073-050,mallet_acoustic_056-073-050,/root/autodl-tmp/tokenizer-eval/data/nsynth/nsynth-valid/audio/mallet_acoustic_056-073-050.wav,590,mallet_acoustic_056,5,mallet,0,acoustic,73,50,16000,fast_decay
-9.89368,-57.41649,brass_acoustic_006-039-075,brass_acoustic_006-039-075,/root/autodl-tmp/tokenizer-eval/data/nsynth/nsynth-valid/audio/brass_acoustic_006-039-075.wav,43,brass_acoustic_006,1,brass,0,acoustic,39,75,16000,reverb
-9.37666,4.847708,brass_acoustic_046-075-050,brass_acoustic_046-075-050,/root/autodl-tmp/tokenizer-eval/data/nsynth/nsynth-valid/audio/brass_acoustic_046-075-050.wav,414,brass_acoustic_046,1,brass,0,acoustic,75,50,16000,
-29.644407,-21.238262,vocal_acoustic_000-066-075,vocal_acoustic_000-066-075,/root/autodl-tmp/tokenizer-eval/data/nsynth/nsynth-valid/audio/vocal_acoustic_000-066-075.wav,46,vocal_acoustic_000,10,vocal,0,acoustic,66,75,16000,reverb
-22.690691,8.131117,string_acoustic_057-078-100,string_acoustic_057-078-100,/root/autodl-tmp/tokenizer-eval/data/nsynth/nsynth-valid/audio/string_acoustic_057-078-100.wav,450,string_acoustic_057,8,string,0,acoustic,78,100,16000,bright|nonlinear_env|reverb
13.633435,-26.084494,organ_electronic_001-041-100,organ_electronic_001-041-100,/root/autodl-tmp/tokenizer-eval/data/nsynth/nsynth-valid/audio/organ_electronic_001-041-100.wav,8,organ_electronic_001,6,organ,1,electronic,41,100,16000,dark
58.604664,-31.101965,string_acoustic_012-045-127,string_acoustic_012-045-127,/root/autodl-tmp/tokenizer-eval/data/nsynth/nsynth-valid/audio/string_acoustic_012-045-127.wav,97,string_acoustic_012,8,string,0,acoustic,45,127,16000,reverb
-61.660725,48.25002,vocal_synthetic_003-092-025,vocal_synthetic_003-092-025,/root/autodl-tmp/tokenizer-eval/data/nsynth/nsynth-valid/audio/vocal_synthetic_003-092-025.wav,37,vocal_synthetic_003,10,vocal,2,synthetic,92,25,16000,bright|distortion|long_release|nonlinear_env
-65.72163,15.930064,vocal_synthetic_003-074-127,vocal_synthetic_003-074-127,/root/autodl-tmp/tokenizer-eval/data/nsynth/nsynth-valid/audio/vocal_synthetic_003-074-127.wav,37,vocal_synthetic_003,10,vocal,2,synthetic,74,127,16000,bright|distortion|long_release|nonlinear_env
35.458622,-36.36028,keyboard_electronic_003-041-100,keyboard_electronic_003-041-100,/root/autodl-tmp/tokenizer-eval/data/nsynth/nsynth-valid/audio/keyboard_electronic_003-041-100.wav,65,keyboard_electronic_003,4,keyboard,1,electronic,41,100,16000,distortion
16.571379,-29.033491,organ_electronic_057-045-075,organ_electronic_057-045-075,/root/autodl-tmp/tokenizer-eval/data/nsynth/nsynth-valid/audio/organ_electronic_057-045-075.wav,701,organ_electronic_057,6,organ,1,electronic,45,75,16000,dark
25.060637,-20.160616,guitar_electronic_028-053-025,guitar_electronic_028-053-025,/root/autodl-tmp/tokenizer-eval/data/nsynth/nsynth-valid/audio/guitar_electronic_028-053-025.wav,510,guitar_electronic_028,3,guitar,1,electronic,53,25,16000,dark
18.335604,-24.99588,organ_electronic_104-043-050,organ_electronic_104-043-050,/root/autodl-tmp/tokenizer-eval/data/nsynth/nsynth-valid/audio/organ_electronic_104-043-050.wav,921,organ_electronic_104,6,organ,1,electronic,43,50,16000,
13.242336,-82.351654,flute_synthetic_000-050-025,flute_synthetic_000-050-025,/root/autodl-tmp/tokenizer-eval/data/nsynth/nsynth-valid/audio/flute_synthetic_000-050-025.wav,82,flute_synthetic_000,2,flute,2,synthetic,50,25,16000,distortion
-28.985107,-25.545683,vocal_acoustic_000-063-075,vocal_acoustic_000-063-075,/root/autodl-tmp/tokenizer-eval/data/nsynth/nsynth-valid/audio/vocal_acoustic_000-063-075.wav,46,vocal_acoustic_000,10,vocal,0,acoustic,63,75,16000,reverb
36.539772,-42.2504,guitar_acoustic_010-037-050,guitar_acoustic_010-037-050,/root/autodl-tmp/tokenizer-eval/data/nsynth/nsynth-valid/audio/guitar_acoustic_010-037-050.wav,219,guitar_acoustic_010,3,guitar,0,acoustic,37,50,16000,
20.294937,49.4011,string_acoustic_056-075-050,string_acoustic_056-075-050,/root/autodl-tmp/tokenizer-eval/data/nsynth/nsynth-valid/audio/string_acoustic_056-075-050.wav,436,string_acoustic_056,8,string,0,acoustic,75,50,16000,fast_decay|percussive|reverb
42.767315,80.088295,reed_acoustic_023-051-100,reed_acoustic_023-051-100,/root/autodl-tmp/tokenizer-eval/data/nsynth/nsynth-valid/audio/reed_acoustic_023-051-100.wav,224,reed_acoustic_023,7,reed,0,acoustic,51,100,16000,bright|fast_decay|multiphonic|nonlinear_env
-46.57368,-46.71329,vocal_synthetic_003-058-075,vocal_synthetic_003-058-075,/root/autodl-tmp/tokenizer-eval/data/nsynth/nsynth-valid/audio/vocal_synthetic_003-058-075.wav,37,vocal_synthetic_003,10,vocal,2,synthetic,58,75,16000,bright|distortion|long_release|nonlinear_env
-40.80528,-7.091162,string_acoustic_057-070-127,string_acoustic_057-070-127,/root/autodl-tmp/tokenizer-eval/data/nsynth/nsynth-valid/audio/string_acoustic_057-070-127.wav,450,string_acoustic_057,8,string,0,acoustic,70,127,16000,bright|nonlinear_env|reverb
4.5547056,-5.4934816,bass_synthetic_068-063-075,bass_synthetic_068-063-075,/root/autodl-tmp/tokenizer-eval/data/nsynth/nsynth-valid/audio/bass_synthetic_068-063-075.wav,656,bass_synthetic_068,0,bass,2,synthetic,63,75,16000,
-19.010075,7.728654,flute_acoustic_002-077-075,flute_acoustic_002-077-075,/root/autodl-tmp/tokenizer-eval/data/nsynth/nsynth-valid/audio/flute_acoustic_002-077-075.wav,86,flute_acoustic_002,2,flute,0,acoustic,77,75,16000,reverb
-29.344997,63.354294,bass_synthetic_135-091-100,bass_synthetic_135-091-100,/root/autodl-tmp/tokenizer-eval/data/nsynth/nsynth-valid/audio/bass_synthetic_135-091-100.wav,927,bass_synthetic_135,0,bass,2,synthetic,91,100,16000,distortion
3.6090899,-9.533745,bass_synthetic_135-062-127,bass_synthetic_135-062-127,/root/autodl-tmp/tokenizer-eval/data/nsynth/nsynth-valid/audio/bass_synthetic_135-062-127.wav,927,bass_synthetic_135,0,bass,2,synthetic,62,127,16000,distortion
-42.665417,-24.597013,brass_acoustic_015-067-127,brass_acoustic_015-067-127,/root/autodl-tmp/tokenizer-eval/data/nsynth/nsynth-valid/audio/brass_acoustic_015-067-127.wav,121,brass_acoustic_015,1,brass,0,acoustic,67,127,16000,reverb
48.2442,9.684694,string_acoustic_056-040-127,string_acoustic_056-040-127,/root/autodl-tmp/tokenizer-eval/data/nsynth/nsynth-valid/audio/string_acoustic_056-040-127.wav,436,string_acoustic_056,8,string,0,acoustic,40,127,16000,fast_decay|percussive|reverb
43.111988,24.82901,mallet_acoustic_056-063-025,mallet_acoustic_056-063-025,/root/autodl-tmp/tokenizer-eval/data/nsynth/nsynth-valid/audio/mallet_acoustic_056-063-025.wav,590,mallet_acoustic_056,5,mallet,0,acoustic,63,25,16000,fast_decay|percussive
-21.674614,-44.173153,reed_acoustic_011-046-075,reed_acoustic_011-046-075,/root/autodl-tmp/tokenizer-eval/data/nsynth/nsynth-valid/audio/reed_acoustic_011-046-075.wav,104,reed_acoustic_011,7,reed,0,acoustic,46,75,16000,
-15.626615,24.456444,bass_synthetic_034-074-025,bass_synthetic_034-074-025,/root/autodl-tmp/tokenizer-eval/data/nsynth/nsynth-valid/audio/bass_synthetic_034-074-025.wav,420,bass_synthetic_034,0,bass,2,synthetic,74,25,16000,distortion|tempo-synced
13.023206,10.295192,keyboard_electronic_069-070-050,keyboard_electronic_069-070-050,/root/autodl-tmp/tokenizer-eval/data/nsynth/nsynth-valid/audio/keyboard_electronic_069-070-050.wav,805,keyboard_electronic_069,4,keyboard,1,electronic,70,50,16000,distortion
-33.946438,-65.63542,vocal_synthetic_003-043-127,vocal_synthetic_003-043-127,/root/autodl-tmp/tokenizer-eval/data/nsynth/nsynth-valid/audio/vocal_synthetic_003-043-127.wav,37,vocal_synthetic_003,10,vocal,2,synthetic,43,127,16000,bright|distortion|long_release|nonlinear_env
-1.994426,-85.1059,flute_synthetic_000-058-075,flute_synthetic_000-058-075,/root/autodl-tmp/tokenizer-eval/data/nsynth/nsynth-valid/audio/flute_synthetic_000-058-075.wav,82,flute_synthetic_000,2,flute,2,synthetic,58,75,16000,distortion
17.742779,5.2754183,bass_synthetic_068-068-127,bass_synthetic_068-068-127,/root/autodl-tmp/tokenizer-eval/data/nsynth/nsynth-valid/audio/bass_synthetic_068-068-127.wav,656,bass_synthetic_068,0,bass,2,synthetic,68,127,16000,distortion
50.489483,34.25622,mallet_acoustic_056-034-127,mallet_acoustic_056-034-127,/root/autodl-tmp/tokenizer-eval/data/nsynth/nsynth-valid/audio/mallet_acoustic_056-034-127.wav,590,mallet_acoustic_056,5,mallet,0,acoustic,34,127,16000,bright|fast_decay|percussive
33.055374,-69.71528,flute_synthetic_000-035-127,flute_synthetic_000-035-127,/root/autodl-tmp/tokenizer-eval/data/nsynth/nsynth-valid/audio/flute_synthetic_000-035-127.wav,82,flute_synthetic_000,2,flute,2,synthetic,35,127,16000,distortion
10.6182,78.339035,reed_acoustic_023-096-075,reed_acoustic_023-096-075,/root/autodl-tmp/tokenizer-eval/data/nsynth/nsynth-valid/audio/reed_acoustic_023-096-075.wav,224,reed_acoustic_023,7,reed,0,acoustic,96,75,16000,fast_decay|multiphonic|nonlinear_env|percussive
8.484254,-21.732027,organ_electronic_057-059-075,organ_electronic_057-059-075,/root/autodl-tmp/tokenizer-eval/data/nsynth/nsynth-valid/audio/organ_electronic_057-059-075.wav,701,organ_electronic_057,6,organ,1,electronic,59,75,16000,dark
-5.459335,-38.62165,brass_acoustic_059-043-050,brass_acoustic_059-043-050,/root/autodl-tmp/tokenizer-eval/data/nsynth/nsynth-valid/audio/brass_acoustic_059-043-050.wav,572,brass_acoustic_059,1,brass,0,acoustic,43,50,16000,dark|reverb
11.654119,50.733055,mallet_acoustic_062-083-025,mallet_acoustic_062-083-025,/root/autodl-tmp/tokenizer-eval/data/nsynth/nsynth-valid/audio/mallet_acoustic_062-083-025.wav,644,mallet_acoustic_062,5,mallet,0,acoustic,83,25,16000,fast_decay|multiphonic|percussive
6.4358716,-83.5913,flute_synthetic_000-054-100,flute_synthetic_000-054-100,/root/autodl-tmp/tokenizer-eval/data/nsynth/nsynth-valid/audio/flute_synthetic_000-054-100.wav,82,flute_synthetic_000,2,flute,2,synthetic,54,100,16000,distortion
-3.3270202,-22.78917,reed_acoustic_037-058-050,reed_acoustic_037-058-050,/root/autodl-tmp/tokenizer-eval/data/nsynth/nsynth-valid/audio/reed_acoustic_037-058-050.wav,387,reed_acoustic_037,7,reed,0,acoustic,58,50,16000,reverb
8.483496,49.57284,mallet_acoustic_062-085-050,mallet_acoustic_062-085-050,/root/autodl-tmp/tokenizer-eval/data/nsynth/nsynth-valid/audio/mallet_acoustic_062-085-050.wav,644,mallet_acoustic_062,5,mallet,0,acoustic,85,50,16000,fast_decay|multiphonic
32.139675,-73.53397,flute_synthetic_000-038-025,flute_synthetic_000-038-025,/root/autodl-tmp/tokenizer-eval/data/nsynth/nsynth-valid/audio/flute_synthetic_000-038-025.wav,82,flute_synthetic_000,2,flute,2,synthetic,38,25,16000,distortion
38.72749,45.793827,keyboard_electronic_001-079-025,keyboard_electronic_001-079-025,/root/autodl-tmp/tokenizer-eval/data/nsynth/nsynth-valid/audio/keyboard_electronic_001-079-025.wav,40,keyboard_electronic_001,4,keyboard,1,electronic,79,25,16000,
18.454268,-35.322884,organ_electronic_057-035-127,organ_electronic_057-035-127,/root/autodl-tmp/tokenizer-eval/data/nsynth/nsynth-valid/audio/organ_electronic_057-035-127.wav,701,organ_electronic_057,6,organ,1,electronic,35,127,16000,dark
9.505651,77.02337,reed_acoustic_023-095-075,reed_acoustic_023-095-075,/root/autodl-tmp/tokenizer-eval/data/nsynth/nsynth-valid/audio/reed_acoustic_023-095-075.wav,224,reed_acoustic_023,7,reed,0,acoustic,95,75,16000,fast_decay|multiphonic|nonlinear_env
-25.530258,-0.4205581,flute_synthetic_000-075-100,flute_synthetic_000-075-100,/root/autodl-tmp/tokenizer-eval/data/nsynth/nsynth-valid/audio/flute_synthetic_000-075-100.wav,82,flute_synthetic_000,2,flute,2,synthetic,75,100,16000,distortion
-23.672174,63.778793,mallet_acoustic_056-089-050,mallet_acoustic_056-089-050,/root/autodl-tmp/tokenizer-eval/data/nsynth/nsynth-valid/audio/mallet_acoustic_056-089-050.wav,590,mallet_acoustic_056,5,mallet,0,acoustic,89,50,16000,
-18.573702,-0.72041625,brass_acoustic_016-082-075,brass_acoustic_016-082-075,/root/autodl-tmp/tokenizer-eval/data/nsynth/nsynth-valid/audio/brass_acoustic_016-082-075.wav,128,brass_acoustic_016,1,brass,0,acoustic,82,75,16000,bright
30.89088,50.904404,mallet_acoustic_047-070-100,mallet_acoustic_047-070-100,/root/autodl-tmp/tokenizer-eval/data/nsynth/nsynth-valid/audio/mallet_acoustic_047-070-100.wav,488,mallet_acoustic_047,5,mallet,0,acoustic,70,100,16000,fast_decay|percussive|reverb
39.53331,47.053574,mallet_acoustic_047-076-100,mallet_acoustic_047-076-100,/root/autodl-tmp/tokenizer-eval/data/nsynth/nsynth-valid/audio/mallet_acoustic_047-076-100.wav,488,mallet_acoustic_047,5,mallet,0,acoustic,76,100,16000,percussive|reverb
-89.01486,-81.233635,brass_acoustic_046-090-100,brass_acoustic_046-090-100,/root/autodl-tmp/tokenizer-eval/data/nsynth/nsynth-valid/audio/brass_acoustic_046-090-100.wav,414,brass_acoustic_046,1,brass,0,acoustic,90,100,16000,long_release
36.169273,-5.8351264,mallet_acoustic_062-055-075,mallet_acoustic_062-055-075,/root/autodl-tmp/tokenizer-eval/data/nsynth/nsynth-valid/audio/mallet_acoustic_062-055-075.wav,644,mallet_acoustic_062,5,mallet,0,acoustic,55,75,16000,dark|multiphonic
3.8409867,54.683186,keyboard_electronic_098-089-025,keyboard_electronic_098-089-025,/root/autodl-tmp/tokenizer-eval/data/nsynth/nsynth-valid/audio/keyboard_electronic_098-089-025.wav,905,keyboard_electronic_098,4,keyboard,1,electronic,89,25,16000,fast_decay
36.00313,4.1774793,bass_electronic_025-061-025,bass_electronic_025-061-025,/root/autodl-tmp/tokenizer-eval/data/nsynth/nsynth-valid/audio/bass_electronic_025-061-025.wav,872,bass_electronic_025,0,bass,1,electronic,61,25,16000,
-5.99427,-83.72394,flute_synthetic_000-060-050,flute_synthetic_000-060-050,/root/autodl-tmp/tokenizer-eval/data/nsynth/nsynth-valid/audio/flute_synthetic_000-060-050.wav,82,flute_synthetic_000,2,flute,2,synthetic,60,50,16000,distortion
32.450333,-45.740273,guitar_electronic_022-031-100,guitar_electronic_022-031-100,/root/autodl-tmp/tokenizer-eval/data/nsynth/nsynth-valid/audio/guitar_electronic_022-031-100.wav,378,guitar_electronic_022,3,guitar,1,electronic,31,100,16000,dark
-89.01486,-81.233635,brass_acoustic_046-086-100,brass_acoustic_046-086-100,/root/autodl-tmp/tokenizer-eval/data/nsynth/nsynth-valid/audio/brass_acoustic_046-086-100.wav,414,brass_acoustic_046,1,brass,0,acoustic,86,100,16000,long_release
-0.8832877,22.11538,keyboard_electronic_069-077-075,keyboard_electronic_069-077-075,/root/autodl-tmp/tokenizer-eval/data/nsynth/nsynth-valid/audio/keyboard_electronic_069-077-075.wav,805,keyboard_electronic_069,4,keyboard,1,electronic,77,75,16000,distortion
42.80416,-16.246439,keyboard_electronic_001-040-100,keyboard_electronic_001-040-100,/root/autodl-tmp/tokenizer-eval/data/nsynth/nsynth-valid/audio/keyboard_electronic_001-040-100.wav,40,keyboard_electronic_001,4,keyboard,1,electronic,40,100,16000,
0.08743618,-23.118553,organ_electronic_001-058-025,organ_electronic_001-058-025,/root/autodl-tmp/tokenizer-eval/data/nsynth/nsynth-valid/audio/organ_electronic_001-058-025.wav,8,organ_electronic_001,6,organ,1,electronic,58,25,16000,dark
-9.195898,7.6095953,flute_acoustic_002-075-050,flute_acoustic_002-075-050,/root/autodl-tmp/tokenizer-eval/data/nsynth/nsynth-valid/audio/flute_acoustic_002-075-050.wav,86,flute_acoustic_002,2,flute,0,acoustic,75,50,16000,reverb
40.04134,74.144104,reed_acoustic_023-040-025,reed_acoustic_023-040-025,/root/autodl-tmp/tokenizer-eval/data/nsynth/nsynth-valid/audio/reed_acoustic_023-040-025.wav,224,reed_acoustic_023,7,reed,0,acoustic,40,25,16000,bright|fast_decay|multiphonic|nonlinear_env
2.5311193,-28.154575,organ_electronic_001-056-075,organ_electronic_001-056-075,/root/autodl-tmp/tokenizer-eval/data/nsynth/nsynth-valid/audio/organ_electronic_001-056-075.wav,8,organ_electronic_001,6,organ,1,electronic,56,75,16000,dark
-38.45545,-56.692127,vocal_synthetic_003-051-127,vocal_synthetic_003-051-127,/root/autodl-tmp/tokenizer-eval/data/nsynth/nsynth-valid/audio/vocal_synthetic_003-051-127.wav,37,vocal_synthetic_003,10,vocal,2,synthetic,51,127,16000,bright|distortion|long_release|nonlinear_env
39.203625,82.70871,reed_acoustic_023-062-050,reed_acoustic_023-062-050,/root/autodl-tmp/tokenizer-eval/data/nsynth/nsynth-valid/audio/reed_acoustic_023-062-050.wav,224,reed_acoustic_023,7,reed,0,acoustic,62,50,16000,bright|fast_decay|multiphonic|nonlinear_env
-6.462137,-84.03986,flute_synthetic_000-060-127,flute_synthetic_000-060-127,/root/autodl-tmp/tokenizer-eval/data/nsynth/nsynth-valid/audio/flute_synthetic_000-060-127.wav,82,flute_synthetic_000,2,flute,2,synthetic,60,127,16000,distortion
32.77015,-52.937748,guitar_acoustic_014-035-075,guitar_acoustic_014-035-075,/root/autodl-tmp/tokenizer-eval/data/nsynth/nsynth-valid/audio/guitar_acoustic_014-035-075.wav,263,guitar_acoustic_014,3,guitar,0,acoustic,35,75,16000,
15.545663,11.118257,guitar_electronic_028-070-100,guitar_electronic_028-070-100,/root/autodl-tmp/tokenizer-eval/data/nsynth/nsynth-valid/audio/guitar_electronic_028-070-100.wav,510,guitar_electronic_028,3,guitar,1,electronic,70,100,16000,
-11.564269,-56.547104,brass_acoustic_006-042-127,brass_acoustic_006-042-127,/root/autodl-tmp/tokenizer-eval/data/nsynth/nsynth-valid/audio/brass_acoustic_006-042-127.wav,43,brass_acoustic_006,1,brass,0,acoustic,42,127,16000,reverb
-52.40689,-9.519293,organ_electronic_113-067-025,organ_electronic_113-067-025,/root/autodl-tmp/tokenizer-eval/data/nsynth/nsynth-valid/audio/organ_electronic_113-067-025.wav,958,organ_electronic_113,6,organ,1,electronic,67,25,16000,
-15.066455,-42.276867,reed_acoustic_037-059-127,reed_acoustic_037-059-127,/root/autodl-tmp/tokenizer-eval/data/nsynth/nsynth-valid/audio/reed_acoustic_037-059-127.wav,387,reed_acoustic_037,7,reed,0,acoustic,59,127,16000,reverb
6.7350874,-5.601269,keyboard_electronic_003-063-050,keyboard_electronic_003-063-050,/root/autodl-tmp/tokenizer-eval/data/nsynth/nsynth-valid/audio/keyboard_electronic_003-063-050.wav,65,keyboard_electronic_003,4,keyboard,1,electronic,63,50,16000,
-35.253483,56.411648,string_acoustic_057-091-100,string_acoustic_057-091-100,/root/autodl-tmp/tokenizer-eval/data/nsynth/nsynth-valid/audio/string_acoustic_057-091-100.wav,450,string_acoustic_057,8,string,0,acoustic,91,100,16000,nonlinear_env|reverb
30.270306,1.1055036,guitar_acoustic_021-060-025,guitar_acoustic_021-060-025,/root/autodl-tmp/tokenizer-eval/data/nsynth/nsynth-valid/audio/guitar_acoustic_021-060-025.wav,457,guitar_acoustic_021,3,guitar,0,acoustic,60,25,16000,
4.1867805,-7.659109,bass_synthetic_068-062-127,bass_synthetic_068-062-127,/root/autodl-tmp/tokenizer-eval/data/nsynth/nsynth-valid/audio/bass_synthetic_068-062-127.wav,656,bass_synthetic_068,0,bass,2,synthetic,62,127,16000,dark|distortion
-6.9771934,-32.007042,brass_acoustic_015-055-075,brass_acoustic_015-055-075,/root/autodl-tmp/tokenizer-eval/data/nsynth/nsynth-valid/audio/brass_acoustic_015-055-075.wav,121,brass_acoustic_015,1,brass,0,acoustic,55,75,16000,reverb
35.32871,-38.356506,guitar_electronic_028-038-050,guitar_electronic_028-038-050,/root/autodl-tmp/tokenizer-eval/data/nsynth/nsynth-valid/audio/guitar_electronic_028-038-050.wav,510,guitar_electronic_028,3,guitar,1,electronic,38,50,16000,dark
-23.808773,61.212955,bass_synthetic_135-089-050,bass_synthetic_135-089-050,/root/autodl-tmp/tokenizer-eval/data/nsynth/nsynth-valid/audio/bass_synthetic_135-089-050.wav,927,bass_synthetic_135,0,bass,2,synthetic,89,50,16000,distortion
-86.465065,-26.041233,bass_synthetic_098-073-075,bass_synthetic_098-073-075,/root/autodl-tmp/tokenizer-eval/data/nsynth/nsynth-valid/audio/bass_synthetic_098-073-075.wav,803,bass_synthetic_098,0,bass,2,synthetic,73,75,16000,
40.775288,-17.14844,keyboard_electronic_001-036-075,keyboard_electronic_001-036-075,/root/autodl-tmp/tokenizer-eval/data/nsynth/nsynth-valid/audio/keyboard_electronic_001-036-075.wav,40,keyboard_electronic_001,4,keyboard,1,electronic,36,75,16000,dark
4.443676,-31.64727,organ_electronic_001-066-075,organ_electronic_001-066-075,/root/autodl-tmp/tokenizer-eval/data/nsynth/nsynth-valid/audio/organ_electronic_001-066-075.wav,8,organ_electronic_001,6,organ,1,electronic,66,75,16000,
-31.96578,-35.4831,flute_synthetic_000-064-075,flute_synthetic_000-064-075,/root/autodl-tmp/tokenizer-eval/data/nsynth/nsynth-valid/audio/flute_synthetic_000-064-075.wav,82,flute_synthetic_000,2,flute,2,synthetic,64,75,16000,distortion
39.352116,80.47081,reed_acoustic_023-059-075,reed_acoustic_023-059-075,/root/autodl-tmp/tokenizer-eval/data/nsynth/nsynth-valid/audio/reed_acoustic_023-059-075.wav,224,reed_acoustic_023,7,reed,0,acoustic,59,75,16000,bright|fast_decay|multiphonic|nonlinear_env
9.718316,-82.977486,flute_synthetic_000-052-100,flute_synthetic_000-052-100,/root/autodl-tmp/tokenizer-eval/data/nsynth/nsynth-valid/audio/flute_synthetic_000-052-100.wav,82,flute_synthetic_000,2,flute,2,synthetic,52,100,16000,distortion
16.061815,-81.10213,flute_synthetic_000-048-050,flute_synthetic_000-048-050,/root/autodl-tmp/tokenizer-eval/data/nsynth/nsynth-valid/audio/flute_synthetic_000-048-050.wav,82,flute_synthetic_000,2,flute,2,synthetic,48,50,16000,distortion
4.0275135,27.553637,keyboard_electronic_002-077-025,keyboard_electronic_002-077-025,/root/autodl-tmp/tokenizer-eval/data/nsynth/nsynth-valid/audio/keyboard_electronic_002-077-025.wav,50,keyboard_electronic_002,4,keyboard,1,electronic,77,25,16000,fast_decay
-66.4121,28.749762,vocal_synthetic_003-087-025,vocal_synthetic_003-087-025,/root/autodl-tmp/tokenizer-eval/data/nsynth/nsynth-valid/audio/vocal_synthetic_003-087-025.wav,37,vocal_synthetic_003,10,vocal,2,synthetic,87,25,16000,bright|distortion|long_release|nonlinear_env
-16.7714,-49.976456,brass_acoustic_059-051-050,brass_acoustic_059-051-050,/root/autodl-tmp/tokenizer-eval/data/nsynth/nsynth-valid/audio/brass_acoustic_059-051-050.wav,572,brass_acoustic_059,1,brass,0,acoustic,51,50,16000,dark|reverb
25.980883,-57.9628,string_acoustic_080-037-050,string_acoustic_080-037-050,/root/autodl-tmp/tokenizer-eval/data/nsynth/nsynth-valid/audio/string_acoustic_080-037-050.wav,675,string_acoustic_080,8,string,0,acoustic,37,50,16000,long_release|reverb
-28.17876,53.142014,brass_acoustic_016-089-075,brass_acoustic_016-089-075,/root/autodl-tmp/tokenizer-eval/data/nsynth/nsynth-valid/audio/brass_acoustic_016-089-075.wav,128,brass_acoustic_016,1,brass,0,acoustic,89,75,16000,
29.680998,1.4159304,keyboard_electronic_002-060-075,keyboard_electronic_002-060-075,/root/autodl-tmp/tokenizer-eval/data/nsynth/nsynth-valid/audio/keyboard_electronic_002-060-075.wav,50,keyboard_electronic_002,4,keyboard,1,electronic,60,75,16000,
52.329502,-18.232117,bass_synthetic_134-045-127,bass_synthetic_134-045-127,/root/autodl-tmp/tokenizer-eval/data/nsynth/nsynth-valid/audio/bass_synthetic_134-045-127.wav,914,bass_synthetic_134,0,bass,2,synthetic,45,127,16000,dark|fast_decay|reverb
33.668873,-66.11373,flute_synthetic_000-034-127,flute_synthetic_000-034-127,/root/autodl-tmp/tokenizer-eval/data/nsynth/nsynth-valid/audio/flute_synthetic_000-034-127.wav,82,flute_synthetic_000,2,flute,2,synthetic,34,127,16000,distortion
-21.57197,-13.970189,organ_electronic_001-064-050,organ_electronic_001-064-050,/root/autodl-tmp/tokenizer-eval/data/nsynth/nsynth-valid/audio/organ_electronic_001-064-050.wav,8,organ_electronic_001,6,organ,1,electronic,64,50,16000,
-24.321161,46.727844,string_acoustic_057-079-100,string_acoustic_057-079-100,/root/autodl-tmp/tokenizer-eval/data/nsynth/nsynth-valid/audio/string_acoustic_057-079-100.wav,450,string_acoustic_057,8,string,0,acoustic,79,100,16000,bright|nonlinear_env|reverb
35.887264,-42.331364,guitar_acoustic_010-036-075,guitar_acoustic_010-036-075,/root/autodl-tmp/tokenizer-eval/data/nsynth/nsynth-valid/audio/guitar_acoustic_010-036-075.wav,219,guitar_acoustic_010,3,guitar,0,acoustic,36,75,16000,
42.312637,-25.73796,guitar_electronic_028-045-100,guitar_electronic_028-045-100,/root/autodl-tmp/tokenizer-eval/data/nsynth/nsynth-valid/audio/guitar_electronic_028-045-100.wav,510,guitar_electronic_028,3,guitar,1,electronic,45,100,16000,dark
10.765196,81.2592,reed_acoustic_023-089-127,reed_acoustic_023-089-127,/root/autodl-tmp/tokenizer-eval/data/nsynth/nsynth-valid/audio/reed_acoustic_023-089-127.wav,224,reed_acoustic_023,7,reed,0,acoustic,89,127,16000,fast_decay|multiphonic|nonlinear_env
-9.195735,-33.994476,brass_acoustic_015-047-075,brass_acoustic_015-047-075,/root/autodl-tmp/tokenizer-eval/data/nsynth/nsynth-valid/audio/brass_acoustic_015-047-075.wav,121,brass_acoustic_015,1,brass,0,acoustic,47,75,16000,reverb
24.142313,40.50616,mallet_acoustic_047-091-075,mallet_acoustic_047-091-075,/root/autodl-tmp/tokenizer-eval/data/nsynth/nsynth-valid/audio/mallet_acoustic_047-091-075.wav,488,mallet_acoustic_047,5,mallet,0,acoustic,91,75,16000,percussive|reverb
7.4995794,-31.20134,organ_electronic_113-053-100,organ_electronic_113-053-100,/root/autodl-tmp/tokenizer-eval/data/nsynth/nsynth-valid/audio/organ_electronic_113-053-100.wav,958,organ_electronic_113,6,organ,1,electronic,53,100,16000,dark
-18.862568,9.697893,brass_acoustic_046-077-127,brass_acoustic_046-077-127,/root/autodl-tmp/tokenizer-eval/data/nsynth/nsynth-valid/audio/brass_acoustic_046-077-127.wav,414,brass_acoustic_046,1,brass,0,acoustic,77,127,16000,
7.103782,57.139442,bass_synthetic_068-092-050,bass_synthetic_068-092-050,/root/autodl-tmp/tokenizer-eval/data/nsynth/nsynth-valid/audio/bass_synthetic_068-092-050.wav,656,bass_synthetic_068,0,bass,2,synthetic,92,50,16000,fast_decay
-63.64415,12.365075,vocal_synthetic_003-073-075,vocal_synthetic_003-073-075,/root/autodl-tmp/tokenizer-eval/data/nsynth/nsynth-valid/audio/vocal_synthetic_003-073-075.wav,37,vocal_synthetic_003,10,vocal,2,synthetic,73,75,16000,bright|distortion|long_release|nonlinear_env
19.94981,-79.22373,flute_synthetic_000-046-050,flute_synthetic_000-046-050,/root/autodl-tmp/tokenizer-eval/data/nsynth/nsynth-valid/audio/flute_synthetic_000-046-050.wav,82,flute_synthetic_000,2,flute,2,synthetic,46,50,16000,distortion
10.469519,-34.016228,organ_electronic_057-049-075,organ_electronic_057-049-075,/root/autodl-tmp/tokenizer-eval/data/nsynth/nsynth-valid/audio/organ_electronic_057-049-075.wav,701,organ_electronic_057,6,organ,1,electronic,49,75,16000,dark
33.672943,-72.355965,flute_synthetic_000-037-100,flute_synthetic_000-037-100,/root/autodl-tmp/tokenizer-eval/data/nsynth/nsynth-valid/audio/flute_synthetic_000-037-100.wav,82,flute_synthetic_000,2,flute,2,synthetic,37,100,16000,distortion
42.885864,-31.266577,guitar_acoustic_021-044-100,guitar_acoustic_021-044-100,/root/autodl-tmp/tokenizer-eval/data/nsynth/nsynth-valid/audio/guitar_acoustic_021-044-100.wav,457,guitar_acoustic_021,3,guitar,0,acoustic,44,100,16000,
12.393622,-36.244957,organ_electronic_104-050-127,organ_electronic_104-050-127,/root/autodl-tmp/tokenizer-eval/data/nsynth/nsynth-valid/audio/organ_electronic_104-050-127.wav,921,organ_electronic_104,6,organ,1,electronic,50,127,16000,
-73.97232,23.76644,vocal_synthetic_003-078-025,vocal_synthetic_003-078-025,/root/autodl-tmp/tokenizer-eval/data/nsynth/nsynth-valid/audio/vocal_synthetic_003-078-025.wav,37,vocal_synthetic_003,10,vocal,2,synthetic,78,25,16000,bright|distortion|long_release|nonlinear_env
-1.0511049,48.670895,mallet_acoustic_056-086-127,mallet_acoustic_056-086-127,/root/autodl-tmp/tokenizer-eval/data/nsynth/nsynth-valid/audio/mallet_acoustic_056-086-127.wav,590,mallet_acoustic_056,5,mallet,0,acoustic,86,127,16000,
-51.31936,15.381241,organ_electronic_007-073-025,organ_electronic_007-073-025,/root/autodl-tmp/tokenizer-eval/data/nsynth/nsynth-valid/audio/organ_electronic_007-073-025.wav,123,organ_electronic_007,6,organ,1,electronic,73,25,16000,distortion|long_release|nonlinear_env
-7.3372264,42.166237,guitar_electronic_022-084-127,guitar_electronic_022-084-127,/root/autodl-tmp/tokenizer-eval/data/nsynth/nsynth-valid/audio/guitar_electronic_022-084-127.wav,378,guitar_electronic_022,3,guitar,1,electronic,84,127,16000,
5.3853,2.2064123,keyboard_electronic_078-065-025,keyboard_electronic_078-065-025,/root/autodl-tmp/tokenizer-eval/data/nsynth/nsynth-valid/audio/keyboard_electronic_078-065-025.wav,838,keyboard_electronic_078,4,keyboard,1,electronic,65,25,16000,bright
2.4416158,-14.824311,bass_synthetic_068-059-025,bass_synthetic_068-059-025,/root/autodl-tmp/tokenizer-eval/data/nsynth/nsynth-valid/audio/bass_synthetic_068-059-025.wav,656,bass_synthetic_068,0,bass,2,synthetic,59,25,16000,dark
-25.850225,65.45461,keyboard_electronic_003-090-050,keyboard_electronic_003-090-050,/root/autodl-tmp/tokenizer-eval/data/nsynth/nsynth-valid/audio/keyboard_electronic_003-090-050.wav,65,keyboard_electronic_003,4,keyboard,1,electronic,90,50,16000,
-19.368208,-18.173372,brass_acoustic_046-064-100,brass_acoustic_046-064-100,/root/autodl-tmp/tokenizer-eval/data/nsynth/nsynth-valid/audio/brass_acoustic_046-064-100.wav,414,brass_acoustic_046,1,brass,0,acoustic,64,100,16000,bright
-9.196083,7.6094694,flute_acoustic_002-075-025,flute_acoustic_002-075-025,/root/autodl-tmp/tokenizer-eval/data/nsynth/nsynth-valid/audio/flute_acoustic_002-075-025.wav,86,flute_acoustic_002,2,flute,0,acoustic,75,25,16000,reverb
23.019066,-18.764082,keyboard_electronic_069-053-025,keyboard_electronic_069-053-025,/root/autodl-tmp/tokenizer-eval/data/nsynth/nsynth-valid/audio/keyboard_electronic_069-053-025.wav,805,keyboard_electronic_069,4,keyboard,1,electronic,53,25,16000,distortion
2.2941413,-57.958412,reed_acoustic_011-035-025,reed_acoustic_011-035-025,/root/autodl-tmp/tokenizer-eval/data/nsynth/nsynth-valid/audio/reed_acoustic_011-035-025.wav,104,reed_acoustic_011,7,reed,0,acoustic,35,25,16000,
-25.056057,43.277893,flute_acoustic_002-080-100,flute_acoustic_002-080-100,/root/autodl-tmp/tokenizer-eval/data/nsynth/nsynth-valid/audio/flute_acoustic_002-080-100.wav,86,flute_acoustic_002,2,flute,0,acoustic,80,100,16000,reverb
-0.8829949,22.11534,keyboard_electronic_069-077-127,keyboard_electronic_069-077-127,/root/autodl-tmp/tokenizer-eval/data/nsynth/nsynth-valid/audio/keyboard_electronic_069-077-127.wav,805,keyboard_electronic_069,4,keyboard,1,electronic,77,127,16000,distortion
28.245947,1.1759074,guitar_electronic_022-060-050,guitar_electronic_022-060-050,/root/autodl-tmp/tokenizer-eval/data/nsynth/nsynth-valid/audio/guitar_electronic_022-060-050.wav,378,guitar_electronic_022,3,guitar,1,electronic,60,50,16000,dark
53.876286,-20.246557,guitar_acoustic_010-045-075,guitar_acoustic_010-045-075,/root/autodl-tmp/tokenizer-eval/data/nsynth/nsynth-valid/audio/guitar_acoustic_010-045-075.wav,219,guitar_acoustic_010,3,guitar,0,acoustic,45,75,16000,
26.851435,-22.230902,guitar_electronic_022-052-025,guitar_electronic_022-052-025,/root/autodl-tmp/tokenizer-eval/data/nsynth/nsynth-valid/audio/guitar_electronic_022-052-025.wav,378,guitar_electronic_022,3,guitar,1,electronic,52,25,16000,dark
-70.24601,20.302002,vocal_synthetic_003-076-100,vocal_synthetic_003-076-100,/root/autodl-tmp/tokenizer-eval/data/nsynth/nsynth-valid/audio/vocal_synthetic_003-076-100.wav,37,vocal_synthetic_003,10,vocal,2,synthetic,76,100,16000,bright|distortion|long_release|nonlinear_env
-0.1650334,-17.466356,guitar_electronic_028-058-100,guitar_electronic_028-058-100,/root/autodl-tmp/tokenizer-eval/data/nsynth/nsynth-valid/audio/guitar_electronic_028-058-100.wav,510,guitar_electronic_028,3,guitar,1,electronic,58,100,16000,dark
20.408998,53.1523,string_acoustic_056-076-100,string_acoustic_056-076-100,/root/autodl-tmp/tokenizer-eval/data/nsynth/nsynth-valid/audio/string_acoustic_056-076-100.wav,436,string_acoustic_056,8,string,0,acoustic,76,100,16000,fast_decay|percussive|reverb
7.028763,-33.61118,organ_electronic_001-051-127,organ_electronic_001-051-127,/root/autodl-tmp/tokenizer-eval/data/nsynth/nsynth-valid/audio/organ_electronic_001-051-127.wav,8,organ_electronic_001,6,organ,1,electronic,51,127,16000,dark
57.928806,-3.635926,string_acoustic_014-040-075,string_acoustic_014-040-075,/root/autodl-tmp/tokenizer-eval/data/nsynth/nsynth-valid/audio/string_acoustic_014-040-075.wav,100,string_acoustic_014,8,string,0,acoustic,40,75,16000,dark|reverb
-13.579825,-6.3226776,brass_acoustic_016-062-075,brass_acoustic_016-062-075,/root/autodl-tmp/tokenizer-eval/data/nsynth/nsynth-valid/audio/brass_acoustic_016-062-075.wav,128,brass_acoustic_016,1,brass,0,acoustic,62,75,16000,bright
-47.828983,13.036049,flute_acoustic_002-073-075,flute_acoustic_002-073-075,/root/autodl-tmp/tokenizer-eval/data/nsynth/nsynth-valid/audio/flute_acoustic_002-073-075.wav,86,flute_acoustic_002,2,flute,0,acoustic,73,75,16000,long_release|reverb
-86.92766,-24.59881,bass_synthetic_098-093-050,bass_synthetic_098-093-050,/root/autodl-tmp/tokenizer-eval/data/nsynth/nsynth-valid/audio/bass_synthetic_098-093-050.wav,803,bass_synthetic_098,0,bass,2,synthetic,93,50,16000,
-21.11306,-70.1483,vocal_synthetic_003-033-025,vocal_synthetic_003-033-025,/root/autodl-tmp/tokenizer-eval/data/nsynth/nsynth-valid/audio/vocal_synthetic_003-033-025.wav,37,vocal_synthetic_003,10,vocal,2,synthetic,33,25,16000,distortion|long_release|nonlinear_env
42.855637,-18.642773,guitar_acoustic_015-032-025,guitar_acoustic_015-032-025,/root/autodl-tmp/tokenizer-eval/data/nsynth/nsynth-valid/audio/guitar_acoustic_015-032-025.wav,316,guitar_acoustic_015,3,guitar,0,acoustic,32,25,16000,reverb
10.527139,82.128174,reed_acoustic_023-089-100,reed_acoustic_023-089-100,/root/autodl-tmp/tokenizer-eval/data/nsynth/nsynth-valid/audio/reed_acoustic_023-089-100.wav,224,reed_acoustic_023,7,reed,0,acoustic,89,100,16000,fast_decay|multiphonic|nonlinear_env
-89.01486,-81.233635,brass_acoustic_046-094-025,brass_acoustic_046-094-025,/root/autodl-tmp/tokenizer-eval/data/nsynth/nsynth-valid/audio/brass_acoustic_046-094-025.wav,414,brass_acoustic_046,1,brass,0,acoustic,94,25,16000,long_release
32.9367,-42.151615,guitar_electronic_028-035-025,guitar_electronic_028-035-025,/root/autodl-tmp/tokenizer-eval/data/nsynth/nsynth-valid/audio/guitar_electronic_028-035-025.wav,510,guitar_electronic_028,3,guitar,1,electronic,35,25,16000,dark
39.34629,78.88698,reed_acoustic_023-064-100,reed_acoustic_023-064-100,/root/autodl-tmp/tokenizer-eval/data/nsynth/nsynth-valid/audio/reed_acoustic_023-064-100.wav,224,reed_acoustic_023,7,reed,0,acoustic,64,100,16000,bright|fast_decay|multiphonic|nonlinear_env
-60.893192,2.3511858,vocal_synthetic_003-069-100,vocal_synthetic_003-069-100,/root/autodl-tmp/tokenizer-eval/data/nsynth/nsynth-valid/audio/vocal_synthetic_003-069-100.wav,37,vocal_synthetic_003,10,vocal,2,synthetic,69,100,16000,bright|distortion|long_release|nonlinear_env
45.156223,14.8570795,string_acoustic_056-067-100,string_acoustic_056-067-100,/root/autodl-tmp/tokenizer-eval/data/nsynth/nsynth-valid/audio/string_acoustic_056-067-100.wav,436,string_acoustic_056,8,string,0,acoustic,67,100,16000,fast_decay|percussive|reverb
17.494,83.74408,keyboard_synthetic_000-091-127,keyboard_synthetic_000-091-127,/root/autodl-tmp/tokenizer-eval/data/nsynth/nsynth-valid/audio/keyboard_synthetic_000-091-127.wav,577,keyboard_synthetic_000,4,keyboard,2,synthetic,91,127,16000,bright|distortion|fast_decay|nonlinear_env
9.739139,21.117176,guitar_electronic_022-075-075,guitar_electronic_022-075-075,/root/autodl-tmp/tokenizer-eval/data/nsynth/nsynth-valid/audio/guitar_electronic_022-075-075.wav,378,guitar_electronic_022,3,guitar,1,electronic,75,75,16000,
-39.444763,60.13209,organ_electronic_007-079-050,organ_electronic_007-079-050,/root/autodl-tmp/tokenizer-eval/data/nsynth/nsynth-valid/audio/organ_electronic_007-079-050.wav,123,organ_electronic_007,6,organ,1,electronic,79,50,16000,bright|distortion|long_release|nonlinear_env
1.7778877,-58.468807,reed_acoustic_011-036-050,reed_acoustic_011-036-050,/root/autodl-tmp/tokenizer-eval/data/nsynth/nsynth-valid/audio/reed_acoustic_011-036-050.wav,104,reed_acoustic_011,7,reed,0,acoustic,36,50,16000,
-38.35352,-18.52681,string_acoustic_057-055-075,string_acoustic_057-055-075,/root/autodl-tmp/tokenizer-eval/data/nsynth/nsynth-valid/audio/string_acoustic_057-055-075.wav,450,string_acoustic_057,8,string,0,acoustic,55,75,16000,nonlinear_env|reverb
13.213898,-26.448986,organ_electronic_001-040-025,organ_electronic_001-040-025,/root/autodl-tmp/tokenizer-eval/data/nsynth/nsynth-valid/audio/organ_electronic_001-040-025.wav,8,organ_electronic_001,6,organ,1,electronic,40,25,16000,dark
-46.581474,2.6476097,flute_acoustic_002-071-025,flute_acoustic_002-071-025,/root/autodl-tmp/tokenizer-eval/data/nsynth/nsynth-valid/audio/flute_acoustic_002-071-025.wav,86,flute_acoustic_002,2,flute,0,acoustic,71,25,16000,long_release|reverb
-13.834092,35.441605,organ_electronic_028-082-075,organ_electronic_028-082-075,/root/autodl-tmp/tokenizer-eval/data/nsynth/nsynth-valid/audio/organ_electronic_028-082-075.wav,440,organ_electronic_028,6,organ,1,electronic,82,75,16000,
-37.484592,54.985085,string_acoustic_057-092-025,string_acoustic_057-092-025,/root/autodl-tmp/tokenizer-eval/data/nsynth/nsynth-valid/audio/string_acoustic_057-092-025.wav,450,string_acoustic_057,8,string,0,acoustic,92,25,16000,bright|nonlinear_env|reverb
-34.107227,30.498642,flute_acoustic_002-084-100,flute_acoustic_002-084-100,/root/autodl-tmp/tokenizer-eval/data/nsynth/nsynth-valid/audio/flute_acoustic_002-084-100.wav,86,flute_acoustic_002,2,flute,0,acoustic,84,100,16000,long_release|reverb
-10.652433,7.1411343,reed_acoustic_037-075-100,reed_acoustic_037-075-100,/root/autodl-tmp/tokenizer-eval/data/nsynth/nsynth-valid/audio/reed_acoustic_037-075-100.wav,387,reed_acoustic_037,7,reed,0,acoustic,75,100,16000,reverb
-0.17936292,-18.84782,keyboard_electronic_098-057-100,keyboard_electronic_098-057-100,/root/autodl-tmp/tokenizer-eval/data/nsynth/nsynth-valid/audio/keyboard_electronic_098-057-100.wav,905,keyboard_electronic_098,4,keyboard,1,electronic,57,100,16000,dark
9.022611,-22.355833,organ_electronic_104-059-127,organ_electronic_104-059-127,/root/autodl-tmp/tokenizer-eval/data/nsynth/nsynth-valid/audio/organ_electronic_104-059-127.wav,921,organ_electronic_104,6,organ,1,electronic,59,127,16000,
-32.060734,-65.974304,vocal_synthetic_003-042-075,vocal_synthetic_003-042-075,/root/autodl-tmp/tokenizer-eval/data/nsynth/nsynth-valid/audio/vocal_synthetic_003-042-075.wav,37,vocal_synthetic_003,10,vocal,2,synthetic,42,75,16000,distortion|long_release|nonlinear_env
9.240351,59.099194,keyboard_electronic_098-094-025,keyboard_electronic_098-094-025,/root/autodl-tmp/tokenizer-eval/data/nsynth/nsynth-valid/audio/keyboard_electronic_098-094-025.wav,905,keyboard_electronic_098,4,keyboard,1,electronic,94,25,16000,fast_decay|percussive
31.228172,-25.398394,guitar_electronic_022-050-050,guitar_electronic_022-050-050,/root/autodl-tmp/tokenizer-eval/data/nsynth/nsynth-valid/audio/guitar_electronic_022-050-050.wav,378,guitar_electronic_022,3,guitar,1,electronic,50,50,16000,dark
-48.3522,-42.268124,vocal_synthetic_003-061-127,vocal_synthetic_003-061-127,/root/autodl-tmp/tokenizer-eval/data/nsynth/nsynth-valid/audio/vocal_synthetic_003-061-127.wav,37,vocal_synthetic_003,10,vocal,2,synthetic,61,127,16000,bright|distortion|long_release|nonlinear_env
-22.651562,-27.100113,string_acoustic_057-063-025,string_acoustic_057-063-025,/root/autodl-tmp/tokenizer-eval/data/nsynth/nsynth-valid/audio/string_acoustic_057-063-025.wav,450,string_acoustic_057,8,string,0,acoustic,63,25,16000,bright|nonlinear_env|reverb
7.913723,58.269543,keyboard_electronic_098-093-100,keyboard_electronic_098-093-100,/root/autodl-tmp/tokenizer-eval/data/nsynth/nsynth-valid/audio/keyboard_electronic_098-093-100.wav,905,keyboard_electronic_098,4,keyboard,1,electronic,93,100,16000,fast_decay|percussive
-46.333347,33.954784,organ_electronic_057-078-025,organ_electronic_057-078-025,/root/autodl-tmp/tokenizer-eval/data/nsynth/nsynth-valid/audio/organ_electronic_057-078-025.wav,701,organ_electronic_057,6,organ,1,electronic,78,25,16000,
-15.671023,32.77114,reed_acoustic_018-082-100,reed_acoustic_018-082-100,/root/autodl-tmp/tokenizer-eval/data/nsynth/nsynth-valid/audio/reed_acoustic_018-082-100.wav,183,reed_acoustic_018,7,reed,0,acoustic,82,100,16000,
27.667757,50.316536,mallet_acoustic_047-074-050,mallet_acoustic_047-074-050,/root/autodl-tmp/tokenizer-eval/data/nsynth/nsynth-valid/audio/mallet_acoustic_047-074-050.wav,488,mallet_acoustic_047,5,mallet,0,acoustic,74,50,16000,fast_decay|percussive|reverb
-89.01486,-81.233635,brass_acoustic_046-091-100,brass_acoustic_046-091-100,/root/autodl-tmp/tokenizer-eval/data/nsynth/nsynth-valid/audio/brass_acoustic_046-091-100.wav,414,brass_acoustic_046,1,brass,0,acoustic,91,100,16000,long_release
62.242687,-2.614302,mallet_acoustic_062-035-050,mallet_acoustic_062-035-050,/root/autodl-tmp/tokenizer-eval/data/nsynth/nsynth-valid/audio/mallet_acoustic_062-035-050.wav,644,mallet_acoustic_062,5,mallet,0,acoustic,35,50,16000,dark|multiphonic
-2.4670866,-40.85844,organ_electronic_007-046-050,organ_electronic_007-046-050,/root/autodl-tmp/tokenizer-eval/data/nsynth/nsynth-valid/audio/organ_electronic_007-046-050.wav,123,organ_electronic_007,6,organ,1,electronic,46,50,16000,distortion|long_release|nonlinear_env
22.404379,-58.041557,string_acoustic_071-043-100,string_acoustic_071-043-100,/root/autodl-tmp/tokenizer-eval/data/nsynth/nsynth-valid/audio/string_acoustic_071-043-100.wav,609,string_acoustic_071,8,string,0,acoustic,43,100,16000,reverb
8.968412,22.839132,guitar_acoustic_014-075-075,guitar_acoustic_014-075-075,/root/autodl-tmp/tokenizer-eval/data/nsynth/nsynth-valid/audio/guitar_acoustic_014-075-075.wav,263,guitar_acoustic_014,3,guitar,0,acoustic,75,75,16000,
33.91369,-36.93399,keyboard_electronic_002-042-100,keyboard_electronic_002-042-100,/root/autodl-tmp/tokenizer-eval/data/nsynth/nsynth-valid/audio/keyboard_electronic_002-042-100.wav,50,keyboard_electronic_002,4,keyboard,1,electronic,42,100,16000,distortion
-45.709846,-10.933799,vocal_acoustic_000-069-025,vocal_acoustic_000-069-025,/root/autodl-tmp/tokenizer-eval/data/nsynth/nsynth-valid/audio/vocal_acoustic_000-069-025.wav,46,vocal_acoustic_000,10,vocal,0,acoustic,69,25,16000,reverb
-23.139502,59.40703,guitar_acoustic_010-088-050,guitar_acoustic_010-088-050,/root/autodl-tmp/tokenizer-eval/data/nsynth/nsynth-valid/audio/guitar_acoustic_010-088-050.wav,219,guitar_acoustic_010,3,guitar,0,acoustic,88,50,16000,
-28.322622,4.3248415,flute_synthetic_000-078-050,flute_synthetic_000-078-050,/root/autodl-tmp/tokenizer-eval/data/nsynth/nsynth-valid/audio/flute_synthetic_000-078-050.wav,82,flute_synthetic_000,2,flute,2,synthetic,78,50,16000,distortion
45.51737,8.639584,string_acoustic_056-058-075,string_acoustic_056-058-075,/root/autodl-tmp/tokenizer-eval/data/nsynth/nsynth-valid/audio/string_acoustic_056-058-075.wav,436,string_acoustic_056,8,string,0,acoustic,58,75,16000,fast_decay|percussive|reverb
19.581505,1.1113963,keyboard_acoustic_004-068-050,keyboard_acoustic_004-068-050,/root/autodl-tmp/tokenizer-eval/data/nsynth/nsynth-valid/audio/keyboard_acoustic_004-068-050.wav,327,keyboard_acoustic_004,4,keyboard,0,acoustic,68,50,16000,dark|reverb
42.048634,12.678169,string_acoustic_056-064-127,string_acoustic_056-064-127,/root/autodl-tmp/tokenizer-eval/data/nsynth/nsynth-valid/audio/string_acoustic_056-064-127.wav,436,string_acoustic_056,8,string,0,acoustic,64,127,16000,fast_decay|reverb
-29.592295,66.942085,mallet_acoustic_062-091-127,mallet_acoustic_062-091-127,/root/autodl-tmp/tokenizer-eval/data/nsynth/nsynth-valid/audio/mallet_acoustic_062-091-127.wav,644,mallet_acoustic_062,5,mallet,0,acoustic,91,127,16000,multiphonic
-43.426968,50.71508,string_acoustic_057-094-127,string_acoustic_057-094-127,/root/autodl-tmp/tokenizer-eval/data/nsynth/nsynth-valid/audio/string_acoustic_057-094-127.wav,450,string_acoustic_057,8,string,0,acoustic,94,127,16000,nonlinear_env|reverb
-29.697622,64.02408,guitar_electronic_028-091-050,guitar_electronic_028-091-050,/root/autodl-tmp/tokenizer-eval/data/nsynth/nsynth-valid/audio/guitar_electronic_028-091-050.wav,510,guitar_electronic_028,3,guitar,1,electronic,91,50,16000,
9.77997,-19.289007,organ_electronic_057-061-075,organ_electronic_057-061-075,/root/autodl-tmp/tokenizer-eval/data/nsynth/nsynth-valid/audio/organ_electronic_057-061-075.wav,701,organ_electronic_057,6,organ,1,electronic,61,75,16000,dark
-61.996235,45.495396,vocal_synthetic_003-093-100,vocal_synthetic_003-093-100,/root/autodl-tmp/tokenizer-eval/data/nsynth/nsynth-valid/audio/vocal_synthetic_003-093-100.wav,37,vocal_synthetic_003,10,vocal,2,synthetic,93,100,16000,bright|distortion|long_release|nonlinear_env
45.34045,16.072939,string_acoustic_056-068-100,string_acoustic_056-068-100,/root/autodl-tmp/tokenizer-eval/data/nsynth/nsynth-valid/audio/string_acoustic_056-068-100.wav,436,string_acoustic_056,8,string,0,acoustic,68,100,16000,fast_decay|percussive|reverb
27.118242,-78.48558,flute_synthetic_000-042-075,flute_synthetic_000-042-075,/root/autodl-tmp/tokenizer-eval/data/nsynth/nsynth-valid/audio/flute_synthetic_000-042-075.wav,82,flute_synthetic_000,2,flute,2,synthetic,42,75,16000,distortion
21.036585,25.00238,mallet_acoustic_062-072-127,mallet_acoustic_062-072-127,/root/autodl-tmp/tokenizer-eval/data/nsynth/nsynth-valid/audio/mallet_acoustic_062-072-127.wav,644,mallet_acoustic_062,5,mallet,0,acoustic,72,127,16000,dark|multiphonic
-28.175161,-61.811558,vocal_synthetic_003-041-050,vocal_synthetic_003-041-050,/root/autodl-tmp/tokenizer-eval/data/nsynth/nsynth-valid/audio/vocal_synthetic_003-041-050.wav,37,vocal_synthetic_003,10,vocal,2,synthetic,41,50,16000,distortion|long_release|nonlinear_env
-62.93683,32.363174,vocal_synthetic_003-085-075,vocal_synthetic_003-085-075,/root/autodl-tmp/tokenizer-eval/data/nsynth/nsynth-valid/audio/vocal_synthetic_003-085-075.wav,37,vocal_synthetic_003,10,vocal,2,synthetic,85,75,16000,bright|distortion|long_release|nonlinear_env
-10.498828,4.6550326,reed_acoustic_018-075-050,reed_acoustic_018-075-050,/root/autodl-tmp/tokenizer-eval/data/nsynth/nsynth-valid/audio/reed_acoustic_018-075-050.wav,183,reed_acoustic_018,7,reed,0,acoustic,75,50,16000,
-3.2321725,50.69622,keyboard_electronic_078-087-127,keyboard_electronic_078-087-127,/root/autodl-tmp/tokenizer-eval/data/nsynth/nsynth-valid/audio/keyboard_electronic_078-087-127.wav,838,keyboard_electronic_078,4,keyboard,1,electronic,87,127,16000,fast_decay
26.488998,-58.93108,string_acoustic_071-036-100,string_acoustic_071-036-100,/root/autodl-tmp/tokenizer-eval/data/nsynth/nsynth-valid/audio/string_acoustic_071-036-100.wav,609,string_acoustic_071,8,string,0,acoustic,36,100,16000,long_release|reverb
32.686905,-46.91868,keyboard_electronic_069-031-075,keyboard_electronic_069-031-075,/root/autodl-tmp/tokenizer-eval/data/nsynth/nsynth-valid/audio/keyboard_electronic_069-031-075.wav,805,keyboard_electronic_069,4,keyboard,1,electronic,31,75,16000,distortion
-40.989388,53.089203,string_acoustic_057-093-025,string_acoustic_057-093-025,/root/autodl-tmp/tokenizer-eval/data/nsynth/nsynth-valid/audio/string_acoustic_057-093-025.wav,450,string_acoustic_057,8,string,0,acoustic,93,25,16000,bright|nonlinear_env|reverb
61.542828,-12.984382,bass_electronic_025-037-100,bass_electronic_025-037-100,/root/autodl-tmp/tokenizer-eval/data/nsynth/nsynth-valid/audio/bass_electronic_025-037-100.wav,872,bass_electronic_025,0,bass,1,electronic,37,100,16000,
-38.57372,-56.555553,vocal_synthetic_003-052-127,vocal_synthetic_003-052-127,/root/autodl-tmp/tokenizer-eval/data/nsynth/nsynth-valid/audio/vocal_synthetic_003-052-127.wav,37,vocal_synthetic_003,10,vocal,2,synthetic,52,127,16000,bright|distortion|long_release|nonlinear_env
37.152103,85.38137,reed_acoustic_023-066-075,reed_acoustic_023-066-075,/root/autodl-tmp/tokenizer-eval/data/nsynth/nsynth-valid/audio/reed_acoustic_023-066-075.wav,224,reed_acoustic_023,7,reed,0,acoustic,66,75,16000,bright|fast_decay|multiphonic|nonlinear_env
15.158453,-34.327324,organ_electronic_057-039-025,organ_electronic_057-039-025,/root/autodl-tmp/tokenizer-eval/data/nsynth/nsynth-valid/audio/organ_electronic_057-039-025.wav,701,organ_electronic_057,6,organ,1,electronic,39,25,16000,dark
-68.149536,18.343912,vocal_synthetic_003-075-100,vocal_synthetic_003-075-100,/root/autodl-tmp/tokenizer-eval/data/nsynth/nsynth-valid/audio/vocal_synthetic_003-075-100.wav,37,vocal_synthetic_003,10,vocal,2,synthetic,75,100,16000,bright|distortion|long_release|nonlinear_env
-18.995338,37.84849,flute_acoustic_002-081-050,flute_acoustic_002-081-050,/root/autodl-tmp/tokenizer-eval/data/nsynth/nsynth-valid/audio/flute_acoustic_002-081-050.wav,86,flute_acoustic_002,2,flute,0,acoustic,81,50,16000,reverb
7.8174634,-10.216642,guitar_acoustic_015-061-025,guitar_acoustic_015-061-025,/root/autodl-tmp/tokenizer-eval/data/nsynth/nsynth-valid/audio/guitar_acoustic_015-061-025.wav,316,guitar_acoustic_015,3,guitar,0,acoustic,61,25,16000,reverb
-22.508656,-42.174843,reed_acoustic_011-053-127,reed_acoustic_011-053-127,/root/autodl-tmp/tokenizer-eval/data/nsynth/nsynth-valid/audio/reed_acoustic_011-053-127.wav,104,reed_acoustic_011,7,reed,0,acoustic,53,127,16000,bright
12.935072,-27.26483,organ_electronic_001-039-100,organ_electronic_001-039-100,/root/autodl-tmp/tokenizer-eval/data/nsynth/nsynth-valid/audio/organ_electronic_001-039-100.wav,8,organ_electronic_001,6,organ,1,electronic,39,100,16000,dark
41.006104,4.8674946,string_acoustic_014-059-025,string_acoustic_014-059-025,/root/autodl-tmp/tokenizer-eval/data/nsynth/nsynth-valid/audio/string_acoustic_014-059-025.wav,100,string_acoustic_014,8,string,0,acoustic,59,25,16000,dark|reverb
29.817436,-0.6976681,keyboard_electronic_001-060-050,keyboard_electronic_001-060-050,/root/autodl-tmp/tokenizer-eval/data/nsynth/nsynth-valid/audio/keyboard_electronic_001-060-050.wav,40,keyboard_electronic_001,4,keyboard,1,electronic,60,50,16000,dark
-44.91351,34.569622,organ_electronic_001-089-050,organ_electronic_001-089-050,/root/autodl-tmp/tokenizer-eval/data/nsynth/nsynth-valid/audio/organ_electronic_001-089-050.wav,8,organ_electronic_001,6,organ,1,electronic,89,50,16000,
18.42149,-35.325443,organ_electronic_057-035-075,organ_electronic_057-035-075,/root/autodl-tmp/tokenizer-eval/data/nsynth/nsynth-valid/audio/organ_electronic_057-035-075.wav,701,organ_electronic_057,6,organ,1,electronic,35,75,16000,dark
-13.891346,-4.853811,brass_acoustic_016-061-100,brass_acoustic_016-061-100,/root/autodl-tmp/tokenizer-eval/data/nsynth/nsynth-valid/audio/brass_acoustic_016-061-100.wav,128,brass_acoustic_016,1,brass,0,acoustic,61,100,16000,bright
-70.699684,34.2968,vocal_synthetic_003-090-100,vocal_synthetic_003-090-100,/root/autodl-tmp/tokenizer-eval/data/nsynth/nsynth-valid/audio/vocal_synthetic_003-090-100.wav,37,vocal_synthetic_003,10,vocal,2,synthetic,90,100,16000,bright|distortion|long_release|nonlinear_env
41.72901,-43.098755,keyboard_electronic_069-049-025,keyboard_electronic_069-049-025,/root/autodl-tmp/tokenizer-eval/data/nsynth/nsynth-valid/audio/keyboard_electronic_069-049-025.wav,805,keyboard_electronic_069,4,keyboard,1,electronic,49,25,16000,distortion
-28.26578,-61.768078,vocal_synthetic_003-041-025,vocal_synthetic_003-041-025,/root/autodl-tmp/tokenizer-eval/data/nsynth/nsynth-valid/audio/vocal_synthetic_003-041-025.wav,37,vocal_synthetic_003,10,vocal,2,synthetic,41,25,16000,distortion|long_release|nonlinear_env
10.84504,51.61438,mallet_acoustic_062-080-025,mallet_acoustic_062-080-025,/root/autodl-tmp/tokenizer-eval/data/nsynth/nsynth-valid/audio/mallet_acoustic_062-080-025.wav,644,mallet_acoustic_062,5,mallet,0,acoustic,80,25,16000,fast_decay|multiphonic|percussive
-27.824478,55.454433,string_acoustic_057-089-100,string_acoustic_057-089-100,/root/autodl-tmp/tokenizer-eval/data/nsynth/nsynth-valid/audio/string_acoustic_057-089-100.wav,450,string_acoustic_057,8,string,0,acoustic,89,100,16000,nonlinear_env|reverb
23.296814,83.24519,keyboard_synthetic_000-070-050,keyboard_synthetic_000-070-050,/root/autodl-tmp/tokenizer-eval/data/nsynth/nsynth-valid/audio/keyboard_synthetic_000-070-050.wav,577,keyboard_synthetic_000,4,keyboard,2,synthetic,70,50,16000,distortion|fast_decay|nonlinear_env
-37.175545,-58.54632,vocal_synthetic_003-049-100,vocal_synthetic_003-049-100,/root/autodl-tmp/tokenizer-eval/data/nsynth/nsynth-valid/audio/vocal_synthetic_003-049-100.wav,37,vocal_synthetic_003,10,vocal,2,synthetic,49,100,16000,bright|distortion|long_release|nonlinear_env
12.898031,-31.34909,organ_electronic_104-035-100,organ_electronic_104-035-100,/root/autodl-tmp/tokenizer-eval/data/nsynth/nsynth-valid/audio/organ_electronic_104-035-100.wav,921,organ_electronic_104,6,organ,1,electronic,35,100,16000,
-25.715727,18.104277,keyboard_electronic_069-087-025,keyboard_electronic_069-087-025,/root/autodl-tmp/tokenizer-eval/data/nsynth/nsynth-valid/audio/keyboard_electronic_069-087-025.wav,805,keyboard_electronic_069,4,keyboard,1,electronic,87,25,16000,
42.092613,78.853874,reed_acoustic_023-048-075,reed_acoustic_023-048-075,/root/autodl-tmp/tokenizer-eval/data/nsynth/nsynth-valid/audio/reed_acoustic_023-048-075.wav,224,reed_acoustic_023,7,reed,0,acoustic,48,75,16000,bright|fast_decay|multiphonic|nonlinear_env
15.2969,-34.61634,organ_electronic_057-038-050,organ_electronic_057-038-050,/root/autodl-tmp/tokenizer-eval/data/nsynth/nsynth-valid/audio/organ_electronic_057-038-050.wav,701,organ_electronic_057,6,organ,1,electronic,38,50,16000,dark
-2.0014694,-32.201283,string_acoustic_012-055-075,string_acoustic_012-055-075,/root/autodl-tmp/tokenizer-eval/data/nsynth/nsynth-valid/audio/string_acoustic_012-055-075.wav,97,string_acoustic_012,8,string,0,acoustic,55,75,16000,long_release|reverb
38.82586,2.3979106,string_acoustic_014-057-075,string_acoustic_014-057-075,/root/autodl-tmp/tokenizer-eval/data/nsynth/nsynth-valid/audio/string_acoustic_014-057-075.wav,100,string_acoustic_014,8,string,0,acoustic,57,75,16000,dark|reverb
-63.970554,29.616848,vocal_synthetic_003-086-127,vocal_synthetic_003-086-127,/root/autodl-tmp/tokenizer-eval/data/nsynth/nsynth-valid/audio/vocal_synthetic_003-086-127.wav,37,vocal_synthetic_003,10,vocal,2,synthetic,86,127,16000,bright|distortion|long_release|nonlinear_env
-29.374977,-24.080063,vocal_acoustic_000-064-100,vocal_acoustic_000-064-100,/root/autodl-tmp/tokenizer-eval/data/nsynth/nsynth-valid/audio/vocal_acoustic_000-064-100.wav,46,vocal_acoustic_000,10,vocal,0,acoustic,64,100,16000,reverb
-34.19569,-63.72424,vocal_synthetic_003-044-075,vocal_synthetic_003-044-075,/root/autodl-tmp/tokenizer-eval/data/nsynth/nsynth-valid/audio/vocal_synthetic_003-044-075.wav,37,vocal_synthetic_003,10,vocal,2,synthetic,44,75,16000,distortion|long_release|nonlinear_env
-6.6697235,-34.22834,brass_acoustic_015-042-025,brass_acoustic_015-042-025,/root/autodl-tmp/tokenizer-eval/data/nsynth/nsynth-valid/audio/brass_acoustic_015-042-025.wav,121,brass_acoustic_015,1,brass,0,acoustic,42,25,16000,reverb
34.215824,47.91408,mallet_acoustic_047-088-050,mallet_acoustic_047-088-050,/root/autodl-tmp/tokenizer-eval/data/nsynth/nsynth-valid/audio/mallet_acoustic_047-088-050.wav,488,mallet_acoustic_047,5,mallet,0,acoustic,88,50,16000,fast_decay|percussive|reverb
-29.872187,-66.04993,vocal_synthetic_003-040-075,vocal_synthetic_003-040-075,/root/autodl-tmp/tokenizer-eval/data/nsynth/nsynth-valid/audio/vocal_synthetic_003-040-075.wav,37,vocal_synthetic_003,10,vocal,2,synthetic,40,75,16000,distortion|long_release|nonlinear_env
-49.2682,20.445784,bass_synthetic_009-073-100,bass_synthetic_009-073-100,/root/autodl-tmp/tokenizer-eval/data/nsynth/nsynth-valid/audio/bass_synthetic_009-073-100.wav,150,bass_synthetic_009,0,bass,2,synthetic,73,100,16000,bright|distortion|long_release
-34.222755,68.9801,mallet_acoustic_062-094-127,mallet_acoustic_062-094-127,/root/autodl-tmp/tokenizer-eval/data/nsynth/nsynth-valid/audio/mallet_acoustic_062-094-127.wav,644,mallet_acoustic_062,5,mallet,0,acoustic,94,127,16000,multiphonic
61.01222,-26.862972,string_acoustic_071-031-025,string_acoustic_071-031-025,/root/autodl-tmp/tokenizer-eval/data/nsynth/nsynth-valid/audio/string_acoustic_071-031-025.wav,609,string_acoustic_071,8,string,0,acoustic,31,25,16000,reverb
-30.73638,60.28895,organ_electronic_028-091-075,organ_electronic_028-091-075,/root/autodl-tmp/tokenizer-eval/data/nsynth/nsynth-valid/audio/organ_electronic_028-091-075.wav,440,organ_electronic_028,6,organ,1,electronic,91,75,16000,
7.6946864,-27.833918,organ_electronic_104-055-025,organ_electronic_104-055-025,/root/autodl-tmp/tokenizer-eval/data/nsynth/nsynth-valid/audio/organ_electronic_104-055-025.wav,921,organ_electronic_104,6,organ,1,electronic,55,25,16000,
-47.91635,-38.971523,vocal_synthetic_003-064-100,vocal_synthetic_003-064-100,/root/autodl-tmp/tokenizer-eval/data/nsynth/nsynth-valid/audio/vocal_synthetic_003-064-100.wav,37,vocal_synthetic_003,10,vocal,2,synthetic,64,100,16000,bright|distortion|long_release|nonlinear_env
-7.5774865,-44.35101,reed_acoustic_037-037-025,reed_acoustic_037-037-025,/root/autodl-tmp/tokenizer-eval/data/nsynth/nsynth-valid/audio/reed_acoustic_037-037-025.wav,387,reed_acoustic_037,7,reed,0,acoustic,37,25,16000,reverb
51.76099,-19.017582,bass_synthetic_134-046-100,bass_synthetic_134-046-100,/root/autodl-tmp/tokenizer-eval/data/nsynth/nsynth-valid/audio/bass_synthetic_134-046-100.wav,914,bass_synthetic_134,0,bass,2,synthetic,46,100,16000,dark|reverb
29.482323,78.986084,keyboard_synthetic_000-050-127,keyboard_synthetic_000-050-127,/root/autodl-tmp/tokenizer-eval/data/nsynth/nsynth-valid/audio/keyboard_synthetic_000-050-127.wav,577,keyboard_synthetic_000,4,keyboard,2,synthetic,50,127,16000,bright|distortion|fast_decay|nonlinear_env
-22.012354,-27.376814,string_acoustic_057-062-025,string_acoustic_057-062-025,/root/autodl-tmp/tokenizer-eval/data/nsynth/nsynth-valid/audio/string_acoustic_057-062-025.wav,450,string_acoustic_057,8,string,0,acoustic,62,25,16000,bright|nonlinear_env|reverb
41.875565,23.154924,mallet_acoustic_056-064-075,mallet_acoustic_056-064-075,/root/autodl-tmp/tokenizer-eval/data/nsynth/nsynth-valid/audio/mallet_acoustic_056-064-075.wav,590,mallet_acoustic_056,5,mallet,0,acoustic,64,75,16000,fast_decay
18.7844,-66.250984,string_acoustic_071-047-127,string_acoustic_071-047-127,/root/autodl-tmp/tokenizer-eval/data/nsynth/nsynth-valid/audio/string_acoustic_071-047-127.wav,609,string_acoustic_071,8,string,0,acoustic,47,127,16000,long_release|reverb
29.151688,-24.797142,guitar_electronic_028-051-127,guitar_electronic_028-051-127,/root/autodl-tmp/tokenizer-eval/data/nsynth/nsynth-valid/audio/guitar_electronic_028-051-127.wav,510,guitar_electronic_028,3,guitar,1,electronic,51,127,16000,
-31.589941,19.764162,string_acoustic_057-086-075,string_acoustic_057-086-075,/root/autodl-tmp/tokenizer-eval/data/nsynth/nsynth-valid/audio/string_acoustic_057-086-075.wav,450,string_acoustic_057,8,string,0,acoustic,86,75,16000,nonlinear_env|reverb
-3.5733383,-22.357052,bass_synthetic_135-070-100,bass_synthetic_135-070-100,/root/autodl-tmp/tokenizer-eval/data/nsynth/nsynth-valid/audio/bass_synthetic_135-070-100.wav,927,bass_synthetic_135,0,bass,2,synthetic,70,100,16000,distortion
-43.676,30.37564,flute_synthetic_000-089-100,flute_synthetic_000-089-100,/root/autodl-tmp/tokenizer-eval/data/nsynth/nsynth-valid/audio/flute_synthetic_000-089-100.wav,82,flute_synthetic_000,2,flute,2,synthetic,89,100,16000,distortion
41.006157,4.867162,string_acoustic_014-059-100,string_acoustic_014-059-100,/root/autodl-tmp/tokenizer-eval/data/nsynth/nsynth-valid/audio/string_acoustic_014-059-100.wav,100,string_acoustic_014,8,string,0,acoustic,59,100,16000,dark|reverb
-2.7236214,-54.918716,brass_acoustic_059-031-075,brass_acoustic_059-031-075,/root/autodl-tmp/tokenizer-eval/data/nsynth/nsynth-valid/audio/brass_acoustic_059-031-075.wav,572,brass_acoustic_059,1,brass,0,acoustic,31,75,16000,bright|reverb
-45.485867,18.64429,organ_electronic_057-073-025,organ_electronic_057-073-025,/root/autodl-tmp/tokenizer-eval/data/nsynth/nsynth-valid/audio/organ_electronic_057-073-025.wav,701,organ_electronic_057,6,organ,1,electronic,73,25,16000,
-46.53334,3.0902007,reed_acoustic_037-071-075,reed_acoustic_037-071-075,/root/autodl-tmp/tokenizer-eval/data/nsynth/nsynth-valid/audio/reed_acoustic_037-071-075.wav,387,reed_acoustic_037,7,reed,0,acoustic,71,75,16000,reverb
-35.994118,-61.58639,vocal_synthetic_003-046-075,vocal_synthetic_003-046-075,/root/autodl-tmp/tokenizer-eval/data/nsynth/nsynth-valid/audio/vocal_synthetic_003-046-075.wav,37,vocal_synthetic_003,10,vocal,2,synthetic,46,75,16000,distortion|long_release|nonlinear_env
58.576614,-17.724627,bass_electronic_025-042-075,bass_electronic_025-042-075,/root/autodl-tmp/tokenizer-eval/data/nsynth/nsynth-valid/audio/bass_electronic_025-042-075.wav,872,bass_electronic_025,0,bass,1,electronic,42,75,16000,
-0.15465666,-48.15077,brass_acoustic_059-031-025,brass_acoustic_059-031-025,/root/autodl-tmp/tokenizer-eval/data/nsynth/nsynth-valid/audio/brass_acoustic_059-031-025.wav,572,brass_acoustic_059,1,brass,0,acoustic,31,25,16000,reverb
60.101334,-7.5415864,mallet_acoustic_062-038-075,mallet_acoustic_062-038-075,/root/autodl-tmp/tokenizer-eval/data/nsynth/nsynth-valid/audio/mallet_acoustic_062-038-075.wav,644,mallet_acoustic_062,5,mallet,0,acoustic,38,75,16000,dark|multiphonic
-20.880476,4.1961584,brass_acoustic_016-076-100,brass_acoustic_016-076-100,/root/autodl-tmp/tokenizer-eval/data/nsynth/nsynth-valid/audio/brass_acoustic_016-076-100.wav,128,brass_acoustic_016,1,brass,0,acoustic,76,100,16000,bright
46.973377,-23.856833,guitar_acoustic_014-049-100,guitar_acoustic_014-049-100,/root/autodl-tmp/tokenizer-eval/data/nsynth/nsynth-valid/audio/guitar_acoustic_014-049-100.wav,263,guitar_acoustic_014,3,guitar,0,acoustic,49,100,16000,
0.787618,-58.92344,reed_acoustic_011-038-025,reed_acoustic_011-038-025,/root/autodl-tmp/tokenizer-eval/data/nsynth/nsynth-valid/audio/reed_acoustic_011-038-025.wav,104,reed_acoustic_011,7,reed,0,acoustic,38,25,16000,
32.730644,-51.359932,guitar_acoustic_021-032-100,guitar_acoustic_021-032-100,/root/autodl-tmp/tokenizer-eval/data/nsynth/nsynth-valid/audio/guitar_acoustic_021-032-100.wav,457,guitar_acoustic_021,3,guitar,0,acoustic,32,100,16000,
-2.1466424,-46.06384,brass_acoustic_059-049-050,brass_acoustic_059-049-050,/root/autodl-tmp/tokenizer-eval/data/nsynth/nsynth-valid/audio/brass_acoustic_059-049-050.wav,572,brass_acoustic_059,1,brass,0,acoustic,49,50,16000,dark|reverb
60.32642,-14.849144,bass_electronic_025-039-050,bass_electronic_025-039-050,/root/autodl-tmp/tokenizer-eval/data/nsynth/nsynth-valid/audio/bass_electronic_025-039-050.wav,872,bass_electronic_025,0,bass,1,electronic,39,50,16000,
-7.7481503,-82.904205,flute_synthetic_000-061-100,flute_synthetic_000-061-100,/root/autodl-tmp/tokenizer-eval/data/nsynth/nsynth-valid/audio/flute_synthetic_000-061-100.wav,82,flute_synthetic_000,2,flute,2,synthetic,61,100,16000,distortion
-44.49527,-10.53591,brass_acoustic_015-069-100,brass_acoustic_015-069-100,/root/autodl-tmp/tokenizer-eval/data/nsynth/nsynth-valid/audio/brass_acoustic_015-069-100.wav,121,brass_acoustic_015,1,brass,0,acoustic,69,100,16000,reverb
-72.84547,22.391432,vocal_synthetic_003-077-075,vocal_synthetic_003-077-075,/root/autodl-tmp/tokenizer-eval/data/nsynth/nsynth-valid/audio/vocal_synthetic_003-077-075.wav,37,vocal_synthetic_003,10,vocal,2,synthetic,77,75,16000,bright|distortion|long_release|nonlinear_env
-61.931442,49.54646,vocal_synthetic_003-091-050,vocal_synthetic_003-091-050,/root/autodl-tmp/tokenizer-eval/data/nsynth/nsynth-valid/audio/vocal_synthetic_003-091-050.wav,37,vocal_synthetic_003,10,vocal,2,synthetic,91,50,16000,bright|distortion|long_release|nonlinear_env
-11.810268,-16.724428,reed_acoustic_018-059-075,reed_acoustic_018-059-075,/root/autodl-tmp/tokenizer-eval/data/nsynth/nsynth-valid/audio/reed_acoustic_018-059-075.wav,183,reed_acoustic_018,7,reed,0,acoustic,59,75,16000,
-26.848175,3.2177792,flute_synthetic_000-077-050,flute_synthetic_000-077-050,/root/autodl-tmp/tokenizer-eval/data/nsynth/nsynth-valid/audio/flute_synthetic_000-077-050.wav,82,flute_synthetic_000,2,flute,2,synthetic,77,50,16000,distortion
-5.891888,44.656208,mallet_acoustic_062-084-127,mallet_acoustic_062-084-127,/root/autodl-tmp/tokenizer-eval/data/nsynth/nsynth-valid/audio/mallet_acoustic_062-084-127.wav,644,mallet_acoustic_062,5,mallet,0,acoustic,84,127,16000,multiphonic
9.342803,59.32649,keyboard_electronic_002-095-025,keyboard_electronic_002-095-025,/root/autodl-tmp/tokenizer-eval/data/nsynth/nsynth-valid/audio/keyboard_electronic_002-095-025.wav,50,keyboard_electronic_002,4,keyboard,1,electronic,95,25,16000,fast_decay|percussive
24.912525,-20.308666,guitar_acoustic_015-053-050,guitar_acoustic_015-053-050,/root/autodl-tmp/tokenizer-eval/data/nsynth/nsynth-valid/audio/guitar_acoustic_015-053-050.wav,316,guitar_acoustic_015,3,guitar,0,acoustic,53,50,16000,reverb
19.339296,17.470066,guitar_electronic_028-071-127,guitar_electronic_028-071-127,/root/autodl-tmp/tokenizer-eval/data/nsynth/nsynth-valid/audio/guitar_electronic_028-071-127.wav,510,guitar_electronic_028,3,guitar,1,electronic,71,127,16000,
-19.717842,-42.412533,reed_acoustic_011-041-025,reed_acoustic_011-041-025,/root/autodl-tmp/tokenizer-eval/data/nsynth/nsynth-valid/audio/reed_acoustic_011-041-025.wav,104,reed_acoustic_011,7,reed,0,acoustic,41,25,16000,
30.326763,-9.691167,bass_electronic_018-055-100,bass_electronic_018-055-100,/root/autodl-tmp/tokenizer-eval/data/nsynth/nsynth-valid/audio/bass_electronic_018-055-100.wav,759,bass_electronic_018,0,bass,1,electronic,55,100,16000,
31.517187,90.73424,reed_acoustic_023-079-127,reed_acoustic_023-079-127,/root/autodl-tmp/tokenizer-eval/data/nsynth/nsynth-valid/audio/reed_acoustic_023-079-127.wav,224,reed_acoustic_023,7,reed,0,acoustic,79,127,16000,bright|fast_decay|multiphonic|nonlinear_env
44.495,-27.801989,keyboard_electronic_078-045-025,keyboard_electronic_078-045-025,/root/autodl-tmp/tokenizer-eval/data/nsynth/nsynth-valid/audio/keyboard_electronic_078-045-025.wav,838,keyboard_electronic_078,4,keyboard,1,electronic,45,25,16000,bright
-16.65923,-49.61686,brass_acoustic_059-051-075,brass_acoustic_059-051-075,/root/autodl-tmp/tokenizer-eval/data/nsynth/nsynth-valid/audio/brass_acoustic_059-051-075.wav,572,brass_acoustic_059,1,brass,0,acoustic,51,75,16000,bright|reverb
-89.01486,-81.233635,brass_acoustic_046-095-127,brass_acoustic_046-095-127,/root/autodl-tmp/tokenizer-eval/data/nsynth/nsynth-valid/audio/brass_acoustic_046-095-127.wav,414,brass_acoustic_046,1,brass,0,acoustic,95,127,16000,long_release
64.27373,-35.868732,string_acoustic_071-051-075,string_acoustic_071-051-075,/root/autodl-tmp/tokenizer-eval/data/nsynth/nsynth-valid/audio/string_acoustic_071-051-075.wav,609,string_acoustic_071,8,string,0,acoustic,51,75,16000,reverb
-33.75591,-8.923532,flute_synthetic_000-070-025,flute_synthetic_000-070-025,/root/autodl-tmp/tokenizer-eval/data/nsynth/nsynth-valid/audio/flute_synthetic_000-070-025.wav,82,flute_synthetic_000,2,flute,2,synthetic,70,25,16000,distortion
-21.769215,-20.193415,brass_acoustic_046-066-025,brass_acoustic_046-066-025,/root/autodl-tmp/tokenizer-eval/data/nsynth/nsynth-valid/audio/brass_acoustic_046-066-025.wav,414,brass_acoustic_046,1,brass,0,acoustic,66,25,16000,
0.58606094,-46.27838,organ_electronic_007-038-100,organ_electronic_007-038-100,/root/autodl-tmp/tokenizer-eval/data/nsynth/nsynth-valid/audio/organ_electronic_007-038-100.wav,123,organ_electronic_007,6,organ,1,electronic,38,100,16000,distortion|long_release|nonlinear_env
30.937183,47.97561,mallet_acoustic_047-068-050,mallet_acoustic_047-068-050,/root/autodl-tmp/tokenizer-eval/data/nsynth/nsynth-valid/audio/mallet_acoustic_047-068-050.wav,488,mallet_acoustic_047,5,mallet,0,acoustic,68,50,16000,fast_decay|percussive|reverb
-86.05539,-26.827192,bass_synthetic_098-075-100,bass_synthetic_098-075-100,/root/autodl-tmp/tokenizer-eval/data/nsynth/nsynth-valid/audio/bass_synthetic_098-075-100.wav,803,bass_synthetic_098,0,bass,2,synthetic,75,100,16000,
28.222778,51.076385,mallet_acoustic_047-074-100,mallet_acoustic_047-074-100,/root/autodl-tmp/tokenizer-eval/data/nsynth/nsynth-valid/audio/mallet_acoustic_047-074-100.wav,488,mallet_acoustic_047,5,mallet,0,acoustic,74,100,16000,fast_decay|percussive|reverb
33.136265,-64.750275,flute_synthetic_000-033-050,flute_synthetic_000-033-050,/root/autodl-tmp/tokenizer-eval/data/nsynth/nsynth-valid/audio/flute_synthetic_000-033-050.wav,82,flute_synthetic_000,2,flute,2,synthetic,33,50,16000,distortion
22.01695,-59.297764,string_acoustic_012-031-127,string_acoustic_012-031-127,/root/autodl-tmp/tokenizer-eval/data/nsynth/nsynth-valid/audio/string_acoustic_012-031-127.wav,97,string_acoustic_012,8,string,0,acoustic,31,127,16000,reverb
26.813078,-59.5666,string_acoustic_012-035-025,string_acoustic_012-035-025,/root/autodl-tmp/tokenizer-eval/data/nsynth/nsynth-valid/audio/string_acoustic_012-035-025.wav,97,string_acoustic_012,8,string,0,acoustic,35,25,16000,long_release|reverb
61.84055,-32.234352,string_acoustic_071-048-100,string_acoustic_071-048-100,/root/autodl-tmp/tokenizer-eval/data/nsynth/nsynth-valid/audio/string_acoustic_071-048-100.wav,609,string_acoustic_071,8,string,0,acoustic,48,100,16000,long_release|reverb
39.56091,80.41722,reed_acoustic_023-058-100,reed_acoustic_023-058-100,/root/autodl-tmp/tokenizer-eval/data/nsynth/nsynth-valid/audio/reed_acoustic_023-058-100.wav,224,reed_acoustic_023,7,reed,0,acoustic,58,100,16000,bright|fast_decay|multiphonic|nonlinear_env
29.09394,51.84553,mallet_acoustic_047-078-127,mallet_acoustic_047-078-127,/root/autodl-tmp/tokenizer-eval/data/nsynth/nsynth-valid/audio/mallet_acoustic_047-078-127.wav,488,mallet_acoustic_047,5,mallet,0,acoustic,78,127,16000,fast_decay|percussive|reverb
23.016804,-60.364494,string_acoustic_080-033-050,string_acoustic_080-033-050,/root/autodl-tmp/tokenizer-eval/data/nsynth/nsynth-valid/audio/string_acoustic_080-033-050.wav,675,string_acoustic_080,8,string,0,acoustic,33,50,16000,reverb
27.799124,88.42751,reed_acoustic_023-084-025,reed_acoustic_023-084-025,/root/autodl-tmp/tokenizer-eval/data/nsynth/nsynth-valid/audio/reed_acoustic_023-084-025.wav,224,reed_acoustic_023,7,reed,0,acoustic,84,25,16000,bright|fast_decay|multiphonic|nonlinear_env
-7.2228956,42.223564,guitar_electronic_028-084-100,guitar_electronic_028-084-100,/root/autodl-tmp/tokenizer-eval/data/nsynth/nsynth-valid/audio/guitar_electronic_028-084-100.wav,510,guitar_electronic_028,3,guitar,1,electronic,84,100,16000,
-28.20249,55.49341,string_acoustic_057-089-050,string_acoustic_057-089-050,/root/autodl-tmp/tokenizer-eval/data/nsynth/nsynth-valid/audio/string_acoustic_057-089-050.wav,450,string_acoustic_057,8,string,0,acoustic,89,50,16000,bright|nonlinear_env|reverb
-31.993755,57.38036,flute_acoustic_002-090-100,flute_acoustic_002-090-100,/root/autodl-tmp/tokenizer-eval/data/nsynth/nsynth-valid/audio/flute_acoustic_002-090-100.wav,86,flute_acoustic_002,2,flute,0,acoustic,90,100,16000,long_release|reverb
-16.858105,34.62611,flute_acoustic_002-082-127,flute_acoustic_002-082-127,/root/autodl-tmp/tokenizer-eval/data/nsynth/nsynth-valid/audio/flute_acoustic_002-082-127.wav,86,flute_acoustic_002,2,flute,0,acoustic,82,127,16000,long_release|reverb
17.475922,8.032232,keyboard_electronic_002-069-075,keyboard_electronic_002-069-075,/root/autodl-tmp/tokenizer-eval/data/nsynth/nsynth-valid/audio/keyboard_electronic_002-069-075.wav,50,keyboard_electronic_002,4,keyboard,1,electronic,69,75,16000,
56.448887,-16.28048,keyboard_electronic_003-043-050,keyboard_electronic_003-043-050,/root/autodl-tmp/tokenizer-eval/data/nsynth/nsynth-valid/audio/keyboard_electronic_003-043-050.wav,65,keyboard_electronic_003,4,keyboard,1,electronic,43,50,16000,dark
-7.4599614,40.304817,guitar_electronic_028-083-127,guitar_electronic_028-083-127,/root/autodl-tmp/tokenizer-eval/data/nsynth/nsynth-valid/audio/guitar_electronic_028-083-127.wav,510,guitar_electronic_028,3,guitar,1,electronic,83,127,16000,
-35.27286,56.678043,string_acoustic_057-091-127,string_acoustic_057-091-127,/root/autodl-tmp/tokenizer-eval/data/nsynth/nsynth-valid/audio/string_acoustic_057-091-127.wav,450,string_acoustic_057,8,string,0,acoustic,91,127,16000,nonlinear_env|reverb
40.46333,46.508167,mallet_acoustic_047-065-075,mallet_acoustic_047-065-075,/root/autodl-tmp/tokenizer-eval/data/nsynth/nsynth-valid/audio/mallet_acoustic_047-065-075.wav,488,mallet_acoustic_047,5,mallet,0,acoustic,65,75,16000,reverb
5.3122454,-32.89945,organ_electronic_001-065-050,organ_electronic_001-065-050,/root/autodl-tmp/tokenizer-eval/data/nsynth/nsynth-valid/audio/organ_electronic_001-065-050.wav,8,organ_electronic_001,6,organ,1,electronic,65,50,16000,
-42.000996,14.065096,brass_acoustic_046-074-127,brass_acoustic_046-074-127,/root/autodl-tmp/tokenizer-eval/data/nsynth/nsynth-valid/audio/brass_acoustic_046-074-127.wav,414,brass_acoustic_046,1,brass,0,acoustic,74,127,16000,bright
-25.718899,22.03606,organ_electronic_007-075-100,organ_electronic_007-075-100,/root/autodl-tmp/tokenizer-eval/data/nsynth/nsynth-valid/audio/organ_electronic_007-075-100.wav,123,organ_electronic_007,6,organ,1,electronic,75,100,16000,distortion|long_release|nonlinear_env
-3.3161793,50.78409,guitar_acoustic_030-087-127,guitar_acoustic_030-087-127,/root/autodl-tmp/tokenizer-eval/data/nsynth/nsynth-valid/audio/guitar_acoustic_030-087-127.wav,642,guitar_acoustic_030,3,guitar,0,acoustic,87,127,16000,fast_decay|tempo-synced
46.08829,30.023987,mallet_acoustic_056-053-100,mallet_acoustic_056-053-100,/root/autodl-tmp/tokenizer-eval/data/nsynth/nsynth-valid/audio/mallet_acoustic_056-053-100.wav,590,mallet_acoustic_056,5,mallet,0,acoustic,53,100,16000,bright|fast_decay|percussive
43.718582,-35.77984,keyboard_electronic_098-043-025,keyboard_electronic_098-043-025,/root/autodl-tmp/tokenizer-eval/data/nsynth/nsynth-valid/audio/keyboard_electronic_098-043-025.wav,905,keyboard_electronic_098,4,keyboard,1,electronic,43,25,16000,dark
63.28246,-2.6820185,mallet_acoustic_062-033-050,mallet_acoustic_062-033-050,/root/autodl-tmp/tokenizer-eval/data/nsynth/nsynth-valid/audio/mallet_acoustic_062-033-050.wav,644,mallet_acoustic_062,5,mallet,0,acoustic,33,50,16000,dark|multiphonic
-25.356943,-71.516335,vocal_synthetic_003-031-127,vocal_synthetic_003-031-127,/root/autodl-tmp/tokenizer-eval/data/nsynth/nsynth-valid/audio/vocal_synthetic_003-031-127.wav,37,vocal_synthetic_003,10,vocal,2,synthetic,31,127,16000,bright|distortion|long_release|nonlinear_env
-45.037273,31.451277,organ_electronic_113-077-127,organ_electronic_113-077-127,/root/autodl-tmp/tokenizer-eval/data/nsynth/nsynth-valid/audio/organ_electronic_113-077-127.wav,958,organ_electronic_113,6,organ,1,electronic,77,127,16000,
48.383892,34.02541,mallet_acoustic_056-048-025,mallet_acoustic_056-048-025,/root/autodl-tmp/tokenizer-eval/data/nsynth/nsynth-valid/audio/mallet_acoustic_056-048-025.wav,590,mallet_acoustic_056,5,mallet,0,acoustic,48,25,16000,bright|fast_decay|percussive
-32.346825,55.3335,string_acoustic_057-090-127,string_acoustic_057-090-127,/root/autodl-tmp/tokenizer-eval/data/nsynth/nsynth-valid/audio/string_acoustic_057-090-127.wav,450,string_acoustic_057,8,string,0,acoustic,90,127,16000,nonlinear_env|reverb
61.290947,-26.235682,string_acoustic_080-032-025,string_acoustic_080-032-025,/root/autodl-tmp/tokenizer-eval/data/nsynth/nsynth-valid/audio/string_acoustic_080-032-025.wav,675,string_acoustic_080,8,string,0,acoustic,32,25,16000,long_release|reverb
26.068695,-21.655333,keyboard_electronic_098-052-127,keyboard_electronic_098-052-127,/root/autodl-tmp/tokenizer-eval/data/nsynth/nsynth-valid/audio/keyboard_electronic_098-052-127.wav,905,keyboard_electronic_098,4,keyboard,1,electronic,52,127,16000,
-7.9570584,-34.830193,brass_acoustic_015-041-127,brass_acoustic_015-041-127,/root/autodl-tmp/tokenizer-eval/data/nsynth/nsynth-valid/audio/brass_acoustic_015-041-127.wav,121,brass_acoustic_015,1,brass,0,acoustic,41,127,16000,reverb
-23.354053,-39.591484,reed_acoustic_011-055-025,reed_acoustic_011-055-025,/root/autodl-tmp/tokenizer-eval/data/nsynth/nsynth-valid/audio/reed_acoustic_011-055-025.wav,104,reed_acoustic_011,7,reed,0,acoustic,55,25,16000,
64.30722,-35.681583,string_acoustic_012-051-050,string_acoustic_012-051-050,/root/autodl-tmp/tokenizer-eval/data/nsynth/nsynth-valid/audio/string_acoustic_012-051-050.wav,97,string_acoustic_012,8,string,0,acoustic,51,50,16000,reverb
33.597378,-63.29516,flute_synthetic_000-031-127,flute_synthetic_000-031-127,/root/autodl-tmp/tokenizer-eval/data/nsynth/nsynth-valid/audio/flute_synthetic_000-031-127.wav,82,flute_synthetic_000,2,flute,2,synthetic,31,127,16000,distortion
36.41215,0.6632349,keyboard_electronic_003-058-025,keyboard_electronic_003-058-025,/root/autodl-tmp/tokenizer-eval/data/nsynth/nsynth-valid/audio/keyboard_electronic_003-058-025.wav,65,keyboard_electronic_003,4,keyboard,1,electronic,58,25,16000,dark
9.882842,2.856664,guitar_acoustic_021-066-025,guitar_acoustic_021-066-025,/root/autodl-tmp/tokenizer-eval/data/nsynth/nsynth-valid/audio/guitar_acoustic_021-066-025.wav,457,guitar_acoustic_021,3,guitar,0,acoustic,66,25,16000,
52.435814,-10.593349,mallet_acoustic_062-042-127,mallet_acoustic_062-042-127,/root/autodl-tmp/tokenizer-eval/data/nsynth/nsynth-valid/audio/mallet_acoustic_062-042-127.wav,644,mallet_acoustic_062,5,mallet,0,acoustic,42,127,16000,dark|long_release|multiphonic
63.22934,-1.1252357,mallet_acoustic_062-032-025,mallet_acoustic_062-032-025,/root/autodl-tmp/tokenizer-eval/data/nsynth/nsynth-valid/audio/mallet_acoustic_062-032-025.wav,644,mallet_acoustic_062,5,mallet,0,acoustic,32,25,16000,dark|multiphonic
-21.415787,60.9204,keyboard_electronic_003-088-100,keyboard_electronic_003-088-100,/root/autodl-tmp/tokenizer-eval/data/nsynth/nsynth-valid/audio/keyboard_electronic_003-088-100.wav,65,keyboard_electronic_003,4,keyboard,1,electronic,88,100,16000,
63.84287,-3.9110475,mallet_acoustic_062-034-075,mallet_acoustic_062-034-075,/root/autodl-tmp/tokenizer-eval/data/nsynth/nsynth-valid/audio/mallet_acoustic_062-034-075.wav,644,mallet_acoustic_062,5,mallet,0,acoustic,34,75,16000,dark|multiphonic
-32.130013,-66.1226,vocal_synthetic_003-042-100,vocal_synthetic_003-042-100,/root/autodl-tmp/tokenizer-eval/data/nsynth/nsynth-valid/audio/vocal_synthetic_003-042-100.wav,37,vocal_synthetic_003,10,vocal,2,synthetic,42,100,16000,bright|distortion|long_release|nonlinear_env
17.27878,-1.8668666,guitar_electronic_028-067-075,guitar_electronic_028-067-075,/root/autodl-tmp/tokenizer-eval/data/nsynth/nsynth-valid/audio/guitar_electronic_028-067-075.wav,510,guitar_electronic_028,3,guitar,1,electronic,67,75,16000,
-28.75723,-67.9491,vocal_synthetic_003-038-100,vocal_synthetic_003-038-100,/root/autodl-tmp/tokenizer-eval/data/nsynth/nsynth-valid/audio/vocal_synthetic_003-038-100.wav,37,vocal_synthetic_003,10,vocal,2,synthetic,38,100,16000,bright|distortion|long_release|nonlinear_env
37.52445,-51.60295,guitar_acoustic_021-038-100,guitar_acoustic_021-038-100,/root/autodl-tmp/tokenizer-eval/data/nsynth/nsynth-valid/audio/guitar_acoustic_021-038-100.wav,457,guitar_acoustic_021,3,guitar,0,acoustic,38,100,16000,
-24.47607,54.920357,string_acoustic_057-088-127,string_acoustic_057-088-127,/root/autodl-tmp/tokenizer-eval/data/nsynth/nsynth-valid/audio/string_acoustic_057-088-127.wav,450,string_acoustic_057,8,string,0,acoustic,88,127,16000,nonlinear_env|reverb
-34.7867,-10.663393,flute_synthetic_000-069-050,flute_synthetic_000-069-050,/root/autodl-tmp/tokenizer-eval/data/nsynth/nsynth-valid/audio/flute_synthetic_000-069-050.wav,82,flute_synthetic_000,2,flute,2,synthetic,69,50,16000,distortion
-15.885088,-5.8513565,brass_acoustic_016-058-050,brass_acoustic_016-058-050,/root/autodl-tmp/tokenizer-eval/data/nsynth/nsynth-valid/audio/brass_acoustic_016-058-050.wav,128,brass_acoustic_016,1,brass,0,acoustic,58,50,16000,bright
11.903157,51.29227,mallet_acoustic_062-082-025,mallet_acoustic_062-082-025,/root/autodl-tmp/tokenizer-eval/data/nsynth/nsynth-valid/audio/mallet_acoustic_062-082-025.wav,644,mallet_acoustic_062,5,mallet,0,acoustic,82,25,16000,fast_decay|multiphonic|percussive
18.59683,82.09844,keyboard_synthetic_000-082-100,keyboard_synthetic_000-082-100,/root/autodl-tmp/tokenizer-eval/data/nsynth/nsynth-valid/audio/keyboard_synthetic_000-082-100.wav,577,keyboard_synthetic_000,4,keyboard,2,synthetic,82,100,16000,bright|distortion|fast_decay|nonlinear_env
-52.105522,27.885984,bass_synthetic_009-085-127,bass_synthetic_009-085-127,/root/autodl-tmp/tokenizer-eval/data/nsynth/nsynth-valid/audio/bass_synthetic_009-085-127.wav,150,bass_synthetic_009,0,bass,2,synthetic,85,127,16000,bright|distortion|long_release
28.291447,79.2801,keyboard_synthetic_000-048-050,keyboard_synthetic_000-048-050,/root/autodl-tmp/tokenizer-eval/data/nsynth/nsynth-valid/audio/keyboard_synthetic_000-048-050.wav,577,keyboard_synthetic_000,4,keyboard,2,synthetic,48,50,16000,distortion|fast_decay|nonlinear_env
26.055376,-54.838566,string_acoustic_080-038-127,string_acoustic_080-038-127,/root/autodl-tmp/tokenizer-eval/data/nsynth/nsynth-valid/audio/string_acoustic_080-038-127.wav,675,string_acoustic_080,8,string,0,acoustic,38,127,16000,long_release|reverb
-16.54102,-18.22083,reed_acoustic_018-052-050,reed_acoustic_018-052-050,/root/autodl-tmp/tokenizer-eval/data/nsynth/nsynth-valid/audio/reed_acoustic_018-052-050.wav,183,reed_acoustic_018,7,reed,0,acoustic,52,50,16000,
-68.59491,49.03833,vocal_synthetic_003-079-100,vocal_synthetic_003-079-100,/root/autodl-tmp/tokenizer-eval/data/nsynth/nsynth-valid/audio/vocal_synthetic_003-079-100.wav,37,vocal_synthetic_003,10,vocal,2,synthetic,79,100,16000,bright|distortion|long_release|nonlinear_env
-12.1440325,-39.12749,reed_acoustic_037-048-025,reed_acoustic_037-048-025,/root/autodl-tmp/tokenizer-eval/data/nsynth/nsynth-valid/audio/reed_acoustic_037-048-025.wav,387,reed_acoustic_037,7,reed,0,acoustic,48,25,16000,reverb
-43.115208,48.468895,guitar_acoustic_030-094-100,guitar_acoustic_030-094-100,/root/autodl-tmp/tokenizer-eval/data/nsynth/nsynth-valid/audio/guitar_acoustic_030-094-100.wav,642,guitar_acoustic_030,3,guitar,0,acoustic,94,100,16000,tempo-synced
27.02589,-25.235453,guitar_acoustic_014-051-050,guitar_acoustic_014-051-050,/root/autodl-tmp/tokenizer-eval/data/nsynth/nsynth-valid/audio/guitar_acoustic_014-051-050.wav,263,guitar_acoustic_014,3,guitar,0,acoustic,51,50,16000,
-65.81988,16.064432,vocal_synthetic_003-074-075,vocal_synthetic_003-074-075,/root/autodl-tmp/tokenizer-eval/data/nsynth/nsynth-valid/audio/vocal_synthetic_003-074-075.wav,37,vocal_synthetic_003,10,vocal,2,synthetic,74,75,16000,bright|distortion|long_release|nonlinear_env
-45.097622,-26.655396,brass_acoustic_046-067-050,brass_acoustic_046-067-050,/root/autodl-tmp/tokenizer-eval/data/nsynth/nsynth-valid/audio/brass_acoustic_046-067-050.wav,414,brass_acoustic_046,1,brass,0,acoustic,67,50,16000,
-40.52483,10.839408,brass_acoustic_015-074-100,brass_acoustic_015-074-100,/root/autodl-tmp/tokenizer-eval/data/nsynth/nsynth-valid/audio/brass_acoustic_015-074-100.wav,121,brass_acoustic_015,1,brass,0,acoustic,74,100,16000,reverb
51.971737,-46.137383,bass_synthetic_135-033-127,bass_synthetic_135-033-127,/root/autodl-tmp/tokenizer-eval/data/nsynth/nsynth-valid/audio/bass_synthetic_135-033-127.wav,927,bass_synthetic_135,0,bass,2,synthetic,33,127,16000,distortion
-84.62043,-28.412125,bass_synthetic_098-073-127,bass_synthetic_098-073-127,/root/autodl-tmp/tokenizer-eval/data/nsynth/nsynth-valid/audio/bass_synthetic_098-073-127.wav,803,bass_synthetic_098,0,bass,2,synthetic,73,127,16000,
6.2754135,-58.94957,bass_synthetic_009-034-050,bass_synthetic_009-034-050,/root/autodl-tmp/tokenizer-eval/data/nsynth/nsynth-valid/audio/bass_synthetic_009-034-050.wav,150,bass_synthetic_009,0,bass,2,synthetic,34,50,16000,bright|distortion|long_release
36.603043,-7.5010138,mallet_acoustic_062-053-100,mallet_acoustic_062-053-100,/root/autodl-tmp/tokenizer-eval/data/nsynth/nsynth-valid/audio/mallet_acoustic_062-053-100.wav,644,mallet_acoustic_062,5,mallet,0,acoustic,53,100,16000,dark|multiphonic
38.23939,-53.83276,guitar_acoustic_014-040-127,guitar_acoustic_014-040-127,/root/autodl-tmp/tokenizer-eval/data/nsynth/nsynth-valid/audio/guitar_acoustic_014-040-127.wav,263,guitar_acoustic_014,3,guitar,0,acoustic,40,127,16000,
18.153372,4.5440793,keyboard_electronic_002-068-025,keyboard_electronic_002-068-025,/root/autodl-tmp/tokenizer-eval/data/nsynth/nsynth-valid/audio/keyboard_electronic_002-068-025.wav,50,keyboard_electronic_002,4,keyboard,1,electronic,68,25,16000,
57.710064,-22.046318,guitar_acoustic_021-043-025,guitar_acoustic_021-043-025,/root/autodl-tmp/tokenizer-eval/data/nsynth/nsynth-valid/audio/guitar_acoustic_021-043-025.wav,457,guitar_acoustic_021,3,guitar,0,acoustic,43,25,16000,
-50.830627,-23.769602,vocal_synthetic_003-068-127,vocal_synthetic_003-068-127,/root/autodl-tmp/tokenizer-eval/data/nsynth/nsynth-valid/audio/vocal_synthetic_003-068-127.wav,37,vocal_synthetic_003,10,vocal,2,synthetic,68,127,16000,bright|distortion|long_release|nonlinear_env
-41.010937,-4.600406,flute_acoustic_002-070-025,flute_acoustic_002-070-025,/root/autodl-tmp/tokenizer-eval/data/nsynth/nsynth-valid/audio/flute_acoustic_002-070-025.wav,86,flute_acoustic_002,2,flute,0,acoustic,70,25,16000,long_release|reverb
-46.70367,-44.98686,vocal_synthetic_003-059-100,vocal_synthetic_003-059-100,/root/autodl-tmp/tokenizer-eval/data/nsynth/nsynth-valid/audio/vocal_synthetic_003-059-100.wav,37,vocal_synthetic_003,10,vocal,2,synthetic,59,100,16000,bright|distortion|long_release|nonlinear_env
-2.2639852,33.404312,guitar_electronic_028-080-025,guitar_electronic_028-080-025,/root/autodl-tmp/tokenizer-eval/data/nsynth/nsynth-valid/audio/guitar_electronic_028-080-025.wav,510,guitar_electronic_028,3,guitar,1,electronic,80,25,16000,
19.162369,-34.99524,organ_electronic_057-034-075,organ_electronic_057-034-075,/root/autodl-tmp/tokenizer-eval/data/nsynth/nsynth-valid/audio/organ_electronic_057-034-075.wav,701,organ_electronic_057,6,organ,1,electronic,34,75,16000,dark
31.84,-50.31678,keyboard_electronic_078-032-050,keyboard_electronic_078-032-050,/root/autodl-tmp/tokenizer-eval/data/nsynth/nsynth-valid/audio/keyboard_electronic_078-032-050.wav,838,keyboard_electronic_078,4,keyboard,1,electronic,32,50,16000,bright
-5.77679,-58.10715,brass_acoustic_006-035-075,brass_acoustic_006-035-075,/root/autodl-tmp/tokenizer-eval/data/nsynth/nsynth-valid/audio/brass_acoustic_006-035-075.wav,43,brass_acoustic_006,1,brass,0,acoustic,35,75,16000,reverb
-0.5212256,-47.046032,brass_acoustic_059-038-025,brass_acoustic_059-038-025,/root/autodl-tmp/tokenizer-eval/data/nsynth/nsynth-valid/audio/brass_acoustic_059-038-025.wav,572,brass_acoustic_059,1,brass,0,acoustic,38,25,16000,long_release|reverb
32.33927,75.60596,reed_acoustic_023-032-100,reed_acoustic_023-032-100,/root/autodl-tmp/tokenizer-eval/data/nsynth/nsynth-valid/audio/reed_acoustic_023-032-100.wav,224,reed_acoustic_023,7,reed,0,acoustic,32,100,16000,bright|fast_decay|multiphonic|nonlinear_env
14.680015,-81.49965,flute_synthetic_000-049-075,flute_synthetic_000-049-075,/root/autodl-tmp/tokenizer-eval/data/nsynth/nsynth-valid/audio/flute_synthetic_000-049-075.wav,82,flute_synthetic_000,2,flute,2,synthetic,49,75,16000,distortion
32.93811,-64.33583,flute_synthetic_000-033-025,flute_synthetic_000-033-025,/root/autodl-tmp/tokenizer-eval/data/nsynth/nsynth-valid/audio/flute_synthetic_000-033-025.wav,82,flute_synthetic_000,2,flute,2,synthetic,33,25,16000,distortion
-26.731817,16.566946,organ_electronic_028-087-025,organ_electronic_028-087-025,/root/autodl-tmp/tokenizer-eval/data/nsynth/nsynth-valid/audio/organ_electronic_028-087-025.wav,440,organ_electronic_028,6,organ,1,electronic,87,25,16000,
-19.276747,38.19672,flute_acoustic_002-081-127,flute_acoustic_002-081-127,/root/autodl-tmp/tokenizer-eval/data/nsynth/nsynth-valid/audio/flute_acoustic_002-081-127.wav,86,flute_acoustic_002,2,flute,0,acoustic,81,127,16000,long_release|reverb
38.44962,-46.43861,keyboard_electronic_069-037-025,keyboard_electronic_069-037-025,/root/autodl-tmp/tokenizer-eval/data/nsynth/nsynth-valid/audio/keyboard_electronic_069-037-025.wav,805,keyboard_electronic_069,4,keyboard,1,electronic,37,25,16000,distortion
50.361004,33.048325,mallet_acoustic_056-035-100,mallet_acoustic_056-035-100,/root/autodl-tmp/tokenizer-eval/data/nsynth/nsynth-valid/audio/mallet_acoustic_056-035-100.wav,590,mallet_acoustic_056,5,mallet,0,acoustic,35,100,16000,bright|fast_decay|percussive
7.994531,-10.236856,guitar_acoustic_021-061-100,guitar_acoustic_021-061-100,/root/autodl-tmp/tokenizer-eval/data/nsynth/nsynth-valid/audio/guitar_acoustic_021-061-100.wav,457,guitar_acoustic_021,3,guitar,0,acoustic,61,100,16000,
-1.9519746,-85.16928,flute_synthetic_000-058-050,flute_synthetic_000-058-050,/root/autodl-tmp/tokenizer-eval/data/nsynth/nsynth-valid/audio/flute_synthetic_000-058-050.wav,82,flute_synthetic_000,2,flute,2,synthetic,58,50,16000,distortion
41.99274,-19.60629,keyboard_acoustic_004-035-127,keyboard_acoustic_004-035-127,/root/autodl-tmp/tokenizer-eval/data/nsynth/nsynth-valid/audio/keyboard_acoustic_004-035-127.wav,327,keyboard_acoustic_004,4,keyboard,0,acoustic,35,127,16000,reverb
20.1079,-35.099556,organ_electronic_113-033-050,organ_electronic_113-033-050,/root/autodl-tmp/tokenizer-eval/data/nsynth/nsynth-valid/audio/organ_electronic_113-033-050.wav,958,organ_electronic_113,6,organ,1,electronic,33,50,16000,dark
18.02149,59.787853,guitar_acoustic_021-096-075,guitar_acoustic_021-096-075,/root/autodl-tmp/tokenizer-eval/data/nsynth/nsynth-valid/audio/guitar_acoustic_021-096-075.wav,457,guitar_acoustic_021,3,guitar,0,acoustic,96,75,16000,fast_decay|percussive
2.334081,37.778008,bass_synthetic_068-081-025,bass_synthetic_068-081-025,/root/autodl-tmp/tokenizer-eval/data/nsynth/nsynth-valid/audio/bass_synthetic_068-081-025.wav,656,bass_synthetic_068,0,bass,2,synthetic,81,25,16000,fast_decay
29.128721,-29.712994,bass_synthetic_034-049-100,bass_synthetic_034-049-100,/root/autodl-tmp/tokenizer-eval/data/nsynth/nsynth-valid/audio/bass_synthetic_034-049-100.wav,420,bass_synthetic_034,0,bass,2,synthetic,49,100,16000,distortion|tempo-synced
-62.226982,34.470905,vocal_synthetic_003-084-025,vocal_synthetic_003-084-025,/root/autodl-tmp/tokenizer-eval/data/nsynth/nsynth-valid/audio/vocal_synthetic_003-084-025.wav,37,vocal_synthetic_003,10,vocal,2,synthetic,84,25,16000,bright|distortion|long_release|nonlinear_env
-19.969109,-16.00937,brass_acoustic_006-064-050,brass_acoustic_006-064-050,/root/autodl-tmp/tokenizer-eval/data/nsynth/nsynth-valid/audio/brass_acoustic_006-064-050.wav,43,brass_acoustic_006,1,brass,0,acoustic,64,50,16000,reverb
-5.2251673,-45.195988,reed_acoustic_037-036-050,reed_acoustic_037-036-050,/root/autodl-tmp/tokenizer-eval/data/nsynth/nsynth-valid/audio/reed_acoustic_037-036-050.wav,387,reed_acoustic_037,7,reed,0,acoustic,36,50,16000,reverb
32.970875,-75.9645,flute_synthetic_000-039-075,flute_synthetic_000-039-075,/root/autodl-tmp/tokenizer-eval/data/nsynth/nsynth-valid/audio/flute_synthetic_000-039-075.wav,82,flute_synthetic_000,2,flute,2,synthetic,39,75,16000,distortion
19.67132,-79.37562,flute_synthetic_000-046-100,flute_synthetic_000-046-100,/root/autodl-tmp/tokenizer-eval/data/nsynth/nsynth-valid/audio/flute_synthetic_000-046-100.wav,82,flute_synthetic_000,2,flute,2,synthetic,46,100,16000,distortion
-23.255629,19.49461,brass_acoustic_016-080-127,brass_acoustic_016-080-127,/root/autodl-tmp/tokenizer-eval/data/nsynth/nsynth-valid/audio/brass_acoustic_016-080-127.wav,128,brass_acoustic_016,1,brass,0,acoustic,80,127,16000,bright
-6.1901484,-83.56118,flute_synthetic_000-060-100,flute_synthetic_000-060-100,/root/autodl-tmp/tokenizer-eval/data/nsynth/nsynth-valid/audio/flute_synthetic_000-060-100.wav,82,flute_synthetic_000,2,flute,2,synthetic,60,100,16000,distortion
19.163807,19.175604,guitar_acoustic_015-071-075,guitar_acoustic_015-071-075,/root/autodl-tmp/tokenizer-eval/data/nsynth/nsynth-valid/audio/guitar_acoustic_015-071-075.wav,316,guitar_acoustic_015,3,guitar,0,acoustic,71,75,16000,reverb
33.625866,-66.66979,flute_synthetic_000-034-025,flute_synthetic_000-034-025,/root/autodl-tmp/tokenizer-eval/data/nsynth/nsynth-valid/audio/flute_synthetic_000-034-025.wav,82,flute_synthetic_000,2,flute,2,synthetic,34,25,16000,distortion
-41.518375,39.914215,organ_electronic_001-095-025,organ_electronic_001-095-025,/root/autodl-tmp/tokenizer-eval/data/nsynth/nsynth-valid/audio/organ_electronic_001-095-025.wav,8,organ_electronic_001,6,organ,1,electronic,95,25,16000,
-17.086403,-5.9219084,brass_acoustic_016-056-127,brass_acoustic_016-056-127,/root/autodl-tmp/tokenizer-eval/data/nsynth/nsynth-valid/audio/brass_acoustic_016-056-127.wav,128,brass_acoustic_016,1,brass,0,acoustic,56,127,16000,
21.561792,47.64357,string_acoustic_056-072-075,string_acoustic_056-072-075,/root/autodl-tmp/tokenizer-eval/data/nsynth/nsynth-valid/audio/string_acoustic_056-072-075.wav,436,string_acoustic_056,8,string,0,acoustic,72,75,16000,fast_decay|percussive|reverb
20.296955,-61.771442,keyboard_electronic_001-034-075,keyboard_electronic_001-034-075,/root/autodl-tmp/tokenizer-eval/data/nsynth/nsynth-valid/audio/keyboard_electronic_001-034-075.wav,40,keyboard_electronic_001,4,keyboard,1,electronic,34,75,16000,dark
58.765575,-30.66495,string_acoustic_012-045-025,string_acoustic_012-045-025,/root/autodl-tmp/tokenizer-eval/data/nsynth/nsynth-valid/audio/string_acoustic_012-045-025.wav,97,string_acoustic_012,8,string,0,acoustic,45,25,16000,long_release|reverb
56.55181,-18.912947,keyboard_electronic_098-033-050,keyboard_electronic_098-033-050,/root/autodl-tmp/tokenizer-eval/data/nsynth/nsynth-valid/audio/keyboard_electronic_098-033-050.wav,905,keyboard_electronic_098,4,keyboard,1,electronic,33,50,16000,dark|distortion
-24.429647,60.933064,guitar_acoustic_010-089-025,guitar_acoustic_010-089-025,/root/autodl-tmp/tokenizer-eval/data/nsynth/nsynth-valid/audio/guitar_acoustic_010-089-025.wav,219,guitar_acoustic_010,3,guitar,0,acoustic,89,25,16000,
-49.59523,8.618227,brass_acoustic_006-072-127,brass_acoustic_006-072-127,/root/autodl-tmp/tokenizer-eval/data/nsynth/nsynth-valid/audio/brass_acoustic_006-072-127.wav,43,brass_acoustic_006,1,brass,0,acoustic,72,127,16000,reverb
-50.34609,-42.750698,vocal_synthetic_003-061-050,vocal_synthetic_003-061-050,/root/autodl-tmp/tokenizer-eval/data/nsynth/nsynth-valid/audio/vocal_synthetic_003-061-050.wav,37,vocal_synthetic_003,10,vocal,2,synthetic,61,50,16000,bright|distortion|long_release|nonlinear_env
-30.887249,17.779442,reed_acoustic_018-086-075,reed_acoustic_018-086-075,/root/autodl-tmp/tokenizer-eval/data/nsynth/nsynth-valid/audio/reed_acoustic_018-086-075.wav,183,reed_acoustic_018,7,reed,0,acoustic,86,75,16000,
-85.49562,-25.999344,bass_synthetic_098-085-075,bass_synthetic_098-085-075,/root/autodl-tmp/tokenizer-eval/data/nsynth/nsynth-valid/audio/bass_synthetic_098-085-075.wav,803,bass_synthetic_098,0,bass,2,synthetic,85,75,16000,
-34.525593,36.958126,organ_electronic_007-083-075,organ_electronic_007-083-075,/root/autodl-tmp/tokenizer-eval/data/nsynth/nsynth-valid/audio/organ_electronic_007-083-075.wav,123,organ_electronic_007,6,organ,1,electronic,83,75,16000,bright|distortion|long_release|nonlinear_env
-39.71552,-17.917093,string_acoustic_057-056-100,string_acoustic_057-056-100,/root/autodl-tmp/tokenizer-eval/data/nsynth/nsynth-valid/audio/string_acoustic_057-056-100.wav,450,string_acoustic_057,8,string,0,acoustic,56,100,16000,nonlinear_env|reverb
6.796672,-0.49071953,guitar_acoustic_014-064-050,guitar_acoustic_014-064-050,/root/autodl-tmp/tokenizer-eval/data/nsynth/nsynth-valid/audio/guitar_acoustic_014-064-050.wav,263,guitar_acoustic_014,3,guitar,0,acoustic,64,50,16000,
24.1323,-79.19838,flute_synthetic_000-044-075,flute_synthetic_000-044-075,/root/autodl-tmp/tokenizer-eval/data/nsynth/nsynth-valid/audio/flute_synthetic_000-044-075.wav,82,flute_synthetic_000,2,flute,2,synthetic,44,75,16000,distortion
25.70372,-55.669373,string_acoustic_080-038-025,string_acoustic_080-038-025,/root/autodl-tmp/tokenizer-eval/data/nsynth/nsynth-valid/audio/string_acoustic_080-038-025.wav,675,string_acoustic_080,8,string,0,acoustic,38,25,16000,long_release|reverb
-24.357954,46.72702,string_acoustic_057-079-127,string_acoustic_057-079-127,/root/autodl-tmp/tokenizer-eval/data/nsynth/nsynth-valid/audio/string_acoustic_057-079-127.wav,450,string_acoustic_057,8,string,0,acoustic,79,127,16000,bright|nonlinear_env|reverb
-28.953072,-66.761116,vocal_synthetic_003-039-075,vocal_synthetic_003-039-075,/root/autodl-tmp/tokenizer-eval/data/nsynth/nsynth-valid/audio/vocal_synthetic_003-039-075.wav,37,vocal_synthetic_003,10,vocal,2,synthetic,39,75,16000,distortion|long_release|nonlinear_env
-35.828365,-5.5383363,organ_electronic_104-070-025,organ_electronic_104-070-025,/root/autodl-tmp/tokenizer-eval/data/nsynth/nsynth-valid/audio/organ_electronic_104-070-025.wav,921,organ_electronic_104,6,organ,1,electronic,70,25,16000,
-23.970795,-69.160065,vocal_synthetic_003-034-075,vocal_synthetic_003-034-075,/root/autodl-tmp/tokenizer-eval/data/nsynth/nsynth-valid/audio/vocal_synthetic_003-034-075.wav,37,vocal_synthetic_003,10,vocal,2,synthetic,34,75,16000,distortion|long_release|nonlinear_env
-31.060291,35.841717,flute_acoustic_002-083-025,flute_acoustic_002-083-025,/root/autodl-tmp/tokenizer-eval/data/nsynth/nsynth-valid/audio/flute_acoustic_002-083-025.wav,86,flute_acoustic_002,2,flute,0,acoustic,83,25,16000,reverb
-12.874984,-45.087635,reed_acoustic_037-053-075,reed_acoustic_037-053-075,/root/autodl-tmp/tokenizer-eval/data/nsynth/nsynth-valid/audio/reed_acoustic_037-053-075.wav,387,reed_acoustic_037,7,reed,0,acoustic,53,75,16000,reverb
38.19086,-53.86744,guitar_acoustic_014-039-100,guitar_acoustic_014-039-100,/root/autodl-tmp/tokenizer-eval/data/nsynth/nsynth-valid/audio/guitar_acoustic_014-039-100.wav,263,guitar_acoustic_014,3,guitar,0,acoustic,39,100,16000,
-2.7446587,28.766197,bass_synthetic_135-078-025,bass_synthetic_135-078-025,/root/autodl-tmp/tokenizer-eval/data/nsynth/nsynth-valid/audio/bass_synthetic_135-078-025.wav,927,bass_synthetic_135,0,bass,2,synthetic,78,25,16000,distortion
10.618248,78.339066,reed_acoustic_023-096-025,reed_acoustic_023-096-025,/root/autodl-tmp/tokenizer-eval/data/nsynth/nsynth-valid/audio/reed_acoustic_023-096-025.wav,224,reed_acoustic_023,7,reed,0,acoustic,96,25,16000,fast_decay|multiphonic|nonlinear_env|percussive
-3.3004246,-55.63075,brass_acoustic_059-034-075,brass_acoustic_059-034-075,/root/autodl-tmp/tokenizer-eval/data/nsynth/nsynth-valid/audio/brass_acoustic_059-034-075.wav,572,brass_acoustic_059,1,brass,0,acoustic,34,75,16000,bright|reverb
-2.7608902,-54.929646,brass_acoustic_059-032-075,brass_acoustic_059-032-075,/root/autodl-tmp/tokenizer-eval/data/nsynth/nsynth-valid/audio/brass_acoustic_059-032-075.wav,572,brass_acoustic_059,1,brass,0,acoustic,32,75,16000,bright|reverb
0.08888907,27.626465,keyboard_acoustic_004-078-075,keyboard_acoustic_004-078-075,/root/autodl-tmp/tokenizer-eval/data/nsynth/nsynth-valid/audio/keyboard_acoustic_004-078-075.wav,327,keyboard_acoustic_004,4,keyboard,0,acoustic,78,75,16000,reverb
-62.437977,34.51514,vocal_synthetic_003-084-050,vocal_synthetic_003-084-050,/root/autodl-tmp/tokenizer-eval/data/nsynth/nsynth-valid/audio/vocal_synthetic_003-084-050.wav,37,vocal_synthetic_003,10,vocal,2,synthetic,84,50,16000,bright|distortion|long_release|nonlinear_env
19.790133,-79.53667,flute_synthetic_000-046-127,flute_synthetic_000-046-127,/root/autodl-tmp/tokenizer-eval/data/nsynth/nsynth-valid/audio/flute_synthetic_000-046-127.wav,82,flute_synthetic_000,2,flute,2,synthetic,46,127,16000,distortion
2.8007364,-29.021511,organ_electronic_001-055-050,organ_electronic_001-055-050,/root/autodl-tmp/tokenizer-eval/data/nsynth/nsynth-valid/audio/organ_electronic_001-055-050.wav,8,organ_electronic_001,6,organ,1,electronic,55,50,16000,dark
-70.76033,31.6728,vocal_synthetic_003-089-050,vocal_synthetic_003-089-050,/root/autodl-tmp/tokenizer-eval/data/nsynth/nsynth-valid/audio/vocal_synthetic_003-089-050.wav,37,vocal_synthetic_003,10,vocal,2,synthetic,89,50,16000,bright|distortion|long_release|nonlinear_env
-31.497692,5.663317,flute_synthetic_000-080-127,flute_synthetic_000-080-127,/root/autodl-tmp/tokenizer-eval/data/nsynth/nsynth-valid/audio/flute_synthetic_000-080-127.wav,82,flute_synthetic_000,2,flute,2,synthetic,80,127,16000,distortion
65.034485,-11.272829,bass_synthetic_033-031-050,bass_synthetic_033-031-050,/root/autodl-tmp/tokenizer-eval/data/nsynth/nsynth-valid/audio/bass_synthetic_033-031-050.wav,417,bass_synthetic_033,0,bass,2,synthetic,31,50,16000,dark
-13.093959,13.777361,brass_acoustic_006-076-050,brass_acoustic_006-076-050,/root/autodl-tmp/tokenizer-eval/data/nsynth/nsynth-valid/audio/brass_acoustic_006-076-050.wav,43,brass_acoustic_006,1,brass,0,acoustic,76,50,16000,reverb
-50.05769,-22.907808,bass_synthetic_009-068-025,bass_synthetic_009-068-025,/root/autodl-tmp/tokenizer-eval/data/nsynth/nsynth-valid/audio/bass_synthetic_009-068-025.wav,150,bass_synthetic_009,0,bass,2,synthetic,68,25,16000,bright|distortion|long_release
-47.718708,-21.756636,flute_acoustic_002-068-127,flute_acoustic_002-068-127,/root/autodl-tmp/tokenizer-eval/data/nsynth/nsynth-valid/audio/flute_acoustic_002-068-127.wav,86,flute_acoustic_002,2,flute,0,acoustic,68,127,16000,long_release|reverb
20.16842,51.447006,string_acoustic_056-071-025,string_acoustic_056-071-025,/root/autodl-tmp/tokenizer-eval/data/nsynth/nsynth-valid/audio/string_acoustic_056-071-025.wav,436,string_acoustic_056,8,string,0,acoustic,71,25,16000,fast_decay|percussive|reverb
-7.1928988,-46.970863,reed_acoustic_037-033-025,reed_acoustic_037-033-025,/root/autodl-tmp/tokenizer-eval/data/nsynth/nsynth-valid/audio/reed_acoustic_037-033-025.wav,387,reed_acoustic_037,7,reed,0,acoustic,33,25,16000,reverb
-46.75668,13.728281,reed_acoustic_011-073-050,reed_acoustic_011-073-050,/root/autodl-tmp/tokenizer-eval/data/nsynth/nsynth-valid/audio/reed_acoustic_011-073-050.wav,104,reed_acoustic_011,7,reed,0,acoustic,73,50,16000,
64.1878,-33.36806,string_acoustic_071-053-100,string_acoustic_071-053-100,/root/autodl-tmp/tokenizer-eval/data/nsynth/nsynth-valid/audio/string_acoustic_071-053-100.wav,609,string_acoustic_071,8,string,0,acoustic,53,100,16000,reverb
-42.012672,53.85382,organ_electronic_007-093-127,organ_electronic_007-093-127,/root/autodl-tmp/tokenizer-eval/data/nsynth/nsynth-valid/audio/organ_electronic_007-093-127.wav,123,organ_electronic_007,6,organ,1,electronic,93,127,16000,long_release|nonlinear_env
-34.678722,-32.136326,flute_synthetic_000-066-050,flute_synthetic_000-066-050,/root/autodl-tmp/tokenizer-eval/data/nsynth/nsynth-valid/audio/flute_synthetic_000-066-050.wav,82,flute_synthetic_000,2,flute,2,synthetic,66,50,16000,distortion
29.570684,-15.293818,bass_synthetic_135-057-050,bass_synthetic_135-057-050,/root/autodl-tmp/tokenizer-eval/data/nsynth/nsynth-valid/audio/bass_synthetic_135-057-050.wav,927,bass_synthetic_135,0,bass,2,synthetic,57,50,16000,distortion
32.934814,51.926365,mallet_acoustic_047-094-100,mallet_acoustic_047-094-100,/root/autodl-tmp/tokenizer-eval/data/nsynth/nsynth-valid/audio/mallet_acoustic_047-094-100.wav,488,mallet_acoustic_047,5,mallet,0,acoustic,94,100,16000,fast_decay|percussive|reverb
20.939838,26.45859,mallet_acoustic_062-073-100,mallet_acoustic_062-073-100,/root/autodl-tmp/tokenizer-eval/data/nsynth/nsynth-valid/audio/mallet_acoustic_062-073-100.wav,644,mallet_acoustic_062,5,mallet,0,acoustic,73,100,16000,dark|multiphonic
5.7064204,39.21818,guitar_acoustic_015-082-075,guitar_acoustic_015-082-075,/root/autodl-tmp/tokenizer-eval/data/nsynth/nsynth-valid/audio/guitar_acoustic_015-082-075.wav,316,guitar_acoustic_015,3,guitar,0,acoustic,82,75,16000,fast_decay|percussive|reverb
-25.045605,45.106712,flute_acoustic_002-079-050,flute_acoustic_002-079-050,/root/autodl-tmp/tokenizer-eval/data/nsynth/nsynth-valid/audio/flute_acoustic_002-079-050.wav,86,flute_acoustic_002,2,flute,0,acoustic,79,50,16000,reverb
52.067413,6.201894,string_acoustic_056-044-100,string_acoustic_056-044-100,/root/autodl-tmp/tokenizer-eval/data/nsynth/nsynth-valid/audio/string_acoustic_056-044-100.wav,436,string_acoustic_056,8,string,0,acoustic,44,100,16000,reverb
-42.172935,25.989832,flute_synthetic_000-087-100,flute_synthetic_000-087-100,/root/autodl-tmp/tokenizer-eval/data/nsynth/nsynth-valid/audio/flute_synthetic_000-087-100.wav,82,flute_synthetic_000,2,flute,2,synthetic,87,100,16000,distortion
-63.514847,11.975721,vocal_synthetic_003-073-127,vocal_synthetic_003-073-127,/root/autodl-tmp/tokenizer-eval/data/nsynth/nsynth-valid/audio/vocal_synthetic_003-073-127.wav,37,vocal_synthetic_003,10,vocal,2,synthetic,73,127,16000,bright|distortion|long_release|nonlinear_env
-25.5287,-0.41650745,flute_synthetic_000-075-050,flute_synthetic_000-075-050,/root/autodl-tmp/tokenizer-eval/data/nsynth/nsynth-valid/audio/flute_synthetic_000-075-050.wav,82,flute_synthetic_000,2,flute,2,synthetic,75,50,16000,distortion
49.720757,-43.484276,keyboard_electronic_003-034-050,keyboard_electronic_003-034-050,/root/autodl-tmp/tokenizer-eval/data/nsynth/nsynth-valid/audio/keyboard_electronic_003-034-050.wav,65,keyboard_electronic_003,4,keyboard,1,electronic,34,50,16000,dark
-3.3570685,-32.57524,string_acoustic_071-054-050,string_acoustic_071-054-050,/root/autodl-tmp/tokenizer-eval/data/nsynth/nsynth-valid/audio/string_acoustic_071-054-050.wav,609,string_acoustic_071,8,string,0,acoustic,54,50,16000,reverb
-40.52458,10.839382,brass_acoustic_015-074-075,brass_acoustic_015-074-075,/root/autodl-tmp/tokenizer-eval/data/nsynth/nsynth-valid/audio/brass_acoustic_015-074-075.wav,121,brass_acoustic_015,1,brass,0,acoustic,74,75,16000,reverb
-3.7914417,-84.644905,flute_synthetic_000-059-100,flute_synthetic_000-059-100,/root/autodl-tmp/tokenizer-eval/data/nsynth/nsynth-valid/audio/flute_synthetic_000-059-100.wav,82,flute_synthetic_000,2,flute,2,synthetic,59,100,16000,distortion
51.190544,-46.341007,bass_synthetic_135-033-025,bass_synthetic_135-033-025,/root/autodl-tmp/tokenizer-eval/data/nsynth/nsynth-valid/audio/bass_synthetic_135-033-025.wav,927,bass_synthetic_135,0,bass,2,synthetic,33,25,16000,distortion
36.1129,3.7423298,bass_electronic_025-060-075,bass_electronic_025-060-075,/root/autodl-tmp/tokenizer-eval/data/nsynth/nsynth-valid/audio/bass_electronic_025-060-075.wav,872,bass_electronic_025,0,bass,1,electronic,60,75,16000,
-5.6631837,52.838978,mallet_acoustic_062-075-127,mallet_acoustic_062-075-127,/root/autodl-tmp/tokenizer-eval/data/nsynth/nsynth-valid/audio/mallet_acoustic_062-075-127.wav,644,mallet_acoustic_062,5,mallet,0,acoustic,75,127,16000,dark|multiphonic
50.5059,33.74773,mallet_acoustic_056-038-100,mallet_acoustic_056-038-100,/root/autodl-tmp/tokenizer-eval/data/nsynth/nsynth-valid/audio/mallet_acoustic_056-038-100.wav,590,mallet_acoustic_056,5,mallet,0,acoustic,38,100,16000,bright|fast_decay|percussive
27.616846,-60.54049,string_acoustic_071-035-127,string_acoustic_071-035-127,/root/autodl-tmp/tokenizer-eval/data/nsynth/nsynth-valid/audio/string_acoustic_071-035-127.wav,609,string_acoustic_071,8,string,0,acoustic,35,127,16000,long_release|reverb
2.83631,-29.4774,organ_electronic_001-067-100,organ_electronic_001-067-100,/root/autodl-tmp/tokenizer-eval/data/nsynth/nsynth-valid/audio/organ_electronic_001-067-100.wav,8,organ_electronic_001,6,organ,1,electronic,67,100,16000,
39.85663,76.74745,reed_acoustic_023-043-100,reed_acoustic_023-043-100,/root/autodl-tmp/tokenizer-eval/data/nsynth/nsynth-valid/audio/reed_acoustic_023-043-100.wav,224,reed_acoustic_023,7,reed,0,acoustic,43,100,16000,bright|fast_decay|multiphonic|nonlinear_env
-19.070879,7.8724384,flute_acoustic_002-077-127,flute_acoustic_002-077-127,/root/autodl-tmp/tokenizer-eval/data/nsynth/nsynth-valid/audio/flute_acoustic_002-077-127.wav,86,flute_acoustic_002,2,flute,0,acoustic,77,127,16000,reverb
24.977337,83.11826,keyboard_synthetic_000-069-050,keyboard_synthetic_000-069-050,/root/autodl-tmp/tokenizer-eval/data/nsynth/nsynth-valid/audio/keyboard_synthetic_000-069-050.wav,577,keyboard_synthetic_000,4,keyboard,2,synthetic,69,50,16000,distortion|fast_decay|nonlinear_env
-25.480654,64.41881,mallet_acoustic_056-090-050,mallet_acoustic_056-090-050,/root/autodl-tmp/tokenizer-eval/data/nsynth/nsynth-valid/audio/mallet_acoustic_056-090-050.wav,590,mallet_acoustic_056,5,mallet,0,acoustic,90,50,16000,fast_decay
-26.795582,46.33658,keyboard_electronic_069-079-127,keyboard_electronic_069-079-127,/root/autodl-tmp/tokenizer-eval/data/nsynth/nsynth-valid/audio/keyboard_electronic_069-079-127.wav,805,keyboard_electronic_069,4,keyboard,1,electronic,79,127,16000,distortion
-52.81919,29.097696,bass_synthetic_009-083-127,bass_synthetic_009-083-127,/root/autodl-tmp/tokenizer-eval/data/nsynth/nsynth-valid/audio/bass_synthetic_009-083-127.wav,150,bass_synthetic_009,0,bass,2,synthetic,83,127,16000,bright|distortion|long_release
-47.976357,12.664916,flute_acoustic_002-073-025,flute_acoustic_002-073-025,/root/autodl-tmp/tokenizer-eval/data/nsynth/nsynth-valid/audio/flute_acoustic_002-073-025.wav,86,flute_acoustic_002,2,flute,0,acoustic,73,25,16000,long_release|reverb
32.24023,-52.257835,guitar_acoustic_014-031-050,guitar_acoustic_014-031-050,/root/autodl-tmp/tokenizer-eval/data/nsynth/nsynth-valid/audio/guitar_acoustic_014-031-050.wav,263,guitar_acoustic_014,3,guitar,0,acoustic,31,50,16000,
49.312,-22.55514,guitar_acoustic_021-046-025,guitar_acoustic_021-046-025,/root/autodl-tmp/tokenizer-eval/data/nsynth/nsynth-valid/audio/guitar_acoustic_021-046-025.wav,457,guitar_acoustic_021,3,guitar,0,acoustic,46,25,16000,
20.411924,-2.8393934,keyboard_acoustic_004-055-050,keyboard_acoustic_004-055-050,/root/autodl-tmp/tokenizer-eval/data/nsynth/nsynth-valid/audio/keyboard_acoustic_004-055-050.wav,327,keyboard_acoustic_004,4,keyboard,0,acoustic,55,50,16000,dark|reverb
58.648262,-5.7192945,mallet_acoustic_062-039-075,mallet_acoustic_062-039-075,/root/autodl-tmp/tokenizer-eval/data/nsynth/nsynth-valid/audio/mallet_acoustic_062-039-075.wav,644,mallet_acoustic_062,5,mallet,0,acoustic,39,75,16000,dark|multiphonic
-19.118086,-29.913078,string_acoustic_057-060-050,string_acoustic_057-060-050,/root/autodl-tmp/tokenizer-eval/data/nsynth/nsynth-valid/audio/string_acoustic_057-060-050.wav,450,string_acoustic_057,8,string,0,acoustic,60,50,16000,bright|nonlinear_env|reverb
43.107315,-33.791744,guitar_acoustic_010-044-050,guitar_acoustic_010-044-050,/root/autodl-tmp/tokenizer-eval/data/nsynth/nsynth-valid/audio/guitar_acoustic_010-044-050.wav,219,guitar_acoustic_010,3,guitar,0,acoustic,44,50,16000,
10.755534,-19.684473,organ_electronic_001-061-127,organ_electronic_001-061-127,/root/autodl-tmp/tokenizer-eval/data/nsynth/nsynth-valid/audio/organ_electronic_001-061-127.wav,8,organ_electronic_001,6,organ,1,electronic,61,127,16000,dark
-38.20952,11.310864,brass_acoustic_006-062-075,brass_acoustic_006-062-075,/root/autodl-tmp/tokenizer-eval/data/nsynth/nsynth-valid/audio/brass_acoustic_006-062-075.wav,43,brass_acoustic_006,1,brass,0,acoustic,62,75,16000,reverb
25.866837,86.62354,keyboard_synthetic_000-086-025,keyboard_synthetic_000-086-025,/root/autodl-tmp/tokenizer-eval/data/nsynth/nsynth-valid/audio/keyboard_synthetic_000-086-025.wav,577,keyboard_synthetic_000,4,keyboard,2,synthetic,86,25,16000,distortion|fast_decay|nonlinear_env
18.496916,20.564249,bass_synthetic_068-072-025,bass_synthetic_068-072-025,/root/autodl-tmp/tokenizer-eval/data/nsynth/nsynth-valid/audio/bass_synthetic_068-072-025.wav,656,bass_synthetic_068,0,bass,2,synthetic,72,25,16000,
56.168407,-26.852833,organ_electronic_028-046-100,organ_electronic_028-046-100,/root/autodl-tmp/tokenizer-eval/data/nsynth/nsynth-valid/audio/organ_electronic_028-046-100.wav,440,organ_electronic_028,6,organ,1,electronic,46,100,16000,dark
-47.53692,12.864704,flute_acoustic_002-073-100,flute_acoustic_002-073-100,/root/autodl-tmp/tokenizer-eval/data/nsynth/nsynth-valid/audio/flute_acoustic_002-073-100.wav,86,flute_acoustic_002,2,flute,0,acoustic,73,100,16000,long_release|reverb
16.208693,56.97583,guitar_acoustic_021-088-050,guitar_acoustic_021-088-050,/root/autodl-tmp/tokenizer-eval/data/nsynth/nsynth-valid/audio/guitar_acoustic_021-088-050.wav,457,guitar_acoustic_021,3,guitar,0,acoustic,88,50,16000,fast_decay|percussive
-33.75792,-8.943135,flute_synthetic_000-070-075,flute_synthetic_000-070-075,/root/autodl-tmp/tokenizer-eval/data/nsynth/nsynth-valid/audio/flute_synthetic_000-070-075.wav,82,flute_synthetic_000,2,flute,2,synthetic,70,75,16000,distortion
-32.266296,-37.500786,flute_synthetic_000-063-127,flute_synthetic_000-063-127,/root/autodl-tmp/tokenizer-eval/data/nsynth/nsynth-valid/audio/flute_synthetic_000-063-127.wav,82,flute_synthetic_000,2,flute,2,synthetic,63,127,16000,distortion
-14.999635,-42.379166,reed_acoustic_037-047-127,reed_acoustic_037-047-127,/root/autodl-tmp/tokenizer-eval/data/nsynth/nsynth-valid/audio/reed_acoustic_037-047-127.wav,387,reed_acoustic_037,7,reed,0,acoustic,47,127,16000,reverb
2.4176877,-84.6853,flute_synthetic_000-056-127,flute_synthetic_000-056-127,/root/autodl-tmp/tokenizer-eval/data/nsynth/nsynth-valid/audio/flute_synthetic_000-056-127.wav,82,flute_synthetic_000,2,flute,2,synthetic,56,127,16000,distortion
19.62226,62.758095,guitar_acoustic_015-091-075,guitar_acoustic_015-091-075,/root/autodl-tmp/tokenizer-eval/data/nsynth/nsynth-valid/audio/guitar_acoustic_015-091-075.wav,316,guitar_acoustic_015,3,guitar,0,acoustic,91,75,16000,fast_decay|percussive|reverb
30.842072,1.4451425,keyboard_acoustic_004-060-050,keyboard_acoustic_004-060-050,/root/autodl-tmp/tokenizer-eval/data/nsynth/nsynth-valid/audio/keyboard_acoustic_004-060-050.wav,327,keyboard_acoustic_004,4,keyboard,0,acoustic,60,50,16000,dark|reverb
17.317518,-7.568534,bass_synthetic_033-056-100,bass_synthetic_033-056-100,/root/autodl-tmp/tokenizer-eval/data/nsynth/nsynth-valid/audio/bass_synthetic_033-056-100.wav,417,bass_synthetic_033,0,bass,2,synthetic,56,100,16000,dark
-34.202286,-58.2033,vocal_synthetic_003-048-050,vocal_synthetic_003-048-050,/root/autodl-tmp/tokenizer-eval/data/nsynth/nsynth-valid/audio/vocal_synthetic_003-048-050.wav,37,vocal_synthetic_003,10,vocal,2,synthetic,48,50,16000,distortion|long_release|nonlinear_env
1.890152,14.916876,bass_synthetic_033-071-050,bass_synthetic_033-071-050,/root/autodl-tmp/tokenizer-eval/data/nsynth/nsynth-valid/audio/bass_synthetic_033-071-050.wav,417,bass_synthetic_033,0,bass,2,synthetic,71,50,16000,
-18.508793,-20.758783,brass_acoustic_046-055-025,brass_acoustic_046-055-025,/root/autodl-tmp/tokenizer-eval/data/nsynth/nsynth-valid/audio/brass_acoustic_046-055-025.wav,414,brass_acoustic_046,1,brass,0,acoustic,55,25,16000,
10.929692,48.49634,mallet_acoustic_062-076-025,mallet_acoustic_062-076-025,/root/autodl-tmp/tokenizer-eval/data/nsynth/nsynth-valid/audio/mallet_acoustic_062-076-025.wav,644,mallet_acoustic_062,5,mallet,0,acoustic,76,25,16000,dark|fast_decay|multiphonic|percussive
-12.449898,14.449186,brass_acoustic_015-076-075,brass_acoustic_015-076-075,/root/autodl-tmp/tokenizer-eval/data/nsynth/nsynth-valid/audio/brass_acoustic_015-076-075.wav,121,brass_acoustic_015,1,brass,0,acoustic,76,75,16000,reverb
23.409275,50.037037,mallet_acoustic_047-069-100,mallet_acoustic_047-069-100,/root/autodl-tmp/tokenizer-eval/data/nsynth/nsynth-valid/audio/mallet_acoustic_047-069-100.wav,488,mallet_acoustic_047,5,mallet,0,acoustic,69,100,16000,fast_decay|percussive|reverb
38.414196,79.216576,reed_acoustic_023-065-075,reed_acoustic_023-065-075,/root/autodl-tmp/tokenizer-eval/data/nsynth/nsynth-valid/audio/reed_acoustic_023-065-075.wav,224,reed_acoustic_023,7,reed,0,acoustic,65,75,16000,bright|fast_decay|multiphonic|nonlinear_env
-21.31233,-45.779102,reed_acoustic_011-043-100,reed_acoustic_011-043-100,/root/autodl-tmp/tokenizer-eval/data/nsynth/nsynth-valid/audio/reed_acoustic_011-043-100.wav,104,reed_acoustic_011,7,reed,0,acoustic,43,100,16000,bright
46.462223,30.554258,mallet_acoustic_056-053-127,mallet_acoustic_056-053-127,/root/autodl-tmp/tokenizer-eval/data/nsynth/nsynth-valid/audio/mallet_acoustic_056-053-127.wav,590,mallet_acoustic_056,5,mallet,0,acoustic,53,127,16000,bright|fast_decay|percussive
1.3878938,34.650154,mallet_acoustic_056-080-127,mallet_acoustic_056-080-127,/root/autodl-tmp/tokenizer-eval/data/nsynth/nsynth-valid/audio/mallet_acoustic_056-080-127.wav,590,mallet_acoustic_056,5,mallet,0,acoustic,80,127,16000,fast_decay
25.654402,-79.23085,flute_synthetic_000-043-100,flute_synthetic_000-043-100,/root/autodl-tmp/tokenizer-eval/data/nsynth/nsynth-valid/audio/flute_synthetic_000-043-100.wav,82,flute_synthetic_000,2,flute,2,synthetic,43,100,16000,distortion
34.939693,15.425807,mallet_acoustic_062-063-050,mallet_acoustic_062-063-050,/root/autodl-tmp/tokenizer-eval/data/nsynth/nsynth-valid/audio/mallet_acoustic_062-063-050.wav,644,mallet_acoustic_062,5,mallet,0,acoustic,63,50,16000,dark|fast_decay|multiphonic
5.8736467,-25.9149,organ_electronic_113-057-050,organ_electronic_113-057-050,/root/autodl-tmp/tokenizer-eval/data/nsynth/nsynth-valid/audio/organ_electronic_113-057-050.wav,958,organ_electronic_113,6,organ,1,electronic,57,50,16000,dark
-5.5853333,-28.340422,brass_acoustic_015-056-100,brass_acoustic_015-056-100,/root/autodl-tmp/tokenizer-eval/data/nsynth/nsynth-valid/audio/brass_acoustic_015-056-100.wav,121,brass_acoustic_015,1,brass,0,acoustic,56,100,16000,reverb
43.18845,12.893043,string_acoustic_056-065-075,string_acoustic_056-065-075,/root/autodl-tmp/tokenizer-eval/data/nsynth/nsynth-valid/audio/string_acoustic_056-065-075.wav,436,string_acoustic_056,8,string,0,acoustic,65,75,16000,fast_decay|reverb
-1.8883212,-8.037246,organ_electronic_028-063-075,organ_electronic_028-063-075,/root/autodl-tmp/tokenizer-eval/data/nsynth/nsynth-valid/audio/organ_electronic_028-063-075.wav,440,organ_electronic_028,6,organ,1,electronic,63,75,16000,dark
23.731358,85.611946,keyboard_synthetic_000-080-075,keyboard_synthetic_000-080-075,/root/autodl-tmp/tokenizer-eval/data/nsynth/nsynth-valid/audio/keyboard_synthetic_000-080-075.wav,577,keyboard_synthetic_000,4,keyboard,2,synthetic,80,75,16000,bright|distortion|fast_decay|nonlinear_env
-30.283897,5.1184554,flute_synthetic_000-079-050,flute_synthetic_000-079-050,/root/autodl-tmp/tokenizer-eval/data/nsynth/nsynth-valid/audio/flute_synthetic_000-079-050.wav,82,flute_synthetic_000,2,flute,2,synthetic,79,50,16000,distortion
56.112103,6.051783,keyboard_acoustic_004-080-050,keyboard_acoustic_004-080-050,/root/autodl-tmp/tokenizer-eval/data/nsynth/nsynth-valid/audio/keyboard_acoustic_004-080-050.wav,327,keyboard_acoustic_004,4,keyboard,0,acoustic,80,50,16000,dark|reverb
2.3550668,32.523647,guitar_acoustic_015-079-127,guitar_acoustic_015-079-127,/root/autodl-tmp/tokenizer-eval/data/nsynth/nsynth-valid/audio/guitar_acoustic_015-079-127.wav,316,guitar_acoustic_015,3,guitar,0,acoustic,79,127,16000,fast_decay|reverb
16.40389,54.618565,guitar_acoustic_015-084-100,guitar_acoustic_015-084-100,/root/autodl-tmp/tokenizer-eval/data/nsynth/nsynth-valid/audio/guitar_acoustic_015-084-100.wav,316,guitar_acoustic_015,3,guitar,0,acoustic,84,100,16000,fast_decay|percussive|reverb
-50.95378,7.1836896,reed_acoustic_011-072-050,reed_acoustic_011-072-050,/root/autodl-tmp/tokenizer-eval/data/nsynth/nsynth-valid/audio/reed_acoustic_011-072-050.wav,104,reed_acoustic_011,7,reed,0,acoustic,72,50,16000,
-26.79206,27.184662,brass_acoustic_016-086-050,brass_acoustic_016-086-050,/root/autodl-tmp/tokenizer-eval/data/nsynth/nsynth-valid/audio/brass_acoustic_016-086-050.wav,128,brass_acoustic_016,1,brass,0,acoustic,86,50,16000,
-66.33475,28.682896,vocal_synthetic_003-087-050,vocal_synthetic_003-087-050,/root/autodl-tmp/tokenizer-eval/data/nsynth/nsynth-valid/audio/vocal_synthetic_003-087-050.wav,37,vocal_synthetic_003,10,vocal,2,synthetic,87,50,16000,bright|distortion|long_release|nonlinear_env
-49.836956,7.878623,flute_acoustic_002-072-075,flute_acoustic_002-072-075,/root/autodl-tmp/tokenizer-eval/data/nsynth/nsynth-valid/audio/flute_acoustic_002-072-075.wav,86,flute_acoustic_002,2,flute,0,acoustic,72,75,16000,long_release|reverb
52.600315,10.956264,string_acoustic_014-060-100,string_acoustic_014-060-100,/root/autodl-tmp/tokenizer-eval/data/nsynth/nsynth-valid/audio/string_acoustic_014-060-100.wav,100,string_acoustic_014,8,string,0,acoustic,60,100,16000,dark|reverb
27.942268,-43.660828,organ_electronic_007-033-050,organ_electronic_007-033-050,/root/autodl-tmp/tokenizer-eval/data/nsynth/nsynth-valid/audio/organ_electronic_007-033-050.wav,123,organ_electronic_007,6,organ,1,electronic,33,50,16000,distortion|long_release|nonlinear_env
2.5097127,40.849598,guitar_acoustic_030-070-075,guitar_acoustic_030-070-075,/root/autodl-tmp/tokenizer-eval/data/nsynth/nsynth-valid/audio/guitar_acoustic_030-070-075.wav,642,guitar_acoustic_030,3,guitar,0,acoustic,70,75,16000,fast_decay|tempo-synced
38.66645,2.444682,string_acoustic_014-058-127,string_acoustic_014-058-127,/root/autodl-tmp/tokenizer-eval/data/nsynth/nsynth-valid/audio/string_acoustic_014-058-127.wav,100,string_acoustic_014,8,string,0,acoustic,58,127,16000,dark|reverb
-45.330666,18.631805,organ_electronic_104-073-127,organ_electronic_104-073-127,/root/autodl-tmp/tokenizer-eval/data/nsynth/nsynth-valid/audio/organ_electronic_104-073-127.wav,921,organ_electronic_104,6,organ,1,electronic,73,127,16000,
-15.568859,-18.144196,reed_acoustic_018-053-127,reed_acoustic_018-053-127,/root/autodl-tmp/tokenizer-eval/data/nsynth/nsynth-valid/audio/reed_acoustic_018-053-127.wav,183,reed_acoustic_018,7,reed,0,acoustic,53,127,16000,
29.767616,91.07272,reed_acoustic_023-080-025,reed_acoustic_023-080-025,/root/autodl-tmp/tokenizer-eval/data/nsynth/nsynth-valid/audio/reed_acoustic_023-080-025.wav,224,reed_acoustic_023,7,reed,0,acoustic,80,25,16000,bright|fast_decay|multiphonic|nonlinear_env
-23.586512,-71.513596,vocal_synthetic_003-032-075,vocal_synthetic_003-032-075,/root/autodl-tmp/tokenizer-eval/data/nsynth/nsynth-valid/audio/vocal_synthetic_003-032-075.wav,37,vocal_synthetic_003,10,vocal,2,synthetic,32,75,16000,distortion|long_release|nonlinear_env
33.24284,-39.546894,keyboard_electronic_003-035-100,keyboard_electronic_003-035-100,/root/autodl-tmp/tokenizer-eval/data/nsynth/nsynth-valid/audio/keyboard_electronic_003-035-100.wav,65,keyboard_electronic_003,4,keyboard,1,electronic,35,100,16000,distortion
17.817633,7.9141827,guitar_acoustic_015-069-127,guitar_acoustic_015-069-127,/root/autodl-tmp/tokenizer-eval/data/nsynth/nsynth-valid/audio/guitar_acoustic_015-069-127.wav,316,guitar_acoustic_015,3,guitar,0,acoustic,69,127,16000,reverb
4.9513526,-8.6674185,keyboard_electronic_003-062-075,keyboard_electronic_003-062-075,/root/autodl-tmp/tokenizer-eval/data/nsynth/nsynth-valid/audio/keyboard_electronic_003-062-075.wav,65,keyboard_electronic_003,4,keyboard,1,electronic,62,75,16000,
26.82456,88.98689,reed_acoustic_023-085-050,reed_acoustic_023-085-050,/root/autodl-tmp/tokenizer-eval/data/nsynth/nsynth-valid/audio/reed_acoustic_023-085-050.wav,224,reed_acoustic_023,7,reed,0,acoustic,85,50,16000,bright|fast_decay|multiphonic|nonlinear_env
-12.649218,-30.117645,brass_acoustic_015-059-100,brass_acoustic_015-059-100,/root/autodl-tmp/tokenizer-eval/data/nsynth/nsynth-valid/audio/brass_acoustic_015-059-100.wav,121,brass_acoustic_015,1,brass,0,acoustic,59,100,16000,reverb
20.829657,19.472076,keyboard_electronic_003-071-025,keyboard_electronic_003-071-025,/root/autodl-tmp/tokenizer-eval/data/nsynth/nsynth-valid/audio/keyboard_electronic_003-071-025.wav,65,keyboard_electronic_003,4,keyboard,1,electronic,71,25,16000,
56.107815,2.671558,string_acoustic_014-047-100,string_acoustic_014-047-100,/root/autodl-tmp/tokenizer-eval/data/nsynth/nsynth-valid/audio/string_acoustic_014-047-100.wav,100,string_acoustic_014,8,string,0,acoustic,47,100,16000,dark|fast_decay|reverb
-24.523748,54.94466,string_acoustic_057-088-075,string_acoustic_057-088-075,/root/autodl-tmp/tokenizer-eval/data/nsynth/nsynth-valid/audio/string_acoustic_057-088-075.wav,450,string_acoustic_057,8,string,0,acoustic,88,75,16000,nonlinear_env|reverb
-28.99426,-61.746693,vocal_synthetic_003-042-025,vocal_synthetic_003-042-025,/root/autodl-tmp/tokenizer-eval/data/nsynth/nsynth-valid/audio/vocal_synthetic_003-042-025.wav,37,vocal_synthetic_003,10,vocal,2,synthetic,42,25,16000,distortion|long_release|nonlinear_env
24.177143,-79.604744,flute_synthetic_000-044-100,flute_synthetic_000-044-100,/root/autodl-tmp/tokenizer-eval/data/nsynth/nsynth-valid/audio/flute_synthetic_000-044-100.wav,82,flute_synthetic_000,2,flute,2,synthetic,44,100,16000,distortion
4.9938383,1.7281767,keyboard_electronic_078-065-050,keyboard_electronic_078-065-050,/root/autodl-tmp/tokenizer-eval/data/nsynth/nsynth-valid/audio/keyboard_electronic_078-065-050.wav,838,keyboard_electronic_078,4,keyboard,1,electronic,65,50,16000,bright
-13.916655,-4.8662963,brass_acoustic_016-061-127,brass_acoustic_016-061-127,/root/autodl-tmp/tokenizer-eval/data/nsynth/nsynth-valid/audio/brass_acoustic_016-061-127.wav,128,brass_acoustic_016,1,brass,0,acoustic,61,127,16000,bright
-3.8140442,-84.821686,flute_synthetic_000-059-050,flute_synthetic_000-059-050,/root/autodl-tmp/tokenizer-eval/data/nsynth/nsynth-valid/audio/flute_synthetic_000-059-050.wav,82,flute_synthetic_000,2,flute,2,synthetic,59,50,16000,distortion
8.612841,78.58642,reed_acoustic_023-092-050,reed_acoustic_023-092-050,/root/autodl-tmp/tokenizer-eval/data/nsynth/nsynth-valid/audio/reed_acoustic_023-092-050.wav,224,reed_acoustic_023,7,reed,0,acoustic,92,50,16000,fast_decay|multiphonic|nonlinear_env
-9.195133,-33.994656,brass_acoustic_015-047-025,brass_acoustic_015-047-025,/root/autodl-tmp/tokenizer-eval/data/nsynth/nsynth-valid/audio/brass_acoustic_015-047-025.wav,121,brass_acoustic_015,1,brass,0,acoustic,47,25,16000,reverb
-45.6287,32.128025,organ_electronic_113-078-075,organ_electronic_113-078-075,/root/autodl-tmp/tokenizer-eval/data/nsynth/nsynth-valid/audio/organ_electronic_113-078-075.wav,958,organ_electronic_113,6,organ,1,electronic,78,75,16000,
-72.42273,22.703604,vocal_synthetic_003-077-127,vocal_synthetic_003-077-127,/root/autodl-tmp/tokenizer-eval/data/nsynth/nsynth-valid/audio/vocal_synthetic_003-077-127.wav,37,vocal_synthetic_003,10,vocal,2,synthetic,77,127,16000,bright|distortion|long_release|nonlinear_env
1.7750381,39.59481,guitar_acoustic_014-082-127,guitar_acoustic_014-082-127,/root/autodl-tmp/tokenizer-eval/data/nsynth/nsynth-valid/audio/guitar_acoustic_014-082-127.wav,263,guitar_acoustic_014,3,guitar,0,acoustic,82,127,16000,fast_decay
30.262272,-19.528671,bass_electronic_018-053-050,bass_electronic_018-053-050,/root/autodl-tmp/tokenizer-eval/data/nsynth/nsynth-valid/audio/bass_electronic_018-053-050.wav,759,bass_electronic_018,0,bass,1,electronic,53,50,16000,
51.062725,-47.82336,bass_synthetic_135-037-025,bass_synthetic_135-037-025,/root/autodl-tmp/tokenizer-eval/data/nsynth/nsynth-valid/audio/bass_synthetic_135-037-025.wav,927,bass_synthetic_135,0,bass,2,synthetic,37,25,16000,distortion
-51.25722,-7.535651,organ_electronic_113-069-050,organ_electronic_113-069-050,/root/autodl-tmp/tokenizer-eval/data/nsynth/nsynth-valid/audio/organ_electronic_113-069-050.wav,958,organ_electronic_113,6,organ,1,electronic,69,50,16000,
34.609783,-63.894596,flute_synthetic_000-032-025,flute_synthetic_000-032-025,/root/autodl-tmp/tokenizer-eval/data/nsynth/nsynth-valid/audio/flute_synthetic_000-032-025.wav,82,flute_synthetic_000,2,flute,2,synthetic,32,25,16000,distortion
35.925026,-5.9569125,mallet_acoustic_062-055-100,mallet_acoustic_062-055-100,/root/autodl-tmp/tokenizer-eval/data/nsynth/nsynth-valid/audio/mallet_acoustic_062-055-100.wav,644,mallet_acoustic_062,5,mallet,0,acoustic,55,100,16000,dark|multiphonic
51.98148,-46.646248,bass_synthetic_135-034-127,bass_synthetic_135-034-127,/root/autodl-tmp/tokenizer-eval/data/nsynth/nsynth-valid/audio/bass_synthetic_135-034-127.wav,927,bass_synthetic_135,0,bass,2,synthetic,34,127,16000,distortion
-41.317192,45.771904,flute_synthetic_000-094-127,flute_synthetic_000-094-127,/root/autodl-tmp/tokenizer-eval/data/nsynth/nsynth-valid/audio/flute_synthetic_000-094-127.wav,82,flute_synthetic_000,2,flute,2,synthetic,94,127,16000,distortion
-46.67376,2.7623265,brass_acoustic_006-071-100,brass_acoustic_006-071-100,/root/autodl-tmp/tokenizer-eval/data/nsynth/nsynth-valid/audio/brass_acoustic_006-071-100.wav,43,brass_acoustic_006,1,brass,0,acoustic,71,100,16000,reverb
29.26683,3.2179666,organ_electronic_028-060-050,organ_electronic_028-060-050,/root/autodl-tmp/tokenizer-eval/data/nsynth/nsynth-valid/audio/organ_electronic_028-060-050.wav,440,organ_electronic_028,6,organ,1,electronic,60,50,16000,dark
34.563175,21.284487,mallet_acoustic_056-075-127,mallet_acoustic_056-075-127,/root/autodl-tmp/tokenizer-eval/data/nsynth/nsynth-valid/audio/mallet_acoustic_056-075-127.wav,590,mallet_acoustic_056,5,mallet,0,acoustic,75,127,16000,fast_decay
-39.51872,59.15071,organ_electronic_007-092-075,organ_electronic_007-092-075,/root/autodl-tmp/tokenizer-eval/data/nsynth/nsynth-valid/audio/organ_electronic_007-092-075.wav,123,organ_electronic_007,6,organ,1,electronic,92,75,16000,long_release|nonlinear_env
-45.830627,-26.227701,reed_acoustic_018-067-127,reed_acoustic_018-067-127,/root/autodl-tmp/tokenizer-eval/data/nsynth/nsynth-valid/audio/reed_acoustic_018-067-127.wav,183,reed_acoustic_018,7,reed,0,acoustic,67,127,16000,
27.429495,44.260864,string_acoustic_056-069-075,string_acoustic_056-069-075,/root/autodl-tmp/tokenizer-eval/data/nsynth/nsynth-valid/audio/string_acoustic_056-069-075.wav,436,string_acoustic_056,8,string,0,acoustic,69,75,16000,fast_decay|percussive|reverb
3.854895,54.66295,bass_synthetic_068-089-127,bass_synthetic_068-089-127,/root/autodl-tmp/tokenizer-eval/data/nsynth/nsynth-valid/audio/bass_synthetic_068-089-127.wav,656,bass_synthetic_068,0,bass,2,synthetic,89,127,16000,fast_decay
-61.927704,42.913307,vocal_synthetic_003-094-100,vocal_synthetic_003-094-100,/root/autodl-tmp/tokenizer-eval/data/nsynth/nsynth-valid/audio/vocal_synthetic_003-094-100.wav,37,vocal_synthetic_003,10,vocal,2,synthetic,94,100,16000,bright|distortion|long_release|nonlinear_env
-22.237331,-44.48613,reed_acoustic_011-047-075,reed_acoustic_011-047-075,/root/autodl-tmp/tokenizer-eval/data/nsynth/nsynth-valid/audio/reed_acoustic_011-047-075.wav,104,reed_acoustic_011,7,reed,0,acoustic,47,75,16000,
15.153462,-31.171469,organ_electronic_113-042-100,organ_electronic_113-042-100,/root/autodl-tmp/tokenizer-eval/data/nsynth/nsynth-valid/audio/organ_electronic_113-042-100.wav,958,organ_electronic_113,6,organ,1,electronic,42,100,16000,dark
-42.20822,-2.5525882,reed_acoustic_011-070-127,reed_acoustic_011-070-127,/root/autodl-tmp/tokenizer-eval/data/nsynth/nsynth-valid/audio/reed_acoustic_011-070-127.wav,104,reed_acoustic_011,7,reed,0,acoustic,70,127,16000,
-22.167562,-71.310646,vocal_synthetic_003-031-050,vocal_synthetic_003-031-050,/root/autodl-tmp/tokenizer-eval/data/nsynth/nsynth-valid/audio/vocal_synthetic_003-031-050.wav,37,vocal_synthetic_003,10,vocal,2,synthetic,31,50,16000,distortion|long_release|nonlinear_env
28.902155,47.151447,mallet_acoustic_047-071-075,mallet_acoustic_047-071-075,/root/autodl-tmp/tokenizer-eval/data/nsynth/nsynth-valid/audio/mallet_acoustic_047-071-075.wav,488,mallet_acoustic_047,5,mallet,0,acoustic,71,75,16000,fast_decay|percussive|reverb
30.084589,93.17702,reed_acoustic_023-076-100,reed_acoustic_023-076-100,/root/autodl-tmp/tokenizer-eval/data/nsynth/nsynth-valid/audio/reed_acoustic_023-076-100.wav,224,reed_acoustic_023,7,reed,0,acoustic,76,100,16000,bright|fast_decay|multiphonic|nonlinear_env
17.17862,57.87357,guitar_acoustic_021-090-100,guitar_acoustic_021-090-100,/root/autodl-tmp/tokenizer-eval/data/nsynth/nsynth-valid/audio/guitar_acoustic_021-090-100.wav,457,guitar_acoustic_021,3,guitar,0,acoustic,90,100,16000,fast_decay|percussive
-21.952305,-27.399645,string_acoustic_057-062-075,string_acoustic_057-062-075,/root/autodl-tmp/tokenizer-eval/data/nsynth/nsynth-valid/audio/string_acoustic_057-062-075.wav,450,string_acoustic_057,8,string,0,acoustic,62,75,16000,bright|nonlinear_env|reverb
-25.425638,-65.0242,vocal_synthetic_003-036-050,vocal_synthetic_003-036-050,/root/autodl-tmp/tokenizer-eval/data/nsynth/nsynth-valid/audio/vocal_synthetic_003-036-050.wav,37,vocal_synthetic_003,10,vocal,2,synthetic,36,50,16000,distortion|long_release|nonlinear_env
-13.735944,14.45789,string_acoustic_057-076-050,string_acoustic_057-076-050,/root/autodl-tmp/tokenizer-eval/data/nsynth/nsynth-valid/audio/string_acoustic_057-076-050.wav,450,string_acoustic_057,8,string,0,acoustic,76,50,16000,bright|nonlinear_env|reverb
-60.712677,4.205794,vocal_synthetic_003-070-025,vocal_synthetic_003-070-025,/root/autodl-tmp/tokenizer-eval/data/nsynth/nsynth-valid/audio/vocal_synthetic_003-070-025.wav,37,vocal_synthetic_003,10,vocal,2,synthetic,70,25,16000,bright|distortion|long_release|nonlinear_env
-50.997536,7.0690165,reed_acoustic_011-072-025,reed_acoustic_011-072-025,/root/autodl-tmp/tokenizer-eval/data/nsynth/nsynth-valid/audio/reed_acoustic_011-072-025.wav,104,reed_acoustic_011,7,reed,0,acoustic,72,25,16000,
-5.6102395,40.226124,keyboard_electronic_078-083-050,keyboard_electronic_078-083-050,/root/autodl-tmp/tokenizer-eval/data/nsynth/nsynth-valid/audio/keyboard_electronic_078-083-050.wav,838,keyboard_electronic_078,4,keyboard,1,electronic,83,50,16000,bright
-11.135154,-8.145166,reed_acoustic_011-061-075,reed_acoustic_011-061-075,/root/autodl-tmp/tokenizer-eval/data/nsynth/nsynth-valid/audio/reed_acoustic_011-061-075.wav,104,reed_acoustic_011,7,reed,0,acoustic,61,75,16000,
48.853985,-9.412262,mallet_acoustic_062-047-100,mallet_acoustic_062-047-100,/root/autodl-tmp/tokenizer-eval/data/nsynth/nsynth-valid/audio/mallet_acoustic_062-047-100.wav,644,mallet_acoustic_062,5,mallet,0,acoustic,47,100,16000,dark|long_release|multiphonic
-6.2230167,0.70678765,brass_acoustic_059-063-127,brass_acoustic_059-063-127,/root/autodl-tmp/tokenizer-eval/data/nsynth/nsynth-valid/audio/brass_acoustic_059-063-127.wav,572,brass_acoustic_059,1,brass,0,acoustic,63,127,16000,reverb
-40.709618,-24.597816,vocal_acoustic_000-067-050,vocal_acoustic_000-067-050,/root/autodl-tmp/tokenizer-eval/data/nsynth/nsynth-valid/audio/vocal_acoustic_000-067-050.wav,46,vocal_acoustic_000,10,vocal,0,acoustic,67,50,16000,reverb
38.414074,79.21646,reed_acoustic_023-065-100,reed_acoustic_023-065-100,/root/autodl-tmp/tokenizer-eval/data/nsynth/nsynth-valid/audio/reed_acoustic_023-065-100.wav,224,reed_acoustic_023,7,reed,0,acoustic,65,100,16000,bright|fast_decay|multiphonic|nonlinear_env
-38.041496,-57.552105,vocal_synthetic_003-050-127,vocal_synthetic_003-050-127,/root/autodl-tmp/tokenizer-eval/data/nsynth/nsynth-valid/audio/vocal_synthetic_003-050-127.wav,37,vocal_synthetic_003,10,vocal,2,synthetic,50,127,16000,bright|distortion|long_release|nonlinear_env
36.472622,-4.671888,mallet_acoustic_062-056-075,mallet_acoustic_062-056-075,/root/autodl-tmp/tokenizer-eval/data/nsynth/nsynth-valid/audio/mallet_acoustic_062-056-075.wav,644,mallet_acoustic_062,5,mallet,0,acoustic,56,75,16000,dark|multiphonic
7.686371,-83.404236,flute_synthetic_000-053-075,flute_synthetic_000-053-075,/root/autodl-tmp/tokenizer-eval/data/nsynth/nsynth-valid/audio/flute_synthetic_000-053-075.wav,82,flute_synthetic_000,2,flute,2,synthetic,53,75,16000,distortion
25.564146,-55.814697,string_acoustic_080-038-100,string_acoustic_080-038-100,/root/autodl-tmp/tokenizer-eval/data/nsynth/nsynth-valid/audio/string_acoustic_080-038-100.wav,675,string_acoustic_080,8,string,0,acoustic,38,100,16000,long_release|reverb
29.593842,-15.103457,bass_synthetic_135-056-050,bass_synthetic_135-056-050,/root/autodl-tmp/tokenizer-eval/data/nsynth/nsynth-valid/audio/bass_synthetic_135-056-050.wav,927,bass_synthetic_135,0,bass,2,synthetic,56,50,16000,distortion
40.228855,48.64198,keyboard_electronic_001-096-075,keyboard_electronic_001-096-075,/root/autodl-tmp/tokenizer-eval/data/nsynth/nsynth-valid/audio/keyboard_electronic_001-096-075.wav,40,keyboard_electronic_001,4,keyboard,1,electronic,96,75,16000,
-2.7470987,43.83942,bass_synthetic_068-084-075,bass_synthetic_068-084-075,/root/autodl-tmp/tokenizer-eval/data/nsynth/nsynth-valid/audio/bass_synthetic_068-084-075.wav,656,bass_synthetic_068,0,bass,2,synthetic,84,75,16000,fast_decay
28.783026,43.061054,string_acoustic_056-069-127,string_acoustic_056-069-127,/root/autodl-tmp/tokenizer-eval/data/nsynth/nsynth-valid/audio/string_acoustic_056-069-127.wav,436,string_acoustic_056,8,string,0,acoustic,69,127,16000,fast_decay|percussive|reverb
-46.762283,34.02147,organ_electronic_104-078-025,organ_electronic_104-078-025,/root/autodl-tmp/tokenizer-eval/data/nsynth/nsynth-valid/audio/organ_electronic_104-078-025.wav,921,organ_electronic_104,6,organ,1,electronic,78,25,16000,
4.2712083,28.065199,guitar_acoustic_015-077-025,guitar_acoustic_015-077-025,/root/autodl-tmp/tokenizer-eval/data/nsynth/nsynth-valid/audio/guitar_acoustic_015-077-025.wav,316,guitar_acoustic_015,3,guitar,0,acoustic,77,25,16000,fast_decay|reverb
-64.640854,38.17002,vocal_synthetic_003-083-127,vocal_synthetic_003-083-127,/root/autodl-tmp/tokenizer-eval/data/nsynth/nsynth-valid/audio/vocal_synthetic_003-083-127.wav,37,vocal_synthetic_003,10,vocal,2,synthetic,83,127,16000,bright|distortion|long_release|nonlinear_env
4.862827,-7.7880564,keyboard_electronic_098-062-025,keyboard_electronic_098-062-025,/root/autodl-tmp/tokenizer-eval/data/nsynth/nsynth-valid/audio/keyboard_electronic_098-062-025.wav,905,keyboard_electronic_098,4,keyboard,1,electronic,62,25,16000,dark
18.943943,17.525,guitar_electronic_022-071-075,guitar_electronic_022-071-075,/root/autodl-tmp/tokenizer-eval/data/nsynth/nsynth-valid/audio/guitar_electronic_022-071-075.wav,378,guitar_electronic_022,3,guitar,1,electronic,71,75,16000,
-29.478193,-20.413027,string_acoustic_057-066-127,string_acoustic_057-066-127,/root/autodl-tmp/tokenizer-eval/data/nsynth/nsynth-valid/audio/string_acoustic_057-066-127.wav,450,string_acoustic_057,8,string,0,acoustic,66,127,16000,bright|nonlinear_env|reverb
12.913321,-31.46689,organ_electronic_104-034-025,organ_electronic_104-034-025,/root/autodl-tmp/tokenizer-eval/data/nsynth/nsynth-valid/audio/organ_electronic_104-034-025.wav,921,organ_electronic_104,6,organ,1,electronic,34,25,16000,
2.2030194,37.826653,bass_synthetic_068-081-075,bass_synthetic_068-081-075,/root/autodl-tmp/tokenizer-eval/data/nsynth/nsynth-valid/audio/bass_synthetic_068-081-075.wav,656,bass_synthetic_068,0,bass,2,synthetic,81,75,16000,fast_decay
12.982809,-82.04491,flute_synthetic_000-050-075,flute_synthetic_000-050-075,/root/autodl-tmp/tokenizer-eval/data/nsynth/nsynth-valid/audio/flute_synthetic_000-050-075.wav,82,flute_synthetic_000,2,flute,2,synthetic,50,75,16000,distortion
-39.74691,-6.173258,brass_acoustic_015-070-075,brass_acoustic_015-070-075,/root/autodl-tmp/tokenizer-eval/data/nsynth/nsynth-valid/audio/brass_acoustic_015-070-075.wav,121,brass_acoustic_015,1,brass,0,acoustic,70,75,16000,reverb
13.133903,10.49621,guitar_acoustic_010-070-100,guitar_acoustic_010-070-100,/root/autodl-tmp/tokenizer-eval/data/nsynth/nsynth-valid/audio/guitar_acoustic_010-070-100.wav,219,guitar_acoustic_010,3,guitar,0,acoustic,70,100,16000,
3.4137783,-10.437469,bass_synthetic_135-061-127,bass_synthetic_135-061-127,/root/autodl-tmp/tokenizer-eval/data/nsynth/nsynth-valid/audio/bass_synthetic_135-061-127.wav,927,bass_synthetic_135,0,bass,2,synthetic,61,127,16000,distortion
-28.847965,-26.609028,vocal_acoustic_000-062-050,vocal_acoustic_000-062-050,/root/autodl-tmp/tokenizer-eval/data/nsynth/nsynth-valid/audio/vocal_acoustic_000-062-050.wav,46,vocal_acoustic_000,10,vocal,0,acoustic,62,50,16000,reverb
-34.583588,-32.28411,flute_synthetic_000-066-127,flute_synthetic_000-066-127,/root/autodl-tmp/tokenizer-eval/data/nsynth/nsynth-valid/audio/flute_synthetic_000-066-127.wav,82,flute_synthetic_000,2,flute,2,synthetic,66,127,16000,distortion
34.539078,21.2882,mallet_acoustic_056-075-100,mallet_acoustic_056-075-100,/root/autodl-tmp/tokenizer-eval/data/nsynth/nsynth-valid/audio/mallet_acoustic_056-075-100.wav,590,mallet_acoustic_056,5,mallet,0,acoustic,75,100,16000,fast_decay
-69.251015,29.801395,vocal_synthetic_003-088-075,vocal_synthetic_003-088-075,/root/autodl-tmp/tokenizer-eval/data/nsynth/nsynth-valid/audio/vocal_synthetic_003-088-075.wav,37,vocal_synthetic_003,10,vocal,2,synthetic,88,75,16000,long_release|nonlinear_env
-72.40974,22.419992,vocal_synthetic_003-077-100,vocal_synthetic_003-077-100,/root/autodl-tmp/tokenizer-eval/data/nsynth/nsynth-valid/audio/vocal_synthetic_003-077-100.wav,37,vocal_synthetic_003,10,vocal,2,synthetic,77,100,16000,bright|distortion|long_release|nonlinear_env
46.87966,8.478005,string_acoustic_014-060-127,string_acoustic_014-060-127,/root/autodl-tmp/tokenizer-eval/data/nsynth/nsynth-valid/audio/string_acoustic_014-060-127.wav,100,string_acoustic_014,8,string,0,acoustic,60,127,16000,dark|percussive|reverb
-27.081762,27.902233,brass_acoustic_016-085-100,brass_acoustic_016-085-100,/root/autodl-tmp/tokenizer-eval/data/nsynth/nsynth-valid/audio/brass_acoustic_016-085-100.wav,128,brass_acoustic_016,1,brass,0,acoustic,85,100,16000,bright
5.3578715,-12.819465,bass_synthetic_034-060-025,bass_synthetic_034-060-025,/root/autodl-tmp/tokenizer-eval/data/nsynth/nsynth-valid/audio/bass_synthetic_034-060-025.wav,420,bass_synthetic_034,0,bass,2,synthetic,60,25,16000,distortion|tempo-synced
-5.5853353,-28.340427,brass_acoustic_015-056-127,brass_acoustic_015-056-127,/root/autodl-tmp/tokenizer-eval/data/nsynth/nsynth-valid/audio/brass_acoustic_015-056-127.wav,121,brass_acoustic_015,1,brass,0,acoustic,56,127,16000,reverb
-43.807564,-28.014427,organ_electronic_007-055-100,organ_electronic_007-055-100,/root/autodl-tmp/tokenizer-eval/data/nsynth/nsynth-valid/audio/organ_electronic_007-055-100.wav,123,organ_electronic_007,6,organ,1,electronic,55,100,16000,distortion|long_release|nonlinear_env
41.2132,-41.744804,keyboard_electronic_069-046-075,keyboard_electronic_069-046-075,/root/autodl-tmp/tokenizer-eval/data/nsynth/nsynth-valid/audio/keyboard_electronic_069-046-075.wav,805,keyboard_electronic_069,4,keyboard,1,electronic,46,75,16000,distortion
24.067533,-55.233044,string_acoustic_012-039-100,string_acoustic_012-039-100,/root/autodl-tmp/tokenizer-eval/data/nsynth/nsynth-valid/audio/string_acoustic_012-039-100.wav,97,string_acoustic_012,8,string,0,acoustic,39,100,16000,long_release|reverb
64.3355,-4.4683714,mallet_acoustic_062-033-075,mallet_acoustic_062-033-075,/root/autodl-tmp/tokenizer-eval/data/nsynth/nsynth-valid/audio/mallet_acoustic_062-033-075.wav,644,mallet_acoustic_062,5,mallet,0,acoustic,33,75,16000,dark|multiphonic
-43.898884,40.02556,organ_electronic_057-084-075,organ_electronic_057-084-075,/root/autodl-tmp/tokenizer-eval/data/nsynth/nsynth-valid/audio/organ_electronic_057-084-075.wav,701,organ_electronic_057,6,organ,1,electronic,84,75,16000,
-8.758156,-33.133564,brass_acoustic_015-046-127,brass_acoustic_015-046-127,/root/autodl-tmp/tokenizer-eval/data/nsynth/nsynth-valid/audio/brass_acoustic_015-046-127.wav,121,brass_acoustic_015,1,brass,0,acoustic,46,127,16000,reverb
53.219955,-7.579587,mallet_acoustic_062-044-050,mallet_acoustic_062-044-050,/root/autodl-tmp/tokenizer-eval/data/nsynth/nsynth-valid/audio/mallet_acoustic_062-044-050.wav,644,mallet_acoustic_062,5,mallet,0,acoustic,44,50,16000,dark|multiphonic
34.160797,-72.40201,flute_synthetic_000-037-025,flute_synthetic_000-037-025,/root/autodl-tmp/tokenizer-eval/data/nsynth/nsynth-valid/audio/flute_synthetic_000-037-025.wav,82,flute_synthetic_000,2,flute,2,synthetic,37,25,16000,distortion
9.196964,-2.963967,bass_synthetic_135-066-025,bass_synthetic_135-066-025,/root/autodl-tmp/tokenizer-eval/data/nsynth/nsynth-valid/audio/bass_synthetic_135-066-025.wav,927,bass_synthetic_135,0,bass,2,synthetic,66,25,16000,distortion
-2.5054946,51.532013,mallet_acoustic_062-087-100,mallet_acoustic_062-087-100,/root/autodl-tmp/tokenizer-eval/data/nsynth/nsynth-valid/audio/mallet_acoustic_062-087-100.wav,644,mallet_acoustic_062,5,mallet,0,acoustic,87,100,16000,multiphonic
29.86126,93.13681,reed_acoustic_023-076-025,reed_acoustic_023-076-025,/root/autodl-tmp/tokenizer-eval/data/nsynth/nsynth-valid/audio/reed_acoustic_023-076-025.wav,224,reed_acoustic_023,7,reed,0,acoustic,76,25,16000,bright|fast_decay|multiphonic|nonlinear_env
-25.53155,1.7209717,flute_synthetic_000-076-075,flute_synthetic_000-076-075,/root/autodl-tmp/tokenizer-eval/data/nsynth/nsynth-valid/audio/flute_synthetic_000-076-075.wav,82,flute_synthetic_000,2,flute,2,synthetic,76,75,16000,distortion
-16.456226,-49.186348,brass_acoustic_059-051-100,brass_acoustic_059-051-100,/root/autodl-tmp/tokenizer-eval/data/nsynth/nsynth-valid/audio/brass_acoustic_059-051-100.wav,572,brass_acoustic_059,1,brass,0,acoustic,51,100,16000,reverb
64.95298,-11.116764,bass_synthetic_033-033-025,bass_synthetic_033-033-025,/root/autodl-tmp/tokenizer-eval/data/nsynth/nsynth-valid/audio/bass_synthetic_033-033-025.wav,417,bass_synthetic_033,0,bass,2,synthetic,33,25,16000,dark
-63.491013,12.691344,vocal_synthetic_003-073-025,vocal_synthetic_003-073-025,/root/autodl-tmp/tokenizer-eval/data/nsynth/nsynth-valid/audio/vocal_synthetic_003-073-025.wav,37,vocal_synthetic_003,10,vocal,2,synthetic,73,25,16000,bright|distortion|long_release|nonlinear_env
37.559746,16.014599,mallet_acoustic_062-060-025,mallet_acoustic_062-060-025,/root/autodl-tmp/tokenizer-eval/data/nsynth/nsynth-valid/audio/mallet_acoustic_062-060-025.wav,644,mallet_acoustic_062,5,mallet,0,acoustic,60,25,16000,dark|fast_decay|multiphonic
1.6115941,32.145508,guitar_acoustic_014-079-075,guitar_acoustic_014-079-075,/root/autodl-tmp/tokenizer-eval/data/nsynth/nsynth-valid/audio/guitar_acoustic_014-079-075.wav,263,guitar_acoustic_014,3,guitar,0,acoustic,79,75,16000,
-36.09185,47.845573,flute_synthetic_000-092-050,flute_synthetic_000-092-050,/root/autodl-tmp/tokenizer-eval/data/nsynth/nsynth-valid/audio/flute_synthetic_000-092-050.wav,82,flute_synthetic_000,2,flute,2,synthetic,92,50,16000,distortion
30.559525,-76.28172,flute_synthetic_000-040-075,flute_synthetic_000-040-075,/root/autodl-tmp/tokenizer-eval/data/nsynth/nsynth-valid/audio/flute_synthetic_000-040-075.wav,82,flute_synthetic_000,2,flute,2,synthetic,40,75,16000,distortion
34.5446,-64.56941,flute_synthetic_000-032-127,flute_synthetic_000-032-127,/root/autodl-tmp/tokenizer-eval/data/nsynth/nsynth-valid/audio/flute_synthetic_000-032-127.wav,82,flute_synthetic_000,2,flute,2,synthetic,32,127,16000,distortion
9.505952,77.02419,reed_acoustic_023-095-100,reed_acoustic_023-095-100,/root/autodl-tmp/tokenizer-eval/data/nsynth/nsynth-valid/audio/reed_acoustic_023-095-100.wav,224,reed_acoustic_023,7,reed,0,acoustic,95,100,16000,fast_decay|multiphonic|nonlinear_env
35.595795,-8.169534,keyboard_electronic_003-053-025,keyboard_electronic_003-053-025,/root/autodl-tmp/tokenizer-eval/data/nsynth/nsynth-valid/audio/keyboard_electronic_003-053-025.wav,65,keyboard_electronic_003,4,keyboard,1,electronic,53,25,16000,dark
7.7169414,76.24629,reed_acoustic_023-094-025,reed_acoustic_023-094-025,/root/autodl-tmp/tokenizer-eval/data/nsynth/nsynth-valid/audio/reed_acoustic_023-094-025.wav,224,reed_acoustic_023,7,reed,0,acoustic,94,25,16000,fast_decay|multiphonic|nonlinear_env
28.085457,41.79146,string_acoustic_056-077-075,string_acoustic_056-077-075,/root/autodl-tmp/tokenizer-eval/data/nsynth/nsynth-valid/audio/string_acoustic_056-077-075.wav,436,string_acoustic_056,8,string,0,acoustic,77,75,16000,fast_decay|percussive|reverb
-47.960796,-40.008793,vocal_synthetic_003-063-075,vocal_synthetic_003-063-075,/root/autodl-tmp/tokenizer-eval/data/nsynth/nsynth-valid/audio/vocal_synthetic_003-063-075.wav,37,vocal_synthetic_003,10,vocal,2,synthetic,63,75,16000,bright|distortion|long_release|nonlinear_env
1.6613133,39.23427,bass_synthetic_068-082-127,bass_synthetic_068-082-127,/root/autodl-tmp/tokenizer-eval/data/nsynth/nsynth-valid/audio/bass_synthetic_068-082-127.wav,656,bass_synthetic_068,0,bass,2,synthetic,82,127,16000,distortion|fast_decay
2.6357176,-84.56214,flute_synthetic_000-056-100,flute_synthetic_000-056-100,/root/autodl-tmp/tokenizer-eval/data/nsynth/nsynth-valid/audio/flute_synthetic_000-056-100.wav,82,flute_synthetic_000,2,flute,2,synthetic,56,100,16000,distortion
-10.648895,-45.770317,reed_acoustic_037-037-127,reed_acoustic_037-037-127,/root/autodl-tmp/tokenizer-eval/data/nsynth/nsynth-valid/audio/reed_acoustic_037-037-127.wav,387,reed_acoustic_037,7,reed,0,acoustic,37,127,16000,long_release|reverb
-50.23075,-42.74442,vocal_synthetic_003-061-075,vocal_synthetic_003-061-075,/root/autodl-tmp/tokenizer-eval/data/nsynth/nsynth-valid/audio/vocal_synthetic_003-061-075.wav,37,vocal_synthetic_003,10,vocal,2,synthetic,61,75,16000,bright|distortion|long_release|nonlinear_env
53.341988,2.6317523,mallet_acoustic_062-046-025,mallet_acoustic_062-046-025,/root/autodl-tmp/tokenizer-eval/data/nsynth/nsynth-valid/audio/mallet_acoustic_062-046-025.wav,644,mallet_acoustic_062,5,mallet,0,acoustic,46,25,16000,dark|fast_decay|multiphonic
-28.348812,-33.736904,string_acoustic_080-053-075,string_acoustic_080-053-075,/root/autodl-tmp/tokenizer-eval/data/nsynth/nsynth-valid/audio/string_acoustic_080-053-075.wav,675,string_acoustic_080,8,string,0,acoustic,53,75,16000,reverb
-13.394061,-17.93156,reed_acoustic_018-056-100,reed_acoustic_018-056-100,/root/autodl-tmp/tokenizer-eval/data/nsynth/nsynth-valid/audio/reed_acoustic_018-056-100.wav,183,reed_acoustic_018,7,reed,0,acoustic,56,100,16000,
-70.790955,31.4388,vocal_synthetic_003-089-025,vocal_synthetic_003-089-025,/root/autodl-tmp/tokenizer-eval/data/nsynth/nsynth-valid/audio/vocal_synthetic_003-089-025.wav,37,vocal_synthetic_003,10,vocal,2,synthetic,89,25,16000,bright|distortion|long_release|nonlinear_env
-17.236977,25.47359,bass_synthetic_034-083-127,bass_synthetic_034-083-127,/root/autodl-tmp/tokenizer-eval/data/nsynth/nsynth-valid/audio/bass_synthetic_034-083-127.wav,420,bass_synthetic_034,0,bass,2,synthetic,83,127,16000,bright|distortion|tempo-synced
-42.21208,-48.775894,vocal_synthetic_003-055-025,vocal_synthetic_003-055-025,/root/autodl-tmp/tokenizer-eval/data/nsynth/nsynth-valid/audio/vocal_synthetic_003-055-025.wav,37,vocal_synthetic_003,10,vocal,2,synthetic,55,25,16000,distortion|long_release|nonlinear_env
54.261517,-19.427275,bass_electronic_027-045-100,bass_electronic_027-045-100,/root/autodl-tmp/tokenizer-eval/data/nsynth/nsynth-valid/audio/bass_electronic_027-045-100.wav,880,bass_electronic_027,0,bass,1,electronic,45,100,16000,
-47.2907,-30.122652,vocal_synthetic_003-067-050,vocal_synthetic_003-067-050,/root/autodl-tmp/tokenizer-eval/data/nsynth/nsynth-valid/audio/vocal_synthetic_003-067-050.wav,37,vocal_synthetic_003,10,vocal,2,synthetic,67,50,16000,bright|distortion|long_release|nonlinear_env
-12.780127,-29.368393,brass_acoustic_006-059-075,brass_acoustic_006-059-075,/root/autodl-tmp/tokenizer-eval/data/nsynth/nsynth-valid/audio/brass_acoustic_006-059-075.wav,43,brass_acoustic_006,1,brass,0,acoustic,59,75,16000,reverb
-40.079887,22.289091,flute_synthetic_000-084-075,flute_synthetic_000-084-075,/root/autodl-tmp/tokenizer-eval/data/nsynth/nsynth-valid/audio/flute_synthetic_000-084-075.wav,82,flute_synthetic_000,2,flute,2,synthetic,84,75,16000,distortion
11.683795,-36.38287,organ_electronic_104-051-127,organ_electronic_104-051-127,/root/autodl-tmp/tokenizer-eval/data/nsynth/nsynth-valid/audio/organ_electronic_104-051-127.wav,921,organ_electronic_104,6,organ,1,electronic,51,127,16000,
26.726196,-60.36562,string_acoustic_080-034-127,string_acoustic_080-034-127,/root/autodl-tmp/tokenizer-eval/data/nsynth/nsynth-valid/audio/string_acoustic_080-034-127.wav,675,string_acoustic_080,8,string,0,acoustic,34,127,16000,long_release|reverb
22.191362,-77.40222,flute_synthetic_000-045-075,flute_synthetic_000-045-075,/root/autodl-tmp/tokenizer-eval/data/nsynth/nsynth-valid/audio/flute_synthetic_000-045-075.wav,82,flute_synthetic_000,2,flute,2,synthetic,45,75,16000,distortion
14.3787155,50.779133,guitar_acoustic_030-093-025,guitar_acoustic_030-093-025,/root/autodl-tmp/tokenizer-eval/data/nsynth/nsynth-valid/audio/guitar_acoustic_030-093-025.wav,642,guitar_acoustic_030,3,guitar,0,acoustic,93,25,16000,fast_decay|percussive|tempo-synced
-21.524885,-13.653306,organ_electronic_001-063-025,organ_electronic_001-063-025,/root/autodl-tmp/tokenizer-eval/data/nsynth/nsynth-valid/audio/organ_electronic_001-063-025.wav,8,organ_electronic_001,6,organ,1,electronic,63,25,16000,
27.073513,-25.250093,guitar_acoustic_014-051-100,guitar_acoustic_014-051-100,/root/autodl-tmp/tokenizer-eval/data/nsynth/nsynth-valid/audio/guitar_acoustic_014-051-100.wav,263,guitar_acoustic_014,3,guitar,0,acoustic,51,100,16000,
-40.749783,55.091114,organ_electronic_028-093-100,organ_electronic_028-093-100,/root/autodl-tmp/tokenizer-eval/data/nsynth/nsynth-valid/audio/organ_electronic_028-093-100.wav,440,organ_electronic_028,6,organ,1,electronic,93,100,16000,bright
-24.007015,-70.49853,vocal_synthetic_003-033-075,vocal_synthetic_003-033-075,/root/autodl-tmp/tokenizer-eval/data/nsynth/nsynth-valid/audio/vocal_synthetic_003-033-075.wav,37,vocal_synthetic_003,10,vocal,2,synthetic,33,75,16000,distortion|long_release|nonlinear_env
-20.346827,-31.042957,vocal_acoustic_000-059-075,vocal_acoustic_000-059-075,/root/autodl-tmp/tokenizer-eval/data/nsynth/nsynth-valid/audio/vocal_acoustic_000-059-075.wav,46,vocal_acoustic_000,10,vocal,0,acoustic,59,75,16000,reverb
2.6778994,34.412407,guitar_acoustic_021-080-127,guitar_acoustic_021-080-127,/root/autodl-tmp/tokenizer-eval/data/nsynth/nsynth-valid/audio/guitar_acoustic_021-080-127.wav,457,guitar_acoustic_021,3,guitar,0,acoustic,80,127,16000,fast_decay|percussive
23.404087,40.916428,mallet_acoustic_047-093-075,mallet_acoustic_047-093-075,/root/autodl-tmp/tokenizer-eval/data/nsynth/nsynth-valid/audio/mallet_acoustic_047-093-075.wav,488,mallet_acoustic_047,5,mallet,0,acoustic,93,75,16000,fast_decay|percussive|reverb
35.884865,-4.814206,mallet_acoustic_062-056-100,mallet_acoustic_062-056-100,/root/autodl-tmp/tokenizer-eval/data/nsynth/nsynth-valid/audio/mallet_acoustic_062-056-100.wav,644,mallet_acoustic_062,5,mallet,0,acoustic,56,100,16000,dark|multiphonic
41.046535,77.68629,reed_acoustic_023-047-100,reed_acoustic_023-047-100,/root/autodl-tmp/tokenizer-eval/data/nsynth/nsynth-valid/audio/reed_acoustic_023-047-100.wav,224,reed_acoustic_023,7,reed,0,acoustic,47,100,16000,bright|fast_decay|multiphonic|nonlinear_env
15.467365,24.258623,keyboard_acoustic_004-073-100,keyboard_acoustic_004-073-100,/root/autodl-tmp/tokenizer-eval/data/nsynth/nsynth-valid/audio/keyboard_acoustic_004-073-100.wav,327,keyboard_acoustic_004,4,keyboard,0,acoustic,73,100,16000,reverb
19.72924,52.65914,string_acoustic_056-074-050,string_acoustic_056-074-050,/root/autodl-tmp/tokenizer-eval/data/nsynth/nsynth-valid/audio/string_acoustic_056-074-050.wav,436,string_acoustic_056,8,string,0,acoustic,74,50,16000,fast_decay|percussive|reverb
32.45053,-45.74036,guitar_electronic_022-031-075,guitar_electronic_022-031-075,/root/autodl-tmp/tokenizer-eval/data/nsynth/nsynth-valid/audio/guitar_electronic_022-031-075.wav,378,guitar_electronic_022,3,guitar,1,electronic,31,75,16000,dark
54.235634,3.0609593,mallet_acoustic_062-044-025,mallet_acoustic_062-044-025,/root/autodl-tmp/tokenizer-eval/data/nsynth/nsynth-valid/audio/mallet_acoustic_062-044-025.wav,644,mallet_acoustic_062,5,mallet,0,acoustic,44,25,16000,dark|fast_decay|multiphonic
61.10379,-17.058617,keyboard_electronic_098-040-075,keyboard_electronic_098-040-075,/root/autodl-tmp/tokenizer-eval/data/nsynth/nsynth-valid/audio/keyboard_electronic_098-040-075.wav,905,keyboard_electronic_098,4,keyboard,1,electronic,40,75,16000,dark|distortion
18.042706,48.45969,string_acoustic_056-066-025,string_acoustic_056-066-025,/root/autodl-tmp/tokenizer-eval/data/nsynth/nsynth-valid/audio/string_acoustic_056-066-025.wav,436,string_acoustic_056,8,string,0,acoustic,66,25,16000,fast_decay|percussive|reverb
-43.491367,-3.9875226,reed_acoustic_018-070-127,reed_acoustic_018-070-127,/root/autodl-tmp/tokenizer-eval/data/nsynth/nsynth-valid/audio/reed_acoustic_018-070-127.wav,183,reed_acoustic_018,7,reed,0,acoustic,70,127,16000,
-28.075674,20.41813,string_acoustic_057-087-127,string_acoustic_057-087-127,/root/autodl-tmp/tokenizer-eval/data/nsynth/nsynth-valid/audio/string_acoustic_057-087-127.wav,450,string_acoustic_057,8,string,0,acoustic,87,127,16000,nonlinear_env|reverb
30.86729,-9.501349,bass_electronic_027-055-075,bass_electronic_027-055-075,/root/autodl-tmp/tokenizer-eval/data/nsynth/nsynth-valid/audio/bass_electronic_027-055-075.wav,880,bass_electronic_027,0,bass,1,electronic,55,75,16000,
-51.343105,28.8399,bass_synthetic_009-088-050,bass_synthetic_009-088-050,/root/autodl-tmp/tokenizer-eval/data/nsynth/nsynth-valid/audio/bass_synthetic_009-088-050.wav,150,bass_synthetic_009,0,bass,2,synthetic,88,50,16000,long_release
-89.01486,-81.233635,brass_acoustic_046-092-127,brass_acoustic_046-092-127,/root/autodl-tmp/tokenizer-eval/data/nsynth/nsynth-valid/audio/brass_acoustic_046-092-127.wav,414,brass_acoustic_046,1,brass,0,acoustic,92,127,16000,long_release
-41.432198,-48.965473,vocal_synthetic_003-054-025,vocal_synthetic_003-054-025,/root/autodl-tmp/tokenizer-eval/data/nsynth/nsynth-valid/audio/vocal_synthetic_003-054-025.wav,37,vocal_synthetic_003,10,vocal,2,synthetic,54,25,16000,distortion|long_release|nonlinear_env
-90.652435,-22.315601,bass_synthetic_098-060-025,bass_synthetic_098-060-025,/root/autodl-tmp/tokenizer-eval/data/nsynth/nsynth-valid/audio/bass_synthetic_098-060-025.wav,803,bass_synthetic_098,0,bass,2,synthetic,60,25,16000,dark
40.747486,-17.14022,keyboard_electronic_001-036-100,keyboard_electronic_001-036-100,/root/autodl-tmp/tokenizer-eval/data/nsynth/nsynth-valid/audio/keyboard_electronic_001-036-100.wav,40,keyboard_electronic_001,4,keyboard,1,electronic,36,100,16000,
-18.931879,-27.777475,brass_acoustic_006-061-050,brass_acoustic_006-061-050,/root/autodl-tmp/tokenizer-eval/data/nsynth/nsynth-valid/audio/brass_acoustic_006-061-050.wav,43,brass_acoustic_006,1,brass,0,acoustic,61,50,16000,reverb
-15.505176,33.908962,brass_acoustic_046-082-050,brass_acoustic_046-082-050,/root/autodl-tmp/tokenizer-eval/data/nsynth/nsynth-valid/audio/brass_acoustic_046-082-050.wav,414,brass_acoustic_046,1,brass,0,acoustic,82,50,16000,
59.64796,-7.634689,mallet_acoustic_062-039-100,mallet_acoustic_062-039-100,/root/autodl-tmp/tokenizer-eval/data/nsynth/nsynth-valid/audio/mallet_acoustic_062-039-100.wav,644,mallet_acoustic_062,5,mallet,0,acoustic,39,100,16000,dark|long_release|multiphonic
54.563976,-8.78284,mallet_acoustic_062-042-075,mallet_acoustic_062-042-075,/root/autodl-tmp/tokenizer-eval/data/nsynth/nsynth-valid/audio/mallet_acoustic_062-042-075.wav,644,mallet_acoustic_062,5,mallet,0,acoustic,42,75,16000,dark|multiphonic
19.07139,60.607254,guitar_acoustic_015-092-050,guitar_acoustic_015-092-050,/root/autodl-tmp/tokenizer-eval/data/nsynth/nsynth-valid/audio/guitar_acoustic_015-092-050.wav,316,guitar_acoustic_015,3,guitar,0,acoustic,92,50,16000,fast_decay|percussive|reverb
-29.574831,-22.761398,vocal_acoustic_000-065-075,vocal_acoustic_000-065-075,/root/autodl-tmp/tokenizer-eval/data/nsynth/nsynth-valid/audio/vocal_acoustic_000-065-075.wav,46,vocal_acoustic_000,10,vocal,0,acoustic,65,75,16000,reverb
-15.136939,-53.408546,brass_acoustic_006-048-050,brass_acoustic_006-048-050,/root/autodl-tmp/tokenizer-eval/data/nsynth/nsynth-valid/audio/brass_acoustic_006-048-050.wav,43,brass_acoustic_006,1,brass,0,acoustic,48,50,16000,reverb
7.749904,21.991835,keyboard_acoustic_004-075-127,keyboard_acoustic_004-075-127,/root/autodl-tmp/tokenizer-eval/data/nsynth/nsynth-valid/audio/keyboard_acoustic_004-075-127.wav,327,keyboard_acoustic_004,4,keyboard,0,acoustic,75,127,16000,reverb
-24.076876,-18.380587,brass_acoustic_046-065-050,brass_acoustic_046-065-050,/root/autodl-tmp/tokenizer-eval/data/nsynth/nsynth-valid/audio/brass_acoustic_046-065-050.wav,414,brass_acoustic_046,1,brass,0,acoustic,65,50,16000,
-42.894974,-48.604774,vocal_synthetic_003-056-075,vocal_synthetic_003-056-075,/root/autodl-tmp/tokenizer-eval/data/nsynth/nsynth-valid/audio/vocal_synthetic_003-056-075.wav,37,vocal_synthetic_003,10,vocal,2,synthetic,56,75,16000,distortion|long_release|nonlinear_env
-28.19372,20.41617,string_acoustic_057-087-075,string_acoustic_057-087-075,/root/autodl-tmp/tokenizer-eval/data/nsynth/nsynth-valid/audio/string_acoustic_057-087-075.wav,450,string_acoustic_057,8,string,0,acoustic,87,75,16000,nonlinear_env|reverb
-13.504606,-17.889492,reed_acoustic_018-056-127,reed_acoustic_018-056-127,/root/autodl-tmp/tokenizer-eval/data/nsynth/nsynth-valid/audio/reed_acoustic_018-056-127.wav,183,reed_acoustic_018,7,reed,0,acoustic,56,127,16000,
37.96454,20.922966,mallet_acoustic_056-072-050,mallet_acoustic_056-072-050,/root/autodl-tmp/tokenizer-eval/data/nsynth/nsynth-valid/audio/mallet_acoustic_056-072-050.wav,590,mallet_acoustic_056,5,mallet,0,acoustic,72,50,16000,fast_decay|percussive
-18.207737,-2.4980686,brass_acoustic_016-071-050,brass_acoustic_016-071-050,/root/autodl-tmp/tokenizer-eval/data/nsynth/nsynth-valid/audio/brass_acoustic_016-071-050.wav,128,brass_acoustic_016,1,brass,0,acoustic,71,50,16000,bright
5.714665,51.725956,mallet_acoustic_062-078-050,mallet_acoustic_062-078-050,/root/autodl-tmp/tokenizer-eval/data/nsynth/nsynth-valid/audio/mallet_acoustic_062-078-050.wav,644,mallet_acoustic_062,5,mallet,0,acoustic,78,50,16000,fast_decay|multiphonic
-89.01486,-81.233635,brass_acoustic_046-096-075,brass_acoustic_046-096-075,/root/autodl-tmp/tokenizer-eval/data/nsynth/nsynth-valid/audio/brass_acoustic_046-096-075.wav,414,brass_acoustic_046,1,brass,0,acoustic,96,75,16000,long_release
47.322727,-23.657827,guitar_acoustic_014-048-025,guitar_acoustic_014-048-025,/root/autodl-tmp/tokenizer-eval/data/nsynth/nsynth-valid/audio/guitar_acoustic_014-048-025.wav,263,guitar_acoustic_014,3,guitar,0,acoustic,48,25,16000,
31.618984,76.0991,reed_acoustic_023-031-127,reed_acoustic_023-031-127,/root/autodl-tmp/tokenizer-eval/data/nsynth/nsynth-valid/audio/reed_acoustic_023-031-127.wav,224,reed_acoustic_023,7,reed,0,acoustic,31,127,16000,bright|fast_decay|multiphonic|nonlinear_env
25.527428,-78.60617,flute_synthetic_000-043-127,flute_synthetic_000-043-127,/root/autodl-tmp/tokenizer-eval/data/nsynth/nsynth-valid/audio/flute_synthetic_000-043-127.wav,82,flute_synthetic_000,2,flute,2,synthetic,43,127,16000,distortion
15.698837,24.421446,keyboard_electronic_001-073-127,keyboard_electronic_001-073-127,/root/autodl-tmp/tokenizer-eval/data/nsynth/nsynth-valid/audio/keyboard_electronic_001-073-127.wav,40,keyboard_electronic_001,4,keyboard,1,electronic,73,127,16000,
21.973381,83.83698,keyboard_synthetic_000-074-050,keyboard_synthetic_000-074-050,/root/autodl-tmp/tokenizer-eval/data/nsynth/nsynth-valid/audio/keyboard_synthetic_000-074-050.wav,577,keyboard_synthetic_000,4,keyboard,2,synthetic,74,50,16000,distortion|fast_decay|nonlinear_env
-45.84906,17.180292,organ_electronic_001-085-050,organ_electronic_001-085-050,/root/autodl-tmp/tokenizer-eval/data/nsynth/nsynth-valid/audio/organ_electronic_001-085-050.wav,8,organ_electronic_001,6,organ,1,electronic,85,50,16000,
13.747132,-25.519148,organ_electronic_001-042-075,organ_electronic_001-042-075,/root/autodl-tmp/tokenizer-eval/data/nsynth/nsynth-valid/audio/organ_electronic_001-042-075.wav,8,organ_electronic_001,6,organ,1,electronic,42,75,16000,dark
-22.354412,-46.038136,reed_acoustic_011-045-100,reed_acoustic_011-045-100,/root/autodl-tmp/tokenizer-eval/data/nsynth/nsynth-valid/audio/reed_acoustic_011-045-100.wav,104,reed_acoustic_011,7,reed,0,acoustic,45,100,16000,bright
29.09449,-30.060135,bass_synthetic_034-047-050,bass_synthetic_034-047-050,/root/autodl-tmp/tokenizer-eval/data/nsynth/nsynth-valid/audio/bass_synthetic_034-047-050.wav,420,bass_synthetic_034,0,bass,2,synthetic,47,50,16000,distortion|tempo-synced
29.333107,75.00737,keyboard_synthetic_000-038-127,keyboard_synthetic_000-038-127,/root/autodl-tmp/tokenizer-eval/data/nsynth/nsynth-valid/audio/keyboard_synthetic_000-038-127.wav,577,keyboard_synthetic_000,4,keyboard,2,synthetic,38,127,16000,bright|distortion|fast_decay|nonlinear_env
40.194374,82.53247,reed_acoustic_023-061-025,reed_acoustic_023-061-025,/root/autodl-tmp/tokenizer-eval/data/nsynth/nsynth-valid/audio/reed_acoustic_023-061-025.wav,224,reed_acoustic_023,7,reed,0,acoustic,61,25,16000,bright|fast_decay|multiphonic|nonlinear_env
-61.8081,7.514959,vocal_synthetic_003-071-050,vocal_synthetic_003-071-050,/root/autodl-tmp/tokenizer-eval/data/nsynth/nsynth-valid/audio/vocal_synthetic_003-071-050.wav,37,vocal_synthetic_003,10,vocal,2,synthetic,71,50,16000,bright|distortion|long_release|nonlinear_env
-17.666744,34.367737,string_acoustic_057-082-127,string_acoustic_057-082-127,/root/autodl-tmp/tokenizer-eval/data/nsynth/nsynth-valid/audio/string_acoustic_057-082-127.wav,450,string_acoustic_057,8,string,0,acoustic,82,127,16000,bright|nonlinear_env|reverb
8.481661,-3.0844767,bass_synthetic_135-065-127,bass_synthetic_135-065-127,/root/autodl-tmp/tokenizer-eval/data/nsynth/nsynth-valid/audio/bass_synthetic_135-065-127.wav,927,bass_synthetic_135,0,bass,2,synthetic,65,127,16000,distortion
-40.02534,42.156197,organ_electronic_001-094-025,organ_electronic_001-094-025,/root/autodl-tmp/tokenizer-eval/data/nsynth/nsynth-valid/audio/organ_electronic_001-094-025.wav,8,organ_electronic_001,6,organ,1,electronic,94,25,16000,
-5.4846215,-57.36667,brass_acoustic_006-034-075,brass_acoustic_006-034-075,/root/autodl-tmp/tokenizer-eval/data/nsynth/nsynth-valid/audio/brass_acoustic_006-034-075.wav,43,brass_acoustic_006,1,brass,0,acoustic,34,75,16000,reverb
-47.910767,-38.89743,vocal_synthetic_003-064-075,vocal_synthetic_003-064-075,/root/autodl-tmp/tokenizer-eval/data/nsynth/nsynth-valid/audio/vocal_synthetic_003-064-075.wav,37,vocal_synthetic_003,10,vocal,2,synthetic,64,75,16000,bright|distortion|long_release|nonlinear_env
-46.264126,-29.807894,bass_synthetic_009-067-050,bass_synthetic_009-067-050,/root/autodl-tmp/tokenizer-eval/data/nsynth/nsynth-valid/audio/bass_synthetic_009-067-050.wav,150,bass_synthetic_009,0,bass,2,synthetic,67,50,16000,bright|distortion|long_release
-45.993702,-26.061344,reed_acoustic_018-067-075,reed_acoustic_018-067-075,/root/autodl-tmp/tokenizer-eval/data/nsynth/nsynth-valid/audio/reed_acoustic_018-067-075.wav,183,reed_acoustic_018,7,reed,0,acoustic,67,75,16000,
7.7562838,58.36508,keyboard_electronic_098-093-075,keyboard_electronic_098-093-075,/root/autodl-tmp/tokenizer-eval/data/nsynth/nsynth-valid/audio/keyboard_electronic_098-093-075.wav,905,keyboard_electronic_098,4,keyboard,1,electronic,93,75,16000,fast_decay|percussive
-40.017433,12.457308,flute_acoustic_002-074-100,flute_acoustic_002-074-100,/root/autodl-tmp/tokenizer-eval/data/nsynth/nsynth-valid/audio/flute_acoustic_002-074-100.wav,86,flute_acoustic_002,2,flute,0,acoustic,74,100,16000,reverb
-18.72306,-20.031265,brass_acoustic_046-055-100,brass_acoustic_046-055-100,/root/autodl-tmp/tokenizer-eval/data/nsynth/nsynth-valid/audio/brass_acoustic_046-055-100.wav,414,brass_acoustic_046,1,brass,0,acoustic,55,100,16000,
-26.19232,64.461464,mallet_acoustic_056-090-100,mallet_acoustic_056-090-100,/root/autodl-tmp/tokenizer-eval/data/nsynth/nsynth-valid/audio/mallet_acoustic_056-090-100.wav,590,mallet_acoustic_056,5,mallet,0,acoustic,90,100,16000,
4.935006,-2.9051297,mallet_acoustic_062-064-100,mallet_acoustic_062-064-100,/root/autodl-tmp/tokenizer-eval/data/nsynth/nsynth-valid/audio/mallet_acoustic_062-064-100.wav,644,mallet_acoustic_062,5,mallet,0,acoustic,64,100,16000,dark|multiphonic
-8.183555,-60.071037,brass_acoustic_006-036-127,brass_acoustic_006-036-127,/root/autodl-tmp/tokenizer-eval/data/nsynth/nsynth-valid/audio/brass_acoustic_006-036-127.wav,43,brass_acoustic_006,1,brass,0,acoustic,36,127,16000,reverb
-47.323856,-30.152412,vocal_synthetic_003-067-075,vocal_synthetic_003-067-075,/root/autodl-tmp/tokenizer-eval/data/nsynth/nsynth-valid/audio/vocal_synthetic_003-067-075.wav,37,vocal_synthetic_003,10,vocal,2,synthetic,67,75,16000,bright|distortion|long_release|nonlinear_env
-64.001724,29.661163,vocal_synthetic_003-086-100,vocal_synthetic_003-086-100,/root/autodl-tmp/tokenizer-eval/data/nsynth/nsynth-valid/audio/vocal_synthetic_003-086-100.wav,37,vocal_synthetic_003,10,vocal,2,synthetic,86,100,16000,bright|distortion|long_release|nonlinear_env
-46.47912,44.080368,string_acoustic_057-096-127,string_acoustic_057-096-127,/root/autodl-tmp/tokenizer-eval/data/nsynth/nsynth-valid/audio/string_acoustic_057-096-127.wav,450,string_acoustic_057,8,string,0,acoustic,96,127,16000,nonlinear_env|reverb
-35.26637,-21.284536,vocal_acoustic_000-057-050,vocal_acoustic_000-057-050,/root/autodl-tmp/tokenizer-eval/data/nsynth/nsynth-valid/audio/vocal_acoustic_000-057-050.wav,46,vocal_acoustic_000,10,vocal,0,acoustic,57,50,16000,reverb
10.5392885,-34.931347,organ_electronic_113-050-100,organ_electronic_113-050-100,/root/autodl-tmp/tokenizer-eval/data/nsynth/nsynth-valid/audio/organ_electronic_113-050-100.wav,958,organ_electronic_113,6,organ,1,electronic,50,100,16000,dark
23.921736,-5.8785553,guitar_acoustic_014-055-050,guitar_acoustic_014-055-050,/root/autodl-tmp/tokenizer-eval/data/nsynth/nsynth-valid/audio/guitar_acoustic_014-055-050.wav,263,guitar_acoustic_014,3,guitar,0,acoustic,55,50,16000,
22.397804,19.60581,keyboard_acoustic_004-071-025,keyboard_acoustic_004-071-025,/root/autodl-tmp/tokenizer-eval/data/nsynth/nsynth-valid/audio/keyboard_acoustic_004-071-025.wav,327,keyboard_acoustic_004,4,keyboard,0,acoustic,71,25,16000,dark|reverb
-46.780178,10.446058,string_acoustic_057-073-100,string_acoustic_057-073-100,/root/autodl-tmp/tokenizer-eval/data/nsynth/nsynth-valid/audio/string_acoustic_057-073-100.wav,450,string_acoustic_057,8,string,0,acoustic,73,100,16000,bright|nonlinear_env|reverb
-34.6384,28.698427,string_acoustic_057-084-050,string_acoustic_057-084-050,/root/autodl-tmp/tokenizer-eval/data/nsynth/nsynth-valid/audio/string_acoustic_057-084-050.wav,450,string_acoustic_057,8,string,0,acoustic,84,50,16000,bright|nonlinear_env|reverb
15.81924,21.347012,bass_synthetic_134-073-050,bass_synthetic_134-073-050,/root/autodl-tmp/tokenizer-eval/data/nsynth/nsynth-valid/audio/bass_synthetic_134-073-050.wav,914,bass_synthetic_134,0,bass,2,synthetic,73,50,16000,dark|reverb
44.528225,-26.00896,keyboard_electronic_078-047-050,keyboard_electronic_078-047-050,/root/autodl-tmp/tokenizer-eval/data/nsynth/nsynth-valid/audio/keyboard_electronic_078-047-050.wav,838,keyboard_electronic_078,4,keyboard,1,electronic,47,50,16000,bright
-33.548286,-57.80649,vocal_synthetic_003-049-025,vocal_synthetic_003-049-025,/root/autodl-tmp/tokenizer-eval/data/nsynth/nsynth-valid/audio/vocal_synthetic_003-049-025.wav,37,vocal_synthetic_003,10,vocal,2,synthetic,49,25,16000,distortion|long_release|nonlinear_env
16.522627,7.7609344,guitar_acoustic_014-069-127,guitar_acoustic_014-069-127,/root/autodl-tmp/tokenizer-eval/data/nsynth/nsynth-valid/audio/guitar_acoustic_014-069-127.wav,263,guitar_acoustic_014,3,guitar,0,acoustic,69,127,16000,
-52.087715,-8.937019,organ_electronic_113-068-075,organ_electronic_113-068-075,/root/autodl-tmp/tokenizer-eval/data/nsynth/nsynth-valid/audio/organ_electronic_113-068-075.wav,958,organ_electronic_113,6,organ,1,electronic,68,75,16000,
-0.31252694,-16.701242,guitar_acoustic_015-058-025,guitar_acoustic_015-058-025,/root/autodl-tmp/tokenizer-eval/data/nsynth/nsynth-valid/audio/guitar_acoustic_015-058-025.wav,316,guitar_acoustic_015,3,guitar,0,acoustic,58,25,16000,reverb
34.142815,2.6768205,bass_electronic_027-048-100,bass_electronic_027-048-100,/root/autodl-tmp/tokenizer-eval/data/nsynth/nsynth-valid/audio/bass_electronic_027-048-100.wav,880,bass_electronic_027,0,bass,1,electronic,48,100,16000,
-18.859877,-18.972757,brass_acoustic_046-052-075,brass_acoustic_046-052-075,/root/autodl-tmp/tokenizer-eval/data/nsynth/nsynth-valid/audio/brass_acoustic_046-052-075.wav,414,brass_acoustic_046,1,brass,0,acoustic,52,75,16000,
8.368822,77.56926,reed_acoustic_023-093-025,reed_acoustic_023-093-025,/root/autodl-tmp/tokenizer-eval/data/nsynth/nsynth-valid/audio/reed_acoustic_023-093-025.wav,224,reed_acoustic_023,7,reed,0,acoustic,93,25,16000,fast_decay|multiphonic|nonlinear_env
-43.67665,30.376812,flute_synthetic_000-089-127,flute_synthetic_000-089-127,/root/autodl-tmp/tokenizer-eval/data/nsynth/nsynth-valid/audio/flute_synthetic_000-089-127.wav,82,flute_synthetic_000,2,flute,2,synthetic,89,127,16000,distortion
-19.886648,38.821518,brass_acoustic_006-081-050,brass_acoustic_006-081-050,/root/autodl-tmp/tokenizer-eval/data/nsynth/nsynth-valid/audio/brass_acoustic_006-081-050.wav,43,brass_acoustic_006,1,brass,0,acoustic,81,50,16000,reverb
-51.21535,-7.5378423,organ_electronic_113-069-100,organ_electronic_113-069-100,/root/autodl-tmp/tokenizer-eval/data/nsynth/nsynth-valid/audio/organ_electronic_113-069-100.wav,958,organ_electronic_113,6,organ,1,electronic,69,100,16000,
-90.76787,-22.866941,bass_synthetic_098-058-025,bass_synthetic_098-058-025,/root/autodl-tmp/tokenizer-eval/data/nsynth/nsynth-valid/audio/bass_synthetic_098-058-025.wav,803,bass_synthetic_098,0,bass,2,synthetic,58,25,16000,dark
23.919405,-60.66448,string_acoustic_012-034-100,string_acoustic_012-034-100,/root/autodl-tmp/tokenizer-eval/data/nsynth/nsynth-valid/audio/string_acoustic_012-034-100.wav,97,string_acoustic_012,8,string,0,acoustic,34,100,16000,long_release|reverb
2.2249897,-84.1667,flute_synthetic_000-056-050,flute_synthetic_000-056-050,/root/autodl-tmp/tokenizer-eval/data/nsynth/nsynth-valid/audio/flute_synthetic_000-056-050.wav,82,flute_synthetic_000,2,flute,2,synthetic,56,50,16000,distortion
-30.260792,15.053456,bass_synthetic_135-086-025,bass_synthetic_135-086-025,/root/autodl-tmp/tokenizer-eval/data/nsynth/nsynth-valid/audio/bass_synthetic_135-086-025.wav,927,bass_synthetic_135,0,bass,2,synthetic,86,25,16000,distortion
18.350973,-1.4814905,guitar_acoustic_015-067-025,guitar_acoustic_015-067-025,/root/autodl-tmp/tokenizer-eval/data/nsynth/nsynth-valid/audio/guitar_acoustic_015-067-025.wav,316,guitar_acoustic_015,3,guitar,0,acoustic,67,25,16000,reverb
1.6125817,-15.429723,guitar_acoustic_021-059-075,guitar_acoustic_021-059-075,/root/autodl-tmp/tokenizer-eval/data/nsynth/nsynth-valid/audio/guitar_acoustic_021-059-075.wav,457,guitar_acoustic_021,3,guitar,0,acoustic,59,75,16000,
-23.380096,-69.02297,vocal_synthetic_003-034-050,vocal_synthetic_003-034-050,/root/autodl-tmp/tokenizer-eval/data/nsynth/nsynth-valid/audio/vocal_synthetic_003-034-050.wav,37,vocal_synthetic_003,10,vocal,2,synthetic,34,50,16000,distortion|long_release|nonlinear_env
7.722551,-83.390495,flute_synthetic_000-053-050,flute_synthetic_000-053-050,/root/autodl-tmp/tokenizer-eval/data/nsynth/nsynth-valid/audio/flute_synthetic_000-053-050.wav,82,flute_synthetic_000,2,flute,2,synthetic,53,50,16000,distortion
-39.007626,46.814907,flute_synthetic_000-093-075,flute_synthetic_000-093-075,/root/autodl-tmp/tokenizer-eval/data/nsynth/nsynth-valid/audio/flute_synthetic_000-093-075.wav,82,flute_synthetic_000,2,flute,2,synthetic,93,75,16000,distortion
9.728151,-82.98767,flute_synthetic_000-052-075,flute_synthetic_000-052-075,/root/autodl-tmp/tokenizer-eval/data/nsynth/nsynth-valid/audio/flute_synthetic_000-052-075.wav,82,flute_synthetic_000,2,flute,2,synthetic,52,75,16000,distortion
14.6850195,-25.34214,organ_electronic_001-043-100,organ_electronic_001-043-100,/root/autodl-tmp/tokenizer-eval/data/nsynth/nsynth-valid/audio/organ_electronic_001-043-100.wav,8,organ_electronic_001,6,organ,1,electronic,43,100,16000,dark
-27.000134,-62.233685,vocal_synthetic_003-039-025,vocal_synthetic_003-039-025,/root/autodl-tmp/tokenizer-eval/data/nsynth/nsynth-valid/audio/vocal_synthetic_003-039-025.wav,37,vocal_synthetic_003,10,vocal,2,synthetic,39,25,16000,distortion|long_release|nonlinear_env
-16.471767,-8.161996,brass_acoustic_016-053-050,brass_acoustic_016-053-050,/root/autodl-tmp/tokenizer-eval/data/nsynth/nsynth-valid/audio/brass_acoustic_016-053-050.wav,128,brass_acoustic_016,1,brass,0,acoustic,53,50,16000,
36.857338,16.818678,mallet_acoustic_062-062-025,mallet_acoustic_062-062-025,/root/autodl-tmp/tokenizer-eval/data/nsynth/nsynth-valid/audio/mallet_acoustic_062-062-025.wav,644,mallet_acoustic_062,5,mallet,0,acoustic,62,25,16000,dark|fast_decay|multiphonic
36.69,2.9636915,bass_electronic_018-059-075,bass_electronic_018-059-075,/root/autodl-tmp/tokenizer-eval/data/nsynth/nsynth-valid/audio/bass_electronic_018-059-075.wav,759,bass_electronic_018,0,bass,1,electronic,59,75,16000,
29.761995,1.6790001,keyboard_electronic_002-060-025,keyboard_electronic_002-060-025,/root/autodl-tmp/tokenizer-eval/data/nsynth/nsynth-valid/audio/keyboard_electronic_002-060-025.wav,50,keyboard_electronic_002,4,keyboard,1,electronic,60,25,16000,
64.54465,-6.4115324,mallet_acoustic_062-032-100,mallet_acoustic_062-032-100,/root/autodl-tmp/tokenizer-eval/data/nsynth/nsynth-valid/audio/mallet_acoustic_062-032-100.wav,644,mallet_acoustic_062,5,mallet,0,acoustic,32,100,16000,dark|long_release|multiphonic
1.1712667,17.656628,bass_synthetic_033-076-100,bass_synthetic_033-076-100,/root/autodl-tmp/tokenizer-eval/data/nsynth/nsynth-valid/audio/bass_synthetic_033-076-100.wav,417,bass_synthetic_033,0,bass,2,synthetic,76,100,16000,
-32.669464,19.482656,organ_electronic_007-086-100,organ_electronic_007-086-100,/root/autodl-tmp/tokenizer-eval/data/nsynth/nsynth-valid/audio/organ_electronic_007-086-100.wav,123,organ_electronic_007,6,organ,1,electronic,86,100,16000,long_release|nonlinear_env
4.331649,-0.9724216,guitar_electronic_028-064-100,guitar_electronic_028-064-100,/root/autodl-tmp/tokenizer-eval/data/nsynth/nsynth-valid/audio/guitar_electronic_028-064-100.wav,510,guitar_electronic_028,3,guitar,1,electronic,64,100,16000,
8.024464,-20.68158,organ_electronic_113-060-127,organ_electronic_113-060-127,/root/autodl-tmp/tokenizer-eval/data/nsynth/nsynth-valid/audio/organ_electronic_113-060-127.wav,958,organ_electronic_113,6,organ,1,electronic,60,127,16000,dark
-19.634146,-19.495611,brass_acoustic_046-057-127,brass_acoustic_046-057-127,/root/autodl-tmp/tokenizer-eval/data/nsynth/nsynth-valid/audio/brass_acoustic_046-057-127.wav,414,brass_acoustic_046,1,brass,0,acoustic,57,127,16000,
-51.609898,-4.0983925,organ_electronic_113-071-050,organ_electronic_113-071-050,/root/autodl-tmp/tokenizer-eval/data/nsynth/nsynth-valid/audio/organ_electronic_113-071-050.wav,958,organ_electronic_113,6,organ,1,electronic,71,50,16000,
-61.422077,39.788826,vocal_synthetic_003-096-025,vocal_synthetic_003-096-025,/root/autodl-tmp/tokenizer-eval/data/nsynth/nsynth-valid/audio/vocal_synthetic_003-096-025.wav,37,vocal_synthetic_003,10,vocal,2,synthetic,96,25,16000,bright|distortion|long_release|nonlinear_env
-5.0667152,-57.17568,brass_acoustic_006-031-100,brass_acoustic_006-031-100,/root/autodl-tmp/tokenizer-eval/data/nsynth/nsynth-valid/audio/brass_acoustic_006-031-100.wav,43,brass_acoustic_006,1,brass,0,acoustic,31,100,16000,reverb
-14.902286,12.8943815,reed_acoustic_037-064-127,reed_acoustic_037-064-127,/root/autodl-tmp/tokenizer-eval/data/nsynth/nsynth-valid/audio/reed_acoustic_037-064-127.wav,387,reed_acoustic_037,7,reed,0,acoustic,64,127,16000,long_release|reverb
-89.01486,-81.233635,brass_acoustic_046-087-100,brass_acoustic_046-087-100,/root/autodl-tmp/tokenizer-eval/data/nsynth/nsynth-valid/audio/brass_acoustic_046-087-100.wav,414,brass_acoustic_046,1,brass,0,acoustic,87,100,16000,long_release
-7.1430483,-43.468914,reed_acoustic_037-039-050,reed_acoustic_037-039-050,/root/autodl-tmp/tokenizer-eval/data/nsynth/nsynth-valid/audio/reed_acoustic_037-039-050.wav,387,reed_acoustic_037,7,reed,0,acoustic,39,50,16000,reverb
-66.780525,44.067337,vocal_synthetic_003-081-025,vocal_synthetic_003-081-025,/root/autodl-tmp/tokenizer-eval/data/nsynth/nsynth-valid/audio/vocal_synthetic_003-081-025.wav,37,vocal_synthetic_003,10,vocal,2,synthetic,81,25,16000,bright|distortion|long_release|nonlinear_env
-30.002956,59.91219,organ_electronic_028-090-075,organ_electronic_028-090-075,/root/autodl-tmp/tokenizer-eval/data/nsynth/nsynth-valid/audio/organ_electronic_028-090-075.wav,440,organ_electronic_028,6,organ,1,electronic,90,75,16000,
-13.513957,-53.996666,brass_acoustic_006-046-100,brass_acoustic_006-046-100,/root/autodl-tmp/tokenizer-eval/data/nsynth/nsynth-valid/audio/brass_acoustic_006-046-100.wav,43,brass_acoustic_006,1,brass,0,acoustic,46,100,16000,long_release|reverb
39.345898,78.887,reed_acoustic_023-064-050,reed_acoustic_023-064-050,/root/autodl-tmp/tokenizer-eval/data/nsynth/nsynth-valid/audio/reed_acoustic_023-064-050.wav,224,reed_acoustic_023,7,reed,0,acoustic,64,50,16000,bright|fast_decay|multiphonic|nonlinear_env
-43.53686,-26.841358,flute_acoustic_002-067-127,flute_acoustic_002-067-127,/root/autodl-tmp/tokenizer-eval/data/nsynth/nsynth-valid/audio/flute_acoustic_002-067-127.wav,86,flute_acoustic_002,2,flute,0,acoustic,67,127,16000,long_release|reverb
31.576374,6.503512,mallet_acoustic_062-059-100,mallet_acoustic_062-059-100,/root/autodl-tmp/tokenizer-eval/data/nsynth/nsynth-valid/audio/mallet_acoustic_062-059-100.wav,644,mallet_acoustic_062,5,mallet,0,acoustic,59,100,16000,dark|multiphonic
-24.322943,61.361244,guitar_electronic_028-089-025,guitar_electronic_028-089-025,/root/autodl-tmp/tokenizer-eval/data/nsynth/nsynth-valid/audio/guitar_electronic_028-089-025.wav,510,guitar_electronic_028,3,guitar,1,electronic,89,25,16000,
29.387762,-75.92304,flute_synthetic_000-041-127,flute_synthetic_000-041-127,/root/autodl-tmp/tokenizer-eval/data/nsynth/nsynth-valid/audio/flute_synthetic_000-041-127.wav,82,flute_synthetic_000,2,flute,2,synthetic,41,127,16000,distortion
20.2947,49.401405,string_acoustic_056-075-075,string_acoustic_056-075-075,/root/autodl-tmp/tokenizer-eval/data/nsynth/nsynth-valid/audio/string_acoustic_056-075-075.wav,436,string_acoustic_056,8,string,0,acoustic,75,75,16000,fast_decay|percussive|reverb
7.938519,52.464405,mallet_acoustic_062-081-050,mallet_acoustic_062-081-050,/root/autodl-tmp/tokenizer-eval/data/nsynth/nsynth-valid/audio/mallet_acoustic_062-081-050.wav,644,mallet_acoustic_062,5,mallet,0,acoustic,81,50,16000,fast_decay|multiphonic
17.140306,-24.980413,organ_electronic_104-041-050,organ_electronic_104-041-050,/root/autodl-tmp/tokenizer-eval/data/nsynth/nsynth-valid/audio/organ_electronic_104-041-050.wav,921,organ_electronic_104,6,organ,1,electronic,41,50,16000,
-25.162178,-63.450607,vocal_synthetic_003-035-025,vocal_synthetic_003-035-025,/root/autodl-tmp/tokenizer-eval/data/nsynth/nsynth-valid/audio/vocal_synthetic_003-035-025.wav,37,vocal_synthetic_003,10,vocal,2,synthetic,35,25,16000,distortion|long_release|nonlinear_env
0.83380616,-23.762648,organ_electronic_001-069-025,organ_electronic_001-069-025,/root/autodl-tmp/tokenizer-eval/data/nsynth/nsynth-valid/audio/organ_electronic_001-069-025.wav,8,organ_electronic_001,6,organ,1,electronic,69,25,16000,
20.092165,16.96025,keyboard_electronic_001-071-127,keyboard_electronic_001-071-127,/root/autodl-tmp/tokenizer-eval/data/nsynth/nsynth-valid/audio/keyboard_electronic_001-071-127.wav,40,keyboard_electronic_001,4,keyboard,1,electronic,71,127,16000,
40.080116,-20.262278,keyboard_electronic_001-050-100,keyboard_electronic_001-050-100,/root/autodl-tmp/tokenizer-eval/data/nsynth/nsynth-valid/audio/keyboard_electronic_001-050-100.wav,40,keyboard_electronic_001,4,keyboard,1,electronic,50,100,16000,
20.804146,-34.07368,organ_electronic_113-032-075,organ_electronic_113-032-075,/root/autodl-tmp/tokenizer-eval/data/nsynth/nsynth-valid/audio/organ_electronic_113-032-075.wav,958,organ_electronic_113,6,organ,1,electronic,32,75,16000,dark
-10.066161,32.723705,keyboard_electronic_001-081-050,keyboard_electronic_001-081-050,/root/autodl-tmp/tokenizer-eval/data/nsynth/nsynth-valid/audio/keyboard_electronic_001-081-050.wav,40,keyboard_electronic_001,4,keyboard,1,electronic,81,50,16000,
-35.553658,-23.575945,vocal_acoustic_000-055-050,vocal_acoustic_000-055-050,/root/autodl-tmp/tokenizer-eval/data/nsynth/nsynth-valid/audio/vocal_acoustic_000-055-050.wav,46,vocal_acoustic_000,10,vocal,0,acoustic,55,50,16000,reverb
29.851286,-1.4009807,keyboard_electronic_001-059-075,keyboard_electronic_001-059-075,/root/autodl-tmp/tokenizer-eval/data/nsynth/nsynth-valid/audio/keyboard_electronic_001-059-075.wav,40,keyboard_electronic_001,4,keyboard,1,electronic,59,75,16000,dark
-12.449896,14.449018,brass_acoustic_015-076-050,brass_acoustic_015-076-050,/root/autodl-tmp/tokenizer-eval/data/nsynth/nsynth-valid/audio/brass_acoustic_015-076-050.wav,121,brass_acoustic_015,1,brass,0,acoustic,76,50,16000,reverb
31.050175,50.385513,mallet_acoustic_047-068-075,mallet_acoustic_047-068-075,/root/autodl-tmp/tokenizer-eval/data/nsynth/nsynth-valid/audio/mallet_acoustic_047-068-075.wav,488,mallet_acoustic_047,5,mallet,0,acoustic,68,75,16000,fast_decay|percussive|reverb
-42.981056,-2.494835,brass_acoustic_046-070-127,brass_acoustic_046-070-127,/root/autodl-tmp/tokenizer-eval/data/nsynth/nsynth-valid/audio/brass_acoustic_046-070-127.wav,414,brass_acoustic_046,1,brass,0,acoustic,70,127,16000,bright
-90.20167,-24.881239,bass_synthetic_098-047-075,bass_synthetic_098-047-075,/root/autodl-tmp/tokenizer-eval/data/nsynth/nsynth-valid/audio/bass_synthetic_098-047-075.wav,803,bass_synthetic_098,0,bass,2,synthetic,47,75,16000,
-9.89885,1.5842088,reed_acoustic_018-063-025,reed_acoustic_018-063-025,/root/autodl-tmp/tokenizer-eval/data/nsynth/nsynth-valid/audio/reed_acoustic_018-063-025.wav,183,reed_acoustic_018,7,reed,0,acoustic,63,25,16000,
-16.478632,-8.102647,brass_acoustic_016-053-127,brass_acoustic_016-053-127,/root/autodl-tmp/tokenizer-eval/data/nsynth/nsynth-valid/audio/brass_acoustic_016-053-127.wav,128,brass_acoustic_016,1,brass,0,acoustic,53,127,16000,
57.239857,-24.867197,organ_electronic_028-044-050,organ_electronic_028-044-050,/root/autodl-tmp/tokenizer-eval/data/nsynth/nsynth-valid/audio/organ_electronic_028-044-050.wav,440,organ_electronic_028,6,organ,1,electronic,44,50,16000,dark
34.291447,-21.919807,bass_synthetic_068-048-025,bass_synthetic_068-048-025,/root/autodl-tmp/tokenizer-eval/data/nsynth/nsynth-valid/audio/bass_synthetic_068-048-025.wav,656,bass_synthetic_068,0,bass,2,synthetic,48,25,16000,dark
58.588764,-17.722952,bass_electronic_025-042-100,bass_electronic_025-042-100,/root/autodl-tmp/tokenizer-eval/data/nsynth/nsynth-valid/audio/bass_electronic_025-042-100.wav,872,bass_electronic_025,0,bass,1,electronic,42,100,16000,
15.435113,-35.37142,organ_electronic_104-031-075,organ_electronic_104-031-075,/root/autodl-tmp/tokenizer-eval/data/nsynth/nsynth-valid/audio/organ_electronic_104-031-075.wav,921,organ_electronic_104,6,organ,1,electronic,31,75,16000,
25.224775,-16.259132,keyboard_electronic_098-054-050,keyboard_electronic_098-054-050,/root/autodl-tmp/tokenizer-eval/data/nsynth/nsynth-valid/audio/keyboard_electronic_098-054-050.wav,905,keyboard_electronic_098,4,keyboard,1,electronic,54,50,16000,dark
-6.3538523,-53.47504,brass_acoustic_006-032-050,brass_acoustic_006-032-050,/root/autodl-tmp/tokenizer-eval/data/nsynth/nsynth-valid/audio/brass_acoustic_006-032-050.wav,43,brass_acoustic_006,1,brass,0,acoustic,32,50,16000,long_release|reverb
6.287367,-10.651528,keyboard_electronic_003-061-100,keyboard_electronic_003-061-100,/root/autodl-tmp/tokenizer-eval/data/nsynth/nsynth-valid/audio/keyboard_electronic_003-061-100.wav,65,keyboard_electronic_003,4,keyboard,1,electronic,61,100,16000,
-69.18484,29.745512,vocal_synthetic_003-088-050,vocal_synthetic_003-088-050,/root/autodl-tmp/tokenizer-eval/data/nsynth/nsynth-valid/audio/vocal_synthetic_003-088-050.wav,37,vocal_synthetic_003,10,vocal,2,synthetic,88,50,16000,bright|distortion|long_release|nonlinear_env
-3.8141732,-84.68127,flute_synthetic_000-059-127,flute_synthetic_000-059-127,/root/autodl-tmp/tokenizer-eval/data/nsynth/nsynth-valid/audio/flute_synthetic_000-059-127.wav,82,flute_synthetic_000,2,flute,2,synthetic,59,127,16000,distortion
6.080421,56.25155,keyboard_electronic_098-091-025,keyboard_electronic_098-091-025,/root/autodl-tmp/tokenizer-eval/data/nsynth/nsynth-valid/audio/keyboard_electronic_098-091-025.wav,905,keyboard_electronic_098,4,keyboard,1,electronic,91,25,16000,fast_decay|percussive
-29.96677,-60.789177,vocal_synthetic_003-044-025,vocal_synthetic_003-044-025,/root/autodl-tmp/tokenizer-eval/data/nsynth/nsynth-valid/audio/vocal_synthetic_003-044-025.wav,37,vocal_synthetic_003,10,vocal,2,synthetic,44,25,16000,distortion|long_release|nonlinear_env
-38.423367,13.41823,bass_synthetic_009-062-025,bass_synthetic_009-062-025,/root/autodl-tmp/tokenizer-eval/data/nsynth/nsynth-valid/audio/bass_synthetic_009-062-025.wav,150,bass_synthetic_009,0,bass,2,synthetic,62,25,16000,bright|distortion|long_release
-35.59301,-58.55124,vocal_synthetic_003-048-075,vocal_synthetic_003-048-075,/root/autodl-tmp/tokenizer-eval/data/nsynth/nsynth-valid/audio/vocal_synthetic_003-048-075.wav,37,vocal_synthetic_003,10,vocal,2,synthetic,48,75,16000,distortion|long_release|nonlinear_env
-6.601375,5.6866617,reed_acoustic_037-056-075,reed_acoustic_037-056-075,/root/autodl-tmp/tokenizer-eval/data/nsynth/nsynth-valid/audio/reed_acoustic_037-056-075.wav,387,reed_acoustic_037,7,reed,0,acoustic,56,75,16000,reverb
-89.01486,-81.233635,brass_acoustic_046-093-025,brass_acoustic_046-093-025,/root/autodl-tmp/tokenizer-eval/data/nsynth/nsynth-valid/audio/brass_acoustic_046-093-025.wav,414,brass_acoustic_046,1,brass,0,acoustic,93,25,16000,long_release
37.152325,85.381065,reed_acoustic_023-066-127,reed_acoustic_023-066-127,/root/autodl-tmp/tokenizer-eval/data/nsynth/nsynth-valid/audio/reed_acoustic_023-066-127.wav,224,reed_acoustic_023,7,reed,0,acoustic,66,127,16000,bright|fast_decay|multiphonic|nonlinear_env
-39.918495,-7.309954,vocal_acoustic_000-070-050,vocal_acoustic_000-070-050,/root/autodl-tmp/tokenizer-eval/data/nsynth/nsynth-valid/audio/vocal_acoustic_000-070-050.wav,46,vocal_acoustic_000,10,vocal,0,acoustic,70,50,16000,reverb
-1.8079822,-58.216366,brass_acoustic_059-039-100,brass_acoustic_059-039-100,/root/autodl-tmp/tokenizer-eval/data/nsynth/nsynth-valid/audio/brass_acoustic_059-039-100.wav,572,brass_acoustic_059,1,brass,0,acoustic,39,100,16000,reverb
-20.317171,9.666831,brass_acoustic_015-077-127,brass_acoustic_015-077-127,/root/autodl-tmp/tokenizer-eval/data/nsynth/nsynth-valid/audio/brass_acoustic_015-077-127.wav,121,brass_acoustic_015,1,brass,0,acoustic,77,127,16000,reverb
-39.856247,-22.101072,vocal_acoustic_000-068-025,vocal_acoustic_000-068-025,/root/autodl-tmp/tokenizer-eval/data/nsynth/nsynth-valid/audio/vocal_acoustic_000-068-025.wav,46,vocal_acoustic_000,10,vocal,0,acoustic,68,25,16000,reverb
-42.7555,-13.452686,reed_acoustic_037-057-100,reed_acoustic_037-057-100,/root/autodl-tmp/tokenizer-eval/data/nsynth/nsynth-valid/audio/reed_acoustic_037-057-100.wav,387,reed_acoustic_037,7,reed,0,acoustic,57,100,16000,long_release|reverb
27.17717,91.22124,reed_acoustic_023-087-127,reed_acoustic_023-087-127,/root/autodl-tmp/tokenizer-eval/data/nsynth/nsynth-valid/audio/reed_acoustic_023-087-127.wav,224,reed_acoustic_023,7,reed,0,acoustic,87,127,16000,fast_decay|multiphonic|nonlinear_env
41.409203,-42.458546,keyboard_electronic_069-047-075,keyboard_electronic_069-047-075,/root/autodl-tmp/tokenizer-eval/data/nsynth/nsynth-valid/audio/keyboard_electronic_069-047-075.wav,805,keyboard_electronic_069,4,keyboard,1,electronic,47,75,16000,distortion
32.824657,-71.06002,flute_synthetic_000-036-050,flute_synthetic_000-036-050,/root/autodl-tmp/tokenizer-eval/data/nsynth/nsynth-valid/audio/flute_synthetic_000-036-050.wav,82,flute_synthetic_000,2,flute,2,synthetic,36,50,16000,distortion
9.357681,24.818224,guitar_acoustic_030-063-050,guitar_acoustic_030-063-050,/root/autodl-tmp/tokenizer-eval/data/nsynth/nsynth-valid/audio/guitar_acoustic_030-063-050.wav,642,guitar_acoustic_030,3,guitar,0,acoustic,63,50,16000,fast_decay|tempo-synced
3.1901066,-10.828173,bass_synthetic_135-060-100,bass_synthetic_135-060-100,/root/autodl-tmp/tokenizer-eval/data/nsynth/nsynth-valid/audio/bass_synthetic_135-060-100.wav,927,bass_synthetic_135,0,bass,2,synthetic,60,100,16000,distortion
11.904555,22.927055,guitar_acoustic_014-074-100,guitar_acoustic_014-074-100,/root/autodl-tmp/tokenizer-eval/data/nsynth/nsynth-valid/audio/guitar_acoustic_014-074-100.wav,263,guitar_acoustic_014,3,guitar,0,acoustic,74,100,16000,
49.16637,5.1396775,string_acoustic_056-051-075,string_acoustic_056-051-075,/root/autodl-tmp/tokenizer-eval/data/nsynth/nsynth-valid/audio/string_acoustic_056-051-075.wav,436,string_acoustic_056,8,string,0,acoustic,51,75,16000,fast_decay|reverb
46.840153,30.25936,mallet_acoustic_056-054-127,mallet_acoustic_056-054-127,/root/autodl-tmp/tokenizer-eval/data/nsynth/nsynth-valid/audio/mallet_acoustic_056-054-127.wav,590,mallet_acoustic_056,5,mallet,0,acoustic,54,127,16000,bright|fast_decay|percussive
25.627758,90.371414,reed_acoustic_023-081-025,reed_acoustic_023-081-025,/root/autodl-tmp/tokenizer-eval/data/nsynth/nsynth-valid/audio/reed_acoustic_023-081-025.wav,224,reed_acoustic_023,7,reed,0,acoustic,81,25,16000,bright|fast_decay|multiphonic|nonlinear_env
33.373795,-25.078226,guitar_acoustic_010-050-025,guitar_acoustic_010-050-025,/root/autodl-tmp/tokenizer-eval/data/nsynth/nsynth-valid/audio/guitar_acoustic_010-050-025.wav,219,guitar_acoustic_010,3,guitar,0,acoustic,50,25,16000,
-41.00585,54.404804,flute_acoustic_002-093-075,flute_acoustic_002-093-075,/root/autodl-tmp/tokenizer-eval/data/nsynth/nsynth-valid/audio/flute_acoustic_002-093-075.wav,86,flute_acoustic_002,2,flute,0,acoustic,93,75,16000,reverb
64.42871,-5.488579,mallet_acoustic_062-031-075,mallet_acoustic_062-031-075,/root/autodl-tmp/tokenizer-eval/data/nsynth/nsynth-valid/audio/mallet_acoustic_062-031-075.wav,644,mallet_acoustic_062,5,mallet,0,acoustic,31,75,16000,dark|multiphonic
33.525448,-69.85788,flute_synthetic_000-035-075,flute_synthetic_000-035-075,/root/autodl-tmp/tokenizer-eval/data/nsynth/nsynth-valid/audio/flute_synthetic_000-035-075.wav,82,flute_synthetic_000,2,flute,2,synthetic,35,75,16000,distortion
21.696217,83.71612,keyboard_synthetic_000-075-100,keyboard_synthetic_000-075-100,/root/autodl-tmp/tokenizer-eval/data/nsynth/nsynth-valid/audio/keyboard_synthetic_000-075-100.wav,577,keyboard_synthetic_000,4,keyboard,2,synthetic,75,100,16000,bright|distortion|fast_decay|nonlinear_env
17.697891,24.642324,keyboard_electronic_069-073-050,keyboard_electronic_069-073-050,/root/autodl-tmp/tokenizer-eval/data/nsynth/nsynth-valid/audio/keyboard_electronic_069-073-050.wav,805,keyboard_electronic_069,4,keyboard,1,electronic,73,50,16000,distortion
40.473972,48.580376,keyboard_electronic_001-095-127,keyboard_electronic_001-095-127,/root/autodl-tmp/tokenizer-eval/data/nsynth/nsynth-valid/audio/keyboard_electronic_001-095-127.wav,40,keyboard_electronic_001,4,keyboard,1,electronic,95,127,16000,percussive
-32.26827,-39.356087,flute_synthetic_000-062-100,flute_synthetic_000-062-100,/root/autodl-tmp/tokenizer-eval/data/nsynth/nsynth-valid/audio/flute_synthetic_000-062-100.wav,82,flute_synthetic_000,2,flute,2,synthetic,62,100,16000,distortion
-17.562971,13.965582,bass_synthetic_009-064-075,bass_synthetic_009-064-075,/root/autodl-tmp/tokenizer-eval/data/nsynth/nsynth-valid/audio/bass_synthetic_009-064-075.wav,150,bass_synthetic_009,0,bass,2,synthetic,64,75,16000,bright|distortion|long_release
-43.624096,42.55254,flute_synthetic_000-095-127,flute_synthetic_000-095-127,/root/autodl-tmp/tokenizer-eval/data/nsynth/nsynth-valid/audio/flute_synthetic_000-095-127.wav,82,flute_synthetic_000,2,flute,2,synthetic,95,127,16000,distortion
11.739018,-27.799173,organ_electronic_104-037-025,organ_electronic_104-037-025,/root/autodl-tmp/tokenizer-eval/data/nsynth/nsynth-valid/audio/organ_electronic_104-037-025.wav,921,organ_electronic_104,6,organ,1,electronic,37,25,16000,
15.795649,8.248948,guitar_electronic_022-069-127,guitar_electronic_022-069-127,/root/autodl-tmp/tokenizer-eval/data/nsynth/nsynth-valid/audio/guitar_electronic_022-069-127.wav,378,guitar_electronic_022,3,guitar,1,electronic,69,127,16000,
4.791263,-1.5092627,keyboard_electronic_002-064-127,keyboard_electronic_002-064-127,/root/autodl-tmp/tokenizer-eval/data/nsynth/nsynth-valid/audio/keyboard_electronic_002-064-127.wav,50,keyboard_electronic_002,4,keyboard,1,electronic,64,127,16000,distortion
-43.247982,50.894596,string_acoustic_057-094-075,string_acoustic_057-094-075,/root/autodl-tmp/tokenizer-eval/data/nsynth/nsynth-valid/audio/string_acoustic_057-094-075.wav,450,string_acoustic_057,8,string,0,acoustic,94,75,16000,nonlinear_env|reverb
-28.874546,27.925861,organ_electronic_007-084-100,organ_electronic_007-084-100,/root/autodl-tmp/tokenizer-eval/data/nsynth/nsynth-valid/audio/organ_electronic_007-084-100.wav,123,organ_electronic_007,6,organ,1,electronic,84,100,16000,bright|distortion|long_release|nonlinear_env
29.432516,79.04051,keyboard_synthetic_000-051-075,keyboard_synthetic_000-051-075,/root/autodl-tmp/tokenizer-eval/data/nsynth/nsynth-valid/audio/keyboard_synthetic_000-051-075.wav,577,keyboard_synthetic_000,4,keyboard,2,synthetic,51,75,16000,distortion|fast_decay|nonlinear_env
37.479206,-44.79215,guitar_electronic_022-037-025,guitar_electronic_022-037-025,/root/autodl-tmp/tokenizer-eval/data/nsynth/nsynth-valid/audio/guitar_electronic_022-037-025.wav,378,guitar_electronic_022,3,guitar,1,electronic,37,25,16000,dark
59.40847,-17.41151,bass_electronic_025-041-075,bass_electronic_025-041-075,/root/autodl-tmp/tokenizer-eval/data/nsynth/nsynth-valid/audio/bass_electronic_025-041-075.wav,872,bass_electronic_025,0,bass,1,electronic,41,75,16000,
55.830875,-25.519695,organ_electronic_028-047-025,organ_electronic_028-047-025,/root/autodl-tmp/tokenizer-eval/data/nsynth/nsynth-valid/audio/organ_electronic_028-047-025.wav,440,organ_electronic_028,6,organ,1,electronic,47,25,16000,dark
47.346405,39.09261,bass_synthetic_134-087-100,bass_synthetic_134-087-100,/root/autodl-tmp/tokenizer-eval/data/nsynth/nsynth-valid/audio/bass_synthetic_134-087-100.wav,914,bass_synthetic_134,0,bass,2,synthetic,87,100,16000,fast_decay|percussive|reverb
-29.622961,15.994856,organ_electronic_028-086-100,organ_electronic_028-086-100,/root/autodl-tmp/tokenizer-eval/data/nsynth/nsynth-valid/audio/organ_electronic_028-086-100.wav,440,organ_electronic_028,6,organ,1,electronic,86,100,16000,bright
23.910019,40.58958,mallet_acoustic_047-092-025,mallet_acoustic_047-092-025,/root/autodl-tmp/tokenizer-eval/data/nsynth/nsynth-valid/audio/mallet_acoustic_047-092-025.wav,488,mallet_acoustic_047,5,mallet,0,acoustic,92,25,16000,fast_decay|percussive|reverb
23.381626,43.863,mallet_acoustic_047-096-025,mallet_acoustic_047-096-025,/root/autodl-tmp/tokenizer-eval/data/nsynth/nsynth-valid/audio/mallet_acoustic_047-096-025.wav,488,mallet_acoustic_047,5,mallet,0,acoustic,96,25,16000,fast_decay|percussive|reverb
16.18208,-81.266266,flute_synthetic_000-048-025,flute_synthetic_000-048-025,/root/autodl-tmp/tokenizer-eval/data/nsynth/nsynth-valid/audio/flute_synthetic_000-048-025.wav,82,flute_synthetic_000,2,flute,2,synthetic,48,25,16000,distortion
-47.930454,44.35024,flute_acoustic_002-096-100,flute_acoustic_002-096-100,/root/autodl-tmp/tokenizer-eval/data/nsynth/nsynth-valid/audio/flute_acoustic_002-096-100.wav,86,flute_acoustic_002,2,flute,0,acoustic,96,100,16000,long_release|reverb
-47.596054,-34.92477,vocal_synthetic_003-066-075,vocal_synthetic_003-066-075,/root/autodl-tmp/tokenizer-eval/data/nsynth/nsynth-valid/audio/vocal_synthetic_003-066-075.wav,37,vocal_synthetic_003,10,vocal,2,synthetic,66,75,16000,bright|distortion|long_release|nonlinear_env
-19.951235,-43.83137,brass_acoustic_059-047-100,brass_acoustic_059-047-100,/root/autodl-tmp/tokenizer-eval/data/nsynth/nsynth-valid/audio/brass_acoustic_059-047-100.wav,572,brass_acoustic_059,1,brass,0,acoustic,47,100,16000,reverb
36.179104,-42.272686,guitar_acoustic_010-036-050,guitar_acoustic_010-036-050,/root/autodl-tmp/tokenizer-eval/data/nsynth/nsynth-valid/audio/guitar_acoustic_010-036-050.wav,219,guitar_acoustic_010,3,guitar,0,acoustic,36,50,16000,
18.747042,21.12495,keyboard_electronic_098-072-127,keyboard_electronic_098-072-127,/root/autodl-tmp/tokenizer-eval/data/nsynth/nsynth-valid/audio/keyboard_electronic_098-072-127.wav,905,keyboard_electronic_098,4,keyboard,1,electronic,72,127,16000,
27.282824,44.463364,string_acoustic_056-070-075,string_acoustic_056-070-075,/root/autodl-tmp/tokenizer-eval/data/nsynth/nsynth-valid/audio/string_acoustic_056-070-075.wav,436,string_acoustic_056,8,string,0,acoustic,70,75,16000,fast_decay|percussive|reverb
64.56917,-6.2742443,mallet_acoustic_062-031-100,mallet_acoustic_062-031-100,/root/autodl-tmp/tokenizer-eval/data/nsynth/nsynth-valid/audio/mallet_acoustic_062-031-100.wav,644,mallet_acoustic_062,5,mallet,0,acoustic,31,100,16000,dark|long_release|multiphonic
-23.636662,42.162067,string_acoustic_057-080-050,string_acoustic_057-080-050,/root/autodl-tmp/tokenizer-eval/data/nsynth/nsynth-valid/audio/string_acoustic_057-080-050.wav,450,string_acoustic_057,8,string,0,acoustic,80,50,16000,bright|nonlinear_env|reverb
9.907599,-2.8953013,bass_synthetic_135-067-050,bass_synthetic_135-067-050,/root/autodl-tmp/tokenizer-eval/data/nsynth/nsynth-valid/audio/bass_synthetic_135-067-050.wav,927,bass_synthetic_135,0,bass,2,synthetic,67,50,16000,distortion
33.434162,49.71979,mallet_acoustic_047-095-025,mallet_acoustic_047-095-025,/root/autodl-tmp/tokenizer-eval/data/nsynth/nsynth-valid/audio/mallet_acoustic_047-095-025.wav,488,mallet_acoustic_047,5,mallet,0,acoustic,95,25,16000,fast_decay|percussive|reverb
45.089165,-23.953548,guitar_acoustic_021-049-100,guitar_acoustic_021-049-100,/root/autodl-tmp/tokenizer-eval/data/nsynth/nsynth-valid/audio/guitar_acoustic_021-049-100.wav,457,guitar_acoustic_021,3,guitar,0,acoustic,49,100,16000,
-67.648994,47.4354,vocal_synthetic_003-080-075,vocal_synthetic_003-080-075,/root/autodl-tmp/tokenizer-eval/data/nsynth/nsynth-valid/audio/vocal_synthetic_003-080-075.wav,37,vocal_synthetic_003,10,vocal,2,synthetic,80,75,16000,bright|distortion|long_release|nonlinear_env
7.8040624,-83.38078,flute_synthetic_000-053-100,flute_synthetic_000-053-100,/root/autodl-tmp/tokenizer-eval/data/nsynth/nsynth-valid/audio/flute_synthetic_000-053-100.wav,82,flute_synthetic_000,2,flute,2,synthetic,53,100,16000,distortion
-36.098995,36.168457,string_acoustic_057-083-050,string_acoustic_057-083-050,/root/autodl-tmp/tokenizer-eval/data/nsynth/nsynth-valid/audio/string_acoustic_057-083-050.wav,450,string_acoustic_057,8,string,0,acoustic,83,50,16000,bright|nonlinear_env|reverb
5.1622787,1.133953,guitar_electronic_028-065-025,guitar_electronic_028-065-025,/root/autodl-tmp/tokenizer-eval/data/nsynth/nsynth-valid/audio/guitar_electronic_028-065-025.wav,510,guitar_electronic_028,3,guitar,1,electronic,65,25,16000,
-34.56027,28.465721,string_acoustic_057-084-100,string_acoustic_057-084-100,/root/autodl-tmp/tokenizer-eval/data/nsynth/nsynth-valid/audio/string_acoustic_057-084-100.wav,450,string_acoustic_057,8,string,0,acoustic,84,100,16000,bright|nonlinear_env|reverb
19.58223,55.88647,string_acoustic_056-079-100,string_acoustic_056-079-100,/root/autodl-tmp/tokenizer-eval/data/nsynth/nsynth-valid/audio/string_acoustic_056-079-100.wav,436,string_acoustic_056,8,string,0,acoustic,79,100,16000,fast_decay|percussive|reverb
2.1504269,-6.21484,guitar_acoustic_030-063-100,guitar_acoustic_030-063-100,/root/autodl-tmp/tokenizer-eval/data/nsynth/nsynth-valid/audio/guitar_acoustic_030-063-100.wav,642,guitar_acoustic_030,3,guitar,0,acoustic,63,100,16000,long_release|tempo-synced
18.415632,60.62466,guitar_acoustic_014-092-050,guitar_acoustic_014-092-050,/root/autodl-tmp/tokenizer-eval/data/nsynth/nsynth-valid/audio/guitar_acoustic_014-092-050.wav,263,guitar_acoustic_014,3,guitar,0,acoustic,92,50,16000,fast_decay|percussive
39.910294,-46.24759,keyboard_electronic_069-040-025,keyboard_electronic_069-040-025,/root/autodl-tmp/tokenizer-eval/data/nsynth/nsynth-valid/audio/keyboard_electronic_069-040-025.wav,805,keyboard_electronic_069,4,keyboard,1,electronic,40,25,16000,distortion
-1.9623761,-85.15535,flute_synthetic_000-058-127,flute_synthetic_000-058-127,/root/autodl-tmp/tokenizer-eval/data/nsynth/nsynth-valid/audio/flute_synthetic_000-058-127.wav,82,flute_synthetic_000,2,flute,2,synthetic,58,127,16000,distortion
-36.14677,36.156254,string_acoustic_057-083-075,string_acoustic_057-083-075,/root/autodl-tmp/tokenizer-eval/data/nsynth/nsynth-valid/audio/string_acoustic_057-083-075.wav,450,string_acoustic_057,8,string,0,acoustic,83,75,16000,bright|nonlinear_env|reverb
13.0810795,-27.993778,organ_electronic_001-038-050,organ_electronic_001-038-050,/root/autodl-tmp/tokenizer-eval/data/nsynth/nsynth-valid/audio/organ_electronic_001-038-050.wav,8,organ_electronic_001,6,organ,1,electronic,38,50,16000,dark
22.220846,-59.111298,string_acoustic_012-031-050,string_acoustic_012-031-050,/root/autodl-tmp/tokenizer-eval/data/nsynth/nsynth-valid/audio/string_acoustic_012-031-050.wav,97,string_acoustic_012,8,string,0,acoustic,31,50,16000,long_release|reverb
-23.439684,57.993645,organ_electronic_028-088-050,organ_electronic_028-088-050,/root/autodl-tmp/tokenizer-eval/data/nsynth/nsynth-valid/audio/organ_electronic_028-088-050.wav,440,organ_electronic_028,6,organ,1,electronic,88,50,16000,
-35.66607,-62.745033,vocal_synthetic_003-045-075,vocal_synthetic_003-045-075,/root/autodl-tmp/tokenizer-eval/data/nsynth/nsynth-valid/audio/vocal_synthetic_003-045-075.wav,37,vocal_synthetic_003,10,vocal,2,synthetic,45,75,16000,distortion|long_release|nonlinear_env
-39.645493,42.04373,organ_electronic_001-094-075,organ_electronic_001-094-075,/root/autodl-tmp/tokenizer-eval/data/nsynth/nsynth-valid/audio/organ_electronic_001-094-075.wav,8,organ_electronic_001,6,organ,1,electronic,94,75,16000,
4.8660555,23.864283,keyboard_electronic_003-076-127,keyboard_electronic_003-076-127,/root/autodl-tmp/tokenizer-eval/data/nsynth/nsynth-valid/audio/keyboard_electronic_003-076-127.wav,65,keyboard_electronic_003,4,keyboard,1,electronic,76,127,16000,
-11.177203,-44.989475,reed_acoustic_037-038-127,reed_acoustic_037-038-127,/root/autodl-tmp/tokenizer-eval/data/nsynth/nsynth-valid/audio/reed_acoustic_037-038-127.wav,387,reed_acoustic_037,7,reed,0,acoustic,38,127,16000,long_release|reverb
34.21851,-64.082664,flute_synthetic_000-032-050,flute_synthetic_000-032-050,/root/autodl-tmp/tokenizer-eval/data/nsynth/nsynth-valid/audio/flute_synthetic_000-032-050.wav,82,flute_synthetic_000,2,flute,2,synthetic,32,50,16000,distortion
31.566708,-8.59519,keyboard_electronic_098-056-025,keyboard_electronic_098-056-025,/root/autodl-tmp/tokenizer-eval/data/nsynth/nsynth-valid/audio/keyboard_electronic_098-056-025.wav,905,keyboard_electronic_098,4,keyboard,1,electronic,56,25,16000,dark
-27.771261,-17.506254,brass_acoustic_015-066-075,brass_acoustic_015-066-075,/root/autodl-tmp/tokenizer-eval/data/nsynth/nsynth-valid/audio/brass_acoustic_015-066-075.wav,121,brass_acoustic_015,1,brass,0,acoustic,66,75,16000,reverb
-12.8355465,13.612443,reed_acoustic_037-076-025,reed_acoustic_037-076-025,/root/autodl-tmp/tokenizer-eval/data/nsynth/nsynth-valid/audio/reed_acoustic_037-076-025.wav,387,reed_acoustic_037,7,reed,0,acoustic,76,25,16000,reverb
-36.717136,-61.645164,vocal_synthetic_003-046-100,vocal_synthetic_003-046-100,/root/autodl-tmp/tokenizer-eval/data/nsynth/nsynth-valid/audio/vocal_synthetic_003-046-100.wav,37,vocal_synthetic_003,10,vocal,2,synthetic,46,100,16000,bright|distortion|long_release|nonlinear_env
-5.707513,49.72252,bass_synthetic_033-086-127,bass_synthetic_033-086-127,/root/autodl-tmp/tokenizer-eval/data/nsynth/nsynth-valid/audio/bass_synthetic_033-086-127.wav,417,bass_synthetic_033,0,bass,2,synthetic,86,127,16000,
20.14444,59.20187,guitar_acoustic_015-095-050,guitar_acoustic_015-095-050,/root/autodl-tmp/tokenizer-eval/data/nsynth/nsynth-valid/audio/guitar_acoustic_015-095-050.wav,316,guitar_acoustic_015,3,guitar,0,acoustic,95,50,16000,fast_decay|percussive|reverb
-23.294441,-39.732265,reed_acoustic_011-054-050,reed_acoustic_011-054-050,/root/autodl-tmp/tokenizer-eval/data/nsynth/nsynth-valid/audio/reed_acoustic_011-054-050.wav,104,reed_acoustic_011,7,reed,0,acoustic,54,50,16000,
-89.01486,-81.233635,brass_acoustic_046-091-050,brass_acoustic_046-091-050,/root/autodl-tmp/tokenizer-eval/data/nsynth/nsynth-valid/audio/brass_acoustic_046-091-050.wav,414,brass_acoustic_046,1,brass,0,acoustic,91,50,16000,long_release
26.10128,-21.665974,keyboard_electronic_098-052-100,keyboard_electronic_098-052-100,/root/autodl-tmp/tokenizer-eval/data/nsynth/nsynth-valid/audio/keyboard_electronic_098-052-100.wav,905,keyboard_electronic_098,4,keyboard,1,electronic,52,100,16000,dark
26.461184,88.574814,reed_acoustic_023-086-075,reed_acoustic_023-086-075,/root/autodl-tmp/tokenizer-eval/data/nsynth/nsynth-valid/audio/reed_acoustic_023-086-075.wav,224,reed_acoustic_023,7,reed,0,acoustic,86,75,16000,fast_decay|multiphonic|nonlinear_env
-35.76424,-5.417771,organ_electronic_104-071-127,organ_electronic_104-071-127,/root/autodl-tmp/tokenizer-eval/data/nsynth/nsynth-valid/audio/organ_electronic_104-071-127.wav,921,organ_electronic_104,6,organ,1,electronic,71,127,16000,
-60.891434,2.3599687,vocal_synthetic_003-069-050,vocal_synthetic_003-069-050,/root/autodl-tmp/tokenizer-eval/data/nsynth/nsynth-valid/audio/vocal_synthetic_003-069-050.wav,37,vocal_synthetic_003,10,vocal,2,synthetic,69,50,16000,bright|distortion|long_release|nonlinear_env
-21.145384,5.1011386,brass_acoustic_016-077-127,brass_acoustic_016-077-127,/root/autodl-tmp/tokenizer-eval/data/nsynth/nsynth-valid/audio/brass_acoustic_016-077-127.wav,128,brass_acoustic_016,1,brass,0,acoustic,77,127,16000,bright
24.128345,46.965885,mallet_acoustic_047-080-127,mallet_acoustic_047-080-127,/root/autodl-tmp/tokenizer-eval/data/nsynth/nsynth-valid/audio/mallet_acoustic_047-080-127.wav,488,mallet_acoustic_047,5,mallet,0,acoustic,80,127,16000,fast_decay|percussive|reverb
-46.40798,17.307688,organ_electronic_001-084-100,organ_electronic_001-084-100,/root/autodl-tmp/tokenizer-eval/data/nsynth/nsynth-valid/audio/organ_electronic_001-084-100.wav,8,organ_electronic_001,6,organ,1,electronic,84,100,16000,
-88.489395,-23.984774,bass_synthetic_098-074-050,bass_synthetic_098-074-050,/root/autodl-tmp/tokenizer-eval/data/nsynth/nsynth-valid/audio/bass_synthetic_098-074-050.wav,803,bass_synthetic_098,0,bass,2,synthetic,74,50,16000,
17.13536,82.16735,keyboard_synthetic_000-090-127,keyboard_synthetic_000-090-127,/root/autodl-tmp/tokenizer-eval/data/nsynth/nsynth-valid/audio/keyboard_synthetic_000-090-127.wav,577,keyboard_synthetic_000,4,keyboard,2,synthetic,90,127,16000,bright|distortion|fast_decay|nonlinear_env
-0.18713193,-16.88227,guitar_acoustic_015-058-050,guitar_acoustic_015-058-050,/root/autodl-tmp/tokenizer-eval/data/nsynth/nsynth-valid/audio/guitar_acoustic_015-058-050.wav,316,guitar_acoustic_015,3,guitar,0,acoustic,58,50,16000,reverb
-35.036453,36.392918,brass_acoustic_006-083-075,brass_acoustic_006-083-075,/root/autodl-tmp/tokenizer-eval/data/nsynth/nsynth-valid/audio/brass_acoustic_006-083-075.wav,43,brass_acoustic_006,1,brass,0,acoustic,83,75,16000,reverb
61.40364,-2.7345903,mallet_acoustic_062-036-050,mallet_acoustic_062-036-050,/root/autodl-tmp/tokenizer-eval/data/nsynth/nsynth-valid/audio/mallet_acoustic_062-036-050.wav,644,mallet_acoustic_062,5,mallet,0,acoustic,36,50,16000,dark|multiphonic
-32.173462,-37.580196,flute_synthetic_000-063-100,flute_synthetic_000-063-100,/root/autodl-tmp/tokenizer-eval/data/nsynth/nsynth-valid/audio/flute_synthetic_000-063-100.wav,82,flute_synthetic_000,2,flute,2,synthetic,63,100,16000,distortion
-51.275066,-6.5490227,organ_electronic_113-070-025,organ_electronic_113-070-025,/root/autodl-tmp/tokenizer-eval/data/nsynth/nsynth-valid/audio/organ_electronic_113-070-025.wav,958,organ_electronic_113,6,organ,1,electronic,70,25,16000,
36.64257,2.7866807,bass_electronic_025-059-100,bass_electronic_025-059-100,/root/autodl-tmp/tokenizer-eval/data/nsynth/nsynth-valid/audio/bass_electronic_025-059-100.wav,872,bass_electronic_025,0,bass,1,electronic,59,100,16000,
25.141878,41.48543,mallet_acoustic_047-085-025,mallet_acoustic_047-085-025,/root/autodl-tmp/tokenizer-eval/data/nsynth/nsynth-valid/audio/mallet_acoustic_047-085-025.wav,488,mallet_acoustic_047,5,mallet,0,acoustic,85,25,16000,fast_decay|percussive|reverb
8.855366,-20.500038,organ_electronic_057-060-050,organ_electronic_057-060-050,/root/autodl-tmp/tokenizer-eval/data/nsynth/nsynth-valid/audio/organ_electronic_057-060-050.wav,701,organ_electronic_057,6,organ,1,electronic,60,50,16000,dark
-17.221457,-28.144865,reed_acoustic_037-061-075,reed_acoustic_037-061-075,/root/autodl-tmp/tokenizer-eval/data/nsynth/nsynth-valid/audio/reed_acoustic_037-061-075.wav,387,reed_acoustic_037,7,reed,0,acoustic,61,75,16000,long_release|reverb
-2.2623577,-48.778442,brass_acoustic_059-036-050,brass_acoustic_059-036-050,/root/autodl-tmp/tokenizer-eval/data/nsynth/nsynth-valid/audio/brass_acoustic_059-036-050.wav,572,brass_acoustic_059,1,brass,0,acoustic,36,50,16000,reverb
-51.661884,30.352676,bass_synthetic_009-092-127,bass_synthetic_009-092-127,/root/autodl-tmp/tokenizer-eval/data/nsynth/nsynth-valid/audio/bass_synthetic_009-092-127.wav,150,bass_synthetic_009,0,bass,2,synthetic,92,127,16000,long_release
-24.583467,55.200634,string_acoustic_057-088-025,string_acoustic_057-088-025,/root/autodl-tmp/tokenizer-eval/data/nsynth/nsynth-valid/audio/string_acoustic_057-088-025.wav,450,string_acoustic_057,8,string,0,acoustic,88,25,16000,bright|nonlinear_env|reverb
-36.66907,-60.213825,vocal_synthetic_003-047-100,vocal_synthetic_003-047-100,/root/autodl-tmp/tokenizer-eval/data/nsynth/nsynth-valid/audio/vocal_synthetic_003-047-100.wav,37,vocal_synthetic_003,10,vocal,2,synthetic,47,100,16000,bright|distortion|long_release|nonlinear_env
-44.495308,-10.5359,brass_acoustic_015-069-075,brass_acoustic_015-069-075,/root/autodl-tmp/tokenizer-eval/data/nsynth/nsynth-valid/audio/brass_acoustic_015-069-075.wav,121,brass_acoustic_015,1,brass,0,acoustic,69,75,16000,reverb
15.95915,18.47783,organ_electronic_028-072-050,organ_electronic_028-072-050,/root/autodl-tmp/tokenizer-eval/data/nsynth/nsynth-valid/audio/organ_electronic_028-072-050.wav,440,organ_electronic_028,6,organ,1,electronic,72,50,16000,dark
-28.510214,27.176523,organ_electronic_007-085-127,organ_electronic_007-085-127,/root/autodl-tmp/tokenizer-eval/data/nsynth/nsynth-valid/audio/organ_electronic_007-085-127.wav,123,organ_electronic_007,6,organ,1,electronic,85,127,16000,bright|distortion|long_release|nonlinear_env
29.523819,76.06421,keyboard_synthetic_000-034-100,keyboard_synthetic_000-034-100,/root/autodl-tmp/tokenizer-eval/data/nsynth/nsynth-valid/audio/keyboard_synthetic_000-034-100.wav,577,keyboard_synthetic_000,4,keyboard,2,synthetic,34,100,16000,distortion|fast_decay|nonlinear_env
28.084791,41.792423,string_acoustic_056-077-025,string_acoustic_056-077-025,/root/autodl-tmp/tokenizer-eval/data/nsynth/nsynth-valid/audio/string_acoustic_056-077-025.wav,436,string_acoustic_056,8,string,0,acoustic,77,25,16000,fast_decay|percussive|reverb
-20.844141,9.636808,string_acoustic_057-077-127,string_acoustic_057-077-127,/root/autodl-tmp/tokenizer-eval/data/nsynth/nsynth-valid/audio/string_acoustic_057-077-127.wav,450,string_acoustic_057,8,string,0,acoustic,77,127,16000,bright|nonlinear_env|reverb
34.254883,-20.522938,string_acoustic_014-050-050,string_acoustic_014-050-050,/root/autodl-tmp/tokenizer-eval/data/nsynth/nsynth-valid/audio/string_acoustic_014-050-050.wav,100,string_acoustic_014,8,string,0,acoustic,50,50,16000,dark|reverb
-44.33513,36.778095,organ_electronic_001-088-025,organ_electronic_001-088-025,/root/autodl-tmp/tokenizer-eval/data/nsynth/nsynth-valid/audio/organ_electronic_001-088-025.wav,8,organ_electronic_001,6,organ,1,electronic,88,25,16000,
14.340568,8.023937,keyboard_electronic_069-069-075,keyboard_electronic_069-069-075,/root/autodl-tmp/tokenizer-eval/data/nsynth/nsynth-valid/audio/keyboard_electronic_069-069-075.wav,805,keyboard_electronic_069,4,keyboard,1,electronic,69,75,16000,distortion
32.339474,75.6061,reed_acoustic_023-032-127,reed_acoustic_023-032-127,/root/autodl-tmp/tokenizer-eval/data/nsynth/nsynth-valid/audio/reed_acoustic_023-032-127.wav,224,reed_acoustic_023,7,reed,0,acoustic,32,127,16000,bright|fast_decay|multiphonic|nonlinear_env
51.156784,-47.23267,bass_synthetic_135-036-050,bass_synthetic_135-036-050,/root/autodl-tmp/tokenizer-eval/data/nsynth/nsynth-valid/audio/bass_synthetic_135-036-050.wav,927,bass_synthetic_135,0,bass,2,synthetic,36,50,16000,distortion
41.742496,73.80315,reed_acoustic_023-044-100,reed_acoustic_023-044-100,/root/autodl-tmp/tokenizer-eval/data/nsynth/nsynth-valid/audio/reed_acoustic_023-044-100.wav,224,reed_acoustic_023,7,reed,0,acoustic,44,100,16000,bright|fast_decay|multiphonic|nonlinear_env
40.893017,48.50211,keyboard_electronic_001-094-100,keyboard_electronic_001-094-100,/root/autodl-tmp/tokenizer-eval/data/nsynth/nsynth-valid/audio/keyboard_electronic_001-094-100.wav,40,keyboard_electronic_001,4,keyboard,1,electronic,94,100,16000,
-0.524593,-47.04341,brass_acoustic_059-038-050,brass_acoustic_059-038-050,/root/autodl-tmp/tokenizer-eval/data/nsynth/nsynth-valid/audio/brass_acoustic_059-038-050.wav,572,brass_acoustic_059,1,brass,0,acoustic,38,50,16000,reverb
-37.647675,55.335224,string_acoustic_057-092-127,string_acoustic_057-092-127,/root/autodl-tmp/tokenizer-eval/data/nsynth/nsynth-valid/audio/string_acoustic_057-092-127.wav,450,string_acoustic_057,8,string,0,acoustic,92,127,16000,nonlinear_env|reverb
-47.967667,-24.110106,reed_acoustic_011-068-127,reed_acoustic_011-068-127,/root/autodl-tmp/tokenizer-eval/data/nsynth/nsynth-valid/audio/reed_acoustic_011-068-127.wav,104,reed_acoustic_011,7,reed,0,acoustic,68,127,16000,
-36.209946,43.79189,organ_electronic_001-092-050,organ_electronic_001-092-050,/root/autodl-tmp/tokenizer-eval/data/nsynth/nsynth-valid/audio/organ_electronic_001-092-050.wav,8,organ_electronic_001,6,organ,1,electronic,92,50,16000,
34.081738,-63.039368,flute_synthetic_000-031-075,flute_synthetic_000-031-075,/root/autodl-tmp/tokenizer-eval/data/nsynth/nsynth-valid/audio/flute_synthetic_000-031-075.wav,82,flute_synthetic_000,2,flute,2,synthetic,31,75,16000,distortion
-27.170902,-17.703075,brass_acoustic_015-065-050,brass_acoustic_015-065-050,/root/autodl-tmp/tokenizer-eval/data/nsynth/nsynth-valid/audio/brass_acoustic_015-065-050.wav,121,brass_acoustic_015,1,brass,0,acoustic,65,50,16000,reverb
-39.007923,46.81486,flute_synthetic_000-093-025,flute_synthetic_000-093-025,/root/autodl-tmp/tokenizer-eval/data/nsynth/nsynth-valid/audio/flute_synthetic_000-093-025.wav,82,flute_synthetic_000,2,flute,2,synthetic,93,25,16000,distortion
4.4116716,-31.662138,organ_electronic_001-066-050,organ_electronic_001-066-050,/root/autodl-tmp/tokenizer-eval/data/nsynth/nsynth-valid/audio/organ_electronic_001-066-050.wav,8,organ_electronic_001,6,organ,1,electronic,66,50,16000,
41.214165,-41.744675,keyboard_electronic_069-046-050,keyboard_electronic_069-046-050,/root/autodl-tmp/tokenizer-eval/data/nsynth/nsynth-valid/audio/keyboard_electronic_069-046-050.wav,805,keyboard_electronic_069,4,keyboard,1,electronic,46,50,16000,distortion
39.72585,-47.046406,keyboard_electronic_069-039-050,keyboard_electronic_069-039-050,/root/autodl-tmp/tokenizer-eval/data/nsynth/nsynth-valid/audio/keyboard_electronic_069-039-050.wav,805,keyboard_electronic_069,4,keyboard,1,electronic,39,50,16000,distortion
-65.77954,15.998508,vocal_synthetic_003-074-100,vocal_synthetic_003-074-100,/root/autodl-tmp/tokenizer-eval/data/nsynth/nsynth-valid/audio/vocal_synthetic_003-074-100.wav,37,vocal_synthetic_003,10,vocal,2,synthetic,74,100,16000,bright|distortion|long_release|nonlinear_env
-7.853254,-83.02224,flute_synthetic_000-061-127,flute_synthetic_000-061-127,/root/autodl-tmp/tokenizer-eval/data/nsynth/nsynth-valid/audio/flute_synthetic_000-061-127.wav,82,flute_synthetic_000,2,flute,2,synthetic,61,127,16000,distortion
57.827374,9.272361,keyboard_acoustic_004-087-127,keyboard_acoustic_004-087-127,/root/autodl-tmp/tokenizer-eval/data/nsynth/nsynth-valid/audio/keyboard_acoustic_004-087-127.wav,327,keyboard_acoustic_004,4,keyboard,0,acoustic,87,127,16000,reverb
40.630455,84.06737,reed_acoustic_023-060-100,reed_acoustic_023-060-100,/root/autodl-tmp/tokenizer-eval/data/nsynth/nsynth-valid/audio/reed_acoustic_023-060-100.wav,224,reed_acoustic_023,7,reed,0,acoustic,60,100,16000,bright|fast_decay|multiphonic|nonlinear_env
-17.742157,34.415123,string_acoustic_057-082-100,string_acoustic_057-082-100,/root/autodl-tmp/tokenizer-eval/data/nsynth/nsynth-valid/audio/string_acoustic_057-082-100.wav,450,string_acoustic_057,8,string,0,acoustic,82,100,16000,bright|nonlinear_env|reverb
-36.23109,43.782276,organ_electronic_001-092-025,organ_electronic_001-092-025,/root/autodl-tmp/tokenizer-eval/data/nsynth/nsynth-valid/audio/organ_electronic_001-092-025.wav,8,organ_electronic_001,6,organ,1,electronic,92,25,16000,
64.55358,-35.53581,string_acoustic_071-051-025,string_acoustic_071-051-025,/root/autodl-tmp/tokenizer-eval/data/nsynth/nsynth-valid/audio/string_acoustic_071-051-025.wav,609,string_acoustic_071,8,string,0,acoustic,51,25,16000,long_release|reverb
46.010902,12.85845,string_acoustic_056-042-127,string_acoustic_056-042-127,/root/autodl-tmp/tokenizer-eval/data/nsynth/nsynth-valid/audio/string_acoustic_056-042-127.wav,436,string_acoustic_056,8,string,0,acoustic,42,127,16000,fast_decay|percussive|reverb
41.515476,46.830814,keyboard_electronic_001-086-100,keyboard_electronic_001-086-100,/root/autodl-tmp/tokenizer-eval/data/nsynth/nsynth-valid/audio/keyboard_electronic_001-086-100.wav,40,keyboard_electronic_001,4,keyboard,1,electronic,86,100,16000,percussive
-10.911488,-44.513344,reed_acoustic_037-039-127,reed_acoustic_037-039-127,/root/autodl-tmp/tokenizer-eval/data/nsynth/nsynth-valid/audio/reed_acoustic_037-039-127.wav,387,reed_acoustic_037,7,reed,0,acoustic,39,127,16000,long_release|reverb
-31.559526,29.198307,brass_acoustic_016-084-050,brass_acoustic_016-084-050,/root/autodl-tmp/tokenizer-eval/data/nsynth/nsynth-valid/audio/brass_acoustic_016-084-050.wav,128,brass_acoustic_016,1,brass,0,acoustic,84,50,16000,bright
-39.57041,12.578303,reed_acoustic_037-074-127,reed_acoustic_037-074-127,/root/autodl-tmp/tokenizer-eval/data/nsynth/nsynth-valid/audio/reed_acoustic_037-074-127.wav,387,reed_acoustic_037,7,reed,0,acoustic,74,127,16000,reverb
30.290157,92.1947,reed_acoustic_023-077-127,reed_acoustic_023-077-127,/root/autodl-tmp/tokenizer-eval/data/nsynth/nsynth-valid/audio/reed_acoustic_023-077-127.wav,224,reed_acoustic_023,7,reed,0,acoustic,77,127,16000,bright|fast_decay|multiphonic|nonlinear_env
33.99679,-42.611336,bass_synthetic_033-036-127,bass_synthetic_033-036-127,/root/autodl-tmp/tokenizer-eval/data/nsynth/nsynth-valid/audio/bass_synthetic_033-036-127.wav,417,bass_synthetic_033,0,bass,2,synthetic,36,127,16000,distortion
-89.08135,-26.534998,bass_synthetic_098-047-127,bass_synthetic_098-047-127,/root/autodl-tmp/tokenizer-eval/data/nsynth/nsynth-valid/audio/bass_synthetic_098-047-127.wav,803,bass_synthetic_098,0,bass,2,synthetic,47,127,16000,distortion
45.294666,29.579123,mallet_acoustic_056-052-075,mallet_acoustic_056-052-075,/root/autodl-tmp/tokenizer-eval/data/nsynth/nsynth-valid/audio/mallet_acoustic_056-052-075.wav,590,mallet_acoustic_056,5,mallet,0,acoustic,52,75,16000,fast_decay|percussive
-89.01486,-81.233635,brass_acoustic_046-096-100,brass_acoustic_046-096-100,/root/autodl-tmp/tokenizer-eval/data/nsynth/nsynth-valid/audio/brass_acoustic_046-096-100.wav,414,brass_acoustic_046,1,brass,0,acoustic,96,100,16000,long_release
17.46988,83.93838,keyboard_synthetic_000-092-025,keyboard_synthetic_000-092-025,/root/autodl-tmp/tokenizer-eval/data/nsynth/nsynth-valid/audio/keyboard_synthetic_000-092-025.wav,577,keyboard_synthetic_000,4,keyboard,2,synthetic,92,25,16000,distortion|fast_decay|nonlinear_env|percussive
47.708096,-8.866081,mallet_acoustic_062-049-100,mallet_acoustic_062-049-100,/root/autodl-tmp/tokenizer-eval/data/nsynth/nsynth-valid/audio/mallet_acoustic_062-049-100.wav,644,mallet_acoustic_062,5,mallet,0,acoustic,49,100,16000,dark|multiphonic
-69.51309,30.084448,vocal_synthetic_003-088-127,vocal_synthetic_003-088-127,/root/autodl-tmp/tokenizer-eval/data/nsynth/nsynth-valid/audio/vocal_synthetic_003-088-127.wav,37,vocal_synthetic_003,10,vocal,2,synthetic,88,127,16000,bright|distortion|long_release|nonlinear_env
-32.27553,-39.413147,flute_synthetic_000-062-127,flute_synthetic_000-062-127,/root/autodl-tmp/tokenizer-eval/data/nsynth/nsynth-valid/audio/flute_synthetic_000-062-127.wav,82,flute_synthetic_000,2,flute,2,synthetic,62,127,16000,distortion
49.035,-19.544083,keyboard_acoustic_004-047-075,keyboard_acoustic_004-047-075,/root/autodl-tmp/tokenizer-eval/data/nsynth/nsynth-valid/audio/keyboard_acoustic_004-047-075.wav,327,keyboard_acoustic_004,4,keyboard,0,acoustic,47,75,16000,reverb
-27.439545,65.132935,bass_synthetic_033-090-127,bass_synthetic_033-090-127,/root/autodl-tmp/tokenizer-eval/data/nsynth/nsynth-valid/audio/bass_synthetic_033-090-127.wav,417,bass_synthetic_033,0,bass,2,synthetic,90,127,16000,
-40.986374,-4.316427,flute_acoustic_002-070-127,flute_acoustic_002-070-127,/root/autodl-tmp/tokenizer-eval/data/nsynth/nsynth-valid/audio/flute_acoustic_002-070-127.wav,86,flute_acoustic_002,2,flute,0,acoustic,70,127,16000,long_release|reverb
27.193254,-59.610416,string_acoustic_080-035-075,string_acoustic_080-035-075,/root/autodl-tmp/tokenizer-eval/data/nsynth/nsynth-valid/audio/string_acoustic_080-035-075.wav,675,string_acoustic_080,8,string,0,acoustic,35,75,16000,long_release|reverb
-3.3369243,49.342884,keyboard_electronic_078-086-025,keyboard_electronic_078-086-025,/root/autodl-tmp/tokenizer-eval/data/nsynth/nsynth-valid/audio/keyboard_electronic_078-086-025.wav,838,keyboard_electronic_078,4,keyboard,1,electronic,86,25,16000,
-62.05673,45.407482,vocal_synthetic_003-093-127,vocal_synthetic_003-093-127,/root/autodl-tmp/tokenizer-eval/data/nsynth/nsynth-valid/audio/vocal_synthetic_003-093-127.wav,37,vocal_synthetic_003,10,vocal,2,synthetic,93,127,16000,bright|distortion|long_release|nonlinear_env
-21.966286,-45.469707,reed_acoustic_011-044-100,reed_acoustic_011-044-100,/root/autodl-tmp/tokenizer-eval/data/nsynth/nsynth-valid/audio/reed_acoustic_011-044-100.wav,104,reed_acoustic_011,7,reed,0,acoustic,44,100,16000,bright
-6.269856,0.78085244,brass_acoustic_059-063-100,brass_acoustic_059-063-100,/root/autodl-tmp/tokenizer-eval/data/nsynth/nsynth-valid/audio/brass_acoustic_059-063-100.wav,572,brass_acoustic_059,1,brass,0,acoustic,63,100,16000,reverb
-36.091827,47.845577,flute_synthetic_000-092-025,flute_synthetic_000-092-025,/root/autodl-tmp/tokenizer-eval/data/nsynth/nsynth-valid/audio/flute_synthetic_000-092-025.wav,82,flute_synthetic_000,2,flute,2,synthetic,92,25,16000,distortion
24.95792,-19.078146,guitar_electronic_022-053-025,guitar_electronic_022-053-025,/root/autodl-tmp/tokenizer-eval/data/nsynth/nsynth-valid/audio/guitar_electronic_022-053-025.wav,378,guitar_electronic_022,3,guitar,1,electronic,53,25,16000,dark
5.725245,25.282413,bass_synthetic_068-076-050,bass_synthetic_068-076-050,/root/autodl-tmp/tokenizer-eval/data/nsynth/nsynth-valid/audio/bass_synthetic_068-076-050.wav,656,bass_synthetic_068,0,bass,2,synthetic,76,50,16000,
-10.727662,-42.93352,reed_acoustic_037-046-127,reed_acoustic_037-046-127,/root/autodl-tmp/tokenizer-eval/data/nsynth/nsynth-valid/audio/reed_acoustic_037-046-127.wav,387,reed_acoustic_037,7,reed,0,acoustic,46,127,16000,reverb
9.687245,24.058155,keyboard_electronic_002-075-025,keyboard_electronic_002-075-025,/root/autodl-tmp/tokenizer-eval/data/nsynth/nsynth-valid/audio/keyboard_electronic_002-075-025.wav,50,keyboard_electronic_002,4,keyboard,1,electronic,75,25,16000,
49.874264,33.48163,mallet_acoustic_056-037-100,mallet_acoustic_056-037-100,/root/autodl-tmp/tokenizer-eval/data/nsynth/nsynth-valid/audio/mallet_acoustic_056-037-100.wav,590,mallet_acoustic_056,5,mallet,0,acoustic,37,100,16000,bright|fast_decay|percussive
39.962124,21.375391,mallet_acoustic_056-069-100,mallet_acoustic_056-069-100,/root/autodl-tmp/tokenizer-eval/data/nsynth/nsynth-valid/audio/mallet_acoustic_056-069-100.wav,590,mallet_acoustic_056,5,mallet,0,acoustic,69,100,16000,fast_decay
-47.307426,1.1440285,string_acoustic_057-071-127,string_acoustic_057-071-127,/root/autodl-tmp/tokenizer-eval/data/nsynth/nsynth-valid/audio/string_acoustic_057-071-127.wav,450,string_acoustic_057,8,string,0,acoustic,71,127,16000,bright|nonlinear_env|reverb
29.25411,-26.183636,keyboard_electronic_003-051-127,keyboard_electronic_003-051-127,/root/autodl-tmp/tokenizer-eval/data/nsynth/nsynth-valid/audio/keyboard_electronic_003-051-127.wav,65,keyboard_electronic_003,4,keyboard,1,electronic,51,127,16000,
2.0713267,-58.136185,reed_acoustic_011-035-075,reed_acoustic_011-035-075,/root/autodl-tmp/tokenizer-eval/data/nsynth/nsynth-valid/audio/reed_acoustic_011-035-075.wav,104,reed_acoustic_011,7,reed,0,acoustic,35,75,16000,
35.281574,-4.6989193,mallet_acoustic_062-056-127,mallet_acoustic_062-056-127,/root/autodl-tmp/tokenizer-eval/data/nsynth/nsynth-valid/audio/mallet_acoustic_062-056-127.wav,644,mallet_acoustic_062,5,mallet,0,acoustic,56,127,16000,dark|long_release|multiphonic
-23.60762,42.10965,string_acoustic_057-080-075,string_acoustic_057-080-075,/root/autodl-tmp/tokenizer-eval/data/nsynth/nsynth-valid/audio/string_acoustic_057-080-075.wav,450,string_acoustic_057,8,string,0,acoustic,80,75,16000,bright|nonlinear_env|reverb
15.811157,-5.746159,bass_synthetic_033-064-050,bass_synthetic_033-064-050,/root/autodl-tmp/tokenizer-eval/data/nsynth/nsynth-valid/audio/bass_synthetic_033-064-050.wav,417,bass_synthetic_033,0,bass,2,synthetic,64,50,16000,
-28.660027,-69.03833,vocal_synthetic_003-037-127,vocal_synthetic_003-037-127,/root/autodl-tmp/tokenizer-eval/data/nsynth/nsynth-valid/audio/vocal_synthetic_003-037-127.wav,37,vocal_synthetic_003,10,vocal,2,synthetic,37,127,16000,bright|distortion|long_release|nonlinear_env
46.418774,40.802605,bass_synthetic_134-084-025,bass_synthetic_134-084-025,/root/autodl-tmp/tokenizer-eval/data/nsynth/nsynth-valid/audio/bass_synthetic_134-084-025.wav,914,bass_synthetic_134,0,bass,2,synthetic,84,25,16000,fast_decay|percussive|reverb
52.600193,10.956587,string_acoustic_014-060-050,string_acoustic_014-060-050,/root/autodl-tmp/tokenizer-eval/data/nsynth/nsynth-valid/audio/string_acoustic_014-060-050.wav,100,string_acoustic_014,8,string,0,acoustic,60,50,16000,dark|reverb
35.41408,-38.29895,guitar_electronic_028-040-050,guitar_electronic_028-040-050,/root/autodl-tmp/tokenizer-eval/data/nsynth/nsynth-valid/audio/guitar_electronic_028-040-050.wav,510,guitar_electronic_028,3,guitar,1,electronic,40,50,16000,dark
-6.5141397,-43.396423,reed_acoustic_037-040-050,reed_acoustic_037-040-050,/root/autodl-tmp/tokenizer-eval/data/nsynth/nsynth-valid/audio/reed_acoustic_037-040-050.wav,387,reed_acoustic_037,7,reed,0,acoustic,40,50,16000,reverb
17.148489,82.26907,keyboard_synthetic_000-090-050,keyboard_synthetic_000-090-050,/root/autodl-tmp/tokenizer-eval/data/nsynth/nsynth-valid/audio/keyboard_synthetic_000-090-050.wav,577,keyboard_synthetic_000,4,keyboard,2,synthetic,90,50,16000,bright|distortion|fast_decay|nonlinear_env
16.870798,-29.320047,organ_electronic_057-044-025,organ_electronic_057-044-025,/root/autodl-tmp/tokenizer-eval/data/nsynth/nsynth-valid/audio/organ_electronic_057-044-025.wav,701,organ_electronic_057,6,organ,1,electronic,44,25,16000,dark
52.010143,-47.06603,bass_synthetic_135-035-127,bass_synthetic_135-035-127,/root/autodl-tmp/tokenizer-eval/data/nsynth/nsynth-valid/audio/bass_synthetic_135-035-127.wav,927,bass_synthetic_135,0,bass,2,synthetic,35,127,16000,distortion
-32.514015,-8.232257,flute_synthetic_000-071-025,flute_synthetic_000-071-025,/root/autodl-tmp/tokenizer-eval/data/nsynth/nsynth-valid/audio/flute_synthetic_000-071-025.wav,82,flute_synthetic_000,2,flute,2,synthetic,71,25,16000,distortion
45.907997,-45.11541,bass_electronic_027-038-075,bass_electronic_027-038-075,/root/autodl-tmp/tokenizer-eval/data/nsynth/nsynth-valid/audio/bass_electronic_027-038-075.wav,880,bass_electronic_027,0,bass,1,electronic,38,75,16000,
-0.49758208,28.693176,keyboard_electronic_003-078-100,keyboard_electronic_003-078-100,/root/autodl-tmp/tokenizer-eval/data/nsynth/nsynth-valid/audio/keyboard_electronic_003-078-100.wav,65,keyboard_electronic_003,4,keyboard,1,electronic,78,100,16000,
37.06282,13.997078,mallet_acoustic_062-059-050,mallet_acoustic_062-059-050,/root/autodl-tmp/tokenizer-eval/data/nsynth/nsynth-valid/audio/mallet_acoustic_062-059-050.wav,644,mallet_acoustic_062,5,mallet,0,acoustic,59,50,16000,dark|fast_decay|multiphonic
32.422733,-75.384384,flute_synthetic_000-039-050,flute_synthetic_000-039-050,/root/autodl-tmp/tokenizer-eval/data/nsynth/nsynth-valid/audio/flute_synthetic_000-039-050.wav,82,flute_synthetic_000,2,flute,2,synthetic,39,50,16000,distortion
29.85474,92.22108,reed_acoustic_023-077-050,reed_acoustic_023-077-050,/root/autodl-tmp/tokenizer-eval/data/nsynth/nsynth-valid/audio/reed_acoustic_023-077-050.wav,224,reed_acoustic_023,7,reed,0,acoustic,77,50,16000,bright|fast_decay|multiphonic|nonlinear_env
-24.628963,19.661533,brass_acoustic_016-088-075,brass_acoustic_016-088-075,/root/autodl-tmp/tokenizer-eval/data/nsynth/nsynth-valid/audio/brass_acoustic_016-088-075.wav,128,brass_acoustic_016,1,brass,0,acoustic,88,75,16000,
-32.576885,66.206406,bass_synthetic_033-093-127,bass_synthetic_033-093-127,/root/autodl-tmp/tokenizer-eval/data/nsynth/nsynth-valid/audio/bass_synthetic_033-093-127.wav,417,bass_synthetic_033,0,bass,2,synthetic,93,127,16000,
-0.9270136,48.63037,mallet_acoustic_056-086-025,mallet_acoustic_056-086-025,/root/autodl-tmp/tokenizer-eval/data/nsynth/nsynth-valid/audio/mallet_acoustic_056-086-025.wav,590,mallet_acoustic_056,5,mallet,0,acoustic,86,25,16000,fast_decay
-31.587929,64.5961,guitar_acoustic_010-092-050,guitar_acoustic_010-092-050,/root/autodl-tmp/tokenizer-eval/data/nsynth/nsynth-valid/audio/guitar_acoustic_010-092-050.wav,219,guitar_acoustic_010,3,guitar,0,acoustic,92,50,16000,
-44.140472,-10.877142,reed_acoustic_037-069-050,reed_acoustic_037-069-050,/root/autodl-tmp/tokenizer-eval/data/nsynth/nsynth-valid/audio/reed_acoustic_037-069-050.wav,387,reed_acoustic_037,7,reed,0,acoustic,69,50,16000,reverb
-32.66985,31.07285,reed_acoustic_018-084-100,reed_acoustic_018-084-100,/root/autodl-tmp/tokenizer-eval/data/nsynth/nsynth-valid/audio/reed_acoustic_018-084-100.wav,183,reed_acoustic_018,7,reed,0,acoustic,84,100,16000,
57.3449,5.3981805,keyboard_acoustic_004-077-050,keyboard_acoustic_004-077-050,/root/autodl-tmp/tokenizer-eval/data/nsynth/nsynth-valid/audio/keyboard_acoustic_004-077-050.wav,327,keyboard_acoustic_004,4,keyboard,0,acoustic,77,50,16000,dark|reverb
-5.814555,-37.665054,brass_acoustic_059-044-025,brass_acoustic_059-044-025,/root/autodl-tmp/tokenizer-eval/data/nsynth/nsynth-valid/audio/brass_acoustic_059-044-025.wav,572,brass_acoustic_059,1,brass,0,acoustic,44,25,16000,dark|reverb
-23.357367,56.305702,flute_acoustic_002-088-025,flute_acoustic_002-088-025,/root/autodl-tmp/tokenizer-eval/data/nsynth/nsynth-valid/audio/flute_acoustic_002-088-025.wav,86,flute_acoustic_002,2,flute,0,acoustic,88,25,16000,reverb
-17.064308,-30.739822,brass_acoustic_006-060-050,brass_acoustic_006-060-050,/root/autodl-tmp/tokenizer-eval/data/nsynth/nsynth-valid/audio/brass_acoustic_006-060-050.wav,43,brass_acoustic_006,1,brass,0,acoustic,60,50,16000,reverb
-39.879185,41.554684,organ_electronic_057-082-127,organ_electronic_057-082-127,/root/autodl-tmp/tokenizer-eval/data/nsynth/nsynth-valid/audio/organ_electronic_057-082-127.wav,701,organ_electronic_057,6,organ,1,electronic,82,127,16000,
3.6530533,-47.956013,keyboard_electronic_078-038-100,keyboard_electronic_078-038-100,/root/autodl-tmp/tokenizer-eval/data/nsynth/nsynth-valid/audio/keyboard_electronic_078-038-100.wav,838,keyboard_electronic_078,4,keyboard,1,electronic,38,100,16000,bright
46.837505,2.2342515,mallet_acoustic_062-052-025,mallet_acoustic_062-052-025,/root/autodl-tmp/tokenizer-eval/data/nsynth/nsynth-valid/audio/mallet_acoustic_062-052-025.wav,644,mallet_acoustic_062,5,mallet,0,acoustic,52,25,16000,dark|fast_decay|multiphonic
6.2644258,-58.954742,bass_synthetic_009-031-075,bass_synthetic_009-031-075,/root/autodl-tmp/tokenizer-eval/data/nsynth/nsynth-valid/audio/bass_synthetic_009-031-075.wav,150,bass_synthetic_009,0,bass,2,synthetic,31,75,16000,bright|distortion|long_release
-8.33602,-47.463886,reed_acoustic_037-034-100,reed_acoustic_037-034-100,/root/autodl-tmp/tokenizer-eval/data/nsynth/nsynth-valid/audio/reed_acoustic_037-034-100.wav,387,reed_acoustic_037,7,reed,0,acoustic,34,100,16000,reverb
4.077264,-84.23081,flute_synthetic_000-055-127,flute_synthetic_000-055-127,/root/autodl-tmp/tokenizer-eval/data/nsynth/nsynth-valid/audio/flute_synthetic_000-055-127.wav,82,flute_synthetic_000,2,flute,2,synthetic,55,127,16000,distortion
-33.56309,68.958374,mallet_acoustic_062-093-100,mallet_acoustic_062-093-100,/root/autodl-tmp/tokenizer-eval/data/nsynth/nsynth-valid/audio/mallet_acoustic_062-093-100.wav,644,mallet_acoustic_062,5,mallet,0,acoustic,93,100,16000,multiphonic
40.090317,11.400385,bass_electronic_018-063-100,bass_electronic_018-063-100,/root/autodl-tmp/tokenizer-eval/data/nsynth/nsynth-valid/audio/bass_electronic_018-063-100.wav,759,bass_electronic_018,0,bass,1,electronic,63,100,16000,fast_decay
-3.0846086,43.903164,keyboard_electronic_098-084-075,keyboard_electronic_098-084-075,/root/autodl-tmp/tokenizer-eval/data/nsynth/nsynth-valid/audio/keyboard_electronic_098-084-075.wav,905,keyboard_electronic_098,4,keyboard,1,electronic,84,75,16000,fast_decay
-32.718704,29.125734,brass_acoustic_006-084-025,brass_acoustic_006-084-025,/root/autodl-tmp/tokenizer-eval/data/nsynth/nsynth-valid/audio/brass_acoustic_006-084-025.wav,43,brass_acoustic_006,1,brass,0,acoustic,84,25,16000,reverb
12.081896,52.871075,mallet_acoustic_062-092-050,mallet_acoustic_062-092-050,/root/autodl-tmp/tokenizer-eval/data/nsynth/nsynth-valid/audio/mallet_acoustic_062-092-050.wav,644,mallet_acoustic_062,5,mallet,0,acoustic,92,50,16000,fast_decay|multiphonic
0.67620933,17.66388,bass_synthetic_033-077-127,bass_synthetic_033-077-127,/root/autodl-tmp/tokenizer-eval/data/nsynth/nsynth-valid/audio/bass_synthetic_033-077-127.wav,417,bass_synthetic_033,0,bass,2,synthetic,77,127,16000,
-69.86537,20.53433,vocal_synthetic_003-076-050,vocal_synthetic_003-076-050,/root/autodl-tmp/tokenizer-eval/data/nsynth/nsynth-valid/audio/vocal_synthetic_003-076-050.wav,37,vocal_synthetic_003,10,vocal,2,synthetic,76,50,16000,bright|distortion|long_release|nonlinear_env
-26.332064,42.74389,reed_acoustic_018-080-050,reed_acoustic_018-080-050,/root/autodl-tmp/tokenizer-eval/data/nsynth/nsynth-valid/audio/reed_acoustic_018-080-050.wav,183,reed_acoustic_018,7,reed,0,acoustic,80,50,16000,
28.77022,89.07012,reed_acoustic_023-073-025,reed_acoustic_023-073-025,/root/autodl-tmp/tokenizer-eval/data/nsynth/nsynth-valid/audio/reed_acoustic_023-073-025.wav,224,reed_acoustic_023,7,reed,0,acoustic,73,25,16000,bright|fast_decay|multiphonic|nonlinear_env
-70.415085,31.84729,vocal_synthetic_003-089-075,vocal_synthetic_003-089-075,/root/autodl-tmp/tokenizer-eval/data/nsynth/nsynth-valid/audio/vocal_synthetic_003-089-075.wav,37,vocal_synthetic_003,10,vocal,2,synthetic,89,75,16000,long_release|nonlinear_env
38.295193,0.8239357,bass_electronic_018-046-127,bass_electronic_018-046-127,/root/autodl-tmp/tokenizer-eval/data/nsynth/nsynth-valid/audio/bass_electronic_018-046-127.wav,759,bass_electronic_018,0,bass,1,electronic,46,127,16000,
-2.100184,33.2786,guitar_electronic_022-080-025,guitar_electronic_022-080-025,/root/autodl-tmp/tokenizer-eval/data/nsynth/nsynth-valid/audio/guitar_electronic_022-080-025.wav,378,guitar_electronic_022,3,guitar,1,electronic,80,25,16000,
-44.05085,-9.360403,flute_acoustic_002-069-100,flute_acoustic_002-069-100,/root/autodl-tmp/tokenizer-eval/data/nsynth/nsynth-valid/audio/flute_acoustic_002-069-100.wav,86,flute_acoustic_002,2,flute,0,acoustic,69,100,16000,long_release|reverb
-31.648855,19.95881,string_acoustic_057-086-050,string_acoustic_057-086-050,/root/autodl-tmp/tokenizer-eval/data/nsynth/nsynth-valid/audio/string_acoustic_057-086-050.wav,450,string_acoustic_057,8,string,0,acoustic,86,50,16000,bright|nonlinear_env|reverb
20.095661,50.95195,string_acoustic_056-072-127,string_acoustic_056-072-127,/root/autodl-tmp/tokenizer-eval/data/nsynth/nsynth-valid/audio/string_acoustic_056-072-127.wav,436,string_acoustic_056,8,string,0,acoustic,72,127,16000,fast_decay|percussive|reverb
7.2001853,80.48685,reed_acoustic_023-091-050,reed_acoustic_023-091-050,/root/autodl-tmp/tokenizer-eval/data/nsynth/nsynth-valid/audio/reed_acoustic_023-091-050.wav,224,reed_acoustic_023,7,reed,0,acoustic,91,50,16000,fast_decay|multiphonic|nonlinear_env
-83.39895,-28.18111,bass_synthetic_098-084-127,bass_synthetic_098-084-127,/root/autodl-tmp/tokenizer-eval/data/nsynth/nsynth-valid/audio/bass_synthetic_098-084-127.wav,803,bass_synthetic_098,0,bass,2,synthetic,84,127,16000,
-31.534054,19.247787,brass_acoustic_006-086-100,brass_acoustic_006-086-100,/root/autodl-tmp/tokenizer-eval/data/nsynth/nsynth-valid/audio/brass_acoustic_006-086-100.wav,43,brass_acoustic_006,1,brass,0,acoustic,86,100,16000,reverb
-43.93135,37.264885,organ_electronic_104-076-127,organ_electronic_104-076-127,/root/autodl-tmp/tokenizer-eval/data/nsynth/nsynth-valid/audio/organ_electronic_104-076-127.wav,921,organ_electronic_104,6,organ,1,electronic,76,127,16000,
39.206844,-20.295794,keyboard_electronic_001-053-100,keyboard_electronic_001-053-100,/root/autodl-tmp/tokenizer-eval/data/nsynth/nsynth-valid/audio/keyboard_electronic_001-053-100.wav,40,keyboard_electronic_001,4,keyboard,1,electronic,53,100,16000,
-32.15675,55.06312,string_acoustic_057-090-075,string_acoustic_057-090-075,/root/autodl-tmp/tokenizer-eval/data/nsynth/nsynth-valid/audio/string_acoustic_057-090-075.wav,450,string_acoustic_057,8,string,0,acoustic,90,75,16000,nonlinear_env|reverb
-62.575253,9.407983,vocal_synthetic_003-072-100,vocal_synthetic_003-072-100,/root/autodl-tmp/tokenizer-eval/data/nsynth/nsynth-valid/audio/vocal_synthetic_003-072-100.wav,37,vocal_synthetic_003,10,vocal,2,synthetic,72,100,16000,bright|distortion|long_release|nonlinear_env
11.81244,81.42998,reed_acoustic_023-088-025,reed_acoustic_023-088-025,/root/autodl-tmp/tokenizer-eval/data/nsynth/nsynth-valid/audio/reed_acoustic_023-088-025.wav,224,reed_acoustic_023,7,reed,0,acoustic,88,25,16000,fast_decay|multiphonic|nonlinear_env
18.270422,56.512836,guitar_acoustic_015-086-025,guitar_acoustic_015-086-025,/root/autodl-tmp/tokenizer-eval/data/nsynth/nsynth-valid/audio/guitar_acoustic_015-086-025.wav,316,guitar_acoustic_015,3,guitar,0,acoustic,86,25,16000,fast_decay|percussive|reverb
49.32611,8.907559,string_acoustic_056-041-075,string_acoustic_056-041-075,/root/autodl-tmp/tokenizer-eval/data/nsynth/nsynth-valid/audio/string_acoustic_056-041-075.wav,436,string_acoustic_056,8,string,0,acoustic,41,75,16000,fast_decay|percussive|reverb
-38.431923,-53.625042,vocal_synthetic_003-052-025,vocal_synthetic_003-052-025,/root/autodl-tmp/tokenizer-eval/data/nsynth/nsynth-valid/audio/vocal_synthetic_003-052-025.wav,37,vocal_synthetic_003,10,vocal,2,synthetic,52,25,16000,distortion|long_release|nonlinear_env
-24.91826,-17.557846,organ_electronic_001-077-127,organ_electronic_001-077-127,/root/autodl-tmp/tokenizer-eval/data/nsynth/nsynth-valid/audio/organ_electronic_001-077-127.wav,8,organ_electronic_001,6,organ,1,electronic,77,127,16000,
-73.83158,23.76127,vocal_synthetic_003-078-050,vocal_synthetic_003-078-050,/root/autodl-tmp/tokenizer-eval/data/nsynth/nsynth-valid/audio/vocal_synthetic_003-078-050.wav,37,vocal_synthetic_003,10,vocal,2,synthetic,78,50,16000,bright|distortion|long_release|nonlinear_env
21.025772,-6.041965,keyboard_electronic_098-055-100,keyboard_electronic_098-055-100,/root/autodl-tmp/tokenizer-eval/data/nsynth/nsynth-valid/audio/keyboard_electronic_098-055-100.wav,905,keyboard_electronic_098,4,keyboard,1,electronic,55,100,16000,dark
5.825526,26.552158,guitar_acoustic_015-076-100,guitar_acoustic_015-076-100,/root/autodl-tmp/tokenizer-eval/data/nsynth/nsynth-valid/audio/guitar_acoustic_015-076-100.wav,316,guitar_acoustic_015,3,guitar,0,acoustic,76,100,16000,fast_decay|reverb
20.94372,26.409555,mallet_acoustic_062-073-127,mallet_acoustic_062-073-127,/root/autodl-tmp/tokenizer-eval/data/nsynth/nsynth-valid/audio/mallet_acoustic_062-073-127.wav,644,mallet_acoustic_062,5,mallet,0,acoustic,73,127,16000,dark|multiphonic
-7.612879,7.167936,reed_acoustic_037-063-025,reed_acoustic_037-063-025,/root/autodl-tmp/tokenizer-eval/data/nsynth/nsynth-valid/audio/reed_acoustic_037-063-025.wav,387,reed_acoustic_037,7,reed,0,acoustic,63,25,16000,reverb
-33.047638,-26.331583,vocal_acoustic_000-051-075,vocal_acoustic_000-051-075,/root/autodl-tmp/tokenizer-eval/data/nsynth/nsynth-valid/audio/vocal_acoustic_000-051-075.wav,46,vocal_acoustic_000,10,vocal,0,acoustic,51,75,16000,reverb
-15.633687,-55.94133,brass_acoustic_006-052-075,brass_acoustic_006-052-075,/root/autodl-tmp/tokenizer-eval/data/nsynth/nsynth-valid/audio/brass_acoustic_006-052-075.wav,43,brass_acoustic_006,1,brass,0,acoustic,52,75,16000,reverb
-25.772163,-1.5234985,flute_synthetic_000-074-075,flute_synthetic_000-074-075,/root/autodl-tmp/tokenizer-eval/data/nsynth/nsynth-valid/audio/flute_synthetic_000-074-075.wav,82,flute_synthetic_000,2,flute,2,synthetic,74,75,16000,distortion
-10.601618,13.333011,reed_acoustic_011-076-025,reed_acoustic_011-076-025,/root/autodl-tmp/tokenizer-eval/data/nsynth/nsynth-valid/audio/reed_acoustic_011-076-025.wav,104,reed_acoustic_011,7,reed,0,acoustic,76,25,16000,
-69.87791,20.766594,vocal_synthetic_003-076-025,vocal_synthetic_003-076-025,/root/autodl-tmp/tokenizer-eval/data/nsynth/nsynth-valid/audio/vocal_synthetic_003-076-025.wav,37,vocal_synthetic_003,10,vocal,2,synthetic,76,25,16000,bright|distortion|long_release|nonlinear_env
-51.17242,4.8512,organ_electronic_028-072-127,organ_electronic_028-072-127,/root/autodl-tmp/tokenizer-eval/data/nsynth/nsynth-valid/audio/organ_electronic_028-072-127.wav,440,organ_electronic_028,6,organ,1,electronic,72,127,16000,dark
8.499442,76.02195,reed_acoustic_023-094-127,reed_acoustic_023-094-127,/root/autodl-tmp/tokenizer-eval/data/nsynth/nsynth-valid/audio/reed_acoustic_023-094-127.wav,224,reed_acoustic_023,7,reed,0,acoustic,94,127,16000,fast_decay|multiphonic|nonlinear_env
-48.283455,7.927867,string_acoustic_057-072-075,string_acoustic_057-072-075,/root/autodl-tmp/tokenizer-eval/data/nsynth/nsynth-valid/audio/string_acoustic_057-072-075.wav,450,string_acoustic_057,8,string,0,acoustic,72,75,16000,bright|nonlinear_env|reverb
10.537071,51.311615,mallet_acoustic_062-079-025,mallet_acoustic_062-079-025,/root/autodl-tmp/tokenizer-eval/data/nsynth/nsynth-valid/audio/mallet_acoustic_062-079-025.wav,644,mallet_acoustic_062,5,mallet,0,acoustic,79,25,16000,fast_decay|multiphonic|percussive
-85.02779,-27.74974,bass_synthetic_098-076-127,bass_synthetic_098-076-127,/root/autodl-tmp/tokenizer-eval/data/nsynth/nsynth-valid/audio/bass_synthetic_098-076-127.wav,803,bass_synthetic_098,0,bass,2,synthetic,76,127,16000,
-23.860907,44.38963,organ_electronic_028-080-127,organ_electronic_028-080-127,/root/autodl-tmp/tokenizer-eval/data/nsynth/nsynth-valid/audio/organ_electronic_028-080-127.wav,440,organ_electronic_028,6,organ,1,electronic,80,127,16000,
-34.00871,28.400417,string_acoustic_057-084-025,string_acoustic_057-084-025,/root/autodl-tmp/tokenizer-eval/data/nsynth/nsynth-valid/audio/string_acoustic_057-084-025.wav,450,string_acoustic_057,8,string,0,acoustic,84,25,16000,bright|nonlinear_env|reverb
-44.188484,25.569464,organ_electronic_113-075-075,organ_electronic_113-075-075,/root/autodl-tmp/tokenizer-eval/data/nsynth/nsynth-valid/audio/organ_electronic_113-075-075.wav,958,organ_electronic_113,6,organ,1,electronic,75,75,16000,
-40.56593,53.69341,string_acoustic_057-093-127,string_acoustic_057-093-127,/root/autodl-tmp/tokenizer-eval/data/nsynth/nsynth-valid/audio/string_acoustic_057-093-127.wav,450,string_acoustic_057,8,string,0,acoustic,93,127,16000,nonlinear_env|reverb
-83.69865,-27.151718,bass_synthetic_098-093-100,bass_synthetic_098-093-100,/root/autodl-tmp/tokenizer-eval/data/nsynth/nsynth-valid/audio/bass_synthetic_098-093-100.wav,803,bass_synthetic_098,0,bass,2,synthetic,93,100,16000,
16.38581,54.624115,guitar_acoustic_015-084-025,guitar_acoustic_015-084-025,/root/autodl-tmp/tokenizer-eval/data/nsynth/nsynth-valid/audio/guitar_acoustic_015-084-025.wav,316,guitar_acoustic_015,3,guitar,0,acoustic,84,25,16000,fast_decay|percussive|reverb
-34.721687,57.63055,flute_acoustic_002-091-025,flute_acoustic_002-091-025,/root/autodl-tmp/tokenizer-eval/data/nsynth/nsynth-valid/audio/flute_acoustic_002-091-025.wav,86,flute_acoustic_002,2,flute,0,acoustic,91,25,16000,long_release|reverb
-17.838655,-20.045803,brass_acoustic_046-058-050,brass_acoustic_046-058-050,/root/autodl-tmp/tokenizer-eval/data/nsynth/nsynth-valid/audio/brass_acoustic_046-058-050.wav,414,brass_acoustic_046,1,brass,0,acoustic,58,50,16000,
41.980232,81.283554,reed_acoustic_023-052-050,reed_acoustic_023-052-050,/root/autodl-tmp/tokenizer-eval/data/nsynth/nsynth-valid/audio/reed_acoustic_023-052-050.wav,224,reed_acoustic_023,7,reed,0,acoustic,52,50,16000,bright|fast_decay|multiphonic|nonlinear_env
-89.85277,-22.355175,bass_synthetic_098-065-025,bass_synthetic_098-065-025,/root/autodl-tmp/tokenizer-eval/data/nsynth/nsynth-valid/audio/bass_synthetic_098-065-025.wav,803,bass_synthetic_098,0,bass,2,synthetic,65,25,16000,
-70.66435,34.412006,vocal_synthetic_003-090-127,vocal_synthetic_003-090-127,/root/autodl-tmp/tokenizer-eval/data/nsynth/nsynth-valid/audio/vocal_synthetic_003-090-127.wav,37,vocal_synthetic_003,10,vocal,2,synthetic,90,127,16000,bright|distortion|long_release|nonlinear_env
-17.983242,-53.953278,string_acoustic_071-049-127,string_acoustic_071-049-127,/root/autodl-tmp/tokenizer-eval/data/nsynth/nsynth-valid/audio/string_acoustic_071-049-127.wav,609,string_acoustic_071,8,string,0,acoustic,49,127,16000,long_release|reverb
-5.8561764,-32.934425,brass_acoustic_015-054-025,brass_acoustic_015-054-025,/root/autodl-tmp/tokenizer-eval/data/nsynth/nsynth-valid/audio/brass_acoustic_015-054-025.wav,121,brass_acoustic_015,1,brass,0,acoustic,54,25,16000,reverb
46.865204,-8.639424,mallet_acoustic_062-050-100,mallet_acoustic_062-050-100,/root/autodl-tmp/tokenizer-eval/data/nsynth/nsynth-valid/audio/mallet_acoustic_062-050-100.wav,644,mallet_acoustic_062,5,mallet,0,acoustic,50,100,16000,dark|multiphonic
17.383003,4.4387813,guitar_acoustic_015-068-050,guitar_acoustic_015-068-050,/root/autodl-tmp/tokenizer-eval/data/nsynth/nsynth-valid/audio/guitar_acoustic_015-068-050.wav,316,guitar_acoustic_015,3,guitar,0,acoustic,68,50,16000,reverb
-45.09494,14.78421,brass_acoustic_046-073-127,brass_acoustic_046-073-127,/root/autodl-tmp/tokenizer-eval/data/nsynth/nsynth-valid/audio/brass_acoustic_046-073-127.wav,414,brass_acoustic_046,1,brass,0,acoustic,73,127,16000,bright
48.126694,38.936123,bass_synthetic_134-087-050,bass_synthetic_134-087-050,/root/autodl-tmp/tokenizer-eval/data/nsynth/nsynth-valid/audio/bass_synthetic_134-087-050.wav,914,bass_synthetic_134,0,bass,2,synthetic,87,50,16000,fast_decay|percussive|reverb
16.33815,12.949938,mallet_acoustic_062-070-100,mallet_acoustic_062-070-100,/root/autodl-tmp/tokenizer-eval/data/nsynth/nsynth-valid/audio/mallet_acoustic_062-070-100.wav,644,mallet_acoustic_062,5,mallet,0,acoustic,70,100,16000,dark|multiphonic
40.185577,-20.276222,keyboard_electronic_001-048-100,keyboard_electronic_001-048-100,/root/autodl-tmp/tokenizer-eval/data/nsynth/nsynth-valid/audio/keyboard_electronic_001-048-100.wav,40,keyboard_electronic_001,4,keyboard,1,electronic,48,100,16000,
-26.608307,-15.83948,organ_electronic_057-066-100,organ_electronic_057-066-100,/root/autodl-tmp/tokenizer-eval/data/nsynth/nsynth-valid/audio/organ_electronic_057-066-100.wav,701,organ_electronic_057,6,organ,1,electronic,66,100,16000,
33.980194,2.7188518,bass_electronic_025-049-127,bass_electronic_025-049-127,/root/autodl-tmp/tokenizer-eval/data/nsynth/nsynth-valid/audio/bass_electronic_025-049-127.wav,872,bass_electronic_025,0,bass,1,electronic,49,127,16000,
28.464926,43.402378,string_acoustic_056-070-127,string_acoustic_056-070-127,/root/autodl-tmp/tokenizer-eval/data/nsynth/nsynth-valid/audio/string_acoustic_056-070-127.wav,436,string_acoustic_056,8,string,0,acoustic,70,127,16000,fast_decay|percussive|reverb
-3.2622216,46.230625,keyboard_electronic_001-085-127,keyboard_electronic_001-085-127,/root/autodl-tmp/tokenizer-eval/data/nsynth/nsynth-valid/audio/keyboard_electronic_001-085-127.wav,40,keyboard_electronic_001,4,keyboard,1,electronic,85,127,16000,percussive
23.875004,-9.166456,keyboard_electronic_078-056-100,keyboard_electronic_078-056-100,/root/autodl-tmp/tokenizer-eval/data/nsynth/nsynth-valid/audio/keyboard_electronic_078-056-100.wav,838,keyboard_electronic_078,4,keyboard,1,electronic,56,100,16000,bright
-30.189926,63.890675,guitar_acoustic_010-091-050,guitar_acoustic_010-091-050,/root/autodl-tmp/tokenizer-eval/data/nsynth/nsynth-valid/audio/guitar_acoustic_010-091-050.wav,219,guitar_acoustic_010,3,guitar,0,acoustic,91,50,16000,
22.440649,42.52833,mallet_acoustic_047-077-025,mallet_acoustic_047-077-025,/root/autodl-tmp/tokenizer-eval/data/nsynth/nsynth-valid/audio/mallet_acoustic_047-077-025.wav,488,mallet_acoustic_047,5,mallet,0,acoustic,77,25,16000,fast_decay|percussive|reverb
45.64704,-21.239454,guitar_acoustic_015-047-127,guitar_acoustic_015-047-127,/root/autodl-tmp/tokenizer-eval/data/nsynth/nsynth-valid/audio/guitar_acoustic_015-047-127.wav,316,guitar_acoustic_015,3,guitar,0,acoustic,47,127,16000,reverb
-43.110317,29.220274,flute_synthetic_000-088-050,flute_synthetic_000-088-050,/root/autodl-tmp/tokenizer-eval/data/nsynth/nsynth-valid/audio/flute_synthetic_000-088-050.wav,82,flute_synthetic_000,2,flute,2,synthetic,88,50,16000,distortion
-7.261902,-54.421513,brass_acoustic_006-034-050,brass_acoustic_006-034-050,/root/autodl-tmp/tokenizer-eval/data/nsynth/nsynth-valid/audio/brass_acoustic_006-034-050.wav,43,brass_acoustic_006,1,brass,0,acoustic,34,50,16000,reverb
7.0994244,0.121792056,guitar_acoustic_014-065-050,guitar_acoustic_014-065-050,/root/autodl-tmp/tokenizer-eval/data/nsynth/nsynth-valid/audio/guitar_acoustic_014-065-050.wav,263,guitar_acoustic_014,3,guitar,0,acoustic,65,50,16000,
-9.562663,-36.32952,brass_acoustic_015-050-025,brass_acoustic_015-050-025,/root/autodl-tmp/tokenizer-eval/data/nsynth/nsynth-valid/audio/brass_acoustic_015-050-025.wav,121,brass_acoustic_015,1,brass,0,acoustic,50,25,16000,reverb
-16.362455,-2.1483212,brass_acoustic_016-073-100,brass_acoustic_016-073-100,/root/autodl-tmp/tokenizer-eval/data/nsynth/nsynth-valid/audio/brass_acoustic_016-073-100.wav,128,brass_acoustic_016,1,brass,0,acoustic,73,100,16000,bright
20.313562,-10.043882,guitar_acoustic_014-056-050,guitar_acoustic_014-056-050,/root/autodl-tmp/tokenizer-eval/data/nsynth/nsynth-valid/audio/guitar_acoustic_014-056-050.wav,263,guitar_acoustic_014,3,guitar,0,acoustic,56,50,16000,
28.133408,2.0999284,guitar_acoustic_014-060-025,guitar_acoustic_014-060-025,/root/autodl-tmp/tokenizer-eval/data/nsynth/nsynth-valid/audio/guitar_acoustic_014-060-025.wav,263,guitar_acoustic_014,3,guitar,0,acoustic,60,25,16000,
-66.12487,41.71093,vocal_synthetic_003-082-050,vocal_synthetic_003-082-050,/root/autodl-tmp/tokenizer-eval/data/nsynth/nsynth-valid/audio/vocal_synthetic_003-082-050.wav,37,vocal_synthetic_003,10,vocal,2,synthetic,82,50,16000,bright|distortion|long_release|nonlinear_env
-31.442776,20.208193,string_acoustic_057-086-025,string_acoustic_057-086-025,/root/autodl-tmp/tokenizer-eval/data/nsynth/nsynth-valid/audio/string_acoustic_057-086-025.wav,450,string_acoustic_057,8,string,0,acoustic,86,25,16000,bright|nonlinear_env|reverb
-27.443842,45.279083,brass_acoustic_046-079-025,brass_acoustic_046-079-025,/root/autodl-tmp/tokenizer-eval/data/nsynth/nsynth-valid/audio/brass_acoustic_046-079-025.wav,414,brass_acoustic_046,1,brass,0,acoustic,79,25,16000,
3.400376,-10.441345,bass_synthetic_135-061-075,bass_synthetic_135-061-075,/root/autodl-tmp/tokenizer-eval/data/nsynth/nsynth-valid/audio/bass_synthetic_135-061-075.wav,927,bass_synthetic_135,0,bass,2,synthetic,61,75,16000,distortion
-38.149582,20.410631,flute_synthetic_000-082-127,flute_synthetic_000-082-127,/root/autodl-tmp/tokenizer-eval/data/nsynth/nsynth-valid/audio/flute_synthetic_000-082-127.wav,82,flute_synthetic_000,2,flute,2,synthetic,82,127,16000,distortion
-47.657284,-36.829758,vocal_synthetic_003-065-025,vocal_synthetic_003-065-025,/root/autodl-tmp/tokenizer-eval/data/nsynth/nsynth-valid/audio/vocal_synthetic_003-065-025.wav,37,vocal_synthetic_003,10,vocal,2,synthetic,65,25,16000,bright|distortion|long_release|nonlinear_env
-1.9529659,-58.22569,brass_acoustic_059-038-075,brass_acoustic_059-038-075,/root/autodl-tmp/tokenizer-eval/data/nsynth/nsynth-valid/audio/brass_acoustic_059-038-075.wav,572,brass_acoustic_059,1,brass,0,acoustic,38,75,16000,bright|reverb
58.21938,-23.76961,keyboard_acoustic_004-044-075,keyboard_acoustic_004-044-075,/root/autodl-tmp/tokenizer-eval/data/nsynth/nsynth-valid/audio/keyboard_acoustic_004-044-075.wav,327,keyboard_acoustic_004,4,keyboard,0,acoustic,44,75,16000,reverb
-4.485611,-17.289038,brass_acoustic_059-058-075,brass_acoustic_059-058-075,/root/autodl-tmp/tokenizer-eval/data/nsynth/nsynth-valid/audio/brass_acoustic_059-058-075.wav,572,brass_acoustic_059,1,brass,0,acoustic,58,75,16000,reverb
31.311724,6.7924166,mallet_acoustic_062-060-100,mallet_acoustic_062-060-100,/root/autodl-tmp/tokenizer-eval/data/nsynth/nsynth-valid/audio/mallet_acoustic_062-060-100.wav,644,mallet_acoustic_062,5,mallet,0,acoustic,60,100,16000,dark|multiphonic
53.195835,-8.854095,mallet_acoustic_062-044-075,mallet_acoustic_062-044-075,/root/autodl-tmp/tokenizer-eval/data/nsynth/nsynth-valid/audio/mallet_acoustic_062-044-075.wav,644,mallet_acoustic_062,5,mallet,0,acoustic,44,75,16000,dark|multiphonic
-36.577328,-22.38595,vocal_acoustic_000-056-075,vocal_acoustic_000-056-075,/root/autodl-tmp/tokenizer-eval/data/nsynth/nsynth-valid/audio/vocal_acoustic_000-056-075.wav,46,vocal_acoustic_000,10,vocal,0,acoustic,56,75,16000,reverb
47.91057,38.490147,bass_synthetic_134-091-100,bass_synthetic_134-091-100,/root/autodl-tmp/tokenizer-eval/data/nsynth/nsynth-valid/audio/bass_synthetic_134-091-100.wav,914,bass_synthetic_134,0,bass,2,synthetic,91,100,16000,fast_decay|percussive|reverb
19.967985,22.57969,guitar_electronic_028-072-100,guitar_electronic_028-072-100,/root/autodl-tmp/tokenizer-eval/data/nsynth/nsynth-valid/audio/guitar_electronic_028-072-100.wav,510,guitar_electronic_028,3,guitar,1,electronic,72,100,16000,
-26.22723,-16.141733,organ_electronic_057-065-100,organ_electronic_057-065-100,/root/autodl-tmp/tokenizer-eval/data/nsynth/nsynth-valid/audio/organ_electronic_057-065-100.wav,701,organ_electronic_057,6,organ,1,electronic,65,100,16000,
16.804762,81.48164,keyboard_synthetic_000-089-100,keyboard_synthetic_000-089-100,/root/autodl-tmp/tokenizer-eval/data/nsynth/nsynth-valid/audio/keyboard_synthetic_000-089-100.wav,577,keyboard_synthetic_000,4,keyboard,2,synthetic,89,100,16000,bright|distortion|fast_decay|nonlinear_env
-21.43037,-17.147436,organ_electronic_007-052-127,organ_electronic_007-052-127,/root/autodl-tmp/tokenizer-eval/data/nsynth/nsynth-valid/audio/organ_electronic_007-052-127.wav,123,organ_electronic_007,6,organ,1,electronic,52,127,16000,distortion|long_release|nonlinear_env
7.9164076,78.59046,reed_acoustic_023-092-075,reed_acoustic_023-092-075,/root/autodl-tmp/tokenizer-eval/data/nsynth/nsynth-valid/audio/reed_acoustic_023-092-075.wav,224,reed_acoustic_023,7,reed,0,acoustic,92,75,16000,fast_decay|multiphonic|nonlinear_env
45.094078,-5.9650674,mallet_acoustic_062-051-050,mallet_acoustic_062-051-050,/root/autodl-tmp/tokenizer-eval/data/nsynth/nsynth-valid/audio/mallet_acoustic_062-051-050.wav,644,mallet_acoustic_062,5,mallet,0,acoustic,51,50,16000,dark|multiphonic
58.45264,9.431288,keyboard_acoustic_004-088-050,keyboard_acoustic_004-088-050,/root/autodl-tmp/tokenizer-eval/data/nsynth/nsynth-valid/audio/keyboard_acoustic_004-088-050.wav,327,keyboard_acoustic_004,4,keyboard,0,acoustic,88,50,16000,dark|reverb
4.1406765,-5.5909696,guitar_acoustic_021-063-025,guitar_acoustic_021-063-025,/root/autodl-tmp/tokenizer-eval/data/nsynth/nsynth-valid/audio/guitar_acoustic_021-063-025.wav,457,guitar_acoustic_021,3,guitar,0,acoustic,63,25,16000,
1.5742061,15.199053,bass_synthetic_033-082-025,bass_synthetic_033-082-025,/root/autodl-tmp/tokenizer-eval/data/nsynth/nsynth-valid/audio/bass_synthetic_033-082-025.wav,417,bass_synthetic_033,0,bass,2,synthetic,82,25,16000,
-1.8047073,-32.162994,string_acoustic_080-055-075,string_acoustic_080-055-075,/root/autodl-tmp/tokenizer-eval/data/nsynth/nsynth-valid/audio/string_acoustic_080-055-075.wav,675,string_acoustic_080,8,string,0,acoustic,55,75,16000,long_release|reverb
25.083963,-17.290066,guitar_electronic_022-054-075,guitar_electronic_022-054-075,/root/autodl-tmp/tokenizer-eval/data/nsynth/nsynth-valid/audio/guitar_electronic_022-054-075.wav,378,guitar_electronic_022,3,guitar,1,electronic,54,75,16000,dark
33.523014,-68.00242,flute_synthetic_000-034-050,flute_synthetic_000-034-050,/root/autodl-tmp/tokenizer-eval/data/nsynth/nsynth-valid/audio/flute_synthetic_000-034-050.wav,82,flute_synthetic_000,2,flute,2,synthetic,34,50,16000,distortion
0.14964464,-17.689938,keyboard_electronic_098-058-127,keyboard_electronic_098-058-127,/root/autodl-tmp/tokenizer-eval/data/nsynth/nsynth-valid/audio/keyboard_electronic_098-058-127.wav,905,keyboard_electronic_098,4,keyboard,1,electronic,58,127,16000,
-22.437223,59.818893,bass_synthetic_135-088-100,bass_synthetic_135-088-100,/root/autodl-tmp/tokenizer-eval/data/nsynth/nsynth-valid/audio/bass_synthetic_135-088-100.wav,927,bass_synthetic_135,0,bass,2,synthetic,88,100,16000,distortion
-66.14954,41.784447,vocal_synthetic_003-082-100,vocal_synthetic_003-082-100,/root/autodl-tmp/tokenizer-eval/data/nsynth/nsynth-valid/audio/vocal_synthetic_003-082-100.wav,37,vocal_synthetic_003,10,vocal,2,synthetic,82,100,16000,bright|distortion|long_release|nonlinear_env
59.23722,-26.629538,string_acoustic_071-044-025,string_acoustic_071-044-025,/root/autodl-tmp/tokenizer-eval/data/nsynth/nsynth-valid/audio/string_acoustic_071-044-025.wav,609,string_acoustic_071,8,string,0,acoustic,44,25,16000,long_release|reverb
56.108032,2.6713536,string_acoustic_014-047-025,string_acoustic_014-047-025,/root/autodl-tmp/tokenizer-eval/data/nsynth/nsynth-valid/audio/string_acoustic_014-047-025.wav,100,string_acoustic_014,8,string,0,acoustic,47,25,16000,dark|fast_decay|reverb
16.420292,-3.2826083,bass_synthetic_033-067-075,bass_synthetic_033-067-075,/root/autodl-tmp/tokenizer-eval/data/nsynth/nsynth-valid/audio/bass_synthetic_033-067-075.wav,417,bass_synthetic_033,0,bass,2,synthetic,67,75,16000,
41.35177,22.511683,mallet_acoustic_056-066-050,mallet_acoustic_056-066-050,/root/autodl-tmp/tokenizer-eval/data/nsynth/nsynth-valid/audio/mallet_acoustic_056-066-050.wav,590,mallet_acoustic_056,5,mallet,0,acoustic,66,50,16000,fast_decay|percussive
25.691578,1.5522845,guitar_acoustic_014-062-100,guitar_acoustic_014-062-100,/root/autodl-tmp/tokenizer-eval/data/nsynth/nsynth-valid/audio/guitar_acoustic_014-062-100.wav,263,guitar_acoustic_014,3,guitar,0,acoustic,62,100,16000,
11.972298,-10.802136,keyboard_electronic_069-057-127,keyboard_electronic_069-057-127,/root/autodl-tmp/tokenizer-eval/data/nsynth/nsynth-valid/audio/keyboard_electronic_069-057-127.wav,805,keyboard_electronic_069,4,keyboard,1,electronic,57,127,16000,distortion
46.985344,-44.532997,bass_synthetic_068-038-025,bass_synthetic_068-038-025,/root/autodl-tmp/tokenizer-eval/data/nsynth/nsynth-valid/audio/bass_synthetic_068-038-025.wav,656,bass_synthetic_068,0,bass,2,synthetic,38,25,16000,dark
33.130272,-40.035015,keyboard_electronic_003-035-075,keyboard_electronic_003-035-075,/root/autodl-tmp/tokenizer-eval/data/nsynth/nsynth-valid/audio/keyboard_electronic_003-035-075.wav,65,keyboard_electronic_003,4,keyboard,1,electronic,35,75,16000,distortion
9.868349,2.884285,guitar_acoustic_021-066-075,guitar_acoustic_021-066-075,/root/autodl-tmp/tokenizer-eval/data/nsynth/nsynth-valid/audio/guitar_acoustic_021-066-075.wav,457,guitar_acoustic_021,3,guitar,0,acoustic,66,75,16000,
32.64419,-51.260853,guitar_acoustic_021-032-050,guitar_acoustic_021-032-050,/root/autodl-tmp/tokenizer-eval/data/nsynth/nsynth-valid/audio/guitar_acoustic_021-032-050.wav,457,guitar_acoustic_021,3,guitar,0,acoustic,32,50,16000,
-33.315624,-33.144375,flute_synthetic_000-065-127,flute_synthetic_000-065-127,/root/autodl-tmp/tokenizer-eval/data/nsynth/nsynth-valid/audio/flute_synthetic_000-065-127.wav,82,flute_synthetic_000,2,flute,2,synthetic,65,127,16000,distortion
1.304173,-59.09523,reed_acoustic_011-038-100,reed_acoustic_011-038-100,/root/autodl-tmp/tokenizer-eval/data/nsynth/nsynth-valid/audio/reed_acoustic_011-038-100.wav,104,reed_acoustic_011,7,reed,0,acoustic,38,100,16000,bright
-27.01977,42.783184,brass_acoustic_046-080-075,brass_acoustic_046-080-075,/root/autodl-tmp/tokenizer-eval/data/nsynth/nsynth-valid/audio/brass_acoustic_046-080-075.wav,414,brass_acoustic_046,1,brass,0,acoustic,80,75,16000,
25.545446,43.130215,mallet_acoustic_047-089-100,mallet_acoustic_047-089-100,/root/autodl-tmp/tokenizer-eval/data/nsynth/nsynth-valid/audio/mallet_acoustic_047-089-100.wav,488,mallet_acoustic_047,5,mallet,0,acoustic,89,100,16000,fast_decay|percussive|reverb
-32.872913,-64.43382,vocal_synthetic_003-043-050,vocal_synthetic_003-043-050,/root/autodl-tmp/tokenizer-eval/data/nsynth/nsynth-valid/audio/vocal_synthetic_003-043-050.wav,37,vocal_synthetic_003,10,vocal,2,synthetic,43,50,16000,distortion|long_release|nonlinear_env
15.044827,-32.89487,organ_electronic_113-040-100,organ_electronic_113-040-100,/root/autodl-tmp/tokenizer-eval/data/nsynth/nsynth-valid/audio/organ_electronic_113-040-100.wav,958,organ_electronic_113,6,organ,1,electronic,40,100,16000,dark
22.360073,-76.7887,flute_synthetic_000-045-050,flute_synthetic_000-045-050,/root/autodl-tmp/tokenizer-eval/data/nsynth/nsynth-valid/audio/flute_synthetic_000-045-050.wav,82,flute_synthetic_000,2,flute,2,synthetic,45,50,16000,distortion
-42.09142,24.097273,flute_synthetic_000-086-127,flute_synthetic_000-086-127,/root/autodl-tmp/tokenizer-eval/data/nsynth/nsynth-valid/audio/flute_synthetic_000-086-127.wav,82,flute_synthetic_000,2,flute,2,synthetic,86,127,16000,distortion
42.925888,-31.11359,guitar_acoustic_021-044-127,guitar_acoustic_021-044-127,/root/autodl-tmp/tokenizer-eval/data/nsynth/nsynth-valid/audio/guitar_acoustic_021-044-127.wav,457,guitar_acoustic_021,3,guitar,0,acoustic,44,127,16000,distortion
31.13732,-21.1305,bass_electronic_027-051-050,bass_electronic_027-051-050,/root/autodl-tmp/tokenizer-eval/data/nsynth/nsynth-valid/audio/bass_electronic_027-051-050.wav,880,bass_electronic_027,0,bass,1,electronic,51,50,16000,
-1.1289467,33.85037,keyboard_electronic_003-080-050,keyboard_electronic_003-080-050,/root/autodl-tmp/tokenizer-eval/data/nsynth/nsynth-valid/audio/keyboard_electronic_003-080-050.wav,65,keyboard_electronic_003,4,keyboard,1,electronic,80,50,16000,
-40.223915,-2.328668,bass_synthetic_009-070-075,bass_synthetic_009-070-075,/root/autodl-tmp/tokenizer-eval/data/nsynth/nsynth-valid/audio/bass_synthetic_009-070-075.wav,150,bass_synthetic_009,0,bass,2,synthetic,70,75,16000,bright|distortion|long_release
40.055508,46.842464,mallet_acoustic_047-067-100,mallet_acoustic_047-067-100,/root/autodl-tmp/tokenizer-eval/data/nsynth/nsynth-valid/audio/mallet_acoustic_047-067-100.wav,488,mallet_acoustic_047,5,mallet,0,acoustic,67,100,16000,reverb
32.9986,52.477127,mallet_acoustic_047-079-075,mallet_acoustic_047-079-075,/root/autodl-tmp/tokenizer-eval/data/nsynth/nsynth-valid/audio/mallet_acoustic_047-079-075.wav,488,mallet_acoustic_047,5,mallet,0,acoustic,79,75,16000,fast_decay|percussive|reverb
-28.608118,-34.66799,string_acoustic_080-052-100,string_acoustic_080-052-100,/root/autodl-tmp/tokenizer-eval/data/nsynth/nsynth-valid/audio/string_acoustic_080-052-100.wav,675,string_acoustic_080,8,string,0,acoustic,52,100,16000,reverb
38.155163,83.49249,reed_acoustic_023-069-050,reed_acoustic_023-069-050,/root/autodl-tmp/tokenizer-eval/data/nsynth/nsynth-valid/audio/reed_acoustic_023-069-050.wav,224,reed_acoustic_023,7,reed,0,acoustic,69,50,16000,bright|fast_decay|multiphonic|nonlinear_env
-67.86916,18.247206,vocal_synthetic_003-075-075,vocal_synthetic_003-075-075,/root/autodl-tmp/tokenizer-eval/data/nsynth/nsynth-valid/audio/vocal_synthetic_003-075-075.wav,37,vocal_synthetic_003,10,vocal,2,synthetic,75,75,16000,bright|distortion|long_release|nonlinear_env
43.94446,-23.840794,guitar_electronic_028-048-075,guitar_electronic_028-048-075,/root/autodl-tmp/tokenizer-eval/data/nsynth/nsynth-valid/audio/guitar_electronic_028-048-075.wav,510,guitar_electronic_028,3,guitar,1,electronic,48,75,16000,dark
7.017822,80.10164,reed_acoustic_023-091-100,reed_acoustic_023-091-100,/root/autodl-tmp/tokenizer-eval/data/nsynth/nsynth-valid/audio/reed_acoustic_023-091-100.wav,224,reed_acoustic_023,7,reed,0,acoustic,91,100,16000,fast_decay|multiphonic|nonlinear_env
-7.011618,-54.17483,brass_acoustic_006-033-050,brass_acoustic_006-033-050,/root/autodl-tmp/tokenizer-eval/data/nsynth/nsynth-valid/audio/brass_acoustic_006-033-050.wav,43,brass_acoustic_006,1,brass,0,acoustic,33,50,16000,reverb
-32.06693,54.997257,string_acoustic_057-090-050,string_acoustic_057-090-050,/root/autodl-tmp/tokenizer-eval/data/nsynth/nsynth-valid/audio/string_acoustic_057-090-050.wav,450,string_acoustic_057,8,string,0,acoustic,90,50,16000,bright|nonlinear_env|reverb
48.12419,-40.39921,keyboard_electronic_098-031-025,keyboard_electronic_098-031-025,/root/autodl-tmp/tokenizer-eval/data/nsynth/nsynth-valid/audio/keyboard_electronic_098-031-025.wav,905,keyboard_electronic_098,4,keyboard,1,electronic,31,25,16000,dark
16.100527,13.20946,mallet_acoustic_062-070-075,mallet_acoustic_062-070-075,/root/autodl-tmp/tokenizer-eval/data/nsynth/nsynth-valid/audio/mallet_acoustic_062-070-075.wav,644,mallet_acoustic_062,5,mallet,0,acoustic,70,75,16000,dark|multiphonic
18.080786,48.425472,string_acoustic_056-066-127,string_acoustic_056-066-127,/root/autodl-tmp/tokenizer-eval/data/nsynth/nsynth-valid/audio/string_acoustic_056-066-127.wav,436,string_acoustic_056,8,string,0,acoustic,66,127,16000,fast_decay|percussive|reverb
50.673935,-7.08548,mallet_acoustic_062-047-050,mallet_acoustic_062-047-050,/root/autodl-tmp/tokenizer-eval/data/nsynth/nsynth-valid/audio/mallet_acoustic_062-047-050.wav,644,mallet_acoustic_062,5,mallet,0,acoustic,47,50,16000,dark|multiphonic
-33.669907,-65.45047,vocal_synthetic_003-043-100,vocal_synthetic_003-043-100,/root/autodl-tmp/tokenizer-eval/data/nsynth/nsynth-valid/audio/vocal_synthetic_003-043-100.wav,37,vocal_synthetic_003,10,vocal,2,synthetic,43,100,16000,bright|distortion|long_release|nonlinear_env
59.66001,-0.8237895,mallet_acoustic_062-037-025,mallet_acoustic_062-037-025,/root/autodl-tmp/tokenizer-eval/data/nsynth/nsynth-valid/audio/mallet_acoustic_062-037-025.wav,644,mallet_acoustic_062,5,mallet,0,acoustic,37,25,16000,dark|fast_decay|multiphonic
-39.676357,-17.955856,string_acoustic_057-056-075,string_acoustic_057-056-075,/root/autodl-tmp/tokenizer-eval/data/nsynth/nsynth-valid/audio/string_acoustic_057-056-075.wav,450,string_acoustic_057,8,string,0,acoustic,56,75,16000,nonlinear_env|reverb
29.219776,76.524414,keyboard_synthetic_000-038-050,keyboard_synthetic_000-038-050,/root/autodl-tmp/tokenizer-eval/data/nsynth/nsynth-valid/audio/keyboard_synthetic_000-038-050.wav,577,keyboard_synthetic_000,4,keyboard,2,synthetic,38,50,16000,distortion|fast_decay|nonlinear_env
-90.26814,-23.530304,bass_synthetic_098-058-075,bass_synthetic_098-058-075,/root/autodl-tmp/tokenizer-eval/data/nsynth/nsynth-valid/audio/bass_synthetic_098-058-075.wav,803,bass_synthetic_098,0,bass,2,synthetic,58,75,16000,
-43.397266,-26.576466,flute_acoustic_002-067-075,flute_acoustic_002-067-075,/root/autodl-tmp/tokenizer-eval/data/nsynth/nsynth-valid/audio/flute_acoustic_002-067-075.wav,86,flute_acoustic_002,2,flute,0,acoustic,67,75,16000,long_release|reverb
40.630836,84.06679,reed_acoustic_023-060-025,reed_acoustic_023-060-025,/root/autodl-tmp/tokenizer-eval/data/nsynth/nsynth-valid/audio/reed_acoustic_023-060-025.wav,224,reed_acoustic_023,7,reed,0,acoustic,60,25,16000,bright|fast_decay|multiphonic|nonlinear_env
54.726307,-7.532978,mallet_acoustic_062-042-050,mallet_acoustic_062-042-050,/root/autodl-tmp/tokenizer-eval/data/nsynth/nsynth-valid/audio/mallet_acoustic_062-042-050.wav,644,mallet_acoustic_062,5,mallet,0,acoustic,42,50,16000,dark|multiphonic
11.6513815,82.23509,reed_acoustic_023-088-075,reed_acoustic_023-088-075,/root/autodl-tmp/tokenizer-eval/data/nsynth/nsynth-valid/audio/reed_acoustic_023-088-075.wav,224,reed_acoustic_023,7,reed,0,acoustic,88,75,16000,fast_decay|multiphonic|nonlinear_env
19.861948,-5.114698,reed_acoustic_037-055-025,reed_acoustic_037-055-025,/root/autodl-tmp/tokenizer-eval/data/nsynth/nsynth-valid/audio/reed_acoustic_037-055-025.wav,387,reed_acoustic_037,7,reed,0,acoustic,55,25,16000,reverb
-66.22618,28.560204,vocal_synthetic_003-087-100,vocal_synthetic_003-087-100,/root/autodl-tmp/tokenizer-eval/data/nsynth/nsynth-valid/audio/vocal_synthetic_003-087-100.wav,37,vocal_synthetic_003,10,vocal,2,synthetic,87,100,16000,bright|distortion|long_release|nonlinear_env
23.357542,-56.281773,string_acoustic_071-040-025,string_acoustic_071-040-025,/root/autodl-tmp/tokenizer-eval/data/nsynth/nsynth-valid/audio/string_acoustic_071-040-025.wav,609,string_acoustic_071,8,string,0,acoustic,40,25,16000,long_release|reverb
-24.959007,19.379288,brass_acoustic_016-087-127,brass_acoustic_016-087-127,/root/autodl-tmp/tokenizer-eval/data/nsynth/nsynth-valid/audio/brass_acoustic_016-087-127.wav,128,brass_acoustic_016,1,brass,0,acoustic,87,127,16000,
-33.23027,-33.116364,flute_synthetic_000-065-100,flute_synthetic_000-065-100,/root/autodl-tmp/tokenizer-eval/data/nsynth/nsynth-valid/audio/flute_synthetic_000-065-100.wav,82,flute_synthetic_000,2,flute,2,synthetic,65,100,16000,distortion
17.644522,24.250097,guitar_electronic_022-073-025,guitar_electronic_022-073-025,/root/autodl-tmp/tokenizer-eval/data/nsynth/nsynth-valid/audio/guitar_electronic_022-073-025.wav,378,guitar_electronic_022,3,guitar,1,electronic,73,25,16000,
-51.342224,28.83983,bass_synthetic_009-088-127,bass_synthetic_009-088-127,/root/autodl-tmp/tokenizer-eval/data/nsynth/nsynth-valid/audio/bass_synthetic_009-088-127.wav,150,bass_synthetic_009,0,bass,2,synthetic,88,127,16000,long_release
-25.37027,47.20376,brass_acoustic_006-079-100,brass_acoustic_006-079-100,/root/autodl-tmp/tokenizer-eval/data/nsynth/nsynth-valid/audio/brass_acoustic_006-079-100.wav,43,brass_acoustic_006,1,brass,0,acoustic,79,100,16000,reverb
48.93211,33.213287,mallet_acoustic_056-046-127,mallet_acoustic_056-046-127,/root/autodl-tmp/tokenizer-eval/data/nsynth/nsynth-valid/audio/mallet_acoustic_056-046-127.wav,590,mallet_acoustic_056,5,mallet,0,acoustic,46,127,16000,bright|fast_decay|percussive
-46.38784,44.060467,string_acoustic_057-096-050,string_acoustic_057-096-050,/root/autodl-tmp/tokenizer-eval/data/nsynth/nsynth-valid/audio/string_acoustic_057-096-050.wav,450,string_acoustic_057,8,string,0,acoustic,96,50,16000,bright|nonlinear_env|reverb
-40.846107,-9.055109,string_acoustic_057-058-100,string_acoustic_057-058-100,/root/autodl-tmp/tokenizer-eval/data/nsynth/nsynth-valid/audio/string_acoustic_057-058-100.wav,450,string_acoustic_057,8,string,0,acoustic,58,100,16000,bright|nonlinear_env|reverb
13.362114,53.251602,mallet_acoustic_062-092-025,mallet_acoustic_062-092-025,/root/autodl-tmp/tokenizer-eval/data/nsynth/nsynth-valid/audio/mallet_acoustic_062-092-025.wav,644,mallet_acoustic_062,5,mallet,0,acoustic,92,25,16000,fast_decay|multiphonic|percussive
-29.467987,-67.5405,vocal_synthetic_003-039-100,vocal_synthetic_003-039-100,/root/autodl-tmp/tokenizer-eval/data/nsynth/nsynth-valid/audio/vocal_synthetic_003-039-100.wav,37,vocal_synthetic_003,10,vocal,2,synthetic,39,100,16000,bright|distortion|long_release|nonlinear_env
36.09723,17.617685,mallet_acoustic_062-064-025,mallet_acoustic_062-064-025,/root/autodl-tmp/tokenizer-eval/data/nsynth/nsynth-valid/audio/mallet_acoustic_062-064-025.wav,644,mallet_acoustic_062,5,mallet,0,acoustic,64,25,16000,dark|fast_decay|multiphonic
50.326576,2.1568263,bass_synthetic_134-038-127,bass_synthetic_134-038-127,/root/autodl-tmp/tokenizer-eval/data/nsynth/nsynth-valid/audio/bass_synthetic_134-038-127.wav,914,bass_synthetic_134,0,bass,2,synthetic,38,127,16000,dark|fast_decay|reverb
62.86163,-7.612984,mallet_acoustic_062-036-127,mallet_acoustic_062-036-127,/root/autodl-tmp/tokenizer-eval/data/nsynth/nsynth-valid/audio/mallet_acoustic_062-036-127.wav,644,mallet_acoustic_062,5,mallet,0,acoustic,36,127,16000,dark|long_release|multiphonic
-11.755859,36.61258,guitar_acoustic_010-082-075,guitar_acoustic_010-082-075,/root/autodl-tmp/tokenizer-eval/data/nsynth/nsynth-valid/audio/guitar_acoustic_010-082-075.wav,219,guitar_acoustic_010,3,guitar,0,acoustic,82,75,16000,
-42.326584,-48.760616,vocal_synthetic_003-055-075,vocal_synthetic_003-055-075,/root/autodl-tmp/tokenizer-eval/data/nsynth/nsynth-valid/audio/vocal_synthetic_003-055-075.wav,37,vocal_synthetic_003,10,vocal,2,synthetic,55,75,16000,distortion|long_release|nonlinear_env
41.743176,73.80252,reed_acoustic_023-044-025,reed_acoustic_023-044-025,/root/autodl-tmp/tokenizer-eval/data/nsynth/nsynth-valid/audio/reed_acoustic_023-044-025.wav,224,reed_acoustic_023,7,reed,0,acoustic,44,25,16000,bright|fast_decay|multiphonic|nonlinear_env
23.958061,-5.867425,guitar_acoustic_014-055-025,guitar_acoustic_014-055-025,/root/autodl-tmp/tokenizer-eval/data/nsynth/nsynth-valid/audio/guitar_acoustic_014-055-025.wav,263,guitar_acoustic_014,3,guitar,0,acoustic,55,25,16000,
-47.621716,33.99816,organ_electronic_104-079-025,organ_electronic_104-079-025,/root/autodl-tmp/tokenizer-eval/data/nsynth/nsynth-valid/audio/organ_electronic_104-079-025.wav,921,organ_electronic_104,6,organ,1,electronic,79,25,16000,
-89.01486,-81.233635,brass_acoustic_046-091-075,brass_acoustic_046-091-075,/root/autodl-tmp/tokenizer-eval/data/nsynth/nsynth-valid/audio/brass_acoustic_046-091-075.wav,414,brass_acoustic_046,1,brass,0,acoustic,91,75,16000,long_release
-23.660288,63.927734,mallet_acoustic_056-089-075,mallet_acoustic_056-089-075,/root/autodl-tmp/tokenizer-eval/data/nsynth/nsynth-valid/audio/mallet_acoustic_056-089-075.wav,590,mallet_acoustic_056,5,mallet,0,acoustic,89,75,16000,fast_decay
-39.615185,-22.153227,vocal_acoustic_000-068-127,vocal_acoustic_000-068-127,/root/autodl-tmp/tokenizer-eval/data/nsynth/nsynth-valid/audio/vocal_acoustic_000-068-127.wav,46,vocal_acoustic_000,10,vocal,0,acoustic,68,127,16000,reverb
-9.562253,-36.32908,brass_acoustic_015-050-050,brass_acoustic_015-050-050,/root/autodl-tmp/tokenizer-eval/data/nsynth/nsynth-valid/audio/brass_acoustic_015-050-050.wav,121,brass_acoustic_015,1,brass,0,acoustic,50,50,16000,reverb
-48.3462,30.916046,bass_synthetic_009-077-050,bass_synthetic_009-077-050,/root/autodl-tmp/tokenizer-eval/data/nsynth/nsynth-valid/audio/bass_synthetic_009-077-050.wav,150,bass_synthetic_009,0,bass,2,synthetic,77,50,16000,bright|distortion|long_release
5.443013,0.6460705,guitar_acoustic_010-065-050,guitar_acoustic_010-065-050,/root/autodl-tmp/tokenizer-eval/data/nsynth/nsynth-valid/audio/guitar_acoustic_010-065-050.wav,219,guitar_acoustic_010,3,guitar,0,acoustic,65,50,16000,
35.205364,17.5222,mallet_acoustic_062-065-050,mallet_acoustic_062-065-050,/root/autodl-tmp/tokenizer-eval/data/nsynth/nsynth-valid/audio/mallet_acoustic_062-065-050.wav,644,mallet_acoustic_062,5,mallet,0,acoustic,65,50,16000,dark|fast_decay|multiphonic
0.80219346,17.5187,bass_synthetic_033-077-100,bass_synthetic_033-077-100,/root/autodl-tmp/tokenizer-eval/data/nsynth/nsynth-valid/audio/bass_synthetic_033-077-100.wav,417,bass_synthetic_033,0,bass,2,synthetic,77,100,16000,
-37.66355,55.384182,string_acoustic_057-092-075,string_acoustic_057-092-075,/root/autodl-tmp/tokenizer-eval/data/nsynth/nsynth-valid/audio/string_acoustic_057-092-075.wav,450,string_acoustic_057,8,string,0,acoustic,92,75,16000,nonlinear_env|reverb
8.028399,52.38436,mallet_acoustic_062-082-050,mallet_acoustic_062-082-050,/root/autodl-tmp/tokenizer-eval/data/nsynth/nsynth-valid/audio/mallet_acoustic_062-082-050.wav,644,mallet_acoustic_062,5,mallet,0,acoustic,82,50,16000,fast_decay|multiphonic
-45.74718,-21.024208,brass_acoustic_015-068-025,brass_acoustic_015-068-025,/root/autodl-tmp/tokenizer-eval/data/nsynth/nsynth-valid/audio/brass_acoustic_015-068-025.wav,121,brass_acoustic_015,1,brass,0,acoustic,68,25,16000,reverb
-9.617975,-57.831333,brass_acoustic_006-038-075,brass_acoustic_006-038-075,/root/autodl-tmp/tokenizer-eval/data/nsynth/nsynth-valid/audio/brass_acoustic_006-038-075.wav,43,brass_acoustic_006,1,brass,0,acoustic,38,75,16000,reverb
-6.3539953,-53.4749,brass_acoustic_006-032-025,brass_acoustic_006-032-025,/root/autodl-tmp/tokenizer-eval/data/nsynth/nsynth-valid/audio/brass_acoustic_006-032-025.wav,43,brass_acoustic_006,1,brass,0,acoustic,32,25,16000,long_release|reverb
0.23762028,-85.10078,flute_synthetic_000-057-127,flute_synthetic_000-057-127,/root/autodl-tmp/tokenizer-eval/data/nsynth/nsynth-valid/audio/flute_synthetic_000-057-127.wav,82,flute_synthetic_000,2,flute,2,synthetic,57,127,16000,distortion
-37.181644,-60.280178,vocal_synthetic_003-047-127,vocal_synthetic_003-047-127,/root/autodl-tmp/tokenizer-eval/data/nsynth/nsynth-valid/audio/vocal_synthetic_003-047-127.wav,37,vocal_synthetic_003,10,vocal,2,synthetic,47,127,16000,bright|distortion|long_release|nonlinear_env
2.7345793,29.718798,bass_synthetic_068-078-127,bass_synthetic_068-078-127,/root/autodl-tmp/tokenizer-eval/data/nsynth/nsynth-valid/audio/bass_synthetic_068-078-127.wav,656,bass_synthetic_068,0,bass,2,synthetic,78,127,16000,distortion|fast_decay
-73.68085,23.81962,vocal_synthetic_003-078-075,vocal_synthetic_003-078-075,/root/autodl-tmp/tokenizer-eval/data/nsynth/nsynth-valid/audio/vocal_synthetic_003-078-075.wav,37,vocal_synthetic_003,10,vocal,2,synthetic,78,75,16000,bright|distortion|long_release|nonlinear_env
33.13799,50.0804,mallet_acoustic_047-095-075,mallet_acoustic_047-095-075,/root/autodl-tmp/tokenizer-eval/data/nsynth/nsynth-valid/audio/mallet_acoustic_047-095-075.wav,488,mallet_acoustic_047,5,mallet,0,acoustic,95,75,16000,fast_decay|percussive|reverb
-19.355665,61.68502,mallet_acoustic_062-076-127,mallet_acoustic_062-076-127,/root/autodl-tmp/tokenizer-eval/data/nsynth/nsynth-valid/audio/mallet_acoustic_062-076-127.wav,644,mallet_acoustic_062,5,mallet,0,acoustic,76,127,16000,dark|multiphonic
48.677197,-43.21549,bass_electronic_018-034-025,bass_electronic_018-034-025,/root/autodl-tmp/tokenizer-eval/data/nsynth/nsynth-valid/audio/bass_electronic_018-034-025.wav,759,bass_electronic_018,0,bass,1,electronic,34,25,16000,
-11.8501005,8.304037,string_acoustic_057-075-127,string_acoustic_057-075-127,/root/autodl-tmp/tokenizer-eval/data/nsynth/nsynth-valid/audio/string_acoustic_057-075-127.wav,450,string_acoustic_057,8,string,0,acoustic,75,127,16000,bright|nonlinear_env|reverb
-7.7232723,-82.81403,flute_synthetic_000-061-025,flute_synthetic_000-061-025,/root/autodl-tmp/tokenizer-eval/data/nsynth/nsynth-valid/audio/flute_synthetic_000-061-025.wav,82,flute_synthetic_000,2,flute,2,synthetic,61,25,16000,distortion
-16.51486,-52.61556,brass_acoustic_006-050-050,brass_acoustic_006-050-050,/root/autodl-tmp/tokenizer-eval/data/nsynth/nsynth-valid/audio/brass_acoustic_006-050-050.wav,43,brass_acoustic_006,1,brass,0,acoustic,50,50,16000,reverb
-67.836464,18.657679,vocal_synthetic_003-075-050,vocal_synthetic_003-075-050,/root/autodl-tmp/tokenizer-eval/data/nsynth/nsynth-valid/audio/vocal_synthetic_003-075-050.wav,37,vocal_synthetic_003,10,vocal,2,synthetic,75,50,16000,bright|distortion|long_release|nonlinear_env
-0.9741906,-19.799397,guitar_acoustic_030-057-075,guitar_acoustic_030-057-075,/root/autodl-tmp/tokenizer-eval/data/nsynth/nsynth-valid/audio/guitar_acoustic_030-057-075.wav,642,guitar_acoustic_030,3,guitar,0,acoustic,57,75,16000,tempo-synced
62.41735,-15.481766,bass_synthetic_033-039-075,bass_synthetic_033-039-075,/root/autodl-tmp/tokenizer-eval/data/nsynth/nsynth-valid/audio/bass_synthetic_033-039-075.wav,417,bass_synthetic_033,0,bass,2,synthetic,39,75,16000,dark
40.14018,-37.53604,keyboard_electronic_098-031-100,keyboard_electronic_098-031-100,/root/autodl-tmp/tokenizer-eval/data/nsynth/nsynth-valid/audio/keyboard_electronic_098-031-100.wav,905,keyboard_electronic_098,4,keyboard,1,electronic,31,100,16000,dark|distortion
-11.637866,-45.43462,reed_acoustic_037-041-127,reed_acoustic_037-041-127,/root/autodl-tmp/tokenizer-eval/data/nsynth/nsynth-valid/audio/reed_acoustic_037-041-127.wav,387,reed_acoustic_037,7,reed,0,acoustic,41,127,16000,long_release|reverb
11.444587,-83.634514,flute_synthetic_000-051-050,flute_synthetic_000-051-050,/root/autodl-tmp/tokenizer-eval/data/nsynth/nsynth-valid/audio/flute_synthetic_000-051-050.wav,82,flute_synthetic_000,2,flute,2,synthetic,51,50,16000,distortion
24.150555,-79.513504,flute_synthetic_000-044-127,flute_synthetic_000-044-127,/root/autodl-tmp/tokenizer-eval/data/nsynth/nsynth-valid/audio/flute_synthetic_000-044-127.wav,82,flute_synthetic_000,2,flute,2,synthetic,44,127,16000,distortion
-63.328144,12.174627,vocal_synthetic_003-073-100,vocal_synthetic_003-073-100,/root/autodl-tmp/tokenizer-eval/data/nsynth/nsynth-valid/audio/vocal_synthetic_003-073-100.wav,37,vocal_synthetic_003,10,vocal,2,synthetic,73,100,16000,bright|distortion|long_release|nonlinear_env
60.791935,-1.2747736,string_acoustic_014-036-050,string_acoustic_014-036-050,/root/autodl-tmp/tokenizer-eval/data/nsynth/nsynth-valid/audio/string_acoustic_014-036-050.wav,100,string_acoustic_014,8,string,0,acoustic,36,50,16000,dark|reverb
7.928336,-21.395226,organ_electronic_113-059-075,organ_electronic_113-059-075,/root/autodl-tmp/tokenizer-eval/data/nsynth/nsynth-valid/audio/organ_electronic_113-059-075.wav,958,organ_electronic_113,6,organ,1,electronic,59,75,16000,dark
20.053986,-32.929493,organ_electronic_057-031-100,organ_electronic_057-031-100,/root/autodl-tmp/tokenizer-eval/data/nsynth/nsynth-valid/audio/organ_electronic_057-031-100.wav,701,organ_electronic_057,6,organ,1,electronic,31,100,16000,dark
-28.651648,-34.706867,string_acoustic_080-052-025,string_acoustic_080-052-025,/root/autodl-tmp/tokenizer-eval/data/nsynth/nsynth-valid/audio/string_acoustic_080-052-025.wav,675,string_acoustic_080,8,string,0,acoustic,52,25,16000,long_release|reverb
-83.26571,-26.593924,bass_synthetic_098-091-100,bass_synthetic_098-091-100,/root/autodl-tmp/tokenizer-eval/data/nsynth/nsynth-valid/audio/bass_synthetic_098-091-100.wav,803,bass_synthetic_098,0,bass,2,synthetic,91,100,16000,
-68.49197,49.213997,vocal_synthetic_003-079-025,vocal_synthetic_003-079-025,/root/autodl-tmp/tokenizer-eval/data/nsynth/nsynth-valid/audio/vocal_synthetic_003-079-025.wav,37,vocal_synthetic_003,10,vocal,2,synthetic,79,25,16000,bright|distortion|long_release|nonlinear_env
-42.60463,-10.108855,string_acoustic_057-069-100,string_acoustic_057-069-100,/root/autodl-tmp/tokenizer-eval/data/nsynth/nsynth-valid/audio/string_acoustic_057-069-100.wav,450,string_acoustic_057,8,string,0,acoustic,69,100,16000,bright|nonlinear_env|reverb
-46.36137,-22.507652,organ_electronic_001-080-127,organ_electronic_001-080-127,/root/autodl-tmp/tokenizer-eval/data/nsynth/nsynth-valid/audio/organ_electronic_001-080-127.wav,8,organ_electronic_001,6,organ,1,electronic,80,127,16000,
27.91701,2.9663575,guitar_acoustic_014-059-075,guitar_acoustic_014-059-075,/root/autodl-tmp/tokenizer-eval/data/nsynth/nsynth-valid/audio/guitar_acoustic_014-059-075.wav,263,guitar_acoustic_014,3,guitar,0,acoustic,59,75,16000,
-45.159206,11.4192505,brass_acoustic_015-073-127,brass_acoustic_015-073-127,/root/autodl-tmp/tokenizer-eval/data/nsynth/nsynth-valid/audio/brass_acoustic_015-073-127.wav,121,brass_acoustic_015,1,brass,0,acoustic,73,127,16000,reverb
-14.123929,35.32872,organ_electronic_028-082-127,organ_electronic_028-082-127,/root/autodl-tmp/tokenizer-eval/data/nsynth/nsynth-valid/audio/organ_electronic_028-082-127.wav,440,organ_electronic_028,6,organ,1,electronic,82,127,16000,
-62.20369,48.144707,vocal_synthetic_003-092-127,vocal_synthetic_003-092-127,/root/autodl-tmp/tokenizer-eval/data/nsynth/nsynth-valid/audio/vocal_synthetic_003-092-127.wav,37,vocal_synthetic_003,10,vocal,2,synthetic,92,127,16000,bright|distortion|long_release|nonlinear_env
-88.88145,-25.85535,bass_synthetic_098-050-100,bass_synthetic_098-050-100,/root/autodl-tmp/tokenizer-eval/data/nsynth/nsynth-valid/audio/bass_synthetic_098-050-100.wav,803,bass_synthetic_098,0,bass,2,synthetic,50,100,16000,distortion
8.176601,76.249916,reed_acoustic_023-094-050,reed_acoustic_023-094-050,/root/autodl-tmp/tokenizer-eval/data/nsynth/nsynth-valid/audio/reed_acoustic_023-094-050.wav,224,reed_acoustic_023,7,reed,0,acoustic,94,50,16000,fast_decay|multiphonic|nonlinear_env
7.0439787,-30.470697,organ_electronic_057-054-127,organ_electronic_057-054-127,/root/autodl-tmp/tokenizer-eval/data/nsynth/nsynth-valid/audio/organ_electronic_057-054-127.wav,701,organ_electronic_057,6,organ,1,electronic,54,127,16000,dark
-31.983297,-37.53611,flute_synthetic_000-063-050,flute_synthetic_000-063-050,/root/autodl-tmp/tokenizer-eval/data/nsynth/nsynth-valid/audio/flute_synthetic_000-063-050.wav,82,flute_synthetic_000,2,flute,2,synthetic,63,50,16000,distortion
19.49865,-53.969044,organ_electronic_028-037-127,organ_electronic_028-037-127,/root/autodl-tmp/tokenizer-eval/data/nsynth/nsynth-valid/audio/organ_electronic_028-037-127.wav,440,organ_electronic_028,6,organ,1,electronic,37,127,16000,dark
-27.742,55.4102,string_acoustic_057-089-127,string_acoustic_057-089-127,/root/autodl-tmp/tokenizer-eval/data/nsynth/nsynth-valid/audio/string_acoustic_057-089-127.wav,450,string_acoustic_057,8,string,0,acoustic,89,127,16000,nonlinear_env|reverb
52.34924,8.955442,string_acoustic_014-063-100,string_acoustic_014-063-100,/root/autodl-tmp/tokenizer-eval/data/nsynth/nsynth-valid/audio/string_acoustic_014-063-100.wav,100,string_acoustic_014,8,string,0,acoustic,63,100,16000,fast_decay|percussive|reverb
4.020185,-83.520645,flute_synthetic_000-055-025,flute_synthetic_000-055-025,/root/autodl-tmp/tokenizer-eval/data/nsynth/nsynth-valid/audio/flute_synthetic_000-055-025.wav,82,flute_synthetic_000,2,flute,2,synthetic,55,25,16000,distortion
-24.166058,44.92076,organ_electronic_028-079-127,organ_electronic_028-079-127,/root/autodl-tmp/tokenizer-eval/data/nsynth/nsynth-valid/audio/organ_electronic_028-079-127.wav,440,organ_electronic_028,6,organ,1,electronic,79,127,16000,
8.904308,49.711525,mallet_acoustic_062-086-050,mallet_acoustic_062-086-050,/root/autodl-tmp/tokenizer-eval/data/nsynth/nsynth-valid/audio/mallet_acoustic_062-086-050.wav,644,mallet_acoustic_062,5,mallet,0,acoustic,86,50,16000,fast_decay|multiphonic
-89.935005,-24.761936,bass_synthetic_098-048-075,bass_synthetic_098-048-075,/root/autodl-tmp/tokenizer-eval/data/nsynth/nsynth-valid/audio/bass_synthetic_098-048-075.wav,803,bass_synthetic_098,0,bass,2,synthetic,48,75,16000,
17.94891,-1.3016965,keyboard_electronic_098-067-127,keyboard_electronic_098-067-127,/root/autodl-tmp/tokenizer-eval/data/nsynth/nsynth-valid/audio/keyboard_electronic_098-067-127.wav,905,keyboard_electronic_098,4,keyboard,1,electronic,67,127,16000,
-20.029768,-43.913555,brass_acoustic_059-047-127,brass_acoustic_059-047-127,/root/autodl-tmp/tokenizer-eval/data/nsynth/nsynth-valid/audio/brass_acoustic_059-047-127.wav,572,brass_acoustic_059,1,brass,0,acoustic,47,127,16000,reverb
18.938408,82.18511,keyboard_synthetic_000-082-075,keyboard_synthetic_000-082-075,/root/autodl-tmp/tokenizer-eval/data/nsynth/nsynth-valid/audio/keyboard_synthetic_000-082-075.wav,577,keyboard_synthetic_000,4,keyboard,2,synthetic,82,75,16000,bright|distortion|fast_decay|nonlinear_env
-15.136822,-32.04328,brass_acoustic_059-060-025,brass_acoustic_059-060-025,/root/autodl-tmp/tokenizer-eval/data/nsynth/nsynth-valid/audio/brass_acoustic_059-060-025.wav,572,brass_acoustic_059,1,brass,0,acoustic,60,25,16000,dark|reverb
23.901497,-9.172167,keyboard_electronic_078-056-075,keyboard_electronic_078-056-075,/root/autodl-tmp/tokenizer-eval/data/nsynth/nsynth-valid/audio/keyboard_electronic_078-056-075.wav,838,keyboard_electronic_078,4,keyboard,1,electronic,56,75,16000,bright
42.872643,-16.117907,keyboard_electronic_001-039-050,keyboard_electronic_001-039-050,/root/autodl-tmp/tokenizer-eval/data/nsynth/nsynth-valid/audio/keyboard_electronic_001-039-050.wav,40,keyboard_electronic_001,4,keyboard,1,electronic,39,50,16000,dark
31.598503,75.998856,reed_acoustic_023-031-050,reed_acoustic_023-031-050,/root/autodl-tmp/tokenizer-eval/data/nsynth/nsynth-valid/audio/reed_acoustic_023-031-050.wav,224,reed_acoustic_023,7,reed,0,acoustic,31,50,16000,bright|fast_decay|multiphonic|nonlinear_env
-9.347911,4.811887,brass_acoustic_046-075-100,brass_acoustic_046-075-100,/root/autodl-tmp/tokenizer-eval/data/nsynth/nsynth-valid/audio/brass_acoustic_046-075-100.wav,414,brass_acoustic_046,1,brass,0,acoustic,75,100,16000,bright
15.033827,-24.447435,organ_electronic_001-046-127,organ_electronic_001-046-127,/root/autodl-tmp/tokenizer-eval/data/nsynth/nsynth-valid/audio/organ_electronic_001-046-127.wav,8,organ_electronic_001,6,organ,1,electronic,46,127,16000,dark
-38.949257,-1.0331422,organ_electronic_007-070-100,organ_electronic_007-070-100,/root/autodl-tmp/tokenizer-eval/data/nsynth/nsynth-valid/audio/organ_electronic_007-070-100.wav,123,organ_electronic_007,6,organ,1,electronic,70,100,16000,distortion|long_release|nonlinear_env
30.558023,-76.01896,flute_synthetic_000-040-100,flute_synthetic_000-040-100,/root/autodl-tmp/tokenizer-eval/data/nsynth/nsynth-valid/audio/flute_synthetic_000-040-100.wav,82,flute_synthetic_000,2,flute,2,synthetic,40,100,16000,distortion
1.2940959,-6.208752,brass_acoustic_015-063-025,brass_acoustic_015-063-025,/root/autodl-tmp/tokenizer-eval/data/nsynth/nsynth-valid/audio/brass_acoustic_015-063-025.wav,121,brass_acoustic_015,1,brass,0,acoustic,63,25,16000,reverb
-2.898472,40.20802,mallet_acoustic_062-071-075,mallet_acoustic_062-071-075,/root/autodl-tmp/tokenizer-eval/data/nsynth/nsynth-valid/audio/mallet_acoustic_062-071-075.wav,644,mallet_acoustic_062,5,mallet,0,acoustic,71,75,16000,dark|multiphonic
-6.562845,-36.21205,brass_acoustic_015-044-075,brass_acoustic_015-044-075,/root/autodl-tmp/tokenizer-eval/data/nsynth/nsynth-valid/audio/brass_acoustic_015-044-075.wav,121,brass_acoustic_015,1,brass,0,acoustic,44,75,16000,reverb
44.382946,27.028055,mallet_acoustic_056-058-025,mallet_acoustic_056-058-025,/root/autodl-tmp/tokenizer-eval/data/nsynth/nsynth-valid/audio/mallet_acoustic_056-058-025.wav,590,mallet_acoustic_056,5,mallet,0,acoustic,58,25,16000,fast_decay|percussive
-45.086014,34.431637,organ_electronic_057-077-100,organ_electronic_057-077-100,/root/autodl-tmp/tokenizer-eval/data/nsynth/nsynth-valid/audio/organ_electronic_057-077-100.wav,701,organ_electronic_057,6,organ,1,electronic,77,100,16000,
-27.25049,42.795624,brass_acoustic_046-080-127,brass_acoustic_046-080-127,/root/autodl-tmp/tokenizer-eval/data/nsynth/nsynth-valid/audio/brass_acoustic_046-080-127.wav,414,brass_acoustic_046,1,brass,0,acoustic,80,127,16000,
-9.044818,-42.674976,reed_acoustic_037-042-025,reed_acoustic_037-042-025,/root/autodl-tmp/tokenizer-eval/data/nsynth/nsynth-valid/audio/reed_acoustic_037-042-025.wav,387,reed_acoustic_037,7,reed,0,acoustic,42,25,16000,reverb
-36.834053,-21.97324,vocal_acoustic_000-056-050,vocal_acoustic_000-056-050,/root/autodl-tmp/tokenizer-eval/data/nsynth/nsynth-valid/audio/vocal_acoustic_000-056-050.wav,46,vocal_acoustic_000,10,vocal,0,acoustic,56,50,16000,reverb
-15.376052,24.748554,bass_synthetic_034-075-075,bass_synthetic_034-075-075,/root/autodl-tmp/tokenizer-eval/data/nsynth/nsynth-valid/audio/bass_synthetic_034-075-075.wav,420,bass_synthetic_034,0,bass,2,synthetic,75,75,16000,distortion|tempo-synced
-32.227715,24.125174,reed_acoustic_018-085-075,reed_acoustic_018-085-075,/root/autodl-tmp/tokenizer-eval/data/nsynth/nsynth-valid/audio/reed_acoustic_018-085-075.wav,183,reed_acoustic_018,7,reed,0,acoustic,85,75,16000,
64.66281,-9.164096,guitar_acoustic_030-035-100,guitar_acoustic_030-035-100,/root/autodl-tmp/tokenizer-eval/data/nsynth/nsynth-valid/audio/guitar_acoustic_030-035-100.wav,642,guitar_acoustic_030,3,guitar,0,acoustic,35,100,16000,long_release|tempo-synced
-33.532192,24.996428,string_acoustic_057-085-050,string_acoustic_057-085-050,/root/autodl-tmp/tokenizer-eval/data/nsynth/nsynth-valid/audio/string_acoustic_057-085-050.wav,450,string_acoustic_057,8,string,0,acoustic,85,50,16000,bright|nonlinear_env|reverb
43.65819,26.175978,mallet_acoustic_056-060-127,mallet_acoustic_056-060-127,/root/autodl-tmp/tokenizer-eval/data/nsynth/nsynth-valid/audio/mallet_acoustic_056-060-127.wav,590,mallet_acoustic_056,5,mallet,0,acoustic,60,127,16000,fast_decay|percussive
-46.252808,-23.227291,reed_acoustic_018-068-050,reed_acoustic_018-068-050,/root/autodl-tmp/tokenizer-eval/data/nsynth/nsynth-valid/audio/reed_acoustic_018-068-050.wav,183,reed_acoustic_018,7,reed,0,acoustic,68,50,16000,
-14.961366,16.004185,organ_electronic_007-076-075,organ_electronic_007-076-075,/root/autodl-tmp/tokenizer-eval/data/nsynth/nsynth-valid/audio/organ_electronic_007-076-075.wav,123,organ_electronic_007,6,organ,1,electronic,76,75,16000,bright|distortion|long_release|nonlinear_env
-24.99939,-70.64753,vocal_synthetic_003-033-100,vocal_synthetic_003-033-100,/root/autodl-tmp/tokenizer-eval/data/nsynth/nsynth-valid/audio/vocal_synthetic_003-033-100.wav,37,vocal_synthetic_003,10,vocal,2,synthetic,33,100,16000,bright|distortion|long_release|nonlinear_env
-2.0875125,31.195358,bass_synthetic_135-079-025,bass_synthetic_135-079-025,/root/autodl-tmp/tokenizer-eval/data/nsynth/nsynth-valid/audio/bass_synthetic_135-079-025.wav,927,bass_synthetic_135,0,bass,2,synthetic,79,25,16000,distortion
37.634018,-34.285828,guitar_acoustic_010-042-075,guitar_acoustic_010-042-075,/root/autodl-tmp/tokenizer-eval/data/nsynth/nsynth-valid/audio/guitar_acoustic_010-042-075.wav,219,guitar_acoustic_010,3,guitar,0,acoustic,42,75,16000,
-49.837013,7.8796096,flute_acoustic_002-072-050,flute_acoustic_002-072-050,/root/autodl-tmp/tokenizer-eval/data/nsynth/nsynth-valid/audio/flute_acoustic_002-072-050.wav,86,flute_acoustic_002,2,flute,0,acoustic,72,50,16000,long_release|reverb
57.92799,-32.4974,string_acoustic_071-046-050,string_acoustic_071-046-050,/root/autodl-tmp/tokenizer-eval/data/nsynth/nsynth-valid/audio/string_acoustic_071-046-050.wav,609,string_acoustic_071,8,string,0,acoustic,46,50,16000,long_release|reverb
48.770477,-44.265217,bass_synthetic_068-035-075,bass_synthetic_068-035-075,/root/autodl-tmp/tokenizer-eval/data/nsynth/nsynth-valid/audio/bass_synthetic_068-035-075.wav,656,bass_synthetic_068,0,bass,2,synthetic,35,75,16000,dark
-34.20553,30.372644,flute_acoustic_002-084-127,flute_acoustic_002-084-127,/root/autodl-tmp/tokenizer-eval/data/nsynth/nsynth-valid/audio/flute_acoustic_002-084-127.wav,86,flute_acoustic_002,2,flute,0,acoustic,84,127,16000,long_release|reverb
-21.060717,-20.203524,brass_acoustic_046-066-127,brass_acoustic_046-066-127,/root/autodl-tmp/tokenizer-eval/data/nsynth/nsynth-valid/audio/brass_acoustic_046-066-127.wav,414,brass_acoustic_046,1,brass,0,acoustic,66,127,16000,bright
-27.703182,20.047358,brass_acoustic_006-087-075,brass_acoustic_006-087-075,/root/autodl-tmp/tokenizer-eval/data/nsynth/nsynth-valid/audio/brass_acoustic_006-087-075.wav,43,brass_acoustic_006,1,brass,0,acoustic,87,75,16000,reverb
-41.55926,-25.590017,string_acoustic_057-067-025,string_acoustic_057-067-025,/root/autodl-tmp/tokenizer-eval/data/nsynth/nsynth-valid/audio/string_acoustic_057-067-025.wav,450,string_acoustic_057,8,string,0,acoustic,67,25,16000,bright|nonlinear_env|reverb
-89.13305,-23.5056,bass_synthetic_098-069-050,bass_synthetic_098-069-050,/root/autodl-tmp/tokenizer-eval/data/nsynth/nsynth-valid/audio/bass_synthetic_098-069-050.wav,803,bass_synthetic_098,0,bass,2,synthetic,69,50,16000,
-46.767094,10.717166,string_acoustic_057-073-075,string_acoustic_057-073-075,/root/autodl-tmp/tokenizer-eval/data/nsynth/nsynth-valid/audio/string_acoustic_057-073-075.wav,450,string_acoustic_057,8,string,0,acoustic,73,75,16000,bright|nonlinear_env|reverb
-6.229013,-84.1628,flute_synthetic_000-060-075,flute_synthetic_000-060-075,/root/autodl-tmp/tokenizer-eval/data/nsynth/nsynth-valid/audio/flute_synthetic_000-060-075.wav,82,flute_synthetic_000,2,flute,2,synthetic,60,75,16000,distortion
3.1097429,30.541866,guitar_acoustic_015-078-127,guitar_acoustic_015-078-127,/root/autodl-tmp/tokenizer-eval/data/nsynth/nsynth-valid/audio/guitar_acoustic_015-078-127.wav,316,guitar_acoustic_015,3,guitar,0,acoustic,78,127,16000,fast_decay|reverb
44.616222,16.529825,string_acoustic_056-068-050,string_acoustic_056-068-050,/root/autodl-tmp/tokenizer-eval/data/nsynth/nsynth-valid/audio/string_acoustic_056-068-050.wav,436,string_acoustic_056,8,string,0,acoustic,68,50,16000,fast_decay|percussive|reverb
