tsne_x,tsne_y,id,note_str,audio_path,instrument,instrument_str,instrument_family,instrument_family_str,instrument_source,instrument_source_str,pitch,velocity,sample_rate,qualities_str
8.191115,-67.49801,organ_electronic_028-091-025,organ_electronic_028-091-025,/root/autodl-tmp/tokenizer-eval/data/nsynth/nsynth-valid/audio/organ_electronic_028-091-025.wav,440,organ_electronic_028,6,organ,1,electronic,91,25,16000,
-57.21719,10.411647,brass_acoustic_006-043-127,brass_acoustic_006-043-127,/root/autodl-tmp/tokenizer-eval/data/nsynth/nsynth-valid/audio/brass_acoustic_006-043-127.wav,43,brass_acoustic_006,1,brass,0,acoustic,43,127,16000,reverb
28.300312,-10.404657,bass_synthetic_068-075-050,bass_synthetic_068-075-050,/root/autodl-tmp/tokenizer-eval/data/nsynth/nsynth-valid/audio/bass_synthetic_068-075-050.wav,656,bass_synthetic_068,0,bass,2,synthetic,75,50,16000,
44.51156,15.408233,mallet_acoustic_062-061-050,mallet_acoustic_062-061-050,/root/autodl-tmp/tokenizer-eval/data/nsynth/nsynth-valid/audio/mallet_acoustic_062-061-050.wav,644,mallet_acoustic_062,5,mallet,0,acoustic,61,50,16000,dark|fast_decay|multiphonic
12.075438,-22.984802,reed_acoustic_018-073-025,reed_acoustic_018-073-025,/root/autodl-tmp/tokenizer-eval/data/nsynth/nsynth-valid/audio/reed_acoustic_018-073-025.wav,183,reed_acoustic_018,7,reed,0,acoustic,73,25,16000,
16.965425,-8.041161,guitar_acoustic_015-073-075,guitar_acoustic_015-073-075,/root/autodl-tmp/tokenizer-eval/data/nsynth/nsynth-valid/audio/guitar_acoustic_015-073-075.wav,316,guitar_acoustic_015,3,guitar,0,acoustic,73,75,16000,reverb
-12.484375,2.7142127,organ_electronic_113-062-075,organ_electronic_113-062-075,/root/autodl-tmp/tokenizer-eval/data/nsynth/nsynth-valid/audio/organ_electronic_113-062-075.wav,958,organ_electronic_113,6,organ,1,electronic,62,75,16000,dark
52.11247,-7.1932893,guitar_acoustic_014-087-025,guitar_acoustic_014-087-025,/root/autodl-tmp/tokenizer-eval/data/nsynth/nsynth-valid/audio/guitar_acoustic_014-087-025.wav,263,guitar_acoustic_014,3,guitar,0,acoustic,87,25,16000,fast_decay|percussive
-64.0415,10.927823,brass_acoustic_059-033-127,brass_acoustic_059-033-127,/root/autodl-tmp/tokenizer-eval/data/nsynth/nsynth-valid/audio/brass_acoustic_059-033-127.wav,572,brass_acoustic_059,1,brass,0,acoustic,33,127,16000,reverb
25.985687,-35.93655,reed_acoustic_037-074-050,reed_acoustic_037-074-050,/root/autodl-tmp/tokenizer-eval/data/nsynth/nsynth-valid/audio/reed_acoustic_037-074-050.wav,387,reed_acoustic_037,7,reed,0,acoustic,74,50,16000,reverb
40.69402,32.35367,string_acoustic_014-032-127,string_acoustic_014-032-127,/root/autodl-tmp/tokenizer-eval/data/nsynth/nsynth-valid/audio/string_acoustic_014-032-127.wav,100,string_acoustic_014,8,string,0,acoustic,32,127,16000,dark|fast_decay|reverb
60.98125,-3.9207945,string_acoustic_056-073-075,string_acoustic_056-073-075,/root/autodl-tmp/tokenizer-eval/data/nsynth/nsynth-valid/audio/string_acoustic_056-073-075.wav,436,string_acoustic_056,8,string,0,acoustic,73,75,16000,fast_decay|percussive|reverb
-27.784834,-29.645233,organ_electronic_113-068-025,organ_electronic_113-068-025,/root/autodl-tmp/tokenizer-eval/data/nsynth/nsynth-valid/audio/organ_electronic_113-068-025.wav,958,organ_electronic_113,6,organ,1,electronic,68,25,16000,
-54.42133,6.520767,string_acoustic_012-050-127,string_acoustic_012-050-127,/root/autodl-tmp/tokenizer-eval/data/nsynth/nsynth-valid/audio/string_acoustic_012-050-127.wav,97,string_acoustic_012,8,string,0,acoustic,50,127,16000,reverb
-46.724037,40.482162,string_acoustic_080-043-100,string_acoustic_080-043-100,/root/autodl-tmp/tokenizer-eval/data/nsynth/nsynth-valid/audio/string_acoustic_080-043-100.wav,675,string_acoustic_080,8,string,0,acoustic,43,100,16000,long_release|reverb
-60.245518,7.2139983,brass_acoustic_006-040-025,brass_acoustic_006-040-025,/root/autodl-tmp/tokenizer-eval/data/nsynth/nsynth-valid/audio/brass_acoustic_006-040-025.wav,43,brass_acoustic_006,1,brass,0,acoustic,40,25,16000,reverb
-23.344992,34.42841,keyboard_electronic_001-056-100,keyboard_electronic_001-056-100,/root/autodl-tmp/tokenizer-eval/data/nsynth/nsynth-valid/audio/keyboard_electronic_001-056-100.wav,40,keyboard_electronic_001,4,keyboard,1,electronic,56,100,16000,
-31.533293,52.51589,flute_synthetic_000-035-100,flute_synthetic_000-035-100,/root/autodl-tmp/tokenizer-eval/data/nsynth/nsynth-valid/audio/flute_synthetic_000-035-100.wav,82,flute_synthetic_000,2,flute,2,synthetic,35,100,16000,distortion
34.359272,-23.487865,keyboard_electronic_078-084-075,keyboard_electronic_078-084-075,/root/autodl-tmp/tokenizer-eval/data/nsynth/nsynth-valid/audio/keyboard_electronic_078-084-075.wav,838,keyboard_electronic_078,4,keyboard,1,electronic,84,75,16000,bright
32.480362,21.826653,keyboard_acoustic_004-091-050,keyboard_acoustic_004-091-050,/root/autodl-tmp/tokenizer-eval/data/nsynth/nsynth-valid/audio/keyboard_acoustic_004-091-050.wav,327,keyboard_acoustic_004,4,keyboard,0,acoustic,91,50,16000,dark|reverb
-52.690033,40.288933,string_acoustic_012-053-100,string_acoustic_012-053-100,/root/autodl-tmp/tokenizer-eval/data/nsynth/nsynth-valid/audio/string_acoustic_012-053-100.wav,97,string_acoustic_012,8,string,0,acoustic,53,100,16000,reverb
4.4056444,-42.357937,string_acoustic_057-084-075,string_acoustic_057-084-075,/root/autodl-tmp/tokenizer-eval/data/nsynth/nsynth-valid/audio/string_acoustic_057-084-075.wav,450,string_acoustic_057,8,string,0,acoustic,84,75,16000,bright|nonlinear_env|reverb
-13.327995,82.05025,bass_synthetic_033-096-050,bass_synthetic_033-096-050,/root/autodl-tmp/tokenizer-eval/data/nsynth/nsynth-valid/audio/bass_synthetic_033-096-050.wav,417,bass_synthetic_033,0,bass,2,synthetic,96,50,16000,
12.146198,9.765334,keyboard_acoustic_004-067-050,keyboard_acoustic_004-067-050,/root/autodl-tmp/tokenizer-eval/data/nsynth/nsynth-valid/audio/keyboard_acoustic_004-067-050.wav,327,keyboard_acoustic_004,4,keyboard,0,acoustic,67,50,16000,dark|reverb
67.84245,-26.237772,reed_acoustic_023-093-075,reed_acoustic_023-093-075,/root/autodl-tmp/tokenizer-eval/data/nsynth/nsynth-valid/audio/reed_acoustic_023-093-075.wav,224,reed_acoustic_023,7,reed,0,acoustic,93,75,16000,fast_decay|multiphonic|nonlinear_env
-16.109138,50.224907,guitar_acoustic_021-034-025,guitar_acoustic_021-034-025,/root/autodl-tmp/tokenizer-eval/data/nsynth/nsynth-valid/audio/guitar_acoustic_021-034-025.wav,457,guitar_acoustic_021,3,guitar,0,acoustic,34,25,16000,
7.8471556,-2.863611,keyboard_acoustic_004-070-127,keyboard_acoustic_004-070-127,/root/autodl-tmp/tokenizer-eval/data/nsynth/nsynth-valid/audio/keyboard_acoustic_004-070-127.wav,327,keyboard_acoustic_004,4,keyboard,0,acoustic,70,127,16000,reverb
-4.980849,15.880147,keyboard_electronic_078-063-025,keyboard_electronic_078-063-025,/root/autodl-tmp/tokenizer-eval/data/nsynth/nsynth-valid/audio/keyboard_electronic_078-063-025.wav,838,keyboard_electronic_078,4,keyboard,1,electronic,63,25,16000,bright
25.021505,28.4874,bass_electronic_018-058-127,bass_electronic_018-058-127,/root/autodl-tmp/tokenizer-eval/data/nsynth/nsynth-valid/audio/bass_electronic_018-058-127.wav,759,bass_electronic_018,0,bass,1,electronic,58,127,16000,
-72.362564,29.625366,vocal_synthetic_003-031-075,vocal_synthetic_003-031-075,/root/autodl-tmp/tokenizer-eval/data/nsynth/nsynth-valid/audio/vocal_synthetic_003-031-075.wav,37,vocal_synthetic_003,10,vocal,2,synthetic,31,75,16000,distortion|long_release|nonlinear_env
-31.028963,-6.913278,vocal_acoustic_000-051-100,vocal_acoustic_000-051-100,/root/autodl-tmp/tokenizer-eval/data/nsynth/nsynth-valid/audio/vocal_acoustic_000-051-100.wav,46,vocal_acoustic_000,10,vocal,0,acoustic,51,100,16000,reverb
35.474087,28.732525,string_acoustic_014-062-050,string_acoustic_014-062-050,/root/autodl-tmp/tokenizer-eval/data/nsynth/nsynth-valid/audio/string_acoustic_014-062-050.wav,100,string_acoustic_014,8,string,0,acoustic,62,50,16000,dark|percussive|reverb
-7.0995345,35.85858,keyboard_electronic_002-050-075,keyboard_electronic_002-050-075,/root/autodl-tmp/tokenizer-eval/data/nsynth/nsynth-valid/audio/keyboard_electronic_002-050-075.wav,50,keyboard_electronic_002,4,keyboard,1,electronic,50,75,16000,
14.739685,20.32459,mallet_acoustic_062-061-127,mallet_acoustic_062-061-127,/root/autodl-tmp/tokenizer-eval/data/nsynth/nsynth-valid/audio/mallet_acoustic_062-061-127.wav,644,mallet_acoustic_062,5,mallet,0,acoustic,61,127,16000,dark|long_release|multiphonic
2.7560189,6.6291885,guitar_electronic_028-067-127,guitar_electronic_028-067-127,/root/autodl-tmp/tokenizer-eval/data/nsynth/nsynth-valid/audio/guitar_electronic_028-067-127.wav,510,guitar_electronic_028,3,guitar,1,electronic,67,127,16000,
-16.66762,44.505463,guitar_acoustic_021-046-075,guitar_acoustic_021-046-075,/root/autodl-tmp/tokenizer-eval/data/nsynth/nsynth-valid/audio/guitar_acoustic_021-046-075.wav,457,guitar_acoustic_021,3,guitar,0,acoustic,46,75,16000,
4.827075,-35.133923,guitar_electronic_022-083-025,guitar_electronic_022-083-025,/root/autodl-tmp/tokenizer-eval/data/nsynth/nsynth-valid/audio/guitar_electronic_022-083-025.wav,378,guitar_electronic_022,3,guitar,1,electronic,83,25,16000,
10.1111145,-21.7366,reed_acoustic_037-073-100,reed_acoustic_037-073-100,/root/autodl-tmp/tokenizer-eval/data/nsynth/nsynth-valid/audio/reed_acoustic_037-073-100.wav,387,reed_acoustic_037,7,reed,0,acoustic,73,100,16000,reverb
-25.469566,2.9453619,flute_synthetic_000-067-127,flute_synthetic_000-067-127,/root/autodl-tmp/tokenizer-eval/data/nsynth/nsynth-valid/audio/flute_synthetic_000-067-127.wav,82,flute_synthetic_000,2,flute,2,synthetic,67,127,16000,distortion
-3.7418675,48.648632,keyboard_electronic_069-039-075,keyboard_electronic_069-039-075,/root/autodl-tmp/tokenizer-eval/data/nsynth/nsynth-valid/audio/keyboard_electronic_069-039-075.wav,805,keyboard_electronic_069,4,keyboard,1,electronic,39,75,16000,distortion
-63.059475,10.282937,brass_acoustic_006-035-127,brass_acoustic_006-035-127,/root/autodl-tmp/tokenizer-eval/data/nsynth/nsynth-valid/audio/brass_acoustic_006-035-127.wav,43,brass_acoustic_006,1,brass,0,acoustic,35,127,16000,reverb
-4.946834,-72.24844,vocal_synthetic_003-093-025,vocal_synthetic_003-093-025,/root/autodl-tmp/tokenizer-eval/data/nsynth/nsynth-valid/audio/vocal_synthetic_003-093-025.wav,37,vocal_synthetic_003,10,vocal,2,synthetic,93,25,16000,bright|distortion|long_release|nonlinear_env
-20.772501,34.87687,guitar_acoustic_015-039-050,guitar_acoustic_015-039-050,/root/autodl-tmp/tokenizer-eval/data/nsynth/nsynth-valid/audio/guitar_acoustic_015-039-050.wav,316,guitar_acoustic_015,3,guitar,0,acoustic,39,50,16000,reverb
44.129177,28.382103,string_acoustic_056-050-075,string_acoustic_056-050-075,/root/autodl-tmp/tokenizer-eval/data/nsynth/nsynth-valid/audio/string_acoustic_056-050-075.wav,436,string_acoustic_056,8,string,0,acoustic,50,75,16000,fast_decay|reverb
-26.363594,-66.61297,vocal_synthetic_003-081-075,vocal_synthetic_003-081-075,/root/autodl-tmp/tokenizer-eval/data/nsynth/nsynth-valid/audio/vocal_synthetic_003-081-075.wav,37,vocal_synthetic_003,10,vocal,2,synthetic,81,75,16000,bright|distortion|long_release|nonlinear_env
-19.252432,0.3532692,brass_acoustic_016-059-100,brass_acoustic_016-059-100,/root/autodl-tmp/tokenizer-eval/data/nsynth/nsynth-valid/audio/brass_acoustic_016-059-100.wav,128,brass_acoustic_016,1,brass,0,acoustic,59,100,16000,bright
-59.68849,-27.944967,vocal_synthetic_003-047-075,vocal_synthetic_003-047-075,/root/autodl-tmp/tokenizer-eval/data/nsynth/nsynth-valid/audio/vocal_synthetic_003-047-075.wav,37,vocal_synthetic_003,10,vocal,2,synthetic,47,75,16000,distortion|long_release|nonlinear_env
-32.908375,-11.547317,vocal_acoustic_000-060-100,vocal_acoustic_000-060-100,/root/autodl-tmp/tokenizer-eval/data/nsynth/nsynth-valid/audio/vocal_acoustic_000-060-100.wav,46,vocal_acoustic_000,10,vocal,0,acoustic,60,100,16000,reverb
36.490707,52.11235,guitar_acoustic_030-033-025,guitar_acoustic_030-033-025,/root/autodl-tmp/tokenizer-eval/data/nsynth/nsynth-valid/audio/guitar_acoustic_030-033-025.wav,642,guitar_acoustic_030,3,guitar,0,acoustic,33,25,16000,long_release|tempo-synced
-1.5061986,-40.907467,flute_acoustic_002-083-050,flute_acoustic_002-083-050,/root/autodl-tmp/tokenizer-eval/data/nsynth/nsynth-valid/audio/flute_acoustic_002-083-050.wav,86,flute_acoustic_002,2,flute,0,acoustic,83,50,16000,reverb
89.70821,-13.556025,reed_acoustic_023-080-050,reed_acoustic_023-080-050,/root/autodl-tmp/tokenizer-eval/data/nsynth/nsynth-valid/audio/reed_acoustic_023-080-050.wav,224,reed_acoustic_023,7,reed,0,acoustic,80,50,16000,bright|fast_decay|multiphonic|nonlinear_env
-32.58549,48.158455,flute_synthetic_000-039-025,flute_synthetic_000-039-025,/root/autodl-tmp/tokenizer-eval/data/nsynth/nsynth-valid/audio/flute_synthetic_000-039-025.wav,82,flute_synthetic_000,2,flute,2,synthetic,39,25,16000,distortion
-29.280716,-55.01114,bass_synthetic_009-078-127,bass_synthetic_009-078-127,/root/autodl-tmp/tokenizer-eval/data/nsynth/nsynth-valid/audio/bass_synthetic_009-078-127.wav,150,bass_synthetic_009,0,bass,2,synthetic,78,127,16000,bright|distortion|long_release
9.826618,45.96425,guitar_acoustic_010-038-050,guitar_acoustic_010-038-050,/root/autodl-tmp/tokenizer-eval/data/nsynth/nsynth-valid/audio/guitar_acoustic_010-038-050.wav,219,guitar_acoustic_010,3,guitar,0,acoustic,38,50,16000,
7.5417776,-21.479086,organ_electronic_007-061-127,organ_electronic_007-061-127,/root/autodl-tmp/tokenizer-eval/data/nsynth/nsynth-valid/audio/organ_electronic_007-061-127.wav,123,organ_electronic_007,6,organ,1,electronic,61,127,16000,distortion|long_release|nonlinear_env
90.3093,-16.341553,reed_acoustic_023-087-050,reed_acoustic_023-087-050,/root/autodl-tmp/tokenizer-eval/data/nsynth/nsynth-valid/audio/reed_acoustic_023-087-050.wav,224,reed_acoustic_023,7,reed,0,acoustic,87,50,16000,fast_decay|multiphonic|nonlinear_env
12.899682,7.322523,keyboard_acoustic_004-072-050,keyboard_acoustic_004-072-050,/root/autodl-tmp/tokenizer-eval/data/nsynth/nsynth-valid/audio/keyboard_acoustic_004-072-050.wav,327,keyboard_acoustic_004,4,keyboard,0,acoustic,72,50,16000,dark|reverb
29.066343,-36.301258,flute_synthetic_000-086-100,flute_synthetic_000-086-100,/root/autodl-tmp/tokenizer-eval/data/nsynth/nsynth-valid/audio/flute_synthetic_000-086-100.wav,82,flute_synthetic_000,2,flute,2,synthetic,86,100,16000,distortion
53.567993,2.6972709,mallet_acoustic_047-070-025,mallet_acoustic_047-070-025,/root/autodl-tmp/tokenizer-eval/data/nsynth/nsynth-valid/audio/mallet_acoustic_047-070-025.wav,488,mallet_acoustic_047,5,mallet,0,acoustic,70,25,16000,fast_decay|percussive|reverb
-1.1100571,44.900833,guitar_electronic_022-043-100,guitar_electronic_022-043-100,/root/autodl-tmp/tokenizer-eval/data/nsynth/nsynth-valid/audio/guitar_electronic_022-043-100.wav,378,guitar_electronic_022,3,guitar,1,electronic,43,100,16000,dark
91.00268,-13.1915,reed_acoustic_023-078-127,reed_acoustic_023-078-127,/root/autodl-tmp/tokenizer-eval/data/nsynth/nsynth-valid/audio/reed_acoustic_023-078-127.wav,224,reed_acoustic_023,7,reed,0,acoustic,78,127,16000,bright|fast_decay|multiphonic|nonlinear_env
-30.03289,-9.122011,vocal_acoustic_000-053-127,vocal_acoustic_000-053-127,/root/autodl-tmp/tokenizer-eval/data/nsynth/nsynth-valid/audio/vocal_acoustic_000-053-127.wav,46,vocal_acoustic_000,10,vocal,0,acoustic,53,127,16000,reverb
69.10239,-31.444345,reed_acoustic_023-083-100,reed_acoustic_023-083-100,/root/autodl-tmp/tokenizer-eval/data/nsynth/nsynth-valid/audio/reed_acoustic_023-083-100.wav,224,reed_acoustic_023,7,reed,0,acoustic,83,100,16000,bright|fast_decay|multiphonic|nonlinear_env
-18.213234,13.698838,organ_electronic_001-067-127,organ_electronic_001-067-127,/root/autodl-tmp/tokenizer-eval/data/nsynth/nsynth-valid/audio/organ_electronic_001-067-127.wav,8,organ_electronic_001,6,organ,1,electronic,67,127,16000,
61.012184,-13.367243,guitar_acoustic_014-096-050,guitar_acoustic_014-096-050,/root/autodl-tmp/tokenizer-eval/data/nsynth/nsynth-valid/audio/guitar_acoustic_014-096-050.wav,263,guitar_acoustic_014,3,guitar,0,acoustic,96,50,16000,fast_decay|percussive
-14.011024,-53.456825,flute_synthetic_000-091-127,flute_synthetic_000-091-127,/root/autodl-tmp/tokenizer-eval/data/nsynth/nsynth-valid/audio/flute_synthetic_000-091-127.wav,82,flute_synthetic_000,2,flute,2,synthetic,91,127,16000,distortion
-28.243656,6.774429,flute_synthetic_000-064-050,flute_synthetic_000-064-050,/root/autodl-tmp/tokenizer-eval/data/nsynth/nsynth-valid/audio/flute_synthetic_000-064-050.wav,82,flute_synthetic_000,2,flute,2,synthetic,64,50,16000,distortion
-12.636465,84.587555,bass_synthetic_098-080-127,bass_synthetic_098-080-127,/root/autodl-tmp/tokenizer-eval/data/nsynth/nsynth-valid/audio/bass_synthetic_098-080-127.wav,803,bass_synthetic_098,0,bass,2,synthetic,80,127,16000,
-63.00081,-6.3377824,reed_acoustic_037-034-050,reed_acoustic_037-034-050,/root/autodl-tmp/tokenizer-eval/data/nsynth/nsynth-valid/audio/reed_acoustic_037-034-050.wav,387,reed_acoustic_037,7,reed,0,acoustic,34,50,16000,reverb
-26.39644,-34.918976,flute_synthetic_000-079-075,flute_synthetic_000-079-075,/root/autodl-tmp/tokenizer-eval/data/nsynth/nsynth-valid/audio/flute_synthetic_000-079-075.wav,82,flute_synthetic_000,2,flute,2,synthetic,79,75,16000,distortion
-17.446173,-41.671066,brass_acoustic_016-078-025,brass_acoustic_016-078-025,/root/autodl-tmp/tokenizer-eval/data/nsynth/nsynth-valid/audio/brass_acoustic_016-078-025.wav,128,brass_acoustic_016,1,brass,0,acoustic,78,25,16000,bright
-9.897544,19.84149,brass_acoustic_015-044-100,brass_acoustic_015-044-100,/root/autodl-tmp/tokenizer-eval/data/nsynth/nsynth-valid/audio/brass_acoustic_015-044-100.wav,121,brass_acoustic_015,1,brass,0,acoustic,44,100,16000,reverb
-36.18222,-44.97285,organ_electronic_113-076-127,organ_electronic_113-076-127,/root/autodl-tmp/tokenizer-eval/data/nsynth/nsynth-valid/audio/organ_electronic_113-076-127.wav,958,organ_electronic_113,6,organ,1,electronic,76,127,16000,
1.3489496,11.063583,keyboard_electronic_078-066-075,keyboard_electronic_078-066-075,/root/autodl-tmp/tokenizer-eval/data/nsynth/nsynth-valid/audio/keyboard_electronic_078-066-075.wav,838,keyboard_electronic_078,4,keyboard,1,electronic,66,75,16000,bright
-19.264606,10.679185,organ_electronic_057-056-075,organ_electronic_057-056-075,/root/autodl-tmp/tokenizer-eval/data/nsynth/nsynth-valid/audio/organ_electronic_057-056-075.wav,701,organ_electronic_057,6,organ,1,electronic,56,75,16000,dark
-60.751606,6.6633873,brass_acoustic_006-042-025,brass_acoustic_006-042-025,/root/autodl-tmp/tokenizer-eval/data/nsynth/nsynth-valid/audio/brass_acoustic_006-042-025.wav,43,brass_acoustic_006,1,brass,0,acoustic,42,25,16000,reverb
-1.2362416,-42.808426,reed_acoustic_018-083-025,reed_acoustic_018-083-025,/root/autodl-tmp/tokenizer-eval/data/nsynth/nsynth-valid/audio/reed_acoustic_018-083-025.wav,183,reed_acoustic_018,7,reed,0,acoustic,83,25,16000,
-26.154459,-18.626509,string_acoustic_057-057-127,string_acoustic_057-057-127,/root/autodl-tmp/tokenizer-eval/data/nsynth/nsynth-valid/audio/string_acoustic_057-057-127.wav,450,string_acoustic_057,8,string,0,acoustic,57,127,16000,nonlinear_env|reverb
-21.307878,19.030083,organ_electronic_001-043-050,organ_electronic_001-043-050,/root/autodl-tmp/tokenizer-eval/data/nsynth/nsynth-valid/audio/organ_electronic_001-043-050.wav,8,organ_electronic_001,6,organ,1,electronic,43,50,16000,dark
63.65627,-5.2982206,guitar_acoustic_014-090-127,guitar_acoustic_014-090-127,/root/autodl-tmp/tokenizer-eval/data/nsynth/nsynth-valid/audio/guitar_acoustic_014-090-127.wav,263,guitar_acoustic_014,3,guitar,0,acoustic,90,127,16000,fast_decay|percussive
1.9099921,50.34388,guitar_electronic_022-033-075,guitar_electronic_022-033-075,/root/autodl-tmp/tokenizer-eval/data/nsynth/nsynth-valid/audio/guitar_electronic_022-033-075.wav,378,guitar_electronic_022,3,guitar,1,electronic,33,75,16000,dark
-3.363175,20.659197,brass_acoustic_015-060-050,brass_acoustic_015-060-050,/root/autodl-tmp/tokenizer-eval/data/nsynth/nsynth-valid/audio/brass_acoustic_015-060-050.wav,121,brass_acoustic_015,1,brass,0,acoustic,60,50,16000,reverb
-18.395798,-52.121365,brass_acoustic_046-079-127,brass_acoustic_046-079-127,/root/autodl-tmp/tokenizer-eval/data/nsynth/nsynth-valid/audio/brass_acoustic_046-079-127.wav,414,brass_acoustic_046,1,brass,0,acoustic,79,127,16000,
50.47564,-2.8762174,mallet_acoustic_047-081-025,mallet_acoustic_047-081-025,/root/autodl-tmp/tokenizer-eval/data/nsynth/nsynth-valid/audio/mallet_acoustic_047-081-025.wav,488,mallet_acoustic_047,5,mallet,0,acoustic,81,25,16000,fast_decay|percussive|reverb
51.08369,-7.9327345,bass_synthetic_068-086-075,bass_synthetic_068-086-075,/root/autodl-tmp/tokenizer-eval/data/nsynth/nsynth-valid/audio/bass_synthetic_068-086-075.wav,656,bass_synthetic_068,0,bass,2,synthetic,86,75,16000,fast_decay
49.041367,2.5038197,string_acoustic_056-078-025,string_acoustic_056-078-025,/root/autodl-tmp/tokenizer-eval/data/nsynth/nsynth-valid/audio/string_acoustic_056-078-025.wav,436,string_acoustic_056,8,string,0,acoustic,78,25,16000,fast_decay|percussive|reverb
12.352171,-63.175304,organ_electronic_028-089-127,organ_electronic_028-089-127,/root/autodl-tmp/tokenizer-eval/data/nsynth/nsynth-valid/audio/organ_electronic_028-089-127.wav,440,organ_electronic_028,6,organ,1,electronic,89,127,16000,bright|long_release
-35.24111,33.133423,flute_synthetic_000-047-025,flute_synthetic_000-047-025,/root/autodl-tmp/tokenizer-eval/data/nsynth/nsynth-valid/audio/flute_synthetic_000-047-025.wav,82,flute_synthetic_000,2,flute,2,synthetic,47,25,16000,distortion
-0.63148195,46.219193,guitar_electronic_022-040-025,guitar_electronic_022-040-025,/root/autodl-tmp/tokenizer-eval/data/nsynth/nsynth-valid/audio/guitar_electronic_022-040-025.wav,378,guitar_electronic_022,3,guitar,1,electronic,40,25,16000,dark
7.059198,-36.581406,keyboard_electronic_069-084-075,keyboard_electronic_069-084-075,/root/autodl-tmp/tokenizer-eval/data/nsynth/nsynth-valid/audio/keyboard_electronic_069-084-075.wav,805,keyboard_electronic_069,4,keyboard,1,electronic,84,75,16000,distortion
39.392174,-10.358981,mallet_acoustic_056-081-025,mallet_acoustic_056-081-025,/root/autodl-tmp/tokenizer-eval/data/nsynth/nsynth-valid/audio/mallet_acoustic_056-081-025.wav,590,mallet_acoustic_056,5,mallet,0,acoustic,81,25,16000,fast_decay
34.6616,-37.217823,guitar_electronic_028-087-100,guitar_electronic_028-087-100,/root/autodl-tmp/tokenizer-eval/data/nsynth/nsynth-valid/audio/guitar_electronic_028-087-100.wav,510,guitar_electronic_028,3,guitar,1,electronic,87,100,16000,
-33.58026,48.699577,flute_synthetic_000-038-127,flute_synthetic_000-038-127,/root/autodl-tmp/tokenizer-eval/data/nsynth/nsynth-valid/audio/flute_synthetic_000-038-127.wav,82,flute_synthetic_000,2,flute,2,synthetic,38,127,16000,distortion
-68.48614,24.227636,vocal_synthetic_003-040-100,vocal_synthetic_003-040-100,/root/autodl-tmp/tokenizer-eval/data/nsynth/nsynth-valid/audio/vocal_synthetic_003-040-100.wav,37,vocal_synthetic_003,10,vocal,2,synthetic,40,100,16000,bright|distortion|long_release|nonlinear_env
55.047913,-11.018132,keyboard_electronic_098-092-050,keyboard_electronic_098-092-050,/root/autodl-tmp/tokenizer-eval/data/nsynth/nsynth-valid/audio/keyboard_electronic_098-092-050.wav,905,keyboard_electronic_098,4,keyboard,1,electronic,92,50,16000,fast_decay|percussive
70.601135,-28.254566,reed_acoustic_023-090-100,reed_acoustic_023-090-100,/root/autodl-tmp/tokenizer-eval/data/nsynth/nsynth-valid/audio/reed_acoustic_023-090-100.wav,224,reed_acoustic_023,7,reed,0,acoustic,90,100,16000,fast_decay|multiphonic|nonlinear_env
20.169735,38.595158,bass_electronic_018-053-100,bass_electronic_018-053-100,/root/autodl-tmp/tokenizer-eval/data/nsynth/nsynth-valid/audio/bass_electronic_018-053-100.wav,759,bass_electronic_018,0,bass,1,electronic,53,100,16000,
-11.833169,-39.054977,brass_acoustic_016-072-075,brass_acoustic_016-072-075,/root/autodl-tmp/tokenizer-eval/data/nsynth/nsynth-valid/audio/brass_acoustic_016-072-075.wav,128,brass_acoustic_016,1,brass,0,acoustic,72,75,16000,bright
-18.134418,-51.721123,reed_acoustic_018-079-025,reed_acoustic_018-079-025,/root/autodl-tmp/tokenizer-eval/data/nsynth/nsynth-valid/audio/reed_acoustic_018-079-025.wav,183,reed_acoustic_018,7,reed,0,acoustic,79,25,16000,
56.912643,-9.943933,bass_synthetic_068-094-050,bass_synthetic_068-094-050,/root/autodl-tmp/tokenizer-eval/data/nsynth/nsynth-valid/audio/bass_synthetic_068-094-050.wav,656,bass_synthetic_068,0,bass,2,synthetic,94,50,16000,fast_decay|percussive
-34.64156,-13.300136,string_acoustic_057-061-075,string_acoustic_057-061-075,/root/autodl-tmp/tokenizer-eval/data/nsynth/nsynth-valid/audio/string_acoustic_057-061-075.wav,450,string_acoustic_057,8,string,0,acoustic,61,75,16000,bright|nonlinear_env|reverb
78.06358,-14.8572855,keyboard_synthetic_000-064-050,keyboard_synthetic_000-064-050,/root/autodl-tmp/tokenizer-eval/data/nsynth/nsynth-valid/audio/keyboard_synthetic_000-064-050.wav,577,keyboard_synthetic_000,4,keyboard,2,synthetic,64,50,16000,distortion|fast_decay|nonlinear_env
22.677061,52.515297,organ_electronic_028-045-025,organ_electronic_028-045-025,/root/autodl-tmp/tokenizer-eval/data/nsynth/nsynth-valid/audio/organ_electronic_028-045-025.wav,440,organ_electronic_028,6,organ,1,electronic,45,25,16000,dark
30.328829,-9.052521,bass_synthetic_068-076-100,bass_synthetic_068-076-100,/root/autodl-tmp/tokenizer-eval/data/nsynth/nsynth-valid/audio/bass_synthetic_068-076-100.wav,656,bass_synthetic_068,0,bass,2,synthetic,76,100,16000,
-69.95668,24.627705,vocal_synthetic_003-038-127,vocal_synthetic_003-038-127,/root/autodl-tmp/tokenizer-eval/data/nsynth/nsynth-valid/audio/vocal_synthetic_003-038-127.wav,37,vocal_synthetic_003,10,vocal,2,synthetic,38,127,16000,bright|distortion|long_release|nonlinear_env
-35.31368,-10.783922,reed_acoustic_037-060-050,reed_acoustic_037-060-050,/root/autodl-tmp/tokenizer-eval/data/nsynth/nsynth-valid/audio/reed_acoustic_037-060-050.wav,387,reed_acoustic_037,7,reed,0,acoustic,60,50,16000,reverb
-64.909615,-10.330918,reed_acoustic_037-051-100,reed_acoustic_037-051-100,/root/autodl-tmp/tokenizer-eval/data/nsynth/nsynth-valid/audio/reed_acoustic_037-051-100.wav,387,reed_acoustic_037,7,reed,0,acoustic,51,100,16000,reverb
35.517433,42.424377,mallet_acoustic_062-039-050,mallet_acoustic_062-039-050,/root/autodl-tmp/tokenizer-eval/data/nsynth/nsynth-valid/audio/mallet_acoustic_062-039-050.wav,644,mallet_acoustic_062,5,mallet,0,acoustic,39,50,16000,dark|multiphonic
68.76024,22.655386,mallet_acoustic_056-051-050,mallet_acoustic_056-051-050,/root/autodl-tmp/tokenizer-eval/data/nsynth/nsynth-valid/audio/mallet_acoustic_056-051-050.wav,590,mallet_acoustic_056,5,mallet,0,acoustic,51,50,16000,fast_decay|percussive
-35.83276,30.006416,flute_synthetic_000-049-127,flute_synthetic_000-049-127,/root/autodl-tmp/tokenizer-eval/data/nsynth/nsynth-valid/audio/flute_synthetic_000-049-127.wav,82,flute_synthetic_000,2,flute,2,synthetic,49,127,16000,distortion
15.491873,13.483373,bass_synthetic_033-057-025,bass_synthetic_033-057-025,/root/autodl-tmp/tokenizer-eval/data/nsynth/nsynth-valid/audio/bass_synthetic_033-057-025.wav,417,bass_synthetic_033,0,bass,2,synthetic,57,25,16000,dark
-27.350672,-39.477837,flute_synthetic_000-077-127,flute_synthetic_000-077-127,/root/autodl-tmp/tokenizer-eval/data/nsynth/nsynth-valid/audio/flute_synthetic_000-077-127.wav,82,flute_synthetic_000,2,flute,2,synthetic,77,127,16000,distortion
-42.2469,-29.430626,bass_synthetic_009-066-127,bass_synthetic_009-066-127,/root/autodl-tmp/tokenizer-eval/data/nsynth/nsynth-valid/audio/bass_synthetic_009-066-127.wav,150,bass_synthetic_009,0,bass,2,synthetic,66,127,16000,bright|distortion|long_release
64.837685,-4.100087,guitar_acoustic_021-089-075,guitar_acoustic_021-089-075,/root/autodl-tmp/tokenizer-eval/data/nsynth/nsynth-valid/audio/guitar_acoustic_021-089-075.wav,457,guitar_acoustic_021,3,guitar,0,acoustic,89,75,16000,fast_decay|percussive
92.80205,-15.928117,reed_acoustic_023-056-100,reed_acoustic_023-056-100,/root/autodl-tmp/tokenizer-eval/data/nsynth/nsynth-valid/audio/reed_acoustic_023-056-100.wav,224,reed_acoustic_023,7,reed,0,acoustic,56,100,16000,bright|fast_decay|multiphonic|nonlinear_env
24.774712,54.356266,bass_synthetic_134-044-025,bass_synthetic_134-044-025,/root/autodl-tmp/tokenizer-eval/data/nsynth/nsynth-valid/audio/bass_synthetic_134-044-025.wav,914,bass_synthetic_134,0,bass,2,synthetic,44,25,16000,dark|reverb
-0.20650701,1.8886865,brass_acoustic_015-068-100,brass_acoustic_015-068-100,/root/autodl-tmp/tokenizer-eval/data/nsynth/nsynth-valid/audio/brass_acoustic_015-068-100.wav,121,brass_acoustic_015,1,brass,0,acoustic,68,100,16000,reverb
-10.6790495,-3.4908323,reed_acoustic_018-063-100,reed_acoustic_018-063-100,/root/autodl-tmp/tokenizer-eval/data/nsynth/nsynth-valid/audio/reed_acoustic_018-063-100.wav,183,reed_acoustic_018,7,reed,0,acoustic,63,100,16000,
-18.456781,83.202774,bass_synthetic_098-043-100,bass_synthetic_098-043-100,/root/autodl-tmp/tokenizer-eval/data/nsynth/nsynth-valid/audio/bass_synthetic_098-043-100.wav,803,bass_synthetic_098,0,bass,2,synthetic,43,100,16000,distortion
-1.5729285,-42.54856,brass_acoustic_046-083-050,brass_acoustic_046-083-050,/root/autodl-tmp/tokenizer-eval/data/nsynth/nsynth-valid/audio/brass_acoustic_046-083-050.wav,414,brass_acoustic_046,1,brass,0,acoustic,83,50,16000,
111.21715,-3.679108,mallet_acoustic_062-090-025,mallet_acoustic_062-090-025,/root/autodl-tmp/tokenizer-eval/data/nsynth/nsynth-valid/audio/mallet_acoustic_062-090-025.wav,644,mallet_acoustic_062,5,mallet,0,acoustic,90,25,16000,fast_decay|multiphonic|percussive
-24.606869,-8.592525,string_acoustic_057-065-075,string_acoustic_057-065-075,/root/autodl-tmp/tokenizer-eval/data/nsynth/nsynth-valid/audio/string_acoustic_057-065-075.wav,450,string_acoustic_057,8,string,0,acoustic,65,75,16000,bright|nonlinear_env|reverb
-25.24925,1.8435818,flute_synthetic_000-068-025,flute_synthetic_000-068-025,/root/autodl-tmp/tokenizer-eval/data/nsynth/nsynth-valid/audio/flute_synthetic_000-068-025.wav,82,flute_synthetic_000,2,flute,2,synthetic,68,25,16000,distortion
0.5157796,59.976974,organ_electronic_057-047-025,organ_electronic_057-047-025,/root/autodl-tmp/tokenizer-eval/data/nsynth/nsynth-valid/audio/organ_electronic_057-047-025.wav,701,organ_electronic_057,6,organ,1,electronic,47,25,16000,dark
21.562067,53.37487,keyboard_electronic_003-044-075,keyboard_electronic_003-044-075,/root/autodl-tmp/tokenizer-eval/data/nsynth/nsynth-valid/audio/keyboard_electronic_003-044-075.wav,65,keyboard_electronic_003,4,keyboard,1,electronic,44,75,16000,distortion
-18.677366,-64.39758,flute_acoustic_002-081-100,flute_acoustic_002-081-100,/root/autodl-tmp/tokenizer-eval/data/nsynth/nsynth-valid/audio/flute_acoustic_002-081-100.wav,86,flute_acoustic_002,2,flute,0,acoustic,81,100,16000,reverb
34.55491,36.378956,string_acoustic_056-046-100,string_acoustic_056-046-100,/root/autodl-tmp/tokenizer-eval/data/nsynth/nsynth-valid/audio/string_acoustic_056-046-100.wav,436,string_acoustic_056,8,string,0,acoustic,46,100,16000,reverb
-46.01766,-27.0333,vocal_synthetic_003-060-025,vocal_synthetic_003-060-025,/root/autodl-tmp/tokenizer-eval/data/nsynth/nsynth-valid/audio/vocal_synthetic_003-060-025.wav,37,vocal_synthetic_003,10,vocal,2,synthetic,60,25,16000,bright|distortion|long_release|nonlinear_env
-17.524115,-20.94821,string_acoustic_057-070-075,string_acoustic_057-070-075,/root/autodl-tmp/tokenizer-eval/data/nsynth/nsynth-valid/audio/string_acoustic_057-070-075.wav,450,string_acoustic_057,8,string,0,acoustic,70,75,16000,bright|nonlinear_env|reverb
34.323803,40.273663,mallet_acoustic_062-043-050,mallet_acoustic_062-043-050,/root/autodl-tmp/tokenizer-eval/data/nsynth/nsynth-valid/audio/mallet_acoustic_062-043-050.wav,644,mallet_acoustic_062,5,mallet,0,acoustic,43,50,16000,dark|multiphonic
68.421814,-27.234873,reed_acoustic_023-092-127,reed_acoustic_023-092-127,/root/autodl-tmp/tokenizer-eval/data/nsynth/nsynth-valid/audio/reed_acoustic_023-092-127.wav,224,reed_acoustic_023,7,reed,0,acoustic,92,127,16000,fast_decay|multiphonic|nonlinear_env
-117.73931,-30.058762,brass_acoustic_046-092-025,brass_acoustic_046-092-025,/root/autodl-tmp/tokenizer-eval/data/nsynth/nsynth-valid/audio/brass_acoustic_046-092-025.wav,414,brass_acoustic_046,1,brass,0,acoustic,92,25,16000,long_release
-1.0524017,33.10939,guitar_acoustic_014-056-127,guitar_acoustic_014-056-127,/root/autodl-tmp/tokenizer-eval/data/nsynth/nsynth-valid/audio/guitar_acoustic_014-056-127.wav,263,guitar_acoustic_014,3,guitar,0,acoustic,56,127,16000,
-56.85821,-0.9140977,organ_electronic_007-048-050,organ_electronic_007-048-050,/root/autodl-tmp/tokenizer-eval/data/nsynth/nsynth-valid/audio/organ_electronic_007-048-050.wav,123,organ_electronic_007,6,organ,1,electronic,48,50,16000,distortion|long_release|nonlinear_env
79.726456,-14.302673,keyboard_synthetic_000-058-025,keyboard_synthetic_000-058-025,/root/autodl-tmp/tokenizer-eval/data/nsynth/nsynth-valid/audio/keyboard_synthetic_000-058-025.wav,577,keyboard_synthetic_000,4,keyboard,2,synthetic,58,25,16000,distortion|fast_decay|nonlinear_env
-8.946717,-32.21343,reed_acoustic_011-071-100,reed_acoustic_011-071-100,/root/autodl-tmp/tokenizer-eval/data/nsynth/nsynth-valid/audio/reed_acoustic_011-071-100.wav,104,reed_acoustic_011,7,reed,0,acoustic,71,100,16000,
-6.009638,-75.29775,vocal_synthetic_003-095-050,vocal_synthetic_003-095-050,/root/autodl-tmp/tokenizer-eval/data/nsynth/nsynth-valid/audio/vocal_synthetic_003-095-050.wav,37,vocal_synthetic_003,10,vocal,2,synthetic,95,50,16000,bright|distortion|long_release|nonlinear_env
-117.73931,-30.058762,brass_acoustic_046-093-127,brass_acoustic_046-093-127,/root/autodl-tmp/tokenizer-eval/data/nsynth/nsynth-valid/audio/brass_acoustic_046-093-127.wav,414,brass_acoustic_046,1,brass,0,acoustic,93,127,16000,long_release
51.99199,-7.2171907,guitar_acoustic_014-086-050,guitar_acoustic_014-086-050,/root/autodl-tmp/tokenizer-eval/data/nsynth/nsynth-valid/audio/guitar_acoustic_014-086-050.wav,263,guitar_acoustic_014,3,guitar,0,acoustic,86,50,16000,fast_decay|percussive
-17.839855,-67.2431,brass_acoustic_016-081-025,brass_acoustic_016-081-025,/root/autodl-tmp/tokenizer-eval/data/nsynth/nsynth-valid/audio/brass_acoustic_016-081-025.wav,128,brass_acoustic_016,1,brass,0,acoustic,81,25,16000,bright
21.022167,-12.766933,keyboard_electronic_069-074-100,keyboard_electronic_069-074-100,/root/autodl-tmp/tokenizer-eval/data/nsynth/nsynth-valid/audio/keyboard_electronic_069-074-100.wav,805,keyboard_electronic_069,4,keyboard,1,electronic,74,100,16000,distortion
22.707907,49.04217,guitar_acoustic_030-041-100,guitar_acoustic_030-041-100,/root/autodl-tmp/tokenizer-eval/data/nsynth/nsynth-valid/audio/guitar_acoustic_030-041-100.wav,642,guitar_acoustic_030,3,guitar,0,acoustic,41,100,16000,long_release|tempo-synced
-7.1945367,-84.560616,vocal_synthetic_003-084-127,vocal_synthetic_003-084-127,/root/autodl-tmp/tokenizer-eval/data/nsynth/nsynth-valid/audio/vocal_synthetic_003-084-127.wav,37,vocal_synthetic_003,10,vocal,2,synthetic,84,127,16000,bright|distortion|long_release|nonlinear_env
2.2925203,24.519705,guitar_acoustic_010-060-075,guitar_acoustic_010-060-075,/root/autodl-tmp/tokenizer-eval/data/nsynth/nsynth-valid/audio/guitar_acoustic_010-060-075.wav,219,guitar_acoustic_010,3,guitar,0,acoustic,60,75,16000,
-18.076672,-65.309006,string_acoustic_057-081-050,string_acoustic_057-081-050,/root/autodl-tmp/tokenizer-eval/data/nsynth/nsynth-valid/audio/string_acoustic_057-081-050.wav,450,string_acoustic_057,8,string,0,acoustic,81,50,16000,bright|nonlinear_env|reverb
-47.79721,42.962906,organ_electronic_028-048-100,organ_electronic_028-048-100,/root/autodl-tmp/tokenizer-eval/data/nsynth/nsynth-valid/audio/organ_electronic_028-048-100.wav,440,organ_electronic_028,6,organ,1,electronic,48,100,16000,dark
-6.8568125,21.95126,brass_acoustic_015-053-100,brass_acoustic_015-053-100,/root/autodl-tmp/tokenizer-eval/data/nsynth/nsynth-valid/audio/brass_acoustic_015-053-100.wav,121,brass_acoustic_015,1,brass,0,acoustic,53,100,16000,reverb
-3.1729524,-32.2179,vocal_synthetic_003-072-127,vocal_synthetic_003-072-127,/root/autodl-tmp/tokenizer-eval/data/nsynth/nsynth-valid/audio/vocal_synthetic_003-072-127.wav,37,vocal_synthetic_003,10,vocal,2,synthetic,72,127,16000,bright|distortion|long_release|nonlinear_env
-53.451893,23.4028,string_acoustic_012-038-025,string_acoustic_012-038-025,/root/autodl-tmp/tokenizer-eval/data/nsynth/nsynth-valid/audio/string_acoustic_012-038-025.wav,97,string_acoustic_012,8,string,0,acoustic,38,25,16000,long_release|reverb
27.281,57.586445,bass_electronic_025-035-075,bass_electronic_025-035-075,/root/autodl-tmp/tokenizer-eval/data/nsynth/nsynth-valid/audio/bass_electronic_025-035-075.wav,872,bass_electronic_025,0,bass,1,electronic,35,75,16000,
30.917578,-40.05205,flute_acoustic_002-086-050,flute_acoustic_002-086-050,/root/autodl-tmp/tokenizer-eval/data/nsynth/nsynth-valid/audio/flute_acoustic_002-086-050.wav,86,flute_acoustic_002,2,flute,0,acoustic,86,50,16000,reverb
-47.23424,-29.835392,vocal_synthetic_003-062-127,vocal_synthetic_003-062-127,/root/autodl-tmp/tokenizer-eval/data/nsynth/nsynth-valid/audio/vocal_synthetic_003-062-127.wav,37,vocal_synthetic_003,10,vocal,2,synthetic,62,127,16000,bright|distortion|long_release|nonlinear_env
-26.566235,19.903923,organ_electronic_104-051-075,organ_electronic_104-051-075,/root/autodl-tmp/tokenizer-eval/data/nsynth/nsynth-valid/audio/organ_electronic_104-051-075.wav,921,organ_electronic_104,6,organ,1,electronic,51,75,16000,
8.199416,-1.43827,keyboard_electronic_002-070-075,keyboard_electronic_002-070-075,/root/autodl-tmp/tokenizer-eval/data/nsynth/nsynth-valid/audio/keyboard_electronic_002-070-075.wav,50,keyboard_electronic_002,4,keyboard,1,electronic,70,75,16000,
24.692392,57.073494,guitar_acoustic_030-041-050,guitar_acoustic_030-041-050,/root/autodl-tmp/tokenizer-eval/data/nsynth/nsynth-valid/audio/guitar_acoustic_030-041-050.wav,642,guitar_acoustic_030,3,guitar,0,acoustic,41,50,16000,tempo-synced
35.660404,50.062237,mallet_acoustic_062-035-100,mallet_acoustic_062-035-100,/root/autodl-tmp/tokenizer-eval/data/nsynth/nsynth-valid/audio/mallet_acoustic_062-035-100.wav,644,mallet_acoustic_062,5,mallet,0,acoustic,35,100,16000,dark|long_release|multiphonic
-57.8837,-6.1134396,reed_acoustic_037-049-075,reed_acoustic_037-049-075,/root/autodl-tmp/tokenizer-eval/data/nsynth/nsynth-valid/audio/reed_acoustic_037-049-075.wav,387,reed_acoustic_037,7,reed,0,acoustic,49,75,16000,reverb
9.702062,-43.24782,brass_acoustic_006-085-075,brass_acoustic_006-085-075,/root/autodl-tmp/tokenizer-eval/data/nsynth/nsynth-valid/audio/brass_acoustic_006-085-075.wav,43,brass_acoustic_006,1,brass,0,acoustic,85,75,16000,reverb
-59.07062,-5.1457844,reed_acoustic_037-050-025,reed_acoustic_037-050-025,/root/autodl-tmp/tokenizer-eval/data/nsynth/nsynth-valid/audio/reed_acoustic_037-050-025.wav,387,reed_acoustic_037,7,reed,0,acoustic,50,25,16000,reverb
0.7555872,-28.976374,flute_synthetic_000-084-127,flute_synthetic_000-084-127,/root/autodl-tmp/tokenizer-eval/data/nsynth/nsynth-valid/audio/flute_synthetic_000-084-127.wav,82,flute_synthetic_000,2,flute,2,synthetic,84,127,16000,distortion
-20.600962,16.189444,organ_electronic_001-053-100,organ_electronic_001-053-100,/root/autodl-tmp/tokenizer-eval/data/nsynth/nsynth-valid/audio/organ_electronic_001-053-100.wav,8,organ_electronic_001,6,organ,1,electronic,53,100,16000,dark
4.2552185,23.84208,keyboard_electronic_003-059-100,keyboard_electronic_003-059-100,/root/autodl-tmp/tokenizer-eval/data/nsynth/nsynth-valid/audio/keyboard_electronic_003-059-100.wav,65,keyboard_electronic_003,4,keyboard,1,electronic,59,100,16000,
-71.476845,-0.018686118,organ_electronic_007-034-100,organ_electronic_007-034-100,/root/autodl-tmp/tokenizer-eval/data/nsynth/nsynth-valid/audio/organ_electronic_007-034-100.wav,123,organ_electronic_007,6,organ,1,electronic,34,100,16000,distortion|long_release|nonlinear_env
-11.106351,-41.334644,brass_acoustic_016-070-075,brass_acoustic_016-070-075,/root/autodl-tmp/tokenizer-eval/data/nsynth/nsynth-valid/audio/brass_acoustic_016-070-075.wav,128,brass_acoustic_016,1,brass,0,acoustic,70,75,16000,bright
-6.006454,-73.5078,vocal_synthetic_003-094-025,vocal_synthetic_003-094-025,/root/autodl-tmp/tokenizer-eval/data/nsynth/nsynth-valid/audio/vocal_synthetic_003-094-025.wav,37,vocal_synthetic_003,10,vocal,2,synthetic,94,25,16000,bright|distortion|long_release|nonlinear_env
24.803656,4.130163,keyboard_electronic_001-078-100,keyboard_electronic_001-078-100,/root/autodl-tmp/tokenizer-eval/data/nsynth/nsynth-valid/audio/keyboard_electronic_001-078-100.wav,40,keyboard_electronic_001,4,keyboard,1,electronic,78,100,16000,
26.34054,-30.472395,flute_synthetic_000-087-025,flute_synthetic_000-087-025,/root/autodl-tmp/tokenizer-eval/data/nsynth/nsynth-valid/audio/flute_synthetic_000-087-025.wav,82,flute_synthetic_000,2,flute,2,synthetic,87,25,16000,distortion
9.821525,-10.276122,keyboard_electronic_069-072-025,keyboard_electronic_069-072-025,/root/autodl-tmp/tokenizer-eval/data/nsynth/nsynth-valid/audio/keyboard_electronic_069-072-025.wav,805,keyboard_electronic_069,4,keyboard,1,electronic,72,25,16000,distortion
-33.727432,49.11582,flute_synthetic_000-038-075,flute_synthetic_000-038-075,/root/autodl-tmp/tokenizer-eval/data/nsynth/nsynth-valid/audio/flute_synthetic_000-038-075.wav,82,flute_synthetic_000,2,flute,2,synthetic,38,75,16000,distortion
38.062,24.375456,mallet_acoustic_047-088-025,mallet_acoustic_047-088-025,/root/autodl-tmp/tokenizer-eval/data/nsynth/nsynth-valid/audio/mallet_acoustic_047-088-025.wav,488,mallet_acoustic_047,5,mallet,0,acoustic,88,25,16000,fast_decay|percussive|reverb
-33.8184,-28.996372,organ_electronic_007-068-100,organ_electronic_007-068-100,/root/autodl-tmp/tokenizer-eval/data/nsynth/nsynth-valid/audio/organ_electronic_007-068-100.wav,123,organ_electronic_007,6,organ,1,electronic,68,100,16000,distortion|long_release|nonlinear_env
-30.247356,-8.73809,vocal_acoustic_000-053-025,vocal_acoustic_000-053-025,/root/autodl-tmp/tokenizer-eval/data/nsynth/nsynth-valid/audio/vocal_acoustic_000-053-025.wav,46,vocal_acoustic_000,10,vocal,0,acoustic,53,25,16000,reverb
-4.976125,-55.58188,organ_electronic_001-094-127,organ_electronic_001-094-127,/root/autodl-tmp/tokenizer-eval/data/nsynth/nsynth-valid/audio/organ_electronic_001-094-127.wav,8,organ_electronic_001,6,organ,1,electronic,94,127,16000,
1.3296574,-74.937546,vocal_synthetic_003-090-025,vocal_synthetic_003-090-025,/root/autodl-tmp/tokenizer-eval/data/nsynth/nsynth-valid/audio/vocal_synthetic_003-090-025.wav,37,vocal_synthetic_003,10,vocal,2,synthetic,90,25,16000,bright|distortion|long_release|nonlinear_env
-18.928267,84.28411,bass_synthetic_098-045-025,bass_synthetic_098-045-025,/root/autodl-tmp/tokenizer-eval/data/nsynth/nsynth-valid/audio/bass_synthetic_098-045-025.wav,803,bass_synthetic_098,0,bass,2,synthetic,45,25,16000,dark
25.719828,-35.145752,string_acoustic_057-074-127,string_acoustic_057-074-127,/root/autodl-tmp/tokenizer-eval/data/nsynth/nsynth-valid/audio/string_acoustic_057-074-127.wav,450,string_acoustic_057,8,string,0,acoustic,74,127,16000,bright|nonlinear_env|reverb
-18.176056,10.099308,organ_electronic_057-057-100,organ_electronic_057-057-100,/root/autodl-tmp/tokenizer-eval/data/nsynth/nsynth-valid/audio/organ_electronic_057-057-100.wav,701,organ_electronic_057,6,organ,1,electronic,57,100,16000,dark
22.949951,-13.088443,guitar_electronic_022-075-127,guitar_electronic_022-075-127,/root/autodl-tmp/tokenizer-eval/data/nsynth/nsynth-valid/audio/guitar_electronic_022-075-127.wav,378,guitar_electronic_022,3,guitar,1,electronic,75,127,16000,
-4.3749204,-26.454906,organ_electronic_007-060-050,organ_electronic_007-060-050,/root/autodl-tmp/tokenizer-eval/data/nsynth/nsynth-valid/audio/organ_electronic_007-060-050.wav,123,organ_electronic_007,6,organ,1,electronic,60,50,16000,distortion|long_release|nonlinear_env
93.23314,-2.4536834,mallet_acoustic_062-084-075,mallet_acoustic_062-084-075,/root/autodl-tmp/tokenizer-eval/data/nsynth/nsynth-valid/audio/mallet_acoustic_062-084-075.wav,644,mallet_acoustic_062,5,mallet,0,acoustic,84,75,16000,fast_decay|multiphonic
37.14036,-24.473879,keyboard_electronic_078-073-025,keyboard_electronic_078-073-025,/root/autodl-tmp/tokenizer-eval/data/nsynth/nsynth-valid/audio/keyboard_electronic_078-073-025.wav,838,keyboard_electronic_078,4,keyboard,1,electronic,73,25,16000,bright
-25.874748,-21.180193,reed_acoustic_037-057-075,reed_acoustic_037-057-075,/root/autodl-tmp/tokenizer-eval/data/nsynth/nsynth-valid/audio/reed_acoustic_037-057-075.wav,387,reed_acoustic_037,7,reed,0,acoustic,57,75,16000,long_release|reverb
7.4959044,-65.126945,flute_acoustic_002-090-075,flute_acoustic_002-090-075,/root/autodl-tmp/tokenizer-eval/data/nsynth/nsynth-valid/audio/flute_acoustic_002-090-075.wav,86,flute_acoustic_002,2,flute,0,acoustic,90,75,16000,long_release|reverb
-16.994284,-20.105984,vocal_acoustic_000-070-127,vocal_acoustic_000-070-127,/root/autodl-tmp/tokenizer-eval/data/nsynth/nsynth-valid/audio/vocal_acoustic_000-070-127.wav,46,vocal_acoustic_000,10,vocal,0,acoustic,70,127,16000,reverb
16.74705,25.73162,mallet_acoustic_062-058-127,mallet_acoustic_062-058-127,/root/autodl-tmp/tokenizer-eval/data/nsynth/nsynth-valid/audio/mallet_acoustic_062-058-127.wav,644,mallet_acoustic_062,5,mallet,0,acoustic,58,127,16000,dark|long_release|multiphonic
68.42345,21.079678,mallet_acoustic_056-055-127,mallet_acoustic_056-055-127,/root/autodl-tmp/tokenizer-eval/data/nsynth/nsynth-valid/audio/mallet_acoustic_056-055-127.wav,590,mallet_acoustic_056,5,mallet,0,acoustic,55,127,16000,bright|fast_decay|percussive
52.126793,-3.6453831,mallet_acoustic_047-096-050,mallet_acoustic_047-096-050,/root/autodl-tmp/tokenizer-eval/data/nsynth/nsynth-valid/audio/mallet_acoustic_047-096-050.wav,488,mallet_acoustic_047,5,mallet,0,acoustic,96,50,16000,fast_decay|percussive|reverb
6.557385,-40.799507,reed_acoustic_018-084-025,reed_acoustic_018-084-025,/root/autodl-tmp/tokenizer-eval/data/nsynth/nsynth-valid/audio/reed_acoustic_018-084-025.wav,183,reed_acoustic_018,7,reed,0,acoustic,84,25,16000,
-14.248157,-22.899923,reed_acoustic_018-070-075,reed_acoustic_018-070-075,/root/autodl-tmp/tokenizer-eval/data/nsynth/nsynth-valid/audio/reed_acoustic_018-070-075.wav,183,reed_acoustic_018,7,reed,0,acoustic,70,75,16000,
-8.913708,-29.58417,string_acoustic_057-071-050,string_acoustic_057-071-050,/root/autodl-tmp/tokenizer-eval/data/nsynth/nsynth-valid/audio/string_acoustic_057-071-050.wav,450,string_acoustic_057,8,string,0,acoustic,71,50,16000,bright|nonlinear_env|reverb
-7.734251,34.522022,guitar_acoustic_015-051-100,guitar_acoustic_015-051-100,/root/autodl-tmp/tokenizer-eval/data/nsynth/nsynth-valid/audio/guitar_acoustic_015-051-100.wav,316,guitar_acoustic_015,3,guitar,0,acoustic,51,100,16000,reverb
24.17445,58.336197,bass_electronic_025-040-075,bass_electronic_025-040-075,/root/autodl-tmp/tokenizer-eval/data/nsynth/nsynth-valid/audio/bass_electronic_025-040-075.wav,872,bass_electronic_025,0,bass,1,electronic,40,75,16000,
33.678307,-8.6513405,guitar_acoustic_015-076-127,guitar_acoustic_015-076-127,/root/autodl-tmp/tokenizer-eval/data/nsynth/nsynth-valid/audio/guitar_acoustic_015-076-127.wav,316,guitar_acoustic_015,3,guitar,0,acoustic,76,127,16000,fast_decay|reverb
101.22856,1.2333572,reed_acoustic_023-038-100,reed_acoustic_023-038-100,/root/autodl-tmp/tokenizer-eval/data/nsynth/nsynth-valid/audio/reed_acoustic_023-038-100.wav,224,reed_acoustic_023,7,reed,0,acoustic,38,100,16000,bright|fast_decay|multiphonic|nonlinear_env
-72.219284,0.39678878,organ_electronic_007-032-050,organ_electronic_007-032-050,/root/autodl-tmp/tokenizer-eval/data/nsynth/nsynth-valid/audio/organ_electronic_007-032-050.wav,123,organ_electronic_007,6,organ,1,electronic,32,50,16000,distortion|long_release|nonlinear_env
-64.19028,-8.623247,reed_acoustic_037-046-050,reed_acoustic_037-046-050,/root/autodl-tmp/tokenizer-eval/data/nsynth/nsynth-valid/audio/reed_acoustic_037-046-050.wav,387,reed_acoustic_037,7,reed,0,acoustic,46,50,16000,reverb
-31.343266,-30.381512,brass_acoustic_046-068-075,brass_acoustic_046-068-075,/root/autodl-tmp/tokenizer-eval/data/nsynth/nsynth-valid/audio/brass_acoustic_046-068-075.wav,414,brass_acoustic_046,1,brass,0,acoustic,68,75,16000,bright
-3.3629527,20.659447,brass_acoustic_015-060-100,brass_acoustic_015-060-100,/root/autodl-tmp/tokenizer-eval/data/nsynth/nsynth-valid/audio/brass_acoustic_015-060-100.wav,121,brass_acoustic_015,1,brass,0,acoustic,60,100,16000,reverb
16.453764,31.186142,bass_synthetic_134-055-025,bass_synthetic_134-055-025,/root/autodl-tmp/tokenizer-eval/data/nsynth/nsynth-valid/audio/bass_synthetic_134-055-025.wav,914,bass_synthetic_134,0,bass,2,synthetic,55,25,16000,dark|reverb
-13.702073,-60.54229,guitar_acoustic_010-081-050,guitar_acoustic_010-081-050,/root/autodl-tmp/tokenizer-eval/data/nsynth/nsynth-valid/audio/guitar_acoustic_010-081-050.wav,219,guitar_acoustic_010,3,guitar,0,acoustic,81,50,16000,
-11.442411,85.78379,bass_synthetic_098-092-100,bass_synthetic_098-092-100,/root/autodl-tmp/tokenizer-eval/data/nsynth/nsynth-valid/audio/bass_synthetic_098-092-100.wav,803,bass_synthetic_098,0,bass,2,synthetic,92,100,16000,
24.918161,44.15813,mallet_acoustic_062-048-075,mallet_acoustic_062-048-075,/root/autodl-tmp/tokenizer-eval/data/nsynth/nsynth-valid/audio/mallet_acoustic_062-048-075.wav,644,mallet_acoustic_062,5,mallet,0,acoustic,48,75,16000,dark|multiphonic
-59.39921,8.757625,brass_acoustic_006-037-100,brass_acoustic_006-037-100,/root/autodl-tmp/tokenizer-eval/data/nsynth/nsynth-valid/audio/brass_acoustic_006-037-100.wav,43,brass_acoustic_006,1,brass,0,acoustic,37,100,16000,reverb
-55.058754,-5.109855,reed_acoustic_037-055-100,reed_acoustic_037-055-100,/root/autodl-tmp/tokenizer-eval/data/nsynth/nsynth-valid/audio/reed_acoustic_037-055-100.wav,387,reed_acoustic_037,7,reed,0,acoustic,55,100,16000,reverb
-58.118004,6.1940904,brass_acoustic_006-045-025,brass_acoustic_006-045-025,/root/autodl-tmp/tokenizer-eval/data/nsynth/nsynth-valid/audio/brass_acoustic_006-045-025.wav,43,brass_acoustic_006,1,brass,0,acoustic,45,25,16000,reverb
-67.74357,26.54562,vocal_synthetic_003-038-075,vocal_synthetic_003-038-075,/root/autodl-tmp/tokenizer-eval/data/nsynth/nsynth-valid/audio/vocal_synthetic_003-038-075.wav,37,vocal_synthetic_003,10,vocal,2,synthetic,38,75,16000,distortion|long_release|nonlinear_env
-20.53303,-44.372375,reed_acoustic_018-078-075,reed_acoustic_018-078-075,/root/autodl-tmp/tokenizer-eval/data/nsynth/nsynth-valid/audio/reed_acoustic_018-078-075.wav,183,reed_acoustic_018,7,reed,0,acoustic,78,75,16000,
22.21961,-31.523876,brass_acoustic_006-075-025,brass_acoustic_006-075-025,/root/autodl-tmp/tokenizer-eval/data/nsynth/nsynth-valid/audio/brass_acoustic_006-075-025.wav,43,brass_acoustic_006,1,brass,0,acoustic,75,25,16000,reverb
96.78569,1.4684027,reed_acoustic_023-066-025,reed_acoustic_023-066-025,/root/autodl-tmp/tokenizer-eval/data/nsynth/nsynth-valid/audio/reed_acoustic_023-066-025.wav,224,reed_acoustic_023,7,reed,0,acoustic,66,25,16000,bright|fast_decay|multiphonic|nonlinear_env
-61.956062,-5.3284073,reed_acoustic_037-031-025,reed_acoustic_037-031-025,/root/autodl-tmp/tokenizer-eval/data/nsynth/nsynth-valid/audio/reed_acoustic_037-031-025.wav,387,reed_acoustic_037,7,reed,0,acoustic,31,25,16000,reverb
109.27109,-3.558354,mallet_acoustic_062-088-025,mallet_acoustic_062-088-025,/root/autodl-tmp/tokenizer-eval/data/nsynth/nsynth-valid/audio/mallet_acoustic_062-088-025.wav,644,mallet_acoustic_062,5,mallet,0,acoustic,88,25,16000,fast_decay|multiphonic|percussive
-67.40112,-2.4032888,brass_acoustic_059-033-050,brass_acoustic_059-033-050,/root/autodl-tmp/tokenizer-eval/data/nsynth/nsynth-valid/audio/brass_acoustic_059-033-050.wav,572,brass_acoustic_059,1,brass,0,acoustic,33,50,16000,reverb
-37.48496,42.793476,organ_electronic_028-040-127,organ_electronic_028-040-127,/root/autodl-tmp/tokenizer-eval/data/nsynth/nsynth-valid/audio/organ_electronic_028-040-127.wav,440,organ_electronic_028,6,organ,1,electronic,40,127,16000,dark
3.6531806,64.674835,organ_electronic_113-037-127,organ_electronic_113-037-127,/root/autodl-tmp/tokenizer-eval/data/nsynth/nsynth-valid/audio/organ_electronic_113-037-127.wav,958,organ_electronic_113,6,organ,1,electronic,37,127,16000,dark
-35.824635,19.286055,flute_synthetic_000-055-075,flute_synthetic_000-055-075,/root/autodl-tmp/tokenizer-eval/data/nsynth/nsynth-valid/audio/flute_synthetic_000-055-075.wav,82,flute_synthetic_000,2,flute,2,synthetic,55,75,16000,distortion
-117.73931,-30.058762,brass_acoustic_046-090-050,brass_acoustic_046-090-050,/root/autodl-tmp/tokenizer-eval/data/nsynth/nsynth-valid/audio/brass_acoustic_046-090-050.wav,414,brass_acoustic_046,1,brass,0,acoustic,90,50,16000,long_release
-25.005844,0.3916134,flute_synthetic_000-069-025,flute_synthetic_000-069-025,/root/autodl-tmp/tokenizer-eval/data/nsynth/nsynth-valid/audio/flute_synthetic_000-069-025.wav,82,flute_synthetic_000,2,flute,2,synthetic,69,25,16000,distortion
-8.121169,21.274696,brass_acoustic_015-043-050,brass_acoustic_015-043-050,/root/autodl-tmp/tokenizer-eval/data/nsynth/nsynth-valid/audio/brass_acoustic_015-043-050.wav,121,brass_acoustic_015,1,brass,0,acoustic,43,50,16000,reverb
-35.29958,42.27753,flute_synthetic_000-045-025,flute_synthetic_000-045-025,/root/autodl-tmp/tokenizer-eval/data/nsynth/nsynth-valid/audio/flute_synthetic_000-045-025.wav,82,flute_synthetic_000,2,flute,2,synthetic,45,25,16000,distortion
54.74871,3.301573,mallet_acoustic_047-072-127,mallet_acoustic_047-072-127,/root/autodl-tmp/tokenizer-eval/data/nsynth/nsynth-valid/audio/mallet_acoustic_047-072-127.wav,488,mallet_acoustic_047,5,mallet,0,acoustic,72,127,16000,fast_decay|percussive|reverb
44.81963,16.648623,guitar_acoustic_030-062-075,guitar_acoustic_030-062-075,/root/autodl-tmp/tokenizer-eval/data/nsynth/nsynth-valid/audio/guitar_acoustic_030-062-075.wav,642,guitar_acoustic_030,3,guitar,0,acoustic,62,75,16000,tempo-synced
37.71686,30.319462,string_acoustic_056-037-075,string_acoustic_056-037-075,/root/autodl-tmp/tokenizer-eval/data/nsynth/nsynth-valid/audio/string_acoustic_056-037-075.wav,436,string_acoustic_056,8,string,0,acoustic,37,75,16000,reverb
-23.960926,17.804361,organ_electronic_057-050-127,organ_electronic_057-050-127,/root/autodl-tmp/tokenizer-eval/data/nsynth/nsynth-valid/audio/organ_electronic_057-050-127.wav,701,organ_electronic_057,6,organ,1,electronic,50,127,16000,dark
-24.665993,-19.252384,brass_acoustic_006-069-050,brass_acoustic_006-069-050,/root/autodl-tmp/tokenizer-eval/data/nsynth/nsynth-valid/audio/brass_acoustic_006-069-050.wav,43,brass_acoustic_006,1,brass,0,acoustic,69,50,16000,reverb
-117.73931,-30.058762,brass_acoustic_046-090-075,brass_acoustic_046-090-075,/root/autodl-tmp/tokenizer-eval/data/nsynth/nsynth-valid/audio/brass_acoustic_046-090-075.wav,414,brass_acoustic_046,1,brass,0,acoustic,90,75,16000,long_release
-117.73931,-30.058762,brass_acoustic_046-094-050,brass_acoustic_046-094-050,/root/autodl-tmp/tokenizer-eval/data/nsynth/nsynth-valid/audio/brass_acoustic_046-094-050.wav,414,brass_acoustic_046,1,brass,0,acoustic,94,50,16000,long_release
94.02283,5.641451,reed_acoustic_023-045-025,reed_acoustic_023-045-025,/root/autodl-tmp/tokenizer-eval/data/nsynth/nsynth-valid/audio/reed_acoustic_023-045-025.wav,224,reed_acoustic_023,7,reed,0,acoustic,45,25,16000,bright|fast_decay|multiphonic|nonlinear_env
35.938847,51.018993,guitar_acoustic_030-034-075,guitar_acoustic_030-034-075,/root/autodl-tmp/tokenizer-eval/data/nsynth/nsynth-valid/audio/guitar_acoustic_030-034-075.wav,642,guitar_acoustic_030,3,guitar,0,acoustic,34,75,16000,long_release|tempo-synced
4.2815604,-37.92618,organ_electronic_028-084-025,organ_electronic_028-084-025,/root/autodl-tmp/tokenizer-eval/data/nsynth/nsynth-valid/audio/organ_electronic_028-084-025.wav,440,organ_electronic_028,6,organ,1,electronic,84,25,16000,
-0.85060483,40.8751,keyboard_electronic_002-044-050,keyboard_electronic_002-044-050,/root/autodl-tmp/tokenizer-eval/data/nsynth/nsynth-valid/audio/keyboard_electronic_002-044-050.wav,50,keyboard_electronic_002,4,keyboard,1,electronic,44,50,16000,distortion
-0.18647516,-57.81441,flute_acoustic_002-094-025,flute_acoustic_002-094-025,/root/autodl-tmp/tokenizer-eval/data/nsynth/nsynth-valid/audio/flute_acoustic_002-094-025.wav,86,flute_acoustic_002,2,flute,0,acoustic,94,25,16000,reverb
33.73908,50.294914,mallet_acoustic_062-038-100,mallet_acoustic_062-038-100,/root/autodl-tmp/tokenizer-eval/data/nsynth/nsynth-valid/audio/mallet_acoustic_062-038-100.wav,644,mallet_acoustic_062,5,mallet,0,acoustic,38,100,16000,dark|long_release|multiphonic
13.272967,-21.44239,flute_synthetic_000-085-050,flute_synthetic_000-085-050,/root/autodl-tmp/tokenizer-eval/data/nsynth/nsynth-valid/audio/flute_synthetic_000-085-050.wav,82,flute_synthetic_000,2,flute,2,synthetic,85,50,16000,distortion
94.95525,-1.2462629,mallet_acoustic_062-079-050,mallet_acoustic_062-079-050,/root/autodl-tmp/tokenizer-eval/data/nsynth/nsynth-valid/audio/mallet_acoustic_062-079-050.wav,644,mallet_acoustic_062,5,mallet,0,acoustic,79,50,16000,fast_decay|multiphonic
-117.73931,-30.058762,brass_acoustic_046-089-127,brass_acoustic_046-089-127,/root/autodl-tmp/tokenizer-eval/data/nsynth/nsynth-valid/audio/brass_acoustic_046-089-127.wav,414,brass_acoustic_046,1,brass,0,acoustic,89,127,16000,long_release
-46.2012,40.96642,string_acoustic_080-042-127,string_acoustic_080-042-127,/root/autodl-tmp/tokenizer-eval/data/nsynth/nsynth-valid/audio/string_acoustic_080-042-127.wav,675,string_acoustic_080,8,string,0,acoustic,42,127,16000,long_release|reverb
58.724236,0.48589206,mallet_acoustic_047-065-050,mallet_acoustic_047-065-050,/root/autodl-tmp/tokenizer-eval/data/nsynth/nsynth-valid/audio/mallet_acoustic_047-065-050.wav,488,mallet_acoustic_047,5,mallet,0,acoustic,65,50,16000,fast_decay|percussive|reverb
-46.32918,-27.384373,vocal_synthetic_003-060-075,vocal_synthetic_003-060-075,/root/autodl-tmp/tokenizer-eval/data/nsynth/nsynth-valid/audio/vocal_synthetic_003-060-075.wav,37,vocal_synthetic_003,10,vocal,2,synthetic,60,75,16000,bright|distortion|long_release|nonlinear_env
56.076397,2.9642012,mallet_acoustic_047-075-100,mallet_acoustic_047-075-100,/root/autodl-tmp/tokenizer-eval/data/nsynth/nsynth-valid/audio/mallet_acoustic_047-075-100.wav,488,mallet_acoustic_047,5,mallet,0,acoustic,75,100,16000,fast_decay|percussive|reverb
-26.908686,20.650486,organ_electronic_104-049-100,organ_electronic_104-049-100,/root/autodl-tmp/tokenizer-eval/data/nsynth/nsynth-valid/audio/organ_electronic_104-049-100.wav,921,organ_electronic_104,6,organ,1,electronic,49,100,16000,
3.4479256,3.9194567,guitar_acoustic_015-056-100,guitar_acoustic_015-056-100,/root/autodl-tmp/tokenizer-eval/data/nsynth/nsynth-valid/audio/guitar_acoustic_015-056-100.wav,316,guitar_acoustic_015,3,guitar,0,acoustic,56,100,16000,reverb
60.946674,15.110543,bass_synthetic_134-081-127,bass_synthetic_134-081-127,/root/autodl-tmp/tokenizer-eval/data/nsynth/nsynth-valid/audio/bass_synthetic_134-081-127.wav,914,bass_synthetic_134,0,bass,2,synthetic,81,127,16000,fast_decay|percussive|reverb
-58.6529,-27.561808,vocal_synthetic_003-048-100,vocal_synthetic_003-048-100,/root/autodl-tmp/tokenizer-eval/data/nsynth/nsynth-valid/audio/vocal_synthetic_003-048-100.wav,37,vocal_synthetic_003,10,vocal,2,synthetic,48,100,16000,bright|distortion|long_release|nonlinear_env
54.164295,22.10377,mallet_acoustic_062-061-025,mallet_acoustic_062-061-025,/root/autodl-tmp/tokenizer-eval/data/nsynth/nsynth-valid/audio/mallet_acoustic_062-061-025.wav,644,mallet_acoustic_062,5,mallet,0,acoustic,61,25,16000,dark|fast_decay|multiphonic
-6.050572,-50.82577,organ_electronic_057-076-050,organ_electronic_057-076-050,/root/autodl-tmp/tokenizer-eval/data/nsynth/nsynth-valid/audio/organ_electronic_057-076-050.wav,701,organ_electronic_057,6,organ,1,electronic,76,50,16000,
-52.551582,18.99148,string_acoustic_012-034-075,string_acoustic_012-034-075,/root/autodl-tmp/tokenizer-eval/data/nsynth/nsynth-valid/audio/string_acoustic_012-034-075.wav,97,string_acoustic_012,8,string,0,acoustic,34,75,16000,long_release|reverb
-2.0807214,24.465067,guitar_electronic_028-059-100,guitar_electronic_028-059-100,/root/autodl-tmp/tokenizer-eval/data/nsynth/nsynth-valid/audio/guitar_electronic_028-059-100.wav,510,guitar_electronic_028,3,guitar,1,electronic,59,100,16000,dark
-3.812648,-56.887367,flute_synthetic_000-094-050,flute_synthetic_000-094-050,/root/autodl-tmp/tokenizer-eval/data/nsynth/nsynth-valid/audio/flute_synthetic_000-094-050.wav,82,flute_synthetic_000,2,flute,2,synthetic,94,50,16000,distortion
-15.690805,12.491416,organ_electronic_001-058-100,organ_electronic_001-058-100,/root/autodl-tmp/tokenizer-eval/data/nsynth/nsynth-valid/audio/organ_electronic_001-058-100.wav,8,organ_electronic_001,6,organ,1,electronic,58,100,16000,dark
23.02507,-11.159314,guitar_acoustic_014-074-050,guitar_acoustic_014-074-050,/root/autodl-tmp/tokenizer-eval/data/nsynth/nsynth-valid/audio/guitar_acoustic_014-074-050.wav,263,guitar_acoustic_014,3,guitar,0,acoustic,74,50,16000,
50.199425,23.151014,string_acoustic_056-064-025,string_acoustic_056-064-025,/root/autodl-tmp/tokenizer-eval/data/nsynth/nsynth-valid/audio/string_acoustic_056-064-025.wav,436,string_acoustic_056,8,string,0,acoustic,64,25,16000,fast_decay|percussive|reverb
-33.938988,45.760014,flute_synthetic_000-041-050,flute_synthetic_000-041-050,/root/autodl-tmp/tokenizer-eval/data/nsynth/nsynth-valid/audio/flute_synthetic_000-041-050.wav,82,flute_synthetic_000,2,flute,2,synthetic,41,50,16000,distortion
8.212336,0.75114423,bass_synthetic_068-068-100,bass_synthetic_068-068-100,/root/autodl-tmp/tokenizer-eval/data/nsynth/nsynth-valid/audio/bass_synthetic_068-068-100.wav,656,bass_synthetic_068,0,bass,2,synthetic,68,100,16000,
-35.39245,32.91795,flute_synthetic_000-047-050,flute_synthetic_000-047-050,/root/autodl-tmp/tokenizer-eval/data/nsynth/nsynth-valid/audio/flute_synthetic_000-047-050.wav,82,flute_synthetic_000,2,flute,2,synthetic,47,50,16000,distortion
21.92351,-2.022981,guitar_electronic_028-077-075,guitar_electronic_028-077-075,/root/autodl-tmp/tokenizer-eval/data/nsynth/nsynth-valid/audio/guitar_electronic_028-077-075.wav,510,guitar_electronic_028,3,guitar,1,electronic,77,75,16000,
-34.77934,-22.801733,brass_acoustic_006-067-127,brass_acoustic_006-067-127,/root/autodl-tmp/tokenizer-eval/data/nsynth/nsynth-valid/audio/brass_acoustic_006-067-127.wav,43,brass_acoustic_006,1,brass,0,acoustic,67,127,16000,reverb
-6.9095964,35.37613,guitar_acoustic_015-050-100,guitar_acoustic_015-050-100,/root/autodl-tmp/tokenizer-eval/data/nsynth/nsynth-valid/audio/guitar_acoustic_015-050-100.wav,316,guitar_acoustic_015,3,guitar,0,acoustic,50,100,16000,reverb
101.09437,3.6673448,reed_acoustic_023-051-050,reed_acoustic_023-051-050,/root/autodl-tmp/tokenizer-eval/data/nsynth/nsynth-valid/audio/reed_acoustic_023-051-050.wav,224,reed_acoustic_023,7,reed,0,acoustic,51,50,16000,bright|fast_decay|multiphonic|nonlinear_env
-2.5831532,-71.82757,vocal_synthetic_003-092-075,vocal_synthetic_003-092-075,/root/autodl-tmp/tokenizer-eval/data/nsynth/nsynth-valid/audio/vocal_synthetic_003-092-075.wav,37,vocal_synthetic_003,10,vocal,2,synthetic,92,75,16000,long_release|nonlinear_env
13.296318,-18.863878,brass_acoustic_015-073-025,brass_acoustic_015-073-025,/root/autodl-tmp/tokenizer-eval/data/nsynth/nsynth-valid/audio/brass_acoustic_015-073-025.wav,121,brass_acoustic_015,1,brass,0,acoustic,73,25,16000,reverb
-71.8415,0.21833163,organ_electronic_007-033-100,organ_electronic_007-033-100,/root/autodl-tmp/tokenizer-eval/data/nsynth/nsynth-valid/audio/organ_electronic_007-033-100.wav,123,organ_electronic_007,6,organ,1,electronic,33,100,16000,distortion|long_release|nonlinear_env
63.541992,-6.288455,guitar_acoustic_021-093-075,guitar_acoustic_021-093-075,/root/autodl-tmp/tokenizer-eval/data/nsynth/nsynth-valid/audio/guitar_acoustic_021-093-075.wav,457,guitar_acoustic_021,3,guitar,0,acoustic,93,75,16000,fast_decay|percussive
19.276478,68.38594,bass_synthetic_135-032-100,bass_synthetic_135-032-100,/root/autodl-tmp/tokenizer-eval/data/nsynth/nsynth-valid/audio/bass_synthetic_135-032-100.wav,927,bass_synthetic_135,0,bass,2,synthetic,32,100,16000,distortion
-28.241528,-63.435745,vocal_synthetic_003-080-025,vocal_synthetic_003-080-025,/root/autodl-tmp/tokenizer-eval/data/nsynth/nsynth-valid/audio/vocal_synthetic_003-080-025.wav,37,vocal_synthetic_003,10,vocal,2,synthetic,80,25,16000,bright|distortion|long_release|nonlinear_env
-21.473167,-8.684527,reed_acoustic_037-065-025,reed_acoustic_037-065-025,/root/autodl-tmp/tokenizer-eval/data/nsynth/nsynth-valid/audio/reed_acoustic_037-065-025.wav,387,reed_acoustic_037,7,reed,0,acoustic,65,25,16000,reverb
88.75797,-15.735657,reed_acoustic_023-081-050,reed_acoustic_023-081-050,/root/autodl-tmp/tokenizer-eval/data/nsynth/nsynth-valid/audio/reed_acoustic_023-081-050.wav,224,reed_acoustic_023,7,reed,0,acoustic,81,50,16000,bright|fast_decay|multiphonic|nonlinear_env
30.351803,40.801395,bass_synthetic_068-043-100,bass_synthetic_068-043-100,/root/autodl-tmp/tokenizer-eval/data/nsynth/nsynth-valid/audio/bass_synthetic_068-043-100.wav,656,bass_synthetic_068,0,bass,2,synthetic,43,100,16000,dark
5.371739,64.4297,organ_electronic_057-036-025,organ_electronic_057-036-025,/root/autodl-tmp/tokenizer-eval/data/nsynth/nsynth-valid/audio/organ_electronic_057-036-025.wav,701,organ_electronic_057,6,organ,1,electronic,36,25,16000,dark
22.291325,61.78753,bass_electronic_027-038-050,bass_electronic_027-038-050,/root/autodl-tmp/tokenizer-eval/data/nsynth/nsynth-valid/audio/bass_electronic_027-038-050.wav,880,bass_electronic_027,0,bass,1,electronic,38,50,16000,
14.510095,1.278012,keyboard_electronic_001-066-127,keyboard_electronic_001-066-127,/root/autodl-tmp/tokenizer-eval/data/nsynth/nsynth-valid/audio/keyboard_electronic_001-066-127.wav,40,keyboard_electronic_001,4,keyboard,1,electronic,66,127,16000,percussive
21.056988,-31.770754,string_acoustic_057-075-100,string_acoustic_057-075-100,/root/autodl-tmp/tokenizer-eval/data/nsynth/nsynth-valid/audio/string_acoustic_057-075-100.wav,450,string_acoustic_057,8,string,0,acoustic,75,100,16000,bright|nonlinear_env|reverb
65.86769,-0.5399806,guitar_acoustic_015-095-100,guitar_acoustic_015-095-100,/root/autodl-tmp/tokenizer-eval/data/nsynth/nsynth-valid/audio/guitar_acoustic_015-095-100.wav,316,guitar_acoustic_015,3,guitar,0,acoustic,95,100,16000,fast_decay|percussive|reverb
-58.07223,-1.3398402,organ_electronic_007-047-025,organ_electronic_007-047-025,/root/autodl-tmp/tokenizer-eval/data/nsynth/nsynth-valid/audio/organ_electronic_007-047-025.wav,123,organ_electronic_007,6,organ,1,electronic,47,25,16000,distortion|long_release|nonlinear_env
-2.961491,-44.391838,string_acoustic_057-083-025,string_acoustic_057-083-025,/root/autodl-tmp/tokenizer-eval/data/nsynth/nsynth-valid/audio/string_acoustic_057-083-025.wav,450,string_acoustic_057,8,string,0,acoustic,83,25,16000,bright|nonlinear_env|reverb
0.68196744,-54.0814,flute_acoustic_002-095-100,flute_acoustic_002-095-100,/root/autodl-tmp/tokenizer-eval/data/nsynth/nsynth-valid/audio/flute_acoustic_002-095-100.wav,86,flute_acoustic_002,2,flute,0,acoustic,95,100,16000,reverb
-117.73931,-30.058762,brass_acoustic_046-095-025,brass_acoustic_046-095-025,/root/autodl-tmp/tokenizer-eval/data/nsynth/nsynth-valid/audio/brass_acoustic_046-095-025.wav,414,brass_acoustic_046,1,brass,0,acoustic,95,25,16000,long_release
23.659336,42.968464,mallet_acoustic_062-051-075,mallet_acoustic_062-051-075,/root/autodl-tmp/tokenizer-eval/data/nsynth/nsynth-valid/audio/mallet_acoustic_062-051-075.wav,644,mallet_acoustic_062,5,mallet,0,acoustic,51,75,16000,dark|multiphonic
-59.458645,-5.9085507,reed_acoustic_037-045-075,reed_acoustic_037-045-075,/root/autodl-tmp/tokenizer-eval/data/nsynth/nsynth-valid/audio/reed_acoustic_037-045-075.wav,387,reed_acoustic_037,7,reed,0,acoustic,45,75,16000,long_release|reverb
21.117025,2.3182921,guitar_electronic_022-079-050,guitar_electronic_022-079-050,/root/autodl-tmp/tokenizer-eval/data/nsynth/nsynth-valid/audio/guitar_electronic_022-079-050.wav,378,guitar_electronic_022,3,guitar,1,electronic,79,50,16000,
34.014313,51.722588,keyboard_electronic_003-038-025,keyboard_electronic_003-038-025,/root/autodl-tmp/tokenizer-eval/data/nsynth/nsynth-valid/audio/keyboard_electronic_003-038-025.wav,65,keyboard_electronic_003,4,keyboard,1,electronic,38,25,16000,dark
60.608524,13.809543,bass_synthetic_134-094-075,bass_synthetic_134-094-075,/root/autodl-tmp/tokenizer-eval/data/nsynth/nsynth-valid/audio/bass_synthetic_134-094-075.wav,914,bass_synthetic_134,0,bass,2,synthetic,94,75,16000,fast_decay|percussive|reverb
50.47586,2.4214258,mallet_acoustic_047-078-050,mallet_acoustic_047-078-050,/root/autodl-tmp/tokenizer-eval/data/nsynth/nsynth-valid/audio/mallet_acoustic_047-078-050.wav,488,mallet_acoustic_047,5,mallet,0,acoustic,78,50,16000,fast_decay|percussive|reverb
17.550062,39.746246,bass_synthetic_034-052-127,bass_synthetic_034-052-127,/root/autodl-tmp/tokenizer-eval/data/nsynth/nsynth-valid/audio/bass_synthetic_034-052-127.wav,420,bass_synthetic_034,0,bass,2,synthetic,52,127,16000,distortion|tempo-synced
-28.41996,-39.588043,flute_synthetic_000-076-100,flute_synthetic_000-076-100,/root/autodl-tmp/tokenizer-eval/data/nsynth/nsynth-valid/audio/flute_synthetic_000-076-100.wav,82,flute_synthetic_000,2,flute,2,synthetic,76,100,16000,distortion
23.646317,-38.663555,bass_synthetic_009-074-050,bass_synthetic_009-074-050,/root/autodl-tmp/tokenizer-eval/data/nsynth/nsynth-valid/audio/bass_synthetic_009-074-050.wav,150,bass_synthetic_009,0,bass,2,synthetic,74,50,16000,bright|distortion|long_release
-72.523224,28.562101,vocal_synthetic_003-032-100,vocal_synthetic_003-032-100,/root/autodl-tmp/tokenizer-eval/data/nsynth/nsynth-valid/audio/vocal_synthetic_003-032-100.wav,37,vocal_synthetic_003,10,vocal,2,synthetic,32,100,16000,bright|distortion|long_release|nonlinear_env
-65.36065,27.07003,vocal_synthetic_003-040-025,vocal_synthetic_003-040-025,/root/autodl-tmp/tokenizer-eval/data/nsynth/nsynth-valid/audio/vocal_synthetic_003-040-025.wav,37,vocal_synthetic_003,10,vocal,2,synthetic,40,25,16000,distortion|long_release|nonlinear_env
31.741283,-39.666363,organ_electronic_028-086-025,organ_electronic_028-086-025,/root/autodl-tmp/tokenizer-eval/data/nsynth/nsynth-valid/audio/organ_electronic_028-086-025.wav,440,organ_electronic_028,6,organ,1,electronic,86,25,16000,
-27.067905,38.78802,keyboard_electronic_001-033-127,keyboard_electronic_001-033-127,/root/autodl-tmp/tokenizer-eval/data/nsynth/nsynth-valid/audio/keyboard_electronic_001-033-127.wav,40,keyboard_electronic_001,4,keyboard,1,electronic,33,127,16000,
1.4515696,63.24929,organ_electronic_001-036-127,organ_electronic_001-036-127,/root/autodl-tmp/tokenizer-eval/data/nsynth/nsynth-valid/audio/organ_electronic_001-036-127.wav,8,organ_electronic_001,6,organ,1,electronic,36,127,16000,dark
18.199814,-12.555631,guitar_acoustic_014-073-075,guitar_acoustic_014-073-075,/root/autodl-tmp/tokenizer-eval/data/nsynth/nsynth-valid/audio/guitar_acoustic_014-073-075.wav,263,guitar_acoustic_014,3,guitar,0,acoustic,73,75,16000,
88.149315,-15.842868,reed_acoustic_023-082-100,reed_acoustic_023-082-100,/root/autodl-tmp/tokenizer-eval/data/nsynth/nsynth-valid/audio/reed_acoustic_023-082-100.wav,224,reed_acoustic_023,7,reed,0,acoustic,82,100,16000,bright|fast_decay|multiphonic|nonlinear_env
27.78425,-2.8504615,mallet_acoustic_062-077-127,mallet_acoustic_062-077-127,/root/autodl-tmp/tokenizer-eval/data/nsynth/nsynth-valid/audio/mallet_acoustic_062-077-127.wav,644,mallet_acoustic_062,5,mallet,0,acoustic,77,127,16000,multiphonic
35.53857,-22.22059,keyboard_acoustic_004-083-127,keyboard_acoustic_004-083-127,/root/autodl-tmp/tokenizer-eval/data/nsynth/nsynth-valid/audio/keyboard_acoustic_004-083-127.wav,327,keyboard_acoustic_004,4,keyboard,0,acoustic,83,127,16000,reverb
20.741323,40.09387,bass_electronic_025-051-100,bass_electronic_025-051-100,/root/autodl-tmp/tokenizer-eval/data/nsynth/nsynth-valid/audio/bass_electronic_025-051-100.wav,872,bass_electronic_025,0,bass,1,electronic,51,100,16000,
48.876873,25.711988,string_acoustic_056-041-100,string_acoustic_056-041-100,/root/autodl-tmp/tokenizer-eval/data/nsynth/nsynth-valid/audio/string_acoustic_056-041-100.wav,436,string_acoustic_056,8,string,0,acoustic,41,100,16000,fast_decay|percussive|reverb
37.12472,46.298622,mallet_acoustic_062-032-050,mallet_acoustic_062-032-050,/root/autodl-tmp/tokenizer-eval/data/nsynth/nsynth-valid/audio/mallet_acoustic_062-032-050.wav,644,mallet_acoustic_062,5,mallet,0,acoustic,32,50,16000,dark|multiphonic
30.583559,-47.686092,vocal_synthetic_003-086-075,vocal_synthetic_003-086-075,/root/autodl-tmp/tokenizer-eval/data/nsynth/nsynth-valid/audio/vocal_synthetic_003-086-075.wav,37,vocal_synthetic_003,10,vocal,2,synthetic,86,75,16000,long_release|nonlinear_env
70.20597,-28.29976,reed_acoustic_023-090-127,reed_acoustic_023-090-127,/root/autodl-tmp/tokenizer-eval/data/nsynth/nsynth-valid/audio/reed_acoustic_023-090-127.wav,224,reed_acoustic_023,7,reed,0,acoustic,90,127,16000,fast_decay|multiphonic|nonlinear_env
27.276487,47.904724,mallet_acoustic_062-045-100,mallet_acoustic_062-045-100,/root/autodl-tmp/tokenizer-eval/data/nsynth/nsynth-valid/audio/mallet_acoustic_062-045-100.wav,644,mallet_acoustic_062,5,mallet,0,acoustic,45,100,16000,dark|long_release|multiphonic
-42.859085,-1.2307832,reed_acoustic_011-050-050,reed_acoustic_011-050-050,/root/autodl-tmp/tokenizer-eval/data/nsynth/nsynth-valid/audio/reed_acoustic_011-050-050.wav,104,reed_acoustic_011,7,reed,0,acoustic,50,50,16000,
36.455265,50.601357,mallet_acoustic_062-033-127,mallet_acoustic_062-033-127,/root/autodl-tmp/tokenizer-eval/data/nsynth/nsynth-valid/audio/mallet_acoustic_062-033-127.wav,644,mallet_acoustic_062,5,mallet,0,acoustic,33,127,16000,dark|long_release|multiphonic
13.226862,-73.81421,mallet_acoustic_062-093-127,mallet_acoustic_062-093-127,/root/autodl-tmp/tokenizer-eval/data/nsynth/nsynth-valid/audio/mallet_acoustic_062-093-127.wav,644,mallet_acoustic_062,5,mallet,0,acoustic,93,127,16000,multiphonic
-31.581497,-45.187935,brass_acoustic_006-077-100,brass_acoustic_006-077-100,/root/autodl-tmp/tokenizer-eval/data/nsynth/nsynth-valid/audio/brass_acoustic_006-077-100.wav,43,brass_acoustic_006,1,brass,0,acoustic,77,100,16000,reverb
19.287066,27.66163,mallet_acoustic_062-057-075,mallet_acoustic_062-057-075,/root/autodl-tmp/tokenizer-eval/data/nsynth/nsynth-valid/audio/mallet_acoustic_062-057-075.wav,644,mallet_acoustic_062,5,mallet,0,acoustic,57,75,16000,dark|multiphonic
-6.9381394,-57.858624,organ_electronic_001-093-025,organ_electronic_001-093-025,/root/autodl-tmp/tokenizer-eval/data/nsynth/nsynth-valid/audio/organ_electronic_001-093-025.wav,8,organ_electronic_001,6,organ,1,electronic,93,25,16000,
6.2107563,-4.369181,guitar_electronic_022-070-025,guitar_electronic_022-070-025,/root/autodl-tmp/tokenizer-eval/data/nsynth/nsynth-valid/audio/guitar_electronic_022-070-025.wav,378,guitar_electronic_022,3,guitar,1,electronic,70,25,16000,
25.26559,-37.882195,organ_electronic_007-074-075,organ_electronic_007-074-075,/root/autodl-tmp/tokenizer-eval/data/nsynth/nsynth-valid/audio/organ_electronic_007-074-075.wav,123,organ_electronic_007,6,organ,1,electronic,74,75,16000,distortion|long_release|nonlinear_env
44.718815,15.613049,mallet_acoustic_062-062-050,mallet_acoustic_062-062-050,/root/autodl-tmp/tokenizer-eval/data/nsynth/nsynth-valid/audio/mallet_acoustic_062-062-050.wav,644,mallet_acoustic_062,5,mallet,0,acoustic,62,50,16000,dark|fast_decay|multiphonic
6.6752863,46.81947,bass_synthetic_033-032-100,bass_synthetic_033-032-100,/root/autodl-tmp/tokenizer-eval/data/nsynth/nsynth-valid/audio/bass_synthetic_033-032-100.wav,417,bass_synthetic_033,0,bass,2,synthetic,32,100,16000,dark
-37.59964,-21.270971,reed_acoustic_011-067-025,reed_acoustic_011-067-025,/root/autodl-tmp/tokenizer-eval/data/nsynth/nsynth-valid/audio/reed_acoustic_011-067-025.wav,104,reed_acoustic_011,7,reed,0,acoustic,67,25,16000,
54.23695,1.4185439,mallet_acoustic_047-083-127,mallet_acoustic_047-083-127,/root/autodl-tmp/tokenizer-eval/data/nsynth/nsynth-valid/audio/mallet_acoustic_047-083-127.wav,488,mallet_acoustic_047,5,mallet,0,acoustic,83,127,16000,fast_decay|percussive|reverb
-5.3237867,-33.136547,vocal_synthetic_003-071-025,vocal_synthetic_003-071-025,/root/autodl-tmp/tokenizer-eval/data/nsynth/nsynth-valid/audio/vocal_synthetic_003-071-025.wav,37,vocal_synthetic_003,10,vocal,2,synthetic,71,25,16000,bright|distortion|long_release|nonlinear_env
36.140316,28.60817,string_acoustic_014-063-075,string_acoustic_014-063-075,/root/autodl-tmp/tokenizer-eval/data/nsynth/nsynth-valid/audio/string_acoustic_014-063-075.wav,100,string_acoustic_014,8,string,0,acoustic,63,75,16000,fast_decay|percussive|reverb
92.857834,-6.9819274,keyboard_synthetic_000-067-025,keyboard_synthetic_000-067-025,/root/autodl-tmp/tokenizer-eval/data/nsynth/nsynth-valid/audio/keyboard_synthetic_000-067-025.wav,577,keyboard_synthetic_000,4,keyboard,2,synthetic,67,25,16000,distortion|fast_decay|nonlinear_env
-8.384493,20.427597,brass_acoustic_015-048-127,brass_acoustic_015-048-127,/root/autodl-tmp/tokenizer-eval/data/nsynth/nsynth-valid/audio/brass_acoustic_015-048-127.wav,121,brass_acoustic_015,1,brass,0,acoustic,48,127,16000,reverb
40.208584,-8.201078,guitar_acoustic_015-081-075,guitar_acoustic_015-081-075,/root/autodl-tmp/tokenizer-eval/data/nsynth/nsynth-valid/audio/guitar_acoustic_015-081-075.wav,316,guitar_acoustic_015,3,guitar,0,acoustic,81,75,16000,fast_decay|percussive|reverb
-26.39497,-66.555244,vocal_synthetic_003-081-100,vocal_synthetic_003-081-100,/root/autodl-tmp/tokenizer-eval/data/nsynth/nsynth-valid/audio/vocal_synthetic_003-081-100.wav,37,vocal_synthetic_003,10,vocal,2,synthetic,81,100,16000,bright|distortion|long_release|nonlinear_env
-25.347897,-79.20551,bass_synthetic_009-090-050,bass_synthetic_009-090-050,/root/autodl-tmp/tokenizer-eval/data/nsynth/nsynth-valid/audio/bass_synthetic_009-090-050.wav,150,bass_synthetic_009,0,bass,2,synthetic,90,50,16000,long_release
-13.175378,-63.78233,brass_acoustic_046-082-025,brass_acoustic_046-082-025,/root/autodl-tmp/tokenizer-eval/data/nsynth/nsynth-valid/audio/brass_acoustic_046-082-025.wav,414,brass_acoustic_046,1,brass,0,acoustic,82,25,16000,
-26.846193,38.428078,keyboard_electronic_001-032-100,keyboard_electronic_001-032-100,/root/autodl-tmp/tokenizer-eval/data/nsynth/nsynth-valid/audio/keyboard_electronic_001-032-100.wav,40,keyboard_electronic_001,4,keyboard,1,electronic,32,100,16000,
10.017028,-42.42824,string_acoustic_057-085-025,string_acoustic_057-085-025,/root/autodl-tmp/tokenizer-eval/data/nsynth/nsynth-valid/audio/string_acoustic_057-085-025.wav,450,string_acoustic_057,8,string,0,acoustic,85,25,16000,bright|nonlinear_env|reverb
-69.368706,27.289545,vocal_synthetic_003-036-075,vocal_synthetic_003-036-075,/root/autodl-tmp/tokenizer-eval/data/nsynth/nsynth-valid/audio/vocal_synthetic_003-036-075.wav,37,vocal_synthetic_003,10,vocal,2,synthetic,36,75,16000,distortion|long_release|nonlinear_env
-6.4343567,19.824783,brass_acoustic_015-041-075,brass_acoustic_015-041-075,/root/autodl-tmp/tokenizer-eval/data/nsynth/nsynth-valid/audio/brass_acoustic_015-041-075.wav,121,brass_acoustic_015,1,brass,0,acoustic,41,75,16000,reverb
-3.3025901,10.257533,guitar_acoustic_010-064-127,guitar_acoustic_010-064-127,/root/autodl-tmp/tokenizer-eval/data/nsynth/nsynth-valid/audio/guitar_acoustic_010-064-127.wav,219,guitar_acoustic_010,3,guitar,0,acoustic,64,127,16000,
-45.68946,-2.4153018,reed_acoustic_011-049-100,reed_acoustic_011-049-100,/root/autodl-tmp/tokenizer-eval/data/nsynth/nsynth-valid/audio/reed_acoustic_011-049-100.wav,104,reed_acoustic_011,7,reed,0,acoustic,49,100,16000,bright
-0.083062574,-62.051605,string_acoustic_057-093-075,string_acoustic_057-093-075,/root/autodl-tmp/tokenizer-eval/data/nsynth/nsynth-valid/audio/string_acoustic_057-093-075.wav,450,string_acoustic_057,8,string,0,acoustic,93,75,16000,nonlinear_env|reverb
16.865402,39.09307,keyboard_electronic_003-051-075,keyboard_electronic_003-051-075,/root/autodl-tmp/tokenizer-eval/data/nsynth/nsynth-valid/audio/keyboard_electronic_003-051-075.wav,65,keyboard_electronic_003,4,keyboard,1,electronic,51,75,16000,
-2.8380592,-50.04541,organ_electronic_104-083-075,organ_electronic_104-083-075,/root/autodl-tmp/tokenizer-eval/data/nsynth/nsynth-valid/audio/organ_electronic_104-083-075.wav,921,organ_electronic_104,6,organ,1,electronic,83,75,16000,
-20.417889,9.595922,organ_electronic_104-056-025,organ_electronic_104-056-025,/root/autodl-tmp/tokenizer-eval/data/nsynth/nsynth-valid/audio/organ_electronic_104-056-025.wav,921,organ_electronic_104,6,organ,1,electronic,56,25,16000,
-61.021595,-26.726051,vocal_synthetic_003-045-100,vocal_synthetic_003-045-100,/root/autodl-tmp/tokenizer-eval/data/nsynth/nsynth-valid/audio/vocal_synthetic_003-045-100.wav,37,vocal_synthetic_003,10,vocal,2,synthetic,45,100,16000,bright|distortion|long_release|nonlinear_env
99.07167,2.9118423,reed_acoustic_023-050-075,reed_acoustic_023-050-075,/root/autodl-tmp/tokenizer-eval/data/nsynth/nsynth-valid/audio/reed_acoustic_023-050-075.wav,224,reed_acoustic_023,7,reed,0,acoustic,50,75,16000,bright|fast_decay|multiphonic|nonlinear_env
-27.748062,-33.15236,flute_synthetic_000-080-075,flute_synthetic_000-080-075,/root/autodl-tmp/tokenizer-eval/data/nsynth/nsynth-valid/audio/flute_synthetic_000-080-075.wav,82,flute_synthetic_000,2,flute,2,synthetic,80,75,16000,distortion
24.915361,46.326878,mallet_acoustic_062-048-127,mallet_acoustic_062-048-127,/root/autodl-tmp/tokenizer-eval/data/nsynth/nsynth-valid/audio/mallet_acoustic_062-048-127.wav,644,mallet_acoustic_062,5,mallet,0,acoustic,48,127,16000,dark|long_release|multiphonic
-46.943405,-0.35154927,reed_acoustic_011-042-075,reed_acoustic_011-042-075,/root/autodl-tmp/tokenizer-eval/data/nsynth/nsynth-valid/audio/reed_acoustic_011-042-075.wav,104,reed_acoustic_011,7,reed,0,acoustic,42,75,16000,
51.417515,-0.37143806,mallet_acoustic_047-087-050,mallet_acoustic_047-087-050,/root/autodl-tmp/tokenizer-eval/data/nsynth/nsynth-valid/audio/mallet_acoustic_047-087-050.wav,488,mallet_acoustic_047,5,mallet,0,acoustic,87,50,16000,fast_decay|percussive|reverb
70.66662,21.371162,mallet_acoustic_056-043-025,mallet_acoustic_056-043-025,/root/autodl-tmp/tokenizer-eval/data/nsynth/nsynth-valid/audio/mallet_acoustic_056-043-025.wav,590,mallet_acoustic_056,5,mallet,0,acoustic,43,25,16000,bright|fast_decay|percussive
36.342884,43.45089,mallet_acoustic_062-037-050,mallet_acoustic_062-037-050,/root/autodl-tmp/tokenizer-eval/data/nsynth/nsynth-valid/audio/mallet_acoustic_062-037-050.wav,644,mallet_acoustic_062,5,mallet,0,acoustic,37,50,16000,dark|multiphonic
12.515329,-1.0970783,mallet_acoustic_062-068-075,mallet_acoustic_062-068-075,/root/autodl-tmp/tokenizer-eval/data/nsynth/nsynth-valid/audio/mallet_acoustic_062-068-075.wav,644,mallet_acoustic_062,5,mallet,0,acoustic,68,75,16000,dark|multiphonic
-117.73931,-30.058762,brass_acoustic_046-088-025,brass_acoustic_046-088-025,/root/autodl-tmp/tokenizer-eval/data/nsynth/nsynth-valid/audio/brass_acoustic_046-088-025.wav,414,brass_acoustic_046,1,brass,0,acoustic,88,25,16000,long_release
22.841387,-1.7612615,guitar_electronic_022-077-025,guitar_electronic_022-077-025,/root/autodl-tmp/tokenizer-eval/data/nsynth/nsynth-valid/audio/guitar_electronic_022-077-025.wav,378,guitar_electronic_022,3,guitar,1,electronic,77,25,16000,
31.617989,50.61193,bass_synthetic_135-041-100,bass_synthetic_135-041-100,/root/autodl-tmp/tokenizer-eval/data/nsynth/nsynth-valid/audio/bass_synthetic_135-041-100.wav,927,bass_synthetic_135,0,bass,2,synthetic,41,100,16000,distortion
-117.73931,-30.058762,brass_acoustic_046-093-100,brass_acoustic_046-093-100,/root/autodl-tmp/tokenizer-eval/data/nsynth/nsynth-valid/audio/brass_acoustic_046-093-100.wav,414,brass_acoustic_046,1,brass,0,acoustic,93,100,16000,long_release
3.4815152,27.344196,keyboard_electronic_069-059-050,keyboard_electronic_069-059-050,/root/autodl-tmp/tokenizer-eval/data/nsynth/nsynth-valid/audio/keyboard_electronic_069-059-050.wav,805,keyboard_electronic_069,4,keyboard,1,electronic,59,50,16000,distortion
-54.71354,8.368855,brass_acoustic_006-049-050,brass_acoustic_006-049-050,/root/autodl-tmp/tokenizer-eval/data/nsynth/nsynth-valid/audio/brass_acoustic_006-049-050.wav,43,brass_acoustic_006,1,brass,0,acoustic,49,50,16000,reverb
40.57197,-13.099758,bass_synthetic_068-083-025,bass_synthetic_068-083-025,/root/autodl-tmp/tokenizer-eval/data/nsynth/nsynth-valid/audio/bass_synthetic_068-083-025.wav,656,bass_synthetic_068,0,bass,2,synthetic,83,25,16000,fast_decay
30.734379,41.257915,bass_synthetic_068-043-025,bass_synthetic_068-043-025,/root/autodl-tmp/tokenizer-eval/data/nsynth/nsynth-valid/audio/bass_synthetic_068-043-025.wav,656,bass_synthetic_068,0,bass,2,synthetic,43,25,16000,dark
10.673285,-73.846016,bass_synthetic_135-094-050,bass_synthetic_135-094-050,/root/autodl-tmp/tokenizer-eval/data/nsynth/nsynth-valid/audio/bass_synthetic_135-094-050.wav,927,bass_synthetic_135,0,bass,2,synthetic,94,50,16000,distortion
37.044777,-11.637549,bass_synthetic_068-080-025,bass_synthetic_068-080-025,/root/autodl-tmp/tokenizer-eval/data/nsynth/nsynth-valid/audio/bass_synthetic_068-080-025.wav,656,bass_synthetic_068,0,bass,2,synthetic,80,25,16000,fast_decay
-28.044996,-5.5511165,vocal_acoustic_000-063-025,vocal_acoustic_000-063-025,/root/autodl-tmp/tokenizer-eval/data/nsynth/nsynth-valid/audio/vocal_acoustic_000-063-025.wav,46,vocal_acoustic_000,10,vocal,0,acoustic,63,25,16000,reverb
-59.39923,8.7576065,brass_acoustic_006-037-075,brass_acoustic_006-037-075,/root/autodl-tmp/tokenizer-eval/data/nsynth/nsynth-valid/audio/brass_acoustic_006-037-075.wav,43,brass_acoustic_006,1,brass,0,acoustic,37,75,16000,reverb
-19.34355,39.29861,guitar_acoustic_015-047-075,guitar_acoustic_015-047-075,/root/autodl-tmp/tokenizer-eval/data/nsynth/nsynth-valid/audio/guitar_acoustic_015-047-075.wav,316,guitar_acoustic_015,3,guitar,0,acoustic,47,75,16000,reverb
23.812218,-0.5243374,bass_synthetic_135-077-025,bass_synthetic_135-077-025,/root/autodl-tmp/tokenizer-eval/data/nsynth/nsynth-valid/audio/bass_synthetic_135-077-025.wav,927,bass_synthetic_135,0,bass,2,synthetic,77,25,16000,distortion
3.9037879,-35.51307,guitar_acoustic_010-083-100,guitar_acoustic_010-083-100,/root/autodl-tmp/tokenizer-eval/data/nsynth/nsynth-valid/audio/guitar_acoustic_010-083-100.wav,219,guitar_acoustic_010,3,guitar,0,acoustic,83,100,16000,
-64.72014,6.187332,brass_acoustic_059-035-100,brass_acoustic_059-035-100,/root/autodl-tmp/tokenizer-eval/data/nsynth/nsynth-valid/audio/brass_acoustic_059-035-100.wav,572,brass_acoustic_059,1,brass,0,acoustic,35,100,16000,reverb
-35.584156,26.695007,flute_synthetic_000-051-127,flute_synthetic_000-051-127,/root/autodl-tmp/tokenizer-eval/data/nsynth/nsynth-valid/audio/flute_synthetic_000-051-127.wav,82,flute_synthetic_000,2,flute,2,synthetic,51,127,16000,distortion
30.095411,17.153679,keyboard_electronic_001-089-050,keyboard_electronic_001-089-050,/root/autodl-tmp/tokenizer-eval/data/nsynth/nsynth-valid/audio/keyboard_electronic_001-089-050.wav,40,keyboard_electronic_001,4,keyboard,1,electronic,89,50,16000,long_release
27.839102,-43.818813,string_acoustic_057-087-025,string_acoustic_057-087-025,/root/autodl-tmp/tokenizer-eval/data/nsynth/nsynth-valid/audio/string_acoustic_057-087-025.wav,450,string_acoustic_057,8,string,0,acoustic,87,25,16000,bright|nonlinear_env|reverb
-35.65169,-40.27327,flute_acoustic_002-076-025,flute_acoustic_002-076-025,/root/autodl-tmp/tokenizer-eval/data/nsynth/nsynth-valid/audio/flute_acoustic_002-076-025.wav,86,flute_acoustic_002,2,flute,0,acoustic,76,25,16000,reverb
-18.520174,-25.265747,organ_electronic_007-070-050,organ_electronic_007-070-050,/root/autodl-tmp/tokenizer-eval/data/nsynth/nsynth-valid/audio/organ_electronic_007-070-050.wav,123,organ_electronic_007,6,organ,1,electronic,70,50,16000,distortion|long_release|nonlinear_env
-15.59687,39.48713,guitar_electronic_028-047-050,guitar_electronic_028-047-050,/root/autodl-tmp/tokenizer-eval/data/nsynth/nsynth-valid/audio/guitar_electronic_028-047-050.wav,510,guitar_electronic_028,3,guitar,1,electronic,47,50,16000,dark
4.8784328,43.43359,guitar_electronic_028-042-100,guitar_electronic_028-042-100,/root/autodl-tmp/tokenizer-eval/data/nsynth/nsynth-valid/audio/guitar_electronic_028-042-100.wav,510,guitar_electronic_028,3,guitar,1,electronic,42,100,16000,dark
-26.207146,-14.464096,vocal_acoustic_000-057-100,vocal_acoustic_000-057-100,/root/autodl-tmp/tokenizer-eval/data/nsynth/nsynth-valid/audio/vocal_acoustic_000-057-100.wav,46,vocal_acoustic_000,10,vocal,0,acoustic,57,100,16000,reverb
38.470142,30.208578,string_acoustic_056-037-100,string_acoustic_056-037-100,/root/autodl-tmp/tokenizer-eval/data/nsynth/nsynth-valid/audio/string_acoustic_056-037-100.wav,436,string_acoustic_056,8,string,0,acoustic,37,100,16000,fast_decay|reverb
-13.475219,44.429703,guitar_acoustic_021-052-050,guitar_acoustic_021-052-050,/root/autodl-tmp/tokenizer-eval/data/nsynth/nsynth-valid/audio/guitar_acoustic_021-052-050.wav,457,guitar_acoustic_021,3,guitar,0,acoustic,52,50,16000,
-17.762518,83.83412,bass_synthetic_098-047-100,bass_synthetic_098-047-100,/root/autodl-tmp/tokenizer-eval/data/nsynth/nsynth-valid/audio/bass_synthetic_098-047-100.wav,803,bass_synthetic_098,0,bass,2,synthetic,47,100,16000,distortion
89.237404,-8.557675,reed_acoustic_023-086-127,reed_acoustic_023-086-127,/root/autodl-tmp/tokenizer-eval/data/nsynth/nsynth-valid/audio/reed_acoustic_023-086-127.wav,224,reed_acoustic_023,7,reed,0,acoustic,86,127,16000,fast_decay|multiphonic|nonlinear_env
0.27394554,40.39669,bass_electronic_018-042-127,bass_electronic_018-042-127,/root/autodl-tmp/tokenizer-eval/data/nsynth/nsynth-valid/audio/bass_electronic_018-042-127.wav,759,bass_electronic_018,0,bass,1,electronic,42,127,16000,
-18.656807,-27.417004,vocal_synthetic_003-070-100,vocal_synthetic_003-070-100,/root/autodl-tmp/tokenizer-eval/data/nsynth/nsynth-valid/audio/vocal_synthetic_003-070-100.wav,37,vocal_synthetic_003,10,vocal,2,synthetic,70,100,16000,bright|distortion|long_release|nonlinear_env
-52.863293,23.132483,string_acoustic_012-039-075,string_acoustic_012-039-075,/root/autodl-tmp/tokenizer-eval/data/nsynth/nsynth-valid/audio/string_acoustic_012-039-075.wav,97,string_acoustic_012,8,string,0,acoustic,39,75,16000,long_release|reverb
-19.017223,-67.09698,brass_acoustic_046-081-100,brass_acoustic_046-081-100,/root/autodl-tmp/tokenizer-eval/data/nsynth/nsynth-valid/audio/brass_acoustic_046-081-100.wav,414,brass_acoustic_046,1,brass,0,acoustic,81,100,16000,
70.715324,-29.698727,reed_acoustic_023-089-050,reed_acoustic_023-089-050,/root/autodl-tmp/tokenizer-eval/data/nsynth/nsynth-valid/audio/reed_acoustic_023-089-050.wav,224,reed_acoustic_023,7,reed,0,acoustic,89,50,16000,fast_decay|multiphonic|nonlinear_env
-20.310293,54.28054,flute_synthetic_000-033-075,flute_synthetic_000-033-075,/root/autodl-tmp/tokenizer-eval/data/nsynth/nsynth-valid/audio/flute_synthetic_000-033-075.wav,82,flute_synthetic_000,2,flute,2,synthetic,33,75,16000,distortion
99.12881,-2.1039906,mallet_acoustic_062-087-050,mallet_acoustic_062-087-050,/root/autodl-tmp/tokenizer-eval/data/nsynth/nsynth-valid/audio/mallet_acoustic_062-087-050.wav,644,mallet_acoustic_062,5,mallet,0,acoustic,87,50,16000,fast_decay|multiphonic
-12.78978,-64.568214,reed_acoustic_018-082-075,reed_acoustic_018-082-075,/root/autodl-tmp/tokenizer-eval/data/nsynth/nsynth-valid/audio/reed_acoustic_018-082-075.wav,183,reed_acoustic_018,7,reed,0,acoustic,82,75,16000,
-17.186121,-67.453606,reed_acoustic_018-081-127,reed_acoustic_018-081-127,/root/autodl-tmp/tokenizer-eval/data/nsynth/nsynth-valid/audio/reed_acoustic_018-081-127.wav,183,reed_acoustic_018,7,reed,0,acoustic,81,127,16000,
-35.929543,32.973663,flute_synthetic_000-047-100,flute_synthetic_000-047-100,/root/autodl-tmp/tokenizer-eval/data/nsynth/nsynth-valid/audio/flute_synthetic_000-047-100.wav,82,flute_synthetic_000,2,flute,2,synthetic,47,100,16000,distortion
13.420729,-60.90903,flute_acoustic_002-088-100,flute_acoustic_002-088-100,/root/autodl-tmp/tokenizer-eval/data/nsynth/nsynth-valid/audio/flute_acoustic_002-088-100.wav,86,flute_acoustic_002,2,flute,0,acoustic,88,100,16000,reverb
56.859245,-11.862953,keyboard_electronic_002-093-050,keyboard_electronic_002-093-050,/root/autodl-tmp/tokenizer-eval/data/nsynth/nsynth-valid/audio/keyboard_electronic_002-093-050.wav,50,keyboard_electronic_002,4,keyboard,1,electronic,93,50,16000,fast_decay|percussive
-29.343628,-44.32309,reed_acoustic_011-077-050,reed_acoustic_011-077-050,/root/autodl-tmp/tokenizer-eval/data/nsynth/nsynth-valid/audio/reed_acoustic_011-077-050.wav,104,reed_acoustic_011,7,reed,0,acoustic,77,50,16000,
35.879375,-9.911892,guitar_acoustic_021-078-050,guitar_acoustic_021-078-050,/root/autodl-tmp/tokenizer-eval/data/nsynth/nsynth-valid/audio/guitar_acoustic_021-078-050.wav,457,guitar_acoustic_021,3,guitar,0,acoustic,78,50,16000,fast_decay
-46.145176,-27.200163,vocal_synthetic_003-060-050,vocal_synthetic_003-060-050,/root/autodl-tmp/tokenizer-eval/data/nsynth/nsynth-valid/audio/vocal_synthetic_003-060-050.wav,37,vocal_synthetic_003,10,vocal,2,synthetic,60,50,16000,bright|distortion|long_release|nonlinear_env
-18.392591,33.912315,keyboard_electronic_078-045-100,keyboard_electronic_078-045-100,/root/autodl-tmp/tokenizer-eval/data/nsynth/nsynth-valid/audio/keyboard_electronic_078-045-100.wav,838,keyboard_electronic_078,4,keyboard,1,electronic,45,100,16000,bright
10.763878,-41.88763,flute_acoustic_002-085-075,flute_acoustic_002-085-075,/root/autodl-tmp/tokenizer-eval/data/nsynth/nsynth-valid/audio/flute_acoustic_002-085-075.wav,86,flute_acoustic_002,2,flute,0,acoustic,85,75,16000,long_release|reverb
-34.73288,-55.963955,vocal_synthetic_003-077-050,vocal_synthetic_003-077-050,/root/autodl-tmp/tokenizer-eval/data/nsynth/nsynth-valid/audio/vocal_synthetic_003-077-050.wav,37,vocal_synthetic_003,10,vocal,2,synthetic,77,50,16000,bright|distortion|long_release|nonlinear_env
-31.182234,-18.43399,string_acoustic_057-056-025,string_acoustic_057-056-025,/root/autodl-tmp/tokenizer-eval/data/nsynth/nsynth-valid/audio/string_acoustic_057-056-025.wav,450,string_acoustic_057,8,string,0,acoustic,56,25,16000,nonlinear_env|reverb
-17.4503,39.24047,guitar_acoustic_015-048-050,guitar_acoustic_015-048-050,/root/autodl-tmp/tokenizer-eval/data/nsynth/nsynth-valid/audio/guitar_acoustic_015-048-050.wav,316,guitar_acoustic_015,3,guitar,0,acoustic,48,50,16000,reverb
108.73551,-2.2597873,mallet_acoustic_062-077-025,mallet_acoustic_062-077-025,/root/autodl-tmp/tokenizer-eval/data/nsynth/nsynth-valid/audio/mallet_acoustic_062-077-025.wav,644,mallet_acoustic_062,5,mallet,0,acoustic,77,25,16000,fast_decay|multiphonic|percussive
46.772026,27.736864,mallet_acoustic_062-051-025,mallet_acoustic_062-051-025,/root/autodl-tmp/tokenizer-eval/data/nsynth/nsynth-valid/audio/mallet_acoustic_062-051-025.wav,644,mallet_acoustic_062,5,mallet,0,acoustic,51,25,16000,dark|fast_decay|multiphonic
-8.67008,-57.065514,organ_electronic_057-080-025,organ_electronic_057-080-025,/root/autodl-tmp/tokenizer-eval/data/nsynth/nsynth-valid/audio/organ_electronic_057-080-025.wav,701,organ_electronic_057,6,organ,1,electronic,80,25,16000,
-12.347062,85.73509,bass_synthetic_098-089-100,bass_synthetic_098-089-100,/root/autodl-tmp/tokenizer-eval/data/nsynth/nsynth-valid/audio/bass_synthetic_098-089-100.wav,803,bass_synthetic_098,0,bass,2,synthetic,89,100,16000,
6.4520936,-41.183933,reed_acoustic_018-084-127,reed_acoustic_018-084-127,/root/autodl-tmp/tokenizer-eval/data/nsynth/nsynth-valid/audio/reed_acoustic_018-084-127.wav,183,reed_acoustic_018,7,reed,0,acoustic,84,127,16000,
22.196192,52.989643,keyboard_electronic_003-046-075,keyboard_electronic_003-046-075,/root/autodl-tmp/tokenizer-eval/data/nsynth/nsynth-valid/audio/keyboard_electronic_003-046-075.wav,65,keyboard_electronic_003,4,keyboard,1,electronic,46,75,16000,distortion
-15.824872,83.40194,bass_synthetic_098-056-127,bass_synthetic_098-056-127,/root/autodl-tmp/tokenizer-eval/data/nsynth/nsynth-valid/audio/bass_synthetic_098-056-127.wav,803,bass_synthetic_098,0,bass,2,synthetic,56,127,16000,distortion
45.6342,27.432749,string_acoustic_056-048-100,string_acoustic_056-048-100,/root/autodl-tmp/tokenizer-eval/data/nsynth/nsynth-valid/audio/string_acoustic_056-048-100.wav,436,string_acoustic_056,8,string,0,acoustic,48,100,16000,fast_decay|reverb
13.770187,18.451233,mallet_acoustic_062-063-127,mallet_acoustic_062-063-127,/root/autodl-tmp/tokenizer-eval/data/nsynth/nsynth-valid/audio/mallet_acoustic_062-063-127.wav,644,mallet_acoustic_062,5,mallet,0,acoustic,63,127,16000,dark|long_release|multiphonic
8.274034,-24.623617,organ_electronic_007-073-050,organ_electronic_007-073-050,/root/autodl-tmp/tokenizer-eval/data/nsynth/nsynth-valid/audio/organ_electronic_007-073-050.wav,123,organ_electronic_007,6,organ,1,electronic,73,50,16000,distortion|long_release|nonlinear_env
25.332392,-43.067303,organ_electronic_007-087-050,organ_electronic_007-087-050,/root/autodl-tmp/tokenizer-eval/data/nsynth/nsynth-valid/audio/organ_electronic_007-087-050.wav,123,organ_electronic_007,6,organ,1,electronic,87,50,16000,long_release|nonlinear_env
-67.0857,-8.496781,reed_acoustic_037-039-025,reed_acoustic_037-039-025,/root/autodl-tmp/tokenizer-eval/data/nsynth/nsynth-valid/audio/reed_acoustic_037-039-025.wav,387,reed_acoustic_037,7,reed,0,acoustic,39,25,16000,reverb
-49.151814,41.168766,string_acoustic_012-048-075,string_acoustic_012-048-075,/root/autodl-tmp/tokenizer-eval/data/nsynth/nsynth-valid/audio/string_acoustic_012-048-075.wav,97,string_acoustic_012,8,string,0,acoustic,48,75,16000,long_release|reverb
-7.829697,6.442383,organ_electronic_028-063-100,organ_electronic_028-063-100,/root/autodl-tmp/tokenizer-eval/data/nsynth/nsynth-valid/audio/organ_electronic_028-063-100.wav,440,organ_electronic_028,6,organ,1,electronic,63,100,16000,dark
22.119219,61.918236,bass_electronic_027-039-075,bass_electronic_027-039-075,/root/autodl-tmp/tokenizer-eval/data/nsynth/nsynth-valid/audio/bass_electronic_027-039-075.wav,880,bass_electronic_027,0,bass,1,electronic,39,75,16000,
-51.17566,-26.959814,vocal_synthetic_003-058-127,vocal_synthetic_003-058-127,/root/autodl-tmp/tokenizer-eval/data/nsynth/nsynth-valid/audio/vocal_synthetic_003-058-127.wav,37,vocal_synthetic_003,10,vocal,2,synthetic,58,127,16000,bright|distortion|long_release|nonlinear_env
20.138693,32.882107,bass_synthetic_068-055-127,bass_synthetic_068-055-127,/root/autodl-tmp/tokenizer-eval/data/nsynth/nsynth-valid/audio/bass_synthetic_068-055-127.wav,656,bass_synthetic_068,0,bass,2,synthetic,55,127,16000,dark|distortion
29.909445,44.719612,guitar_acoustic_030-045-025,guitar_acoustic_030-045-025,/root/autodl-tmp/tokenizer-eval/data/nsynth/nsynth-valid/audio/guitar_acoustic_030-045-025.wav,642,guitar_acoustic_030,3,guitar,0,acoustic,45,25,16000,tempo-synced
51.821735,3.166591,mallet_acoustic_047-067-025,mallet_acoustic_047-067-025,/root/autodl-tmp/tokenizer-eval/data/nsynth/nsynth-valid/audio/mallet_acoustic_047-067-025.wav,488,mallet_acoustic_047,5,mallet,0,acoustic,67,25,16000,fast_decay|percussive|reverb
-4.8601007,-77.19134,vocal_synthetic_003-096-127,vocal_synthetic_003-096-127,/root/autodl-tmp/tokenizer-eval/data/nsynth/nsynth-valid/audio/vocal_synthetic_003-096-127.wav,37,vocal_synthetic_003,10,vocal,2,synthetic,96,127,16000,bright|distortion|long_release|nonlinear_env
30.314667,48.04201,mallet_acoustic_062-043-075,mallet_acoustic_062-043-075,/root/autodl-tmp/tokenizer-eval/data/nsynth/nsynth-valid/audio/mallet_acoustic_062-043-075.wav,644,mallet_acoustic_062,5,mallet,0,acoustic,43,75,16000,dark|multiphonic
1.9408389,13.56902,keyboard_electronic_098-065-025,keyboard_electronic_098-065-025,/root/autodl-tmp/tokenizer-eval/data/nsynth/nsynth-valid/audio/keyboard_electronic_098-065-025.wav,905,keyboard_electronic_098,4,keyboard,1,electronic,65,25,16000,
15.125049,-7.755767,guitar_acoustic_015-072-075,guitar_acoustic_015-072-075,/root/autodl-tmp/tokenizer-eval/data/nsynth/nsynth-valid/audio/guitar_acoustic_015-072-075.wav,316,guitar_acoustic_015,3,guitar,0,acoustic,72,75,16000,reverb
-30.492647,-6.4144697,vocal_acoustic_000-050-075,vocal_acoustic_000-050-075,/root/autodl-tmp/tokenizer-eval/data/nsynth/nsynth-valid/audio/vocal_acoustic_000-050-075.wav,46,vocal_acoustic_000,10,vocal,0,acoustic,50,75,16000,reverb
-53.51466,-6.0414352,brass_acoustic_059-056-100,brass_acoustic_059-056-100,/root/autodl-tmp/tokenizer-eval/data/nsynth/nsynth-valid/audio/brass_acoustic_059-056-100.wav,572,brass_acoustic_059,1,brass,0,acoustic,56,100,16000,reverb
14.6365795,-62.799076,guitar_acoustic_010-088-075,guitar_acoustic_010-088-075,/root/autodl-tmp/tokenizer-eval/data/nsynth/nsynth-valid/audio/guitar_acoustic_010-088-075.wav,219,guitar_acoustic_010,3,guitar,0,acoustic,88,75,16000,
102.325836,1.0927068,reed_acoustic_023-062-025,reed_acoustic_023-062-025,/root/autodl-tmp/tokenizer-eval/data/nsynth/nsynth-valid/audio/reed_acoustic_023-062-025.wav,224,reed_acoustic_023,7,reed,0,acoustic,62,25,16000,bright|fast_decay|multiphonic|nonlinear_env
1.9086022,50.343056,guitar_electronic_022-033-100,guitar_electronic_022-033-100,/root/autodl-tmp/tokenizer-eval/data/nsynth/nsynth-valid/audio/guitar_electronic_022-033-100.wav,378,guitar_electronic_022,3,guitar,1,electronic,33,100,16000,dark
-37.09897,-54.381298,vocal_synthetic_003-076-127,vocal_synthetic_003-076-127,/root/autodl-tmp/tokenizer-eval/data/nsynth/nsynth-valid/audio/vocal_synthetic_003-076-127.wav,37,vocal_synthetic_003,10,vocal,2,synthetic,76,127,16000,bright|distortion|long_release|nonlinear_env
-38.581013,43.016224,organ_electronic_028-039-075,organ_electronic_028-039-075,/root/autodl-tmp/tokenizer-eval/data/nsynth/nsynth-valid/audio/organ_electronic_028-039-075.wav,440,organ_electronic_028,6,organ,1,electronic,39,75,16000,dark
-61.876717,-5.7720547,reed_acoustic_037-032-075,reed_acoustic_037-032-075,/root/autodl-tmp/tokenizer-eval/data/nsynth/nsynth-valid/audio/reed_acoustic_037-032-075.wav,387,reed_acoustic_037,7,reed,0,acoustic,32,75,16000,long_release|reverb
-68.76636,27.0686,vocal_synthetic_003-037-075,vocal_synthetic_003-037-075,/root/autodl-tmp/tokenizer-eval/data/nsynth/nsynth-valid/audio/vocal_synthetic_003-037-075.wav,37,vocal_synthetic_003,10,vocal,2,synthetic,37,75,16000,distortion|long_release|nonlinear_env
9.401568,-61.204296,flute_acoustic_002-089-075,flute_acoustic_002-089-075,/root/autodl-tmp/tokenizer-eval/data/nsynth/nsynth-valid/audio/flute_acoustic_002-089-075.wav,86,flute_acoustic_002,2,flute,0,acoustic,89,75,16000,long_release|reverb
-18.047768,85.34279,bass_synthetic_098-053-025,bass_synthetic_098-053-025,/root/autodl-tmp/tokenizer-eval/data/nsynth/nsynth-valid/audio/bass_synthetic_098-053-025.wav,803,bass_synthetic_098,0,bass,2,synthetic,53,25,16000,dark
22.666666,49.166348,keyboard_acoustic_004-042-025,keyboard_acoustic_004-042-025,/root/autodl-tmp/tokenizer-eval/data/nsynth/nsynth-valid/audio/keyboard_acoustic_004-042-025.wav,327,keyboard_acoustic_004,4,keyboard,0,acoustic,42,25,16000,dark|reverb
20.867971,-29.652494,reed_acoustic_011-075-127,reed_acoustic_011-075-127,/root/autodl-tmp/tokenizer-eval/data/nsynth/nsynth-valid/audio/reed_acoustic_011-075-127.wav,104,reed_acoustic_011,7,reed,0,acoustic,75,127,16000,
-55.35201,-14.701568,bass_synthetic_009-051-075,bass_synthetic_009-051-075,/root/autodl-tmp/tokenizer-eval/data/nsynth/nsynth-valid/audio/bass_synthetic_009-051-075.wav,150,bass_synthetic_009,0,bass,2,synthetic,51,75,16000,bright|distortion|long_release
35.491405,17.338211,mallet_acoustic_047-076-075,mallet_acoustic_047-076-075,/root/autodl-tmp/tokenizer-eval/data/nsynth/nsynth-valid/audio/mallet_acoustic_047-076-075.wav,488,mallet_acoustic_047,5,mallet,0,acoustic,76,75,16000,percussive|reverb
13.464211,-63.617397,organ_electronic_028-089-025,organ_electronic_028-089-025,/root/autodl-tmp/tokenizer-eval/data/nsynth/nsynth-valid/audio/organ_electronic_028-089-025.wav,440,organ_electronic_028,6,organ,1,electronic,89,25,16000,
27.370424,-10.3888855,keyboard_electronic_002-074-075,keyboard_electronic_002-074-075,/root/autodl-tmp/tokenizer-eval/data/nsynth/nsynth-valid/audio/keyboard_electronic_002-074-075.wav,50,keyboard_electronic_002,4,keyboard,1,electronic,74,75,16000,
-0.94129175,1.1325767,guitar_acoustic_010-068-100,guitar_acoustic_010-068-100,/root/autodl-tmp/tokenizer-eval/data/nsynth/nsynth-valid/audio/guitar_acoustic_010-068-100.wav,219,guitar_acoustic_010,3,guitar,0,acoustic,68,100,16000,
36.670506,28.604069,string_acoustic_014-064-100,string_acoustic_014-064-100,/root/autodl-tmp/tokenizer-eval/data/nsynth/nsynth-valid/audio/string_acoustic_014-064-100.wav,100,string_acoustic_014,8,string,0,acoustic,64,100,16000,fast_decay|percussive|reverb
59.170925,-5.8569174,string_acoustic_056-074-127,string_acoustic_056-074-127,/root/autodl-tmp/tokenizer-eval/data/nsynth/nsynth-valid/audio/string_acoustic_056-074-127.wav,436,string_acoustic_056,8,string,0,acoustic,74,127,16000,fast_decay|percussive|reverb
33.760033,39.057472,mallet_acoustic_062-045-050,mallet_acoustic_062-045-050,/root/autodl-tmp/tokenizer-eval/data/nsynth/nsynth-valid/audio/mallet_acoustic_062-045-050.wav,644,mallet_acoustic_062,5,mallet,0,acoustic,45,50,16000,dark|multiphonic
-7.22287,-57.747547,organ_electronic_057-081-075,organ_electronic_057-081-075,/root/autodl-tmp/tokenizer-eval/data/nsynth/nsynth-valid/audio/organ_electronic_057-081-075.wav,701,organ_electronic_057,6,organ,1,electronic,81,75,16000,
61.29825,-3.8605433,string_acoustic_056-073-100,string_acoustic_056-073-100,/root/autodl-tmp/tokenizer-eval/data/nsynth/nsynth-valid/audio/string_acoustic_056-073-100.wav,436,string_acoustic_056,8,string,0,acoustic,73,100,16000,fast_decay|percussive|reverb
17.489214,39.76788,bass_synthetic_034-051-050,bass_synthetic_034-051-050,/root/autodl-tmp/tokenizer-eval/data/nsynth/nsynth-valid/audio/bass_synthetic_034-051-050.wav,420,bass_synthetic_034,0,bass,2,synthetic,51,50,16000,distortion|tempo-synced
-5.8335285,-73.788025,vocal_synthetic_003-094-075,vocal_synthetic_003-094-075,/root/autodl-tmp/tokenizer-eval/data/nsynth/nsynth-valid/audio/vocal_synthetic_003-094-075.wav,37,vocal_synthetic_003,10,vocal,2,synthetic,94,75,16000,long_release|nonlinear_env
-0.1962361,-53.96086,string_acoustic_057-095-100,string_acoustic_057-095-100,/root/autodl-tmp/tokenizer-eval/data/nsynth/nsynth-valid/audio/string_acoustic_057-095-100.wav,450,string_acoustic_057,8,string,0,acoustic,95,100,16000,nonlinear_env|reverb
-13.948723,84.05568,bass_synthetic_098-069-127,bass_synthetic_098-069-127,/root/autodl-tmp/tokenizer-eval/data/nsynth/nsynth-valid/audio/bass_synthetic_098-069-127.wav,803,bass_synthetic_098,0,bass,2,synthetic,69,127,16000,
-43.950634,-12.687812,brass_acoustic_046-064-025,brass_acoustic_046-064-025,/root/autodl-tmp/tokenizer-eval/data/nsynth/nsynth-valid/audio/brass_acoustic_046-064-025.wav,414,brass_acoustic_046,1,brass,0,acoustic,64,25,16000,
-20.842306,21.445244,organ_electronic_104-044-075,organ_electronic_104-044-075,/root/autodl-tmp/tokenizer-eval/data/nsynth/nsynth-valid/audio/organ_electronic_104-044-075.wav,921,organ_electronic_104,6,organ,1,electronic,44,75,16000,
57.97066,14.710276,bass_synthetic_134-080-075,bass_synthetic_134-080-075,/root/autodl-tmp/tokenizer-eval/data/nsynth/nsynth-valid/audio/bass_synthetic_134-080-075.wav,914,bass_synthetic_134,0,bass,2,synthetic,80,75,16000,fast_decay|percussive|reverb
-47.851032,40.547363,string_acoustic_012-045-075,string_acoustic_012-045-075,/root/autodl-tmp/tokenizer-eval/data/nsynth/nsynth-valid/audio/string_acoustic_012-045-075.wav,97,string_acoustic_012,8,string,0,acoustic,45,75,16000,reverb
100.95458,1.692759,reed_acoustic_023-037-050,reed_acoustic_023-037-050,/root/autodl-tmp/tokenizer-eval/data/nsynth/nsynth-valid/audio/reed_acoustic_023-037-050.wav,224,reed_acoustic_023,7,reed,0,acoustic,37,50,16000,bright|fast_decay|multiphonic|nonlinear_env
-21.53279,-7.780525,organ_electronic_001-077-075,organ_electronic_001-077-075,/root/autodl-tmp/tokenizer-eval/data/nsynth/nsynth-valid/audio/organ_electronic_001-077-075.wav,8,organ_electronic_001,6,organ,1,electronic,77,75,16000,
-54.217747,41.58586,organ_electronic_028-051-100,organ_electronic_028-051-100,/root/autodl-tmp/tokenizer-eval/data/nsynth/nsynth-valid/audio/organ_electronic_028-051-100.wav,440,organ_electronic_028,6,organ,1,electronic,51,100,16000,dark
87.72926,-13.686337,keyboard_synthetic_000-079-025,keyboard_synthetic_000-079-025,/root/autodl-tmp/tokenizer-eval/data/nsynth/nsynth-valid/audio/keyboard_synthetic_000-079-025.wav,577,keyboard_synthetic_000,4,keyboard,2,synthetic,79,25,16000,distortion|fast_decay|nonlinear_env
23.61572,42.897,mallet_acoustic_062-050-075,mallet_acoustic_062-050-075,/root/autodl-tmp/tokenizer-eval/data/nsynth/nsynth-valid/audio/mallet_acoustic_062-050-075.wav,644,mallet_acoustic_062,5,mallet,0,acoustic,50,75,16000,dark|multiphonic
-28.28711,6.888126,flute_synthetic_000-064-025,flute_synthetic_000-064-025,/root/autodl-tmp/tokenizer-eval/data/nsynth/nsynth-valid/audio/flute_synthetic_000-064-025.wav,82,flute_synthetic_000,2,flute,2,synthetic,64,25,16000,distortion
51.193405,-1.964232,mallet_acoustic_047-077-050,mallet_acoustic_047-077-050,/root/autodl-tmp/tokenizer-eval/data/nsynth/nsynth-valid/audio/mallet_acoustic_047-077-050.wav,488,mallet_acoustic_047,5,mallet,0,acoustic,77,50,16000,fast_decay|percussive|reverb
16.488194,30.472565,keyboard_electronic_003-055-050,keyboard_electronic_003-055-050,/root/autodl-tmp/tokenizer-eval/data/nsynth/nsynth-valid/audio/keyboard_electronic_003-055-050.wav,65,keyboard_electronic_003,4,keyboard,1,electronic,55,50,16000,dark
-2.7875614,-31.685293,vocal_synthetic_003-072-025,vocal_synthetic_003-072-025,/root/autodl-tmp/tokenizer-eval/data/nsynth/nsynth-valid/audio/vocal_synthetic_003-072-025.wav,37,vocal_synthetic_003,10,vocal,2,synthetic,72,25,16000,bright|distortion|long_release|nonlinear_env
-63.93635,-3.7749507,reed_acoustic_037-035-050,reed_acoustic_037-035-050,/root/autodl-tmp/tokenizer-eval/data/nsynth/nsynth-valid/audio/reed_acoustic_037-035-050.wav,387,reed_acoustic_037,7,reed,0,acoustic,35,50,16000,reverb
22.433636,-26.018108,organ_electronic_028-075-050,organ_electronic_028-075-050,/root/autodl-tmp/tokenizer-eval/data/nsynth/nsynth-valid/audio/organ_electronic_028-075-050.wav,440,organ_electronic_028,6,organ,1,electronic,75,50,16000,dark
20.83308,59.037807,bass_electronic_027-031-075,bass_electronic_027-031-075,/root/autodl-tmp/tokenizer-eval/data/nsynth/nsynth-valid/audio/bass_electronic_027-031-075.wav,880,bass_electronic_027,0,bass,1,electronic,31,75,16000,
-8.927251,-32.096718,reed_acoustic_011-071-075,reed_acoustic_011-071-075,/root/autodl-tmp/tokenizer-eval/data/nsynth/nsynth-valid/audio/reed_acoustic_011-071-075.wav,104,reed_acoustic_011,7,reed,0,acoustic,71,75,16000,
-0.28540507,-71.97292,vocal_synthetic_003-091-100,vocal_synthetic_003-091-100,/root/autodl-tmp/tokenizer-eval/data/nsynth/nsynth-valid/audio/vocal_synthetic_003-091-100.wav,37,vocal_synthetic_003,10,vocal,2,synthetic,91,100,16000,bright|distortion|long_release|nonlinear_env
69.103134,-31.443726,reed_acoustic_023-083-127,reed_acoustic_023-083-127,/root/autodl-tmp/tokenizer-eval/data/nsynth/nsynth-valid/audio/reed_acoustic_023-083-127.wav,224,reed_acoustic_023,7,reed,0,acoustic,83,127,16000,bright|fast_decay|multiphonic|nonlinear_env
2.039893,62.53002,organ_electronic_057-042-050,organ_electronic_057-042-050,/root/autodl-tmp/tokenizer-eval/data/nsynth/nsynth-valid/audio/organ_electronic_057-042-050.wav,701,organ_electronic_057,6,organ,1,electronic,42,50,16000,dark
-5.513415,-50.803524,organ_electronic_001-088-127,organ_electronic_001-088-127,/root/autodl-tmp/tokenizer-eval/data/nsynth/nsynth-valid/audio/organ_electronic_001-088-127.wav,8,organ_electronic_001,6,organ,1,electronic,88,127,16000,
-19.792574,-57.348625,string_acoustic_057-080-100,string_acoustic_057-080-100,/root/autodl-tmp/tokenizer-eval/data/nsynth/nsynth-valid/audio/string_acoustic_057-080-100.wav,450,string_acoustic_057,8,string,0,acoustic,80,100,16000,bright|nonlinear_env|reverb
-15.503034,39.457336,guitar_electronic_028-047-075,guitar_electronic_028-047-075,/root/autodl-tmp/tokenizer-eval/data/nsynth/nsynth-valid/audio/guitar_electronic_028-047-075.wav,510,guitar_electronic_028,3,guitar,1,electronic,47,75,16000,dark
45.43964,26.17959,string_acoustic_056-039-025,string_acoustic_056-039-025,/root/autodl-tmp/tokenizer-eval/data/nsynth/nsynth-valid/audio/string_acoustic_056-039-025.wav,436,string_acoustic_056,8,string,0,acoustic,39,25,16000,fast_decay|reverb
50.380875,24.63395,string_acoustic_056-043-127,string_acoustic_056-043-127,/root/autodl-tmp/tokenizer-eval/data/nsynth/nsynth-valid/audio/string_acoustic_056-043-127.wav,436,string_acoustic_056,8,string,0,acoustic,43,127,16000,fast_decay|percussive|reverb
-35.55716,17.671495,flute_synthetic_000-056-025,flute_synthetic_000-056-025,/root/autodl-tmp/tokenizer-eval/data/nsynth/nsynth-valid/audio/flute_synthetic_000-056-025.wav,82,flute_synthetic_000,2,flute,2,synthetic,56,25,16000,distortion
-23.81996,-8.541224,brass_acoustic_006-065-075,brass_acoustic_006-065-075,/root/autodl-tmp/tokenizer-eval/data/nsynth/nsynth-valid/audio/brass_acoustic_006-065-075.wav,43,brass_acoustic_006,1,brass,0,acoustic,65,75,16000,reverb
-60.713352,-26.863123,vocal_synthetic_003-045-127,vocal_synthetic_003-045-127,/root/autodl-tmp/tokenizer-eval/data/nsynth/nsynth-valid/audio/vocal_synthetic_003-045-127.wav,37,vocal_synthetic_003,10,vocal,2,synthetic,45,127,16000,bright|distortion|long_release|nonlinear_env
23.60629,58.87063,bass_electronic_025-040-050,bass_electronic_025-040-050,/root/autodl-tmp/tokenizer-eval/data/nsynth/nsynth-valid/audio/bass_electronic_025-040-050.wav,872,bass_electronic_025,0,bass,1,electronic,40,50,16000,
-2.7244718,48.596478,keyboard_electronic_069-037-075,keyboard_electronic_069-037-075,/root/autodl-tmp/tokenizer-eval/data/nsynth/nsynth-valid/audio/keyboard_electronic_069-037-075.wav,805,keyboard_electronic_069,4,keyboard,1,electronic,37,75,16000,distortion
-12.330944,4.1416974,organ_electronic_057-062-025,organ_electronic_057-062-025,/root/autodl-tmp/tokenizer-eval/data/nsynth/nsynth-valid/audio/organ_electronic_057-062-025.wav,701,organ_electronic_057,6,organ,1,electronic,62,25,16000,dark
-60.923733,6.3735375,brass_acoustic_006-039-050,brass_acoustic_006-039-050,/root/autodl-tmp/tokenizer-eval/data/nsynth/nsynth-valid/audio/brass_acoustic_006-039-050.wav,43,brass_acoustic_006,1,brass,0,acoustic,39,50,16000,long_release|reverb
4.4335456,18.575775,guitar_acoustic_015-062-127,guitar_acoustic_015-062-127,/root/autodl-tmp/tokenizer-eval/data/nsynth/nsynth-valid/audio/guitar_acoustic_015-062-127.wav,316,guitar_acoustic_015,3,guitar,0,acoustic,62,127,16000,reverb
-9.903646,21.6104,brass_acoustic_015-046-100,brass_acoustic_015-046-100,/root/autodl-tmp/tokenizer-eval/data/nsynth/nsynth-valid/audio/brass_acoustic_015-046-100.wav,121,brass_acoustic_015,1,brass,0,acoustic,46,100,16000,reverb
-62.168476,-0.9109273,brass_acoustic_006-051-050,brass_acoustic_006-051-050,/root/autodl-tmp/tokenizer-eval/data/nsynth/nsynth-valid/audio/brass_acoustic_006-051-050.wav,43,brass_acoustic_006,1,brass,0,acoustic,51,50,16000,reverb
-51.41949,-25.881004,vocal_synthetic_003-058-025,vocal_synthetic_003-058-025,/root/autodl-tmp/tokenizer-eval/data/nsynth/nsynth-valid/audio/vocal_synthetic_003-058-025.wav,37,vocal_synthetic_003,10,vocal,2,synthetic,58,25,16000,bright|distortion|long_release|nonlinear_env
18.142696,-12.623397,guitar_acoustic_014-073-025,guitar_acoustic_014-073-025,/root/autodl-tmp/tokenizer-eval/data/nsynth/nsynth-valid/audio/guitar_acoustic_014-073-025.wav,263,guitar_acoustic_014,3,guitar,0,acoustic,73,25,16000,
68.64346,-0.43070313,guitar_acoustic_030-085-025,guitar_acoustic_030-085-025,/root/autodl-tmp/tokenizer-eval/data/nsynth/nsynth-valid/audio/guitar_acoustic_030-085-025.wav,642,guitar_acoustic_030,3,guitar,0,acoustic,85,25,16000,fast_decay|percussive|tempo-synced
25.887115,48.220394,keyboard_acoustic_004-047-025,keyboard_acoustic_004-047-025,/root/autodl-tmp/tokenizer-eval/data/nsynth/nsynth-valid/audio/keyboard_acoustic_004-047-025.wav,327,keyboard_acoustic_004,4,keyboard,0,acoustic,47,25,16000,dark|reverb
15.632568,32.337048,bass_synthetic_135-054-127,bass_synthetic_135-054-127,/root/autodl-tmp/tokenizer-eval/data/nsynth/nsynth-valid/audio/bass_synthetic_135-054-127.wav,927,bass_synthetic_135,0,bass,2,synthetic,54,127,16000,distortion
-57.83157,6.6021643,brass_acoustic_006-045-075,brass_acoustic_006-045-075,/root/autodl-tmp/tokenizer-eval/data/nsynth/nsynth-valid/audio/brass_acoustic_006-045-075.wav,43,brass_acoustic_006,1,brass,0,acoustic,45,75,16000,reverb
-58.133045,9.024559,brass_acoustic_006-040-100,brass_acoustic_006-040-100,/root/autodl-tmp/tokenizer-eval/data/nsynth/nsynth-valid/audio/brass_acoustic_006-040-100.wav,43,brass_acoustic_006,1,brass,0,acoustic,40,100,16000,reverb
91.00145,-13.189124,reed_acoustic_023-078-050,reed_acoustic_023-078-050,/root/autodl-tmp/tokenizer-eval/data/nsynth/nsynth-valid/audio/reed_acoustic_023-078-050.wav,224,reed_acoustic_023,7,reed,0,acoustic,78,50,16000,bright|fast_decay|multiphonic|nonlinear_env
1.9575483,-65.96376,organ_electronic_007-090-075,organ_electronic_007-090-075,/root/autodl-tmp/tokenizer-eval/data/nsynth/nsynth-valid/audio/organ_electronic_007-090-075.wav,123,organ_electronic_007,6,organ,1,electronic,90,75,16000,long_release|nonlinear_env
-19.981157,-44.061245,brass_acoustic_006-078-025,brass_acoustic_006-078-025,/root/autodl-tmp/tokenizer-eval/data/nsynth/nsynth-valid/audio/brass_acoustic_006-078-025.wav,43,brass_acoustic_006,1,brass,0,acoustic,78,25,16000,reverb
-35.076218,49.975685,guitar_acoustic_021-039-050,guitar_acoustic_021-039-050,/root/autodl-tmp/tokenizer-eval/data/nsynth/nsynth-valid/audio/guitar_acoustic_021-039-050.wav,457,guitar_acoustic_021,3,guitar,0,acoustic,39,50,16000,
-59.41752,2.8876998,brass_acoustic_059-045-100,brass_acoustic_059-045-100,/root/autodl-tmp/tokenizer-eval/data/nsynth/nsynth-valid/audio/brass_acoustic_059-045-100.wav,572,brass_acoustic_059,1,brass,0,acoustic,45,100,16000,reverb
-34.286343,-40.579964,guitar_acoustic_010-076-100,guitar_acoustic_010-076-100,/root/autodl-tmp/tokenizer-eval/data/nsynth/nsynth-valid/audio/guitar_acoustic_010-076-100.wav,219,guitar_acoustic_010,3,guitar,0,acoustic,76,100,16000,
-12.6522875,-8.338238,flute_synthetic_000-074-025,flute_synthetic_000-074-025,/root/autodl-tmp/tokenizer-eval/data/nsynth/nsynth-valid/audio/flute_synthetic_000-074-025.wav,82,flute_synthetic_000,2,flute,2,synthetic,74,25,16000,distortion
-20.476612,11.918397,organ_electronic_057-055-127,organ_electronic_057-055-127,/root/autodl-tmp/tokenizer-eval/data/nsynth/nsynth-valid/audio/organ_electronic_057-055-127.wav,701,organ_electronic_057,6,organ,1,electronic,55,127,16000,dark
68.18814,-0.674543,mallet_acoustic_056-041-075,mallet_acoustic_056-041-075,/root/autodl-tmp/tokenizer-eval/data/nsynth/nsynth-valid/audio/mallet_acoustic_056-041-075.wav,590,mallet_acoustic_056,5,mallet,0,acoustic,41,75,16000,fast_decay|percussive
-31.009047,8.215298,flute_synthetic_000-062-050,flute_synthetic_000-062-050,/root/autodl-tmp/tokenizer-eval/data/nsynth/nsynth-valid/audio/flute_synthetic_000-062-050.wav,82,flute_synthetic_000,2,flute,2,synthetic,62,50,16000,distortion
30.416117,41.325714,bass_synthetic_068-044-025,bass_synthetic_068-044-025,/root/autodl-tmp/tokenizer-eval/data/nsynth/nsynth-valid/audio/bass_synthetic_068-044-025.wav,656,bass_synthetic_068,0,bass,2,synthetic,44,25,16000,dark
-17.954697,-64.978645,string_acoustic_057-081-100,string_acoustic_057-081-100,/root/autodl-tmp/tokenizer-eval/data/nsynth/nsynth-valid/audio/string_acoustic_057-081-100.wav,450,string_acoustic_057,8,string,0,acoustic,81,100,16000,bright|nonlinear_env|reverb
26.717216,47.673523,mallet_acoustic_062-045-127,mallet_acoustic_062-045-127,/root/autodl-tmp/tokenizer-eval/data/nsynth/nsynth-valid/audio/mallet_acoustic_062-045-127.wav,644,mallet_acoustic_062,5,mallet,0,acoustic,45,127,16000,dark|long_release|multiphonic
-117.73931,-30.058762,brass_acoustic_046-092-100,brass_acoustic_046-092-100,/root/autodl-tmp/tokenizer-eval/data/nsynth/nsynth-valid/audio/brass_acoustic_046-092-100.wav,414,brass_acoustic_046,1,brass,0,acoustic,92,100,16000,long_release
94.28827,4.518235,reed_acoustic_023-048-025,reed_acoustic_023-048-025,/root/autodl-tmp/tokenizer-eval/data/nsynth/nsynth-valid/audio/reed_acoustic_023-048-025.wav,224,reed_acoustic_023,7,reed,0,acoustic,48,25,16000,bright|fast_decay|multiphonic|nonlinear_env
65.81471,22.161163,mallet_acoustic_056-056-050,mallet_acoustic_056-056-050,/root/autodl-tmp/tokenizer-eval/data/nsynth/nsynth-valid/audio/mallet_acoustic_056-056-050.wav,590,mallet_acoustic_056,5,mallet,0,acoustic,56,50,16000,fast_decay|percussive
47.954292,7.243295,string_acoustic_056-056-050,string_acoustic_056-056-050,/root/autodl-tmp/tokenizer-eval/data/nsynth/nsynth-valid/audio/string_acoustic_056-056-050.wav,436,string_acoustic_056,8,string,0,acoustic,56,50,16000,fast_decay|percussive|reverb
22.400068,-26.105196,organ_electronic_028-075-025,organ_electronic_028-075-025,/root/autodl-tmp/tokenizer-eval/data/nsynth/nsynth-valid/audio/organ_electronic_028-075-025.wav,440,organ_electronic_028,6,organ,1,electronic,75,25,16000,dark
-62.02985,-27.731672,vocal_synthetic_003-044-100,vocal_synthetic_003-044-100,/root/autodl-tmp/tokenizer-eval/data/nsynth/nsynth-valid/audio/vocal_synthetic_003-044-100.wav,37,vocal_synthetic_003,10,vocal,2,synthetic,44,100,16000,bright|distortion|long_release|nonlinear_env
34.715942,-22.409512,keyboard_electronic_078-083-127,keyboard_electronic_078-083-127,/root/autodl-tmp/tokenizer-eval/data/nsynth/nsynth-valid/audio/keyboard_electronic_078-083-127.wav,838,keyboard_electronic_078,4,keyboard,1,electronic,83,127,16000,bright
-19.918295,0.6346865,brass_acoustic_016-055-127,brass_acoustic_016-055-127,/root/autodl-tmp/tokenizer-eval/data/nsynth/nsynth-valid/audio/brass_acoustic_016-055-127.wav,128,brass_acoustic_016,1,brass,0,acoustic,55,127,16000,
25.32755,-43.071983,organ_electronic_007-087-025,organ_electronic_007-087-025,/root/autodl-tmp/tokenizer-eval/data/nsynth/nsynth-valid/audio/organ_electronic_007-087-025.wav,123,organ_electronic_007,6,organ,1,electronic,87,25,16000,long_release|nonlinear_env
25.219473,48.517017,keyboard_electronic_003-049-025,keyboard_electronic_003-049-025,/root/autodl-tmp/tokenizer-eval/data/nsynth/nsynth-valid/audio/keyboard_electronic_003-049-025.wav,65,keyboard_electronic_003,4,keyboard,1,electronic,49,25,16000,dark
63.450047,21.534359,mallet_acoustic_056-062-075,mallet_acoustic_056-062-075,/root/autodl-tmp/tokenizer-eval/data/nsynth/nsynth-valid/audio/mallet_acoustic_056-062-075.wav,590,mallet_acoustic_056,5,mallet,0,acoustic,62,75,16000,fast_decay|percussive
31.413603,-8.995891,keyboard_electronic_002-076-075,keyboard_electronic_002-076-075,/root/autodl-tmp/tokenizer-eval/data/nsynth/nsynth-valid/audio/keyboard_electronic_002-076-075.wav,50,keyboard_electronic_002,4,keyboard,1,electronic,76,75,16000,fast_decay
0.2928828,-29.681791,flute_synthetic_000-083-025,flute_synthetic_000-083-025,/root/autodl-tmp/tokenizer-eval/data/nsynth/nsynth-valid/audio/flute_synthetic_000-083-025.wav,82,flute_synthetic_000,2,flute,2,synthetic,83,25,16000,distortion
10.329529,-73.18373,guitar_acoustic_010-094-050,guitar_acoustic_010-094-050,/root/autodl-tmp/tokenizer-eval/data/nsynth/nsynth-valid/audio/guitar_acoustic_010-094-050.wav,219,guitar_acoustic_010,3,guitar,0,acoustic,94,50,16000,
-28.989943,-55.2256,bass_synthetic_009-079-100,bass_synthetic_009-079-100,/root/autodl-tmp/tokenizer-eval/data/nsynth/nsynth-valid/audio/bass_synthetic_009-079-100.wav,150,bass_synthetic_009,0,bass,2,synthetic,79,100,16000,bright|distortion|long_release
-13.139498,32.35515,keyboard_electronic_002-037-100,keyboard_electronic_002-037-100,/root/autodl-tmp/tokenizer-eval/data/nsynth/nsynth-valid/audio/keyboard_electronic_002-037-100.wav,50,keyboard_electronic_002,4,keyboard,1,electronic,37,100,16000,distortion
11.51953,-73.09229,guitar_electronic_028-094-050,guitar_electronic_028-094-050,/root/autodl-tmp/tokenizer-eval/data/nsynth/nsynth-valid/audio/guitar_electronic_028-094-050.wav,510,guitar_electronic_028,3,guitar,1,electronic,94,50,16000,
-17.375603,87.35848,bass_synthetic_098-070-025,bass_synthetic_098-070-025,/root/autodl-tmp/tokenizer-eval/data/nsynth/nsynth-valid/audio/bass_synthetic_098-070-025.wav,803,bass_synthetic_098,0,bass,2,synthetic,70,25,16000,
20.447426,69.17241,bass_synthetic_135-037-127,bass_synthetic_135-037-127,/root/autodl-tmp/tokenizer-eval/data/nsynth/nsynth-valid/audio/bass_synthetic_135-037-127.wav,927,bass_synthetic_135,0,bass,2,synthetic,37,127,16000,distortion
92.05384,5.508825,reed_acoustic_023-040-075,reed_acoustic_023-040-075,/root/autodl-tmp/tokenizer-eval/data/nsynth/nsynth-valid/audio/reed_acoustic_023-040-075.wav,224,reed_acoustic_023,7,reed,0,acoustic,40,75,16000,bright|fast_decay|multiphonic|nonlinear_env
21.114151,39.99154,bass_electronic_025-050-127,bass_electronic_025-050-127,/root/autodl-tmp/tokenizer-eval/data/nsynth/nsynth-valid/audio/bass_electronic_025-050-127.wav,872,bass_electronic_025,0,bass,1,electronic,50,127,16000,
-24.61481,-37.792305,flute_synthetic_000-078-075,flute_synthetic_000-078-075,/root/autodl-tmp/tokenizer-eval/data/nsynth/nsynth-valid/audio/flute_synthetic_000-078-075.wav,82,flute_synthetic_000,2,flute,2,synthetic,78,75,16000,distortion
6.139916,-67.59115,flute_acoustic_002-092-050,flute_acoustic_002-092-050,/root/autodl-tmp/tokenizer-eval/data/nsynth/nsynth-valid/audio/flute_acoustic_002-092-050.wav,86,flute_acoustic_002,2,flute,0,acoustic,92,50,16000,reverb
56.081978,-1.30337,mallet_acoustic_047-084-050,mallet_acoustic_047-084-050,/root/autodl-tmp/tokenizer-eval/data/nsynth/nsynth-valid/audio/mallet_acoustic_047-084-050.wav,488,mallet_acoustic_047,5,mallet,0,acoustic,84,50,16000,fast_decay|percussive|reverb
-49.64591,-27.926996,vocal_synthetic_003-059-127,vocal_synthetic_003-059-127,/root/autodl-tmp/tokenizer-eval/data/nsynth/nsynth-valid/audio/vocal_synthetic_003-059-127.wav,37,vocal_synthetic_003,10,vocal,2,synthetic,59,127,16000,bright|distortion|long_release|nonlinear_env
18.520206,56.686077,bass_synthetic_033-040-050,bass_synthetic_033-040-050,/root/autodl-tmp/tokenizer-eval/data/nsynth/nsynth-valid/audio/bass_synthetic_033-040-050.wav,417,bass_synthetic_033,0,bass,2,synthetic,40,50,16000,dark
39.827072,-8.398363,guitar_acoustic_021-081-025,guitar_acoustic_021-081-025,/root/autodl-tmp/tokenizer-eval/data/nsynth/nsynth-valid/audio/guitar_acoustic_021-081-025.wav,457,guitar_acoustic_021,3,guitar,0,acoustic,81,25,16000,fast_decay|percussive
51.047436,24.21802,string_acoustic_056-065-025,string_acoustic_056-065-025,/root/autodl-tmp/tokenizer-eval/data/nsynth/nsynth-valid/audio/string_acoustic_056-065-025.wav,436,string_acoustic_056,8,string,0,acoustic,65,25,16000,fast_decay|reverb
90.314316,-16.34598,reed_acoustic_023-087-025,reed_acoustic_023-087-025,/root/autodl-tmp/tokenizer-eval/data/nsynth/nsynth-valid/audio/reed_acoustic_023-087-025.wav,224,reed_acoustic_023,7,reed,0,acoustic,87,25,16000,fast_decay|multiphonic|nonlinear_env
100.33211,2.9598951,reed_acoustic_023-043-050,reed_acoustic_023-043-050,/root/autodl-tmp/tokenizer-eval/data/nsynth/nsynth-valid/audio/reed_acoustic_023-043-050.wav,224,reed_acoustic_023,7,reed,0,acoustic,43,50,16000,bright|fast_decay|multiphonic|nonlinear_env
-7.1303678,-84.686874,vocal_synthetic_003-084-100,vocal_synthetic_003-084-100,/root/autodl-tmp/tokenizer-eval/data/nsynth/nsynth-valid/audio/vocal_synthetic_003-084-100.wav,37,vocal_synthetic_003,10,vocal,2,synthetic,84,100,16000,bright|distortion|long_release|nonlinear_env
92.787735,4.144016,reed_acoustic_023-055-127,reed_acoustic_023-055-127,/root/autodl-tmp/tokenizer-eval/data/nsynth/nsynth-valid/audio/reed_acoustic_023-055-127.wav,224,reed_acoustic_023,7,reed,0,acoustic,55,127,16000,bright|fast_decay|multiphonic|nonlinear_env
19.07602,32.212914,bass_synthetic_134-056-075,bass_synthetic_134-056-075,/root/autodl-tmp/tokenizer-eval/data/nsynth/nsynth-valid/audio/bass_synthetic_134-056-075.wav,914,bass_synthetic_134,0,bass,2,synthetic,56,75,16000,dark|reverb
-3.2036319,27.115784,guitar_electronic_028-057-100,guitar_electronic_028-057-100,/root/autodl-tmp/tokenizer-eval/data/nsynth/nsynth-valid/audio/guitar_electronic_028-057-100.wav,510,guitar_electronic_028,3,guitar,1,electronic,57,100,16000,dark
-36.140724,31.375212,flute_synthetic_000-048-075,flute_synthetic_000-048-075,/root/autodl-tmp/tokenizer-eval/data/nsynth/nsynth-valid/audio/flute_synthetic_000-048-075.wav,82,flute_synthetic_000,2,flute,2,synthetic,48,75,16000,distortion
89.58417,2.6097481,keyboard_synthetic_000-042-025,keyboard_synthetic_000-042-025,/root/autodl-tmp/tokenizer-eval/data/nsynth/nsynth-valid/audio/keyboard_synthetic_000-042-025.wav,577,keyboard_synthetic_000,4,keyboard,2,synthetic,42,25,16000,distortion|fast_decay|nonlinear_env
45.498344,25.377867,string_acoustic_056-059-050,string_acoustic_056-059-050,/root/autodl-tmp/tokenizer-eval/data/nsynth/nsynth-valid/audio/string_acoustic_056-059-050.wav,436,string_acoustic_056,8,string,0,acoustic,59,50,16000,fast_decay|percussive|reverb
91.43935,-6.933206,reed_acoustic_023-072-025,reed_acoustic_023-072-025,/root/autodl-tmp/tokenizer-eval/data/nsynth/nsynth-valid/audio/reed_acoustic_023-072-025.wav,224,reed_acoustic_023,7,reed,0,acoustic,72,25,16000,bright|fast_decay|multiphonic|nonlinear_env
77.23991,-15.050177,keyboard_synthetic_000-066-075,keyboard_synthetic_000-066-075,/root/autodl-tmp/tokenizer-eval/data/nsynth/nsynth-valid/audio/keyboard_synthetic_000-066-075.wav,577,keyboard_synthetic_000,4,keyboard,2,synthetic,66,75,16000,distortion|fast_decay|nonlinear_env
68.27403,-25.961,reed_acoustic_023-093-050,reed_acoustic_023-093-050,/root/autodl-tmp/tokenizer-eval/data/nsynth/nsynth-valid/audio/reed_acoustic_023-093-050.wav,224,reed_acoustic_023,7,reed,0,acoustic,93,50,16000,fast_decay|multiphonic|nonlinear_env
40.984,36.68936,mallet_acoustic_062-031-025,mallet_acoustic_062-031-025,/root/autodl-tmp/tokenizer-eval/data/nsynth/nsynth-valid/audio/mallet_acoustic_062-031-025.wav,644,mallet_acoustic_062,5,mallet,0,acoustic,31,25,16000,dark|multiphonic
-5.5869074,28.610294,keyboard_electronic_002-055-127,keyboard_electronic_002-055-127,/root/autodl-tmp/tokenizer-eval/data/nsynth/nsynth-valid/audio/keyboard_electronic_002-055-127.wav,50,keyboard_electronic_002,4,keyboard,1,electronic,55,127,16000,distortion
0.17907557,21.628021,guitar_electronic_028-061-025,guitar_electronic_028-061-025,/root/autodl-tmp/tokenizer-eval/data/nsynth/nsynth-valid/audio/guitar_electronic_028-061-025.wav,510,guitar_electronic_028,3,guitar,1,electronic,61,25,16000,dark
-4.905782,-77.10421,vocal_synthetic_003-095-127,vocal_synthetic_003-095-127,/root/autodl-tmp/tokenizer-eval/data/nsynth/nsynth-valid/audio/vocal_synthetic_003-095-127.wav,37,vocal_synthetic_003,10,vocal,2,synthetic,95,127,16000,bright|distortion|long_release|nonlinear_env
-1.6485289,-7.0737343,bass_synthetic_034-082-050,bass_synthetic_034-082-050,/root/autodl-tmp/tokenizer-eval/data/nsynth/nsynth-valid/audio/bass_synthetic_034-082-050.wav,420,bass_synthetic_034,0,bass,2,synthetic,82,50,16000,bright|distortion|tempo-synced
3.7734463,27.666927,keyboard_electronic_069-061-075,keyboard_electronic_069-061-075,/root/autodl-tmp/tokenizer-eval/data/nsynth/nsynth-valid/audio/keyboard_electronic_069-061-075.wav,805,keyboard_electronic_069,4,keyboard,1,electronic,61,75,16000,distortion
-47.64494,39.56543,string_acoustic_012-046-075,string_acoustic_012-046-075,/root/autodl-tmp/tokenizer-eval/data/nsynth/nsynth-valid/audio/string_acoustic_012-046-075.wav,97,string_acoustic_012,8,string,0,acoustic,46,75,16000,long_release|reverb
-0.24770552,-54.046314,string_acoustic_057-095-075,string_acoustic_057-095-075,/root/autodl-tmp/tokenizer-eval/data/nsynth/nsynth-valid/audio/string_acoustic_057-095-075.wav,450,string_acoustic_057,8,string,0,acoustic,95,75,16000,nonlinear_env|reverb
-61.72532,34.940464,vocal_synthetic_003-037-025,vocal_synthetic_003-037-025,/root/autodl-tmp/tokenizer-eval/data/nsynth/nsynth-valid/audio/vocal_synthetic_003-037-025.wav,37,vocal_synthetic_003,10,vocal,2,synthetic,37,25,16000,distortion|long_release|nonlinear_env
-15.80875,-10.145915,flute_synthetic_000-071-050,flute_synthetic_000-071-050,/root/autodl-tmp/tokenizer-eval/data/nsynth/nsynth-valid/audio/flute_synthetic_000-071-050.wav,82,flute_synthetic_000,2,flute,2,synthetic,71,50,16000,distortion
58.20037,-0.1029889,mallet_acoustic_047-066-075,mallet_acoustic_047-066-075,/root/autodl-tmp/tokenizer-eval/data/nsynth/nsynth-valid/audio/mallet_acoustic_047-066-075.wav,488,mallet_acoustic_047,5,mallet,0,acoustic,66,75,16000,fast_decay|percussive|reverb
8.153243,-0.4268752,bass_synthetic_068-069-100,bass_synthetic_068-069-100,/root/autodl-tmp/tokenizer-eval/data/nsynth/nsynth-valid/audio/bass_synthetic_068-069-100.wav,656,bass_synthetic_068,0,bass,2,synthetic,69,100,16000,
-28.38746,-39.734726,flute_synthetic_000-076-050,flute_synthetic_000-076-050,/root/autodl-tmp/tokenizer-eval/data/nsynth/nsynth-valid/audio/flute_synthetic_000-076-050.wav,82,flute_synthetic_000,2,flute,2,synthetic,76,50,16000,distortion
-40.801422,-38.341274,organ_electronic_007-064-025,organ_electronic_007-064-025,/root/autodl-tmp/tokenizer-eval/data/nsynth/nsynth-valid/audio/organ_electronic_007-064-025.wav,123,organ_electronic_007,6,organ,1,electronic,64,25,16000,distortion|long_release|nonlinear_env
-28.876322,-12.268516,vocal_acoustic_000-055-127,vocal_acoustic_000-055-127,/root/autodl-tmp/tokenizer-eval/data/nsynth/nsynth-valid/audio/vocal_acoustic_000-055-127.wav,46,vocal_acoustic_000,10,vocal,0,acoustic,55,127,16000,reverb
71.746605,-30.569637,reed_acoustic_023-088-100,reed_acoustic_023-088-100,/root/autodl-tmp/tokenizer-eval/data/nsynth/nsynth-valid/audio/reed_acoustic_023-088-100.wav,224,reed_acoustic_023,7,reed,0,acoustic,88,100,16000,fast_decay|multiphonic|nonlinear_env
9.477244,-71.75612,guitar_acoustic_010-093-075,guitar_acoustic_010-093-075,/root/autodl-tmp/tokenizer-eval/data/nsynth/nsynth-valid/audio/guitar_acoustic_010-093-075.wav,219,guitar_acoustic_010,3,guitar,0,acoustic,93,75,16000,
13.400251,-68.04722,guitar_electronic_028-090-100,guitar_electronic_028-090-100,/root/autodl-tmp/tokenizer-eval/data/nsynth/nsynth-valid/audio/guitar_electronic_028-090-100.wav,510,guitar_electronic_028,3,guitar,1,electronic,90,100,16000,
-35.488567,27.911024,flute_synthetic_000-050-100,flute_synthetic_000-050-100,/root/autodl-tmp/tokenizer-eval/data/nsynth/nsynth-valid/audio/flute_synthetic_000-050-100.wav,82,flute_synthetic_000,2,flute,2,synthetic,50,100,16000,distortion
15.364957,60.2945,keyboard_electronic_003-032-025,keyboard_electronic_003-032-025,/root/autodl-tmp/tokenizer-eval/data/nsynth/nsynth-valid/audio/keyboard_electronic_003-032-025.wav,65,keyboard_electronic_003,4,keyboard,1,electronic,32,25,16000,dark
-62.059437,3.9491959,brass_acoustic_059-040-075,brass_acoustic_059-040-075,/root/autodl-tmp/tokenizer-eval/data/nsynth/nsynth-valid/audio/brass_acoustic_059-040-075.wav,572,brass_acoustic_059,1,brass,0,acoustic,40,75,16000,bright|reverb
-34.264507,-22.060331,string_acoustic_057-067-050,string_acoustic_057-067-050,/root/autodl-tmp/tokenizer-eval/data/nsynth/nsynth-valid/audio/string_acoustic_057-067-050.wav,450,string_acoustic_057,8,string,0,acoustic,67,50,16000,bright|nonlinear_env|reverb
6.081944,45.973892,guitar_electronic_028-034-050,guitar_electronic_028-034-050,/root/autodl-tmp/tokenizer-eval/data/nsynth/nsynth-valid/audio/guitar_electronic_028-034-050.wav,510,guitar_electronic_028,3,guitar,1,electronic,34,50,16000,dark
46.581566,14.325162,bass_synthetic_134-072-100,bass_synthetic_134-072-100,/root/autodl-tmp/tokenizer-eval/data/nsynth/nsynth-valid/audio/bass_synthetic_134-072-100.wav,914,bass_synthetic_134,0,bass,2,synthetic,72,100,16000,dark|fast_decay|reverb
-26.141504,-79.763596,bass_synthetic_009-087-127,bass_synthetic_009-087-127,/root/autodl-tmp/tokenizer-eval/data/nsynth/nsynth-valid/audio/bass_synthetic_009-087-127.wav,150,bass_synthetic_009,0,bass,2,synthetic,87,127,16000,long_release
69.996086,-28.369684,reed_acoustic_023-090-025,reed_acoustic_023-090-025,/root/autodl-tmp/tokenizer-eval/data/nsynth/nsynth-valid/audio/reed_acoustic_023-090-025.wav,224,reed_acoustic_023,7,reed,0,acoustic,90,25,16000,fast_decay|multiphonic|nonlinear_env
41.292732,35.680077,mallet_acoustic_062-034-025,mallet_acoustic_062-034-025,/root/autodl-tmp/tokenizer-eval/data/nsynth/nsynth-valid/audio/mallet_acoustic_062-034-025.wav,644,mallet_acoustic_062,5,mallet,0,acoustic,34,25,16000,dark|multiphonic
34.789062,-21.263649,mallet_acoustic_056-083-100,mallet_acoustic_056-083-100,/root/autodl-tmp/tokenizer-eval/data/nsynth/nsynth-valid/audio/mallet_acoustic_056-083-100.wav,590,mallet_acoustic_056,5,mallet,0,acoustic,83,100,16000,
0.52308935,59.96431,organ_electronic_057-047-050,organ_electronic_057-047-050,/root/autodl-tmp/tokenizer-eval/data/nsynth/nsynth-valid/audio/organ_electronic_057-047-050.wav,701,organ_electronic_057,6,organ,1,electronic,47,50,16000,dark
-11.306133,84.51274,bass_synthetic_098-096-127,bass_synthetic_098-096-127,/root/autodl-tmp/tokenizer-eval/data/nsynth/nsynth-valid/audio/bass_synthetic_098-096-127.wav,803,bass_synthetic_098,0,bass,2,synthetic,96,127,16000,
92.26298,1.603583,reed_acoustic_023-060-050,reed_acoustic_023-060-050,/root/autodl-tmp/tokenizer-eval/data/nsynth/nsynth-valid/audio/reed_acoustic_023-060-050.wav,224,reed_acoustic_023,7,reed,0,acoustic,60,50,16000,bright|fast_decay|multiphonic|nonlinear_env
-19.300049,10.624448,organ_electronic_057-056-050,organ_electronic_057-056-050,/root/autodl-tmp/tokenizer-eval/data/nsynth/nsynth-valid/audio/organ_electronic_057-056-050.wav,701,organ_electronic_057,6,organ,1,electronic,56,50,16000,dark
-42.791294,-1.2573067,reed_acoustic_011-051-025,reed_acoustic_011-051-025,/root/autodl-tmp/tokenizer-eval/data/nsynth/nsynth-valid/audio/reed_acoustic_011-051-025.wav,104,reed_acoustic_011,7,reed,0,acoustic,51,25,16000,
-31.845192,-28.647957,flute_acoustic_002-068-075,flute_acoustic_002-068-075,/root/autodl-tmp/tokenizer-eval/data/nsynth/nsynth-valid/audio/flute_acoustic_002-068-075.wav,86,flute_acoustic_002,2,flute,0,acoustic,68,75,16000,long_release|reverb
-117.73931,-30.058762,brass_acoustic_046-094-075,brass_acoustic_046-094-075,/root/autodl-tmp/tokenizer-eval/data/nsynth/nsynth-valid/audio/brass_acoustic_046-094-075.wav,414,brass_acoustic_046,1,brass,0,acoustic,94,75,16000,long_release
-12.511135,10.100055,organ_electronic_028-058-050,organ_electronic_028-058-050,/root/autodl-tmp/tokenizer-eval/data/nsynth/nsynth-valid/audio/organ_electronic_028-058-050.wav,440,organ_electronic_028,6,organ,1,electronic,58,50,16000,dark
-26.014982,-8.434178,vocal_acoustic_000-065-025,vocal_acoustic_000-065-025,/root/autodl-tmp/tokenizer-eval/data/nsynth/nsynth-valid/audio/vocal_acoustic_000-065-025.wav,46,vocal_acoustic_000,10,vocal,0,acoustic,65,25,16000,reverb
13.529315,60.6045,keyboard_electronic_098-033-025,keyboard_electronic_098-033-025,/root/autodl-tmp/tokenizer-eval/data/nsynth/nsynth-valid/audio/keyboard_electronic_098-033-025.wav,905,keyboard_electronic_098,4,keyboard,1,electronic,33,25,16000,dark
93.53496,-1.5203806,mallet_acoustic_062-073-050,mallet_acoustic_062-073-050,/root/autodl-tmp/tokenizer-eval/data/nsynth/nsynth-valid/audio/mallet_acoustic_062-073-050.wav,644,mallet_acoustic_062,5,mallet,0,acoustic,73,50,16000,dark|fast_decay|multiphonic
9.952617,-22.349487,flute_acoustic_002-073-050,flute_acoustic_002-073-050,/root/autodl-tmp/tokenizer-eval/data/nsynth/nsynth-valid/audio/flute_acoustic_002-073-050.wav,86,flute_acoustic_002,2,flute,0,acoustic,73,50,16000,long_release|reverb
22.18408,-32.874496,brass_acoustic_006-075-127,brass_acoustic_006-075-127,/root/autodl-tmp/tokenizer-eval/data/nsynth/nsynth-valid/audio/brass_acoustic_006-075-127.wav,43,brass_acoustic_006,1,brass,0,acoustic,75,127,16000,reverb
-24.621235,-37.7982,flute_synthetic_000-078-127,flute_synthetic_000-078-127,/root/autodl-tmp/tokenizer-eval/data/nsynth/nsynth-valid/audio/flute_synthetic_000-078-127.wav,82,flute_synthetic_000,2,flute,2,synthetic,78,127,16000,distortion
-36.138107,33.202385,flute_synthetic_000-047-127,flute_synthetic_000-047-127,/root/autodl-tmp/tokenizer-eval/data/nsynth/nsynth-valid/audio/flute_synthetic_000-047-127.wav,82,flute_synthetic_000,2,flute,2,synthetic,47,127,16000,distortion
-41.638233,-29.403967,vocal_synthetic_003-066-127,vocal_synthetic_003-066-127,/root/autodl-tmp/tokenizer-eval/data/nsynth/nsynth-valid/audio/vocal_synthetic_003-066-127.wav,37,vocal_synthetic_003,10,vocal,2,synthetic,66,127,16000,bright|distortion|long_release|nonlinear_env
-54.5526,34.824455,vocal_synthetic_003-047-025,vocal_synthetic_003-047-025,/root/autodl-tmp/tokenizer-eval/data/nsynth/nsynth-valid/audio/vocal_synthetic_003-047-025.wav,37,vocal_synthetic_003,10,vocal,2,synthetic,47,25,16000,distortion|long_release|nonlinear_env
-15.463711,-9.786197,flute_synthetic_000-072-127,flute_synthetic_000-072-127,/root/autodl-tmp/tokenizer-eval/data/nsynth/nsynth-valid/audio/flute_synthetic_000-072-127.wav,82,flute_synthetic_000,2,flute,2,synthetic,72,127,16000,distortion
70.62482,-26.82569,reed_acoustic_023-091-075,reed_acoustic_023-091-075,/root/autodl-tmp/tokenizer-eval/data/nsynth/nsynth-valid/audio/reed_acoustic_023-091-075.wav,224,reed_acoustic_023,7,reed,0,acoustic,91,75,16000,fast_decay|multiphonic|nonlinear_env
87.77895,-7.157929,keyboard_synthetic_000-096-050,keyboard_synthetic_000-096-050,/root/autodl-tmp/tokenizer-eval/data/nsynth/nsynth-valid/audio/keyboard_synthetic_000-096-050.wav,577,keyboard_synthetic_000,4,keyboard,2,synthetic,96,50,16000,bright|distortion|fast_decay|nonlinear_env|percussive
-19.134762,-42.50968,string_acoustic_057-078-050,string_acoustic_057-078-050,/root/autodl-tmp/tokenizer-eval/data/nsynth/nsynth-valid/audio/string_acoustic_057-078-050.wav,450,string_acoustic_057,8,string,0,acoustic,78,50,16000,bright|nonlinear_env|reverb
4.3776283,-63.293346,string_acoustic_057-091-025,string_acoustic_057-091-025,/root/autodl-tmp/tokenizer-eval/data/nsynth/nsynth-valid/audio/string_acoustic_057-091-025.wav,450,string_acoustic_057,8,string,0,acoustic,91,25,16000,bright|nonlinear_env|reverb
-16.662914,-41.45581,brass_acoustic_016-078-075,brass_acoustic_016-078-075,/root/autodl-tmp/tokenizer-eval/data/nsynth/nsynth-valid/audio/brass_acoustic_016-078-075.wav,128,brass_acoustic_016,1,brass,0,acoustic,78,75,16000,bright
42.55105,32.030025,mallet_acoustic_062-041-025,mallet_acoustic_062-041-025,/root/autodl-tmp/tokenizer-eval/data/nsynth/nsynth-valid/audio/mallet_acoustic_062-041-025.wav,644,mallet_acoustic_062,5,mallet,0,acoustic,41,25,16000,dark|fast_decay|multiphonic
8.280443,16.941164,keyboard_acoustic_004-063-050,keyboard_acoustic_004-063-050,/root/autodl-tmp/tokenizer-eval/data/nsynth/nsynth-valid/audio/keyboard_acoustic_004-063-050.wav,327,keyboard_acoustic_004,4,keyboard,0,acoustic,63,50,16000,dark|reverb
30.215078,39.962093,string_acoustic_014-044-050,string_acoustic_014-044-050,/root/autodl-tmp/tokenizer-eval/data/nsynth/nsynth-valid/audio/string_acoustic_014-044-050.wav,100,string_acoustic_014,8,string,0,acoustic,44,50,16000,dark|reverb
-2.1940806,-6.011926,bass_synthetic_034-075-025,bass_synthetic_034-075-025,/root/autodl-tmp/tokenizer-eval/data/nsynth/nsynth-valid/audio/bass_synthetic_034-075-025.wav,420,bass_synthetic_034,0,bass,2,synthetic,75,25,16000,distortion|tempo-synced
7.0592203,-36.58163,keyboard_electronic_069-084-050,keyboard_electronic_069-084-050,/root/autodl-tmp/tokenizer-eval/data/nsynth/nsynth-valid/audio/keyboard_electronic_069-084-050.wav,805,keyboard_electronic_069,4,keyboard,1,electronic,84,50,16000,distortion
-3.759167,47.588943,keyboard_electronic_069-041-100,keyboard_electronic_069-041-100,/root/autodl-tmp/tokenizer-eval/data/nsynth/nsynth-valid/audio/keyboard_electronic_069-041-100.wav,805,keyboard_electronic_069,4,keyboard,1,electronic,41,100,16000,distortion
-0.27593416,62.50212,organ_electronic_001-038-100,organ_electronic_001-038-100,/root/autodl-tmp/tokenizer-eval/data/nsynth/nsynth-valid/audio/organ_electronic_001-038-100.wav,8,organ_electronic_001,6,organ,1,electronic,38,100,16000,dark
109.96068,-3.8997645,mallet_acoustic_062-091-025,mallet_acoustic_062-091-025,/root/autodl-tmp/tokenizer-eval/data/nsynth/nsynth-valid/audio/mallet_acoustic_062-091-025.wav,644,mallet_acoustic_062,5,mallet,0,acoustic,91,25,16000,fast_decay|multiphonic|percussive
66.44316,22.29815,mallet_acoustic_056-055-075,mallet_acoustic_056-055-075,/root/autodl-tmp/tokenizer-eval/data/nsynth/nsynth-valid/audio/mallet_acoustic_056-055-075.wav,590,mallet_acoustic_056,5,mallet,0,acoustic,55,75,16000,fast_decay|percussive
39.411007,32.51593,keyboard_acoustic_004-094-025,keyboard_acoustic_004-094-025,/root/autodl-tmp/tokenizer-eval/data/nsynth/nsynth-valid/audio/keyboard_acoustic_004-094-025.wav,327,keyboard_acoustic_004,4,keyboard,0,acoustic,94,25,16000,dark|reverb
26.941172,-7.365417,guitar_acoustic_014-076-050,guitar_acoustic_014-076-050,/root/autodl-tmp/tokenizer-eval/data/nsynth/nsynth-valid/audio/guitar_acoustic_014-076-050.wav,263,guitar_acoustic_014,3,guitar,0,acoustic,76,50,16000,
12.9684725,-51.927887,brass_acoustic_016-089-100,brass_acoustic_016-089-100,/root/autodl-tmp/tokenizer-eval/data/nsynth/nsynth-valid/audio/brass_acoustic_016-089-100.wav,128,brass_acoustic_016,1,brass,0,acoustic,89,100,16000,
-70.7925,25.967426,vocal_synthetic_003-035-127,vocal_synthetic_003-035-127,/root/autodl-tmp/tokenizer-eval/data/nsynth/nsynth-valid/audio/vocal_synthetic_003-035-127.wav,37,vocal_synthetic_003,10,vocal,2,synthetic,35,127,16000,bright|distortion|long_release|nonlinear_env
37.106377,-13.1343155,keyboard_electronic_098-081-025,keyboard_electronic_098-081-025,/root/autodl-tmp/tokenizer-eval/data/nsynth/nsynth-valid/audio/keyboard_electronic_098-081-025.wav,905,keyboard_electronic_098,4,keyboard,1,electronic,81,25,16000,fast_decay
-0.7104348,-56.608578,string_acoustic_057-094-025,string_acoustic_057-094-025,/root/autodl-tmp/tokenizer-eval/data/nsynth/nsynth-valid/audio/string_acoustic_057-094-025.wav,450,string_acoustic_057,8,string,0,acoustic,94,25,16000,bright|nonlinear_env|reverb
-16.88132,-2.8146675,brass_acoustic_016-062-100,brass_acoustic_016-062-100,/root/autodl-tmp/tokenizer-eval/data/nsynth/nsynth-valid/audio/brass_acoustic_016-062-100.wav,128,brass_acoustic_016,1,brass,0,acoustic,62,100,16000,bright
-28.066141,-3.9743395,reed_acoustic_011-062-025,reed_acoustic_011-062-025,/root/autodl-tmp/tokenizer-eval/data/nsynth/nsynth-valid/audio/reed_acoustic_011-062-025.wav,104,reed_acoustic_011,7,reed,0,acoustic,62,25,16000,
63.95943,21.814575,mallet_acoustic_056-059-100,mallet_acoustic_056-059-100,/root/autodl-tmp/tokenizer-eval/data/nsynth/nsynth-valid/audio/mallet_acoustic_056-059-100.wav,590,mallet_acoustic_056,5,mallet,0,acoustic,59,100,16000,fast_decay|percussive
29.895376,34.239326,mallet_acoustic_062-050-050,mallet_acoustic_062-050-050,/root/autodl-tmp/tokenizer-eval/data/nsynth/nsynth-valid/audio/mallet_acoustic_062-050-050.wav,644,mallet_acoustic_062,5,mallet,0,acoustic,50,50,16000,dark|multiphonic
22.107122,39.346767,string_acoustic_014-049-050,string_acoustic_014-049-050,/root/autodl-tmp/tokenizer-eval/data/nsynth/nsynth-valid/audio/string_acoustic_014-049-050.wav,100,string_acoustic_014,8,string,0,acoustic,49,50,16000,dark|reverb
-0.32886535,-24.692146,brass_acoustic_015-072-100,brass_acoustic_015-072-100,/root/autodl-tmp/tokenizer-eval/data/nsynth/nsynth-valid/audio/brass_acoustic_015-072-100.wav,121,brass_acoustic_015,1,brass,0,acoustic,72,100,16000,reverb
22.248407,-30.763065,reed_acoustic_037-075-127,reed_acoustic_037-075-127,/root/autodl-tmp/tokenizer-eval/data/nsynth/nsynth-valid/audio/reed_acoustic_037-075-127.wav,387,reed_acoustic_037,7,reed,0,acoustic,75,127,16000,reverb
24.525955,-11.057775,keyboard_electronic_098-075-025,keyboard_electronic_098-075-025,/root/autodl-tmp/tokenizer-eval/data/nsynth/nsynth-valid/audio/keyboard_electronic_098-075-025.wav,905,keyboard_electronic_098,4,keyboard,1,electronic,75,25,16000,
-1.4763068,-4.3090787,bass_synthetic_034-070-025,bass_synthetic_034-070-025,/root/autodl-tmp/tokenizer-eval/data/nsynth/nsynth-valid/audio/bass_synthetic_034-070-025.wav,420,bass_synthetic_034,0,bass,2,synthetic,70,25,16000,distortion|tempo-synced
58.091797,-6.7538643,string_acoustic_056-077-127,string_acoustic_056-077-127,/root/autodl-tmp/tokenizer-eval/data/nsynth/nsynth-valid/audio/string_acoustic_056-077-127.wav,436,string_acoustic_056,8,string,0,acoustic,77,127,16000,fast_decay|percussive|reverb
42.513664,32.380585,mallet_acoustic_062-040-025,mallet_acoustic_062-040-025,/root/autodl-tmp/tokenizer-eval/data/nsynth/nsynth-valid/audio/mallet_acoustic_062-040-025.wav,644,mallet_acoustic_062,5,mallet,0,acoustic,40,25,16000,dark|fast_decay|multiphonic
-1.701089,-42.62555,brass_acoustic_046-083-127,brass_acoustic_046-083-127,/root/autodl-tmp/tokenizer-eval/data/nsynth/nsynth-valid/audio/brass_acoustic_046-083-127.wav,414,brass_acoustic_046,1,brass,0,acoustic,83,127,16000,
13.370908,0.0919042,mallet_acoustic_062-066-075,mallet_acoustic_062-066-075,/root/autodl-tmp/tokenizer-eval/data/nsynth/nsynth-valid/audio/mallet_acoustic_062-066-075.wav,644,mallet_acoustic_062,5,mallet,0,acoustic,66,75,16000,dark|multiphonic
-36.267647,26.72242,flute_synthetic_000-051-025,flute_synthetic_000-051-025,/root/autodl-tmp/tokenizer-eval/data/nsynth/nsynth-valid/audio/flute_synthetic_000-051-025.wav,82,flute_synthetic_000,2,flute,2,synthetic,51,25,16000,distortion
4.0820365,27.820509,keyboard_electronic_069-062-050,keyboard_electronic_069-062-050,/root/autodl-tmp/tokenizer-eval/data/nsynth/nsynth-valid/audio/keyboard_electronic_069-062-050.wav,805,keyboard_electronic_069,4,keyboard,1,electronic,62,50,16000,distortion
24.565907,1.6529433,guitar_acoustic_010-078-025,guitar_acoustic_010-078-025,/root/autodl-tmp/tokenizer-eval/data/nsynth/nsynth-valid/audio/guitar_acoustic_010-078-025.wav,219,guitar_acoustic_010,3,guitar,0,acoustic,78,25,16000,
5.599727,-43.5645,brass_acoustic_006-084-050,brass_acoustic_006-084-050,/root/autodl-tmp/tokenizer-eval/data/nsynth/nsynth-valid/audio/brass_acoustic_006-084-050.wav,43,brass_acoustic_006,1,brass,0,acoustic,84,50,16000,reverb
55.82845,-0.8972839,mallet_acoustic_047-082-127,mallet_acoustic_047-082-127,/root/autodl-tmp/tokenizer-eval/data/nsynth/nsynth-valid/audio/mallet_acoustic_047-082-127.wav,488,mallet_acoustic_047,5,mallet,0,acoustic,82,127,16000,fast_decay|percussive|reverb
-1.4457619,-4.1554685,bass_synthetic_034-066-075,bass_synthetic_034-066-075,/root/autodl-tmp/tokenizer-eval/data/nsynth/nsynth-valid/audio/bass_synthetic_034-066-075.wav,420,bass_synthetic_034,0,bass,2,synthetic,66,75,16000,distortion|tempo-synced
15.825214,-8.6846695,bass_synthetic_134-072-025,bass_synthetic_134-072-025,/root/autodl-tmp/tokenizer-eval/data/nsynth/nsynth-valid/audio/bass_synthetic_134-072-025.wav,914,bass_synthetic_134,0,bass,2,synthetic,72,25,16000,dark|reverb
54.464745,21.497656,mallet_acoustic_062-058-025,mallet_acoustic_062-058-025,/root/autodl-tmp/tokenizer-eval/data/nsynth/nsynth-valid/audio/mallet_acoustic_062-058-025.wav,644,mallet_acoustic_062,5,mallet,0,acoustic,58,25,16000,dark|fast_decay|multiphonic
0.69559515,21.621614,keyboard_electronic_098-061-100,keyboard_electronic_098-061-100,/root/autodl-tmp/tokenizer-eval/data/nsynth/nsynth-valid/audio/keyboard_electronic_098-061-100.wav,905,keyboard_electronic_098,4,keyboard,1,electronic,61,100,16000,dark
41.520447,-14.0968485,keyboard_electronic_098-085-075,keyboard_electronic_098-085-075,/root/autodl-tmp/tokenizer-eval/data/nsynth/nsynth-valid/audio/keyboard_electronic_098-085-075.wav,905,keyboard_electronic_098,4,keyboard,1,electronic,85,75,16000,fast_decay
-11.826934,-40.116486,brass_acoustic_016-071-100,brass_acoustic_016-071-100,/root/autodl-tmp/tokenizer-eval/data/nsynth/nsynth-valid/audio/brass_acoustic_016-071-100.wav,128,brass_acoustic_016,1,brass,0,acoustic,71,100,16000,bright
-27.8129,-12.886725,vocal_acoustic_000-056-100,vocal_acoustic_000-056-100,/root/autodl-tmp/tokenizer-eval/data/nsynth/nsynth-valid/audio/vocal_acoustic_000-056-100.wav,46,vocal_acoustic_000,10,vocal,0,acoustic,56,100,16000,reverb
79.9986,-14.223722,keyboard_synthetic_000-051-025,keyboard_synthetic_000-051-025,/root/autodl-tmp/tokenizer-eval/data/nsynth/nsynth-valid/audio/keyboard_synthetic_000-051-025.wav,577,keyboard_synthetic_000,4,keyboard,2,synthetic,51,25,16000,distortion|fast_decay|nonlinear_env
1.2708392,-49.16826,organ_electronic_001-096-100,organ_electronic_001-096-100,/root/autodl-tmp/tokenizer-eval/data/nsynth/nsynth-valid/audio/organ_electronic_001-096-100.wav,8,organ_electronic_001,6,organ,1,electronic,96,100,16000,
-17.92325,-65.54825,string_acoustic_057-081-075,string_acoustic_057-081-075,/root/autodl-tmp/tokenizer-eval/data/nsynth/nsynth-valid/audio/string_acoustic_057-081-075.wav,450,string_acoustic_057,8,string,0,acoustic,81,75,16000,bright|nonlinear_env|reverb
27.726603,-7.3774743,guitar_acoustic_014-077-127,guitar_acoustic_014-077-127,/root/autodl-tmp/tokenizer-eval/data/nsynth/nsynth-valid/audio/guitar_acoustic_014-077-127.wav,263,guitar_acoustic_014,3,guitar,0,acoustic,77,127,16000,
7.105474,16.176449,bass_synthetic_068-065-050,bass_synthetic_068-065-050,/root/autodl-tmp/tokenizer-eval/data/nsynth/nsynth-valid/audio/bass_synthetic_068-065-050.wav,656,bass_synthetic_068,0,bass,2,synthetic,65,50,16000,
70.82531,22.41369,mallet_acoustic_056-047-025,mallet_acoustic_056-047-025,/root/autodl-tmp/tokenizer-eval/data/nsynth/nsynth-valid/audio/mallet_acoustic_056-047-025.wav,590,mallet_acoustic_056,5,mallet,0,acoustic,47,25,16000,bright|fast_decay|percussive
28.74242,-37.15854,organ_electronic_057-074-100,organ_electronic_057-074-100,/root/autodl-tmp/tokenizer-eval/data/nsynth/nsynth-valid/audio/organ_electronic_057-074-100.wav,701,organ_electronic_057,6,organ,1,electronic,74,100,16000,
-33.761032,46.990017,flute_synthetic_000-040-127,flute_synthetic_000-040-127,/root/autodl-tmp/tokenizer-eval/data/nsynth/nsynth-valid/audio/flute_synthetic_000-040-127.wav,82,flute_synthetic_000,2,flute,2,synthetic,40,127,16000,distortion
-14.010859,-53.45679,flute_synthetic_000-091-025,flute_synthetic_000-091-025,/root/autodl-tmp/tokenizer-eval/data/nsynth/nsynth-valid/audio/flute_synthetic_000-091-025.wav,82,flute_synthetic_000,2,flute,2,synthetic,91,25,16000,distortion
-34.807552,39.382793,flute_synthetic_000-043-075,flute_synthetic_000-043-075,/root/autodl-tmp/tokenizer-eval/data/nsynth/nsynth-valid/audio/flute_synthetic_000-043-075.wav,82,flute_synthetic_000,2,flute,2,synthetic,43,75,16000,distortion
6.9341264,1.5361378,guitar_acoustic_015-068-025,guitar_acoustic_015-068-025,/root/autodl-tmp/tokenizer-eval/data/nsynth/nsynth-valid/audio/guitar_acoustic_015-068-025.wav,316,guitar_acoustic_015,3,guitar,0,acoustic,68,25,16000,reverb
-67.02345,26.767664,vocal_synthetic_003-038-050,vocal_synthetic_003-038-050,/root/autodl-tmp/tokenizer-eval/data/nsynth/nsynth-valid/audio/vocal_synthetic_003-038-050.wav,37,vocal_synthetic_003,10,vocal,2,synthetic,38,50,16000,distortion|long_release|nonlinear_env
24.329702,43.70422,mallet_acoustic_062-049-075,mallet_acoustic_062-049-075,/root/autodl-tmp/tokenizer-eval/data/nsynth/nsynth-valid/audio/mallet_acoustic_062-049-075.wav,644,mallet_acoustic_062,5,mallet,0,acoustic,49,75,16000,dark|multiphonic
-0.35051066,-72.07593,vocal_synthetic_003-091-075,vocal_synthetic_003-091-075,/root/autodl-tmp/tokenizer-eval/data/nsynth/nsynth-valid/audio/vocal_synthetic_003-091-075.wav,37,vocal_synthetic_003,10,vocal,2,synthetic,91,75,16000,long_release|nonlinear_env
11.311699,-67.923386,bass_synthetic_135-090-050,bass_synthetic_135-090-050,/root/autodl-tmp/tokenizer-eval/data/nsynth/nsynth-valid/audio/bass_synthetic_135-090-050.wav,927,bass_synthetic_135,0,bass,2,synthetic,90,50,16000,distortion
-33.23906,49.383316,flute_synthetic_000-038-050,flute_synthetic_000-038-050,/root/autodl-tmp/tokenizer-eval/data/nsynth/nsynth-valid/audio/flute_synthetic_000-038-050.wav,82,flute_synthetic_000,2,flute,2,synthetic,38,50,16000,distortion
25.7752,-6.308641,keyboard_acoustic_004-076-100,keyboard_acoustic_004-076-100,/root/autodl-tmp/tokenizer-eval/data/nsynth/nsynth-valid/audio/keyboard_acoustic_004-076-100.wav,327,keyboard_acoustic_004,4,keyboard,0,acoustic,76,100,16000,reverb
-6.973221,-60.00905,organ_electronic_113-081-075,organ_electronic_113-081-075,/root/autodl-tmp/tokenizer-eval/data/nsynth/nsynth-valid/audio/organ_electronic_113-081-075.wav,958,organ_electronic_113,6,organ,1,electronic,81,75,16000,
-64.838066,33.927746,vocal_synthetic_003-032-025,vocal_synthetic_003-032-025,/root/autodl-tmp/tokenizer-eval/data/nsynth/nsynth-valid/audio/vocal_synthetic_003-032-025.wav,37,vocal_synthetic_003,10,vocal,2,synthetic,32,25,16000,distortion|long_release|nonlinear_env
-53.784557,-13.624575,bass_synthetic_009-052-025,bass_synthetic_009-052-025,/root/autodl-tmp/tokenizer-eval/data/nsynth/nsynth-valid/audio/bass_synthetic_009-052-025.wav,150,bass_synthetic_009,0,bass,2,synthetic,52,25,16000,bright|distortion|long_release
-12.119648,86.92837,bass_synthetic_098-095-075,bass_synthetic_098-095-075,/root/autodl-tmp/tokenizer-eval/data/nsynth/nsynth-valid/audio/bass_synthetic_098-095-075.wav,803,bass_synthetic_098,0,bass,2,synthetic,95,75,16000,
1.2854955,-65.9214,organ_electronic_007-091-075,organ_electronic_007-091-075,/root/autodl-tmp/tokenizer-eval/data/nsynth/nsynth-valid/audio/organ_electronic_007-091-075.wav,123,organ_electronic_007,6,organ,1,electronic,91,75,16000,long_release|nonlinear_env
7.496043,-65.12696,flute_acoustic_002-090-050,flute_acoustic_002-090-050,/root/autodl-tmp/tokenizer-eval/data/nsynth/nsynth-valid/audio/flute_acoustic_002-090-050.wav,86,flute_acoustic_002,2,flute,0,acoustic,90,50,16000,long_release|reverb
20.740475,57.198883,keyboard_electronic_098-043-050,keyboard_electronic_098-043-050,/root/autodl-tmp/tokenizer-eval/data/nsynth/nsynth-valid/audio/keyboard_electronic_098-043-050.wav,905,keyboard_electronic_098,4,keyboard,1,electronic,43,50,16000,dark|distortion
-54.718914,12.321618,string_acoustic_071-047-075,string_acoustic_071-047-075,/root/autodl-tmp/tokenizer-eval/data/nsynth/nsynth-valid/audio/string_acoustic_071-047-075.wav,609,string_acoustic_071,8,string,0,acoustic,47,75,16000,long_release|reverb
-15.231469,-24.156858,brass_acoustic_046-070-100,brass_acoustic_046-070-100,/root/autodl-tmp/tokenizer-eval/data/nsynth/nsynth-valid/audio/brass_acoustic_046-070-100.wav,414,brass_acoustic_046,1,brass,0,acoustic,70,100,16000,bright
-31.328766,-28.3827,reed_acoustic_037-068-075,reed_acoustic_037-068-075,/root/autodl-tmp/tokenizer-eval/data/nsynth/nsynth-valid/audio/reed_acoustic_037-068-075.wav,387,reed_acoustic_037,7,reed,0,acoustic,68,75,16000,reverb
-7.906134,-81.654686,vocal_synthetic_003-083-050,vocal_synthetic_003-083-050,/root/autodl-tmp/tokenizer-eval/data/nsynth/nsynth-valid/audio/vocal_synthetic_003-083-050.wav,37,vocal_synthetic_003,10,vocal,2,synthetic,83,50,16000,bright|distortion|long_release|nonlinear_env
52.949036,19.108572,mallet_acoustic_056-071-050,mallet_acoustic_056-071-050,/root/autodl-tmp/tokenizer-eval/data/nsynth/nsynth-valid/audio/mallet_acoustic_056-071-050.wav,590,mallet_acoustic_056,5,mallet,0,acoustic,71,50,16000,fast_decay
-22.592455,-17.998089,reed_acoustic_018-069-100,reed_acoustic_018-069-100,/root/autodl-tmp/tokenizer-eval/data/nsynth/nsynth-valid/audio/reed_acoustic_018-069-100.wav,183,reed_acoustic_018,7,reed,0,acoustic,69,100,16000,
45.95428,12.630648,string_acoustic_056-068-075,string_acoustic_056-068-075,/root/autodl-tmp/tokenizer-eval/data/nsynth/nsynth-valid/audio/string_acoustic_056-068-075.wav,436,string_acoustic_056,8,string,0,acoustic,68,75,16000,fast_decay|percussive|reverb
-14.904018,-65.094635,string_acoustic_057-082-025,string_acoustic_057-082-025,/root/autodl-tmp/tokenizer-eval/data/nsynth/nsynth-valid/audio/string_acoustic_057-082-025.wav,450,string_acoustic_057,8,string,0,acoustic,82,25,16000,bright|nonlinear_env|reverb
-70.915825,27.666931,vocal_synthetic_003-034-100,vocal_synthetic_003-034-100,/root/autodl-tmp/tokenizer-eval/data/nsynth/nsynth-valid/audio/vocal_synthetic_003-034-100.wav,37,vocal_synthetic_003,10,vocal,2,synthetic,34,100,16000,bright|distortion|long_release|nonlinear_env
-0.19059466,-24.936073,organ_electronic_113-072-025,organ_electronic_113-072-025,/root/autodl-tmp/tokenizer-eval/data/nsynth/nsynth-valid/audio/organ_electronic_113-072-025.wav,958,organ_electronic_113,6,organ,1,electronic,72,25,16000,
2.579495,-51.237633,organ_electronic_028-096-127,organ_electronic_028-096-127,/root/autodl-tmp/tokenizer-eval/data/nsynth/nsynth-valid/audio/organ_electronic_028-096-127.wav,440,organ_electronic_028,6,organ,1,electronic,96,127,16000,bright
-14.881135,38.934315,keyboard_electronic_098-048-100,keyboard_electronic_098-048-100,/root/autodl-tmp/tokenizer-eval/data/nsynth/nsynth-valid/audio/keyboard_electronic_098-048-100.wav,905,keyboard_electronic_098,4,keyboard,1,electronic,48,100,16000,dark
-59.722935,2.0275245,brass_acoustic_059-048-075,brass_acoustic_059-048-075,/root/autodl-tmp/tokenizer-eval/data/nsynth/nsynth-valid/audio/brass_acoustic_059-048-075.wav,572,brass_acoustic_059,1,brass,0,acoustic,48,75,16000,bright|reverb
92.68023,7.6282554,reed_acoustic_023-033-050,reed_acoustic_023-033-050,/root/autodl-tmp/tokenizer-eval/data/nsynth/nsynth-valid/audio/reed_acoustic_023-033-050.wav,224,reed_acoustic_023,7,reed,0,acoustic,33,50,16000,bright|fast_decay|multiphonic|nonlinear_env
34.828346,29.025219,string_acoustic_014-061-050,string_acoustic_014-061-050,/root/autodl-tmp/tokenizer-eval/data/nsynth/nsynth-valid/audio/string_acoustic_014-061-050.wav,100,string_acoustic_014,8,string,0,acoustic,61,50,16000,dark|percussive|reverb
-27.106333,5.504172,flute_synthetic_000-065-025,flute_synthetic_000-065-025,/root/autodl-tmp/tokenizer-eval/data/nsynth/nsynth-valid/audio/flute_synthetic_000-065-025.wav,82,flute_synthetic_000,2,flute,2,synthetic,65,25,16000,distortion
29.633602,42.411903,bass_synthetic_134-044-100,bass_synthetic_134-044-100,/root/autodl-tmp/tokenizer-eval/data/nsynth/nsynth-valid/audio/bass_synthetic_134-044-100.wav,914,bass_synthetic_134,0,bass,2,synthetic,44,100,16000,dark|reverb
-40.767338,-37.096577,organ_electronic_007-065-050,organ_electronic_007-065-050,/root/autodl-tmp/tokenizer-eval/data/nsynth/nsynth-valid/audio/organ_electronic_007-065-050.wav,123,organ_electronic_007,6,organ,1,electronic,65,50,16000,distortion|long_release|nonlinear_env
-6.6064835,-86.21915,vocal_synthetic_003-085-025,vocal_synthetic_003-085-025,/root/autodl-tmp/tokenizer-eval/data/nsynth/nsynth-valid/audio/vocal_synthetic_003-085-025.wav,37,vocal_synthetic_003,10,vocal,2,synthetic,85,25,16000,bright|distortion|long_release|nonlinear_env
-53.850746,18.103037,string_acoustic_012-033-025,string_acoustic_012-033-025,/root/autodl-tmp/tokenizer-eval/data/nsynth/nsynth-valid/audio/string_acoustic_012-033-025.wav,97,string_acoustic_012,8,string,0,acoustic,33,25,16000,reverb
66.314476,-2.8125217,guitar_acoustic_015-085-075,guitar_acoustic_015-085-075,/root/autodl-tmp/tokenizer-eval/data/nsynth/nsynth-valid/audio/guitar_acoustic_015-085-075.wav,316,guitar_acoustic_015,3,guitar,0,acoustic,85,75,16000,fast_decay|percussive|reverb
-0.64104277,43.108994,guitar_electronic_022-042-050,guitar_electronic_022-042-050,/root/autodl-tmp/tokenizer-eval/data/nsynth/nsynth-valid/audio/guitar_electronic_022-042-050.wav,378,guitar_electronic_022,3,guitar,1,electronic,42,50,16000,dark
-18.855621,55.52784,flute_synthetic_000-031-100,flute_synthetic_000-031-100,/root/autodl-tmp/tokenizer-eval/data/nsynth/nsynth-valid/audio/flute_synthetic_000-031-100.wav,82,flute_synthetic_000,2,flute,2,synthetic,31,100,16000,distortion
-6.220864,26.923632,guitar_acoustic_010-056-127,guitar_acoustic_010-056-127,/root/autodl-tmp/tokenizer-eval/data/nsynth/nsynth-valid/audio/guitar_acoustic_010-056-127.wav,219,guitar_acoustic_010,3,guitar,0,acoustic,56,127,16000,
-16.710566,-67.97798,keyboard_electronic_069-081-100,keyboard_electronic_069-081-100,/root/autodl-tmp/tokenizer-eval/data/nsynth/nsynth-valid/audio/keyboard_electronic_069-081-100.wav,805,keyboard_electronic_069,4,keyboard,1,electronic,81,100,16000,distortion
-34.526512,-13.405361,string_acoustic_057-061-025,string_acoustic_057-061-025,/root/autodl-tmp/tokenizer-eval/data/nsynth/nsynth-valid/audio/string_acoustic_057-061-025.wav,450,string_acoustic_057,8,string,0,acoustic,61,25,16000,bright|nonlinear_env|reverb
65.40068,20.755867,mallet_acoustic_056-060-025,mallet_acoustic_056-060-025,/root/autodl-tmp/tokenizer-eval/data/nsynth/nsynth-valid/audio/mallet_acoustic_056-060-025.wav,590,mallet_acoustic_056,5,mallet,0,acoustic,60,25,16000,fast_decay|percussive
-1.7112845,44.71739,guitar_electronic_022-046-050,guitar_electronic_022-046-050,/root/autodl-tmp/tokenizer-eval/data/nsynth/nsynth-valid/audio/guitar_electronic_022-046-050.wav,378,guitar_electronic_022,3,guitar,1,electronic,46,50,16000,dark
70.15593,22.4508,mallet_acoustic_056-047-075,mallet_acoustic_056-047-075,/root/autodl-tmp/tokenizer-eval/data/nsynth/nsynth-valid/audio/mallet_acoustic_056-047-075.wav,590,mallet_acoustic_056,5,mallet,0,acoustic,47,75,16000,fast_decay|percussive
35.054455,-11.86481,bass_synthetic_068-079-050,bass_synthetic_068-079-050,/root/autodl-tmp/tokenizer-eval/data/nsynth/nsynth-valid/audio/bass_synthetic_068-079-050.wav,656,bass_synthetic_068,0,bass,2,synthetic,79,50,16000,fast_decay
32.209282,49.391113,mallet_acoustic_062-040-075,mallet_acoustic_062-040-075,/root/autodl-tmp/tokenizer-eval/data/nsynth/nsynth-valid/audio/mallet_acoustic_062-040-075.wav,644,mallet_acoustic_062,5,mallet,0,acoustic,40,75,16000,dark|multiphonic
-28.57091,-6.4920034,vocal_acoustic_000-062-075,vocal_acoustic_000-062-075,/root/autodl-tmp/tokenizer-eval/data/nsynth/nsynth-valid/audio/vocal_acoustic_000-062-075.wav,46,vocal_acoustic_000,10,vocal,0,acoustic,62,75,16000,reverb
1.1296905,-48.479443,flute_synthetic_000-096-075,flute_synthetic_000-096-075,/root/autodl-tmp/tokenizer-eval/data/nsynth/nsynth-valid/audio/flute_synthetic_000-096-075.wav,82,flute_synthetic_000,2,flute,2,synthetic,96,75,16000,distortion
19.833748,-39.12307,vocal_synthetic_003-075-025,vocal_synthetic_003-075-025,/root/autodl-tmp/tokenizer-eval/data/nsynth/nsynth-valid/audio/vocal_synthetic_003-075-025.wav,37,vocal_synthetic_003,10,vocal,2,synthetic,75,25,16000,bright|distortion|long_release|nonlinear_env
12.231792,-1.7227424,mallet_acoustic_062-069-075,mallet_acoustic_062-069-075,/root/autodl-tmp/tokenizer-eval/data/nsynth/nsynth-valid/audio/mallet_acoustic_062-069-075.wav,644,mallet_acoustic_062,5,mallet,0,acoustic,69,75,16000,dark|multiphonic
-5.828293,28.180887,guitar_electronic_028-055-127,guitar_electronic_028-055-127,/root/autodl-tmp/tokenizer-eval/data/nsynth/nsynth-valid/audio/guitar_electronic_028-055-127.wav,510,guitar_electronic_028,3,guitar,1,electronic,55,127,16000,
32.228672,-41.750736,flute_acoustic_002-087-050,flute_acoustic_002-087-050,/root/autodl-tmp/tokenizer-eval/data/nsynth/nsynth-valid/audio/flute_acoustic_002-087-050.wav,86,flute_acoustic_002,2,flute,0,acoustic,87,50,16000,reverb
34.57776,-37.062305,guitar_electronic_028-086-050,guitar_electronic_028-086-050,/root/autodl-tmp/tokenizer-eval/data/nsynth/nsynth-valid/audio/guitar_electronic_028-086-050.wav,510,guitar_electronic_028,3,guitar,1,electronic,86,50,16000,
-7.909767,-81.630585,vocal_synthetic_003-083-075,vocal_synthetic_003-083-075,/root/autodl-tmp/tokenizer-eval/data/nsynth/nsynth-valid/audio/vocal_synthetic_003-083-075.wav,37,vocal_synthetic_003,10,vocal,2,synthetic,83,75,16000,bright|distortion|long_release|nonlinear_env
-25.28334,-67.80079,vocal_synthetic_003-082-127,vocal_synthetic_003-082-127,/root/autodl-tmp/tokenizer-eval/data/nsynth/nsynth-valid/audio/vocal_synthetic_003-082-127.wav,37,vocal_synthetic_003,10,vocal,2,synthetic,82,127,16000,bright|distortion|long_release|nonlinear_env
-28.390703,-63.19614,vocal_synthetic_003-080-127,vocal_synthetic_003-080-127,/root/autodl-tmp/tokenizer-eval/data/nsynth/nsynth-valid/audio/vocal_synthetic_003-080-127.wav,37,vocal_synthetic_003,10,vocal,2,synthetic,80,127,16000,bright|distortion|long_release|nonlinear_env
-37.59455,-42.02525,string_acoustic_057-076-025,string_acoustic_057-076-025,/root/autodl-tmp/tokenizer-eval/data/nsynth/nsynth-valid/audio/string_acoustic_057-076-025.wav,450,string_acoustic_057,8,string,0,acoustic,76,25,16000,bright|nonlinear_env|reverb
110.99281,-3.1677136,mallet_acoustic_062-084-025,mallet_acoustic_062-084-025,/root/autodl-tmp/tokenizer-eval/data/nsynth/nsynth-valid/audio/mallet_acoustic_062-084-025.wav,644,mallet_acoustic_062,5,mallet,0,acoustic,84,25,16000,fast_decay|multiphonic|percussive
-34.0988,44.706726,flute_synthetic_000-042-127,flute_synthetic_000-042-127,/root/autodl-tmp/tokenizer-eval/data/nsynth/nsynth-valid/audio/flute_synthetic_000-042-127.wav,82,flute_synthetic_000,2,flute,2,synthetic,42,127,16000,distortion
22.873203,30.824413,bass_electronic_025-046-025,bass_electronic_025-046-025,/root/autodl-tmp/tokenizer-eval/data/nsynth/nsynth-valid/audio/bass_electronic_025-046-025.wav,872,bass_electronic_025,0,bass,1,electronic,46,25,16000,
-35.006912,15.676105,flute_synthetic_000-057-075,flute_synthetic_000-057-075,/root/autodl-tmp/tokenizer-eval/data/nsynth/nsynth-valid/audio/flute_synthetic_000-057-075.wav,82,flute_synthetic_000,2,flute,2,synthetic,57,75,16000,distortion
52.18867,21.334522,mallet_acoustic_056-067-100,mallet_acoustic_056-067-100,/root/autodl-tmp/tokenizer-eval/data/nsynth/nsynth-valid/audio/mallet_acoustic_056-067-100.wav,590,mallet_acoustic_056,5,mallet,0,acoustic,67,100,16000,fast_decay
-3.636077,-23.517067,organ_electronic_028-071-100,organ_electronic_028-071-100,/root/autodl-tmp/tokenizer-eval/data/nsynth/nsynth-valid/audio/organ_electronic_028-071-100.wav,440,organ_electronic_028,6,organ,1,electronic,71,100,16000,dark
11.739508,-49.513687,brass_acoustic_016-084-127,brass_acoustic_016-084-127,/root/autodl-tmp/tokenizer-eval/data/nsynth/nsynth-valid/audio/brass_acoustic_016-084-127.wav,128,brass_acoustic_016,1,brass,0,acoustic,84,127,16000,bright
-31.369097,50.36798,flute_synthetic_000-037-050,flute_synthetic_000-037-050,/root/autodl-tmp/tokenizer-eval/data/nsynth/nsynth-valid/audio/flute_synthetic_000-037-050.wav,82,flute_synthetic_000,2,flute,2,synthetic,37,50,16000,distortion
91.25341,-8.086335,reed_acoustic_023-074-050,reed_acoustic_023-074-050,/root/autodl-tmp/tokenizer-eval/data/nsynth/nsynth-valid/audio/reed_acoustic_023-074-050.wav,224,reed_acoustic_023,7,reed,0,acoustic,74,50,16000,bright|fast_decay|multiphonic|nonlinear_env
3.3534613,4.96491,guitar_acoustic_015-055-100,guitar_acoustic_015-055-100,/root/autodl-tmp/tokenizer-eval/data/nsynth/nsynth-valid/audio/guitar_acoustic_015-055-100.wav,316,guitar_acoustic_015,3,guitar,0,acoustic,55,100,16000,reverb
-53.163074,17.341967,string_acoustic_071-033-100,string_acoustic_071-033-100,/root/autodl-tmp/tokenizer-eval/data/nsynth/nsynth-valid/audio/string_acoustic_071-033-100.wav,609,string_acoustic_071,8,string,0,acoustic,33,100,16000,reverb
32.360535,21.735733,keyboard_acoustic_004-092-100,keyboard_acoustic_004-092-100,/root/autodl-tmp/tokenizer-eval/data/nsynth/nsynth-valid/audio/keyboard_acoustic_004-092-100.wav,327,keyboard_acoustic_004,4,keyboard,0,acoustic,92,100,16000,reverb
48.829727,-0.2841188,mallet_acoustic_047-094-127,mallet_acoustic_047-094-127,/root/autodl-tmp/tokenizer-eval/data/nsynth/nsynth-valid/audio/mallet_acoustic_047-094-127.wav,488,mallet_acoustic_047,5,mallet,0,acoustic,94,127,16000,fast_decay|percussive|reverb
33.5092,38.58817,mallet_acoustic_062-046-050,mallet_acoustic_062-046-050,/root/autodl-tmp/tokenizer-eval/data/nsynth/nsynth-valid/audio/mallet_acoustic_062-046-050.wav,644,mallet_acoustic_062,5,mallet,0,acoustic,46,50,16000,dark|multiphonic
8.8693,-66.35423,organ_electronic_028-090-050,organ_electronic_028-090-050,/root/autodl-tmp/tokenizer-eval/data/nsynth/nsynth-valid/audio/organ_electronic_028-090-050.wav,440,organ_electronic_028,6,organ,1,electronic,90,50,16000,
-43.489635,41.677032,string_acoustic_080-032-050,string_acoustic_080-032-050,/root/autodl-tmp/tokenizer-eval/data/nsynth/nsynth-valid/audio/string_acoustic_080-032-050.wav,675,string_acoustic_080,8,string,0,acoustic,32,50,16000,reverb
90.092804,-14.459889,reed_acoustic_023-079-025,reed_acoustic_023-079-025,/root/autodl-tmp/tokenizer-eval/data/nsynth/nsynth-valid/audio/reed_acoustic_023-079-025.wav,224,reed_acoustic_023,7,reed,0,acoustic,79,25,16000,bright|fast_decay|multiphonic|nonlinear_env
-22.553707,14.114012,organ_electronic_057-052-050,organ_electronic_057-052-050,/root/autodl-tmp/tokenizer-eval/data/nsynth/nsynth-valid/audio/organ_electronic_057-052-050.wav,701,organ_electronic_057,6,organ,1,electronic,52,50,16000,dark
-30.032934,-9.122021,vocal_acoustic_000-053-075,vocal_acoustic_000-053-075,/root/autodl-tmp/tokenizer-eval/data/nsynth/nsynth-valid/audio/vocal_acoustic_000-053-075.wav,46,vocal_acoustic_000,10,vocal,0,acoustic,53,75,16000,reverb
42.403076,33.190395,mallet_acoustic_062-038-025,mallet_acoustic_062-038-025,/root/autodl-tmp/tokenizer-eval/data/nsynth/nsynth-valid/audio/mallet_acoustic_062-038-025.wav,644,mallet_acoustic_062,5,mallet,0,acoustic,38,25,16000,dark|fast_decay|multiphonic
-62.095295,-7.400221,reed_acoustic_037-034-127,reed_acoustic_037-034-127,/root/autodl-tmp/tokenizer-eval/data/nsynth/nsynth-valid/audio/reed_acoustic_037-034-127.wav,387,reed_acoustic_037,7,reed,0,acoustic,34,127,16000,long_release|reverb
6.934258,16.392511,bass_synthetic_068-064-050,bass_synthetic_068-064-050,/root/autodl-tmp/tokenizer-eval/data/nsynth/nsynth-valid/audio/bass_synthetic_068-064-050.wav,656,bass_synthetic_068,0,bass,2,synthetic,64,50,16000,
-4.9170456,-33.196068,vocal_synthetic_003-071-127,vocal_synthetic_003-071-127,/root/autodl-tmp/tokenizer-eval/data/nsynth/nsynth-valid/audio/vocal_synthetic_003-071-127.wav,37,vocal_synthetic_003,10,vocal,2,synthetic,71,127,16000,bright|distortion|long_release|nonlinear_env
-40.777187,-38.317535,organ_electronic_007-064-127,organ_electronic_007-064-127,/root/autodl-tmp/tokenizer-eval/data/nsynth/nsynth-valid/audio/organ_electronic_007-064-127.wav,123,organ_electronic_007,6,organ,1,electronic,64,127,16000,distortion|long_release|nonlinear_env
-66.52033,-3.2635567,brass_acoustic_059-037-050,brass_acoustic_059-037-050,/root/autodl-tmp/tokenizer-eval/data/nsynth/nsynth-valid/audio/brass_acoustic_059-037-050.wav,572,brass_acoustic_059,1,brass,0,acoustic,37,50,16000,reverb
66.21323,21.46861,mallet_acoustic_056-057-050,mallet_acoustic_056-057-050,/root/autodl-tmp/tokenizer-eval/data/nsynth/nsynth-valid/audio/mallet_acoustic_056-057-050.wav,590,mallet_acoustic_056,5,mallet,0,acoustic,57,50,16000,fast_decay|percussive
-30.492462,-6.4148374,vocal_acoustic_000-050-100,vocal_acoustic_000-050-100,/root/autodl-tmp/tokenizer-eval/data/nsynth/nsynth-valid/audio/vocal_acoustic_000-050-100.wav,46,vocal_acoustic_000,10,vocal,0,acoustic,50,100,16000,reverb
-6.9748898,-60.022293,organ_electronic_113-081-050,organ_electronic_113-081-050,/root/autodl-tmp/tokenizer-eval/data/nsynth/nsynth-valid/audio/organ_electronic_113-081-050.wav,958,organ_electronic_113,6,organ,1,electronic,81,50,16000,
8.73758,62.73866,organ_electronic_113-031-050,organ_electronic_113-031-050,/root/autodl-tmp/tokenizer-eval/data/nsynth/nsynth-valid/audio/organ_electronic_113-031-050.wav,958,organ_electronic_113,6,organ,1,electronic,31,50,16000,dark
-27.655466,39.449005,keyboard_electronic_001-045-127,keyboard_electronic_001-045-127,/root/autodl-tmp/tokenizer-eval/data/nsynth/nsynth-valid/audio/keyboard_electronic_001-045-127.wav,40,keyboard_electronic_001,4,keyboard,1,electronic,45,127,16000,
29.1968,-10.43502,guitar_acoustic_015-075-050,guitar_acoustic_015-075-050,/root/autodl-tmp/tokenizer-eval/data/nsynth/nsynth-valid/audio/guitar_acoustic_015-075-050.wav,316,guitar_acoustic_015,3,guitar,0,acoustic,75,50,16000,fast_decay|reverb
35.279102,42.024773,mallet_acoustic_062-040-050,mallet_acoustic_062-040-050,/root/autodl-tmp/tokenizer-eval/data/nsynth/nsynth-valid/audio/mallet_acoustic_062-040-050.wav,644,mallet_acoustic_062,5,mallet,0,acoustic,40,50,16000,dark|multiphonic
22.823618,6.3322935,keyboard_electronic_001-082-127,keyboard_electronic_001-082-127,/root/autodl-tmp/tokenizer-eval/data/nsynth/nsynth-valid/audio/keyboard_electronic_001-082-127.wav,40,keyboard_electronic_001,4,keyboard,1,electronic,82,127,16000,
-1.6479393,62.89064,organ_electronic_113-045-075,organ_electronic_113-045-075,/root/autodl-tmp/tokenizer-eval/data/nsynth/nsynth-valid/audio/organ_electronic_113-045-075.wav,958,organ_electronic_113,6,organ,1,electronic,45,75,16000,dark
-29.549814,-61.43474,vocal_synthetic_003-079-127,vocal_synthetic_003-079-127,/root/autodl-tmp/tokenizer-eval/data/nsynth/nsynth-valid/audio/vocal_synthetic_003-079-127.wav,37,vocal_synthetic_003,10,vocal,2,synthetic,79,127,16000,bright|distortion|long_release|nonlinear_env
27.454885,-34.51566,organ_electronic_113-074-075,organ_electronic_113-074-075,/root/autodl-tmp/tokenizer-eval/data/nsynth/nsynth-valid/audio/organ_electronic_113-074-075.wav,958,organ_electronic_113,6,organ,1,electronic,74,75,16000,
-42.544205,-14.653226,organ_electronic_007-053-100,organ_electronic_007-053-100,/root/autodl-tmp/tokenizer-eval/data/nsynth/nsynth-valid/audio/organ_electronic_007-053-100.wav,123,organ_electronic_007,6,organ,1,electronic,53,100,16000,distortion|long_release|nonlinear_env
-70.22928,11.261322,bass_synthetic_009-032-025,bass_synthetic_009-032-025,/root/autodl-tmp/tokenizer-eval/data/nsynth/nsynth-valid/audio/bass_synthetic_009-032-025.wav,150,bass_synthetic_009,0,bass,2,synthetic,32,25,16000,bright|distortion|long_release
-12.483954,2.7006168,organ_electronic_113-062-025,organ_electronic_113-062-025,/root/autodl-tmp/tokenizer-eval/data/nsynth/nsynth-valid/audio/organ_electronic_113-062-025.wav,958,organ_electronic_113,6,organ,1,electronic,62,25,16000,dark
39.261883,29.978195,string_acoustic_014-055-100,string_acoustic_014-055-100,/root/autodl-tmp/tokenizer-eval/data/nsynth/nsynth-valid/audio/string_acoustic_014-055-100.wav,100,string_acoustic_014,8,string,0,acoustic,55,100,16000,dark|fast_decay|reverb
-0.7079896,13.164127,keyboard_electronic_069-064-100,keyboard_electronic_069-064-100,/root/autodl-tmp/tokenizer-eval/data/nsynth/nsynth-valid/audio/keyboard_electronic_069-064-100.wav,805,keyboard_electronic_069,4,keyboard,1,electronic,64,100,16000,distortion
-14.866598,48.19787,guitar_acoustic_021-038-075,guitar_acoustic_021-038-075,/root/autodl-tmp/tokenizer-eval/data/nsynth/nsynth-valid/audio/guitar_acoustic_021-038-075.wav,457,guitar_acoustic_021,3,guitar,0,acoustic,38,75,16000,
-46.55533,-8.561157,reed_acoustic_011-058-075,reed_acoustic_011-058-075,/root/autodl-tmp/tokenizer-eval/data/nsynth/nsynth-valid/audio/reed_acoustic_011-058-075.wav,104,reed_acoustic_011,7,reed,0,acoustic,58,75,16000,
-33.885643,39.45727,flute_synthetic_000-042-050,flute_synthetic_000-042-050,/root/autodl-tmp/tokenizer-eval/data/nsynth/nsynth-valid/audio/flute_synthetic_000-042-050.wav,82,flute_synthetic_000,2,flute,2,synthetic,42,50,16000,distortion
21.310352,39.40478,bass_synthetic_068-050-050,bass_synthetic_068-050-050,/root/autodl-tmp/tokenizer-eval/data/nsynth/nsynth-valid/audio/bass_synthetic_068-050-050.wav,656,bass_synthetic_068,0,bass,2,synthetic,50,50,16000,dark
24.112354,6.759557,keyboard_electronic_001-068-050,keyboard_electronic_001-068-050,/root/autodl-tmp/tokenizer-eval/data/nsynth/nsynth-valid/audio/keyboard_electronic_001-068-050.wav,40,keyboard_electronic_001,4,keyboard,1,electronic,68,50,16000,dark
-36.30613,19.354443,flute_synthetic_000-055-100,flute_synthetic_000-055-100,/root/autodl-tmp/tokenizer-eval/data/nsynth/nsynth-valid/audio/flute_synthetic_000-055-100.wav,82,flute_synthetic_000,2,flute,2,synthetic,55,100,16000,distortion
-12.04243,-22.220854,flute_synthetic_000-082-075,flute_synthetic_000-082-075,/root/autodl-tmp/tokenizer-eval/data/nsynth/nsynth-valid/audio/flute_synthetic_000-082-075.wav,82,flute_synthetic_000,2,flute,2,synthetic,82,75,16000,distortion
-15.771818,-24.28933,reed_acoustic_011-070-050,reed_acoustic_011-070-050,/root/autodl-tmp/tokenizer-eval/data/nsynth/nsynth-valid/audio/reed_acoustic_011-070-050.wav,104,reed_acoustic_011,7,reed,0,acoustic,70,50,16000,
-65.17541,-9.130889,reed_acoustic_037-042-100,reed_acoustic_037-042-100,/root/autodl-tmp/tokenizer-eval/data/nsynth/nsynth-valid/audio/reed_acoustic_037-042-100.wav,387,reed_acoustic_037,7,reed,0,acoustic,42,100,16000,reverb
-55.05879,-16.021658,vocal_synthetic_003-051-050,vocal_synthetic_003-051-050,/root/autodl-tmp/tokenizer-eval/data/nsynth/nsynth-valid/audio/vocal_synthetic_003-051-050.wav,37,vocal_synthetic_003,10,vocal,2,synthetic,51,50,16000,distortion|long_release|nonlinear_env
-70.52906,26.937973,vocal_synthetic_003-035-100,vocal_synthetic_003-035-100,/root/autodl-tmp/tokenizer-eval/data/nsynth/nsynth-valid/audio/vocal_synthetic_003-035-100.wav,37,vocal_synthetic_003,10,vocal,2,synthetic,35,100,16000,bright|distortion|long_release|nonlinear_env
24.71141,-13.5769,guitar_acoustic_030-074-100,guitar_acoustic_030-074-100,/root/autodl-tmp/tokenizer-eval/data/nsynth/nsynth-valid/audio/guitar_acoustic_030-074-100.wav,642,guitar_acoustic_030,3,guitar,0,acoustic,74,100,16000,long_release|tempo-synced
-18.400015,44.60779,guitar_acoustic_021-043-050,guitar_acoustic_021-043-050,/root/autodl-tmp/tokenizer-eval/data/nsynth/nsynth-valid/audio/guitar_acoustic_021-043-050.wav,457,guitar_acoustic_021,3,guitar,0,acoustic,43,50,16000,
92.93373,7.733142,reed_acoustic_023-033-100,reed_acoustic_023-033-100,/root/autodl-tmp/tokenizer-eval/data/nsynth/nsynth-valid/audio/reed_acoustic_023-033-100.wav,224,reed_acoustic_023,7,reed,0,acoustic,33,100,16000,bright|fast_decay|multiphonic|nonlinear_env
7.8979383,62.537376,organ_electronic_057-032-100,organ_electronic_057-032-100,/root/autodl-tmp/tokenizer-eval/data/nsynth/nsynth-valid/audio/organ_electronic_057-032-100.wav,701,organ_electronic_057,6,organ,1,electronic,32,100,16000,dark
-60.579494,-29.64061,vocal_synthetic_003-046-127,vocal_synthetic_003-046-127,/root/autodl-tmp/tokenizer-eval/data/nsynth/nsynth-valid/audio/vocal_synthetic_003-046-127.wav,37,vocal_synthetic_003,10,vocal,2,synthetic,46,127,16000,bright|distortion|long_release|nonlinear_env
-32.14645,51.312176,flute_synthetic_000-036-025,flute_synthetic_000-036-025,/root/autodl-tmp/tokenizer-eval/data/nsynth/nsynth-valid/audio/flute_synthetic_000-036-025.wav,82,flute_synthetic_000,2,flute,2,synthetic,36,25,16000,distortion
-25.891907,-19.107845,brass_acoustic_006-057-025,brass_acoustic_006-057-025,/root/autodl-tmp/tokenizer-eval/data/nsynth/nsynth-valid/audio/brass_acoustic_006-057-025.wav,43,brass_acoustic_006,1,brass,0,acoustic,57,25,16000,reverb
-0.022986135,-26.791916,guitar_acoustic_010-072-100,guitar_acoustic_010-072-100,/root/autodl-tmp/tokenizer-eval/data/nsynth/nsynth-valid/audio/guitar_acoustic_010-072-100.wav,219,guitar_acoustic_010,3,guitar,0,acoustic,72,100,16000,
-6.24472,-33.24501,bass_synthetic_009-071-100,bass_synthetic_009-071-100,/root/autodl-tmp/tokenizer-eval/data/nsynth/nsynth-valid/audio/bass_synthetic_009-071-100.wav,150,bass_synthetic_009,0,bass,2,synthetic,71,100,16000,bright|distortion|long_release
-37.84253,-41.816257,string_acoustic_057-076-127,string_acoustic_057-076-127,/root/autodl-tmp/tokenizer-eval/data/nsynth/nsynth-valid/audio/string_acoustic_057-076-127.wav,450,string_acoustic_057,8,string,0,acoustic,76,127,16000,bright|nonlinear_env|reverb
14.499911,-6.865478,bass_synthetic_068-071-127,bass_synthetic_068-071-127,/root/autodl-tmp/tokenizer-eval/data/nsynth/nsynth-valid/audio/bass_synthetic_068-071-127.wav,656,bass_synthetic_068,0,bass,2,synthetic,71,127,16000,distortion
58.94569,14.5433445,bass_synthetic_134-084-050,bass_synthetic_134-084-050,/root/autodl-tmp/tokenizer-eval/data/nsynth/nsynth-valid/audio/bass_synthetic_134-084-050.wav,914,bass_synthetic_134,0,bass,2,synthetic,84,50,16000,fast_decay|percussive|reverb
93.16462,4.926655,reed_acoustic_023-047-025,reed_acoustic_023-047-025,/root/autodl-tmp/tokenizer-eval/data/nsynth/nsynth-valid/audio/reed_acoustic_023-047-025.wav,224,reed_acoustic_023,7,reed,0,acoustic,47,25,16000,bright|fast_decay|multiphonic|nonlinear_env
31.19506,22.779793,keyboard_acoustic_004-088-100,keyboard_acoustic_004-088-100,/root/autodl-tmp/tokenizer-eval/data/nsynth/nsynth-valid/audio/keyboard_acoustic_004-088-100.wav,327,keyboard_acoustic_004,4,keyboard,0,acoustic,88,100,16000,reverb
-0.3063872,47.143757,guitar_electronic_022-037-127,guitar_electronic_022-037-127,/root/autodl-tmp/tokenizer-eval/data/nsynth/nsynth-valid/audio/guitar_electronic_022-037-127.wav,378,guitar_electronic_022,3,guitar,1,electronic,37,127,16000,dark
-25.619644,3.8543136,flute_synthetic_000-066-100,flute_synthetic_000-066-100,/root/autodl-tmp/tokenizer-eval/data/nsynth/nsynth-valid/audio/flute_synthetic_000-066-100.wav,82,flute_synthetic_000,2,flute,2,synthetic,66,100,16000,distortion
-117.73931,-30.058762,brass_acoustic_046-088-127,brass_acoustic_046-088-127,/root/autodl-tmp/tokenizer-eval/data/nsynth/nsynth-valid/audio/brass_acoustic_046-088-127.wav,414,brass_acoustic_046,1,brass,0,acoustic,88,127,16000,long_release
43.89346,13.582869,bass_electronic_027-063-127,bass_electronic_027-063-127,/root/autodl-tmp/tokenizer-eval/data/nsynth/nsynth-valid/audio/bass_electronic_027-063-127.wav,880,bass_electronic_027,0,bass,1,electronic,63,127,16000,fast_decay
58.210564,1.9776618,mallet_acoustic_047-074-127,mallet_acoustic_047-074-127,/root/autodl-tmp/tokenizer-eval/data/nsynth/nsynth-valid/audio/mallet_acoustic_047-074-127.wav,488,mallet_acoustic_047,5,mallet,0,acoustic,74,127,16000,fast_decay|percussive|reverb
-2.678208,-50.90872,organ_electronic_057-083-075,organ_electronic_057-083-075,/root/autodl-tmp/tokenizer-eval/data/nsynth/nsynth-valid/audio/organ_electronic_057-083-075.wav,701,organ_electronic_057,6,organ,1,electronic,83,75,16000,
-56.73912,-0.9011424,organ_electronic_007-048-127,organ_electronic_007-048-127,/root/autodl-tmp/tokenizer-eval/data/nsynth/nsynth-valid/audio/organ_electronic_007-048-127.wav,123,organ_electronic_007,6,organ,1,electronic,48,127,16000,distortion|long_release|nonlinear_env
-55.180386,18.624594,string_acoustic_071-042-025,string_acoustic_071-042-025,/root/autodl-tmp/tokenizer-eval/data/nsynth/nsynth-valid/audio/string_acoustic_071-042-025.wav,609,string_acoustic_071,8,string,0,acoustic,42,25,16000,long_release|reverb
25.841932,-6.270501,keyboard_acoustic_004-076-127,keyboard_acoustic_004-076-127,/root/autodl-tmp/tokenizer-eval/data/nsynth/nsynth-valid/audio/keyboard_acoustic_004-076-127.wav,327,keyboard_acoustic_004,4,keyboard,0,acoustic,76,127,16000,reverb
-24.673903,-78.577545,bass_synthetic_009-095-075,bass_synthetic_009-095-075,/root/autodl-tmp/tokenizer-eval/data/nsynth/nsynth-valid/audio/bass_synthetic_009-095-075.wav,150,bass_synthetic_009,0,bass,2,synthetic,95,75,16000,long_release
1.9307127,11.756861,guitar_acoustic_014-066-025,guitar_acoustic_014-066-025,/root/autodl-tmp/tokenizer-eval/data/nsynth/nsynth-valid/audio/guitar_acoustic_014-066-025.wav,263,guitar_acoustic_014,3,guitar,0,acoustic,66,25,16000,
-2.0750442,-50.63072,organ_electronic_001-095-075,organ_electronic_001-095-075,/root/autodl-tmp/tokenizer-eval/data/nsynth/nsynth-valid/audio/organ_electronic_001-095-075.wav,8,organ_electronic_001,6,organ,1,electronic,95,75,16000,
91.62284,-14.961069,reed_acoustic_023-077-100,reed_acoustic_023-077-100,/root/autodl-tmp/tokenizer-eval/data/nsynth/nsynth-valid/audio/reed_acoustic_023-077-100.wav,224,reed_acoustic_023,7,reed,0,acoustic,77,100,16000,bright|fast_decay|multiphonic|nonlinear_env
-35.84268,26.520113,flute_synthetic_000-051-075,flute_synthetic_000-051-075,/root/autodl-tmp/tokenizer-eval/data/nsynth/nsynth-valid/audio/flute_synthetic_000-051-075.wav,82,flute_synthetic_000,2,flute,2,synthetic,51,75,16000,distortion
52.461964,18.075363,mallet_acoustic_056-073-050,mallet_acoustic_056-073-050,/root/autodl-tmp/tokenizer-eval/data/nsynth/nsynth-valid/audio/mallet_acoustic_056-073-050.wav,590,mallet_acoustic_056,5,mallet,0,acoustic,73,50,16000,fast_decay
-58.27976,9.590201,brass_acoustic_006-039-075,brass_acoustic_006-039-075,/root/autodl-tmp/tokenizer-eval/data/nsynth/nsynth-valid/audio/brass_acoustic_006-039-075.wav,43,brass_acoustic_006,1,brass,0,acoustic,39,75,16000,reverb
23.626701,-30.122845,brass_acoustic_046-075-050,brass_acoustic_046-075-050,/root/autodl-tmp/tokenizer-eval/data/nsynth/nsynth-valid/audio/brass_acoustic_046-075-050.wav,414,brass_acoustic_046,1,brass,0,acoustic,75,50,16000,
-30.018866,-14.805322,vocal_acoustic_000-066-075,vocal_acoustic_000-066-075,/root/autodl-tmp/tokenizer-eval/data/nsynth/nsynth-valid/audio/vocal_acoustic_000-066-075.wav,46,vocal_acoustic_000,10,vocal,0,acoustic,66,75,16000,reverb
-19.151812,-42.532726,string_acoustic_057-078-100,string_acoustic_057-078-100,/root/autodl-tmp/tokenizer-eval/data/nsynth/nsynth-valid/audio/string_acoustic_057-078-100.wav,450,string_acoustic_057,8,string,0,acoustic,78,100,16000,bright|nonlinear_env|reverb
-0.94838786,60.35494,organ_electronic_001-041-100,organ_electronic_001-041-100,/root/autodl-tmp/tokenizer-eval/data/nsynth/nsynth-valid/audio/organ_electronic_001-041-100.wav,8,organ_electronic_001,6,organ,1,electronic,41,100,16000,dark
-48.601578,39.34453,string_acoustic_012-045-127,string_acoustic_012-045-127,/root/autodl-tmp/tokenizer-eval/data/nsynth/nsynth-valid/audio/string_acoustic_012-045-127.wav,97,string_acoustic_012,8,string,0,acoustic,45,127,16000,reverb
-2.7266445,-71.78509,vocal_synthetic_003-092-025,vocal_synthetic_003-092-025,/root/autodl-tmp/tokenizer-eval/data/nsynth/nsynth-valid/audio/vocal_synthetic_003-092-025.wav,37,vocal_synthetic_003,10,vocal,2,synthetic,92,25,16000,bright|distortion|long_release|nonlinear_env
22.186735,-39.76319,vocal_synthetic_003-074-127,vocal_synthetic_003-074-127,/root/autodl-tmp/tokenizer-eval/data/nsynth/nsynth-valid/audio/vocal_synthetic_003-074-127.wav,37,vocal_synthetic_003,10,vocal,2,synthetic,74,127,16000,bright|distortion|long_release|nonlinear_env
-1.3318757,40.534542,keyboard_electronic_003-041-100,keyboard_electronic_003-041-100,/root/autodl-tmp/tokenizer-eval/data/nsynth/nsynth-valid/audio/keyboard_electronic_003-041-100.wav,65,keyboard_electronic_003,4,keyboard,1,electronic,41,100,16000,distortion
1.4368132,60.98923,organ_electronic_057-045-075,organ_electronic_057-045-075,/root/autodl-tmp/tokenizer-eval/data/nsynth/nsynth-valid/audio/organ_electronic_057-045-075.wav,701,organ_electronic_057,6,organ,1,electronic,45,75,16000,dark
-6.9597406,32.448914,guitar_electronic_028-053-025,guitar_electronic_028-053-025,/root/autodl-tmp/tokenizer-eval/data/nsynth/nsynth-valid/audio/guitar_electronic_028-053-025.wav,510,guitar_electronic_028,3,guitar,1,electronic,53,25,16000,dark
-20.649124,21.36526,organ_electronic_104-043-050,organ_electronic_104-043-050,/root/autodl-tmp/tokenizer-eval/data/nsynth/nsynth-valid/audio/organ_electronic_104-043-050.wav,921,organ_electronic_104,6,organ,1,electronic,43,50,16000,
-36.158707,27.921242,flute_synthetic_000-050-025,flute_synthetic_000-050-025,/root/autodl-tmp/tokenizer-eval/data/nsynth/nsynth-valid/audio/flute_synthetic_000-050-025.wav,82,flute_synthetic_000,2,flute,2,synthetic,50,25,16000,distortion
-27.8977,-7.1779485,vocal_acoustic_000-063-075,vocal_acoustic_000-063-075,/root/autodl-tmp/tokenizer-eval/data/nsynth/nsynth-valid/audio/vocal_acoustic_000-063-075.wav,46,vocal_acoustic_000,10,vocal,0,acoustic,63,75,16000,reverb
10.234108,45.524303,guitar_acoustic_010-037-050,guitar_acoustic_010-037-050,/root/autodl-tmp/tokenizer-eval/data/nsynth/nsynth-valid/audio/guitar_acoustic_010-037-050.wav,219,guitar_acoustic_010,3,guitar,0,acoustic,37,50,16000,
57.98597,-5.6672654,string_acoustic_056-075-050,string_acoustic_056-075-050,/root/autodl-tmp/tokenizer-eval/data/nsynth/nsynth-valid/audio/string_acoustic_056-075-050.wav,436,string_acoustic_056,8,string,0,acoustic,75,50,16000,fast_decay|percussive|reverb
101.095085,3.667086,reed_acoustic_023-051-100,reed_acoustic_023-051-100,/root/autodl-tmp/tokenizer-eval/data/nsynth/nsynth-valid/audio/reed_acoustic_023-051-100.wav,224,reed_acoustic_023,7,reed,0,acoustic,51,100,16000,bright|fast_decay|multiphonic|nonlinear_env
-51.368694,-26.160923,vocal_synthetic_003-058-075,vocal_synthetic_003-058-075,/root/autodl-tmp/tokenizer-eval/data/nsynth/nsynth-valid/audio/vocal_synthetic_003-058-075.wav,37,vocal_synthetic_003,10,vocal,2,synthetic,58,75,16000,bright|distortion|long_release|nonlinear_env
-17.492336,-21.144548,string_acoustic_057-070-127,string_acoustic_057-070-127,/root/autodl-tmp/tokenizer-eval/data/nsynth/nsynth-valid/audio/string_acoustic_057-070-127.wav,450,string_acoustic_057,8,string,0,acoustic,70,127,16000,bright|nonlinear_env|reverb
6.6164308,16.922691,bass_synthetic_068-063-075,bass_synthetic_068-063-075,/root/autodl-tmp/tokenizer-eval/data/nsynth/nsynth-valid/audio/bass_synthetic_068-063-075.wav,656,bass_synthetic_068,0,bass,2,synthetic,63,75,16000,
-29.239182,-43.719765,flute_acoustic_002-077-075,flute_acoustic_002-077-075,/root/autodl-tmp/tokenizer-eval/data/nsynth/nsynth-valid/audio/flute_acoustic_002-077-075.wav,86,flute_acoustic_002,2,flute,0,acoustic,77,75,16000,reverb
11.103109,-68.271774,bass_synthetic_135-091-100,bass_synthetic_135-091-100,/root/autodl-tmp/tokenizer-eval/data/nsynth/nsynth-valid/audio/bass_synthetic_135-091-100.wav,927,bass_synthetic_135,0,bass,2,synthetic,91,100,16000,distortion
10.611442,20.170261,bass_synthetic_135-062-127,bass_synthetic_135-062-127,/root/autodl-tmp/tokenizer-eval/data/nsynth/nsynth-valid/audio/bass_synthetic_135-062-127.wav,927,bass_synthetic_135,0,bass,2,synthetic,62,127,16000,distortion
1.4828292,7.626487,brass_acoustic_015-067-127,brass_acoustic_015-067-127,/root/autodl-tmp/tokenizer-eval/data/nsynth/nsynth-valid/audio/brass_acoustic_015-067-127.wav,121,brass_acoustic_015,1,brass,0,acoustic,67,127,16000,reverb
46.19458,26.501848,string_acoustic_056-040-127,string_acoustic_056-040-127,/root/autodl-tmp/tokenizer-eval/data/nsynth/nsynth-valid/audio/string_acoustic_056-040-127.wav,436,string_acoustic_056,8,string,0,acoustic,40,127,16000,fast_decay|percussive|reverb
64.4901,20.807114,mallet_acoustic_056-063-025,mallet_acoustic_056-063-025,/root/autodl-tmp/tokenizer-eval/data/nsynth/nsynth-valid/audio/mallet_acoustic_056-063-025.wav,590,mallet_acoustic_056,5,mallet,0,acoustic,63,25,16000,fast_decay|percussive
-44.853397,-0.5084193,reed_acoustic_011-046-075,reed_acoustic_011-046-075,/root/autodl-tmp/tokenizer-eval/data/nsynth/nsynth-valid/audio/reed_acoustic_011-046-075.wav,104,reed_acoustic_011,7,reed,0,acoustic,46,75,16000,
-2.0806742,-5.809814,bass_synthetic_034-074-025,bass_synthetic_034-074-025,/root/autodl-tmp/tokenizer-eval/data/nsynth/nsynth-valid/audio/bass_synthetic_034-074-025.wav,420,bass_synthetic_034,0,bass,2,synthetic,74,25,16000,distortion|tempo-synced
5.235524,-5.914114,keyboard_electronic_069-070-050,keyboard_electronic_069-070-050,/root/autodl-tmp/tokenizer-eval/data/nsynth/nsynth-valid/audio/keyboard_electronic_069-070-050.wav,805,keyboard_electronic_069,4,keyboard,1,electronic,70,50,16000,distortion
-62.834343,-28.93874,vocal_synthetic_003-043-127,vocal_synthetic_003-043-127,/root/autodl-tmp/tokenizer-eval/data/nsynth/nsynth-valid/audio/vocal_synthetic_003-043-127.wav,37,vocal_synthetic_003,10,vocal,2,synthetic,43,127,16000,bright|distortion|long_release|nonlinear_env
-34.466293,14.5050955,flute_synthetic_000-058-075,flute_synthetic_000-058-075,/root/autodl-tmp/tokenizer-eval/data/nsynth/nsynth-valid/audio/flute_synthetic_000-058-075.wav,82,flute_synthetic_000,2,flute,2,synthetic,58,75,16000,distortion
8.208025,0.7525375,bass_synthetic_068-068-127,bass_synthetic_068-068-127,/root/autodl-tmp/tokenizer-eval/data/nsynth/nsynth-valid/audio/bass_synthetic_068-068-127.wav,656,bass_synthetic_068,0,bass,2,synthetic,68,127,16000,distortion
70.216705,-1.0129565,mallet_acoustic_056-034-127,mallet_acoustic_056-034-127,/root/autodl-tmp/tokenizer-eval/data/nsynth/nsynth-valid/audio/mallet_acoustic_056-034-127.wav,590,mallet_acoustic_056,5,mallet,0,acoustic,34,127,16000,bright|fast_decay|percussive
-31.8421,52.515736,flute_synthetic_000-035-127,flute_synthetic_000-035-127,/root/autodl-tmp/tokenizer-eval/data/nsynth/nsynth-valid/audio/flute_synthetic_000-035-127.wav,82,flute_synthetic_000,2,flute,2,synthetic,35,127,16000,distortion
67.43023,-23.553265,reed_acoustic_023-096-075,reed_acoustic_023-096-075,/root/autodl-tmp/tokenizer-eval/data/nsynth/nsynth-valid/audio/reed_acoustic_023-096-075.wav,224,reed_acoustic_023,7,reed,0,acoustic,96,75,16000,fast_decay|multiphonic|nonlinear_env|percussive
-15.376396,6.788194,organ_electronic_057-059-075,organ_electronic_057-059-075,/root/autodl-tmp/tokenizer-eval/data/nsynth/nsynth-valid/audio/organ_electronic_057-059-075.wav,701,organ_electronic_057,6,organ,1,electronic,59,75,16000,dark
-65.40041,-2.4342012,brass_acoustic_059-043-050,brass_acoustic_059-043-050,/root/autodl-tmp/tokenizer-eval/data/nsynth/nsynth-valid/audio/brass_acoustic_059-043-050.wav,572,brass_acoustic_059,1,brass,0,acoustic,43,50,16000,dark|reverb
108.76431,-3.027344,mallet_acoustic_062-083-025,mallet_acoustic_062-083-025,/root/autodl-tmp/tokenizer-eval/data/nsynth/nsynth-valid/audio/mallet_acoustic_062-083-025.wav,644,mallet_acoustic_062,5,mallet,0,acoustic,83,25,16000,fast_decay|multiphonic|percussive
-35.863403,21.081528,flute_synthetic_000-054-100,flute_synthetic_000-054-100,/root/autodl-tmp/tokenizer-eval/data/nsynth/nsynth-valid/audio/flute_synthetic_000-054-100.wav,82,flute_synthetic_000,2,flute,2,synthetic,54,100,16000,distortion
-65.1863,-10.787057,reed_acoustic_037-058-050,reed_acoustic_037-058-050,/root/autodl-tmp/tokenizer-eval/data/nsynth/nsynth-valid/audio/reed_acoustic_037-058-050.wav,387,reed_acoustic_037,7,reed,0,acoustic,58,50,16000,reverb
102.02601,-1.4438174,mallet_acoustic_062-085-050,mallet_acoustic_062-085-050,/root/autodl-tmp/tokenizer-eval/data/nsynth/nsynth-valid/audio/mallet_acoustic_062-085-050.wav,644,mallet_acoustic_062,5,mallet,0,acoustic,85,50,16000,fast_decay|multiphonic
-33.6049,49.617226,flute_synthetic_000-038-025,flute_synthetic_000-038-025,/root/autodl-tmp/tokenizer-eval/data/nsynth/nsynth-valid/audio/flute_synthetic_000-038-025.wav,82,flute_synthetic_000,2,flute,2,synthetic,38,25,16000,distortion
24.478857,6.883582,keyboard_electronic_001-079-025,keyboard_electronic_001-079-025,/root/autodl-tmp/tokenizer-eval/data/nsynth/nsynth-valid/audio/keyboard_electronic_001-079-025.wav,40,keyboard_electronic_001,4,keyboard,1,electronic,79,25,16000,
6.585068,63.194138,organ_electronic_057-035-127,organ_electronic_057-035-127,/root/autodl-tmp/tokenizer-eval/data/nsynth/nsynth-valid/audio/organ_electronic_057-035-127.wav,701,organ_electronic_057,6,organ,1,electronic,35,127,16000,dark
68.41118,-23.481516,reed_acoustic_023-095-075,reed_acoustic_023-095-075,/root/autodl-tmp/tokenizer-eval/data/nsynth/nsynth-valid/audio/reed_acoustic_023-095-075.wav,224,reed_acoustic_023,7,reed,0,acoustic,95,75,16000,fast_decay|multiphonic|nonlinear_env
-11.956319,-9.189643,flute_synthetic_000-075-100,flute_synthetic_000-075-100,/root/autodl-tmp/tokenizer-eval/data/nsynth/nsynth-valid/audio/flute_synthetic_000-075-100.wav,82,flute_synthetic_000,2,flute,2,synthetic,75,100,16000,distortion
20.633675,-67.41621,mallet_acoustic_056-089-050,mallet_acoustic_056-089-050,/root/autodl-tmp/tokenizer-eval/data/nsynth/nsynth-valid/audio/mallet_acoustic_056-089-050.wav,590,mallet_acoustic_056,5,mallet,0,acoustic,89,50,16000,
-10.672158,-42.05125,brass_acoustic_016-082-075,brass_acoustic_016-082-075,/root/autodl-tmp/tokenizer-eval/data/nsynth/nsynth-valid/audio/brass_acoustic_016-082-075.wav,128,brass_acoustic_016,1,brass,0,acoustic,82,75,16000,bright
57.143894,2.7645953,mallet_acoustic_047-070-100,mallet_acoustic_047-070-100,/root/autodl-tmp/tokenizer-eval/data/nsynth/nsynth-valid/audio/mallet_acoustic_047-070-100.wav,488,mallet_acoustic_047,5,mallet,0,acoustic,70,100,16000,fast_decay|percussive|reverb
35.49144,17.338198,mallet_acoustic_047-076-100,mallet_acoustic_047-076-100,/root/autodl-tmp/tokenizer-eval/data/nsynth/nsynth-valid/audio/mallet_acoustic_047-076-100.wav,488,mallet_acoustic_047,5,mallet,0,acoustic,76,100,16000,percussive|reverb
-117.73931,-30.058762,brass_acoustic_046-090-100,brass_acoustic_046-090-100,/root/autodl-tmp/tokenizer-eval/data/nsynth/nsynth-valid/audio/brass_acoustic_046-090-100.wav,414,brass_acoustic_046,1,brass,0,acoustic,90,100,16000,long_release
18.813837,28.431114,mallet_acoustic_062-055-075,mallet_acoustic_062-055-075,/root/autodl-tmp/tokenizer-eval/data/nsynth/nsynth-valid/audio/mallet_acoustic_062-055-075.wav,644,mallet_acoustic_062,5,mallet,0,acoustic,55,75,16000,dark|multiphonic
52.70919,-10.157366,keyboard_electronic_098-089-025,keyboard_electronic_098-089-025,/root/autodl-tmp/tokenizer-eval/data/nsynth/nsynth-valid/audio/keyboard_electronic_098-089-025.wav,905,keyboard_electronic_098,4,keyboard,1,electronic,89,25,16000,fast_decay
25.883867,27.00391,bass_electronic_025-061-025,bass_electronic_025-061-025,/root/autodl-tmp/tokenizer-eval/data/nsynth/nsynth-valid/audio/bass_electronic_025-061-025.wav,872,bass_electronic_025,0,bass,1,electronic,61,25,16000,
-33.57586,10.872529,flute_synthetic_000-060-050,flute_synthetic_000-060-050,/root/autodl-tmp/tokenizer-eval/data/nsynth/nsynth-valid/audio/flute_synthetic_000-060-050.wav,82,flute_synthetic_000,2,flute,2,synthetic,60,50,16000,distortion
1.5814003,50.95891,guitar_electronic_022-031-100,guitar_electronic_022-031-100,/root/autodl-tmp/tokenizer-eval/data/nsynth/nsynth-valid/audio/guitar_electronic_022-031-100.wav,378,guitar_electronic_022,3,guitar,1,electronic,31,100,16000,dark
-117.73931,-30.058762,brass_acoustic_046-086-100,brass_acoustic_046-086-100,/root/autodl-tmp/tokenizer-eval/data/nsynth/nsynth-valid/audio/brass_acoustic_046-086-100.wav,414,brass_acoustic_046,1,brass,0,acoustic,86,100,16000,long_release
21.857485,-2.2717497,keyboard_electronic_069-077-075,keyboard_electronic_069-077-075,/root/autodl-tmp/tokenizer-eval/data/nsynth/nsynth-valid/audio/keyboard_electronic_069-077-075.wav,805,keyboard_electronic_069,4,keyboard,1,electronic,77,75,16000,distortion
-24.059517,36.106457,keyboard_electronic_001-040-100,keyboard_electronic_001-040-100,/root/autodl-tmp/tokenizer-eval/data/nsynth/nsynth-valid/audio/keyboard_electronic_001-040-100.wav,40,keyboard_electronic_001,4,keyboard,1,electronic,40,100,16000,
-15.686138,12.491573,organ_electronic_001-058-025,organ_electronic_001-058-025,/root/autodl-tmp/tokenizer-eval/data/nsynth/nsynth-valid/audio/organ_electronic_001-058-025.wav,8,organ_electronic_001,6,organ,1,electronic,58,25,16000,dark
21.807951,-29.015574,flute_acoustic_002-075-050,flute_acoustic_002-075-050,/root/autodl-tmp/tokenizer-eval/data/nsynth/nsynth-valid/audio/flute_acoustic_002-075-050.wav,86,flute_acoustic_002,2,flute,0,acoustic,75,50,16000,reverb
92.05695,5.5120897,reed_acoustic_023-040-025,reed_acoustic_023-040-025,/root/autodl-tmp/tokenizer-eval/data/nsynth/nsynth-valid/audio/reed_acoustic_023-040-025.wav,224,reed_acoustic_023,7,reed,0,acoustic,40,25,16000,bright|fast_decay|multiphonic|nonlinear_env
-18.839981,12.517668,organ_electronic_001-056-075,organ_electronic_001-056-075,/root/autodl-tmp/tokenizer-eval/data/nsynth/nsynth-valid/audio/organ_electronic_001-056-075.wav,8,organ_electronic_001,6,organ,1,electronic,56,75,16000,dark
-56.3222,-28.54637,vocal_synthetic_003-051-127,vocal_synthetic_003-051-127,/root/autodl-tmp/tokenizer-eval/data/nsynth/nsynth-valid/audio/vocal_synthetic_003-051-127.wav,37,vocal_synthetic_003,10,vocal,2,synthetic,51,127,16000,bright|distortion|long_release|nonlinear_env
102.32558,1.0929983,reed_acoustic_023-062-050,reed_acoustic_023-062-050,/root/autodl-tmp/tokenizer-eval/data/nsynth/nsynth-valid/audio/reed_acoustic_023-062-050.wav,224,reed_acoustic_023,7,reed,0,acoustic,62,50,16000,bright|fast_decay|multiphonic|nonlinear_env
-34.167736,10.728898,flute_synthetic_000-060-127,flute_synthetic_000-060-127,/root/autodl-tmp/tokenizer-eval/data/nsynth/nsynth-valid/audio/flute_synthetic_000-060-127.wav,82,flute_synthetic_000,2,flute,2,synthetic,60,127,16000,distortion
-15.515328,54.99062,guitar_acoustic_014-035-075,guitar_acoustic_014-035-075,/root/autodl-tmp/tokenizer-eval/data/nsynth/nsynth-valid/audio/guitar_acoustic_014-035-075.wav,263,guitar_acoustic_014,3,guitar,0,acoustic,35,75,16000,
5.5077906,-5.9155636,guitar_electronic_028-070-100,guitar_electronic_028-070-100,/root/autodl-tmp/tokenizer-eval/data/nsynth/nsynth-valid/audio/guitar_electronic_028-070-100.wav,510,guitar_electronic_028,3,guitar,1,electronic,70,100,16000,
-57.474743,10.161472,brass_acoustic_006-042-127,brass_acoustic_006-042-127,/root/autodl-tmp/tokenizer-eval/data/nsynth/nsynth-valid/audio/brass_acoustic_006-042-127.wav,43,brass_acoustic_006,1,brass,0,acoustic,42,127,16000,reverb
-27.036911,-30.123798,organ_electronic_113-067-025,organ_electronic_113-067-025,/root/autodl-tmp/tokenizer-eval/data/nsynth/nsynth-valid/audio/organ_electronic_113-067-025.wav,958,organ_electronic_113,6,organ,1,electronic,67,25,16000,
-49.946033,-4.9548297,reed_acoustic_037-059-127,reed_acoustic_037-059-127,/root/autodl-tmp/tokenizer-eval/data/nsynth/nsynth-valid/audio/reed_acoustic_037-059-127.wav,387,reed_acoustic_037,7,reed,0,acoustic,59,127,16000,reverb
11.30601,17.622387,keyboard_electronic_003-063-050,keyboard_electronic_003-063-050,/root/autodl-tmp/tokenizer-eval/data/nsynth/nsynth-valid/audio/keyboard_electronic_003-063-050.wav,65,keyboard_electronic_003,4,keyboard,1,electronic,63,50,16000,
4.0171285,-63.353256,string_acoustic_057-091-100,string_acoustic_057-091-100,/root/autodl-tmp/tokenizer-eval/data/nsynth/nsynth-valid/audio/string_acoustic_057-091-100.wav,450,string_acoustic_057,8,string,0,acoustic,91,100,16000,nonlinear_env|reverb
3.8180983,21.812914,guitar_acoustic_021-060-025,guitar_acoustic_021-060-025,/root/autodl-tmp/tokenizer-eval/data/nsynth/nsynth-valid/audio/guitar_acoustic_021-060-025.wav,457,guitar_acoustic_021,3,guitar,0,acoustic,60,25,16000,
6.579732,17.408615,bass_synthetic_068-062-127,bass_synthetic_068-062-127,/root/autodl-tmp/tokenizer-eval/data/nsynth/nsynth-valid/audio/bass_synthetic_068-062-127.wav,656,bass_synthetic_068,0,bass,2,synthetic,62,127,16000,dark|distortion
-6.9330444,23.53829,brass_acoustic_015-055-075,brass_acoustic_015-055-075,/root/autodl-tmp/tokenizer-eval/data/nsynth/nsynth-valid/audio/brass_acoustic_015-055-075.wav,121,brass_acoustic_015,1,brass,0,acoustic,55,75,16000,reverb
5.313528,44.453472,guitar_electronic_028-038-050,guitar_electronic_028-038-050,/root/autodl-tmp/tokenizer-eval/data/nsynth/nsynth-valid/audio/guitar_electronic_028-038-050.wav,510,guitar_electronic_028,3,guitar,1,electronic,38,50,16000,dark
15.191252,-65.11626,bass_synthetic_135-089-050,bass_synthetic_135-089-050,/root/autodl-tmp/tokenizer-eval/data/nsynth/nsynth-valid/audio/bass_synthetic_135-089-050.wav,927,bass_synthetic_135,0,bass,2,synthetic,89,50,16000,distortion
-15.161892,86.30071,bass_synthetic_098-073-075,bass_synthetic_098-073-075,/root/autodl-tmp/tokenizer-eval/data/nsynth/nsynth-valid/audio/bass_synthetic_098-073-075.wav,803,bass_synthetic_098,0,bass,2,synthetic,73,75,16000,
-24.626831,37.830948,keyboard_electronic_001-036-075,keyboard_electronic_001-036-075,/root/autodl-tmp/tokenizer-eval/data/nsynth/nsynth-valid/audio/keyboard_electronic_001-036-075.wav,40,keyboard_electronic_001,4,keyboard,1,electronic,36,75,16000,dark
-19.05238,14.694989,organ_electronic_001-066-075,organ_electronic_001-066-075,/root/autodl-tmp/tokenizer-eval/data/nsynth/nsynth-valid/audio/organ_electronic_001-066-075.wav,8,organ_electronic_001,6,organ,1,electronic,66,75,16000,
-28.474937,6.62821,flute_synthetic_000-064-075,flute_synthetic_000-064-075,/root/autodl-tmp/tokenizer-eval/data/nsynth/nsynth-valid/audio/flute_synthetic_000-064-075.wav,82,flute_synthetic_000,2,flute,2,synthetic,64,75,16000,distortion
97.65019,2.175594,reed_acoustic_023-059-075,reed_acoustic_023-059-075,/root/autodl-tmp/tokenizer-eval/data/nsynth/nsynth-valid/audio/reed_acoustic_023-059-075.wav,224,reed_acoustic_023,7,reed,0,acoustic,59,75,16000,bright|fast_decay|multiphonic|nonlinear_env
-35.592102,24.635021,flute_synthetic_000-052-100,flute_synthetic_000-052-100,/root/autodl-tmp/tokenizer-eval/data/nsynth/nsynth-valid/audio/flute_synthetic_000-052-100.wav,82,flute_synthetic_000,2,flute,2,synthetic,52,100,16000,distortion
-35.76793,31.553432,flute_synthetic_000-048-050,flute_synthetic_000-048-050,/root/autodl-tmp/tokenizer-eval/data/nsynth/nsynth-valid/audio/flute_synthetic_000-048-050.wav,82,flute_synthetic_000,2,flute,2,synthetic,48,50,16000,distortion
31.648403,-9.342932,keyboard_electronic_002-077-025,keyboard_electronic_002-077-025,/root/autodl-tmp/tokenizer-eval/data/nsynth/nsynth-valid/audio/keyboard_electronic_002-077-025.wav,50,keyboard_electronic_002,4,keyboard,1,electronic,77,25,16000,fast_decay
29.658745,-48.956516,vocal_synthetic_003-087-025,vocal_synthetic_003-087-025,/root/autodl-tmp/tokenizer-eval/data/nsynth/nsynth-valid/audio/vocal_synthetic_003-087-025.wav,37,vocal_synthetic_003,10,vocal,2,synthetic,87,25,16000,bright|distortion|long_release|nonlinear_env
-63.06674,-0.7043277,brass_acoustic_059-051-050,brass_acoustic_059-051-050,/root/autodl-tmp/tokenizer-eval/data/nsynth/nsynth-valid/audio/brass_acoustic_059-051-050.wav,572,brass_acoustic_059,1,brass,0,acoustic,51,50,16000,dark|reverb
-51.59913,17.213087,string_acoustic_080-037-050,string_acoustic_080-037-050,/root/autodl-tmp/tokenizer-eval/data/nsynth/nsynth-valid/audio/string_acoustic_080-037-050.wav,675,string_acoustic_080,8,string,0,acoustic,37,50,16000,long_release|reverb
12.918949,-51.94245,brass_acoustic_016-089-075,brass_acoustic_016-089-075,/root/autodl-tmp/tokenizer-eval/data/nsynth/nsynth-valid/audio/brass_acoustic_016-089-075.wav,128,brass_acoustic_016,1,brass,0,acoustic,89,75,16000,
2.696939,22.178123,keyboard_electronic_002-060-075,keyboard_electronic_002-060-075,/root/autodl-tmp/tokenizer-eval/data/nsynth/nsynth-valid/audio/keyboard_electronic_002-060-075.wav,50,keyboard_electronic_002,4,keyboard,1,electronic,60,75,16000,
34.662945,35.625877,bass_synthetic_134-045-127,bass_synthetic_134-045-127,/root/autodl-tmp/tokenizer-eval/data/nsynth/nsynth-valid/audio/bass_synthetic_134-045-127.wav,914,bass_synthetic_134,0,bass,2,synthetic,45,127,16000,dark|fast_decay|reverb
-21.403996,54.43142,flute_synthetic_000-034-127,flute_synthetic_000-034-127,/root/autodl-tmp/tokenizer-eval/data/nsynth/nsynth-valid/audio/flute_synthetic_000-034-127.wav,82,flute_synthetic_000,2,flute,2,synthetic,34,127,16000,distortion
-10.067646,4.296773,organ_electronic_001-064-050,organ_electronic_001-064-050,/root/autodl-tmp/tokenizer-eval/data/nsynth/nsynth-valid/audio/organ_electronic_001-064-050.wav,8,organ_electronic_001,6,organ,1,electronic,64,50,16000,
-18.418646,-54.063004,string_acoustic_057-079-100,string_acoustic_057-079-100,/root/autodl-tmp/tokenizer-eval/data/nsynth/nsynth-valid/audio/string_acoustic_057-079-100.wav,450,string_acoustic_057,8,string,0,acoustic,79,100,16000,bright|nonlinear_env|reverb
10.124117,45.271835,guitar_acoustic_010-036-075,guitar_acoustic_010-036-075,/root/autodl-tmp/tokenizer-eval/data/nsynth/nsynth-valid/audio/guitar_acoustic_010-036-075.wav,219,guitar_acoustic_010,3,guitar,0,acoustic,36,75,16000,
4.4162188,42.69292,guitar_electronic_028-045-100,guitar_electronic_028-045-100,/root/autodl-tmp/tokenizer-eval/data/nsynth/nsynth-valid/audio/guitar_electronic_028-045-100.wav,510,guitar_electronic_028,3,guitar,1,electronic,45,100,16000,dark
70.44163,-29.829796,reed_acoustic_023-089-127,reed_acoustic_023-089-127,/root/autodl-tmp/tokenizer-eval/data/nsynth/nsynth-valid/audio/reed_acoustic_023-089-127.wav,224,reed_acoustic_023,7,reed,0,acoustic,89,127,16000,fast_decay|multiphonic|nonlinear_env
-7.4623795,20.911478,brass_acoustic_015-047-075,brass_acoustic_015-047-075,/root/autodl-tmp/tokenizer-eval/data/nsynth/nsynth-valid/audio/brass_acoustic_015-047-075.wav,121,brass_acoustic_015,1,brass,0,acoustic,47,75,16000,reverb
47.736885,0.8864011,mallet_acoustic_047-091-075,mallet_acoustic_047-091-075,/root/autodl-tmp/tokenizer-eval/data/nsynth/nsynth-valid/audio/mallet_acoustic_047-091-075.wav,488,mallet_acoustic_047,5,mallet,0,acoustic,91,75,16000,percussive|reverb
-22.388767,12.957974,organ_electronic_113-053-100,organ_electronic_113-053-100,/root/autodl-tmp/tokenizer-eval/data/nsynth/nsynth-valid/audio/organ_electronic_113-053-100.wav,958,organ_electronic_113,6,organ,1,electronic,53,100,16000,dark
-31.251657,-45.679005,brass_acoustic_046-077-127,brass_acoustic_046-077-127,/root/autodl-tmp/tokenizer-eval/data/nsynth/nsynth-valid/audio/brass_acoustic_046-077-127.wav,414,brass_acoustic_046,1,brass,0,acoustic,77,127,16000,
56.078773,-9.908519,bass_synthetic_068-092-050,bass_synthetic_068-092-050,/root/autodl-tmp/tokenizer-eval/data/nsynth/nsynth-valid/audio/bass_synthetic_068-092-050.wav,656,bass_synthetic_068,0,bass,2,synthetic,92,50,16000,fast_decay
9.450973,-27.240648,vocal_synthetic_003-073-075,vocal_synthetic_003-073-075,/root/autodl-tmp/tokenizer-eval/data/nsynth/nsynth-valid/audio/vocal_synthetic_003-073-075.wav,37,vocal_synthetic_003,10,vocal,2,synthetic,73,75,16000,bright|distortion|long_release|nonlinear_env
-35.08009,34.736305,flute_synthetic_000-046-050,flute_synthetic_000-046-050,/root/autodl-tmp/tokenizer-eval/data/nsynth/nsynth-valid/audio/flute_synthetic_000-046-050.wav,82,flute_synthetic_000,2,flute,2,synthetic,46,50,16000,distortion
-23.735262,17.764702,organ_electronic_057-049-075,organ_electronic_057-049-075,/root/autodl-tmp/tokenizer-eval/data/nsynth/nsynth-valid/audio/organ_electronic_057-049-075.wav,701,organ_electronic_057,6,organ,1,electronic,49,75,16000,dark
-31.652584,50.53056,flute_synthetic_000-037-100,flute_synthetic_000-037-100,/root/autodl-tmp/tokenizer-eval/data/nsynth/nsynth-valid/audio/flute_synthetic_000-037-100.wav,82,flute_synthetic_000,2,flute,2,synthetic,37,100,16000,distortion
-14.432196,46.28352,guitar_acoustic_021-044-100,guitar_acoustic_021-044-100,/root/autodl-tmp/tokenizer-eval/data/nsynth/nsynth-valid/audio/guitar_acoustic_021-044-100.wav,457,guitar_acoustic_021,3,guitar,0,acoustic,44,100,16000,
-26.729452,20.228075,organ_electronic_104-050-127,organ_electronic_104-050-127,/root/autodl-tmp/tokenizer-eval/data/nsynth/nsynth-valid/audio/organ_electronic_104-050-127.wav,921,organ_electronic_104,6,organ,1,electronic,50,127,16000,
-31.88556,-59.140614,vocal_synthetic_003-078-025,vocal_synthetic_003-078-025,/root/autodl-tmp/tokenizer-eval/data/nsynth/nsynth-valid/audio/vocal_synthetic_003-078-025.wav,37,vocal_synthetic_003,10,vocal,2,synthetic,78,25,16000,bright|distortion|long_release|nonlinear_env
39.614227,-24.517855,mallet_acoustic_056-086-127,mallet_acoustic_056-086-127,/root/autodl-tmp/tokenizer-eval/data/nsynth/nsynth-valid/audio/mallet_acoustic_056-086-127.wav,590,mallet_acoustic_056,5,mallet,0,acoustic,86,127,16000,
8.274611,-24.617743,organ_electronic_007-073-025,organ_electronic_007-073-025,/root/autodl-tmp/tokenizer-eval/data/nsynth/nsynth-valid/audio/organ_electronic_007-073-025.wav,123,organ_electronic_007,6,organ,1,electronic,73,25,16000,distortion|long_release|nonlinear_env
5.698257,-35.86985,guitar_electronic_022-084-127,guitar_electronic_022-084-127,/root/autodl-tmp/tokenizer-eval/data/nsynth/nsynth-valid/audio/guitar_electronic_022-084-127.wav,378,guitar_electronic_022,3,guitar,1,electronic,84,127,16000,
-1.4230514,11.520915,keyboard_electronic_078-065-025,keyboard_electronic_078-065-025,/root/autodl-tmp/tokenizer-eval/data/nsynth/nsynth-valid/audio/keyboard_electronic_078-065-025.wav,838,keyboard_electronic_078,4,keyboard,1,electronic,65,25,16000,bright
23.274242,28.910421,bass_synthetic_068-059-025,bass_synthetic_068-059-025,/root/autodl-tmp/tokenizer-eval/data/nsynth/nsynth-valid/audio/bass_synthetic_068-059-025.wav,656,bass_synthetic_068,0,bass,2,synthetic,59,25,16000,dark
16.343485,-70.43951,keyboard_electronic_003-090-050,keyboard_electronic_003-090-050,/root/autodl-tmp/tokenizer-eval/data/nsynth/nsynth-valid/audio/keyboard_electronic_003-090-050.wav,65,keyboard_electronic_003,4,keyboard,1,electronic,90,50,16000,
-43.632412,-10.132149,brass_acoustic_046-064-100,brass_acoustic_046-064-100,/root/autodl-tmp/tokenizer-eval/data/nsynth/nsynth-valid/audio/brass_acoustic_046-064-100.wav,414,brass_acoustic_046,1,brass,0,acoustic,64,100,16000,bright
21.808266,-29.01504,flute_acoustic_002-075-025,flute_acoustic_002-075-025,/root/autodl-tmp/tokenizer-eval/data/nsynth/nsynth-valid/audio/flute_acoustic_002-075-025.wav,86,flute_acoustic_002,2,flute,0,acoustic,75,25,16000,reverb
0.64437866,32.578434,keyboard_electronic_069-053-025,keyboard_electronic_069-053-025,/root/autodl-tmp/tokenizer-eval/data/nsynth/nsynth-valid/audio/keyboard_electronic_069-053-025.wav,805,keyboard_electronic_069,4,keyboard,1,electronic,53,25,16000,distortion
-67.90271,11.826963,reed_acoustic_011-035-025,reed_acoustic_011-035-025,/root/autodl-tmp/tokenizer-eval/data/nsynth/nsynth-valid/audio/reed_acoustic_011-035-025.wav,104,reed_acoustic_011,7,reed,0,acoustic,35,25,16000,
-21.752827,-55.781372,flute_acoustic_002-080-100,flute_acoustic_002-080-100,/root/autodl-tmp/tokenizer-eval/data/nsynth/nsynth-valid/audio/flute_acoustic_002-080-100.wav,86,flute_acoustic_002,2,flute,0,acoustic,80,100,16000,reverb
21.857428,-2.2717464,keyboard_electronic_069-077-127,keyboard_electronic_069-077-127,/root/autodl-tmp/tokenizer-eval/data/nsynth/nsynth-valid/audio/keyboard_electronic_069-077-127.wav,805,keyboard_electronic_069,4,keyboard,1,electronic,77,127,16000,distortion
2.4158745,24.312973,guitar_electronic_022-060-050,guitar_electronic_022-060-050,/root/autodl-tmp/tokenizer-eval/data/nsynth/nsynth-valid/audio/guitar_electronic_022-060-050.wav,378,guitar_electronic_022,3,guitar,1,electronic,60,50,16000,dark
-15.834849,43.293552,guitar_acoustic_010-045-075,guitar_acoustic_010-045-075,/root/autodl-tmp/tokenizer-eval/data/nsynth/nsynth-valid/audio/guitar_acoustic_010-045-075.wav,219,guitar_acoustic_010,3,guitar,0,acoustic,45,75,16000,
-4.6936407,36.07868,guitar_electronic_022-052-025,guitar_electronic_022-052-025,/root/autodl-tmp/tokenizer-eval/data/nsynth/nsynth-valid/audio/guitar_electronic_022-052-025.wav,378,guitar_electronic_022,3,guitar,1,electronic,52,25,16000,dark
-37.06461,-54.547516,vocal_synthetic_003-076-100,vocal_synthetic_003-076-100,/root/autodl-tmp/tokenizer-eval/data/nsynth/nsynth-valid/audio/vocal_synthetic_003-076-100.wav,37,vocal_synthetic_003,10,vocal,2,synthetic,76,100,16000,bright|distortion|long_release|nonlinear_env
-2.3355424,26.706152,guitar_electronic_028-058-100,guitar_electronic_028-058-100,/root/autodl-tmp/tokenizer-eval/data/nsynth/nsynth-valid/audio/guitar_electronic_028-058-100.wav,510,guitar_electronic_028,3,guitar,1,electronic,58,100,16000,dark
58.888237,-6.355123,string_acoustic_056-076-100,string_acoustic_056-076-100,/root/autodl-tmp/tokenizer-eval/data/nsynth/nsynth-valid/audio/string_acoustic_056-076-100.wav,436,string_acoustic_056,8,string,0,acoustic,76,100,16000,fast_decay|percussive|reverb
-21.28801,16.751177,organ_electronic_001-051-127,organ_electronic_001-051-127,/root/autodl-tmp/tokenizer-eval/data/nsynth/nsynth-valid/audio/organ_electronic_001-051-127.wav,8,organ_electronic_001,6,organ,1,electronic,51,127,16000,dark
32.502487,42.18599,string_acoustic_014-040-075,string_acoustic_014-040-075,/root/autodl-tmp/tokenizer-eval/data/nsynth/nsynth-valid/audio/string_acoustic_014-040-075.wav,100,string_acoustic_014,8,string,0,acoustic,40,75,16000,dark|reverb
-16.873669,-2.8038313,brass_acoustic_016-062-075,brass_acoustic_016-062-075,/root/autodl-tmp/tokenizer-eval/data/nsynth/nsynth-valid/audio/brass_acoustic_016-062-075.wav,128,brass_acoustic_016,1,brass,0,acoustic,62,75,16000,bright
9.511765,-21.979301,flute_acoustic_002-073-075,flute_acoustic_002-073-075,/root/autodl-tmp/tokenizer-eval/data/nsynth/nsynth-valid/audio/flute_acoustic_002-073-075.wav,86,flute_acoustic_002,2,flute,0,acoustic,73,75,16000,long_release|reverb
-13.121135,88.05232,bass_synthetic_098-093-050,bass_synthetic_098-093-050,/root/autodl-tmp/tokenizer-eval/data/nsynth/nsynth-valid/audio/bass_synthetic_098-093-050.wav,803,bass_synthetic_098,0,bass,2,synthetic,93,50,16000,
-64.573395,34.02229,vocal_synthetic_003-033-025,vocal_synthetic_003-033-025,/root/autodl-tmp/tokenizer-eval/data/nsynth/nsynth-valid/audio/vocal_synthetic_003-033-025.wav,37,vocal_synthetic_003,10,vocal,2,synthetic,33,25,16000,distortion|long_release|nonlinear_env
-21.042078,35.238445,guitar_acoustic_015-032-025,guitar_acoustic_015-032-025,/root/autodl-tmp/tokenizer-eval/data/nsynth/nsynth-valid/audio/guitar_acoustic_015-032-025.wav,316,guitar_acoustic_015,3,guitar,0,acoustic,32,25,16000,reverb
71.125465,-29.512274,reed_acoustic_023-089-100,reed_acoustic_023-089-100,/root/autodl-tmp/tokenizer-eval/data/nsynth/nsynth-valid/audio/reed_acoustic_023-089-100.wav,224,reed_acoustic_023,7,reed,0,acoustic,89,100,16000,fast_decay|multiphonic|nonlinear_env
-117.73931,-30.058762,brass_acoustic_046-094-025,brass_acoustic_046-094-025,/root/autodl-tmp/tokenizer-eval/data/nsynth/nsynth-valid/audio/brass_acoustic_046-094-025.wav,414,brass_acoustic_046,1,brass,0,acoustic,94,25,16000,long_release
5.881738,46.04321,guitar_electronic_028-035-025,guitar_electronic_028-035-025,/root/autodl-tmp/tokenizer-eval/data/nsynth/nsynth-valid/audio/guitar_electronic_028-035-025.wav,510,guitar_electronic_028,3,guitar,1,electronic,35,25,16000,dark
110.11582,-1.6861663,reed_acoustic_023-064-100,reed_acoustic_023-064-100,/root/autodl-tmp/tokenizer-eval/data/nsynth/nsynth-valid/audio/reed_acoustic_023-064-100.wav,224,reed_acoustic_023,7,reed,0,acoustic,64,100,16000,bright|fast_decay|multiphonic|nonlinear_env
-20.532793,-28.566843,vocal_synthetic_003-069-100,vocal_synthetic_003-069-100,/root/autodl-tmp/tokenizer-eval/data/nsynth/nsynth-valid/audio/vocal_synthetic_003-069-100.wav,37,vocal_synthetic_003,10,vocal,2,synthetic,69,100,16000,bright|distortion|long_release|nonlinear_env
45.82564,11.029539,string_acoustic_056-067-100,string_acoustic_056-067-100,/root/autodl-tmp/tokenizer-eval/data/nsynth/nsynth-valid/audio/string_acoustic_056-067-100.wav,436,string_acoustic_056,8,string,0,acoustic,67,100,16000,fast_decay|percussive|reverb
74.796135,-17.970497,keyboard_synthetic_000-091-127,keyboard_synthetic_000-091-127,/root/autodl-tmp/tokenizer-eval/data/nsynth/nsynth-valid/audio/keyboard_synthetic_000-091-127.wav,577,keyboard_synthetic_000,4,keyboard,2,synthetic,91,127,16000,bright|distortion|fast_decay|nonlinear_env
22.9496,-13.088567,guitar_electronic_022-075-075,guitar_electronic_022-075-075,/root/autodl-tmp/tokenizer-eval/data/nsynth/nsynth-valid/audio/guitar_electronic_022-075-075.wav,378,guitar_electronic_022,3,guitar,1,electronic,75,75,16000,
-17.17467,-55.22035,organ_electronic_007-079-050,organ_electronic_007-079-050,/root/autodl-tmp/tokenizer-eval/data/nsynth/nsynth-valid/audio/organ_electronic_007-079-050.wav,123,organ_electronic_007,6,organ,1,electronic,79,50,16000,bright|distortion|long_release|nonlinear_env
-67.824936,11.764241,reed_acoustic_011-036-050,reed_acoustic_011-036-050,/root/autodl-tmp/tokenizer-eval/data/nsynth/nsynth-valid/audio/reed_acoustic_011-036-050.wav,104,reed_acoustic_011,7,reed,0,acoustic,36,50,16000,
-32.181503,-18.067266,string_acoustic_057-055-075,string_acoustic_057-055-075,/root/autodl-tmp/tokenizer-eval/data/nsynth/nsynth-valid/audio/string_acoustic_057-055-075.wav,450,string_acoustic_057,8,string,0,acoustic,55,75,16000,nonlinear_env|reverb
-0.5350051,60.689217,organ_electronic_001-040-025,organ_electronic_001-040-025,/root/autodl-tmp/tokenizer-eval/data/nsynth/nsynth-valid/audio/organ_electronic_001-040-025.wav,8,organ_electronic_001,6,organ,1,electronic,40,25,16000,dark
-7.8477883,-29.614782,flute_acoustic_002-071-025,flute_acoustic_002-071-025,/root/autodl-tmp/tokenizer-eval/data/nsynth/nsynth-valid/audio/flute_acoustic_002-071-025.wav,86,flute_acoustic_002,2,flute,0,acoustic,71,25,16000,long_release|reverb
-13.823201,-61.622612,organ_electronic_028-082-075,organ_electronic_028-082-075,/root/autodl-tmp/tokenizer-eval/data/nsynth/nsynth-valid/audio/organ_electronic_028-082-075.wav,440,organ_electronic_028,6,organ,1,electronic,82,75,16000,
2.0330498,-62.713276,string_acoustic_057-092-025,string_acoustic_057-092-025,/root/autodl-tmp/tokenizer-eval/data/nsynth/nsynth-valid/audio/string_acoustic_057-092-025.wav,450,string_acoustic_057,8,string,0,acoustic,92,25,16000,bright|nonlinear_env|reverb
4.544992,-40.211784,flute_acoustic_002-084-100,flute_acoustic_002-084-100,/root/autodl-tmp/tokenizer-eval/data/nsynth/nsynth-valid/audio/flute_acoustic_002-084-100.wav,86,flute_acoustic_002,2,flute,0,acoustic,84,100,16000,long_release|reverb
21.914772,-31.201939,reed_acoustic_037-075-100,reed_acoustic_037-075-100,/root/autodl-tmp/tokenizer-eval/data/nsynth/nsynth-valid/audio/reed_acoustic_037-075-100.wav,387,reed_acoustic_037,7,reed,0,acoustic,75,100,16000,reverb
-2.0387378,27.828098,keyboard_electronic_098-057-100,keyboard_electronic_098-057-100,/root/autodl-tmp/tokenizer-eval/data/nsynth/nsynth-valid/audio/keyboard_electronic_098-057-100.wav,905,keyboard_electronic_098,4,keyboard,1,electronic,57,100,16000,dark
-15.69466,6.7082314,organ_electronic_104-059-127,organ_electronic_104-059-127,/root/autodl-tmp/tokenizer-eval/data/nsynth/nsynth-valid/audio/organ_electronic_104-059-127.wav,921,organ_electronic_104,6,organ,1,electronic,59,127,16000,
-69.0367,22.441967,vocal_synthetic_003-042-075,vocal_synthetic_003-042-075,/root/autodl-tmp/tokenizer-eval/data/nsynth/nsynth-valid/audio/vocal_synthetic_003-042-075.wav,37,vocal_synthetic_003,10,vocal,2,synthetic,42,75,16000,distortion|long_release|nonlinear_env
57.333443,-12.843621,keyboard_electronic_098-094-025,keyboard_electronic_098-094-025,/root/autodl-tmp/tokenizer-eval/data/nsynth/nsynth-valid/audio/keyboard_electronic_098-094-025.wav,905,keyboard_electronic_098,4,keyboard,1,electronic,94,25,16000,fast_decay|percussive
-5.786067,36.275406,guitar_electronic_022-050-050,guitar_electronic_022-050-050,/root/autodl-tmp/tokenizer-eval/data/nsynth/nsynth-valid/audio/guitar_electronic_022-050-050.wav,378,guitar_electronic_022,3,guitar,1,electronic,50,50,16000,dark
-47.001774,-29.372818,vocal_synthetic_003-061-127,vocal_synthetic_003-061-127,/root/autodl-tmp/tokenizer-eval/data/nsynth/nsynth-valid/audio/vocal_synthetic_003-061-127.wav,37,vocal_synthetic_003,10,vocal,2,synthetic,61,127,16000,bright|distortion|long_release|nonlinear_env
-32.97179,-16.400276,string_acoustic_057-063-025,string_acoustic_057-063-025,/root/autodl-tmp/tokenizer-eval/data/nsynth/nsynth-valid/audio/string_acoustic_057-063-025.wav,450,string_acoustic_057,8,string,0,acoustic,63,25,16000,bright|nonlinear_env|reverb
56.461388,-10.967827,keyboard_electronic_098-093-100,keyboard_electronic_098-093-100,/root/autodl-tmp/tokenizer-eval/data/nsynth/nsynth-valid/audio/keyboard_electronic_098-093-100.wav,905,keyboard_electronic_098,4,keyboard,1,electronic,93,100,16000,fast_decay|percussive
-9.070032,-50.194878,organ_electronic_057-078-025,organ_electronic_057-078-025,/root/autodl-tmp/tokenizer-eval/data/nsynth/nsynth-valid/audio/organ_electronic_057-078-025.wav,701,organ_electronic_057,6,organ,1,electronic,78,25,16000,
-13.3579035,-64.93925,reed_acoustic_018-082-100,reed_acoustic_018-082-100,/root/autodl-tmp/tokenizer-eval/data/nsynth/nsynth-valid/audio/reed_acoustic_018-082-100.wav,183,reed_acoustic_018,7,reed,0,acoustic,82,100,16000,
58.748608,1.0883895,mallet_acoustic_047-074-050,mallet_acoustic_047-074-050,/root/autodl-tmp/tokenizer-eval/data/nsynth/nsynth-valid/audio/mallet_acoustic_047-074-050.wav,488,mallet_acoustic_047,5,mallet,0,acoustic,74,50,16000,fast_decay|percussive|reverb
-117.73931,-30.058762,brass_acoustic_046-091-100,brass_acoustic_046-091-100,/root/autodl-tmp/tokenizer-eval/data/nsynth/nsynth-valid/audio/brass_acoustic_046-091-100.wav,414,brass_acoustic_046,1,brass,0,acoustic,91,100,16000,long_release
36.859318,44.438137,mallet_acoustic_062-035-050,mallet_acoustic_062-035-050,/root/autodl-tmp/tokenizer-eval/data/nsynth/nsynth-valid/audio/mallet_acoustic_062-035-050.wav,644,mallet_acoustic_062,5,mallet,0,acoustic,35,50,16000,dark|multiphonic
-58.869743,-1.6809611,organ_electronic_007-046-050,organ_electronic_007-046-050,/root/autodl-tmp/tokenizer-eval/data/nsynth/nsynth-valid/audio/organ_electronic_007-046-050.wav,123,organ_electronic_007,6,organ,1,electronic,46,50,16000,distortion|long_release|nonlinear_env
-55.185318,16.919346,string_acoustic_071-043-100,string_acoustic_071-043-100,/root/autodl-tmp/tokenizer-eval/data/nsynth/nsynth-valid/audio/string_acoustic_071-043-100.wav,609,string_acoustic_071,8,string,0,acoustic,43,100,16000,reverb
24.325943,-11.336353,guitar_acoustic_014-075-075,guitar_acoustic_014-075-075,/root/autodl-tmp/tokenizer-eval/data/nsynth/nsynth-valid/audio/guitar_acoustic_014-075-075.wav,263,guitar_acoustic_014,3,guitar,0,acoustic,75,75,16000,
-13.21968,32.485874,keyboard_electronic_002-042-100,keyboard_electronic_002-042-100,/root/autodl-tmp/tokenizer-eval/data/nsynth/nsynth-valid/audio/keyboard_electronic_002-042-100.wav,50,keyboard_electronic_002,4,keyboard,1,electronic,42,100,16000,distortion
-24.221872,-16.39108,vocal_acoustic_000-069-025,vocal_acoustic_000-069-025,/root/autodl-tmp/tokenizer-eval/data/nsynth/nsynth-valid/audio/vocal_acoustic_000-069-025.wav,46,vocal_acoustic_000,10,vocal,0,acoustic,69,25,16000,reverb
14.608007,-62.805454,guitar_acoustic_010-088-050,guitar_acoustic_010-088-050,/root/autodl-tmp/tokenizer-eval/data/nsynth/nsynth-valid/audio/guitar_acoustic_010-088-050.wav,219,guitar_acoustic_010,3,guitar,0,acoustic,88,50,16000,
-24.58157,-37.751244,flute_synthetic_000-078-050,flute_synthetic_000-078-050,/root/autodl-tmp/tokenizer-eval/data/nsynth/nsynth-valid/audio/flute_synthetic_000-078-050.wav,82,flute_synthetic_000,2,flute,2,synthetic,78,50,16000,distortion
45.175274,24.80463,string_acoustic_056-058-075,string_acoustic_056-058-075,/root/autodl-tmp/tokenizer-eval/data/nsynth/nsynth-valid/audio/string_acoustic_056-058-075.wav,436,string_acoustic_056,8,string,0,acoustic,58,75,16000,fast_decay|percussive|reverb
12.17206,9.366743,keyboard_acoustic_004-068-050,keyboard_acoustic_004-068-050,/root/autodl-tmp/tokenizer-eval/data/nsynth/nsynth-valid/audio/keyboard_acoustic_004-068-050.wav,327,keyboard_acoustic_004,4,keyboard,0,acoustic,68,50,16000,dark|reverb
49.86655,22.722977,string_acoustic_056-064-127,string_acoustic_056-064-127,/root/autodl-tmp/tokenizer-eval/data/nsynth/nsynth-valid/audio/string_acoustic_056-064-127.wav,436,string_acoustic_056,8,string,0,acoustic,64,127,16000,fast_decay|reverb
13.9155035,-73.195404,mallet_acoustic_062-091-127,mallet_acoustic_062-091-127,/root/autodl-tmp/tokenizer-eval/data/nsynth/nsynth-valid/audio/mallet_acoustic_062-091-127.wav,644,mallet_acoustic_062,5,mallet,0,acoustic,91,127,16000,multiphonic
-0.34744805,-57.09497,string_acoustic_057-094-127,string_acoustic_057-094-127,/root/autodl-tmp/tokenizer-eval/data/nsynth/nsynth-valid/audio/string_acoustic_057-094-127.wav,450,string_acoustic_057,8,string,0,acoustic,94,127,16000,nonlinear_env|reverb
12.463296,-68.368004,guitar_electronic_028-091-050,guitar_electronic_028-091-050,/root/autodl-tmp/tokenizer-eval/data/nsynth/nsynth-valid/audio/guitar_electronic_028-091-050.wav,510,guitar_electronic_028,3,guitar,1,electronic,91,50,16000,
-13.886718,5.5089927,organ_electronic_057-061-075,organ_electronic_057-061-075,/root/autodl-tmp/tokenizer-eval/data/nsynth/nsynth-valid/audio/organ_electronic_057-061-075.wav,701,organ_electronic_057,6,organ,1,electronic,61,75,16000,dark
-4.8514857,-72.45668,vocal_synthetic_003-093-100,vocal_synthetic_003-093-100,/root/autodl-tmp/tokenizer-eval/data/nsynth/nsynth-valid/audio/vocal_synthetic_003-093-100.wav,37,vocal_synthetic_003,10,vocal,2,synthetic,93,100,16000,bright|distortion|long_release|nonlinear_env
44.737698,10.950674,string_acoustic_056-068-100,string_acoustic_056-068-100,/root/autodl-tmp/tokenizer-eval/data/nsynth/nsynth-valid/audio/string_acoustic_056-068-100.wav,436,string_acoustic_056,8,string,0,acoustic,68,100,16000,fast_decay|percussive|reverb
-34.015545,38.486504,flute_synthetic_000-042-075,flute_synthetic_000-042-075,/root/autodl-tmp/tokenizer-eval/data/nsynth/nsynth-valid/audio/flute_synthetic_000-042-075.wav,82,flute_synthetic_000,2,flute,2,synthetic,42,75,16000,distortion
13.395014,-14.818295,mallet_acoustic_062-072-127,mallet_acoustic_062-072-127,/root/autodl-tmp/tokenizer-eval/data/nsynth/nsynth-valid/audio/mallet_acoustic_062-072-127.wav,644,mallet_acoustic_062,5,mallet,0,acoustic,72,127,16000,dark|multiphonic
-60.9342,30.9518,vocal_synthetic_003-041-050,vocal_synthetic_003-041-050,/root/autodl-tmp/tokenizer-eval/data/nsynth/nsynth-valid/audio/vocal_synthetic_003-041-050.wav,37,vocal_synthetic_003,10,vocal,2,synthetic,41,50,16000,distortion|long_release|nonlinear_env
-6.5937886,-86.23741,vocal_synthetic_003-085-075,vocal_synthetic_003-085-075,/root/autodl-tmp/tokenizer-eval/data/nsynth/nsynth-valid/audio/vocal_synthetic_003-085-075.wav,37,vocal_synthetic_003,10,vocal,2,synthetic,85,75,16000,bright|distortion|long_release|nonlinear_env
24.498407,-30.225197,reed_acoustic_018-075-050,reed_acoustic_018-075-050,/root/autodl-tmp/tokenizer-eval/data/nsynth/nsynth-valid/audio/reed_acoustic_018-075-050.wav,183,reed_acoustic_018,7,reed,0,acoustic,75,50,16000,
38.841938,-25.437866,keyboard_electronic_078-087-127,keyboard_electronic_078-087-127,/root/autodl-tmp/tokenizer-eval/data/nsynth/nsynth-valid/audio/keyboard_electronic_078-087-127.wav,838,keyboard_electronic_078,4,keyboard,1,electronic,87,127,16000,fast_decay
-51.69116,19.778908,string_acoustic_071-036-100,string_acoustic_071-036-100,/root/autodl-tmp/tokenizer-eval/data/nsynth/nsynth-valid/audio/string_acoustic_071-036-100.wav,609,string_acoustic_071,8,string,0,acoustic,36,100,16000,long_release|reverb
0.71352386,51.17143,keyboard_electronic_069-031-075,keyboard_electronic_069-031-075,/root/autodl-tmp/tokenizer-eval/data/nsynth/nsynth-valid/audio/keyboard_electronic_069-031-075.wav,805,keyboard_electronic_069,4,keyboard,1,electronic,31,75,16000,distortion
0.29804188,-61.878532,string_acoustic_057-093-025,string_acoustic_057-093-025,/root/autodl-tmp/tokenizer-eval/data/nsynth/nsynth-valid/audio/string_acoustic_057-093-025.wav,450,string_acoustic_057,8,string,0,acoustic,93,25,16000,bright|nonlinear_env|reverb
27.023617,57.71,bass_electronic_025-037-100,bass_electronic_025-037-100,/root/autodl-tmp/tokenizer-eval/data/nsynth/nsynth-valid/audio/bass_electronic_025-037-100.wav,872,bass_electronic_025,0,bass,1,electronic,37,100,16000,
-56.690594,-28.448973,vocal_synthetic_003-052-127,vocal_synthetic_003-052-127,/root/autodl-tmp/tokenizer-eval/data/nsynth/nsynth-valid/audio/vocal_synthetic_003-052-127.wav,37,vocal_synthetic_003,10,vocal,2,synthetic,52,127,16000,bright|distortion|long_release|nonlinear_env
96.79663,1.4567018,reed_acoustic_023-066-075,reed_acoustic_023-066-075,/root/autodl-tmp/tokenizer-eval/data/nsynth/nsynth-valid/audio/reed_acoustic_023-066-075.wav,224,reed_acoustic_023,7,reed,0,acoustic,66,75,16000,bright|fast_decay|multiphonic|nonlinear_env
4.383712,64.7947,organ_electronic_057-039-025,organ_electronic_057-039-025,/root/autodl-tmp/tokenizer-eval/data/nsynth/nsynth-valid/audio/organ_electronic_057-039-025.wav,701,organ_electronic_057,6,organ,1,electronic,39,25,16000,dark
19.742496,-39.778152,vocal_synthetic_003-075-100,vocal_synthetic_003-075-100,/root/autodl-tmp/tokenizer-eval/data/nsynth/nsynth-valid/audio/vocal_synthetic_003-075-100.wav,37,vocal_synthetic_003,10,vocal,2,synthetic,75,100,16000,bright|distortion|long_release|nonlinear_env
-18.686172,-64.40113,flute_acoustic_002-081-050,flute_acoustic_002-081-050,/root/autodl-tmp/tokenizer-eval/data/nsynth/nsynth-valid/audio/flute_acoustic_002-081-050.wav,86,flute_acoustic_002,2,flute,0,acoustic,81,50,16000,reverb
1.5426295,21.162914,guitar_acoustic_015-061-025,guitar_acoustic_015-061-025,/root/autodl-tmp/tokenizer-eval/data/nsynth/nsynth-valid/audio/guitar_acoustic_015-061-025.wav,316,guitar_acoustic_015,3,guitar,0,acoustic,61,25,16000,reverb
-46.332626,-4.2768407,reed_acoustic_011-053-127,reed_acoustic_011-053-127,/root/autodl-tmp/tokenizer-eval/data/nsynth/nsynth-valid/audio/reed_acoustic_011-053-127.wav,104,reed_acoustic_011,7,reed,0,acoustic,53,127,16000,bright
0.2611003,62.149765,organ_electronic_001-039-100,organ_electronic_001-039-100,/root/autodl-tmp/tokenizer-eval/data/nsynth/nsynth-valid/audio/organ_electronic_001-039-100.wav,8,organ_electronic_001,6,organ,1,electronic,39,100,16000,dark
32.820747,30.013174,string_acoustic_014-059-025,string_acoustic_014-059-025,/root/autodl-tmp/tokenizer-eval/data/nsynth/nsynth-valid/audio/string_acoustic_014-059-025.wav,100,string_acoustic_014,8,string,0,acoustic,59,25,16000,dark|reverb
15.699696,6.830614,keyboard_electronic_001-060-050,keyboard_electronic_001-060-050,/root/autodl-tmp/tokenizer-eval/data/nsynth/nsynth-valid/audio/keyboard_electronic_001-060-050.wav,40,keyboard_electronic_001,4,keyboard,1,electronic,60,50,16000,dark
-7.535062,-50.251698,organ_electronic_001-089-050,organ_electronic_001-089-050,/root/autodl-tmp/tokenizer-eval/data/nsynth/nsynth-valid/audio/organ_electronic_001-089-050.wav,8,organ_electronic_001,6,organ,1,electronic,89,50,16000,
6.572102,63.207214,organ_electronic_057-035-075,organ_electronic_057-035-075,/root/autodl-tmp/tokenizer-eval/data/nsynth/nsynth-valid/audio/organ_electronic_057-035-075.wav,701,organ_electronic_057,6,organ,1,electronic,35,75,16000,dark
-17.859716,-1.2490594,brass_acoustic_016-061-100,brass_acoustic_016-061-100,/root/autodl-tmp/tokenizer-eval/data/nsynth/nsynth-valid/audio/brass_acoustic_016-061-100.wav,128,brass_acoustic_016,1,brass,0,acoustic,61,100,16000,bright
-50.210045,-31.461937,vocal_synthetic_003-090-100,vocal_synthetic_003-090-100,/root/autodl-tmp/tokenizer-eval/data/nsynth/nsynth-valid/audio/vocal_synthetic_003-090-100.wav,37,vocal_synthetic_003,10,vocal,2,synthetic,90,100,16000,bright|distortion|long_release|nonlinear_env
-5.5243754,45.41243,keyboard_electronic_069-049-025,keyboard_electronic_069-049-025,/root/autodl-tmp/tokenizer-eval/data/nsynth/nsynth-valid/audio/keyboard_electronic_069-049-025.wav,805,keyboard_electronic_069,4,keyboard,1,electronic,49,25,16000,distortion
-60.577843,31.172129,vocal_synthetic_003-041-025,vocal_synthetic_003-041-025,/root/autodl-tmp/tokenizer-eval/data/nsynth/nsynth-valid/audio/vocal_synthetic_003-041-025.wav,37,vocal_synthetic_003,10,vocal,2,synthetic,41,25,16000,distortion|long_release|nonlinear_env
97.437874,-3.9385555,mallet_acoustic_062-080-025,mallet_acoustic_062-080-025,/root/autodl-tmp/tokenizer-eval/data/nsynth/nsynth-valid/audio/mallet_acoustic_062-080-025.wav,644,mallet_acoustic_062,5,mallet,0,acoustic,80,25,16000,fast_decay|multiphonic|percussive
8.825715,-60.40499,string_acoustic_057-089-100,string_acoustic_057-089-100,/root/autodl-tmp/tokenizer-eval/data/nsynth/nsynth-valid/audio/string_acoustic_057-089-100.wav,450,string_acoustic_057,8,string,0,acoustic,89,100,16000,nonlinear_env|reverb
77.854004,-15.528099,keyboard_synthetic_000-070-050,keyboard_synthetic_000-070-050,/root/autodl-tmp/tokenizer-eval/data/nsynth/nsynth-valid/audio/keyboard_synthetic_000-070-050.wav,577,keyboard_synthetic_000,4,keyboard,2,synthetic,70,50,16000,distortion|fast_decay|nonlinear_env
-58.01091,-28.037807,vocal_synthetic_003-049-100,vocal_synthetic_003-049-100,/root/autodl-tmp/tokenizer-eval/data/nsynth/nsynth-valid/audio/vocal_synthetic_003-049-100.wav,37,vocal_synthetic_003,10,vocal,2,synthetic,49,100,16000,bright|distortion|long_release|nonlinear_env
0.6709394,66.895935,organ_electronic_104-035-100,organ_electronic_104-035-100,/root/autodl-tmp/tokenizer-eval/data/nsynth/nsynth-valid/audio/organ_electronic_104-035-100.wav,921,organ_electronic_104,6,organ,1,electronic,35,100,16000,
34.482433,-37.71468,keyboard_electronic_069-087-025,keyboard_electronic_069-087-025,/root/autodl-tmp/tokenizer-eval/data/nsynth/nsynth-valid/audio/keyboard_electronic_069-087-025.wav,805,keyboard_electronic_069,4,keyboard,1,electronic,87,25,16000,
94.28637,4.5175023,reed_acoustic_023-048-075,reed_acoustic_023-048-075,/root/autodl-tmp/tokenizer-eval/data/nsynth/nsynth-valid/audio/reed_acoustic_023-048-075.wav,224,reed_acoustic_023,7,reed,0,acoustic,48,75,16000,bright|fast_decay|multiphonic|nonlinear_env
4.5097337,64.882935,organ_electronic_057-038-050,organ_electronic_057-038-050,/root/autodl-tmp/tokenizer-eval/data/nsynth/nsynth-valid/audio/organ_electronic_057-038-050.wav,701,organ_electronic_057,6,organ,1,electronic,38,50,16000,dark
-50.412117,-19.112976,string_acoustic_012-055-075,string_acoustic_012-055-075,/root/autodl-tmp/tokenizer-eval/data/nsynth/nsynth-valid/audio/string_acoustic_012-055-075.wav,97,string_acoustic_012,8,string,0,acoustic,55,75,16000,long_release|reverb
32.03973,30.144733,string_acoustic_014-057-075,string_acoustic_014-057-075,/root/autodl-tmp/tokenizer-eval/data/nsynth/nsynth-valid/audio/string_acoustic_014-057-075.wav,100,string_acoustic_014,8,string,0,acoustic,57,75,16000,dark|reverb
30.52424,-47.729313,vocal_synthetic_003-086-127,vocal_synthetic_003-086-127,/root/autodl-tmp/tokenizer-eval/data/nsynth/nsynth-valid/audio/vocal_synthetic_003-086-127.wav,37,vocal_synthetic_003,10,vocal,2,synthetic,86,127,16000,bright|distortion|long_release|nonlinear_env
-27.698135,-7.988167,vocal_acoustic_000-064-100,vocal_acoustic_000-064-100,/root/autodl-tmp/tokenizer-eval/data/nsynth/nsynth-valid/audio/vocal_acoustic_000-064-100.wav,46,vocal_acoustic_000,10,vocal,0,acoustic,64,100,16000,reverb
-62.320118,-27.418251,vocal_synthetic_003-044-075,vocal_synthetic_003-044-075,/root/autodl-tmp/tokenizer-eval/data/nsynth/nsynth-valid/audio/vocal_synthetic_003-044-075.wav,37,vocal_synthetic_003,10,vocal,2,synthetic,44,75,16000,distortion|long_release|nonlinear_env
-9.262364,20.660288,brass_acoustic_015-042-025,brass_acoustic_015-042-025,/root/autodl-tmp/tokenizer-eval/data/nsynth/nsynth-valid/audio/brass_acoustic_015-042-025.wav,121,brass_acoustic_015,1,brass,0,acoustic,42,25,16000,reverb
38.06185,24.375763,mallet_acoustic_047-088-050,mallet_acoustic_047-088-050,/root/autodl-tmp/tokenizer-eval/data/nsynth/nsynth-valid/audio/mallet_acoustic_047-088-050.wav,488,mallet_acoustic_047,5,mallet,0,acoustic,88,50,16000,fast_decay|percussive|reverb
-68.19724,24.54661,vocal_synthetic_003-040-075,vocal_synthetic_003-040-075,/root/autodl-tmp/tokenizer-eval/data/nsynth/nsynth-valid/audio/vocal_synthetic_003-040-075.wav,37,vocal_synthetic_003,10,vocal,2,synthetic,40,75,16000,distortion|long_release|nonlinear_env
9.877363,-25.887753,bass_synthetic_009-073-100,bass_synthetic_009-073-100,/root/autodl-tmp/tokenizer-eval/data/nsynth/nsynth-valid/audio/bass_synthetic_009-073-100.wav,150,bass_synthetic_009,0,bass,2,synthetic,73,100,16000,bright|distortion|long_release
12.825186,-74.38647,mallet_acoustic_062-094-127,mallet_acoustic_062-094-127,/root/autodl-tmp/tokenizer-eval/data/nsynth/nsynth-valid/audio/mallet_acoustic_062-094-127.wav,644,mallet_acoustic_062,5,mallet,0,acoustic,94,127,16000,multiphonic
-43.84713,41.797256,string_acoustic_071-031-025,string_acoustic_071-031-025,/root/autodl-tmp/tokenizer-eval/data/nsynth/nsynth-valid/audio/string_acoustic_071-031-025.wav,609,string_acoustic_071,8,string,0,acoustic,31,25,16000,reverb
8.234493,-67.3996,organ_electronic_028-091-075,organ_electronic_028-091-075,/root/autodl-tmp/tokenizer-eval/data/nsynth/nsynth-valid/audio/organ_electronic_028-091-075.wav,440,organ_electronic_028,6,organ,1,electronic,91,75,16000,
-20.626606,9.572773,organ_electronic_104-055-025,organ_electronic_104-055-025,/root/autodl-tmp/tokenizer-eval/data/nsynth/nsynth-valid/audio/organ_electronic_104-055-025.wav,921,organ_electronic_104,6,organ,1,electronic,55,25,16000,
-44.493664,-33.54119,vocal_synthetic_003-064-100,vocal_synthetic_003-064-100,/root/autodl-tmp/tokenizer-eval/data/nsynth/nsynth-valid/audio/vocal_synthetic_003-064-100.wav,37,vocal_synthetic_003,10,vocal,2,synthetic,64,100,16000,bright|distortion|long_release|nonlinear_env
-64.67917,-5.4465585,reed_acoustic_037-037-025,reed_acoustic_037-037-025,/root/autodl-tmp/tokenizer-eval/data/nsynth/nsynth-valid/audio/reed_acoustic_037-037-025.wav,387,reed_acoustic_037,7,reed,0,acoustic,37,25,16000,reverb
29.445593,42.77401,bass_synthetic_134-046-100,bass_synthetic_134-046-100,/root/autodl-tmp/tokenizer-eval/data/nsynth/nsynth-valid/audio/bass_synthetic_134-046-100.wav,914,bass_synthetic_134,0,bass,2,synthetic,46,100,16000,dark|reverb
98.00912,0.13668752,keyboard_synthetic_000-050-127,keyboard_synthetic_000-050-127,/root/autodl-tmp/tokenizer-eval/data/nsynth/nsynth-valid/audio/keyboard_synthetic_000-050-127.wav,577,keyboard_synthetic_000,4,keyboard,2,synthetic,50,127,16000,bright|distortion|fast_decay|nonlinear_env
-33.46893,-16.13602,string_acoustic_057-062-025,string_acoustic_057-062-025,/root/autodl-tmp/tokenizer-eval/data/nsynth/nsynth-valid/audio/string_acoustic_057-062-025.wav,450,string_acoustic_057,8,string,0,acoustic,62,25,16000,bright|nonlinear_env|reverb
51.196903,22.524569,mallet_acoustic_056-064-075,mallet_acoustic_056-064-075,/root/autodl-tmp/tokenizer-eval/data/nsynth/nsynth-valid/audio/mallet_acoustic_056-064-075.wav,590,mallet_acoustic_056,5,mallet,0,acoustic,64,75,16000,fast_decay
-54.722904,12.302526,string_acoustic_071-047-127,string_acoustic_071-047-127,/root/autodl-tmp/tokenizer-eval/data/nsynth/nsynth-valid/audio/string_acoustic_071-047-127.wav,609,string_acoustic_071,8,string,0,acoustic,47,127,16000,long_release|reverb
-7.3799205,34.251526,guitar_electronic_028-051-127,guitar_electronic_028-051-127,/root/autodl-tmp/tokenizer-eval/data/nsynth/nsynth-valid/audio/guitar_electronic_028-051-127.wav,510,guitar_electronic_028,3,guitar,1,electronic,51,127,16000,
28.412657,-41.51364,string_acoustic_057-086-075,string_acoustic_057-086-075,/root/autodl-tmp/tokenizer-eval/data/nsynth/nsynth-valid/audio/string_acoustic_057-086-075.wav,450,string_acoustic_057,8,string,0,acoustic,86,75,16000,nonlinear_env|reverb
7.7319207,-3.7601433,bass_synthetic_135-070-100,bass_synthetic_135-070-100,/root/autodl-tmp/tokenizer-eval/data/nsynth/nsynth-valid/audio/bass_synthetic_135-070-100.wav,927,bass_synthetic_135,0,bass,2,synthetic,70,100,16000,distortion
-33.806725,-45.17961,flute_synthetic_000-089-100,flute_synthetic_000-089-100,/root/autodl-tmp/tokenizer-eval/data/nsynth/nsynth-valid/audio/flute_synthetic_000-089-100.wav,82,flute_synthetic_000,2,flute,2,synthetic,89,100,16000,distortion
32.82059,30.012651,string_acoustic_014-059-100,string_acoustic_014-059-100,/root/autodl-tmp/tokenizer-eval/data/nsynth/nsynth-valid/audio/string_acoustic_014-059-100.wav,100,string_acoustic_014,8,string,0,acoustic,59,100,16000,dark|reverb
-65.24365,7.377196,brass_acoustic_059-031-075,brass_acoustic_059-031-075,/root/autodl-tmp/tokenizer-eval/data/nsynth/nsynth-valid/audio/brass_acoustic_059-031-075.wav,572,brass_acoustic_059,1,brass,0,acoustic,31,75,16000,bright|reverb
13.587795,-22.456087,organ_electronic_057-073-025,organ_electronic_057-073-025,/root/autodl-tmp/tokenizer-eval/data/nsynth/nsynth-valid/audio/organ_electronic_057-073-025.wav,701,organ_electronic_057,6,organ,1,electronic,73,25,16000,
-7.322027,-29.08436,reed_acoustic_037-071-075,reed_acoustic_037-071-075,/root/autodl-tmp/tokenizer-eval/data/nsynth/nsynth-valid/audio/reed_acoustic_037-071-075.wav,387,reed_acoustic_037,7,reed,0,acoustic,71,75,16000,reverb
-61.168232,-28.90855,vocal_synthetic_003-046-075,vocal_synthetic_003-046-075,/root/autodl-tmp/tokenizer-eval/data/nsynth/nsynth-valid/audio/vocal_synthetic_003-046-075.wav,37,vocal_synthetic_003,10,vocal,2,synthetic,46,75,16000,distortion|long_release|nonlinear_env
23.532911,57.450397,bass_electronic_025-042-075,bass_electronic_025-042-075,/root/autodl-tmp/tokenizer-eval/data/nsynth/nsynth-valid/audio/bass_electronic_025-042-075.wav,872,bass_electronic_025,0,bass,1,electronic,42,75,16000,
-67.767,-2.098962,brass_acoustic_059-031-025,brass_acoustic_059-031-025,/root/autodl-tmp/tokenizer-eval/data/nsynth/nsynth-valid/audio/brass_acoustic_059-031-025.wav,572,brass_acoustic_059,1,brass,0,acoustic,31,25,16000,reverb
33.304165,49.499893,mallet_acoustic_062-038-075,mallet_acoustic_062-038-075,/root/autodl-tmp/tokenizer-eval/data/nsynth/nsynth-valid/audio/mallet_acoustic_062-038-075.wav,644,mallet_acoustic_062,5,mallet,0,acoustic,38,75,16000,dark|multiphonic
-12.968078,-42.203236,brass_acoustic_016-076-100,brass_acoustic_016-076-100,/root/autodl-tmp/tokenizer-eval/data/nsynth/nsynth-valid/audio/brass_acoustic_016-076-100.wav,128,brass_acoustic_016,1,brass,0,acoustic,76,100,16000,bright
-18.73248,41.247482,guitar_acoustic_014-049-100,guitar_acoustic_014-049-100,/root/autodl-tmp/tokenizer-eval/data/nsynth/nsynth-valid/audio/guitar_acoustic_014-049-100.wav,263,guitar_acoustic_014,3,guitar,0,acoustic,49,100,16000,
-46.875736,0.4011216,reed_acoustic_011-038-025,reed_acoustic_011-038-025,/root/autodl-tmp/tokenizer-eval/data/nsynth/nsynth-valid/audio/reed_acoustic_011-038-025.wav,104,reed_acoustic_011,7,reed,0,acoustic,38,25,16000,
-16.767065,54.08925,guitar_acoustic_021-032-100,guitar_acoustic_021-032-100,/root/autodl-tmp/tokenizer-eval/data/nsynth/nsynth-valid/audio/guitar_acoustic_021-032-100.wav,457,guitar_acoustic_021,3,guitar,0,acoustic,32,100,16000,
-67.09069,-5.670149,brass_acoustic_059-049-050,brass_acoustic_059-049-050,/root/autodl-tmp/tokenizer-eval/data/nsynth/nsynth-valid/audio/brass_acoustic_059-049-050.wav,572,brass_acoustic_059,1,brass,0,acoustic,49,50,16000,dark|reverb
23.836946,59.508694,bass_electronic_025-039-050,bass_electronic_025-039-050,/root/autodl-tmp/tokenizer-eval/data/nsynth/nsynth-valid/audio/bass_electronic_025-039-050.wav,872,bass_electronic_025,0,bass,1,electronic,39,50,16000,
-33.47572,9.000007,flute_synthetic_000-061-100,flute_synthetic_000-061-100,/root/autodl-tmp/tokenizer-eval/data/nsynth/nsynth-valid/audio/flute_synthetic_000-061-100.wav,82,flute_synthetic_000,2,flute,2,synthetic,61,100,16000,distortion
-23.331903,-17.059597,brass_acoustic_015-069-100,brass_acoustic_015-069-100,/root/autodl-tmp/tokenizer-eval/data/nsynth/nsynth-valid/audio/brass_acoustic_015-069-100.wav,121,brass_acoustic_015,1,brass,0,acoustic,69,100,16000,reverb
-34.98772,-55.896072,vocal_synthetic_003-077-075,vocal_synthetic_003-077-075,/root/autodl-tmp/tokenizer-eval/data/nsynth/nsynth-valid/audio/vocal_synthetic_003-077-075.wav,37,vocal_synthetic_003,10,vocal,2,synthetic,77,75,16000,bright|distortion|long_release|nonlinear_env
-0.5292755,-72.16269,vocal_synthetic_003-091-050,vocal_synthetic_003-091-050,/root/autodl-tmp/tokenizer-eval/data/nsynth/nsynth-valid/audio/vocal_synthetic_003-091-050.wav,37,vocal_synthetic_003,10,vocal,2,synthetic,91,50,16000,bright|distortion|long_release|nonlinear_env
-40.677616,-6.816683,reed_acoustic_018-059-075,reed_acoustic_018-059-075,/root/autodl-tmp/tokenizer-eval/data/nsynth/nsynth-valid/audio/reed_acoustic_018-059-075.wav,183,reed_acoustic_018,7,reed,0,acoustic,59,75,16000,
-27.333076,-39.48201,flute_synthetic_000-077-050,flute_synthetic_000-077-050,/root/autodl-tmp/tokenizer-eval/data/nsynth/nsynth-valid/audio/flute_synthetic_000-077-050.wav,82,flute_synthetic_000,2,flute,2,synthetic,77,50,16000,distortion
33.455624,-24.157791,mallet_acoustic_062-084-127,mallet_acoustic_062-084-127,/root/autodl-tmp/tokenizer-eval/data/nsynth/nsynth-valid/audio/mallet_acoustic_062-084-127.wav,644,mallet_acoustic_062,5,mallet,0,acoustic,84,127,16000,multiphonic
57.664265,-12.915994,keyboard_electronic_002-095-025,keyboard_electronic_002-095-025,/root/autodl-tmp/tokenizer-eval/data/nsynth/nsynth-valid/audio/keyboard_electronic_002-095-025.wav,50,keyboard_electronic_002,4,keyboard,1,electronic,95,25,16000,fast_decay|percussive
-7.1162663,31.958988,guitar_acoustic_015-053-050,guitar_acoustic_015-053-050,/root/autodl-tmp/tokenizer-eval/data/nsynth/nsynth-valid/audio/guitar_acoustic_015-053-050.wav,316,guitar_acoustic_015,3,guitar,0,acoustic,53,50,16000,reverb
9.650027,-9.15897,guitar_electronic_028-071-127,guitar_electronic_028-071-127,/root/autodl-tmp/tokenizer-eval/data/nsynth/nsynth-valid/audio/guitar_electronic_028-071-127.wav,510,guitar_electronic_028,3,guitar,1,electronic,71,127,16000,
-44.26975,-0.043226555,reed_acoustic_011-041-025,reed_acoustic_011-041-025,/root/autodl-tmp/tokenizer-eval/data/nsynth/nsynth-valid/audio/reed_acoustic_011-041-025.wav,104,reed_acoustic_011,7,reed,0,acoustic,41,25,16000,
20.387186,32.93687,bass_electronic_018-055-100,bass_electronic_018-055-100,/root/autodl-tmp/tokenizer-eval/data/nsynth/nsynth-valid/audio/bass_electronic_018-055-100.wav,759,bass_electronic_018,0,bass,1,electronic,55,100,16000,
90.09582,-14.460818,reed_acoustic_023-079-127,reed_acoustic_023-079-127,/root/autodl-tmp/tokenizer-eval/data/nsynth/nsynth-valid/audio/reed_acoustic_023-079-127.wav,224,reed_acoustic_023,7,reed,0,acoustic,79,127,16000,bright|fast_decay|multiphonic|nonlinear_env
-18.45566,33.921234,keyboard_electronic_078-045-025,keyboard_electronic_078-045-025,/root/autodl-tmp/tokenizer-eval/data/nsynth/nsynth-valid/audio/keyboard_electronic_078-045-025.wav,838,keyboard_electronic_078,4,keyboard,1,electronic,45,25,16000,bright
-62.53215,-0.59878856,brass_acoustic_059-051-075,brass_acoustic_059-051-075,/root/autodl-tmp/tokenizer-eval/data/nsynth/nsynth-valid/audio/brass_acoustic_059-051-075.wav,572,brass_acoustic_059,1,brass,0,acoustic,51,75,16000,bright|reverb
-117.73931,-30.058762,brass_acoustic_046-095-127,brass_acoustic_046-095-127,/root/autodl-tmp/tokenizer-eval/data/nsynth/nsynth-valid/audio/brass_acoustic_046-095-127.wav,414,brass_acoustic_046,1,brass,0,acoustic,95,127,16000,long_release
-54.007236,40.416122,string_acoustic_071-051-075,string_acoustic_071-051-075,/root/autodl-tmp/tokenizer-eval/data/nsynth/nsynth-valid/audio/string_acoustic_071-051-075.wav,609,string_acoustic_071,8,string,0,acoustic,51,75,16000,reverb
-16.767296,-12.191288,flute_synthetic_000-070-025,flute_synthetic_000-070-025,/root/autodl-tmp/tokenizer-eval/data/nsynth/nsynth-valid/audio/flute_synthetic_000-070-025.wav,82,flute_synthetic_000,2,flute,2,synthetic,70,25,16000,distortion
-23.469303,-35.84665,brass_acoustic_046-066-025,brass_acoustic_046-066-025,/root/autodl-tmp/tokenizer-eval/data/nsynth/nsynth-valid/audio/brass_acoustic_046-066-025.wav,414,brass_acoustic_046,1,brass,0,acoustic,66,25,16000,
-69.87099,-0.60446596,organ_electronic_007-038-100,organ_electronic_007-038-100,/root/autodl-tmp/tokenizer-eval/data/nsynth/nsynth-valid/audio/organ_electronic_007-038-100.wav,123,organ_electronic_007,6,organ,1,electronic,38,100,16000,distortion|long_release|nonlinear_env
46.46569,2.332678,mallet_acoustic_047-068-050,mallet_acoustic_047-068-050,/root/autodl-tmp/tokenizer-eval/data/nsynth/nsynth-valid/audio/mallet_acoustic_047-068-050.wav,488,mallet_acoustic_047,5,mallet,0,acoustic,68,50,16000,fast_decay|percussive|reverb
-13.748015,85.60731,bass_synthetic_098-075-100,bass_synthetic_098-075-100,/root/autodl-tmp/tokenizer-eval/data/nsynth/nsynth-valid/audio/bass_synthetic_098-075-100.wav,803,bass_synthetic_098,0,bass,2,synthetic,75,100,16000,
58.0756,1.8510425,mallet_acoustic_047-074-100,mallet_acoustic_047-074-100,/root/autodl-tmp/tokenizer-eval/data/nsynth/nsynth-valid/audio/mallet_acoustic_047-074-100.wav,488,mallet_acoustic_047,5,mallet,0,acoustic,74,100,16000,fast_decay|percussive|reverb
-20.320374,54.60262,flute_synthetic_000-033-050,flute_synthetic_000-033-050,/root/autodl-tmp/tokenizer-eval/data/nsynth/nsynth-valid/audio/flute_synthetic_000-033-050.wav,82,flute_synthetic_000,2,flute,2,synthetic,33,50,16000,distortion
-54.642582,19.197393,string_acoustic_012-031-127,string_acoustic_012-031-127,/root/autodl-tmp/tokenizer-eval/data/nsynth/nsynth-valid/audio/string_acoustic_012-031-127.wav,97,string_acoustic_012,8,string,0,acoustic,31,127,16000,reverb
-51.385902,19.348791,string_acoustic_012-035-025,string_acoustic_012-035-025,/root/autodl-tmp/tokenizer-eval/data/nsynth/nsynth-valid/audio/string_acoustic_012-035-025.wav,97,string_acoustic_012,8,string,0,acoustic,35,25,16000,long_release|reverb
-49.1933,40.97876,string_acoustic_071-048-100,string_acoustic_071-048-100,/root/autodl-tmp/tokenizer-eval/data/nsynth/nsynth-valid/audio/string_acoustic_071-048-100.wav,609,string_acoustic_071,8,string,0,acoustic,48,100,16000,long_release|reverb
92.07063,2.542689,reed_acoustic_023-058-100,reed_acoustic_023-058-100,/root/autodl-tmp/tokenizer-eval/data/nsynth/nsynth-valid/audio/reed_acoustic_023-058-100.wav,224,reed_acoustic_023,7,reed,0,acoustic,58,100,16000,bright|fast_decay|multiphonic|nonlinear_env
56.339314,2.568282,mallet_acoustic_047-078-127,mallet_acoustic_047-078-127,/root/autodl-tmp/tokenizer-eval/data/nsynth/nsynth-valid/audio/mallet_acoustic_047-078-127.wav,488,mallet_acoustic_047,5,mallet,0,acoustic,78,127,16000,fast_decay|percussive|reverb
-53.749466,17.966171,string_acoustic_080-033-050,string_acoustic_080-033-050,/root/autodl-tmp/tokenizer-eval/data/nsynth/nsynth-valid/audio/string_acoustic_080-033-050.wav,675,string_acoustic_080,8,string,0,acoustic,33,50,16000,reverb
89.86865,-7.462592,reed_acoustic_023-084-025,reed_acoustic_023-084-025,/root/autodl-tmp/tokenizer-eval/data/nsynth/nsynth-valid/audio/reed_acoustic_023-084-025.wav,224,reed_acoustic_023,7,reed,0,acoustic,84,25,16000,bright|fast_decay|multiphonic|nonlinear_env
6.1249723,-35.53386,guitar_electronic_028-084-100,guitar_electronic_028-084-100,/root/autodl-tmp/tokenizer-eval/data/nsynth/nsynth-valid/audio/guitar_electronic_028-084-100.wav,510,guitar_electronic_028,3,guitar,1,electronic,84,100,16000,
8.884662,-60.167984,string_acoustic_057-089-050,string_acoustic_057-089-050,/root/autodl-tmp/tokenizer-eval/data/nsynth/nsynth-valid/audio/string_acoustic_057-089-050.wav,450,string_acoustic_057,8,string,0,acoustic,89,50,16000,bright|nonlinear_env|reverb
7.49883,-65.12625,flute_acoustic_002-090-100,flute_acoustic_002-090-100,/root/autodl-tmp/tokenizer-eval/data/nsynth/nsynth-valid/audio/flute_acoustic_002-090-100.wav,86,flute_acoustic_002,2,flute,0,acoustic,90,100,16000,long_release|reverb
-15.211148,-64.1493,flute_acoustic_002-082-127,flute_acoustic_002-082-127,/root/autodl-tmp/tokenizer-eval/data/nsynth/nsynth-valid/audio/flute_acoustic_002-082-127.wav,86,flute_acoustic_002,2,flute,0,acoustic,82,127,16000,long_release|reverb
7.781259,-0.6420213,keyboard_electronic_002-069-075,keyboard_electronic_002-069-075,/root/autodl-tmp/tokenizer-eval/data/nsynth/nsynth-valid/audio/keyboard_electronic_002-069-075.wav,50,keyboard_electronic_002,4,keyboard,1,electronic,69,75,16000,
24.359072,53.40493,keyboard_electronic_003-043-050,keyboard_electronic_003-043-050,/root/autodl-tmp/tokenizer-eval/data/nsynth/nsynth-valid/audio/keyboard_electronic_003-043-050.wav,65,keyboard_electronic_003,4,keyboard,1,electronic,43,50,16000,dark
5.435194,-35.03232,guitar_electronic_028-083-127,guitar_electronic_028-083-127,/root/autodl-tmp/tokenizer-eval/data/nsynth/nsynth-valid/audio/guitar_electronic_028-083-127.wav,510,guitar_electronic_028,3,guitar,1,electronic,83,127,16000,
4.032777,-63.401646,string_acoustic_057-091-127,string_acoustic_057-091-127,/root/autodl-tmp/tokenizer-eval/data/nsynth/nsynth-valid/audio/string_acoustic_057-091-127.wav,450,string_acoustic_057,8,string,0,acoustic,91,127,16000,nonlinear_env|reverb
34.342987,17.889774,mallet_acoustic_047-065-075,mallet_acoustic_047-065-075,/root/autodl-tmp/tokenizer-eval/data/nsynth/nsynth-valid/audio/mallet_acoustic_047-065-075.wav,488,mallet_acoustic_047,5,mallet,0,acoustic,65,75,16000,reverb
-20.20284,15.750705,organ_electronic_001-065-050,organ_electronic_001-065-050,/root/autodl-tmp/tokenizer-eval/data/nsynth/nsynth-valid/audio/organ_electronic_001-065-050.wav,8,organ_electronic_001,6,organ,1,electronic,65,50,16000,
27.48137,-37.257885,brass_acoustic_046-074-127,brass_acoustic_046-074-127,/root/autodl-tmp/tokenizer-eval/data/nsynth/nsynth-valid/audio/brass_acoustic_046-074-127.wav,414,brass_acoustic_046,1,brass,0,acoustic,74,127,16000,bright
21.968092,-33.781487,organ_electronic_007-075-100,organ_electronic_007-075-100,/root/autodl-tmp/tokenizer-eval/data/nsynth/nsynth-valid/audio/organ_electronic_007-075-100.wav,123,organ_electronic_007,6,organ,1,electronic,75,100,16000,distortion|long_release|nonlinear_env
39.27426,-25.29453,guitar_acoustic_030-087-127,guitar_acoustic_030-087-127,/root/autodl-tmp/tokenizer-eval/data/nsynth/nsynth-valid/audio/guitar_acoustic_030-087-127.wav,642,guitar_acoustic_030,3,guitar,0,acoustic,87,127,16000,fast_decay|tempo-synced
68.15601,21.969038,mallet_acoustic_056-053-100,mallet_acoustic_056-053-100,/root/autodl-tmp/tokenizer-eval/data/nsynth/nsynth-valid/audio/mallet_acoustic_056-053-100.wav,590,mallet_acoustic_056,5,mallet,0,acoustic,53,100,16000,bright|fast_decay|percussive
20.684042,57.597034,keyboard_electronic_098-043-025,keyboard_electronic_098-043-025,/root/autodl-tmp/tokenizer-eval/data/nsynth/nsynth-valid/audio/keyboard_electronic_098-043-025.wav,905,keyboard_electronic_098,4,keyboard,1,electronic,43,25,16000,dark
37.02998,45.54844,mallet_acoustic_062-033-050,mallet_acoustic_062-033-050,/root/autodl-tmp/tokenizer-eval/data/nsynth/nsynth-valid/audio/mallet_acoustic_062-033-050.wav,644,mallet_acoustic_062,5,mallet,0,acoustic,33,50,16000,dark|multiphonic
-72.32354,27.796562,vocal_synthetic_003-031-127,vocal_synthetic_003-031-127,/root/autodl-tmp/tokenizer-eval/data/nsynth/nsynth-valid/audio/vocal_synthetic_003-031-127.wav,37,vocal_synthetic_003,10,vocal,2,synthetic,31,127,16000,bright|distortion|long_release|nonlinear_env
-35.716724,-45.82569,organ_electronic_113-077-127,organ_electronic_113-077-127,/root/autodl-tmp/tokenizer-eval/data/nsynth/nsynth-valid/audio/organ_electronic_113-077-127.wav,958,organ_electronic_113,6,organ,1,electronic,77,127,16000,
71.06124,22.057802,mallet_acoustic_056-048-025,mallet_acoustic_056-048-025,/root/autodl-tmp/tokenizer-eval/data/nsynth/nsynth-valid/audio/mallet_acoustic_056-048-025.wav,590,mallet_acoustic_056,5,mallet,0,acoustic,48,25,16000,bright|fast_decay|percussive
6.667807,-61.052094,string_acoustic_057-090-127,string_acoustic_057-090-127,/root/autodl-tmp/tokenizer-eval/data/nsynth/nsynth-valid/audio/string_acoustic_057-090-127.wav,450,string_acoustic_057,8,string,0,acoustic,90,127,16000,nonlinear_env|reverb
-43.447536,41.554573,string_acoustic_080-032-025,string_acoustic_080-032-025,/root/autodl-tmp/tokenizer-eval/data/nsynth/nsynth-valid/audio/string_acoustic_080-032-025.wav,675,string_acoustic_080,8,string,0,acoustic,32,25,16000,long_release|reverb
-5.7769504,33.059868,keyboard_electronic_098-052-127,keyboard_electronic_098-052-127,/root/autodl-tmp/tokenizer-eval/data/nsynth/nsynth-valid/audio/keyboard_electronic_098-052-127.wav,905,keyboard_electronic_098,4,keyboard,1,electronic,52,127,16000,
-6.434782,19.825077,brass_acoustic_015-041-127,brass_acoustic_015-041-127,/root/autodl-tmp/tokenizer-eval/data/nsynth/nsynth-valid/audio/brass_acoustic_015-041-127.wav,121,brass_acoustic_015,1,brass,0,acoustic,41,127,16000,reverb
-44.242603,-3.6235735,reed_acoustic_011-055-025,reed_acoustic_011-055-025,/root/autodl-tmp/tokenizer-eval/data/nsynth/nsynth-valid/audio/reed_acoustic_011-055-025.wav,104,reed_acoustic_011,7,reed,0,acoustic,55,25,16000,
-53.948524,40.494286,string_acoustic_012-051-050,string_acoustic_012-051-050,/root/autodl-tmp/tokenizer-eval/data/nsynth/nsynth-valid/audio/string_acoustic_012-051-050.wav,97,string_acoustic_012,8,string,0,acoustic,51,50,16000,reverb
-19.11139,55.835903,flute_synthetic_000-031-127,flute_synthetic_000-031-127,/root/autodl-tmp/tokenizer-eval/data/nsynth/nsynth-valid/audio/flute_synthetic_000-031-127.wav,82,flute_synthetic_000,2,flute,2,synthetic,31,127,16000,distortion
16.072256,29.23794,keyboard_electronic_003-058-025,keyboard_electronic_003-058-025,/root/autodl-tmp/tokenizer-eval/data/nsynth/nsynth-valid/audio/keyboard_electronic_003-058-025.wav,65,keyboard_electronic_003,4,keyboard,1,electronic,58,25,16000,dark
13.705119,0.4676372,guitar_acoustic_021-066-025,guitar_acoustic_021-066-025,/root/autodl-tmp/tokenizer-eval/data/nsynth/nsynth-valid/audio/guitar_acoustic_021-066-025.wav,457,guitar_acoustic_021,3,guitar,0,acoustic,66,25,16000,
27.790506,48.765736,mallet_acoustic_062-042-127,mallet_acoustic_062-042-127,/root/autodl-tmp/tokenizer-eval/data/nsynth/nsynth-valid/audio/mallet_acoustic_062-042-127.wav,644,mallet_acoustic_062,5,mallet,0,acoustic,42,127,16000,dark|long_release|multiphonic
41.04044,36.47935,mallet_acoustic_062-032-025,mallet_acoustic_062-032-025,/root/autodl-tmp/tokenizer-eval/data/nsynth/nsynth-valid/audio/mallet_acoustic_062-032-025.wav,644,mallet_acoustic_062,5,mallet,0,acoustic,32,25,16000,dark|multiphonic
16.651018,-65.81371,keyboard_electronic_003-088-100,keyboard_electronic_003-088-100,/root/autodl-tmp/tokenizer-eval/data/nsynth/nsynth-valid/audio/keyboard_electronic_003-088-100.wav,65,keyboard_electronic_003,4,keyboard,1,electronic,88,100,16000,
36.728756,47.999287,mallet_acoustic_062-034-075,mallet_acoustic_062-034-075,/root/autodl-tmp/tokenizer-eval/data/nsynth/nsynth-valid/audio/mallet_acoustic_062-034-075.wav,644,mallet_acoustic_062,5,mallet,0,acoustic,34,75,16000,dark|multiphonic
-69.05351,22.585285,vocal_synthetic_003-042-100,vocal_synthetic_003-042-100,/root/autodl-tmp/tokenizer-eval/data/nsynth/nsynth-valid/audio/vocal_synthetic_003-042-100.wav,37,vocal_synthetic_003,10,vocal,2,synthetic,42,100,16000,bright|distortion|long_release|nonlinear_env
2.674203,6.7556205,guitar_electronic_028-067-075,guitar_electronic_028-067-075,/root/autodl-tmp/tokenizer-eval/data/nsynth/nsynth-valid/audio/guitar_electronic_028-067-075.wav,510,guitar_electronic_028,3,guitar,1,electronic,67,75,16000,
-69.349724,25.218904,vocal_synthetic_003-038-100,vocal_synthetic_003-038-100,/root/autodl-tmp/tokenizer-eval/data/nsynth/nsynth-valid/audio/vocal_synthetic_003-038-100.wav,37,vocal_synthetic_003,10,vocal,2,synthetic,38,100,16000,bright|distortion|long_release|nonlinear_env
-14.866206,48.179634,guitar_acoustic_021-038-100,guitar_acoustic_021-038-100,/root/autodl-tmp/tokenizer-eval/data/nsynth/nsynth-valid/audio/guitar_acoustic_021-038-100.wav,457,guitar_acoustic_021,3,guitar,0,acoustic,38,100,16000,
11.561091,-59.60608,string_acoustic_057-088-127,string_acoustic_057-088-127,/root/autodl-tmp/tokenizer-eval/data/nsynth/nsynth-valid/audio/string_acoustic_057-088-127.wav,450,string_acoustic_057,8,string,0,acoustic,88,127,16000,nonlinear_env|reverb
-25.002377,0.3744205,flute_synthetic_000-069-050,flute_synthetic_000-069-050,/root/autodl-tmp/tokenizer-eval/data/nsynth/nsynth-valid/audio/flute_synthetic_000-069-050.wav,82,flute_synthetic_000,2,flute,2,synthetic,69,50,16000,distortion
-18.98188,0.6409909,brass_acoustic_016-058-050,brass_acoustic_016-058-050,/root/autodl-tmp/tokenizer-eval/data/nsynth/nsynth-valid/audio/brass_acoustic_016-058-050.wav,128,brass_acoustic_016,1,brass,0,acoustic,58,50,16000,bright
109.79391,-3.0777578,mallet_acoustic_062-082-025,mallet_acoustic_062-082-025,/root/autodl-tmp/tokenizer-eval/data/nsynth/nsynth-valid/audio/mallet_acoustic_062-082-025.wav,644,mallet_acoustic_062,5,mallet,0,acoustic,82,25,16000,fast_decay|multiphonic|percussive
77.146576,-17.105692,keyboard_synthetic_000-082-100,keyboard_synthetic_000-082-100,/root/autodl-tmp/tokenizer-eval/data/nsynth/nsynth-valid/audio/keyboard_synthetic_000-082-100.wav,577,keyboard_synthetic_000,4,keyboard,2,synthetic,82,100,16000,bright|distortion|fast_decay|nonlinear_env
-26.503214,-79.07227,bass_synthetic_009-085-127,bass_synthetic_009-085-127,/root/autodl-tmp/tokenizer-eval/data/nsynth/nsynth-valid/audio/bass_synthetic_009-085-127.wav,150,bass_synthetic_009,0,bass,2,synthetic,85,127,16000,bright|distortion|long_release
80.009636,-13.878188,keyboard_synthetic_000-048-050,keyboard_synthetic_000-048-050,/root/autodl-tmp/tokenizer-eval/data/nsynth/nsynth-valid/audio/keyboard_synthetic_000-048-050.wav,577,keyboard_synthetic_000,4,keyboard,2,synthetic,48,50,16000,distortion|fast_decay|nonlinear_env
-54.01545,24.689629,string_acoustic_080-038-127,string_acoustic_080-038-127,/root/autodl-tmp/tokenizer-eval/data/nsynth/nsynth-valid/audio/string_acoustic_080-038-127.wav,675,string_acoustic_080,8,string,0,acoustic,38,127,16000,long_release|reverb
-40.69501,-5.8859825,reed_acoustic_018-052-050,reed_acoustic_018-052-050,/root/autodl-tmp/tokenizer-eval/data/nsynth/nsynth-valid/audio/reed_acoustic_018-052-050.wav,183,reed_acoustic_018,7,reed,0,acoustic,52,50,16000,
-29.560555,-61.400043,vocal_synthetic_003-079-100,vocal_synthetic_003-079-100,/root/autodl-tmp/tokenizer-eval/data/nsynth/nsynth-valid/audio/vocal_synthetic_003-079-100.wav,37,vocal_synthetic_003,10,vocal,2,synthetic,79,100,16000,bright|distortion|long_release|nonlinear_env
-59.119076,-6.21993,reed_acoustic_037-048-025,reed_acoustic_037-048-025,/root/autodl-tmp/tokenizer-eval/data/nsynth/nsynth-valid/audio/reed_acoustic_037-048-025.wav,387,reed_acoustic_037,7,reed,0,acoustic,48,25,16000,reverb
12.105507,-74.94743,guitar_acoustic_030-094-100,guitar_acoustic_030-094-100,/root/autodl-tmp/tokenizer-eval/data/nsynth/nsynth-valid/audio/guitar_acoustic_030-094-100.wav,642,guitar_acoustic_030,3,guitar,0,acoustic,94,100,16000,tempo-synced
-8.192681,38.776215,guitar_acoustic_014-051-050,guitar_acoustic_014-051-050,/root/autodl-tmp/tokenizer-eval/data/nsynth/nsynth-valid/audio/guitar_acoustic_014-051-050.wav,263,guitar_acoustic_014,3,guitar,0,acoustic,51,50,16000,
22.30013,-39.576584,vocal_synthetic_003-074-075,vocal_synthetic_003-074-075,/root/autodl-tmp/tokenizer-eval/data/nsynth/nsynth-valid/audio/vocal_synthetic_003-074-075.wav,37,vocal_synthetic_003,10,vocal,2,synthetic,74,75,16000,bright|distortion|long_release|nonlinear_env
-37.51289,-22.72272,brass_acoustic_046-067-050,brass_acoustic_046-067-050,/root/autodl-tmp/tokenizer-eval/data/nsynth/nsynth-valid/audio/brass_acoustic_046-067-050.wav,414,brass_acoustic_046,1,brass,0,acoustic,67,50,16000,
26.613518,-33.81891,brass_acoustic_015-074-100,brass_acoustic_015-074-100,/root/autodl-tmp/tokenizer-eval/data/nsynth/nsynth-valid/audio/brass_acoustic_015-074-100.wav,121,brass_acoustic_015,1,brass,0,acoustic,74,100,16000,reverb
18.988132,68.89659,bass_synthetic_135-033-127,bass_synthetic_135-033-127,/root/autodl-tmp/tokenizer-eval/data/nsynth/nsynth-valid/audio/bass_synthetic_135-033-127.wav,927,bass_synthetic_135,0,bass,2,synthetic,33,127,16000,distortion
-13.882011,84.892426,bass_synthetic_098-073-127,bass_synthetic_098-073-127,/root/autodl-tmp/tokenizer-eval/data/nsynth/nsynth-valid/audio/bass_synthetic_098-073-127.wav,803,bass_synthetic_098,0,bass,2,synthetic,73,127,16000,
-69.9966,11.285925,bass_synthetic_009-034-050,bass_synthetic_009-034-050,/root/autodl-tmp/tokenizer-eval/data/nsynth/nsynth-valid/audio/bass_synthetic_009-034-050.wav,150,bass_synthetic_009,0,bass,2,synthetic,34,50,16000,bright|distortion|long_release
17.54242,29.402498,mallet_acoustic_062-053-100,mallet_acoustic_062-053-100,/root/autodl-tmp/tokenizer-eval/data/nsynth/nsynth-valid/audio/mallet_acoustic_062-053-100.wav,644,mallet_acoustic_062,5,mallet,0,acoustic,53,100,16000,dark|multiphonic
-38.120888,47.27229,guitar_acoustic_014-040-127,guitar_acoustic_014-040-127,/root/autodl-tmp/tokenizer-eval/data/nsynth/nsynth-valid/audio/guitar_acoustic_014-040-127.wav,263,guitar_acoustic_014,3,guitar,0,acoustic,40,127,16000,
8.175555,1.1580822,keyboard_electronic_002-068-025,keyboard_electronic_002-068-025,/root/autodl-tmp/tokenizer-eval/data/nsynth/nsynth-valid/audio/keyboard_electronic_002-068-025.wav,50,keyboard_electronic_002,4,keyboard,1,electronic,68,25,16000,
-18.345703,44.61067,guitar_acoustic_021-043-025,guitar_acoustic_021-043-025,/root/autodl-tmp/tokenizer-eval/data/nsynth/nsynth-valid/audio/guitar_acoustic_021-043-025.wav,457,guitar_acoustic_021,3,guitar,0,acoustic,43,25,16000,
-40.308067,-29.243572,vocal_synthetic_003-068-127,vocal_synthetic_003-068-127,/root/autodl-tmp/tokenizer-eval/data/nsynth/nsynth-valid/audio/vocal_synthetic_003-068-127.wav,37,vocal_synthetic_003,10,vocal,2,synthetic,68,127,16000,bright|distortion|long_release|nonlinear_env
-17.419512,-22.908325,flute_acoustic_002-070-025,flute_acoustic_002-070-025,/root/autodl-tmp/tokenizer-eval/data/nsynth/nsynth-valid/audio/flute_acoustic_002-070-025.wav,86,flute_acoustic_002,2,flute,0,acoustic,70,25,16000,long_release|reverb
-49.531063,-27.917973,vocal_synthetic_003-059-100,vocal_synthetic_003-059-100,/root/autodl-tmp/tokenizer-eval/data/nsynth/nsynth-valid/audio/vocal_synthetic_003-059-100.wav,37,vocal_synthetic_003,10,vocal,2,synthetic,59,100,16000,bright|distortion|long_release|nonlinear_env
19.95642,2.7181492,guitar_electronic_028-080-025,guitar_electronic_028-080-025,/root/autodl-tmp/tokenizer-eval/data/nsynth/nsynth-valid/audio/guitar_electronic_028-080-025.wav,510,guitar_electronic_028,3,guitar,1,electronic,80,25,16000,
7.242516,62.866886,organ_electronic_057-034-075,organ_electronic_057-034-075,/root/autodl-tmp/tokenizer-eval/data/nsynth/nsynth-valid/audio/organ_electronic_057-034-075.wav,701,organ_electronic_057,6,organ,1,electronic,34,75,16000,dark
-14.113788,31.227814,keyboard_electronic_078-032-050,keyboard_electronic_078-032-050,/root/autodl-tmp/tokenizer-eval/data/nsynth/nsynth-valid/audio/keyboard_electronic_078-032-050.wav,838,keyboard_electronic_078,4,keyboard,1,electronic,32,50,16000,bright
-63.37444,10.164838,brass_acoustic_006-035-075,brass_acoustic_006-035-075,/root/autodl-tmp/tokenizer-eval/data/nsynth/nsynth-valid/audio/brass_acoustic_006-035-075.wav,43,brass_acoustic_006,1,brass,0,acoustic,35,75,16000,reverb
-67.72012,-1.1646962,brass_acoustic_059-038-025,brass_acoustic_059-038-025,/root/autodl-tmp/tokenizer-eval/data/nsynth/nsynth-valid/audio/brass_acoustic_059-038-025.wav,572,brass_acoustic_059,1,brass,0,acoustic,38,25,16000,long_release|reverb
92.745255,8.340801,reed_acoustic_023-032-100,reed_acoustic_023-032-100,/root/autodl-tmp/tokenizer-eval/data/nsynth/nsynth-valid/audio/reed_acoustic_023-032-100.wav,224,reed_acoustic_023,7,reed,0,acoustic,32,100,16000,bright|fast_decay|multiphonic|nonlinear_env
-35.820522,30.104269,flute_synthetic_000-049-075,flute_synthetic_000-049-075,/root/autodl-tmp/tokenizer-eval/data/nsynth/nsynth-valid/audio/flute_synthetic_000-049-075.wav,82,flute_synthetic_000,2,flute,2,synthetic,49,75,16000,distortion
-19.87524,54.199757,flute_synthetic_000-033-025,flute_synthetic_000-033-025,/root/autodl-tmp/tokenizer-eval/data/nsynth/nsynth-valid/audio/flute_synthetic_000-033-025.wav,82,flute_synthetic_000,2,flute,2,synthetic,33,25,16000,distortion
32.33727,-41.59927,organ_electronic_028-087-025,organ_electronic_028-087-025,/root/autodl-tmp/tokenizer-eval/data/nsynth/nsynth-valid/audio/organ_electronic_028-087-025.wav,440,organ_electronic_028,6,organ,1,electronic,87,25,16000,
-18.94121,-64.969086,flute_acoustic_002-081-127,flute_acoustic_002-081-127,/root/autodl-tmp/tokenizer-eval/data/nsynth/nsynth-valid/audio/flute_acoustic_002-081-127.wav,86,flute_acoustic_002,2,flute,0,acoustic,81,127,16000,long_release|reverb
-2.7245622,48.59643,keyboard_electronic_069-037-025,keyboard_electronic_069-037-025,/root/autodl-tmp/tokenizer-eval/data/nsynth/nsynth-valid/audio/keyboard_electronic_069-037-025.wav,805,keyboard_electronic_069,4,keyboard,1,electronic,37,25,16000,distortion
67.998215,-1.1914852,mallet_acoustic_056-035-100,mallet_acoustic_056-035-100,/root/autodl-tmp/tokenizer-eval/data/nsynth/nsynth-valid/audio/mallet_acoustic_056-035-100.wav,590,mallet_acoustic_056,5,mallet,0,acoustic,35,100,16000,bright|fast_decay|percussive
1.1301531,21.451094,guitar_acoustic_021-061-100,guitar_acoustic_021-061-100,/root/autodl-tmp/tokenizer-eval/data/nsynth/nsynth-valid/audio/guitar_acoustic_021-061-100.wav,457,guitar_acoustic_021,3,guitar,0,acoustic,61,100,16000,
-34.734577,14.52744,flute_synthetic_000-058-050,flute_synthetic_000-058-050,/root/autodl-tmp/tokenizer-eval/data/nsynth/nsynth-valid/audio/flute_synthetic_000-058-050.wav,82,flute_synthetic_000,2,flute,2,synthetic,58,50,16000,distortion
-21.789806,37.61852,keyboard_acoustic_004-035-127,keyboard_acoustic_004-035-127,/root/autodl-tmp/tokenizer-eval/data/nsynth/nsynth-valid/audio/keyboard_acoustic_004-035-127.wav,327,keyboard_acoustic_004,4,keyboard,0,acoustic,35,127,16000,reverb
7.7683973,63.32867,organ_electronic_113-033-050,organ_electronic_113-033-050,/root/autodl-tmp/tokenizer-eval/data/nsynth/nsynth-valid/audio/organ_electronic_113-033-050.wav,958,organ_electronic_113,6,organ,1,electronic,33,50,16000,dark
60.64535,-13.408859,guitar_acoustic_021-096-075,guitar_acoustic_021-096-075,/root/autodl-tmp/tokenizer-eval/data/nsynth/nsynth-valid/audio/guitar_acoustic_021-096-075.wav,457,guitar_acoustic_021,3,guitar,0,acoustic,96,75,16000,fast_decay|percussive
37.94689,-12.0829935,bass_synthetic_068-081-025,bass_synthetic_068-081-025,/root/autodl-tmp/tokenizer-eval/data/nsynth/nsynth-valid/audio/bass_synthetic_068-081-025.wav,656,bass_synthetic_068,0,bass,2,synthetic,81,25,16000,fast_decay
17.789867,40.445595,bass_synthetic_034-049-100,bass_synthetic_034-049-100,/root/autodl-tmp/tokenizer-eval/data/nsynth/nsynth-valid/audio/bass_synthetic_034-049-100.wav,420,bass_synthetic_034,0,bass,2,synthetic,49,100,16000,distortion|tempo-synced
-7.524709,-85.01795,vocal_synthetic_003-084-025,vocal_synthetic_003-084-025,/root/autodl-tmp/tokenizer-eval/data/nsynth/nsynth-valid/audio/vocal_synthetic_003-084-025.wav,37,vocal_synthetic_003,10,vocal,2,synthetic,84,25,16000,bright|distortion|long_release|nonlinear_env
-44.212593,-13.244414,brass_acoustic_006-064-050,brass_acoustic_006-064-050,/root/autodl-tmp/tokenizer-eval/data/nsynth/nsynth-valid/audio/brass_acoustic_006-064-050.wav,43,brass_acoustic_006,1,brass,0,acoustic,64,50,16000,reverb
-63.638653,-3.6154041,reed_acoustic_037-036-050,reed_acoustic_037-036-050,/root/autodl-tmp/tokenizer-eval/data/nsynth/nsynth-valid/audio/reed_acoustic_037-036-050.wav,387,reed_acoustic_037,7,reed,0,acoustic,36,50,16000,reverb
-32.191917,47.712288,flute_synthetic_000-039-075,flute_synthetic_000-039-075,/root/autodl-tmp/tokenizer-eval/data/nsynth/nsynth-valid/audio/flute_synthetic_000-039-075.wav,82,flute_synthetic_000,2,flute,2,synthetic,39,75,16000,distortion
-35.391167,34.319107,flute_synthetic_000-046-100,flute_synthetic_000-046-100,/root/autodl-tmp/tokenizer-eval/data/nsynth/nsynth-valid/audio/flute_synthetic_000-046-100.wav,82,flute_synthetic_000,2,flute,2,synthetic,46,100,16000,distortion
-15.179336,-40.980415,brass_acoustic_016-080-127,brass_acoustic_016-080-127,/root/autodl-tmp/tokenizer-eval/data/nsynth/nsynth-valid/audio/brass_acoustic_016-080-127.wav,128,brass_acoustic_016,1,brass,0,acoustic,80,127,16000,bright
-34.08462,10.662334,flute_synthetic_000-060-100,flute_synthetic_000-060-100,/root/autodl-tmp/tokenizer-eval/data/nsynth/nsynth-valid/audio/flute_synthetic_000-060-100.wav,82,flute_synthetic_000,2,flute,2,synthetic,60,100,16000,distortion
14.201516,-7.0669193,guitar_acoustic_015-071-075,guitar_acoustic_015-071-075,/root/autodl-tmp/tokenizer-eval/data/nsynth/nsynth-valid/audio/guitar_acoustic_015-071-075.wav,316,guitar_acoustic_015,3,guitar,0,acoustic,71,75,16000,reverb
-29.346457,52.448162,flute_synthetic_000-034-025,flute_synthetic_000-034-025,/root/autodl-tmp/tokenizer-eval/data/nsynth/nsynth-valid/audio/flute_synthetic_000-034-025.wav,82,flute_synthetic_000,2,flute,2,synthetic,34,25,16000,distortion
-2.0913281,-50.62164,organ_electronic_001-095-025,organ_electronic_001-095-025,/root/autodl-tmp/tokenizer-eval/data/nsynth/nsynth-valid/audio/organ_electronic_001-095-025.wav,8,organ_electronic_001,6,organ,1,electronic,95,25,16000,
-19.748497,0.61298895,brass_acoustic_016-056-127,brass_acoustic_016-056-127,/root/autodl-tmp/tokenizer-eval/data/nsynth/nsynth-valid/audio/brass_acoustic_016-056-127.wav,128,brass_acoustic_016,1,brass,0,acoustic,56,127,16000,
57.44137,-5.0141716,string_acoustic_056-072-075,string_acoustic_056-072-075,/root/autodl-tmp/tokenizer-eval/data/nsynth/nsynth-valid/audio/string_acoustic_056-072-075.wav,436,string_acoustic_056,8,string,0,acoustic,72,75,16000,fast_decay|percussive|reverb
-57.92086,14.7066765,keyboard_electronic_001-034-075,keyboard_electronic_001-034-075,/root/autodl-tmp/tokenizer-eval/data/nsynth/nsynth-valid/audio/keyboard_electronic_001-034-075.wav,40,keyboard_electronic_001,4,keyboard,1,electronic,34,75,16000,dark
-48.322906,40.148613,string_acoustic_012-045-025,string_acoustic_012-045-025,/root/autodl-tmp/tokenizer-eval/data/nsynth/nsynth-valid/audio/string_acoustic_012-045-025.wav,97,string_acoustic_012,8,string,0,acoustic,45,25,16000,long_release|reverb
23.25842,53.747986,keyboard_electronic_098-033-050,keyboard_electronic_098-033-050,/root/autodl-tmp/tokenizer-eval/data/nsynth/nsynth-valid/audio/keyboard_electronic_098-033-050.wav,905,keyboard_electronic_098,4,keyboard,1,electronic,33,50,16000,dark|distortion
14.17347,-64.036865,guitar_acoustic_010-089-025,guitar_acoustic_010-089-025,/root/autodl-tmp/tokenizer-eval/data/nsynth/nsynth-valid/audio/guitar_acoustic_010-089-025.wav,219,guitar_acoustic_010,3,guitar,0,acoustic,89,25,16000,
-3.3937216,-27.399248,brass_acoustic_006-072-127,brass_acoustic_006-072-127,/root/autodl-tmp/tokenizer-eval/data/nsynth/nsynth-valid/audio/brass_acoustic_006-072-127.wav,43,brass_acoustic_006,1,brass,0,acoustic,72,127,16000,reverb
-46.010357,-28.72935,vocal_synthetic_003-061-050,vocal_synthetic_003-061-050,/root/autodl-tmp/tokenizer-eval/data/nsynth/nsynth-valid/audio/vocal_synthetic_003-061-050.wav,37,vocal_synthetic_003,10,vocal,2,synthetic,61,50,16000,bright|distortion|long_release|nonlinear_env
29.602167,-40.662415,reed_acoustic_018-086-075,reed_acoustic_018-086-075,/root/autodl-tmp/tokenizer-eval/data/nsynth/nsynth-valid/audio/reed_acoustic_018-086-075.wav,183,reed_acoustic_018,7,reed,0,acoustic,86,75,16000,
-12.892855,86.72107,bass_synthetic_098-085-075,bass_synthetic_098-085-075,/root/autodl-tmp/tokenizer-eval/data/nsynth/nsynth-valid/audio/bass_synthetic_098-085-075.wav,803,bass_synthetic_098,0,bass,2,synthetic,85,75,16000,
-1.8315088,-45.3285,organ_electronic_007-083-075,organ_electronic_007-083-075,/root/autodl-tmp/tokenizer-eval/data/nsynth/nsynth-valid/audio/organ_electronic_007-083-075.wav,123,organ_electronic_007,6,organ,1,electronic,83,75,16000,bright|distortion|long_release|nonlinear_env
-31.000725,-18.493332,string_acoustic_057-056-100,string_acoustic_057-056-100,/root/autodl-tmp/tokenizer-eval/data/nsynth/nsynth-valid/audio/string_acoustic_057-056-100.wav,450,string_acoustic_057,8,string,0,acoustic,56,100,16000,nonlinear_env|reverb
1.8988942,14.502469,guitar_acoustic_014-064-050,guitar_acoustic_014-064-050,/root/autodl-tmp/tokenizer-eval/data/nsynth/nsynth-valid/audio/guitar_acoustic_014-064-050.wav,263,guitar_acoustic_014,3,guitar,0,acoustic,64,50,16000,
-34.92362,36.887478,flute_synthetic_000-044-075,flute_synthetic_000-044-075,/root/autodl-tmp/tokenizer-eval/data/nsynth/nsynth-valid/audio/flute_synthetic_000-044-075.wav,82,flute_synthetic_000,2,flute,2,synthetic,44,75,16000,distortion
-53.54239,24.204027,string_acoustic_080-038-025,string_acoustic_080-038-025,/root/autodl-tmp/tokenizer-eval/data/nsynth/nsynth-valid/audio/string_acoustic_080-038-025.wav,675,string_acoustic_080,8,string,0,acoustic,38,25,16000,long_release|reverb
-18.422153,-54.029648,string_acoustic_057-079-127,string_acoustic_057-079-127,/root/autodl-tmp/tokenizer-eval/data/nsynth/nsynth-valid/audio/string_acoustic_057-079-127.wav,450,string_acoustic_057,8,string,0,acoustic,79,127,16000,bright|nonlinear_env|reverb
-67.907875,25.74651,vocal_synthetic_003-039-075,vocal_synthetic_003-039-075,/root/autodl-tmp/tokenizer-eval/data/nsynth/nsynth-valid/audio/vocal_synthetic_003-039-075.wav,37,vocal_synthetic_003,10,vocal,2,synthetic,39,75,16000,distortion|long_release|nonlinear_env
-12.928789,-18.839954,organ_electronic_104-070-025,organ_electronic_104-070-025,/root/autodl-tmp/tokenizer-eval/data/nsynth/nsynth-valid/audio/organ_electronic_104-070-025.wav,921,organ_electronic_104,6,organ,1,electronic,70,25,16000,
-70.27918,28.688591,vocal_synthetic_003-034-075,vocal_synthetic_003-034-075,/root/autodl-tmp/tokenizer-eval/data/nsynth/nsynth-valid/audio/vocal_synthetic_003-034-075.wav,37,vocal_synthetic_003,10,vocal,2,synthetic,34,75,16000,distortion|long_release|nonlinear_env
-1.5060872,-40.90724,flute_acoustic_002-083-025,flute_acoustic_002-083-025,/root/autodl-tmp/tokenizer-eval/data/nsynth/nsynth-valid/audio/flute_acoustic_002-083-025.wav,86,flute_acoustic_002,2,flute,0,acoustic,83,25,16000,reverb
-55.281494,-11.207882,reed_acoustic_037-053-075,reed_acoustic_037-053-075,/root/autodl-tmp/tokenizer-eval/data/nsynth/nsynth-valid/audio/reed_acoustic_037-053-075.wav,387,reed_acoustic_037,7,reed,0,acoustic,53,75,16000,reverb
-38.110287,47.313038,guitar_acoustic_014-039-100,guitar_acoustic_014-039-100,/root/autodl-tmp/tokenizer-eval/data/nsynth/nsynth-valid/audio/guitar_acoustic_014-039-100.wav,263,guitar_acoustic_014,3,guitar,0,acoustic,39,100,16000,
23.971182,2.3357334,bass_synthetic_135-078-025,bass_synthetic_135-078-025,/root/autodl-tmp/tokenizer-eval/data/nsynth/nsynth-valid/audio/bass_synthetic_135-078-025.wav,927,bass_synthetic_135,0,bass,2,synthetic,78,25,16000,distortion
67.52099,-23.40549,reed_acoustic_023-096-025,reed_acoustic_023-096-025,/root/autodl-tmp/tokenizer-eval/data/nsynth/nsynth-valid/audio/reed_acoustic_023-096-025.wav,224,reed_acoustic_023,7,reed,0,acoustic,96,25,16000,fast_decay|multiphonic|nonlinear_env|percussive
-64.878456,6.905281,brass_acoustic_059-034-075,brass_acoustic_059-034-075,/root/autodl-tmp/tokenizer-eval/data/nsynth/nsynth-valid/audio/brass_acoustic_059-034-075.wav,572,brass_acoustic_059,1,brass,0,acoustic,34,75,16000,bright|reverb
-65.05851,7.2377357,brass_acoustic_059-032-075,brass_acoustic_059-032-075,/root/autodl-tmp/tokenizer-eval/data/nsynth/nsynth-valid/audio/brass_acoustic_059-032-075.wav,572,brass_acoustic_059,1,brass,0,acoustic,32,75,16000,bright|reverb
24.410978,4.017275,keyboard_acoustic_004-078-075,keyboard_acoustic_004-078-075,/root/autodl-tmp/tokenizer-eval/data/nsynth/nsynth-valid/audio/keyboard_acoustic_004-078-075.wav,327,keyboard_acoustic_004,4,keyboard,0,acoustic,78,75,16000,reverb
-7.3866663,-84.975815,vocal_synthetic_003-084-050,vocal_synthetic_003-084-050,/root/autodl-tmp/tokenizer-eval/data/nsynth/nsynth-valid/audio/vocal_synthetic_003-084-050.wav,37,vocal_synthetic_003,10,vocal,2,synthetic,84,50,16000,bright|distortion|long_release|nonlinear_env
-35.842693,34.269764,flute_synthetic_000-046-127,flute_synthetic_000-046-127,/root/autodl-tmp/tokenizer-eval/data/nsynth/nsynth-valid/audio/flute_synthetic_000-046-127.wav,82,flute_synthetic_000,2,flute,2,synthetic,46,127,16000,distortion
-18.741129,13.183351,organ_electronic_001-055-050,organ_electronic_001-055-050,/root/autodl-tmp/tokenizer-eval/data/nsynth/nsynth-valid/audio/organ_electronic_001-055-050.wav,8,organ_electronic_001,6,organ,1,electronic,55,50,16000,dark
1.7049934,-76.53869,vocal_synthetic_003-089-050,vocal_synthetic_003-089-050,/root/autodl-tmp/tokenizer-eval/data/nsynth/nsynth-valid/audio/vocal_synthetic_003-089-050.wav,37,vocal_synthetic_003,10,vocal,2,synthetic,89,50,16000,bright|distortion|long_release|nonlinear_env
-27.744375,-33.15671,flute_synthetic_000-080-127,flute_synthetic_000-080-127,/root/autodl-tmp/tokenizer-eval/data/nsynth/nsynth-valid/audio/flute_synthetic_000-080-127.wav,82,flute_synthetic_000,2,flute,2,synthetic,80,127,16000,distortion
29.709396,53.678318,bass_synthetic_033-031-050,bass_synthetic_033-031-050,/root/autodl-tmp/tokenizer-eval/data/nsynth/nsynth-valid/audio/bass_synthetic_033-031-050.wav,417,bass_synthetic_033,0,bass,2,synthetic,31,50,16000,dark
-36.836517,-41.231102,brass_acoustic_006-076-050,brass_acoustic_006-076-050,/root/autodl-tmp/tokenizer-eval/data/nsynth/nsynth-valid/audio/brass_acoustic_006-076-050.wav,43,brass_acoustic_006,1,brass,0,acoustic,76,50,16000,reverb
-33.538292,-28.935612,bass_synthetic_009-068-025,bass_synthetic_009-068-025,/root/autodl-tmp/tokenizer-eval/data/nsynth/nsynth-valid/audio/bass_synthetic_009-068-025.wav,150,bass_synthetic_009,0,bass,2,synthetic,68,25,16000,bright|distortion|long_release
-31.870052,-28.697035,flute_acoustic_002-068-127,flute_acoustic_002-068-127,/root/autodl-tmp/tokenizer-eval/data/nsynth/nsynth-valid/audio/flute_acoustic_002-068-127.wav,86,flute_acoustic_002,2,flute,0,acoustic,68,127,16000,long_release|reverb
59.880096,-4.1995454,string_acoustic_056-071-025,string_acoustic_056-071-025,/root/autodl-tmp/tokenizer-eval/data/nsynth/nsynth-valid/audio/string_acoustic_056-071-025.wav,436,string_acoustic_056,8,string,0,acoustic,71,25,16000,fast_decay|percussive|reverb
-62.297905,-5.4376884,reed_acoustic_037-033-025,reed_acoustic_037-033-025,/root/autodl-tmp/tokenizer-eval/data/nsynth/nsynth-valid/audio/reed_acoustic_037-033-025.wav,387,reed_acoustic_037,7,reed,0,acoustic,33,25,16000,reverb
11.057585,-22.642881,reed_acoustic_011-073-050,reed_acoustic_011-073-050,/root/autodl-tmp/tokenizer-eval/data/nsynth/nsynth-valid/audio/reed_acoustic_011-073-050.wav,104,reed_acoustic_011,7,reed,0,acoustic,73,50,16000,
-52.710663,40.290386,string_acoustic_071-053-100,string_acoustic_071-053-100,/root/autodl-tmp/tokenizer-eval/data/nsynth/nsynth-valid/audio/string_acoustic_071-053-100.wav,609,string_acoustic_071,8,string,0,acoustic,53,100,16000,reverb
-0.8939684,-63.500027,organ_electronic_007-093-127,organ_electronic_007-093-127,/root/autodl-tmp/tokenizer-eval/data/nsynth/nsynth-valid/audio/organ_electronic_007-093-127.wav,123,organ_electronic_007,6,organ,1,electronic,93,127,16000,long_release|nonlinear_env
-25.551441,3.877174,flute_synthetic_000-066-050,flute_synthetic_000-066-050,/root/autodl-tmp/tokenizer-eval/data/nsynth/nsynth-valid/audio/flute_synthetic_000-066-050.wav,82,flute_synthetic_000,2,flute,2,synthetic,66,50,16000,distortion
14.868337,32.067905,bass_synthetic_135-057-050,bass_synthetic_135-057-050,/root/autodl-tmp/tokenizer-eval/data/nsynth/nsynth-valid/audio/bass_synthetic_135-057-050.wav,927,bass_synthetic_135,0,bass,2,synthetic,57,50,16000,distortion
48.198936,-1.2663397,mallet_acoustic_047-094-100,mallet_acoustic_047-094-100,/root/autodl-tmp/tokenizer-eval/data/nsynth/nsynth-valid/audio/mallet_acoustic_047-094-100.wav,488,mallet_acoustic_047,5,mallet,0,acoustic,94,100,16000,fast_decay|percussive|reverb
13.9312725,-14.967955,mallet_acoustic_062-073-100,mallet_acoustic_062-073-100,/root/autodl-tmp/tokenizer-eval/data/nsynth/nsynth-valid/audio/mallet_acoustic_062-073-100.wav,644,mallet_acoustic_062,5,mallet,0,acoustic,73,100,16000,dark|multiphonic
55.546215,-5.434868,guitar_acoustic_015-082-075,guitar_acoustic_015-082-075,/root/autodl-tmp/tokenizer-eval/data/nsynth/nsynth-valid/audio/guitar_acoustic_015-082-075.wav,316,guitar_acoustic_015,3,guitar,0,acoustic,82,75,16000,fast_decay|percussive|reverb
-19.669487,-52.454346,flute_acoustic_002-079-050,flute_acoustic_002-079-050,/root/autodl-tmp/tokenizer-eval/data/nsynth/nsynth-valid/audio/flute_acoustic_002-079-050.wav,86,flute_acoustic_002,2,flute,0,acoustic,79,50,16000,reverb
34.701267,33.72286,string_acoustic_056-044-100,string_acoustic_056-044-100,/root/autodl-tmp/tokenizer-eval/data/nsynth/nsynth-valid/audio/string_acoustic_056-044-100.wav,436,string_acoustic_056,8,string,0,acoustic,44,100,16000,reverb
26.340727,-30.472544,flute_synthetic_000-087-100,flute_synthetic_000-087-100,/root/autodl-tmp/tokenizer-eval/data/nsynth/nsynth-valid/audio/flute_synthetic_000-087-100.wav,82,flute_synthetic_000,2,flute,2,synthetic,87,100,16000,distortion
8.967382,-27.367521,vocal_synthetic_003-073-127,vocal_synthetic_003-073-127,/root/autodl-tmp/tokenizer-eval/data/nsynth/nsynth-valid/audio/vocal_synthetic_003-073-127.wav,37,vocal_synthetic_003,10,vocal,2,synthetic,73,127,16000,bright|distortion|long_release|nonlinear_env
-11.969385,-9.178361,flute_synthetic_000-075-050,flute_synthetic_000-075-050,/root/autodl-tmp/tokenizer-eval/data/nsynth/nsynth-valid/audio/flute_synthetic_000-075-050.wav,82,flute_synthetic_000,2,flute,2,synthetic,75,50,16000,distortion
15.834293,60.081535,keyboard_electronic_003-034-050,keyboard_electronic_003-034-050,/root/autodl-tmp/tokenizer-eval/data/nsynth/nsynth-valid/audio/keyboard_electronic_003-034-050.wav,65,keyboard_electronic_003,4,keyboard,1,electronic,34,50,16000,dark
-50.35596,-17.984638,string_acoustic_071-054-050,string_acoustic_071-054-050,/root/autodl-tmp/tokenizer-eval/data/nsynth/nsynth-valid/audio/string_acoustic_071-054-050.wav,609,string_acoustic_071,8,string,0,acoustic,54,50,16000,reverb
26.6135,-33.81915,brass_acoustic_015-074-075,brass_acoustic_015-074-075,/root/autodl-tmp/tokenizer-eval/data/nsynth/nsynth-valid/audio/brass_acoustic_015-074-075.wav,121,brass_acoustic_015,1,brass,0,acoustic,74,75,16000,reverb
-33.930355,12.559057,flute_synthetic_000-059-100,flute_synthetic_000-059-100,/root/autodl-tmp/tokenizer-eval/data/nsynth/nsynth-valid/audio/flute_synthetic_000-059-100.wav,82,flute_synthetic_000,2,flute,2,synthetic,59,100,16000,distortion
19.775335,68.5945,bass_synthetic_135-033-025,bass_synthetic_135-033-025,/root/autodl-tmp/tokenizer-eval/data/nsynth/nsynth-valid/audio/bass_synthetic_135-033-025.wav,927,bass_synthetic_135,0,bass,2,synthetic,33,25,16000,distortion
25.893744,27.160759,bass_electronic_025-060-075,bass_electronic_025-060-075,/root/autodl-tmp/tokenizer-eval/data/nsynth/nsynth-valid/audio/bass_electronic_025-060-075.wav,872,bass_electronic_025,0,bass,1,electronic,60,75,16000,
23.870256,-14.255176,mallet_acoustic_062-075-127,mallet_acoustic_062-075-127,/root/autodl-tmp/tokenizer-eval/data/nsynth/nsynth-valid/audio/mallet_acoustic_062-075-127.wav,644,mallet_acoustic_062,5,mallet,0,acoustic,75,127,16000,dark|multiphonic
70.05849,-0.86407095,mallet_acoustic_056-038-100,mallet_acoustic_056-038-100,/root/autodl-tmp/tokenizer-eval/data/nsynth/nsynth-valid/audio/mallet_acoustic_056-038-100.wav,590,mallet_acoustic_056,5,mallet,0,acoustic,38,100,16000,bright|fast_decay|percussive
-42.63784,40.60365,string_acoustic_071-035-127,string_acoustic_071-035-127,/root/autodl-tmp/tokenizer-eval/data/nsynth/nsynth-valid/audio/string_acoustic_071-035-127.wav,609,string_acoustic_071,8,string,0,acoustic,35,127,16000,long_release|reverb
-18.22169,13.709628,organ_electronic_001-067-100,organ_electronic_001-067-100,/root/autodl-tmp/tokenizer-eval/data/nsynth/nsynth-valid/audio/organ_electronic_001-067-100.wav,8,organ_electronic_001,6,organ,1,electronic,67,100,16000,
100.32571,2.9660852,reed_acoustic_023-043-100,reed_acoustic_023-043-100,/root/autodl-tmp/tokenizer-eval/data/nsynth/nsynth-valid/audio/reed_acoustic_023-043-100.wav,224,reed_acoustic_023,7,reed,0,acoustic,43,100,16000,bright|fast_decay|multiphonic|nonlinear_env
-29.302328,-43.72679,flute_acoustic_002-077-127,flute_acoustic_002-077-127,/root/autodl-tmp/tokenizer-eval/data/nsynth/nsynth-valid/audio/flute_acoustic_002-077-127.wav,86,flute_acoustic_002,2,flute,0,acoustic,77,127,16000,reverb
79.6925,-15.6416855,keyboard_synthetic_000-069-050,keyboard_synthetic_000-069-050,/root/autodl-tmp/tokenizer-eval/data/nsynth/nsynth-valid/audio/keyboard_synthetic_000-069-050.wav,577,keyboard_synthetic_000,4,keyboard,2,synthetic,69,50,16000,distortion|fast_decay|nonlinear_env
20.755062,-67.84489,mallet_acoustic_056-090-050,mallet_acoustic_056-090-050,/root/autodl-tmp/tokenizer-eval/data/nsynth/nsynth-valid/audio/mallet_acoustic_056-090-050.wav,590,mallet_acoustic_056,5,mallet,0,acoustic,90,50,16000,fast_decay
20.918337,1.9634502,keyboard_electronic_069-079-127,keyboard_electronic_069-079-127,/root/autodl-tmp/tokenizer-eval/data/nsynth/nsynth-valid/audio/keyboard_electronic_069-079-127.wav,805,keyboard_electronic_069,4,keyboard,1,electronic,79,127,16000,distortion
-26.27678,-78.7181,bass_synthetic_009-083-127,bass_synthetic_009-083-127,/root/autodl-tmp/tokenizer-eval/data/nsynth/nsynth-valid/audio/bass_synthetic_009-083-127.wav,150,bass_synthetic_009,0,bass,2,synthetic,83,127,16000,bright|distortion|long_release
9.437783,-22.245691,flute_acoustic_002-073-025,flute_acoustic_002-073-025,/root/autodl-tmp/tokenizer-eval/data/nsynth/nsynth-valid/audio/flute_acoustic_002-073-025.wav,86,flute_acoustic_002,2,flute,0,acoustic,73,25,16000,long_release|reverb
-15.801574,54.91487,guitar_acoustic_014-031-050,guitar_acoustic_014-031-050,/root/autodl-tmp/tokenizer-eval/data/nsynth/nsynth-valid/audio/guitar_acoustic_014-031-050.wav,263,guitar_acoustic_014,3,guitar,0,acoustic,31,50,16000,
-16.970713,44.50485,guitar_acoustic_021-046-025,guitar_acoustic_021-046-025,/root/autodl-tmp/tokenizer-eval/data/nsynth/nsynth-valid/audio/guitar_acoustic_021-046-025.wav,457,guitar_acoustic_021,3,guitar,0,acoustic,46,25,16000,
12.143263,10.1758585,keyboard_acoustic_004-055-050,keyboard_acoustic_004-055-050,/root/autodl-tmp/tokenizer-eval/data/nsynth/nsynth-valid/audio/keyboard_acoustic_004-055-050.wav,327,keyboard_acoustic_004,4,keyboard,0,acoustic,55,50,16000,dark|reverb
33.08558,48.583298,mallet_acoustic_062-039-075,mallet_acoustic_062-039-075,/root/autodl-tmp/tokenizer-eval/data/nsynth/nsynth-valid/audio/mallet_acoustic_062-039-075.wav,644,mallet_acoustic_062,5,mallet,0,acoustic,39,75,16000,dark|multiphonic
-34.246136,-11.784883,string_acoustic_057-060-050,string_acoustic_057-060-050,/root/autodl-tmp/tokenizer-eval/data/nsynth/nsynth-valid/audio/string_acoustic_057-060-050.wav,450,string_acoustic_057,8,string,0,acoustic,60,50,16000,bright|nonlinear_env|reverb
-0.47216544,41.880405,guitar_acoustic_010-044-050,guitar_acoustic_010-044-050,/root/autodl-tmp/tokenizer-eval/data/nsynth/nsynth-valid/audio/guitar_acoustic_010-044-050.wav,219,guitar_acoustic_010,3,guitar,0,acoustic,44,50,16000,
-13.813238,5.351755,organ_electronic_001-061-127,organ_electronic_001-061-127,/root/autodl-tmp/tokenizer-eval/data/nsynth/nsynth-valid/audio/organ_electronic_001-061-127.wav,8,organ_electronic_001,6,organ,1,electronic,61,127,16000,dark
-35.053585,-16.46638,brass_acoustic_006-062-075,brass_acoustic_006-062-075,/root/autodl-tmp/tokenizer-eval/data/nsynth/nsynth-valid/audio/brass_acoustic_006-062-075.wav,43,brass_acoustic_006,1,brass,0,acoustic,62,75,16000,reverb
89.0076,-6.1222653,keyboard_synthetic_000-086-025,keyboard_synthetic_000-086-025,/root/autodl-tmp/tokenizer-eval/data/nsynth/nsynth-valid/audio/keyboard_synthetic_000-086-025.wav,577,keyboard_synthetic_000,4,keyboard,2,synthetic,86,25,16000,distortion|fast_decay|nonlinear_env
15.505187,-7.500865,bass_synthetic_068-072-025,bass_synthetic_068-072-025,/root/autodl-tmp/tokenizer-eval/data/nsynth/nsynth-valid/audio/bass_synthetic_068-072-025.wav,656,bass_synthetic_068,0,bass,2,synthetic,72,25,16000,
-47.63811,42.87546,organ_electronic_028-046-100,organ_electronic_028-046-100,/root/autodl-tmp/tokenizer-eval/data/nsynth/nsynth-valid/audio/organ_electronic_028-046-100.wav,440,organ_electronic_028,6,organ,1,electronic,46,100,16000,dark
9.750958,-22.551752,flute_acoustic_002-073-100,flute_acoustic_002-073-100,/root/autodl-tmp/tokenizer-eval/data/nsynth/nsynth-valid/audio/flute_acoustic_002-073-100.wav,86,flute_acoustic_002,2,flute,0,acoustic,73,100,16000,long_release|reverb
63.32757,-4.7718263,guitar_acoustic_021-088-050,guitar_acoustic_021-088-050,/root/autodl-tmp/tokenizer-eval/data/nsynth/nsynth-valid/audio/guitar_acoustic_021-088-050.wav,457,guitar_acoustic_021,3,guitar,0,acoustic,88,50,16000,fast_decay|percussive
-16.770193,-12.191574,flute_synthetic_000-070-075,flute_synthetic_000-070-075,/root/autodl-tmp/tokenizer-eval/data/nsynth/nsynth-valid/audio/flute_synthetic_000-070-075.wav,82,flute_synthetic_000,2,flute,2,synthetic,70,75,16000,distortion
-29.873507,7.6999006,flute_synthetic_000-063-127,flute_synthetic_000-063-127,/root/autodl-tmp/tokenizer-eval/data/nsynth/nsynth-valid/audio/flute_synthetic_000-063-127.wav,82,flute_synthetic_000,2,flute,2,synthetic,63,127,16000,distortion
-49.814884,-4.5221395,reed_acoustic_037-047-127,reed_acoustic_037-047-127,/root/autodl-tmp/tokenizer-eval/data/nsynth/nsynth-valid/audio/reed_acoustic_037-047-127.wav,387,reed_acoustic_037,7,reed,0,acoustic,47,127,16000,reverb
-36.140713,17.687973,flute_synthetic_000-056-127,flute_synthetic_000-056-127,/root/autodl-tmp/tokenizer-eval/data/nsynth/nsynth-valid/audio/flute_synthetic_000-056-127.wav,82,flute_synthetic_000,2,flute,2,synthetic,56,127,16000,distortion
59.12628,-14.827802,guitar_acoustic_015-091-075,guitar_acoustic_015-091-075,/root/autodl-tmp/tokenizer-eval/data/nsynth/nsynth-valid/audio/guitar_acoustic_015-091-075.wav,316,guitar_acoustic_015,3,guitar,0,acoustic,91,75,16000,fast_decay|percussive|reverb
16.331804,21.609056,keyboard_acoustic_004-060-050,keyboard_acoustic_004-060-050,/root/autodl-tmp/tokenizer-eval/data/nsynth/nsynth-valid/audio/keyboard_acoustic_004-060-050.wav,327,keyboard_acoustic_004,4,keyboard,0,acoustic,60,50,16000,dark|reverb
13.254825,12.5508375,bass_synthetic_033-056-100,bass_synthetic_033-056-100,/root/autodl-tmp/tokenizer-eval/data/nsynth/nsynth-valid/audio/bass_synthetic_033-056-100.wav,417,bass_synthetic_033,0,bass,2,synthetic,56,100,16000,dark
-54.561363,34.80496,vocal_synthetic_003-048-050,vocal_synthetic_003-048-050,/root/autodl-tmp/tokenizer-eval/data/nsynth/nsynth-valid/audio/vocal_synthetic_003-048-050.wav,37,vocal_synthetic_003,10,vocal,2,synthetic,48,50,16000,distortion|long_release|nonlinear_env
15.441974,12.237501,bass_synthetic_033-071-050,bass_synthetic_033-071-050,/root/autodl-tmp/tokenizer-eval/data/nsynth/nsynth-valid/audio/bass_synthetic_033-071-050.wav,417,bass_synthetic_033,0,bass,2,synthetic,71,50,16000,
-43.100067,-7.8392653,brass_acoustic_046-055-025,brass_acoustic_046-055-025,/root/autodl-tmp/tokenizer-eval/data/nsynth/nsynth-valid/audio/brass_acoustic_046-055-025.wav,414,brass_acoustic_046,1,brass,0,acoustic,55,25,16000,
109.785934,-2.4156752,mallet_acoustic_062-076-025,mallet_acoustic_062-076-025,/root/autodl-tmp/tokenizer-eval/data/nsynth/nsynth-valid/audio/mallet_acoustic_062-076-025.wav,644,mallet_acoustic_062,5,mallet,0,acoustic,76,25,16000,dark|fast_decay|multiphonic|percussive
-35.870625,-42.40015,brass_acoustic_015-076-075,brass_acoustic_015-076-075,/root/autodl-tmp/tokenizer-eval/data/nsynth/nsynth-valid/audio/brass_acoustic_015-076-075.wav,121,brass_acoustic_015,1,brass,0,acoustic,76,75,16000,reverb
58.65632,-0.8580418,mallet_acoustic_047-069-100,mallet_acoustic_047-069-100,/root/autodl-tmp/tokenizer-eval/data/nsynth/nsynth-valid/audio/mallet_acoustic_047-069-100.wav,488,mallet_acoustic_047,5,mallet,0,acoustic,69,100,16000,fast_decay|percussive|reverb
108.861206,-1.2266442,reed_acoustic_023-065-075,reed_acoustic_023-065-075,/root/autodl-tmp/tokenizer-eval/data/nsynth/nsynth-valid/audio/reed_acoustic_023-065-075.wav,224,reed_acoustic_023,7,reed,0,acoustic,65,75,16000,bright|fast_decay|multiphonic|nonlinear_env
-46.277992,0.2720208,reed_acoustic_011-043-100,reed_acoustic_011-043-100,/root/autodl-tmp/tokenizer-eval/data/nsynth/nsynth-valid/audio/reed_acoustic_011-043-100.wav,104,reed_acoustic_011,7,reed,0,acoustic,43,100,16000,bright
68.94117,21.613379,mallet_acoustic_056-053-127,mallet_acoustic_056-053-127,/root/autodl-tmp/tokenizer-eval/data/nsynth/nsynth-valid/audio/mallet_acoustic_056-053-127.wav,590,mallet_acoustic_056,5,mallet,0,acoustic,53,127,16000,bright|fast_decay|percussive
36.464706,-11.971286,mallet_acoustic_056-080-127,mallet_acoustic_056-080-127,/root/autodl-tmp/tokenizer-eval/data/nsynth/nsynth-valid/audio/mallet_acoustic_056-080-127.wav,590,mallet_acoustic_056,5,mallet,0,acoustic,80,127,16000,fast_decay
-34.7886,37.989056,flute_synthetic_000-043-100,flute_synthetic_000-043-100,/root/autodl-tmp/tokenizer-eval/data/nsynth/nsynth-valid/audio/flute_synthetic_000-043-100.wav,82,flute_synthetic_000,2,flute,2,synthetic,43,100,16000,distortion
45.104805,15.727193,mallet_acoustic_062-063-050,mallet_acoustic_062-063-050,/root/autodl-tmp/tokenizer-eval/data/nsynth/nsynth-valid/audio/mallet_acoustic_062-063-050.wav,644,mallet_acoustic_062,5,mallet,0,acoustic,63,50,16000,dark|fast_decay|multiphonic
-18.016247,9.56863,organ_electronic_113-057-050,organ_electronic_113-057-050,/root/autodl-tmp/tokenizer-eval/data/nsynth/nsynth-valid/audio/organ_electronic_113-057-050.wav,958,organ_electronic_113,6,organ,1,electronic,57,50,16000,dark
-7.673226,24.596586,brass_acoustic_015-056-100,brass_acoustic_015-056-100,/root/autodl-tmp/tokenizer-eval/data/nsynth/nsynth-valid/audio/brass_acoustic_015-056-100.wav,121,brass_acoustic_015,1,brass,0,acoustic,56,100,16000,reverb
51.047043,24.217022,string_acoustic_056-065-075,string_acoustic_056-065-075,/root/autodl-tmp/tokenizer-eval/data/nsynth/nsynth-valid/audio/string_acoustic_056-065-075.wav,436,string_acoustic_056,8,string,0,acoustic,65,75,16000,fast_decay|reverb
-7.80266,6.4811997,organ_electronic_028-063-075,organ_electronic_028-063-075,/root/autodl-tmp/tokenizer-eval/data/nsynth/nsynth-valid/audio/organ_electronic_028-063-075.wav,440,organ_electronic_028,6,organ,1,electronic,63,75,16000,dark
103.07412,-0.28756958,keyboard_synthetic_000-080-075,keyboard_synthetic_000-080-075,/root/autodl-tmp/tokenizer-eval/data/nsynth/nsynth-valid/audio/keyboard_synthetic_000-080-075.wav,577,keyboard_synthetic_000,4,keyboard,2,synthetic,80,75,16000,bright|distortion|fast_decay|nonlinear_env
-26.388166,-34.935734,flute_synthetic_000-079-050,flute_synthetic_000-079-050,/root/autodl-tmp/tokenizer-eval/data/nsynth/nsynth-valid/audio/flute_synthetic_000-079-050.wav,82,flute_synthetic_000,2,flute,2,synthetic,79,50,16000,distortion
34.34727,24.187101,keyboard_acoustic_004-080-050,keyboard_acoustic_004-080-050,/root/autodl-tmp/tokenizer-eval/data/nsynth/nsynth-valid/audio/keyboard_acoustic_004-080-050.wav,327,keyboard_acoustic_004,4,keyboard,0,acoustic,80,50,16000,dark|reverb
37.53092,-9.06151,guitar_acoustic_015-079-127,guitar_acoustic_015-079-127,/root/autodl-tmp/tokenizer-eval/data/nsynth/nsynth-valid/audio/guitar_acoustic_015-079-127.wav,316,guitar_acoustic_015,3,guitar,0,acoustic,79,127,16000,fast_decay|reverb
66.924225,-3.4539247,guitar_acoustic_015-084-100,guitar_acoustic_015-084-100,/root/autodl-tmp/tokenizer-eval/data/nsynth/nsynth-valid/audio/guitar_acoustic_015-084-100.wav,316,guitar_acoustic_015,3,guitar,0,acoustic,84,100,16000,fast_decay|percussive|reverb
-1.9254153,-27.016325,reed_acoustic_011-072-050,reed_acoustic_011-072-050,/root/autodl-tmp/tokenizer-eval/data/nsynth/nsynth-valid/audio/reed_acoustic_011-072-050.wav,104,reed_acoustic_011,7,reed,0,acoustic,72,50,16000,
14.054953,-49.85055,brass_acoustic_016-086-050,brass_acoustic_016-086-050,/root/autodl-tmp/tokenizer-eval/data/nsynth/nsynth-valid/audio/brass_acoustic_016-086-050.wav,128,brass_acoustic_016,1,brass,0,acoustic,86,50,16000,
29.599133,-48.9634,vocal_synthetic_003-087-050,vocal_synthetic_003-087-050,/root/autodl-tmp/tokenizer-eval/data/nsynth/nsynth-valid/audio/vocal_synthetic_003-087-050.wav,37,vocal_synthetic_003,10,vocal,2,synthetic,87,50,16000,bright|distortion|long_release|nonlinear_env
-3.2516317,-26.753065,flute_acoustic_002-072-075,flute_acoustic_002-072-075,/root/autodl-tmp/tokenizer-eval/data/nsynth/nsynth-valid/audio/flute_acoustic_002-072-075.wav,86,flute_acoustic_002,2,flute,0,acoustic,72,75,16000,long_release|reverb
34.29164,29.316433,string_acoustic_014-060-100,string_acoustic_014-060-100,/root/autodl-tmp/tokenizer-eval/data/nsynth/nsynth-valid/audio/string_acoustic_014-060-100.wav,100,string_acoustic_014,8,string,0,acoustic,60,100,16000,dark|reverb
-71.98608,0.28885654,organ_electronic_007-033-050,organ_electronic_007-033-050,/root/autodl-tmp/tokenizer-eval/data/nsynth/nsynth-valid/audio/organ_electronic_007-033-050.wav,123,organ_electronic_007,6,organ,1,electronic,33,50,16000,distortion|long_release|nonlinear_env
92.23638,0.17847429,guitar_acoustic_030-070-075,guitar_acoustic_030-070-075,/root/autodl-tmp/tokenizer-eval/data/nsynth/nsynth-valid/audio/guitar_acoustic_030-070-075.wav,642,guitar_acoustic_030,3,guitar,0,acoustic,70,75,16000,fast_decay|tempo-synced
26.125715,30.017536,string_acoustic_014-058-127,string_acoustic_014-058-127,/root/autodl-tmp/tokenizer-eval/data/nsynth/nsynth-valid/audio/string_acoustic_014-058-127.wav,100,string_acoustic_014,8,string,0,acoustic,58,127,16000,dark|reverb
14.067575,-22.47048,organ_electronic_104-073-127,organ_electronic_104-073-127,/root/autodl-tmp/tokenizer-eval/data/nsynth/nsynth-valid/audio/organ_electronic_104-073-127.wav,921,organ_electronic_104,6,organ,1,electronic,73,127,16000,
-41.058414,-6.669834,reed_acoustic_018-053-127,reed_acoustic_018-053-127,/root/autodl-tmp/tokenizer-eval/data/nsynth/nsynth-valid/audio/reed_acoustic_018-053-127.wav,183,reed_acoustic_018,7,reed,0,acoustic,53,127,16000,
89.71027,-13.554234,reed_acoustic_023-080-025,reed_acoustic_023-080-025,/root/autodl-tmp/tokenizer-eval/data/nsynth/nsynth-valid/audio/reed_acoustic_023-080-025.wav,224,reed_acoustic_023,7,reed,0,acoustic,80,25,16000,bright|fast_decay|multiphonic|nonlinear_env
-72.421814,29.20822,vocal_synthetic_003-032-075,vocal_synthetic_003-032-075,/root/autodl-tmp/tokenizer-eval/data/nsynth/nsynth-valid/audio/vocal_synthetic_003-032-075.wav,37,vocal_synthetic_003,10,vocal,2,synthetic,32,75,16000,distortion|long_release|nonlinear_env
-13.325751,31.597954,keyboard_electronic_003-035-100,keyboard_electronic_003-035-100,/root/autodl-tmp/tokenizer-eval/data/nsynth/nsynth-valid/audio/keyboard_electronic_003-035-100.wav,65,keyboard_electronic_003,4,keyboard,1,electronic,35,100,16000,distortion
7.2931314,-0.4458535,guitar_acoustic_015-069-127,guitar_acoustic_015-069-127,/root/autodl-tmp/tokenizer-eval/data/nsynth/nsynth-valid/audio/guitar_acoustic_015-069-127.wav,316,guitar_acoustic_015,3,guitar,0,acoustic,69,127,16000,reverb
3.6217246,17.77077,keyboard_electronic_003-062-075,keyboard_electronic_003-062-075,/root/autodl-tmp/tokenizer-eval/data/nsynth/nsynth-valid/audio/keyboard_electronic_003-062-075.wav,65,keyboard_electronic_003,4,keyboard,1,electronic,62,75,16000,
89.64082,-7.9369397,reed_acoustic_023-085-050,reed_acoustic_023-085-050,/root/autodl-tmp/tokenizer-eval/data/nsynth/nsynth-valid/audio/reed_acoustic_023-085-050.wav,224,reed_acoustic_023,7,reed,0,acoustic,85,50,16000,bright|fast_decay|multiphonic|nonlinear_env
-5.3999925,21.346434,brass_acoustic_015-059-100,brass_acoustic_015-059-100,/root/autodl-tmp/tokenizer-eval/data/nsynth/nsynth-valid/audio/brass_acoustic_015-059-100.wav,121,brass_acoustic_015,1,brass,0,acoustic,59,100,16000,reverb
13.519094,6.9026475,keyboard_electronic_003-071-025,keyboard_electronic_003-071-025,/root/autodl-tmp/tokenizer-eval/data/nsynth/nsynth-valid/audio/keyboard_electronic_003-071-025.wav,65,keyboard_electronic_003,4,keyboard,1,electronic,71,25,16000,
40.42246,33.001392,string_acoustic_014-047-100,string_acoustic_014-047-100,/root/autodl-tmp/tokenizer-eval/data/nsynth/nsynth-valid/audio/string_acoustic_014-047-100.wav,100,string_acoustic_014,8,string,0,acoustic,47,100,16000,dark|fast_decay|reverb
11.732931,-59.683746,string_acoustic_057-088-075,string_acoustic_057-088-075,/root/autodl-tmp/tokenizer-eval/data/nsynth/nsynth-valid/audio/string_acoustic_057-088-075.wav,450,string_acoustic_057,8,string,0,acoustic,88,75,16000,nonlinear_env|reverb
-60.384903,31.052479,vocal_synthetic_003-042-025,vocal_synthetic_003-042-025,/root/autodl-tmp/tokenizer-eval/data/nsynth/nsynth-valid/audio/vocal_synthetic_003-042-025.wav,37,vocal_synthetic_003,10,vocal,2,synthetic,42,25,16000,distortion|long_release|nonlinear_env
-35.13201,36.2705,flute_synthetic_000-044-100,flute_synthetic_000-044-100,/root/autodl-tmp/tokenizer-eval/data/nsynth/nsynth-valid/audio/flute_synthetic_000-044-100.wav,82,flute_synthetic_000,2,flute,2,synthetic,44,100,16000,distortion
-0.9815149,11.031611,keyboard_electronic_078-065-050,keyboard_electronic_078-065-050,/root/autodl-tmp/tokenizer-eval/data/nsynth/nsynth-valid/audio/keyboard_electronic_078-065-050.wav,838,keyboard_electronic_078,4,keyboard,1,electronic,65,50,16000,bright
-17.889725,-1.1519084,brass_acoustic_016-061-127,brass_acoustic_016-061-127,/root/autodl-tmp/tokenizer-eval/data/nsynth/nsynth-valid/audio/brass_acoustic_016-061-127.wav,128,brass_acoustic_016,1,brass,0,acoustic,61,127,16000,bright
-34.055218,12.566372,flute_synthetic_000-059-050,flute_synthetic_000-059-050,/root/autodl-tmp/tokenizer-eval/data/nsynth/nsynth-valid/audio/flute_synthetic_000-059-050.wav,82,flute_synthetic_000,2,flute,2,synthetic,59,50,16000,distortion
68.70796,-27.087381,reed_acoustic_023-092-050,reed_acoustic_023-092-050,/root/autodl-tmp/tokenizer-eval/data/nsynth/nsynth-valid/audio/reed_acoustic_023-092-050.wav,224,reed_acoustic_023,7,reed,0,acoustic,92,50,16000,fast_decay|multiphonic|nonlinear_env
-7.46218,20.911215,brass_acoustic_015-047-025,brass_acoustic_015-047-025,/root/autodl-tmp/tokenizer-eval/data/nsynth/nsynth-valid/audio/brass_acoustic_015-047-025.wav,121,brass_acoustic_015,1,brass,0,acoustic,47,25,16000,reverb
-20.078789,-44.58943,organ_electronic_113-078-075,organ_electronic_113-078-075,/root/autodl-tmp/tokenizer-eval/data/nsynth/nsynth-valid/audio/organ_electronic_113-078-075.wav,958,organ_electronic_113,6,organ,1,electronic,78,75,16000,
-34.990417,-55.441605,vocal_synthetic_003-077-127,vocal_synthetic_003-077-127,/root/autodl-tmp/tokenizer-eval/data/nsynth/nsynth-valid/audio/vocal_synthetic_003-077-127.wav,37,vocal_synthetic_003,10,vocal,2,synthetic,77,127,16000,bright|distortion|long_release|nonlinear_env
39.295086,-12.705359,guitar_acoustic_014-082-127,guitar_acoustic_014-082-127,/root/autodl-tmp/tokenizer-eval/data/nsynth/nsynth-valid/audio/guitar_acoustic_014-082-127.wav,263,guitar_acoustic_014,3,guitar,0,acoustic,82,127,16000,fast_decay
20.088928,38.559696,bass_electronic_018-053-050,bass_electronic_018-053-050,/root/autodl-tmp/tokenizer-eval/data/nsynth/nsynth-valid/audio/bass_electronic_018-053-050.wav,759,bass_electronic_018,0,bass,1,electronic,53,50,16000,
20.422125,69.58904,bass_synthetic_135-037-025,bass_synthetic_135-037-025,/root/autodl-tmp/tokenizer-eval/data/nsynth/nsynth-valid/audio/bass_synthetic_135-037-025.wav,927,bass_synthetic_135,0,bass,2,synthetic,37,25,16000,distortion
-24.269995,-21.562128,organ_electronic_113-069-050,organ_electronic_113-069-050,/root/autodl-tmp/tokenizer-eval/data/nsynth/nsynth-valid/audio/organ_electronic_113-069-050.wav,958,organ_electronic_113,6,organ,1,electronic,69,50,16000,
-19.081713,54.78051,flute_synthetic_000-032-025,flute_synthetic_000-032-025,/root/autodl-tmp/tokenizer-eval/data/nsynth/nsynth-valid/audio/flute_synthetic_000-032-025.wav,82,flute_synthetic_000,2,flute,2,synthetic,32,25,16000,distortion
17.527899,28.218613,mallet_acoustic_062-055-100,mallet_acoustic_062-055-100,/root/autodl-tmp/tokenizer-eval/data/nsynth/nsynth-valid/audio/mallet_acoustic_062-055-100.wav,644,mallet_acoustic_062,5,mallet,0,acoustic,55,100,16000,dark|multiphonic
19.490454,69.17577,bass_synthetic_135-034-127,bass_synthetic_135-034-127,/root/autodl-tmp/tokenizer-eval/data/nsynth/nsynth-valid/audio/bass_synthetic_135-034-127.wav,927,bass_synthetic_135,0,bass,2,synthetic,34,127,16000,distortion
-3.8130393,-56.88722,flute_synthetic_000-094-127,flute_synthetic_000-094-127,/root/autodl-tmp/tokenizer-eval/data/nsynth/nsynth-valid/audio/flute_synthetic_000-094-127.wav,82,flute_synthetic_000,2,flute,2,synthetic,94,127,16000,distortion
-7.545913,-29.318521,brass_acoustic_006-071-100,brass_acoustic_006-071-100,/root/autodl-tmp/tokenizer-eval/data/nsynth/nsynth-valid/audio/brass_acoustic_006-071-100.wav,43,brass_acoustic_006,1,brass,0,acoustic,71,100,16000,reverb
-12.644946,9.35869,organ_electronic_028-060-050,organ_electronic_028-060-050,/root/autodl-tmp/tokenizer-eval/data/nsynth/nsynth-valid/audio/organ_electronic_028-060-050.wav,440,organ_electronic_028,6,organ,1,electronic,60,50,16000,dark
51.881836,17.260582,mallet_acoustic_056-075-127,mallet_acoustic_056-075-127,/root/autodl-tmp/tokenizer-eval/data/nsynth/nsynth-valid/audio/mallet_acoustic_056-075-127.wav,590,mallet_acoustic_056,5,mallet,0,acoustic,75,127,16000,fast_decay
0.7113908,-65.663185,organ_electronic_007-092-075,organ_electronic_007-092-075,/root/autodl-tmp/tokenizer-eval/data/nsynth/nsynth-valid/audio/organ_electronic_007-092-075.wav,123,organ_electronic_007,6,organ,1,electronic,92,75,16000,long_release|nonlinear_env
-38.50142,-21.969063,reed_acoustic_018-067-127,reed_acoustic_018-067-127,/root/autodl-tmp/tokenizer-eval/data/nsynth/nsynth-valid/audio/reed_acoustic_018-067-127.wav,183,reed_acoustic_018,7,reed,0,acoustic,67,127,16000,
49.19228,4.3762374,string_acoustic_056-069-075,string_acoustic_056-069-075,/root/autodl-tmp/tokenizer-eval/data/nsynth/nsynth-valid/audio/string_acoustic_056-069-075.wav,436,string_acoustic_056,8,string,0,acoustic,69,75,16000,fast_decay|percussive|reverb
51.112453,-8.980077,bass_synthetic_068-089-127,bass_synthetic_068-089-127,/root/autodl-tmp/tokenizer-eval/data/nsynth/nsynth-valid/audio/bass_synthetic_068-089-127.wav,656,bass_synthetic_068,0,bass,2,synthetic,89,127,16000,fast_decay
-5.725752,-73.86706,vocal_synthetic_003-094-100,vocal_synthetic_003-094-100,/root/autodl-tmp/tokenizer-eval/data/nsynth/nsynth-valid/audio/vocal_synthetic_003-094-100.wav,37,vocal_synthetic_003,10,vocal,2,synthetic,94,100,16000,bright|distortion|long_release|nonlinear_env
-46.564175,-2.6673584,reed_acoustic_011-047-075,reed_acoustic_011-047-075,/root/autodl-tmp/tokenizer-eval/data/nsynth/nsynth-valid/audio/reed_acoustic_011-047-075.wav,104,reed_acoustic_011,7,reed,0,acoustic,47,75,16000,
-0.18261583,63.752846,organ_electronic_113-042-100,organ_electronic_113-042-100,/root/autodl-tmp/tokenizer-eval/data/nsynth/nsynth-valid/audio/organ_electronic_113-042-100.wav,958,organ_electronic_113,6,organ,1,electronic,42,100,16000,dark
-15.365186,-25.239412,reed_acoustic_011-070-127,reed_acoustic_011-070-127,/root/autodl-tmp/tokenizer-eval/data/nsynth/nsynth-valid/audio/reed_acoustic_011-070-127.wav,104,reed_acoustic_011,7,reed,0,acoustic,70,127,16000,
-65.191986,33.768658,vocal_synthetic_003-031-050,vocal_synthetic_003-031-050,/root/autodl-tmp/tokenizer-eval/data/nsynth/nsynth-valid/audio/vocal_synthetic_003-031-050.wav,37,vocal_synthetic_003,10,vocal,2,synthetic,31,50,16000,distortion|long_release|nonlinear_env
53.22758,3.2727559,mallet_acoustic_047-071-075,mallet_acoustic_047-071-075,/root/autodl-tmp/tokenizer-eval/data/nsynth/nsynth-valid/audio/mallet_acoustic_047-071-075.wav,488,mallet_acoustic_047,5,mallet,0,acoustic,71,75,16000,fast_decay|percussive|reverb
92.26673,-13.476468,reed_acoustic_023-076-100,reed_acoustic_023-076-100,/root/autodl-tmp/tokenizer-eval/data/nsynth/nsynth-valid/audio/reed_acoustic_023-076-100.wav,224,reed_acoustic_023,7,reed,0,acoustic,76,100,16000,bright|fast_decay|multiphonic|nonlinear_env
63.58011,-5.414563,guitar_acoustic_021-090-100,guitar_acoustic_021-090-100,/root/autodl-tmp/tokenizer-eval/data/nsynth/nsynth-valid/audio/guitar_acoustic_021-090-100.wav,457,guitar_acoustic_021,3,guitar,0,acoustic,90,100,16000,fast_decay|percussive
-33.557823,-16.153702,string_acoustic_057-062-075,string_acoustic_057-062-075,/root/autodl-tmp/tokenizer-eval/data/nsynth/nsynth-valid/audio/string_acoustic_057-062-075.wav,450,string_acoustic_057,8,string,0,acoustic,62,75,16000,bright|nonlinear_env|reverb
-61.988605,34.413094,vocal_synthetic_003-036-050,vocal_synthetic_003-036-050,/root/autodl-tmp/tokenizer-eval/data/nsynth/nsynth-valid/audio/vocal_synthetic_003-036-050.wav,37,vocal_synthetic_003,10,vocal,2,synthetic,36,50,16000,distortion|long_release|nonlinear_env
-37.74909,-41.449608,string_acoustic_057-076-050,string_acoustic_057-076-050,/root/autodl-tmp/tokenizer-eval/data/nsynth/nsynth-valid/audio/string_acoustic_057-076-050.wav,450,string_acoustic_057,8,string,0,acoustic,76,50,16000,bright|nonlinear_env|reverb
-18.510445,-27.328167,vocal_synthetic_003-070-025,vocal_synthetic_003-070-025,/root/autodl-tmp/tokenizer-eval/data/nsynth/nsynth-valid/audio/vocal_synthetic_003-070-025.wav,37,vocal_synthetic_003,10,vocal,2,synthetic,70,25,16000,bright|distortion|long_release|nonlinear_env
-1.5116925,-26.955484,reed_acoustic_011-072-025,reed_acoustic_011-072-025,/root/autodl-tmp/tokenizer-eval/data/nsynth/nsynth-valid/audio/reed_acoustic_011-072-025.wav,104,reed_acoustic_011,7,reed,0,acoustic,72,25,16000,
34.716125,-22.53043,keyboard_electronic_078-083-050,keyboard_electronic_078-083-050,/root/autodl-tmp/tokenizer-eval/data/nsynth/nsynth-valid/audio/keyboard_electronic_078-083-050.wav,838,keyboard_electronic_078,4,keyboard,1,electronic,83,50,16000,bright
-18.01571,-2.7851815,reed_acoustic_011-061-075,reed_acoustic_011-061-075,/root/autodl-tmp/tokenizer-eval/data/nsynth/nsynth-valid/audio/reed_acoustic_011-061-075.wav,104,reed_acoustic_011,7,reed,0,acoustic,61,75,16000,
25.810356,47.177505,mallet_acoustic_062-047-100,mallet_acoustic_062-047-100,/root/autodl-tmp/tokenizer-eval/data/nsynth/nsynth-valid/audio/mallet_acoustic_062-047-100.wav,644,mallet_acoustic_062,5,mallet,0,acoustic,47,100,16000,dark|long_release|multiphonic
-9.365709,-14.07324,brass_acoustic_059-063-127,brass_acoustic_059-063-127,/root/autodl-tmp/tokenizer-eval/data/nsynth/nsynth-valid/audio/brass_acoustic_059-063-127.wav,572,brass_acoustic_059,1,brass,0,acoustic,63,127,16000,reverb
-29.32765,-12.997077,vocal_acoustic_000-067-050,vocal_acoustic_000-067-050,/root/autodl-tmp/tokenizer-eval/data/nsynth/nsynth-valid/audio/vocal_acoustic_000-067-050.wav,46,vocal_acoustic_000,10,vocal,0,acoustic,67,50,16000,reverb
108.861786,-1.2267596,reed_acoustic_023-065-100,reed_acoustic_023-065-100,/root/autodl-tmp/tokenizer-eval/data/nsynth/nsynth-valid/audio/reed_acoustic_023-065-100.wav,224,reed_acoustic_023,7,reed,0,acoustic,65,100,16000,bright|fast_decay|multiphonic|nonlinear_env
-57.24867,-28.753857,vocal_synthetic_003-050-127,vocal_synthetic_003-050-127,/root/autodl-tmp/tokenizer-eval/data/nsynth/nsynth-valid/audio/vocal_synthetic_003-050-127.wav,37,vocal_synthetic_003,10,vocal,2,synthetic,50,127,16000,bright|distortion|long_release|nonlinear_env
19.02933,27.97197,mallet_acoustic_062-056-075,mallet_acoustic_062-056-075,/root/autodl-tmp/tokenizer-eval/data/nsynth/nsynth-valid/audio/mallet_acoustic_062-056-075.wav,644,mallet_acoustic_062,5,mallet,0,acoustic,56,75,16000,dark|multiphonic
-35.754112,23.379492,flute_synthetic_000-053-075,flute_synthetic_000-053-075,/root/autodl-tmp/tokenizer-eval/data/nsynth/nsynth-valid/audio/flute_synthetic_000-053-075.wav,82,flute_synthetic_000,2,flute,2,synthetic,53,75,16000,distortion
-53.55176,23.516495,string_acoustic_080-038-100,string_acoustic_080-038-100,/root/autodl-tmp/tokenizer-eval/data/nsynth/nsynth-valid/audio/string_acoustic_080-038-100.wav,675,string_acoustic_080,8,string,0,acoustic,38,100,16000,long_release|reverb
15.214807,32.134354,bass_synthetic_135-056-050,bass_synthetic_135-056-050,/root/autodl-tmp/tokenizer-eval/data/nsynth/nsynth-valid/audio/bass_synthetic_135-056-050.wav,927,bass_synthetic_135,0,bass,2,synthetic,56,50,16000,distortion
31.190252,17.925928,keyboard_electronic_001-096-075,keyboard_electronic_001-096-075,/root/autodl-tmp/tokenizer-eval/data/nsynth/nsynth-valid/audio/keyboard_electronic_001-096-075.wav,40,keyboard_electronic_001,4,keyboard,1,electronic,96,75,16000,
41.13438,-13.39679,bass_synthetic_068-084-075,bass_synthetic_068-084-075,/root/autodl-tmp/tokenizer-eval/data/nsynth/nsynth-valid/audio/bass_synthetic_068-084-075.wav,656,bass_synthetic_068,0,bass,2,synthetic,84,75,16000,fast_decay
50.067387,5.388476,string_acoustic_056-069-127,string_acoustic_056-069-127,/root/autodl-tmp/tokenizer-eval/data/nsynth/nsynth-valid/audio/string_acoustic_056-069-127.wav,436,string_acoustic_056,8,string,0,acoustic,69,127,16000,fast_decay|percussive|reverb
-9.558761,-50.110924,organ_electronic_104-078-025,organ_electronic_104-078-025,/root/autodl-tmp/tokenizer-eval/data/nsynth/nsynth-valid/audio/organ_electronic_104-078-025.wav,921,organ_electronic_104,6,organ,1,electronic,78,25,16000,
34.950386,-8.638657,guitar_acoustic_015-077-025,guitar_acoustic_015-077-025,/root/autodl-tmp/tokenizer-eval/data/nsynth/nsynth-valid/audio/guitar_acoustic_015-077-025.wav,316,guitar_acoustic_015,3,guitar,0,acoustic,77,25,16000,fast_decay|reverb
-7.918404,-81.56835,vocal_synthetic_003-083-127,vocal_synthetic_003-083-127,/root/autodl-tmp/tokenizer-eval/data/nsynth/nsynth-valid/audio/vocal_synthetic_003-083-127.wav,37,vocal_synthetic_003,10,vocal,2,synthetic,83,127,16000,bright|distortion|long_release|nonlinear_env
3.1187482,18.057648,keyboard_electronic_098-062-025,keyboard_electronic_098-062-025,/root/autodl-tmp/tokenizer-eval/data/nsynth/nsynth-valid/audio/keyboard_electronic_098-062-025.wav,905,keyboard_electronic_098,4,keyboard,1,electronic,62,25,16000,dark
9.731845,-8.758474,guitar_electronic_022-071-075,guitar_electronic_022-071-075,/root/autodl-tmp/tokenizer-eval/data/nsynth/nsynth-valid/audio/guitar_electronic_022-071-075.wav,378,guitar_electronic_022,3,guitar,1,electronic,71,75,16000,
-30.279871,-15.505702,string_acoustic_057-066-127,string_acoustic_057-066-127,/root/autodl-tmp/tokenizer-eval/data/nsynth/nsynth-valid/audio/string_acoustic_057-066-127.wav,450,string_acoustic_057,8,string,0,acoustic,66,127,16000,bright|nonlinear_env|reverb
0.9998712,67.07322,organ_electronic_104-034-025,organ_electronic_104-034-025,/root/autodl-tmp/tokenizer-eval/data/nsynth/nsynth-valid/audio/organ_electronic_104-034-025.wav,921,organ_electronic_104,6,organ,1,electronic,34,25,16000,
37.979027,-12.0499,bass_synthetic_068-081-075,bass_synthetic_068-081-075,/root/autodl-tmp/tokenizer-eval/data/nsynth/nsynth-valid/audio/bass_synthetic_068-081-075.wav,656,bass_synthetic_068,0,bass,2,synthetic,81,75,16000,fast_decay
-35.826027,27.956621,flute_synthetic_000-050-075,flute_synthetic_000-050-075,/root/autodl-tmp/tokenizer-eval/data/nsynth/nsynth-valid/audio/flute_synthetic_000-050-075.wav,82,flute_synthetic_000,2,flute,2,synthetic,50,75,16000,distortion
-13.704141,-19.519485,brass_acoustic_015-070-075,brass_acoustic_015-070-075,/root/autodl-tmp/tokenizer-eval/data/nsynth/nsynth-valid/audio/brass_acoustic_015-070-075.wav,121,brass_acoustic_015,1,brass,0,acoustic,70,75,16000,reverb
-13.793558,-20.475199,guitar_acoustic_010-070-100,guitar_acoustic_010-070-100,/root/autodl-tmp/tokenizer-eval/data/nsynth/nsynth-valid/audio/guitar_acoustic_010-070-100.wav,219,guitar_acoustic_010,3,guitar,0,acoustic,70,100,16000,
10.68774,20.963354,bass_synthetic_135-061-127,bass_synthetic_135-061-127,/root/autodl-tmp/tokenizer-eval/data/nsynth/nsynth-valid/audio/bass_synthetic_135-061-127.wav,927,bass_synthetic_135,0,bass,2,synthetic,61,127,16000,distortion
-28.322157,-5.462985,vocal_acoustic_000-062-050,vocal_acoustic_000-062-050,/root/autodl-tmp/tokenizer-eval/data/nsynth/nsynth-valid/audio/vocal_acoustic_000-062-050.wav,46,vocal_acoustic_000,10,vocal,0,acoustic,62,50,16000,reverb
-25.663095,3.9176314,flute_synthetic_000-066-127,flute_synthetic_000-066-127,/root/autodl-tmp/tokenizer-eval/data/nsynth/nsynth-valid/audio/flute_synthetic_000-066-127.wav,82,flute_synthetic_000,2,flute,2,synthetic,66,127,16000,distortion
51.800842,17.167498,mallet_acoustic_056-075-100,mallet_acoustic_056-075-100,/root/autodl-tmp/tokenizer-eval/data/nsynth/nsynth-valid/audio/mallet_acoustic_056-075-100.wav,590,mallet_acoustic_056,5,mallet,0,acoustic,75,100,16000,fast_decay
2.502249,-78.02924,vocal_synthetic_003-088-075,vocal_synthetic_003-088-075,/root/autodl-tmp/tokenizer-eval/data/nsynth/nsynth-valid/audio/vocal_synthetic_003-088-075.wav,37,vocal_synthetic_003,10,vocal,2,synthetic,88,75,16000,long_release|nonlinear_env
-34.887745,-55.581825,vocal_synthetic_003-077-100,vocal_synthetic_003-077-100,/root/autodl-tmp/tokenizer-eval/data/nsynth/nsynth-valid/audio/vocal_synthetic_003-077-100.wav,37,vocal_synthetic_003,10,vocal,2,synthetic,77,100,16000,bright|distortion|long_release|nonlinear_env
47.660587,7.497498,string_acoustic_014-060-127,string_acoustic_014-060-127,/root/autodl-tmp/tokenizer-eval/data/nsynth/nsynth-valid/audio/string_acoustic_014-060-127.wav,100,string_acoustic_014,8,string,0,acoustic,60,127,16000,dark|percussive|reverb
12.249905,-49.316868,brass_acoustic_016-085-100,brass_acoustic_016-085-100,/root/autodl-tmp/tokenizer-eval/data/nsynth/nsynth-valid/audio/brass_acoustic_016-085-100.wav,128,brass_acoustic_016,1,brass,0,acoustic,85,100,16000,bright
5.214366,22.626814,bass_synthetic_034-060-025,bass_synthetic_034-060-025,/root/autodl-tmp/tokenizer-eval/data/nsynth/nsynth-valid/audio/bass_synthetic_034-060-025.wav,420,bass_synthetic_034,0,bass,2,synthetic,60,25,16000,distortion|tempo-synced
-7.673223,24.596628,brass_acoustic_015-056-127,brass_acoustic_015-056-127,/root/autodl-tmp/tokenizer-eval/data/nsynth/nsynth-valid/audio/brass_acoustic_015-056-127.wav,121,brass_acoustic_015,1,brass,0,acoustic,56,127,16000,reverb
-36.127068,-24.085793,organ_electronic_007-055-100,organ_electronic_007-055-100,/root/autodl-tmp/tokenizer-eval/data/nsynth/nsynth-valid/audio/organ_electronic_007-055-100.wav,123,organ_electronic_007,6,organ,1,electronic,55,100,16000,distortion|long_release|nonlinear_env
-4.389292,45.61252,keyboard_electronic_069-046-075,keyboard_electronic_069-046-075,/root/autodl-tmp/tokenizer-eval/data/nsynth/nsynth-valid/audio/keyboard_electronic_069-046-075.wav,805,keyboard_electronic_069,4,keyboard,1,electronic,46,75,16000,distortion
-52.918972,25.266375,string_acoustic_012-039-100,string_acoustic_012-039-100,/root/autodl-tmp/tokenizer-eval/data/nsynth/nsynth-valid/audio/string_acoustic_012-039-100.wav,97,string_acoustic_012,8,string,0,acoustic,39,100,16000,long_release|reverb
37.01532,48.558453,mallet_acoustic_062-033-075,mallet_acoustic_062-033-075,/root/autodl-tmp/tokenizer-eval/data/nsynth/nsynth-valid/audio/mallet_acoustic_062-033-075.wav,644,mallet_acoustic_062,5,mallet,0,acoustic,33,75,16000,dark|multiphonic
1.0058527,-49.475723,organ_electronic_057-084-075,organ_electronic_057-084-075,/root/autodl-tmp/tokenizer-eval/data/nsynth/nsynth-valid/audio/organ_electronic_057-084-075.wav,701,organ_electronic_057,6,organ,1,electronic,84,75,16000,
-9.903677,21.610512,brass_acoustic_015-046-127,brass_acoustic_015-046-127,/root/autodl-tmp/tokenizer-eval/data/nsynth/nsynth-valid/audio/brass_acoustic_015-046-127.wav,121,brass_acoustic_015,1,brass,0,acoustic,46,127,16000,reverb
34.032852,39.77362,mallet_acoustic_062-044-050,mallet_acoustic_062-044-050,/root/autodl-tmp/tokenizer-eval/data/nsynth/nsynth-valid/audio/mallet_acoustic_062-044-050.wav,644,mallet_acoustic_062,5,mallet,0,acoustic,44,50,16000,dark|multiphonic
-31.037497,50.084778,flute_synthetic_000-037-025,flute_synthetic_000-037-025,/root/autodl-tmp/tokenizer-eval/data/nsynth/nsynth-valid/audio/flute_synthetic_000-037-025.wav,82,flute_synthetic_000,2,flute,2,synthetic,37,25,16000,distortion
11.48354,15.812803,bass_synthetic_135-066-025,bass_synthetic_135-066-025,/root/autodl-tmp/tokenizer-eval/data/nsynth/nsynth-valid/audio/bass_synthetic_135-066-025.wav,927,bass_synthetic_135,0,bass,2,synthetic,66,25,16000,distortion
38.73786,-26.569176,mallet_acoustic_062-087-100,mallet_acoustic_062-087-100,/root/autodl-tmp/tokenizer-eval/data/nsynth/nsynth-valid/audio/mallet_acoustic_062-087-100.wav,644,mallet_acoustic_062,5,mallet,0,acoustic,87,100,16000,multiphonic
92.26678,-13.476106,reed_acoustic_023-076-025,reed_acoustic_023-076-025,/root/autodl-tmp/tokenizer-eval/data/nsynth/nsynth-valid/audio/reed_acoustic_023-076-025.wav,224,reed_acoustic_023,7,reed,0,acoustic,76,25,16000,bright|fast_decay|multiphonic|nonlinear_env
-28.40767,-39.530537,flute_synthetic_000-076-075,flute_synthetic_000-076-075,/root/autodl-tmp/tokenizer-eval/data/nsynth/nsynth-valid/audio/flute_synthetic_000-076-075.wav,82,flute_synthetic_000,2,flute,2,synthetic,76,75,16000,distortion
-61.667828,0.62476766,brass_acoustic_059-051-100,brass_acoustic_059-051-100,/root/autodl-tmp/tokenizer-eval/data/nsynth/nsynth-valid/audio/brass_acoustic_059-051-100.wav,572,brass_acoustic_059,1,brass,0,acoustic,51,100,16000,reverb
29.68324,53.683044,bass_synthetic_033-033-025,bass_synthetic_033-033-025,/root/autodl-tmp/tokenizer-eval/data/nsynth/nsynth-valid/audio/bass_synthetic_033-033-025.wav,417,bass_synthetic_033,0,bass,2,synthetic,33,25,16000,dark
9.752909,-27.195358,vocal_synthetic_003-073-025,vocal_synthetic_003-073-025,/root/autodl-tmp/tokenizer-eval/data/nsynth/nsynth-valid/audio/vocal_synthetic_003-073-025.wav,37,vocal_synthetic_003,10,vocal,2,synthetic,73,25,16000,bright|distortion|long_release|nonlinear_env
53.98305,21.801676,mallet_acoustic_062-060-025,mallet_acoustic_062-060-025,/root/autodl-tmp/tokenizer-eval/data/nsynth/nsynth-valid/audio/mallet_acoustic_062-060-025.wav,644,mallet_acoustic_062,5,mallet,0,acoustic,60,25,16000,dark|fast_decay|multiphonic
35.04037,-11.915673,guitar_acoustic_014-079-075,guitar_acoustic_014-079-075,/root/autodl-tmp/tokenizer-eval/data/nsynth/nsynth-valid/audio/guitar_acoustic_014-079-075.wav,263,guitar_acoustic_014,3,guitar,0,acoustic,79,75,16000,
-11.751295,-55.680714,flute_synthetic_000-092-050,flute_synthetic_000-092-050,/root/autodl-tmp/tokenizer-eval/data/nsynth/nsynth-valid/audio/flute_synthetic_000-092-050.wav,82,flute_synthetic_000,2,flute,2,synthetic,92,50,16000,distortion
-33.435204,46.853966,flute_synthetic_000-040-075,flute_synthetic_000-040-075,/root/autodl-tmp/tokenizer-eval/data/nsynth/nsynth-valid/audio/flute_synthetic_000-040-075.wav,82,flute_synthetic_000,2,flute,2,synthetic,40,75,16000,distortion
-20.568933,55.46654,flute_synthetic_000-032-127,flute_synthetic_000-032-127,/root/autodl-tmp/tokenizer-eval/data/nsynth/nsynth-valid/audio/flute_synthetic_000-032-127.wav,82,flute_synthetic_000,2,flute,2,synthetic,32,127,16000,distortion
68.43717,-23.737143,reed_acoustic_023-095-100,reed_acoustic_023-095-100,/root/autodl-tmp/tokenizer-eval/data/nsynth/nsynth-valid/audio/reed_acoustic_023-095-100.wav,224,reed_acoustic_023,7,reed,0,acoustic,95,100,16000,fast_decay|multiphonic|nonlinear_env
17.009724,30.66735,keyboard_electronic_003-053-025,keyboard_electronic_003-053-025,/root/autodl-tmp/tokenizer-eval/data/nsynth/nsynth-valid/audio/keyboard_electronic_003-053-025.wav,65,keyboard_electronic_003,4,keyboard,1,electronic,53,25,16000,dark
67.18586,-25.401108,reed_acoustic_023-094-025,reed_acoustic_023-094-025,/root/autodl-tmp/tokenizer-eval/data/nsynth/nsynth-valid/audio/reed_acoustic_023-094-025.wav,224,reed_acoustic_023,7,reed,0,acoustic,94,25,16000,fast_decay|multiphonic|nonlinear_env
48.77032,2.7875385,string_acoustic_056-077-075,string_acoustic_056-077-075,/root/autodl-tmp/tokenizer-eval/data/nsynth/nsynth-valid/audio/string_acoustic_056-077-075.wav,436,string_acoustic_056,8,string,0,acoustic,77,75,16000,fast_decay|percussive|reverb
-46.0369,-31.55286,vocal_synthetic_003-063-075,vocal_synthetic_003-063-075,/root/autodl-tmp/tokenizer-eval/data/nsynth/nsynth-valid/audio/vocal_synthetic_003-063-075.wav,37,vocal_synthetic_003,10,vocal,2,synthetic,63,75,16000,bright|distortion|long_release|nonlinear_env
38.524525,-12.855086,bass_synthetic_068-082-127,bass_synthetic_068-082-127,/root/autodl-tmp/tokenizer-eval/data/nsynth/nsynth-valid/audio/bass_synthetic_068-082-127.wav,656,bass_synthetic_068,0,bass,2,synthetic,82,127,16000,distortion|fast_decay
-35.60178,17.50235,flute_synthetic_000-056-100,flute_synthetic_000-056-100,/root/autodl-tmp/tokenizer-eval/data/nsynth/nsynth-valid/audio/flute_synthetic_000-056-100.wav,82,flute_synthetic_000,2,flute,2,synthetic,56,100,16000,distortion
-60.70526,-9.18743,reed_acoustic_037-037-127,reed_acoustic_037-037-127,/root/autodl-tmp/tokenizer-eval/data/nsynth/nsynth-valid/audio/reed_acoustic_037-037-127.wav,387,reed_acoustic_037,7,reed,0,acoustic,37,127,16000,long_release|reverb
-46.181297,-28.804369,vocal_synthetic_003-061-075,vocal_synthetic_003-061-075,/root/autodl-tmp/tokenizer-eval/data/nsynth/nsynth-valid/audio/vocal_synthetic_003-061-075.wav,37,vocal_synthetic_003,10,vocal,2,synthetic,61,75,16000,bright|distortion|long_release|nonlinear_env
43.3333,30.110838,mallet_acoustic_062-046-025,mallet_acoustic_062-046-025,/root/autodl-tmp/tokenizer-eval/data/nsynth/nsynth-valid/audio/mallet_acoustic_062-046-025.wav,644,mallet_acoustic_062,5,mallet,0,acoustic,46,25,16000,dark|fast_decay|multiphonic
-54.587868,-11.831962,string_acoustic_080-053-075,string_acoustic_080-053-075,/root/autodl-tmp/tokenizer-eval/data/nsynth/nsynth-valid/audio/string_acoustic_080-053-075.wav,675,string_acoustic_080,8,string,0,acoustic,53,75,16000,reverb
-40.04831,-7.208093,reed_acoustic_018-056-100,reed_acoustic_018-056-100,/root/autodl-tmp/tokenizer-eval/data/nsynth/nsynth-valid/audio/reed_acoustic_018-056-100.wav,183,reed_acoustic_018,7,reed,0,acoustic,56,100,16000,
1.8768903,-76.17752,vocal_synthetic_003-089-025,vocal_synthetic_003-089-025,/root/autodl-tmp/tokenizer-eval/data/nsynth/nsynth-valid/audio/vocal_synthetic_003-089-025.wav,37,vocal_synthetic_003,10,vocal,2,synthetic,89,25,16000,bright|distortion|long_release|nonlinear_env
-1.6215998,-7.237512,bass_synthetic_034-083-127,bass_synthetic_034-083-127,/root/autodl-tmp/tokenizer-eval/data/nsynth/nsynth-valid/audio/bass_synthetic_034-083-127.wav,420,bass_synthetic_034,0,bass,2,synthetic,83,127,16000,bright|distortion|tempo-synced
-49.859802,-22.616623,vocal_synthetic_003-055-025,vocal_synthetic_003-055-025,/root/autodl-tmp/tokenizer-eval/data/nsynth/nsynth-valid/audio/vocal_synthetic_003-055-025.wav,37,vocal_synthetic_003,10,vocal,2,synthetic,55,25,16000,distortion|long_release|nonlinear_env
23.52795,56.05201,bass_electronic_027-045-100,bass_electronic_027-045-100,/root/autodl-tmp/tokenizer-eval/data/nsynth/nsynth-valid/audio/bass_electronic_027-045-100.wav,880,bass_electronic_027,0,bass,1,electronic,45,100,16000,
-38.844635,-26.930616,vocal_synthetic_003-067-050,vocal_synthetic_003-067-050,/root/autodl-tmp/tokenizer-eval/data/nsynth/nsynth-valid/audio/vocal_synthetic_003-067-050.wav,37,vocal_synthetic_003,10,vocal,2,synthetic,67,50,16000,bright|distortion|long_release|nonlinear_env
-49.35481,-5.598726,brass_acoustic_006-059-075,brass_acoustic_006-059-075,/root/autodl-tmp/tokenizer-eval/data/nsynth/nsynth-valid/audio/brass_acoustic_006-059-075.wav,43,brass_acoustic_006,1,brass,0,acoustic,59,75,16000,reverb
0.76557875,-28.962585,flute_synthetic_000-084-075,flute_synthetic_000-084-075,/root/autodl-tmp/tokenizer-eval/data/nsynth/nsynth-valid/audio/flute_synthetic_000-084-075.wav,82,flute_synthetic_000,2,flute,2,synthetic,84,75,16000,distortion
-26.55808,19.872606,organ_electronic_104-051-127,organ_electronic_104-051-127,/root/autodl-tmp/tokenizer-eval/data/nsynth/nsynth-valid/audio/organ_electronic_104-051-127.wav,921,organ_electronic_104,6,organ,1,electronic,51,127,16000,
-51.43818,18.953926,string_acoustic_080-034-127,string_acoustic_080-034-127,/root/autodl-tmp/tokenizer-eval/data/nsynth/nsynth-valid/audio/string_acoustic_080-034-127.wav,675,string_acoustic_080,8,string,0,acoustic,34,127,16000,long_release|reverb
-35.13449,41.823483,flute_synthetic_000-045-075,flute_synthetic_000-045-075,/root/autodl-tmp/tokenizer-eval/data/nsynth/nsynth-valid/audio/flute_synthetic_000-045-075.wav,82,flute_synthetic_000,2,flute,2,synthetic,45,75,16000,distortion
68.426445,0.30146247,guitar_acoustic_030-093-025,guitar_acoustic_030-093-025,/root/autodl-tmp/tokenizer-eval/data/nsynth/nsynth-valid/audio/guitar_acoustic_030-093-025.wav,642,guitar_acoustic_030,3,guitar,0,acoustic,93,25,16000,fast_decay|percussive|tempo-synced
-10.331812,4.260611,organ_electronic_001-063-025,organ_electronic_001-063-025,/root/autodl-tmp/tokenizer-eval/data/nsynth/nsynth-valid/audio/organ_electronic_001-063-025.wav,8,organ_electronic_001,6,organ,1,electronic,63,25,16000,
-8.174237,38.75754,guitar_acoustic_014-051-100,guitar_acoustic_014-051-100,/root/autodl-tmp/tokenizer-eval/data/nsynth/nsynth-valid/audio/guitar_acoustic_014-051-100.wav,263,guitar_acoustic_014,3,guitar,0,acoustic,51,100,16000,
-2.815488,-61.741898,organ_electronic_028-093-100,organ_electronic_028-093-100,/root/autodl-tmp/tokenizer-eval/data/nsynth/nsynth-valid/audio/organ_electronic_028-093-100.wav,440,organ_electronic_028,6,organ,1,electronic,93,100,16000,bright
-70.947235,28.578016,vocal_synthetic_003-033-075,vocal_synthetic_003-033-075,/root/autodl-tmp/tokenizer-eval/data/nsynth/nsynth-valid/audio/vocal_synthetic_003-033-075.wav,37,vocal_synthetic_003,10,vocal,2,synthetic,33,75,16000,distortion|long_release|nonlinear_env
-31.987904,-11.092876,vocal_acoustic_000-059-075,vocal_acoustic_000-059-075,/root/autodl-tmp/tokenizer-eval/data/nsynth/nsynth-valid/audio/vocal_acoustic_000-059-075.wav,46,vocal_acoustic_000,10,vocal,0,acoustic,59,75,16000,reverb
38.738323,-8.599831,guitar_acoustic_021-080-127,guitar_acoustic_021-080-127,/root/autodl-tmp/tokenizer-eval/data/nsynth/nsynth-valid/audio/guitar_acoustic_021-080-127.wav,457,guitar_acoustic_021,3,guitar,0,acoustic,80,127,16000,fast_decay|percussive
48.362797,0.10094854,mallet_acoustic_047-093-075,mallet_acoustic_047-093-075,/root/autodl-tmp/tokenizer-eval/data/nsynth/nsynth-valid/audio/mallet_acoustic_047-093-075.wav,488,mallet_acoustic_047,5,mallet,0,acoustic,93,75,16000,fast_decay|percussive|reverb
17.531902,27.414621,mallet_acoustic_062-056-100,mallet_acoustic_062-056-100,/root/autodl-tmp/tokenizer-eval/data/nsynth/nsynth-valid/audio/mallet_acoustic_062-056-100.wav,644,mallet_acoustic_062,5,mallet,0,acoustic,56,100,16000,dark|multiphonic
93.15926,4.918481,reed_acoustic_023-047-100,reed_acoustic_023-047-100,/root/autodl-tmp/tokenizer-eval/data/nsynth/nsynth-valid/audio/reed_acoustic_023-047-100.wav,224,reed_acoustic_023,7,reed,0,acoustic,47,100,16000,bright|fast_decay|multiphonic|nonlinear_env
16.366999,-11.668396,keyboard_acoustic_004-073-100,keyboard_acoustic_004-073-100,/root/autodl-tmp/tokenizer-eval/data/nsynth/nsynth-valid/audio/keyboard_acoustic_004-073-100.wav,327,keyboard_acoustic_004,4,keyboard,0,acoustic,73,100,16000,reverb
59.912422,-5.03161,string_acoustic_056-074-050,string_acoustic_056-074-050,/root/autodl-tmp/tokenizer-eval/data/nsynth/nsynth-valid/audio/string_acoustic_056-074-050.wav,436,string_acoustic_056,8,string,0,acoustic,74,50,16000,fast_decay|percussive|reverb
1.5816427,50.95936,guitar_electronic_022-031-075,guitar_electronic_022-031-075,/root/autodl-tmp/tokenizer-eval/data/nsynth/nsynth-valid/audio/guitar_electronic_022-031-075.wav,378,guitar_electronic_022,3,guitar,1,electronic,31,75,16000,dark
43.10962,30.645147,mallet_acoustic_062-044-025,mallet_acoustic_062-044-025,/root/autodl-tmp/tokenizer-eval/data/nsynth/nsynth-valid/audio/mallet_acoustic_062-044-025.wav,644,mallet_acoustic_062,5,mallet,0,acoustic,44,25,16000,dark|fast_decay|multiphonic
3.5138228,39.253136,keyboard_electronic_098-040-075,keyboard_electronic_098-040-075,/root/autodl-tmp/tokenizer-eval/data/nsynth/nsynth-valid/audio/keyboard_electronic_098-040-075.wav,905,keyboard_electronic_098,4,keyboard,1,electronic,40,75,16000,dark|distortion
58.356815,-3.544783,string_acoustic_056-066-025,string_acoustic_056-066-025,/root/autodl-tmp/tokenizer-eval/data/nsynth/nsynth-valid/audio/string_acoustic_056-066-025.wav,436,string_acoustic_056,8,string,0,acoustic,66,25,16000,fast_decay|percussive|reverb
-14.993862,-23.437653,reed_acoustic_018-070-127,reed_acoustic_018-070-127,/root/autodl-tmp/tokenizer-eval/data/nsynth/nsynth-valid/audio/reed_acoustic_018-070-127.wav,183,reed_acoustic_018,7,reed,0,acoustic,70,127,16000,
27.323532,-43.60625,string_acoustic_057-087-127,string_acoustic_057-087-127,/root/autodl-tmp/tokenizer-eval/data/nsynth/nsynth-valid/audio/string_acoustic_057-087-127.wav,450,string_acoustic_057,8,string,0,acoustic,87,127,16000,nonlinear_env|reverb
19.022057,32.586212,bass_electronic_027-055-075,bass_electronic_027-055-075,/root/autodl-tmp/tokenizer-eval/data/nsynth/nsynth-valid/audio/bass_electronic_027-055-075.wav,880,bass_electronic_027,0,bass,1,electronic,55,75,16000,
-25.556456,-79.91884,bass_synthetic_009-088-050,bass_synthetic_009-088-050,/root/autodl-tmp/tokenizer-eval/data/nsynth/nsynth-valid/audio/bass_synthetic_009-088-050.wav,150,bass_synthetic_009,0,bass,2,synthetic,88,50,16000,long_release
-117.73931,-30.058762,brass_acoustic_046-092-127,brass_acoustic_046-092-127,/root/autodl-tmp/tokenizer-eval/data/nsynth/nsynth-valid/audio/brass_acoustic_046-092-127.wav,414,brass_acoustic_046,1,brass,0,acoustic,92,127,16000,long_release
-50.048,-21.907768,vocal_synthetic_003-054-025,vocal_synthetic_003-054-025,/root/autodl-tmp/tokenizer-eval/data/nsynth/nsynth-valid/audio/vocal_synthetic_003-054-025.wav,37,vocal_synthetic_003,10,vocal,2,synthetic,54,25,16000,distortion|long_release|nonlinear_env
-18.595297,86.39392,bass_synthetic_098-060-025,bass_synthetic_098-060-025,/root/autodl-tmp/tokenizer-eval/data/nsynth/nsynth-valid/audio/bass_synthetic_098-060-025.wav,803,bass_synthetic_098,0,bass,2,synthetic,60,25,16000,dark
-24.669132,37.908688,keyboard_electronic_001-036-100,keyboard_electronic_001-036-100,/root/autodl-tmp/tokenizer-eval/data/nsynth/nsynth-valid/audio/keyboard_electronic_001-036-100.wav,40,keyboard_electronic_001,4,keyboard,1,electronic,36,100,16000,
-36.01892,-13.279314,brass_acoustic_006-061-050,brass_acoustic_006-061-050,/root/autodl-tmp/tokenizer-eval/data/nsynth/nsynth-valid/audio/brass_acoustic_006-061-050.wav,43,brass_acoustic_006,1,brass,0,acoustic,61,50,16000,reverb
-13.164826,-63.82843,brass_acoustic_046-082-050,brass_acoustic_046-082-050,/root/autodl-tmp/tokenizer-eval/data/nsynth/nsynth-valid/audio/brass_acoustic_046-082-050.wav,414,brass_acoustic_046,1,brass,0,acoustic,82,50,16000,
33.091274,49.75609,mallet_acoustic_062-039-100,mallet_acoustic_062-039-100,/root/autodl-tmp/tokenizer-eval/data/nsynth/nsynth-valid/audio/mallet_acoustic_062-039-100.wav,644,mallet_acoustic_062,5,mallet,0,acoustic,39,100,16000,dark|long_release|multiphonic
30.8527,48.42461,mallet_acoustic_062-042-075,mallet_acoustic_062-042-075,/root/autodl-tmp/tokenizer-eval/data/nsynth/nsynth-valid/audio/mallet_acoustic_062-042-075.wav,644,mallet_acoustic_062,5,mallet,0,acoustic,42,75,16000,dark|multiphonic
59.923244,-13.514319,guitar_acoustic_015-092-050,guitar_acoustic_015-092-050,/root/autodl-tmp/tokenizer-eval/data/nsynth/nsynth-valid/audio/guitar_acoustic_015-092-050.wav,316,guitar_acoustic_015,3,guitar,0,acoustic,92,50,16000,fast_decay|percussive|reverb
-26.303411,-8.446025,vocal_acoustic_000-065-075,vocal_acoustic_000-065-075,/root/autodl-tmp/tokenizer-eval/data/nsynth/nsynth-valid/audio/vocal_acoustic_000-065-075.wav,46,vocal_acoustic_000,10,vocal,0,acoustic,65,75,16000,reverb
-56.34943,6.675058,brass_acoustic_006-048-050,brass_acoustic_006-048-050,/root/autodl-tmp/tokenizer-eval/data/nsynth/nsynth-valid/audio/brass_acoustic_006-048-050.wav,43,brass_acoustic_006,1,brass,0,acoustic,48,50,16000,reverb
24.214375,-12.26441,keyboard_acoustic_004-075-127,keyboard_acoustic_004-075-127,/root/autodl-tmp/tokenizer-eval/data/nsynth/nsynth-valid/audio/keyboard_acoustic_004-075-127.wav,327,keyboard_acoustic_004,4,keyboard,0,acoustic,75,127,16000,reverb
-22.85637,-7.9386964,brass_acoustic_046-065-050,brass_acoustic_046-065-050,/root/autodl-tmp/tokenizer-eval/data/nsynth/nsynth-valid/audio/brass_acoustic_046-065-050.wav,414,brass_acoustic_046,1,brass,0,acoustic,65,50,16000,
-49.670345,-23.743073,vocal_synthetic_003-056-075,vocal_synthetic_003-056-075,/root/autodl-tmp/tokenizer-eval/data/nsynth/nsynth-valid/audio/vocal_synthetic_003-056-075.wav,37,vocal_synthetic_003,10,vocal,2,synthetic,56,75,16000,distortion|long_release|nonlinear_env
27.550438,-43.654022,string_acoustic_057-087-075,string_acoustic_057-087-075,/root/autodl-tmp/tokenizer-eval/data/nsynth/nsynth-valid/audio/string_acoustic_057-087-075.wav,450,string_acoustic_057,8,string,0,acoustic,87,75,16000,nonlinear_env|reverb
-40.10533,-7.3227553,reed_acoustic_018-056-127,reed_acoustic_018-056-127,/root/autodl-tmp/tokenizer-eval/data/nsynth/nsynth-valid/audio/reed_acoustic_018-056-127.wav,183,reed_acoustic_018,7,reed,0,acoustic,56,127,16000,
53.183617,18.585766,mallet_acoustic_056-072-050,mallet_acoustic_056-072-050,/root/autodl-tmp/tokenizer-eval/data/nsynth/nsynth-valid/audio/mallet_acoustic_056-072-050.wav,590,mallet_acoustic_056,5,mallet,0,acoustic,72,50,16000,fast_decay|percussive
-11.815712,-40.060196,brass_acoustic_016-071-050,brass_acoustic_016-071-050,/root/autodl-tmp/tokenizer-eval/data/nsynth/nsynth-valid/audio/brass_acoustic_016-071-050.wav,128,brass_acoustic_016,1,brass,0,acoustic,71,50,16000,bright
95.06865,-1.1876874,mallet_acoustic_062-078-050,mallet_acoustic_062-078-050,/root/autodl-tmp/tokenizer-eval/data/nsynth/nsynth-valid/audio/mallet_acoustic_062-078-050.wav,644,mallet_acoustic_062,5,mallet,0,acoustic,78,50,16000,fast_decay|multiphonic
-117.73931,-30.058762,brass_acoustic_046-096-075,brass_acoustic_046-096-075,/root/autodl-tmp/tokenizer-eval/data/nsynth/nsynth-valid/audio/brass_acoustic_046-096-075.wav,414,brass_acoustic_046,1,brass,0,acoustic,96,75,16000,long_release
-18.820892,41.045654,guitar_acoustic_014-048-025,guitar_acoustic_014-048-025,/root/autodl-tmp/tokenizer-eval/data/nsynth/nsynth-valid/audio/guitar_acoustic_014-048-025.wav,263,guitar_acoustic_014,3,guitar,0,acoustic,48,25,16000,
92.19872,9.062443,reed_acoustic_023-031-127,reed_acoustic_023-031-127,/root/autodl-tmp/tokenizer-eval/data/nsynth/nsynth-valid/audio/reed_acoustic_023-031-127.wav,224,reed_acoustic_023,7,reed,0,acoustic,31,127,16000,bright|fast_decay|multiphonic|nonlinear_env
-34.856518,39.93024,flute_synthetic_000-043-127,flute_synthetic_000-043-127,/root/autodl-tmp/tokenizer-eval/data/nsynth/nsynth-valid/audio/flute_synthetic_000-043-127.wav,82,flute_synthetic_000,2,flute,2,synthetic,43,127,16000,distortion
16.369116,-11.865936,keyboard_electronic_001-073-127,keyboard_electronic_001-073-127,/root/autodl-tmp/tokenizer-eval/data/nsynth/nsynth-valid/audio/keyboard_electronic_001-073-127.wav,40,keyboard_electronic_001,4,keyboard,1,electronic,73,127,16000,
78.712036,-16.202288,keyboard_synthetic_000-074-050,keyboard_synthetic_000-074-050,/root/autodl-tmp/tokenizer-eval/data/nsynth/nsynth-valid/audio/keyboard_synthetic_000-074-050.wav,577,keyboard_synthetic_000,4,keyboard,2,synthetic,74,50,16000,distortion|fast_decay|nonlinear_env
13.321332,-22.710438,organ_electronic_001-085-050,organ_electronic_001-085-050,/root/autodl-tmp/tokenizer-eval/data/nsynth/nsynth-valid/audio/organ_electronic_001-085-050.wav,8,organ_electronic_001,6,organ,1,electronic,85,50,16000,
-1.2044632,59.842712,organ_electronic_001-042-075,organ_electronic_001-042-075,/root/autodl-tmp/tokenizer-eval/data/nsynth/nsynth-valid/audio/organ_electronic_001-042-075.wav,8,organ_electronic_001,6,organ,1,electronic,42,75,16000,dark
-46.495056,-1.015839,reed_acoustic_011-045-100,reed_acoustic_011-045-100,/root/autodl-tmp/tokenizer-eval/data/nsynth/nsynth-valid/audio/reed_acoustic_011-045-100.wav,104,reed_acoustic_011,7,reed,0,acoustic,45,100,16000,bright
17.763617,40.767124,bass_synthetic_034-047-050,bass_synthetic_034-047-050,/root/autodl-tmp/tokenizer-eval/data/nsynth/nsynth-valid/audio/bass_synthetic_034-047-050.wav,420,bass_synthetic_034,0,bass,2,synthetic,47,50,16000,distortion|tempo-synced
111.627556,-0.75770503,keyboard_synthetic_000-038-127,keyboard_synthetic_000-038-127,/root/autodl-tmp/tokenizer-eval/data/nsynth/nsynth-valid/audio/keyboard_synthetic_000-038-127.wav,577,keyboard_synthetic_000,4,keyboard,2,synthetic,38,127,16000,bright|distortion|fast_decay|nonlinear_env
99.08997,2.0293686,reed_acoustic_023-061-025,reed_acoustic_023-061-025,/root/autodl-tmp/tokenizer-eval/data/nsynth/nsynth-valid/audio/reed_acoustic_023-061-025.wav,224,reed_acoustic_023,7,reed,0,acoustic,61,25,16000,bright|fast_decay|multiphonic|nonlinear_env
-5.292711,-33.149353,vocal_synthetic_003-071-050,vocal_synthetic_003-071-050,/root/autodl-tmp/tokenizer-eval/data/nsynth/nsynth-valid/audio/vocal_synthetic_003-071-050.wav,37,vocal_synthetic_003,10,vocal,2,synthetic,71,50,16000,bright|distortion|long_release|nonlinear_env
-15.283195,-64.78978,string_acoustic_057-082-127,string_acoustic_057-082-127,/root/autodl-tmp/tokenizer-eval/data/nsynth/nsynth-valid/audio/string_acoustic_057-082-127.wav,450,string_acoustic_057,8,string,0,acoustic,82,127,16000,bright|nonlinear_env|reverb
11.345225,16.41435,bass_synthetic_135-065-127,bass_synthetic_135-065-127,/root/autodl-tmp/tokenizer-eval/data/nsynth/nsynth-valid/audio/bass_synthetic_135-065-127.wav,927,bass_synthetic_135,0,bass,2,synthetic,65,127,16000,distortion
-4.8041024,-55.426987,organ_electronic_001-094-025,organ_electronic_001-094-025,/root/autodl-tmp/tokenizer-eval/data/nsynth/nsynth-valid/audio/organ_electronic_001-094-025.wav,8,organ_electronic_001,6,organ,1,electronic,94,25,16000,
-64.12743,9.490543,brass_acoustic_006-034-075,brass_acoustic_006-034-075,/root/autodl-tmp/tokenizer-eval/data/nsynth/nsynth-valid/audio/brass_acoustic_006-034-075.wav,43,brass_acoustic_006,1,brass,0,acoustic,34,75,16000,reverb
-44.427963,-33.60474,vocal_synthetic_003-064-075,vocal_synthetic_003-064-075,/root/autodl-tmp/tokenizer-eval/data/nsynth/nsynth-valid/audio/vocal_synthetic_003-064-075.wav,37,vocal_synthetic_003,10,vocal,2,synthetic,64,75,16000,bright|distortion|long_release|nonlinear_env
-38.21935,-26.227661,bass_synthetic_009-067-050,bass_synthetic_009-067-050,/root/autodl-tmp/tokenizer-eval/data/nsynth/nsynth-valid/audio/bass_synthetic_009-067-050.wav,150,bass_synthetic_009,0,bass,2,synthetic,67,50,16000,bright|distortion|long_release
-38.243164,-21.862968,reed_acoustic_018-067-075,reed_acoustic_018-067-075,/root/autodl-tmp/tokenizer-eval/data/nsynth/nsynth-valid/audio/reed_acoustic_018-067-075.wav,183,reed_acoustic_018,7,reed,0,acoustic,67,75,16000,
56.39983,-11.08053,keyboard_electronic_098-093-075,keyboard_electronic_098-093-075,/root/autodl-tmp/tokenizer-eval/data/nsynth/nsynth-valid/audio/keyboard_electronic_098-093-075.wav,905,keyboard_electronic_098,4,keyboard,1,electronic,93,75,16000,fast_decay|percussive
25.818842,-36.57987,flute_acoustic_002-074-100,flute_acoustic_002-074-100,/root/autodl-tmp/tokenizer-eval/data/nsynth/nsynth-valid/audio/flute_acoustic_002-074-100.wav,86,flute_acoustic_002,2,flute,0,acoustic,74,100,16000,reverb
-43.251953,-8.113368,brass_acoustic_046-055-100,brass_acoustic_046-055-100,/root/autodl-tmp/tokenizer-eval/data/nsynth/nsynth-valid/audio/brass_acoustic_046-055-100.wav,414,brass_acoustic_046,1,brass,0,acoustic,55,100,16000,
20.20281,-67.84608,mallet_acoustic_056-090-100,mallet_acoustic_056-090-100,/root/autodl-tmp/tokenizer-eval/data/nsynth/nsynth-valid/audio/mallet_acoustic_056-090-100.wav,590,mallet_acoustic_056,5,mallet,0,acoustic,90,100,16000,
13.749813,18.0395,mallet_acoustic_062-064-100,mallet_acoustic_062-064-100,/root/autodl-tmp/tokenizer-eval/data/nsynth/nsynth-valid/audio/mallet_acoustic_062-064-100.wav,644,mallet_acoustic_062,5,mallet,0,acoustic,64,100,16000,dark|multiphonic
-59.839417,10.384628,brass_acoustic_006-036-127,brass_acoustic_006-036-127,/root/autodl-tmp/tokenizer-eval/data/nsynth/nsynth-valid/audio/brass_acoustic_006-036-127.wav,43,brass_acoustic_006,1,brass,0,acoustic,36,127,16000,reverb
-38.858402,-26.943731,vocal_synthetic_003-067-075,vocal_synthetic_003-067-075,/root/autodl-tmp/tokenizer-eval/data/nsynth/nsynth-valid/audio/vocal_synthetic_003-067-075.wav,37,vocal_synthetic_003,10,vocal,2,synthetic,67,75,16000,bright|distortion|long_release|nonlinear_env
30.556683,-47.710205,vocal_synthetic_003-086-100,vocal_synthetic_003-086-100,/root/autodl-tmp/tokenizer-eval/data/nsynth/nsynth-valid/audio/vocal_synthetic_003-086-100.wav,37,vocal_synthetic_003,10,vocal,2,synthetic,86,100,16000,bright|distortion|long_release|nonlinear_env
0.49117938,-51.933292,string_acoustic_057-096-127,string_acoustic_057-096-127,/root/autodl-tmp/tokenizer-eval/data/nsynth/nsynth-valid/audio/string_acoustic_057-096-127.wav,450,string_acoustic_057,8,string,0,acoustic,96,127,16000,nonlinear_env|reverb
-26.26586,-14.323954,vocal_acoustic_000-057-050,vocal_acoustic_000-057-050,/root/autodl-tmp/tokenizer-eval/data/nsynth/nsynth-valid/audio/vocal_acoustic_000-057-050.wav,46,vocal_acoustic_000,10,vocal,0,acoustic,57,50,16000,reverb
-24.963804,18.305153,organ_electronic_113-050-100,organ_electronic_113-050-100,/root/autodl-tmp/tokenizer-eval/data/nsynth/nsynth-valid/audio/organ_electronic_113-050-100.wav,958,organ_electronic_113,6,organ,1,electronic,50,100,16000,dark
-1.5568733,34.138203,guitar_acoustic_014-055-050,guitar_acoustic_014-055-050,/root/autodl-tmp/tokenizer-eval/data/nsynth/nsynth-valid/audio/guitar_acoustic_014-055-050.wav,263,guitar_acoustic_014,3,guitar,0,acoustic,55,50,16000,
12.837499,7.5284176,keyboard_acoustic_004-071-025,keyboard_acoustic_004-071-025,/root/autodl-tmp/tokenizer-eval/data/nsynth/nsynth-valid/audio/keyboard_acoustic_004-071-025.wav,327,keyboard_acoustic_004,4,keyboard,0,acoustic,71,25,16000,dark|reverb
10.249832,-20.471529,string_acoustic_057-073-100,string_acoustic_057-073-100,/root/autodl-tmp/tokenizer-eval/data/nsynth/nsynth-valid/audio/string_acoustic_057-073-100.wav,450,string_acoustic_057,8,string,0,acoustic,73,100,16000,bright|nonlinear_env|reverb
4.6293516,-42.358788,string_acoustic_057-084-050,string_acoustic_057-084-050,/root/autodl-tmp/tokenizer-eval/data/nsynth/nsynth-valid/audio/string_acoustic_057-084-050.wav,450,string_acoustic_057,8,string,0,acoustic,84,50,16000,bright|nonlinear_env|reverb
16.613651,-8.796704,bass_synthetic_134-073-050,bass_synthetic_134-073-050,/root/autodl-tmp/tokenizer-eval/data/nsynth/nsynth-valid/audio/bass_synthetic_134-073-050.wav,914,bass_synthetic_134,0,bass,2,synthetic,73,50,16000,dark|reverb
-19.09759,39.024055,keyboard_electronic_078-047-050,keyboard_electronic_078-047-050,/root/autodl-tmp/tokenizer-eval/data/nsynth/nsynth-valid/audio/keyboard_electronic_078-047-050.wav,838,keyboard_electronic_078,4,keyboard,1,electronic,47,50,16000,bright
-54.315914,35.22049,vocal_synthetic_003-049-025,vocal_synthetic_003-049-025,/root/autodl-tmp/tokenizer-eval/data/nsynth/nsynth-valid/audio/vocal_synthetic_003-049-025.wav,37,vocal_synthetic_003,10,vocal,2,synthetic,49,25,16000,distortion|long_release|nonlinear_env
4.756557,-3.982122,guitar_acoustic_014-069-127,guitar_acoustic_014-069-127,/root/autodl-tmp/tokenizer-eval/data/nsynth/nsynth-valid/audio/guitar_acoustic_014-069-127.wav,263,guitar_acoustic_014,3,guitar,0,acoustic,69,127,16000,
-27.774694,-29.663532,organ_electronic_113-068-075,organ_electronic_113-068-075,/root/autodl-tmp/tokenizer-eval/data/nsynth/nsynth-valid/audio/organ_electronic_113-068-075.wav,958,organ_electronic_113,6,organ,1,electronic,68,75,16000,
-2.896719,26.149498,guitar_acoustic_015-058-025,guitar_acoustic_015-058-025,/root/autodl-tmp/tokenizer-eval/data/nsynth/nsynth-valid/audio/guitar_acoustic_015-058-025.wav,316,guitar_acoustic_015,3,guitar,0,acoustic,58,25,16000,reverb
23.843887,30.313211,bass_electronic_027-048-100,bass_electronic_027-048-100,/root/autodl-tmp/tokenizer-eval/data/nsynth/nsynth-valid/audio/bass_electronic_027-048-100.wav,880,bass_electronic_027,0,bass,1,electronic,48,100,16000,
-43.4446,-8.496037,brass_acoustic_046-052-075,brass_acoustic_046-052-075,/root/autodl-tmp/tokenizer-eval/data/nsynth/nsynth-valid/audio/brass_acoustic_046-052-075.wav,414,brass_acoustic_046,1,brass,0,acoustic,52,75,16000,
68.63444,-25.734514,reed_acoustic_023-093-025,reed_acoustic_023-093-025,/root/autodl-tmp/tokenizer-eval/data/nsynth/nsynth-valid/audio/reed_acoustic_023-093-025.wav,224,reed_acoustic_023,7,reed,0,acoustic,93,25,16000,fast_decay|multiphonic|nonlinear_env
-33.807777,-45.179943,flute_synthetic_000-089-127,flute_synthetic_000-089-127,/root/autodl-tmp/tokenizer-eval/data/nsynth/nsynth-valid/audio/flute_synthetic_000-089-127.wav,82,flute_synthetic_000,2,flute,2,synthetic,89,127,16000,distortion
-18.720276,-65.87325,brass_acoustic_006-081-050,brass_acoustic_006-081-050,/root/autodl-tmp/tokenizer-eval/data/nsynth/nsynth-valid/audio/brass_acoustic_006-081-050.wav,43,brass_acoustic_006,1,brass,0,acoustic,81,50,16000,reverb
-24.279404,-21.542786,organ_electronic_113-069-100,organ_electronic_113-069-100,/root/autodl-tmp/tokenizer-eval/data/nsynth/nsynth-valid/audio/organ_electronic_113-069-100.wav,958,organ_electronic_113,6,organ,1,electronic,69,100,16000,
-18.712046,85.85972,bass_synthetic_098-058-025,bass_synthetic_098-058-025,/root/autodl-tmp/tokenizer-eval/data/nsynth/nsynth-valid/audio/bass_synthetic_098-058-025.wav,803,bass_synthetic_098,0,bass,2,synthetic,58,25,16000,dark
-53.538307,18.815939,string_acoustic_012-034-100,string_acoustic_012-034-100,/root/autodl-tmp/tokenizer-eval/data/nsynth/nsynth-valid/audio/string_acoustic_012-034-100.wav,97,string_acoustic_012,8,string,0,acoustic,34,100,16000,long_release|reverb
-36.047962,17.397135,flute_synthetic_000-056-050,flute_synthetic_000-056-050,/root/autodl-tmp/tokenizer-eval/data/nsynth/nsynth-valid/audio/flute_synthetic_000-056-050.wav,82,flute_synthetic_000,2,flute,2,synthetic,56,50,16000,distortion
32.355072,-38.583603,bass_synthetic_135-086-025,bass_synthetic_135-086-025,/root/autodl-tmp/tokenizer-eval/data/nsynth/nsynth-valid/audio/bass_synthetic_135-086-025.wav,927,bass_synthetic_135,0,bass,2,synthetic,86,25,16000,distortion
3.5742154,6.1229053,guitar_acoustic_015-067-025,guitar_acoustic_015-067-025,/root/autodl-tmp/tokenizer-eval/data/nsynth/nsynth-valid/audio/guitar_acoustic_015-067-025.wav,316,guitar_acoustic_015,3,guitar,0,acoustic,67,25,16000,reverb
-1.8761585,24.91128,guitar_acoustic_021-059-075,guitar_acoustic_021-059-075,/root/autodl-tmp/tokenizer-eval/data/nsynth/nsynth-valid/audio/guitar_acoustic_021-059-075.wav,457,guitar_acoustic_021,3,guitar,0,acoustic,59,75,16000,
-69.95325,29.181362,vocal_synthetic_003-034-050,vocal_synthetic_003-034-050,/root/autodl-tmp/tokenizer-eval/data/nsynth/nsynth-valid/audio/vocal_synthetic_003-034-050.wav,37,vocal_synthetic_003,10,vocal,2,synthetic,34,50,16000,distortion|long_release|nonlinear_env
-35.850338,23.52447,flute_synthetic_000-053-050,flute_synthetic_000-053-050,/root/autodl-tmp/tokenizer-eval/data/nsynth/nsynth-valid/audio/flute_synthetic_000-053-050.wav,82,flute_synthetic_000,2,flute,2,synthetic,53,50,16000,distortion
-5.592769,-58.813877,flute_synthetic_000-093-075,flute_synthetic_000-093-075,/root/autodl-tmp/tokenizer-eval/data/nsynth/nsynth-valid/audio/flute_synthetic_000-093-075.wav,82,flute_synthetic_000,2,flute,2,synthetic,93,75,16000,distortion
-35.616013,24.558123,flute_synthetic_000-052-075,flute_synthetic_000-052-075,/root/autodl-tmp/tokenizer-eval/data/nsynth/nsynth-valid/audio/flute_synthetic_000-052-075.wav,82,flute_synthetic_000,2,flute,2,synthetic,52,75,16000,distortion
-21.29976,19.036564,organ_electronic_001-043-100,organ_electronic_001-043-100,/root/autodl-tmp/tokenizer-eval/data/nsynth/nsynth-valid/audio/organ_electronic_001-043-100.wav,8,organ_electronic_001,6,organ,1,electronic,43,100,16000,dark
-61.167603,34.103622,vocal_synthetic_003-039-025,vocal_synthetic_003-039-025,/root/autodl-tmp/tokenizer-eval/data/nsynth/nsynth-valid/audio/vocal_synthetic_003-039-025.wav,37,vocal_synthetic_003,10,vocal,2,synthetic,39,25,16000,distortion|long_release|nonlinear_env
-21.06097,2.8585918,brass_acoustic_016-053-050,brass_acoustic_016-053-050,/root/autodl-tmp/tokenizer-eval/data/nsynth/nsynth-valid/audio/brass_acoustic_016-053-050.wav,128,brass_acoustic_016,1,brass,0,acoustic,53,50,16000,
53.523285,22.254084,mallet_acoustic_062-062-025,mallet_acoustic_062-062-025,/root/autodl-tmp/tokenizer-eval/data/nsynth/nsynth-valid/audio/mallet_acoustic_062-062-025.wav,644,mallet_acoustic_062,5,mallet,0,acoustic,62,25,16000,dark|fast_decay|multiphonic
25.398594,27.656448,bass_electronic_018-059-075,bass_electronic_018-059-075,/root/autodl-tmp/tokenizer-eval/data/nsynth/nsynth-valid/audio/bass_electronic_018-059-075.wav,759,bass_electronic_018,0,bass,1,electronic,59,75,16000,
2.8258317,22.017225,keyboard_electronic_002-060-025,keyboard_electronic_002-060-025,/root/autodl-tmp/tokenizer-eval/data/nsynth/nsynth-valid/audio/keyboard_electronic_002-060-025.wav,50,keyboard_electronic_002,4,keyboard,1,electronic,60,25,16000,
36.758984,49.69634,mallet_acoustic_062-032-100,mallet_acoustic_062-032-100,/root/autodl-tmp/tokenizer-eval/data/nsynth/nsynth-valid/audio/mallet_acoustic_062-032-100.wav,644,mallet_acoustic_062,5,mallet,0,acoustic,32,100,16000,dark|long_release|multiphonic
25.53701,-3.6500037,bass_synthetic_033-076-100,bass_synthetic_033-076-100,/root/autodl-tmp/tokenizer-eval/data/nsynth/nsynth-valid/audio/bass_synthetic_033-076-100.wav,417,bass_synthetic_033,0,bass,2,synthetic,76,100,16000,
26.701408,-41.46454,organ_electronic_007-086-100,organ_electronic_007-086-100,/root/autodl-tmp/tokenizer-eval/data/nsynth/nsynth-valid/audio/organ_electronic_007-086-100.wav,123,organ_electronic_007,6,organ,1,electronic,86,100,16000,long_release|nonlinear_env
-0.2549025,12.167082,guitar_electronic_028-064-100,guitar_electronic_028-064-100,/root/autodl-tmp/tokenizer-eval/data/nsynth/nsynth-valid/audio/guitar_electronic_028-064-100.wav,510,guitar_electronic_028,3,guitar,1,electronic,64,100,16000,
-14.496465,7.7185674,organ_electronic_113-060-127,organ_electronic_113-060-127,/root/autodl-tmp/tokenizer-eval/data/nsynth/nsynth-valid/audio/organ_electronic_113-060-127.wav,958,organ_electronic_113,6,organ,1,electronic,60,127,16000,dark
-43.575478,-9.426946,brass_acoustic_046-057-127,brass_acoustic_046-057-127,/root/autodl-tmp/tokenizer-eval/data/nsynth/nsynth-valid/audio/brass_acoustic_046-057-127.wav,414,brass_acoustic_046,1,brass,0,acoustic,57,127,16000,
-7.095606,-27.967428,organ_electronic_113-071-050,organ_electronic_113-071-050,/root/autodl-tmp/tokenizer-eval/data/nsynth/nsynth-valid/audio/organ_electronic_113-071-050.wav,958,organ_electronic_113,6,organ,1,electronic,71,50,16000,
-6.085664,-75.691795,vocal_synthetic_003-096-025,vocal_synthetic_003-096-025,/root/autodl-tmp/tokenizer-eval/data/nsynth/nsynth-valid/audio/vocal_synthetic_003-096-025.wav,37,vocal_synthetic_003,10,vocal,2,synthetic,96,25,16000,bright|distortion|long_release|nonlinear_env
-64.607025,9.541843,brass_acoustic_006-031-100,brass_acoustic_006-031-100,/root/autodl-tmp/tokenizer-eval/data/nsynth/nsynth-valid/audio/brass_acoustic_006-031-100.wav,43,brass_acoustic_006,1,brass,0,acoustic,31,100,16000,reverb
-44.832314,-13.916901,reed_acoustic_037-064-127,reed_acoustic_037-064-127,/root/autodl-tmp/tokenizer-eval/data/nsynth/nsynth-valid/audio/reed_acoustic_037-064-127.wav,387,reed_acoustic_037,7,reed,0,acoustic,64,127,16000,long_release|reverb
-117.73931,-30.058762,brass_acoustic_046-087-100,brass_acoustic_046-087-100,/root/autodl-tmp/tokenizer-eval/data/nsynth/nsynth-valid/audio/brass_acoustic_046-087-100.wav,414,brass_acoustic_046,1,brass,0,acoustic,87,100,16000,long_release
-67.086365,-8.496927,reed_acoustic_037-039-050,reed_acoustic_037-039-050,/root/autodl-tmp/tokenizer-eval/data/nsynth/nsynth-valid/audio/reed_acoustic_037-039-050.wav,387,reed_acoustic_037,7,reed,0,acoustic,39,50,16000,reverb
-26.289196,-66.72136,vocal_synthetic_003-081-025,vocal_synthetic_003-081-025,/root/autodl-tmp/tokenizer-eval/data/nsynth/nsynth-valid/audio/vocal_synthetic_003-081-025.wav,37,vocal_synthetic_003,10,vocal,2,synthetic,81,25,16000,bright|distortion|long_release|nonlinear_env
8.769411,-66.195,organ_electronic_028-090-075,organ_electronic_028-090-075,/root/autodl-tmp/tokenizer-eval/data/nsynth/nsynth-valid/audio/organ_electronic_028-090-075.wav,440,organ_electronic_028,6,organ,1,electronic,90,75,16000,
-56.777397,7.4044766,brass_acoustic_006-046-100,brass_acoustic_006-046-100,/root/autodl-tmp/tokenizer-eval/data/nsynth/nsynth-valid/audio/brass_acoustic_006-046-100.wav,43,brass_acoustic_006,1,brass,0,acoustic,46,100,16000,long_release|reverb
110.04391,-1.6141056,reed_acoustic_023-064-050,reed_acoustic_023-064-050,/root/autodl-tmp/tokenizer-eval/data/nsynth/nsynth-valid/audio/reed_acoustic_023-064-050.wav,224,reed_acoustic_023,7,reed,0,acoustic,64,50,16000,bright|fast_decay|multiphonic|nonlinear_env
-35.611282,-23.218636,flute_acoustic_002-067-127,flute_acoustic_002-067-127,/root/autodl-tmp/tokenizer-eval/data/nsynth/nsynth-valid/audio/flute_acoustic_002-067-127.wav,86,flute_acoustic_002,2,flute,0,acoustic,67,127,16000,long_release|reverb
15.434321,21.770145,mallet_acoustic_062-059-100,mallet_acoustic_062-059-100,/root/autodl-tmp/tokenizer-eval/data/nsynth/nsynth-valid/audio/mallet_acoustic_062-059-100.wav,644,mallet_acoustic_062,5,mallet,0,acoustic,59,100,16000,dark|multiphonic
13.812462,-67.73561,guitar_electronic_028-089-025,guitar_electronic_028-089-025,/root/autodl-tmp/tokenizer-eval/data/nsynth/nsynth-valid/audio/guitar_electronic_028-089-025.wav,510,guitar_electronic_028,3,guitar,1,electronic,89,25,16000,
-33.677036,45.758118,flute_synthetic_000-041-127,flute_synthetic_000-041-127,/root/autodl-tmp/tokenizer-eval/data/nsynth/nsynth-valid/audio/flute_synthetic_000-041-127.wav,82,flute_synthetic_000,2,flute,2,synthetic,41,127,16000,distortion
57.986,-5.6679673,string_acoustic_056-075-075,string_acoustic_056-075-075,/root/autodl-tmp/tokenizer-eval/data/nsynth/nsynth-valid/audio/string_acoustic_056-075-075.wav,436,string_acoustic_056,8,string,0,acoustic,75,75,16000,fast_decay|percussive|reverb
92.12195,-1.6203022,mallet_acoustic_062-081-050,mallet_acoustic_062-081-050,/root/autodl-tmp/tokenizer-eval/data/nsynth/nsynth-valid/audio/mallet_acoustic_062-081-050.wav,644,mallet_acoustic_062,5,mallet,0,acoustic,81,50,16000,fast_decay|multiphonic
-19.884949,21.377129,organ_electronic_104-041-050,organ_electronic_104-041-050,/root/autodl-tmp/tokenizer-eval/data/nsynth/nsynth-valid/audio/organ_electronic_104-041-050.wav,921,organ_electronic_104,6,organ,1,electronic,41,50,16000,
-61.798637,35.17474,vocal_synthetic_003-035-025,vocal_synthetic_003-035-025,/root/autodl-tmp/tokenizer-eval/data/nsynth/nsynth-valid/audio/vocal_synthetic_003-035-025.wav,37,vocal_synthetic_003,10,vocal,2,synthetic,35,25,16000,distortion|long_release|nonlinear_env
-16.613785,11.874474,organ_electronic_001-069-025,organ_electronic_001-069-025,/root/autodl-tmp/tokenizer-eval/data/nsynth/nsynth-valid/audio/organ_electronic_001-069-025.wav,8,organ_electronic_001,6,organ,1,electronic,69,25,16000,
15.229472,5.492596,keyboard_electronic_001-071-127,keyboard_electronic_001-071-127,/root/autodl-tmp/tokenizer-eval/data/nsynth/nsynth-valid/audio/keyboard_electronic_001-071-127.wav,40,keyboard_electronic_001,4,keyboard,1,electronic,71,127,16000,
-22.994762,35.69349,keyboard_electronic_001-050-100,keyboard_electronic_001-050-100,/root/autodl-tmp/tokenizer-eval/data/nsynth/nsynth-valid/audio/keyboard_electronic_001-050-100.wav,40,keyboard_electronic_001,4,keyboard,1,electronic,50,100,16000,
8.524161,63.132122,organ_electronic_113-032-075,organ_electronic_113-032-075,/root/autodl-tmp/tokenizer-eval/data/nsynth/nsynth-valid/audio/organ_electronic_113-032-075.wav,958,organ_electronic_113,6,organ,1,electronic,32,75,16000,dark
23.498602,6.045599,keyboard_electronic_001-081-050,keyboard_electronic_001-081-050,/root/autodl-tmp/tokenizer-eval/data/nsynth/nsynth-valid/audio/keyboard_electronic_001-081-050.wav,40,keyboard_electronic_001,4,keyboard,1,electronic,81,50,16000,
-28.807734,-11.930084,vocal_acoustic_000-055-050,vocal_acoustic_000-055-050,/root/autodl-tmp/tokenizer-eval/data/nsynth/nsynth-valid/audio/vocal_acoustic_000-055-050.wav,46,vocal_acoustic_000,10,vocal,0,acoustic,55,50,16000,reverb
15.801868,5.992326,keyboard_electronic_001-059-075,keyboard_electronic_001-059-075,/root/autodl-tmp/tokenizer-eval/data/nsynth/nsynth-valid/audio/keyboard_electronic_001-059-075.wav,40,keyboard_electronic_001,4,keyboard,1,electronic,59,75,16000,dark
-35.871166,-42.39989,brass_acoustic_015-076-050,brass_acoustic_015-076-050,/root/autodl-tmp/tokenizer-eval/data/nsynth/nsynth-valid/audio/brass_acoustic_015-076-050.wav,121,brass_acoustic_015,1,brass,0,acoustic,76,50,16000,reverb
54.490482,2.6078613,mallet_acoustic_047-068-075,mallet_acoustic_047-068-075,/root/autodl-tmp/tokenizer-eval/data/nsynth/nsynth-valid/audio/mallet_acoustic_047-068-075.wav,488,mallet_acoustic_047,5,mallet,0,acoustic,68,75,16000,fast_decay|percussive|reverb
-15.2972765,-24.886929,brass_acoustic_046-070-127,brass_acoustic_046-070-127,/root/autodl-tmp/tokenizer-eval/data/nsynth/nsynth-valid/audio/brass_acoustic_046-070-127.wav,414,brass_acoustic_046,1,brass,0,acoustic,70,127,16000,bright
-18.128323,84.2183,bass_synthetic_098-047-075,bass_synthetic_098-047-075,/root/autodl-tmp/tokenizer-eval/data/nsynth/nsynth-valid/audio/bass_synthetic_098-047-075.wav,803,bass_synthetic_098,0,bass,2,synthetic,47,75,16000,
-10.687684,-3.489971,reed_acoustic_018-063-025,reed_acoustic_018-063-025,/root/autodl-tmp/tokenizer-eval/data/nsynth/nsynth-valid/audio/reed_acoustic_018-063-025.wav,183,reed_acoustic_018,7,reed,0,acoustic,63,25,16000,
-21.005949,2.7609859,brass_acoustic_016-053-127,brass_acoustic_016-053-127,/root/autodl-tmp/tokenizer-eval/data/nsynth/nsynth-valid/audio/brass_acoustic_016-053-127.wav,128,brass_acoustic_016,1,brass,0,acoustic,53,127,16000,
22.90725,52.893974,organ_electronic_028-044-050,organ_electronic_028-044-050,/root/autodl-tmp/tokenizer-eval/data/nsynth/nsynth-valid/audio/organ_electronic_028-044-050.wav,440,organ_electronic_028,6,organ,1,electronic,44,50,16000,dark
22.824657,39.16407,bass_synthetic_068-048-025,bass_synthetic_068-048-025,/root/autodl-tmp/tokenizer-eval/data/nsynth/nsynth-valid/audio/bass_synthetic_068-048-025.wav,656,bass_synthetic_068,0,bass,2,synthetic,48,25,16000,dark
23.389494,57.514965,bass_electronic_025-042-100,bass_electronic_025-042-100,/root/autodl-tmp/tokenizer-eval/data/nsynth/nsynth-valid/audio/bass_electronic_025-042-100.wav,872,bass_electronic_025,0,bass,1,electronic,42,100,16000,
1.6620387,67.50667,organ_electronic_104-031-075,organ_electronic_104-031-075,/root/autodl-tmp/tokenizer-eval/data/nsynth/nsynth-valid/audio/organ_electronic_104-031-075.wav,921,organ_electronic_104,6,organ,1,electronic,31,75,16000,
1.3844292,37.735672,keyboard_electronic_098-054-050,keyboard_electronic_098-054-050,/root/autodl-tmp/tokenizer-eval/data/nsynth/nsynth-valid/audio/keyboard_electronic_098-054-050.wav,905,keyboard_electronic_098,4,keyboard,1,electronic,54,50,16000,dark
-62.526802,7.319193,brass_acoustic_006-032-050,brass_acoustic_006-032-050,/root/autodl-tmp/tokenizer-eval/data/nsynth/nsynth-valid/audio/brass_acoustic_006-032-050.wav,43,brass_acoustic_006,1,brass,0,acoustic,32,50,16000,long_release|reverb
2.5651019,20.956644,keyboard_electronic_003-061-100,keyboard_electronic_003-061-100,/root/autodl-tmp/tokenizer-eval/data/nsynth/nsynth-valid/audio/keyboard_electronic_003-061-100.wav,65,keyboard_electronic_003,4,keyboard,1,electronic,61,100,16000,
2.648115,-78.043434,vocal_synthetic_003-088-050,vocal_synthetic_003-088-050,/root/autodl-tmp/tokenizer-eval/data/nsynth/nsynth-valid/audio/vocal_synthetic_003-088-050.wav,37,vocal_synthetic_003,10,vocal,2,synthetic,88,50,16000,bright|distortion|long_release|nonlinear_env
-34.174767,12.632615,flute_synthetic_000-059-127,flute_synthetic_000-059-127,/root/autodl-tmp/tokenizer-eval/data/nsynth/nsynth-valid/audio/flute_synthetic_000-059-127.wav,82,flute_synthetic_000,2,flute,2,synthetic,59,127,16000,distortion
54.15352,-10.818861,keyboard_electronic_098-091-025,keyboard_electronic_098-091-025,/root/autodl-tmp/tokenizer-eval/data/nsynth/nsynth-valid/audio/keyboard_electronic_098-091-025.wav,905,keyboard_electronic_098,4,keyboard,1,electronic,91,25,16000,fast_decay|percussive
-53.717926,35.8108,vocal_synthetic_003-044-025,vocal_synthetic_003-044-025,/root/autodl-tmp/tokenizer-eval/data/nsynth/nsynth-valid/audio/vocal_synthetic_003-044-025.wav,37,vocal_synthetic_003,10,vocal,2,synthetic,44,25,16000,distortion|long_release|nonlinear_env
-36.735764,-16.83773,bass_synthetic_009-062-025,bass_synthetic_009-062-025,/root/autodl-tmp/tokenizer-eval/data/nsynth/nsynth-valid/audio/bass_synthetic_009-062-025.wav,150,bass_synthetic_009,0,bass,2,synthetic,62,25,16000,bright|distortion|long_release
-58.61333,-27.01231,vocal_synthetic_003-048-075,vocal_synthetic_003-048-075,/root/autodl-tmp/tokenizer-eval/data/nsynth/nsynth-valid/audio/vocal_synthetic_003-048-075.wav,37,vocal_synthetic_003,10,vocal,2,synthetic,48,75,16000,distortion|long_release|nonlinear_env
-53.59916,-6.014349,reed_acoustic_037-056-075,reed_acoustic_037-056-075,/root/autodl-tmp/tokenizer-eval/data/nsynth/nsynth-valid/audio/reed_acoustic_037-056-075.wav,387,reed_acoustic_037,7,reed,0,acoustic,56,75,16000,reverb
-117.73931,-30.058762,brass_acoustic_046-093-025,brass_acoustic_046-093-025,/root/autodl-tmp/tokenizer-eval/data/nsynth/nsynth-valid/audio/brass_acoustic_046-093-025.wav,414,brass_acoustic_046,1,brass,0,acoustic,93,25,16000,long_release
96.79745,1.4573624,reed_acoustic_023-066-127,reed_acoustic_023-066-127,/root/autodl-tmp/tokenizer-eval/data/nsynth/nsynth-valid/audio/reed_acoustic_023-066-127.wav,224,reed_acoustic_023,7,reed,0,acoustic,66,127,16000,bright|fast_decay|multiphonic|nonlinear_env
-16.941261,-19.894896,vocal_acoustic_000-070-050,vocal_acoustic_000-070-050,/root/autodl-tmp/tokenizer-eval/data/nsynth/nsynth-valid/audio/vocal_acoustic_000-070-050.wav,46,vocal_acoustic_000,10,vocal,0,acoustic,70,50,16000,reverb
-62.489674,3.8576794,brass_acoustic_059-039-100,brass_acoustic_059-039-100,/root/autodl-tmp/tokenizer-eval/data/nsynth/nsynth-valid/audio/brass_acoustic_059-039-100.wav,572,brass_acoustic_059,1,brass,0,acoustic,39,100,16000,reverb
-32.641014,-44.230488,brass_acoustic_015-077-127,brass_acoustic_015-077-127,/root/autodl-tmp/tokenizer-eval/data/nsynth/nsynth-valid/audio/brass_acoustic_015-077-127.wav,121,brass_acoustic_015,1,brass,0,acoustic,77,127,16000,reverb
-30.196007,-26.180285,vocal_acoustic_000-068-025,vocal_acoustic_000-068-025,/root/autodl-tmp/tokenizer-eval/data/nsynth/nsynth-valid/audio/vocal_acoustic_000-068-025.wav,46,vocal_acoustic_000,10,vocal,0,acoustic,68,25,16000,reverb
-25.874744,-21.180214,reed_acoustic_037-057-100,reed_acoustic_037-057-100,/root/autodl-tmp/tokenizer-eval/data/nsynth/nsynth-valid/audio/reed_acoustic_037-057-100.wav,387,reed_acoustic_037,7,reed,0,acoustic,57,100,16000,long_release|reverb
90.32695,-16.357311,reed_acoustic_023-087-127,reed_acoustic_023-087-127,/root/autodl-tmp/tokenizer-eval/data/nsynth/nsynth-valid/audio/reed_acoustic_023-087-127.wav,224,reed_acoustic_023,7,reed,0,acoustic,87,127,16000,fast_decay|multiphonic|nonlinear_env
-5.1085186,45.481228,keyboard_electronic_069-047-075,keyboard_electronic_069-047-075,/root/autodl-tmp/tokenizer-eval/data/nsynth/nsynth-valid/audio/keyboard_electronic_069-047-075.wav,805,keyboard_electronic_069,4,keyboard,1,electronic,47,75,16000,distortion
-32.304596,51.08467,flute_synthetic_000-036-050,flute_synthetic_000-036-050,/root/autodl-tmp/tokenizer-eval/data/nsynth/nsynth-valid/audio/flute_synthetic_000-036-050.wav,82,flute_synthetic_000,2,flute,2,synthetic,36,50,16000,distortion
29.45871,-10.617791,guitar_acoustic_030-063-050,guitar_acoustic_030-063-050,/root/autodl-tmp/tokenizer-eval/data/nsynth/nsynth-valid/audio/guitar_acoustic_030-063-050.wav,642,guitar_acoustic_030,3,guitar,0,acoustic,63,50,16000,fast_decay|tempo-synced
10.799908,21.364676,bass_synthetic_135-060-100,bass_synthetic_135-060-100,/root/autodl-tmp/tokenizer-eval/data/nsynth/nsynth-valid/audio/bass_synthetic_135-060-100.wav,927,bass_synthetic_135,0,bass,2,synthetic,60,100,16000,distortion
23.08151,-11.127409,guitar_acoustic_014-074-100,guitar_acoustic_014-074-100,/root/autodl-tmp/tokenizer-eval/data/nsynth/nsynth-valid/audio/guitar_acoustic_014-074-100.wav,263,guitar_acoustic_014,3,guitar,0,acoustic,74,100,16000,
35.491196,30.619354,string_acoustic_056-051-075,string_acoustic_056-051-075,/root/autodl-tmp/tokenizer-eval/data/nsynth/nsynth-valid/audio/string_acoustic_056-051-075.wav,436,string_acoustic_056,8,string,0,acoustic,51,75,16000,fast_decay|reverb
69.01173,21.34606,mallet_acoustic_056-054-127,mallet_acoustic_056-054-127,/root/autodl-tmp/tokenizer-eval/data/nsynth/nsynth-valid/audio/mallet_acoustic_056-054-127.wav,590,mallet_acoustic_056,5,mallet,0,acoustic,54,127,16000,bright|fast_decay|percussive
88.76188,-15.736771,reed_acoustic_023-081-025,reed_acoustic_023-081-025,/root/autodl-tmp/tokenizer-eval/data/nsynth/nsynth-valid/audio/reed_acoustic_023-081-025.wav,224,reed_acoustic_023,7,reed,0,acoustic,81,25,16000,bright|fast_decay|multiphonic|nonlinear_env
3.3871582,39.28818,guitar_acoustic_010-050-025,guitar_acoustic_010-050-025,/root/autodl-tmp/tokenizer-eval/data/nsynth/nsynth-valid/audio/guitar_acoustic_010-050-025.wav,219,guitar_acoustic_010,3,guitar,0,acoustic,50,25,16000,
-1.207282,-62.111786,flute_acoustic_002-093-075,flute_acoustic_002-093-075,/root/autodl-tmp/tokenizer-eval/data/nsynth/nsynth-valid/audio/flute_acoustic_002-093-075.wav,86,flute_acoustic_002,2,flute,0,acoustic,93,75,16000,reverb
37.39843,49.126575,mallet_acoustic_062-031-075,mallet_acoustic_062-031-075,/root/autodl-tmp/tokenizer-eval/data/nsynth/nsynth-valid/audio/mallet_acoustic_062-031-075.wav,644,mallet_acoustic_062,5,mallet,0,acoustic,31,75,16000,dark|multiphonic
-31.317572,52.125675,flute_synthetic_000-035-075,flute_synthetic_000-035-075,/root/autodl-tmp/tokenizer-eval/data/nsynth/nsynth-valid/audio/flute_synthetic_000-035-075.wav,82,flute_synthetic_000,2,flute,2,synthetic,35,75,16000,distortion
77.8575,-16.598448,keyboard_synthetic_000-075-100,keyboard_synthetic_000-075-100,/root/autodl-tmp/tokenizer-eval/data/nsynth/nsynth-valid/audio/keyboard_synthetic_000-075-100.wav,577,keyboard_synthetic_000,4,keyboard,2,synthetic,75,100,16000,bright|distortion|fast_decay|nonlinear_env
17.30953,-13.7945175,keyboard_electronic_069-073-050,keyboard_electronic_069-073-050,/root/autodl-tmp/tokenizer-eval/data/nsynth/nsynth-valid/audio/keyboard_electronic_069-073-050.wav,805,keyboard_electronic_069,4,keyboard,1,electronic,73,50,16000,distortion
31.479807,18.35964,keyboard_electronic_001-095-127,keyboard_electronic_001-095-127,/root/autodl-tmp/tokenizer-eval/data/nsynth/nsynth-valid/audio/keyboard_electronic_001-095-127.wav,40,keyboard_electronic_001,4,keyboard,1,electronic,95,127,16000,percussive
-31.12246,8.269223,flute_synthetic_000-062-100,flute_synthetic_000-062-100,/root/autodl-tmp/tokenizer-eval/data/nsynth/nsynth-valid/audio/flute_synthetic_000-062-100.wav,82,flute_synthetic_000,2,flute,2,synthetic,62,100,16000,distortion
-44.37538,-34.236042,bass_synthetic_009-064-075,bass_synthetic_009-064-075,/root/autodl-tmp/tokenizer-eval/data/nsynth/nsynth-valid/audio/bass_synthetic_009-064-075.wav,150,bass_synthetic_009,0,bass,2,synthetic,64,75,16000,bright|distortion|long_release
-1.4899954,-49.260437,flute_synthetic_000-095-127,flute_synthetic_000-095-127,/root/autodl-tmp/tokenizer-eval/data/nsynth/nsynth-valid/audio/flute_synthetic_000-095-127.wav,82,flute_synthetic_000,2,flute,2,synthetic,95,127,16000,distortion
0.20103472,66.511566,organ_electronic_104-037-025,organ_electronic_104-037-025,/root/autodl-tmp/tokenizer-eval/data/nsynth/nsynth-valid/audio/organ_electronic_104-037-025.wav,921,organ_electronic_104,6,organ,1,electronic,37,25,16000,
5.4327993,-3.9255385,guitar_electronic_022-069-127,guitar_electronic_022-069-127,/root/autodl-tmp/tokenizer-eval/data/nsynth/nsynth-valid/audio/guitar_electronic_022-069-127.wav,378,guitar_electronic_022,3,guitar,1,electronic,69,127,16000,
-1.6072129,12.060678,keyboard_electronic_002-064-127,keyboard_electronic_002-064-127,/root/autodl-tmp/tokenizer-eval/data/nsynth/nsynth-valid/audio/keyboard_electronic_002-064-127.wav,50,keyboard_electronic_002,4,keyboard,1,electronic,64,127,16000,distortion
-0.54446304,-56.65008,string_acoustic_057-094-075,string_acoustic_057-094-075,/root/autodl-tmp/tokenizer-eval/data/nsynth/nsynth-valid/audio/string_acoustic_057-094-075.wav,450,string_acoustic_057,8,string,0,acoustic,94,75,16000,nonlinear_env|reverb
6.5773716,-44.34634,organ_electronic_007-084-100,organ_electronic_007-084-100,/root/autodl-tmp/tokenizer-eval/data/nsynth/nsynth-valid/audio/organ_electronic_007-084-100.wav,123,organ_electronic_007,6,organ,1,electronic,84,100,16000,bright|distortion|long_release|nonlinear_env
110.915825,-0.8554702,keyboard_synthetic_000-051-075,keyboard_synthetic_000-051-075,/root/autodl-tmp/tokenizer-eval/data/nsynth/nsynth-valid/audio/keyboard_synthetic_000-051-075.wav,577,keyboard_synthetic_000,4,keyboard,2,synthetic,51,75,16000,distortion|fast_decay|nonlinear_env
-0.30636653,47.14374,guitar_electronic_022-037-025,guitar_electronic_022-037-025,/root/autodl-tmp/tokenizer-eval/data/nsynth/nsynth-valid/audio/guitar_electronic_022-037-025.wav,378,guitar_electronic_022,3,guitar,1,electronic,37,25,16000,dark
23.28106,58.24571,bass_electronic_025-041-075,bass_electronic_025-041-075,/root/autodl-tmp/tokenizer-eval/data/nsynth/nsynth-valid/audio/bass_electronic_025-041-075.wav,872,bass_electronic_025,0,bass,1,electronic,41,75,16000,
22.251032,52.066463,organ_electronic_028-047-025,organ_electronic_028-047-025,/root/autodl-tmp/tokenizer-eval/data/nsynth/nsynth-valid/audio/organ_electronic_028-047-025.wav,440,organ_electronic_028,6,organ,1,electronic,47,25,16000,dark
60.98331,14.444401,bass_synthetic_134-087-100,bass_synthetic_134-087-100,/root/autodl-tmp/tokenizer-eval/data/nsynth/nsynth-valid/audio/bass_synthetic_134-087-100.wav,914,bass_synthetic_134,0,bass,2,synthetic,87,100,16000,fast_decay|percussive|reverb
31.509497,-39.906235,organ_electronic_028-086-100,organ_electronic_028-086-100,/root/autodl-tmp/tokenizer-eval/data/nsynth/nsynth-valid/audio/organ_electronic_028-086-100.wav,440,organ_electronic_028,6,organ,1,electronic,86,100,16000,bright
47.994812,1.1560127,mallet_acoustic_047-092-025,mallet_acoustic_047-092-025,/root/autodl-tmp/tokenizer-eval/data/nsynth/nsynth-valid/audio/mallet_acoustic_047-092-025.wav,488,mallet_acoustic_047,5,mallet,0,acoustic,92,25,16000,fast_decay|percussive|reverb
52.126854,-3.6453881,mallet_acoustic_047-096-025,mallet_acoustic_047-096-025,/root/autodl-tmp/tokenizer-eval/data/nsynth/nsynth-valid/audio/mallet_acoustic_047-096-025.wav,488,mallet_acoustic_047,5,mallet,0,acoustic,96,25,16000,fast_decay|percussive|reverb
-35.498814,31.29961,flute_synthetic_000-048-025,flute_synthetic_000-048-025,/root/autodl-tmp/tokenizer-eval/data/nsynth/nsynth-valid/audio/flute_synthetic_000-048-025.wav,82,flute_synthetic_000,2,flute,2,synthetic,48,25,16000,distortion
2.3429046,-51.291084,flute_acoustic_002-096-100,flute_acoustic_002-096-100,/root/autodl-tmp/tokenizer-eval/data/nsynth/nsynth-valid/audio/flute_acoustic_002-096-100.wav,86,flute_acoustic_002,2,flute,0,acoustic,96,100,16000,long_release|reverb
-41.90723,-29.409492,vocal_synthetic_003-066-075,vocal_synthetic_003-066-075,/root/autodl-tmp/tokenizer-eval/data/nsynth/nsynth-valid/audio/vocal_synthetic_003-066-075.wav,37,vocal_synthetic_003,10,vocal,2,synthetic,66,75,16000,bright|distortion|long_release|nonlinear_env
-49.36603,-3.782393,brass_acoustic_059-047-100,brass_acoustic_059-047-100,/root/autodl-tmp/tokenizer-eval/data/nsynth/nsynth-valid/audio/brass_acoustic_059-047-100.wav,572,brass_acoustic_059,1,brass,0,acoustic,47,100,16000,reverb
10.375074,45.383167,guitar_acoustic_010-036-050,guitar_acoustic_010-036-050,/root/autodl-tmp/tokenizer-eval/data/nsynth/nsynth-valid/audio/guitar_acoustic_010-036-050.wav,219,guitar_acoustic_010,3,guitar,0,acoustic,36,50,16000,
14.874928,-7.632776,keyboard_electronic_098-072-127,keyboard_electronic_098-072-127,/root/autodl-tmp/tokenizer-eval/data/nsynth/nsynth-valid/audio/keyboard_electronic_098-072-127.wav,905,keyboard_electronic_098,4,keyboard,1,electronic,72,127,16000,
49.516975,4.678315,string_acoustic_056-070-075,string_acoustic_056-070-075,/root/autodl-tmp/tokenizer-eval/data/nsynth/nsynth-valid/audio/string_acoustic_056-070-075.wav,436,string_acoustic_056,8,string,0,acoustic,70,75,16000,fast_decay|percussive|reverb
37.16102,49.822197,mallet_acoustic_062-031-100,mallet_acoustic_062-031-100,/root/autodl-tmp/tokenizer-eval/data/nsynth/nsynth-valid/audio/mallet_acoustic_062-031-100.wav,644,mallet_acoustic_062,5,mallet,0,acoustic,31,100,16000,dark|long_release|multiphonic
-19.684607,-57.382088,string_acoustic_057-080-050,string_acoustic_057-080-050,/root/autodl-tmp/tokenizer-eval/data/nsynth/nsynth-valid/audio/string_acoustic_057-080-050.wav,450,string_acoustic_057,8,string,0,acoustic,80,50,16000,bright|nonlinear_env|reverb
11.582298,15.432455,bass_synthetic_135-067-050,bass_synthetic_135-067-050,/root/autodl-tmp/tokenizer-eval/data/nsynth/nsynth-valid/audio/bass_synthetic_135-067-050.wav,927,bass_synthetic_135,0,bass,2,synthetic,67,50,16000,distortion
46.280647,2.1363268,mallet_acoustic_047-095-025,mallet_acoustic_047-095-025,/root/autodl-tmp/tokenizer-eval/data/nsynth/nsynth-valid/audio/mallet_acoustic_047-095-025.wav,488,mallet_acoustic_047,5,mallet,0,acoustic,95,25,16000,fast_decay|percussive|reverb
-13.902755,44.483185,guitar_acoustic_021-049-100,guitar_acoustic_021-049-100,/root/autodl-tmp/tokenizer-eval/data/nsynth/nsynth-valid/audio/guitar_acoustic_021-049-100.wav,457,guitar_acoustic_021,3,guitar,0,acoustic,49,100,16000,
-28.333904,-63.291885,vocal_synthetic_003-080-075,vocal_synthetic_003-080-075,/root/autodl-tmp/tokenizer-eval/data/nsynth/nsynth-valid/audio/vocal_synthetic_003-080-075.wav,37,vocal_synthetic_003,10,vocal,2,synthetic,80,75,16000,bright|distortion|long_release|nonlinear_env
-35.54137,23.540854,flute_synthetic_000-053-100,flute_synthetic_000-053-100,/root/autodl-tmp/tokenizer-eval/data/nsynth/nsynth-valid/audio/flute_synthetic_000-053-100.wav,82,flute_synthetic_000,2,flute,2,synthetic,53,100,16000,distortion
-2.7742174,-44.47695,string_acoustic_057-083-050,string_acoustic_057-083-050,/root/autodl-tmp/tokenizer-eval/data/nsynth/nsynth-valid/audio/string_acoustic_057-083-050.wav,450,string_acoustic_057,8,string,0,acoustic,83,50,16000,bright|nonlinear_env|reverb
0.1335641,11.575812,guitar_electronic_028-065-025,guitar_electronic_028-065-025,/root/autodl-tmp/tokenizer-eval/data/nsynth/nsynth-valid/audio/guitar_electronic_028-065-025.wav,510,guitar_electronic_028,3,guitar,1,electronic,65,25,16000,
4.943216,-42.325382,string_acoustic_057-084-100,string_acoustic_057-084-100,/root/autodl-tmp/tokenizer-eval/data/nsynth/nsynth-valid/audio/string_acoustic_057-084-100.wav,450,string_acoustic_057,8,string,0,acoustic,84,100,16000,bright|nonlinear_env|reverb
59.998894,-7.1886754,string_acoustic_056-079-100,string_acoustic_056-079-100,/root/autodl-tmp/tokenizer-eval/data/nsynth/nsynth-valid/audio/string_acoustic_056-079-100.wav,436,string_acoustic_056,8,string,0,acoustic,79,100,16000,fast_decay|percussive|reverb
13.219417,18.15232,guitar_acoustic_030-063-100,guitar_acoustic_030-063-100,/root/autodl-tmp/tokenizer-eval/data/nsynth/nsynth-valid/audio/guitar_acoustic_030-063-100.wav,642,guitar_acoustic_030,3,guitar,0,acoustic,63,100,16000,long_release|tempo-synced
59.31672,-12.7956085,guitar_acoustic_014-092-050,guitar_acoustic_014-092-050,/root/autodl-tmp/tokenizer-eval/data/nsynth/nsynth-valid/audio/guitar_acoustic_014-092-050.wav,263,guitar_acoustic_014,3,guitar,0,acoustic,92,50,16000,fast_decay|percussive
-3.6038346,48.003925,keyboard_electronic_069-040-025,keyboard_electronic_069-040-025,/root/autodl-tmp/tokenizer-eval/data/nsynth/nsynth-valid/audio/keyboard_electronic_069-040-025.wav,805,keyboard_electronic_069,4,keyboard,1,electronic,40,25,16000,distortion
-34.701614,14.456159,flute_synthetic_000-058-127,flute_synthetic_000-058-127,/root/autodl-tmp/tokenizer-eval/data/nsynth/nsynth-valid/audio/flute_synthetic_000-058-127.wav,82,flute_synthetic_000,2,flute,2,synthetic,58,127,16000,distortion
-2.6204934,-44.53705,string_acoustic_057-083-075,string_acoustic_057-083-075,/root/autodl-tmp/tokenizer-eval/data/nsynth/nsynth-valid/audio/string_acoustic_057-083-075.wav,450,string_acoustic_057,8,string,0,acoustic,83,75,16000,bright|nonlinear_env|reverb
-0.33854488,62.52365,organ_electronic_001-038-050,organ_electronic_001-038-050,/root/autodl-tmp/tokenizer-eval/data/nsynth/nsynth-valid/audio/organ_electronic_001-038-050.wav,8,organ_electronic_001,6,organ,1,electronic,38,50,16000,dark
-54.455795,18.782759,string_acoustic_012-031-050,string_acoustic_012-031-050,/root/autodl-tmp/tokenizer-eval/data/nsynth/nsynth-valid/audio/string_acoustic_012-031-050.wav,97,string_acoustic_012,8,string,0,acoustic,31,50,16000,long_release|reverb
14.100487,-62.0141,organ_electronic_028-088-050,organ_electronic_028-088-050,/root/autodl-tmp/tokenizer-eval/data/nsynth/nsynth-valid/audio/organ_electronic_028-088-050.wav,440,organ_electronic_028,6,organ,1,electronic,88,50,16000,
-61.52553,-26.541039,vocal_synthetic_003-045-075,vocal_synthetic_003-045-075,/root/autodl-tmp/tokenizer-eval/data/nsynth/nsynth-valid/audio/vocal_synthetic_003-045-075.wav,37,vocal_synthetic_003,10,vocal,2,synthetic,45,75,16000,distortion|long_release|nonlinear_env
-4.9520245,-55.592503,organ_electronic_001-094-075,organ_electronic_001-094-075,/root/autodl-tmp/tokenizer-eval/data/nsynth/nsynth-valid/audio/organ_electronic_001-094-075.wav,8,organ_electronic_001,6,organ,1,electronic,94,75,16000,
26.46908,-6.9517317,keyboard_electronic_003-076-127,keyboard_electronic_003-076-127,/root/autodl-tmp/tokenizer-eval/data/nsynth/nsynth-valid/audio/keyboard_electronic_003-076-127.wav,65,keyboard_electronic_003,4,keyboard,1,electronic,76,127,16000,
-60.278362,-8.185552,reed_acoustic_037-038-127,reed_acoustic_037-038-127,/root/autodl-tmp/tokenizer-eval/data/nsynth/nsynth-valid/audio/reed_acoustic_037-038-127.wav,387,reed_acoustic_037,7,reed,0,acoustic,38,127,16000,long_release|reverb
-19.565626,55.114685,flute_synthetic_000-032-050,flute_synthetic_000-032-050,/root/autodl-tmp/tokenizer-eval/data/nsynth/nsynth-valid/audio/flute_synthetic_000-032-050.wav,82,flute_synthetic_000,2,flute,2,synthetic,32,50,16000,distortion
1.5023898,37.668484,keyboard_electronic_098-056-025,keyboard_electronic_098-056-025,/root/autodl-tmp/tokenizer-eval/data/nsynth/nsynth-valid/audio/keyboard_electronic_098-056-025.wav,905,keyboard_electronic_098,4,keyboard,1,electronic,56,25,16000,dark
0.5525505,8.75227,brass_acoustic_015-066-075,brass_acoustic_015-066-075,/root/autodl-tmp/tokenizer-eval/data/nsynth/nsynth-valid/audio/brass_acoustic_015-066-075.wav,121,brass_acoustic_015,1,brass,0,acoustic,66,75,16000,reverb
-36.839767,-40.946304,reed_acoustic_037-076-025,reed_acoustic_037-076-025,/root/autodl-tmp/tokenizer-eval/data/nsynth/nsynth-valid/audio/reed_acoustic_037-076-025.wav,387,reed_acoustic_037,7,reed,0,acoustic,76,25,16000,reverb
-60.862644,-29.334799,vocal_synthetic_003-046-100,vocal_synthetic_003-046-100,/root/autodl-tmp/tokenizer-eval/data/nsynth/nsynth-valid/audio/vocal_synthetic_003-046-100.wav,37,vocal_synthetic_003,10,vocal,2,synthetic,46,100,16000,bright|distortion|long_release|nonlinear_env
35.99018,-26.495234,bass_synthetic_033-086-127,bass_synthetic_033-086-127,/root/autodl-tmp/tokenizer-eval/data/nsynth/nsynth-valid/audio/bass_synthetic_033-086-127.wav,417,bass_synthetic_033,0,bass,2,synthetic,86,127,16000,
65.68587,-0.5267582,guitar_acoustic_015-095-050,guitar_acoustic_015-095-050,/root/autodl-tmp/tokenizer-eval/data/nsynth/nsynth-valid/audio/guitar_acoustic_015-095-050.wav,316,guitar_acoustic_015,3,guitar,0,acoustic,95,50,16000,fast_decay|percussive|reverb
-44.674015,-3.533093,reed_acoustic_011-054-050,reed_acoustic_011-054-050,/root/autodl-tmp/tokenizer-eval/data/nsynth/nsynth-valid/audio/reed_acoustic_011-054-050.wav,104,reed_acoustic_011,7,reed,0,acoustic,54,50,16000,
-117.73931,-30.058762,brass_acoustic_046-091-050,brass_acoustic_046-091-050,/root/autodl-tmp/tokenizer-eval/data/nsynth/nsynth-valid/audio/brass_acoustic_046-091-050.wav,414,brass_acoustic_046,1,brass,0,acoustic,91,50,16000,long_release
-5.807049,33.094044,keyboard_electronic_098-052-100,keyboard_electronic_098-052-100,/root/autodl-tmp/tokenizer-eval/data/nsynth/nsynth-valid/audio/keyboard_electronic_098-052-100.wav,905,keyboard_electronic_098,4,keyboard,1,electronic,52,100,16000,dark
89.237404,-8.557653,reed_acoustic_023-086-075,reed_acoustic_023-086-075,/root/autodl-tmp/tokenizer-eval/data/nsynth/nsynth-valid/audio/reed_acoustic_023-086-075.wav,224,reed_acoustic_023,7,reed,0,acoustic,86,75,16000,fast_decay|multiphonic|nonlinear_env
-12.472209,-18.552334,organ_electronic_104-071-127,organ_electronic_104-071-127,/root/autodl-tmp/tokenizer-eval/data/nsynth/nsynth-valid/audio/organ_electronic_104-071-127.wav,921,organ_electronic_104,6,organ,1,electronic,71,127,16000,
-20.530203,-28.561083,vocal_synthetic_003-069-050,vocal_synthetic_003-069-050,/root/autodl-tmp/tokenizer-eval/data/nsynth/nsynth-valid/audio/vocal_synthetic_003-069-050.wav,37,vocal_synthetic_003,10,vocal,2,synthetic,69,50,16000,bright|distortion|long_release|nonlinear_env
-13.027792,-42.37817,brass_acoustic_016-077-127,brass_acoustic_016-077-127,/root/autodl-tmp/tokenizer-eval/data/nsynth/nsynth-valid/audio/brass_acoustic_016-077-127.wav,128,brass_acoustic_016,1,brass,0,acoustic,77,127,16000,bright
55.332615,-1.3103205,mallet_acoustic_047-080-127,mallet_acoustic_047-080-127,/root/autodl-tmp/tokenizer-eval/data/nsynth/nsynth-valid/audio/mallet_acoustic_047-080-127.wav,488,mallet_acoustic_047,5,mallet,0,acoustic,80,127,16000,fast_decay|percussive|reverb
-0.8018465,-26.214788,organ_electronic_001-084-100,organ_electronic_001-084-100,/root/autodl-tmp/tokenizer-eval/data/nsynth/nsynth-valid/audio/organ_electronic_001-084-100.wav,8,organ_electronic_001,6,organ,1,electronic,84,100,16000,
-16.226284,86.64739,bass_synthetic_098-074-050,bass_synthetic_098-074-050,/root/autodl-tmp/tokenizer-eval/data/nsynth/nsynth-valid/audio/bass_synthetic_098-074-050.wav,803,bass_synthetic_098,0,bass,2,synthetic,74,50,16000,
75.342155,-17.660376,keyboard_synthetic_000-090-127,keyboard_synthetic_000-090-127,/root/autodl-tmp/tokenizer-eval/data/nsynth/nsynth-valid/audio/keyboard_synthetic_000-090-127.wav,577,keyboard_synthetic_000,4,keyboard,2,synthetic,90,127,16000,bright|distortion|fast_decay|nonlinear_env
-2.9380004,26.291662,guitar_acoustic_015-058-050,guitar_acoustic_015-058-050,/root/autodl-tmp/tokenizer-eval/data/nsynth/nsynth-valid/audio/guitar_acoustic_015-058-050.wav,316,guitar_acoustic_015,3,guitar,0,acoustic,58,50,16000,reverb
-2.5018272,-45.243225,brass_acoustic_006-083-075,brass_acoustic_006-083-075,/root/autodl-tmp/tokenizer-eval/data/nsynth/nsynth-valid/audio/brass_acoustic_006-083-075.wav,43,brass_acoustic_006,1,brass,0,acoustic,83,75,16000,reverb
36.674732,43.97565,mallet_acoustic_062-036-050,mallet_acoustic_062-036-050,/root/autodl-tmp/tokenizer-eval/data/nsynth/nsynth-valid/audio/mallet_acoustic_062-036-050.wav,644,mallet_acoustic_062,5,mallet,0,acoustic,36,50,16000,dark|multiphonic
-30.054487,7.267344,flute_synthetic_000-063-100,flute_synthetic_000-063-100,/root/autodl-tmp/tokenizer-eval/data/nsynth/nsynth-valid/audio/flute_synthetic_000-063-100.wav,82,flute_synthetic_000,2,flute,2,synthetic,63,100,16000,distortion
-12.22871,-21.031782,organ_electronic_113-070-025,organ_electronic_113-070-025,/root/autodl-tmp/tokenizer-eval/data/nsynth/nsynth-valid/audio/organ_electronic_113-070-025.wav,958,organ_electronic_113,6,organ,1,electronic,70,25,16000,
24.788282,28.195642,bass_electronic_025-059-100,bass_electronic_025-059-100,/root/autodl-tmp/tokenizer-eval/data/nsynth/nsynth-valid/audio/bass_electronic_025-059-100.wav,872,bass_electronic_025,0,bass,1,electronic,59,100,16000,
51.288307,3.0147827,mallet_acoustic_047-085-025,mallet_acoustic_047-085-025,/root/autodl-tmp/tokenizer-eval/data/nsynth/nsynth-valid/audio/mallet_acoustic_047-085-025.wav,488,mallet_acoustic_047,5,mallet,0,acoustic,85,25,16000,fast_decay|percussive|reverb
-14.46758,6.296553,organ_electronic_057-060-050,organ_electronic_057-060-050,/root/autodl-tmp/tokenizer-eval/data/nsynth/nsynth-valid/audio/organ_electronic_057-060-050.wav,701,organ_electronic_057,6,organ,1,electronic,60,50,16000,dark
-36.8029,-12.980568,reed_acoustic_037-061-075,reed_acoustic_037-061-075,/root/autodl-tmp/tokenizer-eval/data/nsynth/nsynth-valid/audio/reed_acoustic_037-061-075.wav,387,reed_acoustic_037,7,reed,0,acoustic,61,75,16000,long_release|reverb
-66.66079,-1.7533,brass_acoustic_059-036-050,brass_acoustic_059-036-050,/root/autodl-tmp/tokenizer-eval/data/nsynth/nsynth-valid/audio/brass_acoustic_059-036-050.wav,572,brass_acoustic_059,1,brass,0,acoustic,36,50,16000,reverb
-24.897207,-78.75667,bass_synthetic_009-092-127,bass_synthetic_009-092-127,/root/autodl-tmp/tokenizer-eval/data/nsynth/nsynth-valid/audio/bass_synthetic_009-092-127.wav,150,bass_synthetic_009,0,bass,2,synthetic,92,127,16000,long_release
11.909965,-59.76437,string_acoustic_057-088-025,string_acoustic_057-088-025,/root/autodl-tmp/tokenizer-eval/data/nsynth/nsynth-valid/audio/string_acoustic_057-088-025.wav,450,string_acoustic_057,8,string,0,acoustic,88,25,16000,bright|nonlinear_env|reverb
-59.57206,-28.434395,vocal_synthetic_003-047-100,vocal_synthetic_003-047-100,/root/autodl-tmp/tokenizer-eval/data/nsynth/nsynth-valid/audio/vocal_synthetic_003-047-100.wav,37,vocal_synthetic_003,10,vocal,2,synthetic,47,100,16000,bright|distortion|long_release|nonlinear_env
-23.332287,-17.059603,brass_acoustic_015-069-075,brass_acoustic_015-069-075,/root/autodl-tmp/tokenizer-eval/data/nsynth/nsynth-valid/audio/brass_acoustic_015-069-075.wav,121,brass_acoustic_015,1,brass,0,acoustic,69,75,16000,reverb
-3.297024,-23.106821,organ_electronic_028-072-050,organ_electronic_028-072-050,/root/autodl-tmp/tokenizer-eval/data/nsynth/nsynth-valid/audio/organ_electronic_028-072-050.wav,440,organ_electronic_028,6,organ,1,electronic,72,50,16000,dark
9.507033,-44.07794,organ_electronic_007-085-127,organ_electronic_007-085-127,/root/autodl-tmp/tokenizer-eval/data/nsynth/nsynth-valid/audio/organ_electronic_007-085-127.wav,123,organ_electronic_007,6,organ,1,electronic,85,127,16000,bright|distortion|long_release|nonlinear_env
111.442604,-1.4755486,keyboard_synthetic_000-034-100,keyboard_synthetic_000-034-100,/root/autodl-tmp/tokenizer-eval/data/nsynth/nsynth-valid/audio/keyboard_synthetic_000-034-100.wav,577,keyboard_synthetic_000,4,keyboard,2,synthetic,34,100,16000,distortion|fast_decay|nonlinear_env
48.770515,2.7873375,string_acoustic_056-077-025,string_acoustic_056-077-025,/root/autodl-tmp/tokenizer-eval/data/nsynth/nsynth-valid/audio/string_acoustic_056-077-025.wav,436,string_acoustic_056,8,string,0,acoustic,77,25,16000,fast_decay|percussive|reverb
-32.002472,-44.47828,string_acoustic_057-077-127,string_acoustic_057-077-127,/root/autodl-tmp/tokenizer-eval/data/nsynth/nsynth-valid/audio/string_acoustic_057-077-127.wav,450,string_acoustic_057,8,string,0,acoustic,77,127,16000,bright|nonlinear_env|reverb
30.051786,33.837166,string_acoustic_014-050-050,string_acoustic_014-050-050,/root/autodl-tmp/tokenizer-eval/data/nsynth/nsynth-valid/audio/string_acoustic_014-050-050.wav,100,string_acoustic_014,8,string,0,acoustic,50,50,16000,dark|reverb
-5.520685,-50.792088,organ_electronic_001-088-025,organ_electronic_001-088-025,/root/autodl-tmp/tokenizer-eval/data/nsynth/nsynth-valid/audio/organ_electronic_001-088-025.wav,8,organ_electronic_001,6,organ,1,electronic,88,25,16000,
4.4111576,-4.7283225,keyboard_electronic_069-069-075,keyboard_electronic_069-069-075,/root/autodl-tmp/tokenizer-eval/data/nsynth/nsynth-valid/audio/keyboard_electronic_069-069-075.wav,805,keyboard_electronic_069,4,keyboard,1,electronic,69,75,16000,distortion
92.26991,8.116432,reed_acoustic_023-032-127,reed_acoustic_023-032-127,/root/autodl-tmp/tokenizer-eval/data/nsynth/nsynth-valid/audio/reed_acoustic_023-032-127.wav,224,reed_acoustic_023,7,reed,0,acoustic,32,127,16000,bright|fast_decay|multiphonic|nonlinear_env
19.957848,69.80681,bass_synthetic_135-036-050,bass_synthetic_135-036-050,/root/autodl-tmp/tokenizer-eval/data/nsynth/nsynth-valid/audio/bass_synthetic_135-036-050.wav,927,bass_synthetic_135,0,bass,2,synthetic,36,50,16000,distortion
97.71798,3.1222126,reed_acoustic_023-044-100,reed_acoustic_023-044-100,/root/autodl-tmp/tokenizer-eval/data/nsynth/nsynth-valid/audio/reed_acoustic_023-044-100.wav,224,reed_acoustic_023,7,reed,0,acoustic,44,100,16000,bright|fast_decay|multiphonic|nonlinear_env
31.40855,18.17214,keyboard_electronic_001-094-100,keyboard_electronic_001-094-100,/root/autodl-tmp/tokenizer-eval/data/nsynth/nsynth-valid/audio/keyboard_electronic_001-094-100.wav,40,keyboard_electronic_001,4,keyboard,1,electronic,94,100,16000,
-67.71809,-1.1645365,brass_acoustic_059-038-050,brass_acoustic_059-038-050,/root/autodl-tmp/tokenizer-eval/data/nsynth/nsynth-valid/audio/brass_acoustic_059-038-050.wav,572,brass_acoustic_059,1,brass,0,acoustic,38,50,16000,reverb
1.4672629,-62.790916,string_acoustic_057-092-127,string_acoustic_057-092-127,/root/autodl-tmp/tokenizer-eval/data/nsynth/nsynth-valid/audio/string_acoustic_057-092-127.wav,450,string_acoustic_057,8,string,0,acoustic,92,127,16000,nonlinear_env|reverb
-31.831083,-31.230415,reed_acoustic_011-068-127,reed_acoustic_011-068-127,/root/autodl-tmp/tokenizer-eval/data/nsynth/nsynth-valid/audio/reed_acoustic_011-068-127.wav,104,reed_acoustic_011,7,reed,0,acoustic,68,127,16000,
-8.97037,-56.861023,organ_electronic_001-092-050,organ_electronic_001-092-050,/root/autodl-tmp/tokenizer-eval/data/nsynth/nsynth-valid/audio/organ_electronic_001-092-050.wav,8,organ_electronic_001,6,organ,1,electronic,92,50,16000,
-19.617657,55.85817,flute_synthetic_000-031-075,flute_synthetic_000-031-075,/root/autodl-tmp/tokenizer-eval/data/nsynth/nsynth-valid/audio/flute_synthetic_000-031-075.wav,82,flute_synthetic_000,2,flute,2,synthetic,31,75,16000,distortion
-0.24367951,9.736403,brass_acoustic_015-065-050,brass_acoustic_015-065-050,/root/autodl-tmp/tokenizer-eval/data/nsynth/nsynth-valid/audio/brass_acoustic_015-065-050.wav,121,brass_acoustic_015,1,brass,0,acoustic,65,50,16000,reverb
-5.5927815,-58.81361,flute_synthetic_000-093-025,flute_synthetic_000-093-025,/root/autodl-tmp/tokenizer-eval/data/nsynth/nsynth-valid/audio/flute_synthetic_000-093-025.wav,82,flute_synthetic_000,2,flute,2,synthetic,93,25,16000,distortion
-19.053837,14.734467,organ_electronic_001-066-050,organ_electronic_001-066-050,/root/autodl-tmp/tokenizer-eval/data/nsynth/nsynth-valid/audio/organ_electronic_001-066-050.wav,8,organ_electronic_001,6,organ,1,electronic,66,50,16000,
-4.3892937,45.61252,keyboard_electronic_069-046-050,keyboard_electronic_069-046-050,/root/autodl-tmp/tokenizer-eval/data/nsynth/nsynth-valid/audio/keyboard_electronic_069-046-050.wav,805,keyboard_electronic_069,4,keyboard,1,electronic,46,50,16000,distortion
-3.7415714,48.648773,keyboard_electronic_069-039-050,keyboard_electronic_069-039-050,/root/autodl-tmp/tokenizer-eval/data/nsynth/nsynth-valid/audio/keyboard_electronic_069-039-050.wav,805,keyboard_electronic_069,4,keyboard,1,electronic,39,50,16000,distortion
22.232582,-39.655552,vocal_synthetic_003-074-100,vocal_synthetic_003-074-100,/root/autodl-tmp/tokenizer-eval/data/nsynth/nsynth-valid/audio/vocal_synthetic_003-074-100.wav,37,vocal_synthetic_003,10,vocal,2,synthetic,74,100,16000,bright|distortion|long_release|nonlinear_env
-33.4944,8.851924,flute_synthetic_000-061-127,flute_synthetic_000-061-127,/root/autodl-tmp/tokenizer-eval/data/nsynth/nsynth-valid/audio/flute_synthetic_000-061-127.wav,82,flute_synthetic_000,2,flute,2,synthetic,61,127,16000,distortion
31.338705,22.852575,keyboard_acoustic_004-087-127,keyboard_acoustic_004-087-127,/root/autodl-tmp/tokenizer-eval/data/nsynth/nsynth-valid/audio/keyboard_acoustic_004-087-127.wav,327,keyboard_acoustic_004,4,keyboard,0,acoustic,87,127,16000,reverb
92.246994,1.5968515,reed_acoustic_023-060-100,reed_acoustic_023-060-100,/root/autodl-tmp/tokenizer-eval/data/nsynth/nsynth-valid/audio/reed_acoustic_023-060-100.wav,224,reed_acoustic_023,7,reed,0,acoustic,60,100,16000,bright|fast_decay|multiphonic|nonlinear_env
-15.32001,-64.78808,string_acoustic_057-082-100,string_acoustic_057-082-100,/root/autodl-tmp/tokenizer-eval/data/nsynth/nsynth-valid/audio/string_acoustic_057-082-100.wav,450,string_acoustic_057,8,string,0,acoustic,82,100,16000,bright|nonlinear_env|reverb
-8.967456,-56.86972,organ_electronic_001-092-025,organ_electronic_001-092-025,/root/autodl-tmp/tokenizer-eval/data/nsynth/nsynth-valid/audio/organ_electronic_001-092-025.wav,8,organ_electronic_001,6,organ,1,electronic,92,25,16000,
-54.16017,39.811996,string_acoustic_071-051-025,string_acoustic_071-051-025,/root/autodl-tmp/tokenizer-eval/data/nsynth/nsynth-valid/audio/string_acoustic_071-051-025.wav,609,string_acoustic_071,8,string,0,acoustic,51,25,16000,long_release|reverb
50.293243,24.66924,string_acoustic_056-042-127,string_acoustic_056-042-127,/root/autodl-tmp/tokenizer-eval/data/nsynth/nsynth-valid/audio/string_acoustic_056-042-127.wav,436,string_acoustic_056,8,string,0,acoustic,42,127,16000,fast_decay|percussive|reverb
30.746632,18.09454,keyboard_electronic_001-086-100,keyboard_electronic_001-086-100,/root/autodl-tmp/tokenizer-eval/data/nsynth/nsynth-valid/audio/keyboard_electronic_001-086-100.wav,40,keyboard_electronic_001,4,keyboard,1,electronic,86,100,16000,percussive
-63.40337,-9.42822,reed_acoustic_037-039-127,reed_acoustic_037-039-127,/root/autodl-tmp/tokenizer-eval/data/nsynth/nsynth-valid/audio/reed_acoustic_037-039-127.wav,387,reed_acoustic_037,7,reed,0,acoustic,39,127,16000,long_release|reverb
11.585694,-49.44855,brass_acoustic_016-084-050,brass_acoustic_016-084-050,/root/autodl-tmp/tokenizer-eval/data/nsynth/nsynth-valid/audio/brass_acoustic_016-084-050.wav,128,brass_acoustic_016,1,brass,0,acoustic,84,50,16000,bright
26.072765,-36.141308,reed_acoustic_037-074-127,reed_acoustic_037-074-127,/root/autodl-tmp/tokenizer-eval/data/nsynth/nsynth-valid/audio/reed_acoustic_037-074-127.wav,387,reed_acoustic_037,7,reed,0,acoustic,74,127,16000,reverb
91.39589,-14.7933235,reed_acoustic_023-077-127,reed_acoustic_023-077-127,/root/autodl-tmp/tokenizer-eval/data/nsynth/nsynth-valid/audio/reed_acoustic_023-077-127.wav,224,reed_acoustic_023,7,reed,0,acoustic,77,127,16000,bright|fast_decay|multiphonic|nonlinear_env
6.276849,47.356667,bass_synthetic_033-036-127,bass_synthetic_033-036-127,/root/autodl-tmp/tokenizer-eval/data/nsynth/nsynth-valid/audio/bass_synthetic_033-036-127.wav,417,bass_synthetic_033,0,bass,2,synthetic,36,127,16000,distortion
-17.268652,83.31827,bass_synthetic_098-047-127,bass_synthetic_098-047-127,/root/autodl-tmp/tokenizer-eval/data/nsynth/nsynth-valid/audio/bass_synthetic_098-047-127.wav,803,bass_synthetic_098,0,bass,2,synthetic,47,127,16000,distortion
67.527626,22.230854,mallet_acoustic_056-052-075,mallet_acoustic_056-052-075,/root/autodl-tmp/tokenizer-eval/data/nsynth/nsynth-valid/audio/mallet_acoustic_056-052-075.wav,590,mallet_acoustic_056,5,mallet,0,acoustic,52,75,16000,fast_decay|percussive
-117.73931,-30.058762,brass_acoustic_046-096-100,brass_acoustic_046-096-100,/root/autodl-tmp/tokenizer-eval/data/nsynth/nsynth-valid/audio/brass_acoustic_046-096-100.wav,414,brass_acoustic_046,1,brass,0,acoustic,96,100,16000,long_release
74.20038,-18.217625,keyboard_synthetic_000-092-025,keyboard_synthetic_000-092-025,/root/autodl-tmp/tokenizer-eval/data/nsynth/nsynth-valid/audio/keyboard_synthetic_000-092-025.wav,577,keyboard_synthetic_000,4,keyboard,2,synthetic,92,25,16000,distortion|fast_decay|nonlinear_env|percussive
24.855223,45.704258,mallet_acoustic_062-049-100,mallet_acoustic_062-049-100,/root/autodl-tmp/tokenizer-eval/data/nsynth/nsynth-valid/audio/mallet_acoustic_062-049-100.wav,644,mallet_acoustic_062,5,mallet,0,acoustic,49,100,16000,dark|multiphonic
2.0321596,-78.03779,vocal_synthetic_003-088-127,vocal_synthetic_003-088-127,/root/autodl-tmp/tokenizer-eval/data/nsynth/nsynth-valid/audio/vocal_synthetic_003-088-127.wav,37,vocal_synthetic_003,10,vocal,2,synthetic,88,127,16000,bright|distortion|long_release|nonlinear_env
-31.189829,8.057063,flute_synthetic_000-062-127,flute_synthetic_000-062-127,/root/autodl-tmp/tokenizer-eval/data/nsynth/nsynth-valid/audio/flute_synthetic_000-062-127.wav,82,flute_synthetic_000,2,flute,2,synthetic,62,127,16000,distortion
-21.04214,39.175285,keyboard_acoustic_004-047-075,keyboard_acoustic_004-047-075,/root/autodl-tmp/tokenizer-eval/data/nsynth/nsynth-valid/audio/keyboard_acoustic_004-047-075.wav,327,keyboard_acoustic_004,4,keyboard,0,acoustic,47,75,16000,reverb
16.082764,-70.711075,bass_synthetic_033-090-127,bass_synthetic_033-090-127,/root/autodl-tmp/tokenizer-eval/data/nsynth/nsynth-valid/audio/bass_synthetic_033-090-127.wav,417,bass_synthetic_033,0,bass,2,synthetic,90,127,16000,
-17.383537,-23.096212,flute_acoustic_002-070-127,flute_acoustic_002-070-127,/root/autodl-tmp/tokenizer-eval/data/nsynth/nsynth-valid/audio/flute_acoustic_002-070-127.wav,86,flute_acoustic_002,2,flute,0,acoustic,70,127,16000,long_release|reverb
-50.865543,19.607813,string_acoustic_080-035-075,string_acoustic_080-035-075,/root/autodl-tmp/tokenizer-eval/data/nsynth/nsynth-valid/audio/string_acoustic_080-035-075.wav,675,string_acoustic_080,8,string,0,acoustic,35,75,16000,long_release|reverb
37.507313,-24.961128,keyboard_electronic_078-086-025,keyboard_electronic_078-086-025,/root/autodl-tmp/tokenizer-eval/data/nsynth/nsynth-valid/audio/keyboard_electronic_078-086-025.wav,838,keyboard_electronic_078,4,keyboard,1,electronic,86,25,16000,
-4.6729255,-72.58898,vocal_synthetic_003-093-127,vocal_synthetic_003-093-127,/root/autodl-tmp/tokenizer-eval/data/nsynth/nsynth-valid/audio/vocal_synthetic_003-093-127.wav,37,vocal_synthetic_003,10,vocal,2,synthetic,93,127,16000,bright|distortion|long_release|nonlinear_env
-47.46389,-0.68393815,reed_acoustic_011-044-100,reed_acoustic_011-044-100,/root/autodl-tmp/tokenizer-eval/data/nsynth/nsynth-valid/audio/reed_acoustic_011-044-100.wav,104,reed_acoustic_011,7,reed,0,acoustic,44,100,16000,bright
-9.3325205,-14.034541,brass_acoustic_059-063-100,brass_acoustic_059-063-100,/root/autodl-tmp/tokenizer-eval/data/nsynth/nsynth-valid/audio/brass_acoustic_059-063-100.wav,572,brass_acoustic_059,1,brass,0,acoustic,63,100,16000,reverb
-11.751921,-55.680645,flute_synthetic_000-092-025,flute_synthetic_000-092-025,/root/autodl-tmp/tokenizer-eval/data/nsynth/nsynth-valid/audio/flute_synthetic_000-092-025.wav,82,flute_synthetic_000,2,flute,2,synthetic,92,25,16000,distortion
-4.242948,35.943314,guitar_electronic_022-053-025,guitar_electronic_022-053-025,/root/autodl-tmp/tokenizer-eval/data/nsynth/nsynth-valid/audio/guitar_electronic_022-053-025.wav,378,guitar_electronic_022,3,guitar,1,electronic,53,25,16000,dark
30.23385,-9.02109,bass_synthetic_068-076-050,bass_synthetic_068-076-050,/root/autodl-tmp/tokenizer-eval/data/nsynth/nsynth-valid/audio/bass_synthetic_068-076-050.wav,656,bass_synthetic_068,0,bass,2,synthetic,76,50,16000,
-64.21299,-9.05947,reed_acoustic_037-046-127,reed_acoustic_037-046-127,/root/autodl-tmp/tokenizer-eval/data/nsynth/nsynth-valid/audio/reed_acoustic_037-046-127.wav,387,reed_acoustic_037,7,reed,0,acoustic,46,127,16000,reverb
27.94625,-10.362927,keyboard_electronic_002-075-025,keyboard_electronic_002-075-025,/root/autodl-tmp/tokenizer-eval/data/nsynth/nsynth-valid/audio/keyboard_electronic_002-075-025.wav,50,keyboard_electronic_002,4,keyboard,1,electronic,75,25,16000,
69.44259,-0.8267651,mallet_acoustic_056-037-100,mallet_acoustic_056-037-100,/root/autodl-tmp/tokenizer-eval/data/nsynth/nsynth-valid/audio/mallet_acoustic_056-037-100.wav,590,mallet_acoustic_056,5,mallet,0,acoustic,37,100,16000,bright|fast_decay|percussive
53.220364,20.210424,mallet_acoustic_056-069-100,mallet_acoustic_056-069-100,/root/autodl-tmp/tokenizer-eval/data/nsynth/nsynth-valid/audio/mallet_acoustic_056-069-100.wav,590,mallet_acoustic_056,5,mallet,0,acoustic,69,100,16000,fast_decay
-8.951381,-29.603695,string_acoustic_057-071-127,string_acoustic_057-071-127,/root/autodl-tmp/tokenizer-eval/data/nsynth/nsynth-valid/audio/string_acoustic_057-071-127.wav,450,string_acoustic_057,8,string,0,acoustic,71,127,16000,bright|nonlinear_env|reverb
-7.5364943,36.11142,keyboard_electronic_003-051-127,keyboard_electronic_003-051-127,/root/autodl-tmp/tokenizer-eval/data/nsynth/nsynth-valid/audio/keyboard_electronic_003-051-127.wav,65,keyboard_electronic_003,4,keyboard,1,electronic,51,127,16000,
-67.69924,11.748395,reed_acoustic_011-035-075,reed_acoustic_011-035-075,/root/autodl-tmp/tokenizer-eval/data/nsynth/nsynth-valid/audio/reed_acoustic_011-035-075.wav,104,reed_acoustic_011,7,reed,0,acoustic,35,75,16000,
17.097631,26.678772,mallet_acoustic_062-056-127,mallet_acoustic_062-056-127,/root/autodl-tmp/tokenizer-eval/data/nsynth/nsynth-valid/audio/mallet_acoustic_062-056-127.wav,644,mallet_acoustic_062,5,mallet,0,acoustic,56,127,16000,dark|long_release|multiphonic
-19.699097,-57.398865,string_acoustic_057-080-075,string_acoustic_057-080-075,/root/autodl-tmp/tokenizer-eval/data/nsynth/nsynth-valid/audio/string_acoustic_057-080-075.wav,450,string_acoustic_057,8,string,0,acoustic,80,75,16000,bright|nonlinear_env|reverb
14.715052,12.9551735,bass_synthetic_033-064-050,bass_synthetic_033-064-050,/root/autodl-tmp/tokenizer-eval/data/nsynth/nsynth-valid/audio/bass_synthetic_033-064-050.wav,417,bass_synthetic_033,0,bass,2,synthetic,64,50,16000,
-70.61865,25.147497,vocal_synthetic_003-037-127,vocal_synthetic_003-037-127,/root/autodl-tmp/tokenizer-eval/data/nsynth/nsynth-valid/audio/vocal_synthetic_003-037-127.wav,37,vocal_synthetic_003,10,vocal,2,synthetic,37,127,16000,bright|distortion|long_release|nonlinear_env
58.50786,14.599105,bass_synthetic_134-084-025,bass_synthetic_134-084-025,/root/autodl-tmp/tokenizer-eval/data/nsynth/nsynth-valid/audio/bass_synthetic_134-084-025.wav,914,bass_synthetic_134,0,bass,2,synthetic,84,25,16000,fast_decay|percussive|reverb
34.291748,29.316278,string_acoustic_014-060-050,string_acoustic_014-060-050,/root/autodl-tmp/tokenizer-eval/data/nsynth/nsynth-valid/audio/string_acoustic_014-060-050.wav,100,string_acoustic_014,8,string,0,acoustic,60,50,16000,dark|reverb
5.254578,44.147728,guitar_electronic_028-040-050,guitar_electronic_028-040-050,/root/autodl-tmp/tokenizer-eval/data/nsynth/nsynth-valid/audio/guitar_electronic_028-040-050.wav,510,guitar_electronic_028,3,guitar,1,electronic,40,50,16000,dark
-66.74914,-6.7223372,reed_acoustic_037-040-050,reed_acoustic_037-040-050,/root/autodl-tmp/tokenizer-eval/data/nsynth/nsynth-valid/audio/reed_acoustic_037-040-050.wav,387,reed_acoustic_037,7,reed,0,acoustic,40,50,16000,reverb
75.59289,-17.386496,keyboard_synthetic_000-090-050,keyboard_synthetic_000-090-050,/root/autodl-tmp/tokenizer-eval/data/nsynth/nsynth-valid/audio/keyboard_synthetic_000-090-050.wav,577,keyboard_synthetic_000,4,keyboard,2,synthetic,90,50,16000,bright|distortion|fast_decay|nonlinear_env
1.8714312,61.589657,organ_electronic_057-044-025,organ_electronic_057-044-025,/root/autodl-tmp/tokenizer-eval/data/nsynth/nsynth-valid/audio/organ_electronic_057-044-025.wav,701,organ_electronic_057,6,organ,1,electronic,44,25,16000,dark
19.305296,69.6078,bass_synthetic_135-035-127,bass_synthetic_135-035-127,/root/autodl-tmp/tokenizer-eval/data/nsynth/nsynth-valid/audio/bass_synthetic_135-035-127.wav,927,bass_synthetic_135,0,bass,2,synthetic,35,127,16000,distortion
-15.808836,-10.151379,flute_synthetic_000-071-025,flute_synthetic_000-071-025,/root/autodl-tmp/tokenizer-eval/data/nsynth/nsynth-valid/audio/flute_synthetic_000-071-025.wav,82,flute_synthetic_000,2,flute,2,synthetic,71,25,16000,distortion
22.38824,61.62854,bass_electronic_027-038-075,bass_electronic_027-038-075,/root/autodl-tmp/tokenizer-eval/data/nsynth/nsynth-valid/audio/bass_electronic_027-038-075.wav,880,bass_electronic_027,0,bass,1,electronic,38,75,16000,
24.256853,3.206187,keyboard_electronic_003-078-100,keyboard_electronic_003-078-100,/root/autodl-tmp/tokenizer-eval/data/nsynth/nsynth-valid/audio/keyboard_electronic_003-078-100.wav,65,keyboard_electronic_003,4,keyboard,1,electronic,78,100,16000,
43.57297,15.448734,mallet_acoustic_062-059-050,mallet_acoustic_062-059-050,/root/autodl-tmp/tokenizer-eval/data/nsynth/nsynth-valid/audio/mallet_acoustic_062-059-050.wav,644,mallet_acoustic_062,5,mallet,0,acoustic,59,50,16000,dark|fast_decay|multiphonic
-32.554295,48.669735,flute_synthetic_000-039-050,flute_synthetic_000-039-050,/root/autodl-tmp/tokenizer-eval/data/nsynth/nsynth-valid/audio/flute_synthetic_000-039-050.wav,82,flute_synthetic_000,2,flute,2,synthetic,39,50,16000,distortion
91.36951,-15.009053,reed_acoustic_023-077-050,reed_acoustic_023-077-050,/root/autodl-tmp/tokenizer-eval/data/nsynth/nsynth-valid/audio/reed_acoustic_023-077-050.wav,224,reed_acoustic_023,7,reed,0,acoustic,77,50,16000,bright|fast_decay|multiphonic|nonlinear_env
13.834864,-51.257305,brass_acoustic_016-088-075,brass_acoustic_016-088-075,/root/autodl-tmp/tokenizer-eval/data/nsynth/nsynth-valid/audio/brass_acoustic_016-088-075.wav,128,brass_acoustic_016,1,brass,0,acoustic,88,75,16000,
14.97823,-72.822845,bass_synthetic_033-093-127,bass_synthetic_033-093-127,/root/autodl-tmp/tokenizer-eval/data/nsynth/nsynth-valid/audio/bass_synthetic_033-093-127.wav,417,bass_synthetic_033,0,bass,2,synthetic,93,127,16000,
39.905922,-24.392052,mallet_acoustic_056-086-025,mallet_acoustic_056-086-025,/root/autodl-tmp/tokenizer-eval/data/nsynth/nsynth-valid/audio/mallet_acoustic_056-086-025.wav,590,mallet_acoustic_056,5,mallet,0,acoustic,86,25,16000,fast_decay
9.508886,-71.314476,guitar_acoustic_010-092-050,guitar_acoustic_010-092-050,/root/autodl-tmp/tokenizer-eval/data/nsynth/nsynth-valid/audio/guitar_acoustic_010-092-050.wav,219,guitar_acoustic_010,3,guitar,0,acoustic,92,50,16000,
-24.935415,-20.653925,reed_acoustic_037-069-050,reed_acoustic_037-069-050,/root/autodl-tmp/tokenizer-eval/data/nsynth/nsynth-valid/audio/reed_acoustic_037-069-050.wav,387,reed_acoustic_037,7,reed,0,acoustic,69,50,16000,reverb
6.275698,-41.09844,reed_acoustic_018-084-100,reed_acoustic_018-084-100,/root/autodl-tmp/tokenizer-eval/data/nsynth/nsynth-valid/audio/reed_acoustic_018-084-100.wav,183,reed_acoustic_018,7,reed,0,acoustic,84,100,16000,
33.899433,22.506733,keyboard_acoustic_004-077-050,keyboard_acoustic_004-077-050,/root/autodl-tmp/tokenizer-eval/data/nsynth/nsynth-valid/audio/keyboard_acoustic_004-077-050.wav,327,keyboard_acoustic_004,4,keyboard,0,acoustic,77,50,16000,dark|reverb
-65.90816,-3.282635,brass_acoustic_059-044-025,brass_acoustic_059-044-025,/root/autodl-tmp/tokenizer-eval/data/nsynth/nsynth-valid/audio/brass_acoustic_059-044-025.wav,572,brass_acoustic_059,1,brass,0,acoustic,44,25,16000,dark|reverb
13.4217205,-60.908,flute_acoustic_002-088-025,flute_acoustic_002-088-025,/root/autodl-tmp/tokenizer-eval/data/nsynth/nsynth-valid/audio/flute_acoustic_002-088-025.wav,86,flute_acoustic_002,2,flute,0,acoustic,88,25,16000,reverb
-34.80091,-11.195003,brass_acoustic_006-060-050,brass_acoustic_006-060-050,/root/autodl-tmp/tokenizer-eval/data/nsynth/nsynth-valid/audio/brass_acoustic_006-060-050.wav,43,brass_acoustic_006,1,brass,0,acoustic,60,50,16000,reverb
-5.5743623,-55.449673,organ_electronic_057-082-127,organ_electronic_057-082-127,/root/autodl-tmp/tokenizer-eval/data/nsynth/nsynth-valid/audio/organ_electronic_057-082-127.wav,701,organ_electronic_057,6,organ,1,electronic,82,127,16000,
-14.839232,31.61693,keyboard_electronic_078-038-100,keyboard_electronic_078-038-100,/root/autodl-tmp/tokenizer-eval/data/nsynth/nsynth-valid/audio/keyboard_electronic_078-038-100.wav,838,keyboard_electronic_078,4,keyboard,1,electronic,38,100,16000,bright
46.93328,27.633251,mallet_acoustic_062-052-025,mallet_acoustic_062-052-025,/root/autodl-tmp/tokenizer-eval/data/nsynth/nsynth-valid/audio/mallet_acoustic_062-052-025.wav,644,mallet_acoustic_062,5,mallet,0,acoustic,52,25,16000,dark|fast_decay|multiphonic
-70.27343,11.253858,bass_synthetic_009-031-075,bass_synthetic_009-031-075,/root/autodl-tmp/tokenizer-eval/data/nsynth/nsynth-valid/audio/bass_synthetic_009-031-075.wav,150,bass_synthetic_009,0,bass,2,synthetic,31,75,16000,bright|distortion|long_release
-62.40233,-7.174443,reed_acoustic_037-034-100,reed_acoustic_037-034-100,/root/autodl-tmp/tokenizer-eval/data/nsynth/nsynth-valid/audio/reed_acoustic_037-034-100.wav,387,reed_acoustic_037,7,reed,0,acoustic,34,100,16000,reverb
-35.618126,19.450752,flute_synthetic_000-055-127,flute_synthetic_000-055-127,/root/autodl-tmp/tokenizer-eval/data/nsynth/nsynth-valid/audio/flute_synthetic_000-055-127.wav,82,flute_synthetic_000,2,flute,2,synthetic,55,127,16000,distortion
12.768273,-73.685356,mallet_acoustic_062-093-100,mallet_acoustic_062-093-100,/root/autodl-tmp/tokenizer-eval/data/nsynth/nsynth-valid/audio/mallet_acoustic_062-093-100.wav,644,mallet_acoustic_062,5,mallet,0,acoustic,93,100,16000,multiphonic
43.95322,13.538252,bass_electronic_018-063-100,bass_electronic_018-063-100,/root/autodl-tmp/tokenizer-eval/data/nsynth/nsynth-valid/audio/bass_electronic_018-063-100.wav,759,bass_electronic_018,0,bass,1,electronic,63,100,16000,fast_decay
41.383522,-13.946489,keyboard_electronic_098-084-075,keyboard_electronic_098-084-075,/root/autodl-tmp/tokenizer-eval/data/nsynth/nsynth-valid/audio/keyboard_electronic_098-084-075.wav,905,keyboard_electronic_098,4,keyboard,1,electronic,84,75,16000,fast_decay
5.5997667,-43.56448,brass_acoustic_006-084-025,brass_acoustic_006-084-025,/root/autodl-tmp/tokenizer-eval/data/nsynth/nsynth-valid/audio/brass_acoustic_006-084-025.wav,43,brass_acoustic_006,1,brass,0,acoustic,84,25,16000,reverb
101.00737,-2.0003204,mallet_acoustic_062-092-050,mallet_acoustic_062-092-050,/root/autodl-tmp/tokenizer-eval/data/nsynth/nsynth-valid/audio/mallet_acoustic_062-092-050.wav,644,mallet_acoustic_062,5,mallet,0,acoustic,92,50,16000,fast_decay|multiphonic
25.691547,-2.972268,bass_synthetic_033-077-127,bass_synthetic_033-077-127,/root/autodl-tmp/tokenizer-eval/data/nsynth/nsynth-valid/audio/bass_synthetic_033-077-127.wav,417,bass_synthetic_033,0,bass,2,synthetic,77,127,16000,
-37.028362,-54.945396,vocal_synthetic_003-076-050,vocal_synthetic_003-076-050,/root/autodl-tmp/tokenizer-eval/data/nsynth/nsynth-valid/audio/vocal_synthetic_003-076-050.wav,37,vocal_synthetic_003,10,vocal,2,synthetic,76,50,16000,bright|distortion|long_release|nonlinear_env
-21.665094,-57.379326,reed_acoustic_018-080-050,reed_acoustic_018-080-050,/root/autodl-tmp/tokenizer-eval/data/nsynth/nsynth-valid/audio/reed_acoustic_018-080-050.wav,183,reed_acoustic_018,7,reed,0,acoustic,80,50,16000,
91.50001,-7.9880786,reed_acoustic_023-073-025,reed_acoustic_023-073-025,/root/autodl-tmp/tokenizer-eval/data/nsynth/nsynth-valid/audio/reed_acoustic_023-073-025.wav,224,reed_acoustic_023,7,reed,0,acoustic,73,25,16000,bright|fast_decay|multiphonic|nonlinear_env
1.5501688,-76.93561,vocal_synthetic_003-089-075,vocal_synthetic_003-089-075,/root/autodl-tmp/tokenizer-eval/data/nsynth/nsynth-valid/audio/vocal_synthetic_003-089-075.wav,37,vocal_synthetic_003,10,vocal,2,synthetic,89,75,16000,long_release|nonlinear_env
22.761179,30.23195,bass_electronic_018-046-127,bass_electronic_018-046-127,/root/autodl-tmp/tokenizer-eval/data/nsynth/nsynth-valid/audio/bass_electronic_018-046-127.wav,759,bass_electronic_018,0,bass,1,electronic,46,127,16000,
20.148241,2.6924465,guitar_electronic_022-080-025,guitar_electronic_022-080-025,/root/autodl-tmp/tokenizer-eval/data/nsynth/nsynth-valid/audio/guitar_electronic_022-080-025.wav,378,guitar_electronic_022,3,guitar,1,electronic,80,25,16000,
-24.509935,-19.333061,flute_acoustic_002-069-100,flute_acoustic_002-069-100,/root/autodl-tmp/tokenizer-eval/data/nsynth/nsynth-valid/audio/flute_acoustic_002-069-100.wav,86,flute_acoustic_002,2,flute,0,acoustic,69,100,16000,long_release|reverb
28.290903,-41.764305,string_acoustic_057-086-050,string_acoustic_057-086-050,/root/autodl-tmp/tokenizer-eval/data/nsynth/nsynth-valid/audio/string_acoustic_057-086-050.wav,450,string_acoustic_057,8,string,0,acoustic,86,50,16000,bright|nonlinear_env|reverb
59.474987,-4.7170744,string_acoustic_056-072-127,string_acoustic_056-072-127,/root/autodl-tmp/tokenizer-eval/data/nsynth/nsynth-valid/audio/string_acoustic_056-072-127.wav,436,string_acoustic_056,8,string,0,acoustic,72,127,16000,fast_decay|percussive|reverb
70.471695,-27.01285,reed_acoustic_023-091-050,reed_acoustic_023-091-050,/root/autodl-tmp/tokenizer-eval/data/nsynth/nsynth-valid/audio/reed_acoustic_023-091-050.wav,224,reed_acoustic_023,7,reed,0,acoustic,91,50,16000,fast_decay|multiphonic|nonlinear_env
-12.014463,84.093666,bass_synthetic_098-084-127,bass_synthetic_098-084-127,/root/autodl-tmp/tokenizer-eval/data/nsynth/nsynth-valid/audio/bass_synthetic_098-084-127.wav,803,bass_synthetic_098,0,bass,2,synthetic,84,127,16000,
27.707613,-41.41378,brass_acoustic_006-086-100,brass_acoustic_006-086-100,/root/autodl-tmp/tokenizer-eval/data/nsynth/nsynth-valid/audio/brass_acoustic_006-086-100.wav,43,brass_acoustic_006,1,brass,0,acoustic,86,100,16000,reverb
-5.1100783,-51.318756,organ_electronic_104-076-127,organ_electronic_104-076-127,/root/autodl-tmp/tokenizer-eval/data/nsynth/nsynth-valid/audio/organ_electronic_104-076-127.wav,921,organ_electronic_104,6,organ,1,electronic,76,127,16000,
-23.31233,34.9522,keyboard_electronic_001-053-100,keyboard_electronic_001-053-100,/root/autodl-tmp/tokenizer-eval/data/nsynth/nsynth-valid/audio/keyboard_electronic_001-053-100.wav,40,keyboard_electronic_001,4,keyboard,1,electronic,53,100,16000,
6.8793683,-60.775295,string_acoustic_057-090-075,string_acoustic_057-090-075,/root/autodl-tmp/tokenizer-eval/data/nsynth/nsynth-valid/audio/string_acoustic_057-090-075.wav,450,string_acoustic_057,8,string,0,acoustic,90,75,16000,nonlinear_env|reverb
-3.0391817,-32.035618,vocal_synthetic_003-072-100,vocal_synthetic_003-072-100,/root/autodl-tmp/tokenizer-eval/data/nsynth/nsynth-valid/audio/vocal_synthetic_003-072-100.wav,37,vocal_synthetic_003,10,vocal,2,synthetic,72,100,16000,bright|distortion|long_release|nonlinear_env
71.27202,-30.884317,reed_acoustic_023-088-025,reed_acoustic_023-088-025,/root/autodl-tmp/tokenizer-eval/data/nsynth/nsynth-valid/audio/reed_acoustic_023-088-025.wav,224,reed_acoustic_023,7,reed,0,acoustic,88,25,16000,fast_decay|multiphonic|nonlinear_env
65.71997,-2.6679082,guitar_acoustic_015-086-025,guitar_acoustic_015-086-025,/root/autodl-tmp/tokenizer-eval/data/nsynth/nsynth-valid/audio/guitar_acoustic_015-086-025.wav,316,guitar_acoustic_015,3,guitar,0,acoustic,86,25,16000,fast_decay|percussive|reverb
44.538277,27.155308,string_acoustic_056-041-075,string_acoustic_056-041-075,/root/autodl-tmp/tokenizer-eval/data/nsynth/nsynth-valid/audio/string_acoustic_056-041-075.wav,436,string_acoustic_056,8,string,0,acoustic,41,75,16000,fast_decay|percussive|reverb
-54.935356,-15.921828,vocal_synthetic_003-052-025,vocal_synthetic_003-052-025,/root/autodl-tmp/tokenizer-eval/data/nsynth/nsynth-valid/audio/vocal_synthetic_003-052-025.wav,37,vocal_synthetic_003,10,vocal,2,synthetic,52,25,16000,distortion|long_release|nonlinear_env
-21.556381,-7.731208,organ_electronic_001-077-127,organ_electronic_001-077-127,/root/autodl-tmp/tokenizer-eval/data/nsynth/nsynth-valid/audio/organ_electronic_001-077-127.wav,8,organ_electronic_001,6,organ,1,electronic,77,127,16000,
-31.89101,-59.142788,vocal_synthetic_003-078-050,vocal_synthetic_003-078-050,/root/autodl-tmp/tokenizer-eval/data/nsynth/nsynth-valid/audio/vocal_synthetic_003-078-050.wav,37,vocal_synthetic_003,10,vocal,2,synthetic,78,50,16000,bright|distortion|long_release|nonlinear_env
-5.449125,28.637274,keyboard_electronic_098-055-100,keyboard_electronic_098-055-100,/root/autodl-tmp/tokenizer-eval/data/nsynth/nsynth-valid/audio/keyboard_electronic_098-055-100.wav,905,keyboard_electronic_098,4,keyboard,1,electronic,55,100,16000,dark
34.067024,-8.550625,guitar_acoustic_015-076-100,guitar_acoustic_015-076-100,/root/autodl-tmp/tokenizer-eval/data/nsynth/nsynth-valid/audio/guitar_acoustic_015-076-100.wav,316,guitar_acoustic_015,3,guitar,0,acoustic,76,100,16000,fast_decay|reverb
13.848274,-14.9950905,mallet_acoustic_062-073-127,mallet_acoustic_062-073-127,/root/autodl-tmp/tokenizer-eval/data/nsynth/nsynth-valid/audio/mallet_acoustic_062-073-127.wav,644,mallet_acoustic_062,5,mallet,0,acoustic,73,127,16000,dark|multiphonic
21.861458,-27.066904,reed_acoustic_037-063-025,reed_acoustic_037-063-025,/root/autodl-tmp/tokenizer-eval/data/nsynth/nsynth-valid/audio/reed_acoustic_037-063-025.wav,387,reed_acoustic_037,7,reed,0,acoustic,63,25,16000,reverb
-31.028425,-6.913511,vocal_acoustic_000-051-075,vocal_acoustic_000-051-075,/root/autodl-tmp/tokenizer-eval/data/nsynth/nsynth-valid/audio/vocal_acoustic_000-051-075.wav,46,vocal_acoustic_000,10,vocal,0,acoustic,51,75,16000,reverb
-55.731163,7.463992,brass_acoustic_006-052-075,brass_acoustic_006-052-075,/root/autodl-tmp/tokenizer-eval/data/nsynth/nsynth-valid/audio/brass_acoustic_006-052-075.wav,43,brass_acoustic_006,1,brass,0,acoustic,52,75,16000,reverb
-12.65402,-8.338196,flute_synthetic_000-074-075,flute_synthetic_000-074-075,/root/autodl-tmp/tokenizer-eval/data/nsynth/nsynth-valid/audio/flute_synthetic_000-074-075.wav,82,flute_synthetic_000,2,flute,2,synthetic,74,75,16000,distortion
-34.979435,-40.198338,reed_acoustic_011-076-025,reed_acoustic_011-076-025,/root/autodl-tmp/tokenizer-eval/data/nsynth/nsynth-valid/audio/reed_acoustic_011-076-025.wav,104,reed_acoustic_011,7,reed,0,acoustic,76,25,16000,
-37.007706,-55.112854,vocal_synthetic_003-076-025,vocal_synthetic_003-076-025,/root/autodl-tmp/tokenizer-eval/data/nsynth/nsynth-valid/audio/vocal_synthetic_003-076-025.wav,37,vocal_synthetic_003,10,vocal,2,synthetic,76,25,16000,bright|distortion|long_release|nonlinear_env
-3.4763465,-24.197037,organ_electronic_028-072-127,organ_electronic_028-072-127,/root/autodl-tmp/tokenizer-eval/data/nsynth/nsynth-valid/audio/organ_electronic_028-072-127.wav,440,organ_electronic_028,6,organ,1,electronic,72,127,16000,dark
67.43396,-25.133038,reed_acoustic_023-094-127,reed_acoustic_023-094-127,/root/autodl-tmp/tokenizer-eval/data/nsynth/nsynth-valid/audio/reed_acoustic_023-094-127.wav,224,reed_acoustic_023,7,reed,0,acoustic,94,127,16000,fast_decay|multiphonic|nonlinear_env
-0.44605967,-23.74226,string_acoustic_057-072-075,string_acoustic_057-072-075,/root/autodl-tmp/tokenizer-eval/data/nsynth/nsynth-valid/audio/string_acoustic_057-072-075.wav,450,string_acoustic_057,8,string,0,acoustic,72,75,16000,bright|nonlinear_env|reverb
97.37359,-4.019749,mallet_acoustic_062-079-025,mallet_acoustic_062-079-025,/root/autodl-tmp/tokenizer-eval/data/nsynth/nsynth-valid/audio/mallet_acoustic_062-079-025.wav,644,mallet_acoustic_062,5,mallet,0,acoustic,79,25,16000,fast_decay|multiphonic|percussive
-13.160069,84.78218,bass_synthetic_098-076-127,bass_synthetic_098-076-127,/root/autodl-tmp/tokenizer-eval/data/nsynth/nsynth-valid/audio/bass_synthetic_098-076-127.wav,803,bass_synthetic_098,0,bass,2,synthetic,76,127,16000,
-21.6662,-55.69985,organ_electronic_028-080-127,organ_electronic_028-080-127,/root/autodl-tmp/tokenizer-eval/data/nsynth/nsynth-valid/audio/organ_electronic_028-080-127.wav,440,organ_electronic_028,6,organ,1,electronic,80,127,16000,
4.824016,-41.91803,string_acoustic_057-084-025,string_acoustic_057-084-025,/root/autodl-tmp/tokenizer-eval/data/nsynth/nsynth-valid/audio/string_acoustic_057-084-025.wav,450,string_acoustic_057,8,string,0,acoustic,84,25,16000,bright|nonlinear_env|reverb
25.144217,-31.282797,organ_electronic_113-075-075,organ_electronic_113-075-075,/root/autodl-tmp/tokenizer-eval/data/nsynth/nsynth-valid/audio/organ_electronic_113-075-075.wav,958,organ_electronic_113,6,organ,1,electronic,75,75,16000,
-0.39210472,-61.995323,string_acoustic_057-093-127,string_acoustic_057-093-127,/root/autodl-tmp/tokenizer-eval/data/nsynth/nsynth-valid/audio/string_acoustic_057-093-127.wav,450,string_acoustic_057,8,string,0,acoustic,93,127,16000,nonlinear_env|reverb
-11.275443,85.22117,bass_synthetic_098-093-100,bass_synthetic_098-093-100,/root/autodl-tmp/tokenizer-eval/data/nsynth/nsynth-valid/audio/bass_synthetic_098-093-100.wav,803,bass_synthetic_098,0,bass,2,synthetic,93,100,16000,
66.85686,-3.4823077,guitar_acoustic_015-084-025,guitar_acoustic_015-084-025,/root/autodl-tmp/tokenizer-eval/data/nsynth/nsynth-valid/audio/guitar_acoustic_015-084-025.wav,316,guitar_acoustic_015,3,guitar,0,acoustic,84,25,16000,fast_decay|percussive|reverb
6.9560857,-66.851265,flute_acoustic_002-091-025,flute_acoustic_002-091-025,/root/autodl-tmp/tokenizer-eval/data/nsynth/nsynth-valid/audio/flute_acoustic_002-091-025.wav,86,flute_acoustic_002,2,flute,0,acoustic,91,25,16000,long_release|reverb
-46.193863,-8.533364,brass_acoustic_046-058-050,brass_acoustic_046-058-050,/root/autodl-tmp/tokenizer-eval/data/nsynth/nsynth-valid/audio/brass_acoustic_046-058-050.wav,414,brass_acoustic_046,1,brass,0,acoustic,58,50,16000,
101.42831,2.9148438,reed_acoustic_023-052-050,reed_acoustic_023-052-050,/root/autodl-tmp/tokenizer-eval/data/nsynth/nsynth-valid/audio/reed_acoustic_023-052-050.wav,224,reed_acoustic_023,7,reed,0,acoustic,52,50,16000,bright|fast_decay|multiphonic|nonlinear_env
-18.012506,86.53258,bass_synthetic_098-065-025,bass_synthetic_098-065-025,/root/autodl-tmp/tokenizer-eval/data/nsynth/nsynth-valid/audio/bass_synthetic_098-065-025.wav,803,bass_synthetic_098,0,bass,2,synthetic,65,25,16000,
-50.174446,-31.40052,vocal_synthetic_003-090-127,vocal_synthetic_003-090-127,/root/autodl-tmp/tokenizer-eval/data/nsynth/nsynth-valid/audio/vocal_synthetic_003-090-127.wav,37,vocal_synthetic_003,10,vocal,2,synthetic,90,127,16000,bright|distortion|long_release|nonlinear_env
-54.059032,8.886155,string_acoustic_071-049-127,string_acoustic_071-049-127,/root/autodl-tmp/tokenizer-eval/data/nsynth/nsynth-valid/audio/string_acoustic_071-049-127.wav,609,string_acoustic_071,8,string,0,acoustic,49,127,16000,long_release|reverb
-6.9273825,22.320803,brass_acoustic_015-054-025,brass_acoustic_015-054-025,/root/autodl-tmp/tokenizer-eval/data/nsynth/nsynth-valid/audio/brass_acoustic_015-054-025.wav,121,brass_acoustic_015,1,brass,0,acoustic,54,25,16000,reverb
24.394276,45.21441,mallet_acoustic_062-050-100,mallet_acoustic_062-050-100,/root/autodl-tmp/tokenizer-eval/data/nsynth/nsynth-valid/audio/mallet_acoustic_062-050-100.wav,644,mallet_acoustic_062,5,mallet,0,acoustic,50,100,16000,dark|multiphonic
7.326934,1.2424824,guitar_acoustic_015-068-050,guitar_acoustic_015-068-050,/root/autodl-tmp/tokenizer-eval/data/nsynth/nsynth-valid/audio/guitar_acoustic_015-068-050.wav,316,guitar_acoustic_015,3,guitar,0,acoustic,68,50,16000,reverb
12.43387,-23.732805,brass_acoustic_046-073-127,brass_acoustic_046-073-127,/root/autodl-tmp/tokenizer-eval/data/nsynth/nsynth-valid/audio/brass_acoustic_046-073-127.wav,414,brass_acoustic_046,1,brass,0,acoustic,73,127,16000,bright
60.547462,14.290592,bass_synthetic_134-087-050,bass_synthetic_134-087-050,/root/autodl-tmp/tokenizer-eval/data/nsynth/nsynth-valid/audio/bass_synthetic_134-087-050.wav,914,bass_synthetic_134,0,bass,2,synthetic,87,50,16000,fast_decay|percussive|reverb
11.73826,-3.060603,mallet_acoustic_062-070-100,mallet_acoustic_062-070-100,/root/autodl-tmp/tokenizer-eval/data/nsynth/nsynth-valid/audio/mallet_acoustic_062-070-100.wav,644,mallet_acoustic_062,5,mallet,0,acoustic,70,100,16000,dark|multiphonic
-22.934832,35.99404,keyboard_electronic_001-048-100,keyboard_electronic_001-048-100,/root/autodl-tmp/tokenizer-eval/data/nsynth/nsynth-valid/audio/keyboard_electronic_001-048-100.wav,40,keyboard_electronic_001,4,keyboard,1,electronic,48,100,16000,
-23.074034,-36.54652,organ_electronic_057-066-100,organ_electronic_057-066-100,/root/autodl-tmp/tokenizer-eval/data/nsynth/nsynth-valid/audio/organ_electronic_057-066-100.wav,701,organ_electronic_057,6,organ,1,electronic,66,100,16000,
24.201473,30.127548,bass_electronic_025-049-127,bass_electronic_025-049-127,/root/autodl-tmp/tokenizer-eval/data/nsynth/nsynth-valid/audio/bass_electronic_025-049-127.wav,872,bass_electronic_025,0,bass,1,electronic,49,127,16000,
50.274117,5.454904,string_acoustic_056-070-127,string_acoustic_056-070-127,/root/autodl-tmp/tokenizer-eval/data/nsynth/nsynth-valid/audio/string_acoustic_056-070-127.wav,436,string_acoustic_056,8,string,0,acoustic,70,127,16000,fast_decay|percussive|reverb
35.796814,-24.545519,keyboard_electronic_001-085-127,keyboard_electronic_001-085-127,/root/autodl-tmp/tokenizer-eval/data/nsynth/nsynth-valid/audio/keyboard_electronic_001-085-127.wav,40,keyboard_electronic_001,4,keyboard,1,electronic,85,127,16000,percussive
-8.496965,26.91296,keyboard_electronic_078-056-100,keyboard_electronic_078-056-100,/root/autodl-tmp/tokenizer-eval/data/nsynth/nsynth-valid/audio/keyboard_electronic_078-056-100.wav,838,keyboard_electronic_078,4,keyboard,1,electronic,56,100,16000,bright
9.93427,-68.51625,guitar_acoustic_010-091-050,guitar_acoustic_010-091-050,/root/autodl-tmp/tokenizer-eval/data/nsynth/nsynth-valid/audio/guitar_acoustic_010-091-050.wav,219,guitar_acoustic_010,3,guitar,0,acoustic,91,50,16000,
51.193466,-1.9643282,mallet_acoustic_047-077-025,mallet_acoustic_047-077-025,/root/autodl-tmp/tokenizer-eval/data/nsynth/nsynth-valid/audio/mallet_acoustic_047-077-025.wav,488,mallet_acoustic_047,5,mallet,0,acoustic,77,25,16000,fast_decay|percussive|reverb
-20.054064,39.4601,guitar_acoustic_015-047-127,guitar_acoustic_015-047-127,/root/autodl-tmp/tokenizer-eval/data/nsynth/nsynth-valid/audio/guitar_acoustic_015-047-127.wav,316,guitar_acoustic_015,3,guitar,0,acoustic,47,127,16000,reverb
-35.24448,-44.1789,flute_synthetic_000-088-050,flute_synthetic_000-088-050,/root/autodl-tmp/tokenizer-eval/data/nsynth/nsynth-valid/audio/flute_synthetic_000-088-050.wav,82,flute_synthetic_000,2,flute,2,synthetic,88,50,16000,distortion
-61.727627,7.4471674,brass_acoustic_006-034-050,brass_acoustic_006-034-050,/root/autodl-tmp/tokenizer-eval/data/nsynth/nsynth-valid/audio/brass_acoustic_006-034-050.wav,43,brass_acoustic_006,1,brass,0,acoustic,34,50,16000,reverb
1.8038262,13.731381,guitar_acoustic_014-065-050,guitar_acoustic_014-065-050,/root/autodl-tmp/tokenizer-eval/data/nsynth/nsynth-valid/audio/guitar_acoustic_014-065-050.wav,263,guitar_acoustic_014,3,guitar,0,acoustic,65,50,16000,
-7.8063283,19.508873,brass_acoustic_015-050-025,brass_acoustic_015-050-025,/root/autodl-tmp/tokenizer-eval/data/nsynth/nsynth-valid/audio/brass_acoustic_015-050-025.wav,121,brass_acoustic_015,1,brass,0,acoustic,50,25,16000,reverb
-12.182807,-38.981743,brass_acoustic_016-073-100,brass_acoustic_016-073-100,/root/autodl-tmp/tokenizer-eval/data/nsynth/nsynth-valid/audio/brass_acoustic_016-073-100.wav,128,brass_acoustic_016,1,brass,0,acoustic,73,100,16000,bright
-1.2688408,33.123863,guitar_acoustic_014-056-050,guitar_acoustic_014-056-050,/root/autodl-tmp/tokenizer-eval/data/nsynth/nsynth-valid/audio/guitar_acoustic_014-056-050.wav,263,guitar_acoustic_014,3,guitar,0,acoustic,56,50,16000,
2.999674,24.344824,guitar_acoustic_014-060-025,guitar_acoustic_014-060-025,/root/autodl-tmp/tokenizer-eval/data/nsynth/nsynth-valid/audio/guitar_acoustic_014-060-025.wav,263,guitar_acoustic_014,3,guitar,0,acoustic,60,25,16000,
-25.277401,-67.82127,vocal_synthetic_003-082-050,vocal_synthetic_003-082-050,/root/autodl-tmp/tokenizer-eval/data/nsynth/nsynth-valid/audio/vocal_synthetic_003-082-050.wav,37,vocal_synthetic_003,10,vocal,2,synthetic,82,50,16000,bright|distortion|long_release|nonlinear_env
28.399473,-41.50958,string_acoustic_057-086-025,string_acoustic_057-086-025,/root/autodl-tmp/tokenizer-eval/data/nsynth/nsynth-valid/audio/string_acoustic_057-086-025.wav,450,string_acoustic_057,8,string,0,acoustic,86,25,16000,bright|nonlinear_env|reverb
-18.581856,-51.761044,brass_acoustic_046-079-025,brass_acoustic_046-079-025,/root/autodl-tmp/tokenizer-eval/data/nsynth/nsynth-valid/audio/brass_acoustic_046-079-025.wav,414,brass_acoustic_046,1,brass,0,acoustic,79,25,16000,
10.685263,20.947874,bass_synthetic_135-061-075,bass_synthetic_135-061-075,/root/autodl-tmp/tokenizer-eval/data/nsynth/nsynth-valid/audio/bass_synthetic_135-061-075.wav,927,bass_synthetic_135,0,bass,2,synthetic,61,75,16000,distortion
-12.056469,-22.216948,flute_synthetic_000-082-127,flute_synthetic_000-082-127,/root/autodl-tmp/tokenizer-eval/data/nsynth/nsynth-valid/audio/flute_synthetic_000-082-127.wav,82,flute_synthetic_000,2,flute,2,synthetic,82,127,16000,distortion
-42.965546,-33.117382,vocal_synthetic_003-065-025,vocal_synthetic_003-065-025,/root/autodl-tmp/tokenizer-eval/data/nsynth/nsynth-valid/audio/vocal_synthetic_003-065-025.wav,37,vocal_synthetic_003,10,vocal,2,synthetic,65,25,16000,bright|distortion|long_release|nonlinear_env
-62.79465,4.1772823,brass_acoustic_059-038-075,brass_acoustic_059-038-075,/root/autodl-tmp/tokenizer-eval/data/nsynth/nsynth-valid/audio/brass_acoustic_059-038-075.wav,572,brass_acoustic_059,1,brass,0,acoustic,38,75,16000,bright|reverb
-22.29626,43.382748,keyboard_acoustic_004-044-075,keyboard_acoustic_004-044-075,/root/autodl-tmp/tokenizer-eval/data/nsynth/nsynth-valid/audio/keyboard_acoustic_004-044-075.wav,327,keyboard_acoustic_004,4,keyboard,0,acoustic,44,75,16000,reverb
-47.66809,-8.921572,brass_acoustic_059-058-075,brass_acoustic_059-058-075,/root/autodl-tmp/tokenizer-eval/data/nsynth/nsynth-valid/audio/brass_acoustic_059-058-075.wav,572,brass_acoustic_059,1,brass,0,acoustic,58,75,16000,reverb
15.255002,21.3934,mallet_acoustic_062-060-100,mallet_acoustic_062-060-100,/root/autodl-tmp/tokenizer-eval/data/nsynth/nsynth-valid/audio/mallet_acoustic_062-060-100.wav,644,mallet_acoustic_062,5,mallet,0,acoustic,60,100,16000,dark|multiphonic
29.868425,47.852913,mallet_acoustic_062-044-075,mallet_acoustic_062-044-075,/root/autodl-tmp/tokenizer-eval/data/nsynth/nsynth-valid/audio/mallet_acoustic_062-044-075.wav,644,mallet_acoustic_062,5,mallet,0,acoustic,44,75,16000,dark|multiphonic
-27.813192,-12.888348,vocal_acoustic_000-056-075,vocal_acoustic_000-056-075,/root/autodl-tmp/tokenizer-eval/data/nsynth/nsynth-valid/audio/vocal_acoustic_000-056-075.wav,46,vocal_acoustic_000,10,vocal,0,acoustic,56,75,16000,reverb
60.593723,13.698712,bass_synthetic_134-091-100,bass_synthetic_134-091-100,/root/autodl-tmp/tokenizer-eval/data/nsynth/nsynth-valid/audio/bass_synthetic_134-091-100.wav,914,bass_synthetic_134,0,bass,2,synthetic,91,100,16000,fast_decay|percussive|reverb
9.802407,-10.029553,guitar_electronic_028-072-100,guitar_electronic_028-072-100,/root/autodl-tmp/tokenizer-eval/data/nsynth/nsynth-valid/audio/guitar_electronic_028-072-100.wav,510,guitar_electronic_028,3,guitar,1,electronic,72,100,16000,
-21.02258,-7.528852,organ_electronic_057-065-100,organ_electronic_057-065-100,/root/autodl-tmp/tokenizer-eval/data/nsynth/nsynth-valid/audio/organ_electronic_057-065-100.wav,701,organ_electronic_057,6,organ,1,electronic,65,100,16000,
75.82819,-18.060234,keyboard_synthetic_000-089-100,keyboard_synthetic_000-089-100,/root/autodl-tmp/tokenizer-eval/data/nsynth/nsynth-valid/audio/keyboard_synthetic_000-089-100.wav,577,keyboard_synthetic_000,4,keyboard,2,synthetic,89,100,16000,bright|distortion|fast_decay|nonlinear_env
-43.225266,-13.871845,organ_electronic_007-052-127,organ_electronic_007-052-127,/root/autodl-tmp/tokenizer-eval/data/nsynth/nsynth-valid/audio/organ_electronic_007-052-127.wav,123,organ_electronic_007,6,organ,1,electronic,52,127,16000,distortion|long_release|nonlinear_env
68.972015,-26.807016,reed_acoustic_023-092-075,reed_acoustic_023-092-075,/root/autodl-tmp/tokenizer-eval/data/nsynth/nsynth-valid/audio/reed_acoustic_023-092-075.wav,224,reed_acoustic_023,7,reed,0,acoustic,92,75,16000,fast_decay|multiphonic|nonlinear_env
29.86768,34.168636,mallet_acoustic_062-051-050,mallet_acoustic_062-051-050,/root/autodl-tmp/tokenizer-eval/data/nsynth/nsynth-valid/audio/mallet_acoustic_062-051-050.wav,644,mallet_acoustic_062,5,mallet,0,acoustic,51,50,16000,dark|multiphonic
31.441952,22.615946,keyboard_acoustic_004-088-050,keyboard_acoustic_004-088-050,/root/autodl-tmp/tokenizer-eval/data/nsynth/nsynth-valid/audio/keyboard_acoustic_004-088-050.wav,327,keyboard_acoustic_004,4,keyboard,0,acoustic,88,50,16000,dark|reverb
5.775557,17.179794,guitar_acoustic_021-063-025,guitar_acoustic_021-063-025,/root/autodl-tmp/tokenizer-eval/data/nsynth/nsynth-valid/audio/guitar_acoustic_021-063-025.wav,457,guitar_acoustic_021,3,guitar,0,acoustic,63,25,16000,
-12.252259,88.68303,bass_synthetic_033-082-025,bass_synthetic_033-082-025,/root/autodl-tmp/tokenizer-eval/data/nsynth/nsynth-valid/audio/bass_synthetic_033-082-025.wav,417,bass_synthetic_033,0,bass,2,synthetic,82,25,16000,
-50.42631,-19.262897,string_acoustic_080-055-075,string_acoustic_080-055-075,/root/autodl-tmp/tokenizer-eval/data/nsynth/nsynth-valid/audio/string_acoustic_080-055-075.wav,675,string_acoustic_080,8,string,0,acoustic,55,75,16000,long_release|reverb
-3.3758173,35.66921,guitar_electronic_022-054-075,guitar_electronic_022-054-075,/root/autodl-tmp/tokenizer-eval/data/nsynth/nsynth-valid/audio/guitar_electronic_022-054-075.wav,378,guitar_electronic_022,3,guitar,1,electronic,54,75,16000,dark
-30.198202,52.403404,flute_synthetic_000-034-050,flute_synthetic_000-034-050,/root/autodl-tmp/tokenizer-eval/data/nsynth/nsynth-valid/audio/flute_synthetic_000-034-050.wav,82,flute_synthetic_000,2,flute,2,synthetic,34,50,16000,distortion
-1.9173522,27.384531,keyboard_electronic_098-058-127,keyboard_electronic_098-058-127,/root/autodl-tmp/tokenizer-eval/data/nsynth/nsynth-valid/audio/keyboard_electronic_098-058-127.wav,905,keyboard_electronic_098,4,keyboard,1,electronic,58,127,16000,
15.937777,-65.29158,bass_synthetic_135-088-100,bass_synthetic_135-088-100,/root/autodl-tmp/tokenizer-eval/data/nsynth/nsynth-valid/audio/bass_synthetic_135-088-100.wav,927,bass_synthetic_135,0,bass,2,synthetic,88,100,16000,distortion
-25.2933,-67.79891,vocal_synthetic_003-082-100,vocal_synthetic_003-082-100,/root/autodl-tmp/tokenizer-eval/data/nsynth/nsynth-valid/audio/vocal_synthetic_003-082-100.wav,37,vocal_synthetic_003,10,vocal,2,synthetic,82,100,16000,bright|distortion|long_release|nonlinear_env
-47.373478,41.245766,string_acoustic_071-044-025,string_acoustic_071-044-025,/root/autodl-tmp/tokenizer-eval/data/nsynth/nsynth-valid/audio/string_acoustic_071-044-025.wav,609,string_acoustic_071,8,string,0,acoustic,44,25,16000,long_release|reverb
40.42209,33.000385,string_acoustic_014-047-025,string_acoustic_014-047-025,/root/autodl-tmp/tokenizer-eval/data/nsynth/nsynth-valid/audio/string_acoustic_014-047-025.wav,100,string_acoustic_014,8,string,0,acoustic,47,25,16000,dark|fast_decay|reverb
14.059593,12.453584,bass_synthetic_033-067-075,bass_synthetic_033-067-075,/root/autodl-tmp/tokenizer-eval/data/nsynth/nsynth-valid/audio/bass_synthetic_033-067-075.wav,417,bass_synthetic_033,0,bass,2,synthetic,67,75,16000,
51.767185,21.885244,mallet_acoustic_056-066-050,mallet_acoustic_056-066-050,/root/autodl-tmp/tokenizer-eval/data/nsynth/nsynth-valid/audio/mallet_acoustic_056-066-050.wav,590,mallet_acoustic_056,5,mallet,0,acoustic,66,50,16000,fast_decay|percussive
3.0207772,17.257393,guitar_acoustic_014-062-100,guitar_acoustic_014-062-100,/root/autodl-tmp/tokenizer-eval/data/nsynth/nsynth-valid/audio/guitar_acoustic_014-062-100.wav,263,guitar_acoustic_014,3,guitar,0,acoustic,62,100,16000,
1.6591808,30.729374,keyboard_electronic_069-057-127,keyboard_electronic_069-057-127,/root/autodl-tmp/tokenizer-eval/data/nsynth/nsynth-valid/audio/keyboard_electronic_069-057-127.wav,805,keyboard_electronic_069,4,keyboard,1,electronic,57,127,16000,distortion
19.504377,43.074516,bass_synthetic_068-038-025,bass_synthetic_068-038-025,/root/autodl-tmp/tokenizer-eval/data/nsynth/nsynth-valid/audio/bass_synthetic_068-038-025.wav,656,bass_synthetic_068,0,bass,2,synthetic,38,25,16000,dark
4.0840445,46.85149,keyboard_electronic_003-035-075,keyboard_electronic_003-035-075,/root/autodl-tmp/tokenizer-eval/data/nsynth/nsynth-valid/audio/keyboard_electronic_003-035-075.wav,65,keyboard_electronic_003,4,keyboard,1,electronic,35,75,16000,distortion
13.723319,0.43485638,guitar_acoustic_021-066-075,guitar_acoustic_021-066-075,/root/autodl-tmp/tokenizer-eval/data/nsynth/nsynth-valid/audio/guitar_acoustic_021-066-075.wav,457,guitar_acoustic_021,3,guitar,0,acoustic,66,75,16000,
-16.918695,54.0009,guitar_acoustic_021-032-050,guitar_acoustic_021-032-050,/root/autodl-tmp/tokenizer-eval/data/nsynth/nsynth-valid/audio/guitar_acoustic_021-032-050.wav,457,guitar_acoustic_021,3,guitar,0,acoustic,32,50,16000,
-27.1923,5.3712673,flute_synthetic_000-065-127,flute_synthetic_000-065-127,/root/autodl-tmp/tokenizer-eval/data/nsynth/nsynth-valid/audio/flute_synthetic_000-065-127.wav,82,flute_synthetic_000,2,flute,2,synthetic,65,127,16000,distortion
-46.88981,1.3236485,reed_acoustic_011-038-100,reed_acoustic_011-038-100,/root/autodl-tmp/tokenizer-eval/data/nsynth/nsynth-valid/audio/reed_acoustic_011-038-100.wav,104,reed_acoustic_011,7,reed,0,acoustic,38,100,16000,bright
-21.527302,-57.773586,brass_acoustic_046-080-075,brass_acoustic_046-080-075,/root/autodl-tmp/tokenizer-eval/data/nsynth/nsynth-valid/audio/brass_acoustic_046-080-075.wav,414,brass_acoustic_046,1,brass,0,acoustic,80,75,16000,
51.64332,-0.13306198,mallet_acoustic_047-089-100,mallet_acoustic_047-089-100,/root/autodl-tmp/tokenizer-eval/data/nsynth/nsynth-valid/audio/mallet_acoustic_047-089-100.wav,488,mallet_acoustic_047,5,mallet,0,acoustic,89,100,16000,fast_decay|percussive|reverb
-63.427048,-27.591642,vocal_synthetic_003-043-050,vocal_synthetic_003-043-050,/root/autodl-tmp/tokenizer-eval/data/nsynth/nsynth-valid/audio/vocal_synthetic_003-043-050.wav,37,vocal_synthetic_003,10,vocal,2,synthetic,43,50,16000,distortion|long_release|nonlinear_env
2.0196617,64.266174,organ_electronic_113-040-100,organ_electronic_113-040-100,/root/autodl-tmp/tokenizer-eval/data/nsynth/nsynth-valid/audio/organ_electronic_113-040-100.wav,958,organ_electronic_113,6,organ,1,electronic,40,100,16000,dark
-35.211582,42.529106,flute_synthetic_000-045-050,flute_synthetic_000-045-050,/root/autodl-tmp/tokenizer-eval/data/nsynth/nsynth-valid/audio/flute_synthetic_000-045-050.wav,82,flute_synthetic_000,2,flute,2,synthetic,45,50,16000,distortion
29.066395,-36.296627,flute_synthetic_000-086-127,flute_synthetic_000-086-127,/root/autodl-tmp/tokenizer-eval/data/nsynth/nsynth-valid/audio/flute_synthetic_000-086-127.wav,82,flute_synthetic_000,2,flute,2,synthetic,86,127,16000,distortion
-16.604637,45.043823,guitar_acoustic_021-044-127,guitar_acoustic_021-044-127,/root/autodl-tmp/tokenizer-eval/data/nsynth/nsynth-valid/audio/guitar_acoustic_021-044-127.wav,457,guitar_acoustic_021,3,guitar,0,acoustic,44,127,16000,distortion
20.618473,40.078636,bass_electronic_027-051-050,bass_electronic_027-051-050,/root/autodl-tmp/tokenizer-eval/data/nsynth/nsynth-valid/audio/bass_electronic_027-051-050.wav,880,bass_electronic_027,0,bass,1,electronic,51,50,16000,
23.457592,4.93828,keyboard_electronic_003-080-050,keyboard_electronic_003-080-050,/root/autodl-tmp/tokenizer-eval/data/nsynth/nsynth-valid/audio/keyboard_electronic_003-080-050.wav,65,keyboard_electronic_003,4,keyboard,1,electronic,80,50,16000,
-18.24589,-26.20661,bass_synthetic_009-070-075,bass_synthetic_009-070-075,/root/autodl-tmp/tokenizer-eval/data/nsynth/nsynth-valid/audio/bass_synthetic_009-070-075.wav,150,bass_synthetic_009,0,bass,2,synthetic,70,75,16000,bright|distortion|long_release
34.537148,17.75804,mallet_acoustic_047-067-100,mallet_acoustic_047-067-100,/root/autodl-tmp/tokenizer-eval/data/nsynth/nsynth-valid/audio/mallet_acoustic_047-067-100.wav,488,mallet_acoustic_047,5,mallet,0,acoustic,67,100,16000,reverb
47.024475,-1.0521057,mallet_acoustic_047-079-075,mallet_acoustic_047-079-075,/root/autodl-tmp/tokenizer-eval/data/nsynth/nsynth-valid/audio/mallet_acoustic_047-079-075.wav,488,mallet_acoustic_047,5,mallet,0,acoustic,79,75,16000,fast_decay|percussive|reverb
-53.772717,-12.463717,string_acoustic_080-052-100,string_acoustic_080-052-100,/root/autodl-tmp/tokenizer-eval/data/nsynth/nsynth-valid/audio/string_acoustic_080-052-100.wav,675,string_acoustic_080,8,string,0,acoustic,52,100,16000,reverb
91.414246,2.0623548,reed_acoustic_023-069-050,reed_acoustic_023-069-050,/root/autodl-tmp/tokenizer-eval/data/nsynth/nsynth-valid/audio/reed_acoustic_023-069-050.wav,224,reed_acoustic_023,7,reed,0,acoustic,69,50,16000,bright|fast_decay|multiphonic|nonlinear_env
19.665834,-39.57883,vocal_synthetic_003-075-075,vocal_synthetic_003-075-075,/root/autodl-tmp/tokenizer-eval/data/nsynth/nsynth-valid/audio/vocal_synthetic_003-075-075.wav,37,vocal_synthetic_003,10,vocal,2,synthetic,75,75,16000,bright|distortion|long_release|nonlinear_env
-15.938933,39.334984,guitar_electronic_028-048-075,guitar_electronic_028-048-075,/root/autodl-tmp/tokenizer-eval/data/nsynth/nsynth-valid/audio/guitar_electronic_028-048-075.wav,510,guitar_electronic_028,3,guitar,1,electronic,48,75,16000,dark
70.90903,-27.056156,reed_acoustic_023-091-100,reed_acoustic_023-091-100,/root/autodl-tmp/tokenizer-eval/data/nsynth/nsynth-valid/audio/reed_acoustic_023-091-100.wav,224,reed_acoustic_023,7,reed,0,acoustic,91,100,16000,fast_decay|multiphonic|nonlinear_env
-62.00819,7.5396094,brass_acoustic_006-033-050,brass_acoustic_006-033-050,/root/autodl-tmp/tokenizer-eval/data/nsynth/nsynth-valid/audio/brass_acoustic_006-033-050.wav,43,brass_acoustic_006,1,brass,0,acoustic,33,50,16000,reverb
6.9504595,-60.759052,string_acoustic_057-090-050,string_acoustic_057-090-050,/root/autodl-tmp/tokenizer-eval/data/nsynth/nsynth-valid/audio/string_acoustic_057-090-050.wav,450,string_acoustic_057,8,string,0,acoustic,90,50,16000,bright|nonlinear_env|reverb
13.534665,60.609333,keyboard_electronic_098-031-025,keyboard_electronic_098-031-025,/root/autodl-tmp/tokenizer-eval/data/nsynth/nsynth-valid/audio/keyboard_electronic_098-031-025.wav,905,keyboard_electronic_098,4,keyboard,1,electronic,31,25,16000,dark
12.258253,-2.8689287,mallet_acoustic_062-070-075,mallet_acoustic_062-070-075,/root/autodl-tmp/tokenizer-eval/data/nsynth/nsynth-valid/audio/mallet_acoustic_062-070-075.wav,644,mallet_acoustic_062,5,mallet,0,acoustic,70,75,16000,dark|multiphonic
58.263546,-3.5323117,string_acoustic_056-066-127,string_acoustic_056-066-127,/root/autodl-tmp/tokenizer-eval/data/nsynth/nsynth-valid/audio/string_acoustic_056-066-127.wav,436,string_acoustic_056,8,string,0,acoustic,66,127,16000,fast_decay|percussive|reverb
33.44725,38.089085,mallet_acoustic_062-047-050,mallet_acoustic_062-047-050,/root/autodl-tmp/tokenizer-eval/data/nsynth/nsynth-valid/audio/mallet_acoustic_062-047-050.wav,644,mallet_acoustic_062,5,mallet,0,acoustic,47,50,16000,dark|multiphonic
-63.00923,-28.733494,vocal_synthetic_003-043-100,vocal_synthetic_003-043-100,/root/autodl-tmp/tokenizer-eval/data/nsynth/nsynth-valid/audio/vocal_synthetic_003-043-100.wav,37,vocal_synthetic_003,10,vocal,2,synthetic,43,100,16000,bright|distortion|long_release|nonlinear_env
42.280605,33.4652,mallet_acoustic_062-037-025,mallet_acoustic_062-037-025,/root/autodl-tmp/tokenizer-eval/data/nsynth/nsynth-valid/audio/mallet_acoustic_062-037-025.wav,644,mallet_acoustic_062,5,mallet,0,acoustic,37,25,16000,dark|fast_decay|multiphonic
-31.078997,-18.495275,string_acoustic_057-056-075,string_acoustic_057-056-075,/root/autodl-tmp/tokenizer-eval/data/nsynth/nsynth-valid/audio/string_acoustic_057-056-075.wav,450,string_acoustic_057,8,string,0,acoustic,56,75,16000,nonlinear_env|reverb
98.78684,4.703728,keyboard_synthetic_000-038-050,keyboard_synthetic_000-038-050,/root/autodl-tmp/tokenizer-eval/data/nsynth/nsynth-valid/audio/keyboard_synthetic_000-038-050.wav,577,keyboard_synthetic_000,4,keyboard,2,synthetic,38,50,16000,distortion|fast_decay|nonlinear_env
-19.048595,85.43775,bass_synthetic_098-058-075,bass_synthetic_098-058-075,/root/autodl-tmp/tokenizer-eval/data/nsynth/nsynth-valid/audio/bass_synthetic_098-058-075.wav,803,bass_synthetic_098,0,bass,2,synthetic,58,75,16000,
-35.762375,-23.282768,flute_acoustic_002-067-075,flute_acoustic_002-067-075,/root/autodl-tmp/tokenizer-eval/data/nsynth/nsynth-valid/audio/flute_acoustic_002-067-075.wav,86,flute_acoustic_002,2,flute,0,acoustic,67,75,16000,long_release|reverb
92.24618,1.596705,reed_acoustic_023-060-025,reed_acoustic_023-060-025,/root/autodl-tmp/tokenizer-eval/data/nsynth/nsynth-valid/audio/reed_acoustic_023-060-025.wav,224,reed_acoustic_023,7,reed,0,acoustic,60,25,16000,bright|fast_decay|multiphonic|nonlinear_env
34.61283,40.807503,mallet_acoustic_062-042-050,mallet_acoustic_062-042-050,/root/autodl-tmp/tokenizer-eval/data/nsynth/nsynth-valid/audio/mallet_acoustic_062-042-050.wav,644,mallet_acoustic_062,5,mallet,0,acoustic,42,50,16000,dark|multiphonic
71.52323,-30.784369,reed_acoustic_023-088-075,reed_acoustic_023-088-075,/root/autodl-tmp/tokenizer-eval/data/nsynth/nsynth-valid/audio/reed_acoustic_023-088-075.wav,224,reed_acoustic_023,7,reed,0,acoustic,88,75,16000,fast_decay|multiphonic|nonlinear_env
-55.209293,-5.0592237,reed_acoustic_037-055-025,reed_acoustic_037-055-025,/root/autodl-tmp/tokenizer-eval/data/nsynth/nsynth-valid/audio/reed_acoustic_037-055-025.wav,387,reed_acoustic_037,7,reed,0,acoustic,55,25,16000,reverb
29.486092,-48.99625,vocal_synthetic_003-087-100,vocal_synthetic_003-087-100,/root/autodl-tmp/tokenizer-eval/data/nsynth/nsynth-valid/audio/vocal_synthetic_003-087-100.wav,37,vocal_synthetic_003,10,vocal,2,synthetic,87,100,16000,bright|distortion|long_release|nonlinear_env
-52.570904,26.022501,string_acoustic_071-040-025,string_acoustic_071-040-025,/root/autodl-tmp/tokenizer-eval/data/nsynth/nsynth-valid/audio/string_acoustic_071-040-025.wav,609,string_acoustic_071,8,string,0,acoustic,40,25,16000,long_release|reverb
14.254123,-50.598038,brass_acoustic_016-087-127,brass_acoustic_016-087-127,/root/autodl-tmp/tokenizer-eval/data/nsynth/nsynth-valid/audio/brass_acoustic_016-087-127.wav,128,brass_acoustic_016,1,brass,0,acoustic,87,127,16000,
-27.193956,5.406424,flute_synthetic_000-065-100,flute_synthetic_000-065-100,/root/autodl-tmp/tokenizer-eval/data/nsynth/nsynth-valid/audio/flute_synthetic_000-065-100.wav,82,flute_synthetic_000,2,flute,2,synthetic,65,100,16000,distortion
17.547812,-13.313556,guitar_electronic_022-073-025,guitar_electronic_022-073-025,/root/autodl-tmp/tokenizer-eval/data/nsynth/nsynth-valid/audio/guitar_electronic_022-073-025.wav,378,guitar_electronic_022,3,guitar,1,electronic,73,25,16000,
-25.554981,-79.917175,bass_synthetic_009-088-127,bass_synthetic_009-088-127,/root/autodl-tmp/tokenizer-eval/data/nsynth/nsynth-valid/audio/bass_synthetic_009-088-127.wav,150,bass_synthetic_009,0,bass,2,synthetic,88,127,16000,long_release
4.6053634,-64.36858,brass_acoustic_006-079-100,brass_acoustic_006-079-100,/root/autodl-tmp/tokenizer-eval/data/nsynth/nsynth-valid/audio/brass_acoustic_006-079-100.wav,43,brass_acoustic_006,1,brass,0,acoustic,79,100,16000,reverb
70.5605,21.596333,mallet_acoustic_056-046-127,mallet_acoustic_056-046-127,/root/autodl-tmp/tokenizer-eval/data/nsynth/nsynth-valid/audio/mallet_acoustic_056-046-127.wav,590,mallet_acoustic_056,5,mallet,0,acoustic,46,127,16000,bright|fast_decay|percussive
0.39979407,-52.0379,string_acoustic_057-096-050,string_acoustic_057-096-050,/root/autodl-tmp/tokenizer-eval/data/nsynth/nsynth-valid/audio/string_acoustic_057-096-050.wav,450,string_acoustic_057,8,string,0,acoustic,96,50,16000,bright|nonlinear_env|reverb
-19.243761,-20.068739,string_acoustic_057-058-100,string_acoustic_057-058-100,/root/autodl-tmp/tokenizer-eval/data/nsynth/nsynth-valid/audio/string_acoustic_057-058-100.wav,450,string_acoustic_057,8,string,0,acoustic,58,100,16000,bright|nonlinear_env|reverb
110.90009,-4.1615787,mallet_acoustic_062-092-025,mallet_acoustic_062-092-025,/root/autodl-tmp/tokenizer-eval/data/nsynth/nsynth-valid/audio/mallet_acoustic_062-092-025.wav,644,mallet_acoustic_062,5,mallet,0,acoustic,92,25,16000,fast_decay|multiphonic|percussive
-68.62395,25.295603,vocal_synthetic_003-039-100,vocal_synthetic_003-039-100,/root/autodl-tmp/tokenizer-eval/data/nsynth/nsynth-valid/audio/vocal_synthetic_003-039-100.wav,37,vocal_synthetic_003,10,vocal,2,synthetic,39,100,16000,bright|distortion|long_release|nonlinear_env
52.87411,22.547901,mallet_acoustic_062-064-025,mallet_acoustic_062-064-025,/root/autodl-tmp/tokenizer-eval/data/nsynth/nsynth-valid/audio/mallet_acoustic_062-064-025.wav,644,mallet_acoustic_062,5,mallet,0,acoustic,64,25,16000,dark|fast_decay|multiphonic
36.483894,31.342222,bass_synthetic_134-038-127,bass_synthetic_134-038-127,/root/autodl-tmp/tokenizer-eval/data/nsynth/nsynth-valid/audio/bass_synthetic_134-038-127.wav,914,bass_synthetic_134,0,bass,2,synthetic,38,127,16000,dark|fast_decay|reverb
34.827633,50.64095,mallet_acoustic_062-036-127,mallet_acoustic_062-036-127,/root/autodl-tmp/tokenizer-eval/data/nsynth/nsynth-valid/audio/mallet_acoustic_062-036-127.wav,644,mallet_acoustic_062,5,mallet,0,acoustic,36,127,16000,dark|long_release|multiphonic
-13.662925,-60.556282,guitar_acoustic_010-082-075,guitar_acoustic_010-082-075,/root/autodl-tmp/tokenizer-eval/data/nsynth/nsynth-valid/audio/guitar_acoustic_010-082-075.wav,219,guitar_acoustic_010,3,guitar,0,acoustic,82,75,16000,
-49.798992,-23.0393,vocal_synthetic_003-055-075,vocal_synthetic_003-055-075,/root/autodl-tmp/tokenizer-eval/data/nsynth/nsynth-valid/audio/vocal_synthetic_003-055-075.wav,37,vocal_synthetic_003,10,vocal,2,synthetic,55,75,16000,distortion|long_release|nonlinear_env
97.7133,3.121118,reed_acoustic_023-044-025,reed_acoustic_023-044-025,/root/autodl-tmp/tokenizer-eval/data/nsynth/nsynth-valid/audio/reed_acoustic_023-044-025.wav,224,reed_acoustic_023,7,reed,0,acoustic,44,25,16000,bright|fast_decay|multiphonic|nonlinear_env
-1.5462012,34.14856,guitar_acoustic_014-055-025,guitar_acoustic_014-055-025,/root/autodl-tmp/tokenizer-eval/data/nsynth/nsynth-valid/audio/guitar_acoustic_014-055-025.wav,263,guitar_acoustic_014,3,guitar,0,acoustic,55,25,16000,
-14.729496,-51.975636,organ_electronic_104-079-025,organ_electronic_104-079-025,/root/autodl-tmp/tokenizer-eval/data/nsynth/nsynth-valid/audio/organ_electronic_104-079-025.wav,921,organ_electronic_104,6,organ,1,electronic,79,25,16000,
-117.73931,-30.058762,brass_acoustic_046-091-075,brass_acoustic_046-091-075,/root/autodl-tmp/tokenizer-eval/data/nsynth/nsynth-valid/audio/brass_acoustic_046-091-075.wav,414,brass_acoustic_046,1,brass,0,acoustic,91,75,16000,long_release
21.031046,-67.478386,mallet_acoustic_056-089-075,mallet_acoustic_056-089-075,/root/autodl-tmp/tokenizer-eval/data/nsynth/nsynth-valid/audio/mallet_acoustic_056-089-075.wav,590,mallet_acoustic_056,5,mallet,0,acoustic,89,75,16000,fast_decay
-30.193571,-26.133448,vocal_acoustic_000-068-127,vocal_acoustic_000-068-127,/root/autodl-tmp/tokenizer-eval/data/nsynth/nsynth-valid/audio/vocal_acoustic_000-068-127.wav,46,vocal_acoustic_000,10,vocal,0,acoustic,68,127,16000,reverb
-7.805945,19.509634,brass_acoustic_015-050-050,brass_acoustic_015-050-050,/root/autodl-tmp/tokenizer-eval/data/nsynth/nsynth-valid/audio/brass_acoustic_015-050-050.wav,121,brass_acoustic_015,1,brass,0,acoustic,50,50,16000,reverb
-29.838634,-54.497322,bass_synthetic_009-077-050,bass_synthetic_009-077-050,/root/autodl-tmp/tokenizer-eval/data/nsynth/nsynth-valid/audio/bass_synthetic_009-077-050.wav,150,bass_synthetic_009,0,bass,2,synthetic,77,50,16000,bright|distortion|long_release
-3.7344909,9.635233,guitar_acoustic_010-065-050,guitar_acoustic_010-065-050,/root/autodl-tmp/tokenizer-eval/data/nsynth/nsynth-valid/audio/guitar_acoustic_010-065-050.wav,219,guitar_acoustic_010,3,guitar,0,acoustic,65,50,16000,
45.727154,15.994392,mallet_acoustic_062-065-050,mallet_acoustic_062-065-050,/root/autodl-tmp/tokenizer-eval/data/nsynth/nsynth-valid/audio/mallet_acoustic_062-065-050.wav,644,mallet_acoustic_062,5,mallet,0,acoustic,65,50,16000,dark|fast_decay|multiphonic
25.58869,-3.1139205,bass_synthetic_033-077-100,bass_synthetic_033-077-100,/root/autodl-tmp/tokenizer-eval/data/nsynth/nsynth-valid/audio/bass_synthetic_033-077-100.wav,417,bass_synthetic_033,0,bass,2,synthetic,77,100,16000,
1.6035438,-62.800148,string_acoustic_057-092-075,string_acoustic_057-092-075,/root/autodl-tmp/tokenizer-eval/data/nsynth/nsynth-valid/audio/string_acoustic_057-092-075.wav,450,string_acoustic_057,8,string,0,acoustic,92,75,16000,nonlinear_env|reverb
96.7572,-1.7522434,mallet_acoustic_062-082-050,mallet_acoustic_062-082-050,/root/autodl-tmp/tokenizer-eval/data/nsynth/nsynth-valid/audio/mallet_acoustic_062-082-050.wav,644,mallet_acoustic_062,5,mallet,0,acoustic,82,50,16000,fast_decay|multiphonic
-0.20646639,1.888589,brass_acoustic_015-068-025,brass_acoustic_015-068-025,/root/autodl-tmp/tokenizer-eval/data/nsynth/nsynth-valid/audio/brass_acoustic_015-068-025.wav,121,brass_acoustic_015,1,brass,0,acoustic,68,25,16000,reverb
-58.72347,9.207165,brass_acoustic_006-038-075,brass_acoustic_006-038-075,/root/autodl-tmp/tokenizer-eval/data/nsynth/nsynth-valid/audio/brass_acoustic_006-038-075.wav,43,brass_acoustic_006,1,brass,0,acoustic,38,75,16000,reverb
-62.52662,7.3198133,brass_acoustic_006-032-025,brass_acoustic_006-032-025,/root/autodl-tmp/tokenizer-eval/data/nsynth/nsynth-valid/audio/brass_acoustic_006-032-025.wav,43,brass_acoustic_006,1,brass,0,acoustic,32,25,16000,long_release|reverb
-34.97939,15.6575775,flute_synthetic_000-057-127,flute_synthetic_000-057-127,/root/autodl-tmp/tokenizer-eval/data/nsynth/nsynth-valid/audio/flute_synthetic_000-057-127.wav,82,flute_synthetic_000,2,flute,2,synthetic,57,127,16000,distortion
-59.351078,-28.814537,vocal_synthetic_003-047-127,vocal_synthetic_003-047-127,/root/autodl-tmp/tokenizer-eval/data/nsynth/nsynth-valid/audio/vocal_synthetic_003-047-127.wav,37,vocal_synthetic_003,10,vocal,2,synthetic,47,127,16000,bright|distortion|long_release|nonlinear_env
35.22265,-10.718372,bass_synthetic_068-078-127,bass_synthetic_068-078-127,/root/autodl-tmp/tokenizer-eval/data/nsynth/nsynth-valid/audio/bass_synthetic_068-078-127.wav,656,bass_synthetic_068,0,bass,2,synthetic,78,127,16000,distortion|fast_decay
-31.89871,-59.145866,vocal_synthetic_003-078-075,vocal_synthetic_003-078-075,/root/autodl-tmp/tokenizer-eval/data/nsynth/nsynth-valid/audio/vocal_synthetic_003-078-075.wav,37,vocal_synthetic_003,10,vocal,2,synthetic,78,75,16000,bright|distortion|long_release|nonlinear_env
50.059086,-0.29897475,mallet_acoustic_047-095-075,mallet_acoustic_047-095-075,/root/autodl-tmp/tokenizer-eval/data/nsynth/nsynth-valid/audio/mallet_acoustic_047-095-075.wav,488,mallet_acoustic_047,5,mallet,0,acoustic,95,75,16000,fast_decay|percussive|reverb
27.828405,-2.9634957,mallet_acoustic_062-076-127,mallet_acoustic_062-076-127,/root/autodl-tmp/tokenizer-eval/data/nsynth/nsynth-valid/audio/mallet_acoustic_062-076-127.wav,644,mallet_acoustic_062,5,mallet,0,acoustic,76,127,16000,dark|multiphonic
22.309679,58.97231,bass_electronic_018-034-025,bass_electronic_018-034-025,/root/autodl-tmp/tokenizer-eval/data/nsynth/nsynth-valid/audio/bass_electronic_018-034-025.wav,759,bass_electronic_018,0,bass,1,electronic,34,25,16000,
21.031507,-31.788681,string_acoustic_057-075-127,string_acoustic_057-075-127,/root/autodl-tmp/tokenizer-eval/data/nsynth/nsynth-valid/audio/string_acoustic_057-075-127.wav,450,string_acoustic_057,8,string,0,acoustic,75,127,16000,bright|nonlinear_env|reverb
-33.60099,9.062013,flute_synthetic_000-061-025,flute_synthetic_000-061-025,/root/autodl-tmp/tokenizer-eval/data/nsynth/nsynth-valid/audio/flute_synthetic_000-061-025.wav,82,flute_synthetic_000,2,flute,2,synthetic,61,25,16000,distortion
-55.725403,6.176542,brass_acoustic_006-050-050,brass_acoustic_006-050-050,/root/autodl-tmp/tokenizer-eval/data/nsynth/nsynth-valid/audio/brass_acoustic_006-050-050.wav,43,brass_acoustic_006,1,brass,0,acoustic,50,50,16000,reverb
19.738579,-39.32117,vocal_synthetic_003-075-050,vocal_synthetic_003-075-050,/root/autodl-tmp/tokenizer-eval/data/nsynth/nsynth-valid/audio/vocal_synthetic_003-075-050.wav,37,vocal_synthetic_003,10,vocal,2,synthetic,75,50,16000,bright|distortion|long_release|nonlinear_env
4.186753,1.6440068,guitar_acoustic_030-057-075,guitar_acoustic_030-057-075,/root/autodl-tmp/tokenizer-eval/data/nsynth/nsynth-valid/audio/guitar_acoustic_030-057-075.wav,642,guitar_acoustic_030,3,guitar,0,acoustic,57,75,16000,tempo-synced
18.54952,56.65849,bass_synthetic_033-039-075,bass_synthetic_033-039-075,/root/autodl-tmp/tokenizer-eval/data/nsynth/nsynth-valid/audio/bass_synthetic_033-039-075.wav,417,bass_synthetic_033,0,bass,2,synthetic,39,75,16000,dark
3.6056917,47.19194,keyboard_electronic_098-031-100,keyboard_electronic_098-031-100,/root/autodl-tmp/tokenizer-eval/data/nsynth/nsynth-valid/audio/keyboard_electronic_098-031-100.wav,905,keyboard_electronic_098,4,keyboard,1,electronic,31,100,16000,dark|distortion
-60.519703,-8.672587,reed_acoustic_037-041-127,reed_acoustic_037-041-127,/root/autodl-tmp/tokenizer-eval/data/nsynth/nsynth-valid/audio/reed_acoustic_037-041-127.wav,387,reed_acoustic_037,7,reed,0,acoustic,41,127,16000,long_release|reverb
-36.576977,26.47175,flute_synthetic_000-051-050,flute_synthetic_000-051-050,/root/autodl-tmp/tokenizer-eval/data/nsynth/nsynth-valid/audio/flute_synthetic_000-051-050.wav,82,flute_synthetic_000,2,flute,2,synthetic,51,50,16000,distortion
-35.00555,36.587055,flute_synthetic_000-044-127,flute_synthetic_000-044-127,/root/autodl-tmp/tokenizer-eval/data/nsynth/nsynth-valid/audio/flute_synthetic_000-044-127.wav,82,flute_synthetic_000,2,flute,2,synthetic,44,127,16000,distortion
9.19514,-27.222954,vocal_synthetic_003-073-100,vocal_synthetic_003-073-100,/root/autodl-tmp/tokenizer-eval/data/nsynth/nsynth-valid/audio/vocal_synthetic_003-073-100.wav,37,vocal_synthetic_003,10,vocal,2,synthetic,73,100,16000,bright|distortion|long_release|nonlinear_env
41.11861,35.12494,string_acoustic_014-036-050,string_acoustic_014-036-050,/root/autodl-tmp/tokenizer-eval/data/nsynth/nsynth-valid/audio/string_acoustic_014-036-050.wav,100,string_acoustic_014,8,string,0,acoustic,36,50,16000,dark|reverb
-14.877087,7.709987,organ_electronic_113-059-075,organ_electronic_113-059-075,/root/autodl-tmp/tokenizer-eval/data/nsynth/nsynth-valid/audio/organ_electronic_113-059-075.wav,958,organ_electronic_113,6,organ,1,electronic,59,75,16000,dark
8.1310425,61.94881,organ_electronic_057-031-100,organ_electronic_057-031-100,/root/autodl-tmp/tokenizer-eval/data/nsynth/nsynth-valid/audio/organ_electronic_057-031-100.wav,701,organ_electronic_057,6,organ,1,electronic,31,100,16000,dark
-53.788292,-12.392306,string_acoustic_080-052-025,string_acoustic_080-052-025,/root/autodl-tmp/tokenizer-eval/data/nsynth/nsynth-valid/audio/string_acoustic_080-052-025.wav,675,string_acoustic_080,8,string,0,acoustic,52,25,16000,long_release|reverb
-11.87568,85.757095,bass_synthetic_098-091-100,bass_synthetic_098-091-100,/root/autodl-tmp/tokenizer-eval/data/nsynth/nsynth-valid/audio/bass_synthetic_098-091-100.wav,803,bass_synthetic_098,0,bass,2,synthetic,91,100,16000,
-29.567083,-61.217327,vocal_synthetic_003-079-025,vocal_synthetic_003-079-025,/root/autodl-tmp/tokenizer-eval/data/nsynth/nsynth-valid/audio/vocal_synthetic_003-079-025.wav,37,vocal_synthetic_003,10,vocal,2,synthetic,79,25,16000,bright|distortion|long_release|nonlinear_env
-24.753986,-17.231451,string_acoustic_057-069-100,string_acoustic_057-069-100,/root/autodl-tmp/tokenizer-eval/data/nsynth/nsynth-valid/audio/string_acoustic_057-069-100.wav,450,string_acoustic_057,8,string,0,acoustic,69,100,16000,bright|nonlinear_env|reverb
-30.632336,-30.575422,organ_electronic_001-080-127,organ_electronic_001-080-127,/root/autodl-tmp/tokenizer-eval/data/nsynth/nsynth-valid/audio/organ_electronic_001-080-127.wav,8,organ_electronic_001,6,organ,1,electronic,80,127,16000,
3.9156423,24.18136,guitar_acoustic_014-059-075,guitar_acoustic_014-059-075,/root/autodl-tmp/tokenizer-eval/data/nsynth/nsynth-valid/audio/guitar_acoustic_014-059-075.wav,263,guitar_acoustic_014,3,guitar,0,acoustic,59,75,16000,
13.296056,-18.863594,brass_acoustic_015-073-127,brass_acoustic_015-073-127,/root/autodl-tmp/tokenizer-eval/data/nsynth/nsynth-valid/audio/brass_acoustic_015-073-127.wav,121,brass_acoustic_015,1,brass,0,acoustic,73,127,16000,reverb
-13.96812,-62.125896,organ_electronic_028-082-127,organ_electronic_028-082-127,/root/autodl-tmp/tokenizer-eval/data/nsynth/nsynth-valid/audio/organ_electronic_028-082-127.wav,440,organ_electronic_028,6,organ,1,electronic,82,127,16000,
-2.3098266,-71.77461,vocal_synthetic_003-092-127,vocal_synthetic_003-092-127,/root/autodl-tmp/tokenizer-eval/data/nsynth/nsynth-valid/audio/vocal_synthetic_003-092-127.wav,37,vocal_synthetic_003,10,vocal,2,synthetic,92,127,16000,bright|distortion|long_release|nonlinear_env
-16.849718,83.87383,bass_synthetic_098-050-100,bass_synthetic_098-050-100,/root/autodl-tmp/tokenizer-eval/data/nsynth/nsynth-valid/audio/bass_synthetic_098-050-100.wav,803,bass_synthetic_098,0,bass,2,synthetic,50,100,16000,distortion
67.881714,-25.029758,reed_acoustic_023-094-050,reed_acoustic_023-094-050,/root/autodl-tmp/tokenizer-eval/data/nsynth/nsynth-valid/audio/reed_acoustic_023-094-050.wav,224,reed_acoustic_023,7,reed,0,acoustic,94,50,16000,fast_decay|multiphonic|nonlinear_env
-21.488264,12.612436,organ_electronic_057-054-127,organ_electronic_057-054-127,/root/autodl-tmp/tokenizer-eval/data/nsynth/nsynth-valid/audio/organ_electronic_057-054-127.wav,701,organ_electronic_057,6,organ,1,electronic,54,127,16000,dark
-29.771822,7.4397373,flute_synthetic_000-063-050,flute_synthetic_000-063-050,/root/autodl-tmp/tokenizer-eval/data/nsynth/nsynth-valid/audio/flute_synthetic_000-063-050.wav,82,flute_synthetic_000,2,flute,2,synthetic,63,50,16000,distortion
-51.83685,14.188385,organ_electronic_028-037-127,organ_electronic_028-037-127,/root/autodl-tmp/tokenizer-eval/data/nsynth/nsynth-valid/audio/organ_electronic_028-037-127.wav,440,organ_electronic_028,6,organ,1,electronic,37,127,16000,dark
8.737629,-60.43976,string_acoustic_057-089-127,string_acoustic_057-089-127,/root/autodl-tmp/tokenizer-eval/data/nsynth/nsynth-valid/audio/string_acoustic_057-089-127.wav,450,string_acoustic_057,8,string,0,acoustic,89,127,16000,nonlinear_env|reverb
36.14323,28.61449,string_acoustic_014-063-100,string_acoustic_014-063-100,/root/autodl-tmp/tokenizer-eval/data/nsynth/nsynth-valid/audio/string_acoustic_014-063-100.wav,100,string_acoustic_014,8,string,0,acoustic,63,100,16000,fast_decay|percussive|reverb
-36.121315,19.652515,flute_synthetic_000-055-025,flute_synthetic_000-055-025,/root/autodl-tmp/tokenizer-eval/data/nsynth/nsynth-valid/audio/flute_synthetic_000-055-025.wav,82,flute_synthetic_000,2,flute,2,synthetic,55,25,16000,distortion
-19.712267,-52.633503,organ_electronic_028-079-127,organ_electronic_028-079-127,/root/autodl-tmp/tokenizer-eval/data/nsynth/nsynth-valid/audio/organ_electronic_028-079-127.wav,440,organ_electronic_028,6,organ,1,electronic,79,127,16000,
101.06495,-1.552899,mallet_acoustic_062-086-050,mallet_acoustic_062-086-050,/root/autodl-tmp/tokenizer-eval/data/nsynth/nsynth-valid/audio/mallet_acoustic_062-086-050.wav,644,mallet_acoustic_062,5,mallet,0,acoustic,86,50,16000,fast_decay|multiphonic
-17.68707,84.595894,bass_synthetic_098-048-075,bass_synthetic_098-048-075,/root/autodl-tmp/tokenizer-eval/data/nsynth/nsynth-valid/audio/bass_synthetic_098-048-075.wav,803,bass_synthetic_098,0,bass,2,synthetic,48,75,16000,
3.9826713,5.7666054,keyboard_electronic_098-067-127,keyboard_electronic_098-067-127,/root/autodl-tmp/tokenizer-eval/data/nsynth/nsynth-valid/audio/keyboard_electronic_098-067-127.wav,905,keyboard_electronic_098,4,keyboard,1,electronic,67,127,16000,
-48.13109,-3.717704,brass_acoustic_059-047-127,brass_acoustic_059-047-127,/root/autodl-tmp/tokenizer-eval/data/nsynth/nsynth-valid/audio/brass_acoustic_059-047-127.wav,572,brass_acoustic_059,1,brass,0,acoustic,47,127,16000,reverb
77.52153,-17.277164,keyboard_synthetic_000-082-075,keyboard_synthetic_000-082-075,/root/autodl-tmp/tokenizer-eval/data/nsynth/nsynth-valid/audio/keyboard_synthetic_000-082-075.wav,577,keyboard_synthetic_000,4,keyboard,2,synthetic,82,75,16000,bright|distortion|fast_decay|nonlinear_env
-55.72968,-1.2305969,brass_acoustic_059-060-025,brass_acoustic_059-060-025,/root/autodl-tmp/tokenizer-eval/data/nsynth/nsynth-valid/audio/brass_acoustic_059-060-025.wav,572,brass_acoustic_059,1,brass,0,acoustic,60,25,16000,dark|reverb
-8.496342,26.910383,keyboard_electronic_078-056-075,keyboard_electronic_078-056-075,/root/autodl-tmp/tokenizer-eval/data/nsynth/nsynth-valid/audio/keyboard_electronic_078-056-075.wav,838,keyboard_electronic_078,4,keyboard,1,electronic,56,75,16000,bright
-25.41558,36.458122,keyboard_electronic_001-039-050,keyboard_electronic_001-039-050,/root/autodl-tmp/tokenizer-eval/data/nsynth/nsynth-valid/audio/keyboard_electronic_001-039-050.wav,40,keyboard_electronic_001,4,keyboard,1,electronic,39,50,16000,dark
92.03859,8.988105,reed_acoustic_023-031-050,reed_acoustic_023-031-050,/root/autodl-tmp/tokenizer-eval/data/nsynth/nsynth-valid/audio/reed_acoustic_023-031-050.wav,224,reed_acoustic_023,7,reed,0,acoustic,31,50,16000,bright|fast_decay|multiphonic|nonlinear_env
23.868069,-30.408089,brass_acoustic_046-075-100,brass_acoustic_046-075-100,/root/autodl-tmp/tokenizer-eval/data/nsynth/nsynth-valid/audio/brass_acoustic_046-075-100.wav,414,brass_acoustic_046,1,brass,0,acoustic,75,100,16000,bright
-21.053366,17.779192,organ_electronic_001-046-127,organ_electronic_001-046-127,/root/autodl-tmp/tokenizer-eval/data/nsynth/nsynth-valid/audio/organ_electronic_001-046-127.wav,8,organ_electronic_001,6,organ,1,electronic,46,127,16000,dark
-18.532988,-25.274601,organ_electronic_007-070-100,organ_electronic_007-070-100,/root/autodl-tmp/tokenizer-eval/data/nsynth/nsynth-valid/audio/organ_electronic_007-070-100.wav,123,organ_electronic_007,6,organ,1,electronic,70,100,16000,distortion|long_release|nonlinear_env
-33.200848,46.67653,flute_synthetic_000-040-100,flute_synthetic_000-040-100,/root/autodl-tmp/tokenizer-eval/data/nsynth/nsynth-valid/audio/flute_synthetic_000-040-100.wav,82,flute_synthetic_000,2,flute,2,synthetic,40,100,16000,distortion
-5.246124,16.425774,brass_acoustic_015-063-025,brass_acoustic_015-063-025,/root/autodl-tmp/tokenizer-eval/data/nsynth/nsynth-valid/audio/brass_acoustic_015-063-025.wav,121,brass_acoustic_015,1,brass,0,acoustic,63,25,16000,reverb
13.119944,-3.895508,mallet_acoustic_062-071-075,mallet_acoustic_062-071-075,/root/autodl-tmp/tokenizer-eval/data/nsynth/nsynth-valid/audio/mallet_acoustic_062-071-075.wav,644,mallet_acoustic_062,5,mallet,0,acoustic,71,75,16000,dark|multiphonic
-9.897757,19.84153,brass_acoustic_015-044-075,brass_acoustic_015-044-075,/root/autodl-tmp/tokenizer-eval/data/nsynth/nsynth-valid/audio/brass_acoustic_015-044-075.wav,121,brass_acoustic_015,1,brass,0,acoustic,44,75,16000,reverb
66.05762,21.078161,mallet_acoustic_056-058-025,mallet_acoustic_056-058-025,/root/autodl-tmp/tokenizer-eval/data/nsynth/nsynth-valid/audio/mallet_acoustic_056-058-025.wav,590,mallet_acoustic_056,5,mallet,0,acoustic,58,25,16000,fast_decay|percussive
-7.6351933,-50.29902,organ_electronic_057-077-100,organ_electronic_057-077-100,/root/autodl-tmp/tokenizer-eval/data/nsynth/nsynth-valid/audio/organ_electronic_057-077-100.wav,701,organ_electronic_057,6,organ,1,electronic,77,100,16000,
-21.554731,-58.166706,brass_acoustic_046-080-127,brass_acoustic_046-080-127,/root/autodl-tmp/tokenizer-eval/data/nsynth/nsynth-valid/audio/brass_acoustic_046-080-127.wav,414,brass_acoustic_046,1,brass,0,acoustic,80,127,16000,
-66.456505,-7.423921,reed_acoustic_037-042-025,reed_acoustic_037-042-025,/root/autodl-tmp/tokenizer-eval/data/nsynth/nsynth-valid/audio/reed_acoustic_037-042-025.wav,387,reed_acoustic_037,7,reed,0,acoustic,42,25,16000,reverb
-27.17187,-12.94338,vocal_acoustic_000-056-050,vocal_acoustic_000-056-050,/root/autodl-tmp/tokenizer-eval/data/nsynth/nsynth-valid/audio/vocal_acoustic_000-056-050.wav,46,vocal_acoustic_000,10,vocal,0,acoustic,56,50,16000,reverb
-2.1924553,-6.0040607,bass_synthetic_034-075-075,bass_synthetic_034-075-075,/root/autodl-tmp/tokenizer-eval/data/nsynth/nsynth-valid/audio/bass_synthetic_034-075-075.wav,420,bass_synthetic_034,0,bass,2,synthetic,75,75,16000,distortion|tempo-synced
10.119694,-41.615314,reed_acoustic_018-085-075,reed_acoustic_018-085-075,/root/autodl-tmp/tokenizer-eval/data/nsynth/nsynth-valid/audio/reed_acoustic_018-085-075.wav,183,reed_acoustic_018,7,reed,0,acoustic,85,75,16000,
26.645317,49.104847,guitar_acoustic_030-035-100,guitar_acoustic_030-035-100,/root/autodl-tmp/tokenizer-eval/data/nsynth/nsynth-valid/audio/guitar_acoustic_030-035-100.wav,642,guitar_acoustic_030,3,guitar,0,acoustic,35,100,16000,long_release|tempo-synced
9.838632,-42.6785,string_acoustic_057-085-050,string_acoustic_057-085-050,/root/autodl-tmp/tokenizer-eval/data/nsynth/nsynth-valid/audio/string_acoustic_057-085-050.wav,450,string_acoustic_057,8,string,0,acoustic,85,50,16000,bright|nonlinear_env|reverb
65.265656,20.938908,mallet_acoustic_056-060-127,mallet_acoustic_056-060-127,/root/autodl-tmp/tokenizer-eval/data/nsynth/nsynth-valid/audio/mallet_acoustic_056-060-127.wav,590,mallet_acoustic_056,5,mallet,0,acoustic,60,127,16000,fast_decay|percussive
-30.839663,-30.791758,reed_acoustic_018-068-050,reed_acoustic_018-068-050,/root/autodl-tmp/tokenizer-eval/data/nsynth/nsynth-valid/audio/reed_acoustic_018-068-050.wav,183,reed_acoustic_018,7,reed,0,acoustic,68,50,16000,
-39.85681,-39.64285,organ_electronic_007-076-075,organ_electronic_007-076-075,/root/autodl-tmp/tokenizer-eval/data/nsynth/nsynth-valid/audio/organ_electronic_007-076-075.wav,123,organ_electronic_007,6,organ,1,electronic,76,75,16000,bright|distortion|long_release|nonlinear_env
-71.44255,27.799747,vocal_synthetic_003-033-100,vocal_synthetic_003-033-100,/root/autodl-tmp/tokenizer-eval/data/nsynth/nsynth-valid/audio/vocal_synthetic_003-033-100.wav,37,vocal_synthetic_003,10,vocal,2,synthetic,33,100,16000,bright|distortion|long_release|nonlinear_env
22.835684,2.6896224,bass_synthetic_135-079-025,bass_synthetic_135-079-025,/root/autodl-tmp/tokenizer-eval/data/nsynth/nsynth-valid/audio/bass_synthetic_135-079-025.wav,927,bass_synthetic_135,0,bass,2,synthetic,79,25,16000,distortion
-0.5254018,42.54731,guitar_acoustic_010-042-075,guitar_acoustic_010-042-075,/root/autodl-tmp/tokenizer-eval/data/nsynth/nsynth-valid/audio/guitar_acoustic_010-042-075.wav,219,guitar_acoustic_010,3,guitar,0,acoustic,42,75,16000,
-3.251455,-26.754148,flute_acoustic_002-072-050,flute_acoustic_002-072-050,/root/autodl-tmp/tokenizer-eval/data/nsynth/nsynth-valid/audio/flute_acoustic_002-072-050.wav,86,flute_acoustic_002,2,flute,0,acoustic,72,50,16000,long_release|reverb
-47.646496,39.111244,string_acoustic_071-046-050,string_acoustic_071-046-050,/root/autodl-tmp/tokenizer-eval/data/nsynth/nsynth-valid/audio/string_acoustic_071-046-050.wav,609,string_acoustic_071,8,string,0,acoustic,46,50,16000,long_release|reverb
19.415232,43.156773,bass_synthetic_068-035-075,bass_synthetic_068-035-075,/root/autodl-tmp/tokenizer-eval/data/nsynth/nsynth-valid/audio/bass_synthetic_068-035-075.wav,656,bass_synthetic_068,0,bass,2,synthetic,35,75,16000,dark
4.6616983,-40.733727,flute_acoustic_002-084-127,flute_acoustic_002-084-127,/root/autodl-tmp/tokenizer-eval/data/nsynth/nsynth-valid/audio/flute_acoustic_002-084-127.wav,86,flute_acoustic_002,2,flute,0,acoustic,84,127,16000,long_release|reverb
-23.511074,-35.244926,brass_acoustic_046-066-127,brass_acoustic_046-066-127,/root/autodl-tmp/tokenizer-eval/data/nsynth/nsynth-valid/audio/brass_acoustic_046-066-127.wav,414,brass_acoustic_046,1,brass,0,acoustic,66,127,16000,bright
26.838575,-43.39272,brass_acoustic_006-087-075,brass_acoustic_006-087-075,/root/autodl-tmp/tokenizer-eval/data/nsynth/nsynth-valid/audio/brass_acoustic_006-087-075.wav,43,brass_acoustic_006,1,brass,0,acoustic,87,75,16000,reverb
-34.257534,-22.038872,string_acoustic_057-067-025,string_acoustic_057-067-025,/root/autodl-tmp/tokenizer-eval/data/nsynth/nsynth-valid/audio/string_acoustic_057-067-025.wav,450,string_acoustic_057,8,string,0,acoustic,67,25,16000,bright|nonlinear_env|reverb
-16.978428,86.77236,bass_synthetic_098-069-050,bass_synthetic_098-069-050,/root/autodl-tmp/tokenizer-eval/data/nsynth/nsynth-valid/audio/bass_synthetic_098-069-050.wav,803,bass_synthetic_098,0,bass,2,synthetic,69,50,16000,
10.306091,-20.640795,string_acoustic_057-073-075,string_acoustic_057-073-075,/root/autodl-tmp/tokenizer-eval/data/nsynth/nsynth-valid/audio/string_acoustic_057-073-075.wav,450,string_acoustic_057,8,string,0,acoustic,73,75,16000,bright|nonlinear_env|reverb
-33.55478,10.751434,flute_synthetic_000-060-075,flute_synthetic_000-060-075,/root/autodl-tmp/tokenizer-eval/data/nsynth/nsynth-valid/audio/flute_synthetic_000-060-075.wav,82,flute_synthetic_000,2,flute,2,synthetic,60,75,16000,distortion
36.951855,-9.02574,guitar_acoustic_015-078-127,guitar_acoustic_015-078-127,/root/autodl-tmp/tokenizer-eval/data/nsynth/nsynth-valid/audio/guitar_acoustic_015-078-127.wav,316,guitar_acoustic_015,3,guitar,0,acoustic,78,127,16000,fast_decay|reverb
45.954453,12.630944,string_acoustic_056-068-050,string_acoustic_056-068-050,/root/autodl-tmp/tokenizer-eval/data/nsynth/nsynth-valid/audio/string_acoustic_056-068-050.wav,436,string_acoustic_056,8,string,0,acoustic,68,50,16000,fast_decay|percussive|reverb
