id,note_str,audio_path,instrument,instrument_str,instrument_family,instrument_family_str,instrument_source,instrument_source_str,pitch,velocity,sample_rate,qualities_str
keyboard_electronic_098-037-100,keyboard_electronic_098-037-100,/root/autodl-tmp/tokenizer-eval/data/nsynth/nsynth-test/audio/keyboard_electronic_098-037-100.wav,905,keyboard_electronic_098,4,keyboard,1,electronic,37,100,16000,dark|distortion
reed_acoustic_018-060-025,reed_acoustic_018-060-025,/root/autodl-tmp/tokenizer-eval/data/nsynth/nsynth-test/audio/reed_acoustic_018-060-025.wav,183,reed_acoustic_018,7,reed,0,acoustic,60,25,16000,
vocal_synthetic_003-104-075,vocal_synthetic_003-104-075,/root/autodl-tmp/tokenizer-eval/data/nsynth/nsynth-test/audio/vocal_synthetic_003-104-075.wav,37,vocal_synthetic_003,10,vocal,2,synthetic,104,75,16000,bright|distortion|long_release|nonlinear_env
organ_electronic_113-058-050,organ_electronic_113-058-050,/root/autodl-tmp/tokenizer-eval/data/nsynth/nsynth-test/audio/organ_electronic_113-058-050.wav,958,organ_electronic_113,6,organ,1,electronic,58,50,16000,dark
keyboard_electronic_078-045-127,keyboard_electronic_078-045-127,/root/autodl-tmp/tokenizer-eval/data/nsynth/nsynth-test/audio/keyboard_electronic_078-045-127.wav,838,keyboard_electronic_078,4,keyboard,1,electronic,45,127,16000,bright
reed_acoustic_037-065-050,reed_acoustic_037-065-050,/root/autodl-tmp/tokenizer-eval/data/nsynth/nsynth-test/audio/reed_acoustic_037-065-050.wav,387,reed_acoustic_037,7,reed,0,acoustic,65,50,16000,reverb
organ_electronic_007-069-075,organ_electronic_007-069-075,/root/autodl-tmp/tokenizer-eval/data/nsynth/nsynth-test/audio/organ_electronic_007-069-075.wav,123,organ_electronic_007,6,organ,1,electronic,69,75,16000,distortion|long_release|nonlinear_env
brass_acoustic_006-088-075,brass_acoustic_006-088-075,/root/autodl-tmp/tokenizer-eval/data/nsynth/nsynth-test/audio/brass_acoustic_006-088-075.wav,43,brass_acoustic_006,1,brass,0,acoustic,88,75,16000,reverb
flute_acoustic_002-080-050,flute_acoustic_002-080-050,/root/autodl-tmp/tokenizer-eval/data/nsynth/nsynth-test/audio/flute_acoustic_002-080-050.wav,86,flute_acoustic_002,2,flute,0,acoustic,80,50,16000,reverb
brass_acoustic_006-045-050,brass_acoustic_006-045-050,/root/autodl-tmp/tokenizer-eval/data/nsynth/nsynth-test/audio/brass_acoustic_006-045-050.wav,43,brass_acoustic_006,1,brass,0,acoustic,45,50,16000,reverb
reed_acoustic_023-032-025,reed_acoustic_023-032-025,/root/autodl-tmp/tokenizer-eval/data/nsynth/nsynth-test/audio/reed_acoustic_023-032-025.wav,224,reed_acoustic_023,7,reed,0,acoustic,32,25,16000,bright|fast_decay|multiphonic|nonlinear_env
organ_electronic_104-060-075,organ_electronic_104-060-075,/root/autodl-tmp/tokenizer-eval/data/nsynth/nsynth-test/audio/organ_electronic_104-060-075.wav,921,organ_electronic_104,6,organ,1,electronic,60,75,16000,
reed_acoustic_011-065-075,reed_acoustic_011-065-075,/root/autodl-tmp/tokenizer-eval/data/nsynth/nsynth-test/audio/reed_acoustic_011-065-075.wav,104,reed_acoustic_011,7,reed,0,acoustic,65,75,16000,
guitar_acoustic_014-021-050,guitar_acoustic_014-021-050,/root/autodl-tmp/tokenizer-eval/data/nsynth/nsynth-test/audio/guitar_acoustic_014-021-050.wav,263,guitar_acoustic_014,3,guitar,0,acoustic,21,50,16000,
brass_acoustic_006-070-127,brass_acoustic_006-070-127,/root/autodl-tmp/tokenizer-eval/data/nsynth/nsynth-test/audio/brass_acoustic_006-070-127.wav,43,brass_acoustic_006,1,brass,0,acoustic,70,127,16000,reverb
string_acoustic_012-036-100,string_acoustic_012-036-100,/root/autodl-tmp/tokenizer-eval/data/nsynth/nsynth-test/audio/string_acoustic_012-036-100.wav,97,string_acoustic_012,8,string,0,acoustic,36,100,16000,long_release|reverb
organ_electronic_007-037-050,organ_electronic_007-037-050,/root/autodl-tmp/tokenizer-eval/data/nsynth/nsynth-test/audio/organ_electronic_007-037-050.wav,123,organ_electronic_007,6,organ,1,electronic,37,50,16000,distortion|long_release|nonlinear_env
guitar_electronic_028-096-050,guitar_electronic_028-096-050,/root/autodl-tmp/tokenizer-eval/data/nsynth/nsynth-test/audio/guitar_electronic_028-096-050.wav,510,guitar_electronic_028,3,guitar,1,electronic,96,50,16000,
keyboard_electronic_002-025-075,keyboard_electronic_002-025-075,/root/autodl-tmp/tokenizer-eval/data/nsynth/nsynth-test/audio/keyboard_electronic_002-025-075.wav,50,keyboard_electronic_002,4,keyboard,1,electronic,25,75,16000,distortion
bass_synthetic_135-045-050,bass_synthetic_135-045-050,/root/autodl-tmp/tokenizer-eval/data/nsynth/nsynth-test/audio/bass_synthetic_135-045-050.wav,927,bass_synthetic_135,0,bass,2,synthetic,45,50,16000,distortion
bass_synthetic_068-104-025,bass_synthetic_068-104-025,/root/autodl-tmp/tokenizer-eval/data/nsynth/nsynth-test/audio/bass_synthetic_068-104-025.wav,656,bass_synthetic_068,0,bass,2,synthetic,104,25,16000,bright|fast_decay|percussive
keyboard_electronic_001-067-025,keyboard_electronic_001-067-025,/root/autodl-tmp/tokenizer-eval/data/nsynth/nsynth-test/audio/keyboard_electronic_001-067-025.wav,40,keyboard_electronic_001,4,keyboard,1,electronic,67,25,16000,dark
flute_synthetic_000-055-050,flute_synthetic_000-055-050,/root/autodl-tmp/tokenizer-eval/data/nsynth/nsynth-test/audio/flute_synthetic_000-055-050.wav,82,flute_synthetic_000,2,flute,2,synthetic,55,50,16000,distortion
string_acoustic_014-035-050,string_acoustic_014-035-050,/root/autodl-tmp/tokenizer-eval/data/nsynth/nsynth-test/audio/string_acoustic_014-035-050.wav,100,string_acoustic_014,8,string,0,acoustic,35,50,16000,dark|reverb
bass_synthetic_068-021-100,bass_synthetic_068-021-100,/root/autodl-tmp/tokenizer-eval/data/nsynth/nsynth-test/audio/bass_synthetic_068-021-100.wav,656,bass_synthetic_068,0,bass,2,synthetic,21,100,16000,dark
guitar_acoustic_030-048-025,guitar_acoustic_030-048-025,/root/autodl-tmp/tokenizer-eval/data/nsynth/nsynth-test/audio/guitar_acoustic_030-048-025.wav,642,guitar_acoustic_030,3,guitar,0,acoustic,48,25,16000,tempo-synced
reed_acoustic_037-037-100,reed_acoustic_037-037-100,/root/autodl-tmp/tokenizer-eval/data/nsynth/nsynth-test/audio/reed_acoustic_037-037-100.wav,387,reed_acoustic_037,7,reed,0,acoustic,37,100,16000,reverb
guitar_acoustic_014-085-127,guitar_acoustic_014-085-127,/root/autodl-tmp/tokenizer-eval/data/nsynth/nsynth-test/audio/guitar_acoustic_014-085-127.wav,263,guitar_acoustic_014,3,guitar,0,acoustic,85,127,16000,fast_decay|percussive
mallet_acoustic_062-037-075,mallet_acoustic_062-037-075,/root/autodl-tmp/tokenizer-eval/data/nsynth/nsynth-test/audio/mallet_acoustic_062-037-075.wav,644,mallet_acoustic_062,5,mallet,0,acoustic,37,75,16000,dark|multiphonic
guitar_acoustic_021-041-100,guitar_acoustic_021-041-100,/root/autodl-tmp/tokenizer-eval/data/nsynth/nsynth-test/audio/guitar_acoustic_021-041-100.wav,457,guitar_acoustic_021,3,guitar,0,acoustic,41,100,16000,
keyboard_electronic_002-022-050,keyboard_electronic_002-022-050,/root/autodl-tmp/tokenizer-eval/data/nsynth/nsynth-test/audio/keyboard_electronic_002-022-050.wav,50,keyboard_electronic_002,4,keyboard,1,electronic,22,50,16000,distortion
guitar_acoustic_015-059-050,guitar_acoustic_015-059-050,/root/autodl-tmp/tokenizer-eval/data/nsynth/nsynth-test/audio/guitar_acoustic_015-059-050.wav,316,guitar_acoustic_015,3,guitar,0,acoustic,59,50,16000,reverb
guitar_acoustic_010-060-127,guitar_acoustic_010-060-127,/root/autodl-tmp/tokenizer-eval/data/nsynth/nsynth-test/audio/guitar_acoustic_010-060-127.wav,219,guitar_acoustic_010,3,guitar,0,acoustic,60,127,16000,
flute_synthetic_000-049-100,flute_synthetic_000-049-100,/root/autodl-tmp/tokenizer-eval/data/nsynth/nsynth-test/audio/flute_synthetic_000-049-100.wav,82,flute_synthetic_000,2,flute,2,synthetic,49,100,16000,distortion
flute_acoustic_002-081-075,flute_acoustic_002-081-075,/root/autodl-tmp/tokenizer-eval/data/nsynth/nsynth-test/audio/flute_acoustic_002-081-075.wav,86,flute_acoustic_002,2,flute,0,acoustic,81,75,16000,reverb
reed_acoustic_018-072-050,reed_acoustic_018-072-050,/root/autodl-tmp/tokenizer-eval/data/nsynth/nsynth-test/audio/reed_acoustic_018-072-050.wav,183,reed_acoustic_018,7,reed,0,acoustic,72,50,16000,
mallet_acoustic_062-037-127,mallet_acoustic_062-037-127,/root/autodl-tmp/tokenizer-eval/data/nsynth/nsynth-test/audio/mallet_acoustic_062-037-127.wav,644,mallet_acoustic_062,5,mallet,0,acoustic,37,127,16000,dark|long_release|multiphonic
brass_acoustic_006-072-050,brass_acoustic_006-072-050,/root/autodl-tmp/tokenizer-eval/data/nsynth/nsynth-test/audio/brass_acoustic_006-072-050.wav,43,brass_acoustic_006,1,brass,0,acoustic,72,50,16000,reverb
reed_acoustic_011-059-025,reed_acoustic_011-059-025,/root/autodl-tmp/tokenizer-eval/data/nsynth/nsynth-test/audio/reed_acoustic_011-059-025.wav,104,reed_acoustic_011,7,reed,0,acoustic,59,25,16000,
bass_synthetic_098-087-127,bass_synthetic_098-087-127,/root/autodl-tmp/tokenizer-eval/data/nsynth/nsynth-test/audio/bass_synthetic_098-087-127.wav,803,bass_synthetic_098,0,bass,2,synthetic,87,127,16000,
reed_acoustic_037-042-050,reed_acoustic_037-042-050,/root/autodl-tmp/tokenizer-eval/data/nsynth/nsynth-test/audio/reed_acoustic_037-042-050.wav,387,reed_acoustic_037,7,reed,0,acoustic,42,50,16000,reverb
keyboard_electronic_002-097-025,keyboard_electronic_002-097-025,/root/autodl-tmp/tokenizer-eval/data/nsynth/nsynth-test/audio/keyboard_electronic_002-097-025.wav,50,keyboard_electronic_002,4,keyboard,1,electronic,97,25,16000,fast_decay|percussive
keyboard_electronic_001-065-100,keyboard_electronic_001-065-100,/root/autodl-tmp/tokenizer-eval/data/nsynth/nsynth-test/audio/keyboard_electronic_001-065-100.wav,40,keyboard_electronic_001,4,keyboard,1,electronic,65,100,16000,
string_acoustic_014-031-127,string_acoustic_014-031-127,/root/autodl-tmp/tokenizer-eval/data/nsynth/nsynth-test/audio/string_acoustic_014-031-127.wav,100,string_acoustic_014,8,string,0,acoustic,31,127,16000,dark|fast_decay|reverb
keyboard_electronic_078-079-050,keyboard_electronic_078-079-050,/root/autodl-tmp/tokenizer-eval/data/nsynth/nsynth-test/audio/keyboard_electronic_078-079-050.wav,838,keyboard_electronic_078,4,keyboard,1,electronic,79,50,16000,bright
mallet_acoustic_062-100-127,mallet_acoustic_062-100-127,/root/autodl-tmp/tokenizer-eval/data/nsynth/nsynth-test/audio/mallet_acoustic_062-100-127.wav,644,mallet_acoustic_062,5,mallet,0,acoustic,100,127,16000,bright|multiphonic
brass_acoustic_006-047-025,brass_acoustic_006-047-025,/root/autodl-tmp/tokenizer-eval/data/nsynth/nsynth-test/audio/brass_acoustic_006-047-025.wav,43,brass_acoustic_006,1,brass,0,acoustic,47,25,16000,reverb
mallet_acoustic_062-036-075,mallet_acoustic_062-036-075,/root/autodl-tmp/tokenizer-eval/data/nsynth/nsynth-test/audio/mallet_acoustic_062-036-075.wav,644,mallet_acoustic_062,5,mallet,0,acoustic,36,75,16000,dark|multiphonic
organ_electronic_028-025-050,organ_electronic_028-025-050,/root/autodl-tmp/tokenizer-eval/data/nsynth/nsynth-test/audio/organ_electronic_028-025-050.wav,440,organ_electronic_028,6,organ,1,electronic,25,50,16000,dark
keyboard_synthetic_000-084-050,keyboard_synthetic_000-084-050,/root/autodl-tmp/tokenizer-eval/data/nsynth/nsynth-test/audio/keyboard_synthetic_000-084-050.wav,577,keyboard_synthetic_000,4,keyboard,2,synthetic,84,50,16000,distortion|fast_decay|nonlinear_env
reed_acoustic_023-097-127,reed_acoustic_023-097-127,/root/autodl-tmp/tokenizer-eval/data/nsynth/nsynth-test/audio/reed_acoustic_023-097-127.wav,224,reed_acoustic_023,7,reed,0,acoustic,97,127,16000,fast_decay|multiphonic|nonlinear_env|percussive
organ_electronic_001-087-025,organ_electronic_001-087-025,/root/autodl-tmp/tokenizer-eval/data/nsynth/nsynth-test/audio/organ_electronic_001-087-025.wav,8,organ_electronic_001,6,organ,1,electronic,87,25,16000,
keyboard_electronic_001-063-075,keyboard_electronic_001-063-075,/root/autodl-tmp/tokenizer-eval/data/nsynth/nsynth-test/audio/keyboard_electronic_001-063-075.wav,40,keyboard_electronic_001,4,keyboard,1,electronic,63,75,16000,dark
keyboard_electronic_001-084-050,keyboard_electronic_001-084-050,/root/autodl-tmp/tokenizer-eval/data/nsynth/nsynth-test/audio/keyboard_electronic_001-084-050.wav,40,keyboard_electronic_001,4,keyboard,1,electronic,84,50,16000,percussive
mallet_acoustic_056-091-127,mallet_acoustic_056-091-127,/root/autodl-tmp/tokenizer-eval/data/nsynth/nsynth-test/audio/mallet_acoustic_056-091-127.wav,590,mallet_acoustic_056,5,mallet,0,acoustic,91,127,16000,
organ_electronic_113-036-025,organ_electronic_113-036-025,/root/autodl-tmp/tokenizer-eval/data/nsynth/nsynth-test/audio/organ_electronic_113-036-025.wav,958,organ_electronic_113,6,organ,1,electronic,36,25,16000,dark
guitar_acoustic_014-071-127,guitar_acoustic_014-071-127,/root/autodl-tmp/tokenizer-eval/data/nsynth/nsynth-test/audio/guitar_acoustic_014-071-127.wav,263,guitar_acoustic_014,3,guitar,0,acoustic,71,127,16000,
guitar_electronic_028-033-100,guitar_electronic_028-033-100,/root/autodl-tmp/tokenizer-eval/data/nsynth/nsynth-test/audio/guitar_electronic_028-033-100.wav,510,guitar_electronic_028,3,guitar,1,electronic,33,100,16000,dark
vocal_synthetic_003-033-127,vocal_synthetic_003-033-127,/root/autodl-tmp/tokenizer-eval/data/nsynth/nsynth-test/audio/vocal_synthetic_003-033-127.wav,37,vocal_synthetic_003,10,vocal,2,synthetic,33,127,16000,bright|distortion|long_release|nonlinear_env
organ_electronic_028-044-025,organ_electronic_028-044-025,/root/autodl-tmp/tokenizer-eval/data/nsynth/nsynth-test/audio/organ_electronic_028-044-025.wav,440,organ_electronic_028,6,organ,1,electronic,44,25,16000,dark
flute_synthetic_000-068-050,flute_synthetic_000-068-050,/root/autodl-tmp/tokenizer-eval/data/nsynth/nsynth-test/audio/flute_synthetic_000-068-050.wav,82,flute_synthetic_000,2,flute,2,synthetic,68,50,16000,distortion
mallet_acoustic_047-103-025,mallet_acoustic_047-103-025,/root/autodl-tmp/tokenizer-eval/data/nsynth/nsynth-test/audio/mallet_acoustic_047-103-025.wav,488,mallet_acoustic_047,5,mallet,0,acoustic,103,25,16000,fast_decay|percussive|reverb
string_acoustic_012-045-100,string_acoustic_012-045-100,/root/autodl-tmp/tokenizer-eval/data/nsynth/nsynth-test/audio/string_acoustic_012-045-100.wav,97,string_acoustic_012,8,string,0,acoustic,45,100,16000,reverb
brass_acoustic_015-073-050,brass_acoustic_015-073-050,/root/autodl-tmp/tokenizer-eval/data/nsynth/nsynth-test/audio/brass_acoustic_015-073-050.wav,121,brass_acoustic_015,1,brass,0,acoustic,73,50,16000,reverb
organ_electronic_028-108-075,organ_electronic_028-108-075,/root/autodl-tmp/tokenizer-eval/data/nsynth/nsynth-test/audio/organ_electronic_028-108-075.wav,440,organ_electronic_028,6,organ,1,electronic,108,75,16000,bright
bass_electronic_027-028-127,bass_electronic_027-028-127,/root/autodl-tmp/tokenizer-eval/data/nsynth/nsynth-test/audio/bass_electronic_027-028-127.wav,880,bass_electronic_027,0,bass,1,electronic,28,127,16000,
keyboard_synthetic_000-053-050,keyboard_synthetic_000-053-050,/root/autodl-tmp/tokenizer-eval/data/nsynth/nsynth-test/audio/keyboard_synthetic_000-053-050.wav,577,keyboard_synthetic_000,4,keyboard,2,synthetic,53,50,16000,distortion|fast_decay|nonlinear_env
reed_acoustic_011-057-100,reed_acoustic_011-057-100,/root/autodl-tmp/tokenizer-eval/data/nsynth/nsynth-test/audio/reed_acoustic_011-057-100.wav,104,reed_acoustic_011,7,reed,0,acoustic,57,100,16000,bright
reed_acoustic_018-070-025,reed_acoustic_018-070-025,/root/autodl-tmp/tokenizer-eval/data/nsynth/nsynth-test/audio/reed_acoustic_018-070-025.wav,183,reed_acoustic_018,7,reed,0,acoustic,70,25,16000,
bass_synthetic_135-105-025,bass_synthetic_135-105-025,/root/autodl-tmp/tokenizer-eval/data/nsynth/nsynth-test/audio/bass_synthetic_135-105-025.wav,927,bass_synthetic_135,0,bass,2,synthetic,105,25,16000,bright|distortion
flute_synthetic_000-098-025,flute_synthetic_000-098-025,/root/autodl-tmp/tokenizer-eval/data/nsynth/nsynth-test/audio/flute_synthetic_000-098-025.wav,82,flute_synthetic_000,2,flute,2,synthetic,98,25,16000,distortion
organ_electronic_007-094-075,organ_electronic_007-094-075,/root/autodl-tmp/tokenizer-eval/data/nsynth/nsynth-test/audio/organ_electronic_007-094-075.wav,123,organ_electronic_007,6,organ,1,electronic,94,75,16000,long_release|nonlinear_env
reed_acoustic_011-061-100,reed_acoustic_011-061-100,/root/autodl-tmp/tokenizer-eval/data/nsynth/nsynth-test/audio/reed_acoustic_011-061-100.wav,104,reed_acoustic_011,7,reed,0,acoustic,61,100,16000,
bass_synthetic_009-086-075,bass_synthetic_009-086-075,/root/autodl-tmp/tokenizer-eval/data/nsynth/nsynth-test/audio/bass_synthetic_009-086-075.wav,150,bass_synthetic_009,0,bass,2,synthetic,86,75,16000,long_release
string_acoustic_014-061-127,string_acoustic_014-061-127,/root/autodl-tmp/tokenizer-eval/data/nsynth/nsynth-test/audio/string_acoustic_014-061-127.wav,100,string_acoustic_014,8,string,0,acoustic,61,127,16000,dark|percussive|reverb
brass_acoustic_006-055-050,brass_acoustic_006-055-050,/root/autodl-tmp/tokenizer-eval/data/nsynth/nsynth-test/audio/brass_acoustic_006-055-050.wav,43,brass_acoustic_006,1,brass,0,acoustic,55,50,16000,reverb
brass_acoustic_016-076-050,brass_acoustic_016-076-050,/root/autodl-tmp/tokenizer-eval/data/nsynth/nsynth-test/audio/brass_acoustic_016-076-050.wav,128,brass_acoustic_016,1,brass,0,acoustic,76,50,16000,bright
guitar_acoustic_030-064-025,guitar_acoustic_030-064-025,/root/autodl-tmp/tokenizer-eval/data/nsynth/nsynth-test/audio/guitar_acoustic_030-064-025.wav,642,guitar_acoustic_030,3,guitar,0,acoustic,64,25,16000,fast_decay|tempo-synced
vocal_synthetic_003-035-075,vocal_synthetic_003-035-075,/root/autodl-tmp/tokenizer-eval/data/nsynth/nsynth-test/audio/vocal_synthetic_003-035-075.wav,37,vocal_synthetic_003,10,vocal,2,synthetic,35,75,16000,distortion|long_release|nonlinear_env
organ_electronic_001-081-075,organ_electronic_001-081-075,/root/autodl-tmp/tokenizer-eval/data/nsynth/nsynth-test/audio/organ_electronic_001-081-075.wav,8,organ_electronic_001,6,organ,1,electronic,81,75,16000,
string_acoustic_012-041-025,string_acoustic_012-041-025,/root/autodl-tmp/tokenizer-eval/data/nsynth/nsynth-test/audio/string_acoustic_012-041-025.wav,97,string_acoustic_012,8,string,0,acoustic,41,25,16000,long_release|reverb
organ_electronic_007-050-100,organ_electronic_007-050-100,/root/autodl-tmp/tokenizer-eval/data/nsynth/nsynth-test/audio/organ_electronic_007-050-100.wav,123,organ_electronic_007,6,organ,1,electronic,50,100,16000,distortion|long_release|nonlinear_env
keyboard_electronic_001-051-127,keyboard_electronic_001-051-127,/root/autodl-tmp/tokenizer-eval/data/nsynth/nsynth-test/audio/keyboard_electronic_001-051-127.wav,40,keyboard_electronic_001,4,keyboard,1,electronic,51,127,16000,
mallet_acoustic_047-103-075,mallet_acoustic_047-103-075,/root/autodl-tmp/tokenizer-eval/data/nsynth/nsynth-test/audio/mallet_acoustic_047-103-075.wav,488,mallet_acoustic_047,5,mallet,0,acoustic,103,75,16000,fast_decay|percussive|reverb
guitar_acoustic_015-090-075,guitar_acoustic_015-090-075,/root/autodl-tmp/tokenizer-eval/data/nsynth/nsynth-test/audio/guitar_acoustic_015-090-075.wav,316,guitar_acoustic_015,3,guitar,0,acoustic,90,75,16000,fast_decay|percussive|reverb
keyboard_electronic_002-030-075,keyboard_electronic_002-030-075,/root/autodl-tmp/tokenizer-eval/data/nsynth/nsynth-test/audio/keyboard_electronic_002-030-075.wav,50,keyboard_electronic_002,4,keyboard,1,electronic,30,75,16000,distortion
mallet_acoustic_062-059-127,mallet_acoustic_062-059-127,/root/autodl-tmp/tokenizer-eval/data/nsynth/nsynth-test/audio/mallet_acoustic_062-059-127.wav,644,mallet_acoustic_062,5,mallet,0,acoustic,59,127,16000,dark|long_release|multiphonic
organ_electronic_007-010-127,organ_electronic_007-010-127,/root/autodl-tmp/tokenizer-eval/data/nsynth/nsynth-test/audio/organ_electronic_007-010-127.wav,123,organ_electronic_007,6,organ,1,electronic,10,127,16000,distortion|long_release|nonlinear_env
vocal_synthetic_003-085-100,vocal_synthetic_003-085-100,/root/autodl-tmp/tokenizer-eval/data/nsynth/nsynth-test/audio/vocal_synthetic_003-085-100.wav,37,vocal_synthetic_003,10,vocal,2,synthetic,85,100,16000,bright|distortion|long_release|nonlinear_env
organ_electronic_001-065-100,organ_electronic_001-065-100,/root/autodl-tmp/tokenizer-eval/data/nsynth/nsynth-test/audio/organ_electronic_001-065-100.wav,8,organ_electronic_001,6,organ,1,electronic,65,100,16000,
bass_synthetic_009-026-050,bass_synthetic_009-026-050,/root/autodl-tmp/tokenizer-eval/data/nsynth/nsynth-test/audio/bass_synthetic_009-026-050.wav,150,bass_synthetic_009,0,bass,2,synthetic,26,50,16000,bright|distortion|long_release
organ_electronic_057-035-100,organ_electronic_057-035-100,/root/autodl-tmp/tokenizer-eval/data/nsynth/nsynth-test/audio/organ_electronic_057-035-100.wav,701,organ_electronic_057,6,organ,1,electronic,35,100,16000,dark
string_acoustic_012-051-127,string_acoustic_012-051-127,/root/autodl-tmp/tokenizer-eval/data/nsynth/nsynth-test/audio/string_acoustic_012-051-127.wav,97,string_acoustic_012,8,string,0,acoustic,51,127,16000,reverb
brass_acoustic_046-096-050,brass_acoustic_046-096-050,/root/autodl-tmp/tokenizer-eval/data/nsynth/nsynth-test/audio/brass_acoustic_046-096-050.wav,414,brass_acoustic_046,1,brass,0,acoustic,96,50,16000,long_release
guitar_acoustic_010-053-100,guitar_acoustic_010-053-100,/root/autodl-tmp/tokenizer-eval/data/nsynth/nsynth-test/audio/guitar_acoustic_010-053-100.wav,219,guitar_acoustic_010,3,guitar,0,acoustic,53,100,16000,
keyboard_electronic_002-022-100,keyboard_electronic_002-022-100,/root/autodl-tmp/tokenizer-eval/data/nsynth/nsynth-test/audio/keyboard_electronic_002-022-100.wav,50,keyboard_electronic_002,4,keyboard,1,electronic,22,100,16000,distortion
flute_synthetic_000-072-050,flute_synthetic_000-072-050,/root/autodl-tmp/tokenizer-eval/data/nsynth/nsynth-test/audio/flute_synthetic_000-072-050.wav,82,flute_synthetic_000,2,flute,2,synthetic,72,50,16000,distortion
reed_acoustic_011-062-127,reed_acoustic_011-062-127,/root/autodl-tmp/tokenizer-eval/data/nsynth/nsynth-test/audio/reed_acoustic_011-062-127.wav,104,reed_acoustic_011,7,reed,0,acoustic,62,127,16000,
keyboard_electronic_003-085-050,keyboard_electronic_003-085-050,/root/autodl-tmp/tokenizer-eval/data/nsynth/nsynth-test/audio/keyboard_electronic_003-085-050.wav,65,keyboard_electronic_003,4,keyboard,1,electronic,85,50,16000,
keyboard_electronic_078-029-050,keyboard_electronic_078-029-050,/root/autodl-tmp/tokenizer-eval/data/nsynth/nsynth-test/audio/keyboard_electronic_078-029-050.wav,838,keyboard_electronic_078,4,keyboard,1,electronic,29,50,16000,bright
vocal_synthetic_003-051-075,vocal_synthetic_003-051-075,/root/autodl-tmp/tokenizer-eval/data/nsynth/nsynth-test/audio/vocal_synthetic_003-051-075.wav,37,vocal_synthetic_003,10,vocal,2,synthetic,51,75,16000,distortion|long_release|nonlinear_env
keyboard_acoustic_004-033-127,keyboard_acoustic_004-033-127,/root/autodl-tmp/tokenizer-eval/data/nsynth/nsynth-test/audio/keyboard_acoustic_004-033-127.wav,327,keyboard_acoustic_004,4,keyboard,0,acoustic,33,127,16000,reverb
mallet_acoustic_062-087-075,mallet_acoustic_062-087-075,/root/autodl-tmp/tokenizer-eval/data/nsynth/nsynth-test/audio/mallet_acoustic_062-087-075.wav,644,mallet_acoustic_062,5,mallet,0,acoustic,87,75,16000,fast_decay|multiphonic
brass_acoustic_059-046-025,brass_acoustic_059-046-025,/root/autodl-tmp/tokenizer-eval/data/nsynth/nsynth-test/audio/brass_acoustic_059-046-025.wav,572,brass_acoustic_059,1,brass,0,acoustic,46,25,16000,dark|reverb
keyboard_synthetic_000-044-050,keyboard_synthetic_000-044-050,/root/autodl-tmp/tokenizer-eval/data/nsynth/nsynth-test/audio/keyboard_synthetic_000-044-050.wav,577,keyboard_synthetic_000,4,keyboard,2,synthetic,44,50,16000,distortion|fast_decay|nonlinear_env
vocal_synthetic_003-028-025,vocal_synthetic_003-028-025,/root/autodl-tmp/tokenizer-eval/data/nsynth/nsynth-test/audio/vocal_synthetic_003-028-025.wav,37,vocal_synthetic_003,10,vocal,2,synthetic,28,25,16000,distortion|long_release|nonlinear_env
brass_acoustic_016-069-100,brass_acoustic_016-069-100,/root/autodl-tmp/tokenizer-eval/data/nsynth/nsynth-test/audio/brass_acoustic_016-069-100.wav,128,brass_acoustic_016,1,brass,0,acoustic,69,100,16000,bright
keyboard_electronic_078-039-075,keyboard_electronic_078-039-075,/root/autodl-tmp/tokenizer-eval/data/nsynth/nsynth-test/audio/keyboard_electronic_078-039-075.wav,838,keyboard_electronic_078,4,keyboard,1,electronic,39,75,16000,bright
guitar_electronic_028-104-100,guitar_electronic_028-104-100,/root/autodl-tmp/tokenizer-eval/data/nsynth/nsynth-test/audio/guitar_electronic_028-104-100.wav,510,guitar_electronic_028,3,guitar,1,electronic,104,100,16000,bright
string_acoustic_014-049-127,string_acoustic_014-049-127,/root/autodl-tmp/tokenizer-eval/data/nsynth/nsynth-test/audio/string_acoustic_014-049-127.wav,100,string_acoustic_014,8,string,0,acoustic,49,127,16000,dark|reverb
guitar_acoustic_015-024-025,guitar_acoustic_015-024-025,/root/autodl-tmp/tokenizer-eval/data/nsynth/nsynth-test/audio/guitar_acoustic_015-024-025.wav,316,guitar_acoustic_015,3,guitar,0,acoustic,24,25,16000,reverb
string_acoustic_057-061-100,string_acoustic_057-061-100,/root/autodl-tmp/tokenizer-eval/data/nsynth/nsynth-test/audio/string_acoustic_057-061-100.wav,450,string_acoustic_057,8,string,0,acoustic,61,100,16000,bright|nonlinear_env|reverb
organ_electronic_028-040-025,organ_electronic_028-040-025,/root/autodl-tmp/tokenizer-eval/data/nsynth/nsynth-test/audio/organ_electronic_028-040-025.wav,440,organ_electronic_028,6,organ,1,electronic,40,25,16000,dark
brass_acoustic_046-070-050,brass_acoustic_046-070-050,/root/autodl-tmp/tokenizer-eval/data/nsynth/nsynth-test/audio/brass_acoustic_046-070-050.wav,414,brass_acoustic_046,1,brass,0,acoustic,70,50,16000,
guitar_acoustic_030-036-127,guitar_acoustic_030-036-127,/root/autodl-tmp/tokenizer-eval/data/nsynth/nsynth-test/audio/guitar_acoustic_030-036-127.wav,642,guitar_acoustic_030,3,guitar,0,acoustic,36,127,16000,long_release|tempo-synced
brass_acoustic_006-066-100,brass_acoustic_006-066-100,/root/autodl-tmp/tokenizer-eval/data/nsynth/nsynth-test/audio/brass_acoustic_006-066-100.wav,43,brass_acoustic_006,1,brass,0,acoustic,66,100,16000,reverb
reed_acoustic_023-070-050,reed_acoustic_023-070-050,/root/autodl-tmp/tokenizer-eval/data/nsynth/nsynth-test/audio/reed_acoustic_023-070-050.wav,224,reed_acoustic_023,7,reed,0,acoustic,70,50,16000,bright|fast_decay|multiphonic|nonlinear_env
organ_electronic_028-062-100,organ_electronic_028-062-100,/root/autodl-tmp/tokenizer-eval/data/nsynth/nsynth-test/audio/organ_electronic_028-062-100.wav,440,organ_electronic_028,6,organ,1,electronic,62,100,16000,dark
flute_synthetic_000-071-127,flute_synthetic_000-071-127,/root/autodl-tmp/tokenizer-eval/data/nsynth/nsynth-test/audio/flute_synthetic_000-071-127.wav,82,flute_synthetic_000,2,flute,2,synthetic,71,127,16000,distortion
mallet_acoustic_056-101-050,mallet_acoustic_056-101-050,/root/autodl-tmp/tokenizer-eval/data/nsynth/nsynth-test/audio/mallet_acoustic_056-101-050.wav,590,mallet_acoustic_056,5,mallet,0,acoustic,101,50,16000,bright
bass_synthetic_033-088-075,bass_synthetic_033-088-075,/root/autodl-tmp/tokenizer-eval/data/nsynth/nsynth-test/audio/bass_synthetic_033-088-075.wav,417,bass_synthetic_033,0,bass,2,synthetic,88,75,16000,
guitar_acoustic_015-091-100,guitar_acoustic_015-091-100,/root/autodl-tmp/tokenizer-eval/data/nsynth/nsynth-test/audio/guitar_acoustic_015-091-100.wav,316,guitar_acoustic_015,3,guitar,0,acoustic,91,100,16000,fast_decay|percussive|reverb
string_acoustic_057-078-127,string_acoustic_057-078-127,/root/autodl-tmp/tokenizer-eval/data/nsynth/nsynth-test/audio/string_acoustic_057-078-127.wav,450,string_acoustic_057,8,string,0,acoustic,78,127,16000,bright|nonlinear_env|reverb
string_acoustic_056-071-050,string_acoustic_056-071-050,/root/autodl-tmp/tokenizer-eval/data/nsynth/nsynth-test/audio/string_acoustic_056-071-050.wav,436,string_acoustic_056,8,string,0,acoustic,71,50,16000,fast_decay|percussive|reverb
flute_acoustic_002-077-050,flute_acoustic_002-077-050,/root/autodl-tmp/tokenizer-eval/data/nsynth/nsynth-test/audio/flute_acoustic_002-077-050.wav,86,flute_acoustic_002,2,flute,0,acoustic,77,50,16000,reverb
reed_acoustic_011-052-025,reed_acoustic_011-052-025,/root/autodl-tmp/tokenizer-eval/data/nsynth/nsynth-test/audio/reed_acoustic_011-052-025.wav,104,reed_acoustic_011,7,reed,0,acoustic,52,25,16000,
keyboard_electronic_078-074-050,keyboard_electronic_078-074-050,/root/autodl-tmp/tokenizer-eval/data/nsynth/nsynth-test/audio/keyboard_electronic_078-074-050.wav,838,keyboard_electronic_078,4,keyboard,1,electronic,74,50,16000,bright
brass_acoustic_046-091-025,brass_acoustic_046-091-025,/root/autodl-tmp/tokenizer-eval/data/nsynth/nsynth-test/audio/brass_acoustic_046-091-025.wav,414,brass_acoustic_046,1,brass,0,acoustic,91,25,16000,long_release
brass_acoustic_006-064-100,brass_acoustic_006-064-100,/root/autodl-tmp/tokenizer-eval/data/nsynth/nsynth-test/audio/brass_acoustic_006-064-100.wav,43,brass_acoustic_006,1,brass,0,acoustic,64,100,16000,reverb
guitar_electronic_028-039-100,guitar_electronic_028-039-100,/root/autodl-tmp/tokenizer-eval/data/nsynth/nsynth-test/audio/guitar_electronic_028-039-100.wav,510,guitar_electronic_028,3,guitar,1,electronic,39,100,16000,dark
organ_electronic_001-060-100,organ_electronic_001-060-100,/root/autodl-tmp/tokenizer-eval/data/nsynth/nsynth-test/audio/organ_electronic_001-060-100.wav,8,organ_electronic_001,6,organ,1,electronic,60,100,16000,dark
mallet_acoustic_056-104-127,mallet_acoustic_056-104-127,/root/autodl-tmp/tokenizer-eval/data/nsynth/nsynth-test/audio/mallet_acoustic_056-104-127.wav,590,mallet_acoustic_056,5,mallet,0,acoustic,104,127,16000,bright
keyboard_synthetic_000-083-050,keyboard_synthetic_000-083-050,/root/autodl-tmp/tokenizer-eval/data/nsynth/nsynth-test/audio/keyboard_synthetic_000-083-050.wav,577,keyboard_synthetic_000,4,keyboard,2,synthetic,83,50,16000,distortion|fast_decay|nonlinear_env
bass_synthetic_009-048-025,bass_synthetic_009-048-025,/root/autodl-tmp/tokenizer-eval/data/nsynth/nsynth-test/audio/bass_synthetic_009-048-025.wav,150,bass_synthetic_009,0,bass,2,synthetic,48,25,16000,bright|distortion|long_release
keyboard_electronic_098-080-025,keyboard_electronic_098-080-025,/root/autodl-tmp/tokenizer-eval/data/nsynth/nsynth-test/audio/keyboard_electronic_098-080-025.wav,905,keyboard_electronic_098,4,keyboard,1,electronic,80,25,16000,fast_decay
brass_acoustic_046-087-127,brass_acoustic_046-087-127,/root/autodl-tmp/tokenizer-eval/data/nsynth/nsynth-test/audio/brass_acoustic_046-087-127.wav,414,brass_acoustic_046,1,brass,0,acoustic,87,127,16000,long_release
bass_synthetic_034-105-127,bass_synthetic_034-105-127,/root/autodl-tmp/tokenizer-eval/data/nsynth/nsynth-test/audio/bass_synthetic_034-105-127.wav,420,bass_synthetic_034,0,bass,2,synthetic,105,127,16000,bright|distortion|tempo-synced
string_acoustic_012-039-127,string_acoustic_012-039-127,/root/autodl-tmp/tokenizer-eval/data/nsynth/nsynth-test/audio/string_acoustic_012-039-127.wav,97,string_acoustic_012,8,string,0,acoustic,39,127,16000,long_release|reverb
bass_electronic_027-052-025,bass_electronic_027-052-025,/root/autodl-tmp/tokenizer-eval/data/nsynth/nsynth-test/audio/bass_electronic_027-052-025.wav,880,bass_electronic_027,0,bass,1,electronic,52,25,16000,
brass_acoustic_046-095-050,brass_acoustic_046-095-050,/root/autodl-tmp/tokenizer-eval/data/nsynth/nsynth-test/audio/brass_acoustic_046-095-050.wav,414,brass_acoustic_046,1,brass,0,acoustic,95,50,16000,long_release
keyboard_electronic_001-053-025,keyboard_electronic_001-053-025,/root/autodl-tmp/tokenizer-eval/data/nsynth/nsynth-test/audio/keyboard_electronic_001-053-025.wav,40,keyboard_electronic_001,4,keyboard,1,electronic,53,25,16000,dark|long_release
brass_acoustic_059-051-127,brass_acoustic_059-051-127,/root/autodl-tmp/tokenizer-eval/data/nsynth/nsynth-test/audio/brass_acoustic_059-051-127.wav,572,brass_acoustic_059,1,brass,0,acoustic,51,127,16000,reverb
keyboard_acoustic_004-059-127,keyboard_acoustic_004-059-127,/root/autodl-tmp/tokenizer-eval/data/nsynth/nsynth-test/audio/keyboard_acoustic_004-059-127.wav,327,keyboard_acoustic_004,4,keyboard,0,acoustic,59,127,16000,reverb
string_acoustic_080-047-100,string_acoustic_080-047-100,/root/autodl-tmp/tokenizer-eval/data/nsynth/nsynth-test/audio/string_acoustic_080-047-100.wav,675,string_acoustic_080,8,string,0,acoustic,47,100,16000,reverb
keyboard_electronic_098-051-025,keyboard_electronic_098-051-025,/root/autodl-tmp/tokenizer-eval/data/nsynth/nsynth-test/audio/keyboard_electronic_098-051-025.wav,905,keyboard_electronic_098,4,keyboard,1,electronic,51,25,16000,dark
organ_electronic_028-049-025,organ_electronic_028-049-025,/root/autodl-tmp/tokenizer-eval/data/nsynth/nsynth-test/audio/organ_electronic_028-049-025.wav,440,organ_electronic_028,6,organ,1,electronic,49,25,16000,dark
reed_acoustic_011-064-025,reed_acoustic_011-064-025,/root/autodl-tmp/tokenizer-eval/data/nsynth/nsynth-test/audio/reed_acoustic_011-064-025.wav,104,reed_acoustic_011,7,reed,0,acoustic,64,25,16000,
reed_acoustic_023-055-075,reed_acoustic_023-055-075,/root/autodl-tmp/tokenizer-eval/data/nsynth/nsynth-test/audio/reed_acoustic_023-055-075.wav,224,reed_acoustic_023,7,reed,0,acoustic,55,75,16000,bright|fast_decay|multiphonic|nonlinear_env
string_acoustic_056-071-100,string_acoustic_056-071-100,/root/autodl-tmp/tokenizer-eval/data/nsynth/nsynth-test/audio/string_acoustic_056-071-100.wav,436,string_acoustic_056,8,string,0,acoustic,71,100,16000,fast_decay|percussive|reverb
keyboard_acoustic_004-029-127,keyboard_acoustic_004-029-127,/root/autodl-tmp/tokenizer-eval/data/nsynth/nsynth-test/audio/keyboard_acoustic_004-029-127.wav,327,keyboard_acoustic_004,4,keyboard,0,acoustic,29,127,16000,reverb
guitar_electronic_022-045-075,guitar_electronic_022-045-075,/root/autodl-tmp/tokenizer-eval/data/nsynth/nsynth-test/audio/guitar_electronic_022-045-075.wav,378,guitar_electronic_022,3,guitar,1,electronic,45,75,16000,dark
mallet_acoustic_062-043-100,mallet_acoustic_062-043-100,/root/autodl-tmp/tokenizer-eval/data/nsynth/nsynth-test/audio/mallet_acoustic_062-043-100.wav,644,mallet_acoustic_062,5,mallet,0,acoustic,43,100,16000,dark|long_release|multiphonic
organ_electronic_001-053-075,organ_electronic_001-053-075,/root/autodl-tmp/tokenizer-eval/data/nsynth/nsynth-test/audio/organ_electronic_001-053-075.wav,8,organ_electronic_001,6,organ,1,electronic,53,75,16000,dark
reed_acoustic_037-035-100,reed_acoustic_037-035-100,/root/autodl-tmp/tokenizer-eval/data/nsynth/nsynth-test/audio/reed_acoustic_037-035-100.wav,387,reed_acoustic_037,7,reed,0,acoustic,35,100,16000,reverb
bass_synthetic_068-061-075,bass_synthetic_068-061-075,/root/autodl-tmp/tokenizer-eval/data/nsynth/nsynth-test/audio/bass_synthetic_068-061-075.wav,656,bass_synthetic_068,0,bass,2,synthetic,61,75,16000,dark
bass_synthetic_009-064-127,bass_synthetic_009-064-127,/root/autodl-tmp/tokenizer-eval/data/nsynth/nsynth-test/audio/bass_synthetic_009-064-127.wav,150,bass_synthetic_009,0,bass,2,synthetic,64,127,16000,bright|distortion|long_release
reed_acoustic_037-052-075,reed_acoustic_037-052-075,/root/autodl-tmp/tokenizer-eval/data/nsynth/nsynth-test/audio/reed_acoustic_037-052-075.wav,387,reed_acoustic_037,7,reed,0,acoustic,52,75,16000,reverb
guitar_acoustic_014-050-127,guitar_acoustic_014-050-127,/root/autodl-tmp/tokenizer-eval/data/nsynth/nsynth-test/audio/guitar_acoustic_014-050-127.wav,263,guitar_acoustic_014,3,guitar,0,acoustic,50,127,16000,
guitar_acoustic_010-051-075,guitar_acoustic_010-051-075,/root/autodl-tmp/tokenizer-eval/data/nsynth/nsynth-test/audio/guitar_acoustic_010-051-075.wav,219,guitar_acoustic_010,3,guitar,0,acoustic,51,75,16000,
string_acoustic_014-033-100,string_acoustic_014-033-100,/root/autodl-tmp/tokenizer-eval/data/nsynth/nsynth-test/audio/string_acoustic_014-033-100.wav,100,string_acoustic_014,8,string,0,acoustic,33,100,16000,dark|reverb
mallet_acoustic_056-049-050,mallet_acoustic_056-049-050,/root/autodl-tmp/tokenizer-eval/data/nsynth/nsynth-test/audio/mallet_acoustic_056-049-050.wav,590,mallet_acoustic_056,5,mallet,0,acoustic,49,50,16000,fast_decay|percussive
vocal_synthetic_003-096-100,vocal_synthetic_003-096-100,/root/autodl-tmp/tokenizer-eval/data/nsynth/nsynth-test/audio/vocal_synthetic_003-096-100.wav,37,vocal_synthetic_003,10,vocal,2,synthetic,96,100,16000,bright|distortion|long_release|nonlinear_env
mallet_acoustic_062-092-100,mallet_acoustic_062-092-100,/root/autodl-tmp/tokenizer-eval/data/nsynth/nsynth-test/audio/mallet_acoustic_062-092-100.wav,644,mallet_acoustic_062,5,mallet,0,acoustic,92,100,16000,multiphonic
flute_synthetic_000-073-127,flute_synthetic_000-073-127,/root/autodl-tmp/tokenizer-eval/data/nsynth/nsynth-test/audio/flute_synthetic_000-073-127.wav,82,flute_synthetic_000,2,flute,2,synthetic,73,127,16000,distortion
reed_acoustic_037-050-127,reed_acoustic_037-050-127,/root/autodl-tmp/tokenizer-eval/data/nsynth/nsynth-test/audio/reed_acoustic_037-050-127.wav,387,reed_acoustic_037,7,reed,0,acoustic,50,127,16000,long_release|reverb
mallet_acoustic_062-091-100,mallet_acoustic_062-091-100,/root/autodl-tmp/tokenizer-eval/data/nsynth/nsynth-test/audio/mallet_acoustic_062-091-100.wav,644,mallet_acoustic_062,5,mallet,0,acoustic,91,100,16000,multiphonic
mallet_acoustic_056-065-075,mallet_acoustic_056-065-075,/root/autodl-tmp/tokenizer-eval/data/nsynth/nsynth-test/audio/mallet_acoustic_056-065-075.wav,590,mallet_acoustic_056,5,mallet,0,acoustic,65,75,16000,fast_decay
brass_acoustic_015-052-075,brass_acoustic_015-052-075,/root/autodl-tmp/tokenizer-eval/data/nsynth/nsynth-test/audio/brass_acoustic_015-052-075.wav,121,brass_acoustic_015,1,brass,0,acoustic,52,75,16000,reverb
brass_acoustic_015-045-100,brass_acoustic_015-045-100,/root/autodl-tmp/tokenizer-eval/data/nsynth/nsynth-test/audio/brass_acoustic_015-045-100.wav,121,brass_acoustic_015,1,brass,0,acoustic,45,100,16000,reverb
string_acoustic_014-065-127,string_acoustic_014-065-127,/root/autodl-tmp/tokenizer-eval/data/nsynth/nsynth-test/audio/string_acoustic_014-065-127.wav,100,string_acoustic_014,8,string,0,acoustic,65,127,16000,fast_decay|percussive|reverb
organ_electronic_057-061-127,organ_electronic_057-061-127,/root/autodl-tmp/tokenizer-eval/data/nsynth/nsynth-test/audio/organ_electronic_057-061-127.wav,701,organ_electronic_057,6,organ,1,electronic,61,127,16000,dark
bass_synthetic_068-108-050,bass_synthetic_068-108-050,/root/autodl-tmp/tokenizer-eval/data/nsynth/nsynth-test/audio/bass_synthetic_068-108-050.wav,656,bass_synthetic_068,0,bass,2,synthetic,108,50,16000,bright|fast_decay|percussive
keyboard_electronic_001-042-127,keyboard_electronic_001-042-127,/root/autodl-tmp/tokenizer-eval/data/nsynth/nsynth-test/audio/keyboard_electronic_001-042-127.wav,40,keyboard_electronic_001,4,keyboard,1,electronic,42,127,16000,
bass_synthetic_134-093-100,bass_synthetic_134-093-100,/root/autodl-tmp/tokenizer-eval/data/nsynth/nsynth-test/audio/bass_synthetic_134-093-100.wav,914,bass_synthetic_134,0,bass,2,synthetic,93,100,16000,fast_decay|percussive|reverb
flute_acoustic_002-102-025,flute_acoustic_002-102-025,/root/autodl-tmp/tokenizer-eval/data/nsynth/nsynth-test/audio/flute_acoustic_002-102-025.wav,86,flute_acoustic_002,2,flute,0,acoustic,102,25,16000,bright|reverb
bass_synthetic_033-092-075,bass_synthetic_033-092-075,/root/autodl-tmp/tokenizer-eval/data/nsynth/nsynth-test/audio/bass_synthetic_033-092-075.wav,417,bass_synthetic_033,0,bass,2,synthetic,92,75,16000,
bass_synthetic_033-091-127,bass_synthetic_033-091-127,/root/autodl-tmp/tokenizer-eval/data/nsynth/nsynth-test/audio/bass_synthetic_033-091-127.wav,417,bass_synthetic_033,0,bass,2,synthetic,91,127,16000,
flute_synthetic_000-043-050,flute_synthetic_000-043-050,/root/autodl-tmp/tokenizer-eval/data/nsynth/nsynth-test/audio/flute_synthetic_000-043-050.wav,82,flute_synthetic_000,2,flute,2,synthetic,43,50,16000,distortion
string_acoustic_056-059-127,string_acoustic_056-059-127,/root/autodl-tmp/tokenizer-eval/data/nsynth/nsynth-test/audio/string_acoustic_056-059-127.wav,436,string_acoustic_056,8,string,0,acoustic,59,127,16000,fast_decay|reverb
organ_electronic_007-056-075,organ_electronic_007-056-075,/root/autodl-tmp/tokenizer-eval/data/nsynth/nsynth-test/audio/organ_electronic_007-056-075.wav,123,organ_electronic_007,6,organ,1,electronic,56,75,16000,distortion|long_release|nonlinear_env
guitar_acoustic_010-074-100,guitar_acoustic_010-074-100,/root/autodl-tmp/tokenizer-eval/data/nsynth/nsynth-test/audio/guitar_acoustic_010-074-100.wav,219,guitar_acoustic_010,3,guitar,0,acoustic,74,100,16000,
vocal_synthetic_003-104-025,vocal_synthetic_003-104-025,/root/autodl-tmp/tokenizer-eval/data/nsynth/nsynth-test/audio/vocal_synthetic_003-104-025.wav,37,vocal_synthetic_003,10,vocal,2,synthetic,104,25,16000,bright|distortion|long_release|nonlinear_env
mallet_acoustic_062-025-100,mallet_acoustic_062-025-100,/root/autodl-tmp/tokenizer-eval/data/nsynth/nsynth-test/audio/mallet_acoustic_062-025-100.wav,644,mallet_acoustic_062,5,mallet,0,acoustic,25,100,16000,dark|long_release|multiphonic
string_acoustic_012-030-025,string_acoustic_012-030-025,/root/autodl-tmp/tokenizer-eval/data/nsynth/nsynth-test/audio/string_acoustic_012-030-025.wav,97,string_acoustic_012,8,string,0,acoustic,30,25,16000,long_release|reverb
string_acoustic_057-064-075,string_acoustic_057-064-075,/root/autodl-tmp/tokenizer-eval/data/nsynth/nsynth-test/audio/string_acoustic_057-064-075.wav,450,string_acoustic_057,8,string,0,acoustic,64,75,16000,bright|nonlinear_env|reverb
bass_synthetic_134-107-100,bass_synthetic_134-107-100,/root/autodl-tmp/tokenizer-eval/data/nsynth/nsynth-test/audio/bass_synthetic_134-107-100.wav,914,bass_synthetic_134,0,bass,2,synthetic,107,100,16000,fast_decay|percussive|reverb
bass_synthetic_134-057-025,bass_synthetic_134-057-025,/root/autodl-tmp/tokenizer-eval/data/nsynth/nsynth-test/audio/bass_synthetic_134-057-025.wav,914,bass_synthetic_134,0,bass,2,synthetic,57,25,16000,dark|reverb
mallet_acoustic_062-077-075,mallet_acoustic_062-077-075,/root/autodl-tmp/tokenizer-eval/data/nsynth/nsynth-test/audio/mallet_acoustic_062-077-075.wav,644,mallet_acoustic_062,5,mallet,0,acoustic,77,75,16000,fast_decay|multiphonic
flute_synthetic_000-022-100,flute_synthetic_000-022-100,/root/autodl-tmp/tokenizer-eval/data/nsynth/nsynth-test/audio/flute_synthetic_000-022-100.wav,82,flute_synthetic_000,2,flute,2,synthetic,22,100,16000,distortion
string_acoustic_080-045-050,string_acoustic_080-045-050,/root/autodl-tmp/tokenizer-eval/data/nsynth/nsynth-test/audio/string_acoustic_080-045-050.wav,675,string_acoustic_080,8,string,0,acoustic,45,50,16000,long_release|reverb
keyboard_electronic_078-070-025,keyboard_electronic_078-070-025,/root/autodl-tmp/tokenizer-eval/data/nsynth/nsynth-test/audio/keyboard_electronic_078-070-025.wav,838,keyboard_electronic_078,4,keyboard,1,electronic,70,25,16000,bright
guitar_acoustic_014-072-025,guitar_acoustic_014-072-025,/root/autodl-tmp/tokenizer-eval/data/nsynth/nsynth-test/audio/guitar_acoustic_014-072-025.wav,263,guitar_acoustic_014,3,guitar,0,acoustic,72,25,16000,
keyboard_electronic_002-039-075,keyboard_electronic_002-039-075,/root/autodl-tmp/tokenizer-eval/data/nsynth/nsynth-test/audio/keyboard_electronic_002-039-075.wav,50,keyboard_electronic_002,4,keyboard,1,electronic,39,75,16000,distortion
vocal_synthetic_003-042-127,vocal_synthetic_003-042-127,/root/autodl-tmp/tokenizer-eval/data/nsynth/nsynth-test/audio/vocal_synthetic_003-042-127.wav,37,vocal_synthetic_003,10,vocal,2,synthetic,42,127,16000,bright|distortion|long_release|nonlinear_env
string_acoustic_012-042-050,string_acoustic_012-042-050,/root/autodl-tmp/tokenizer-eval/data/nsynth/nsynth-test/audio/string_acoustic_012-042-050.wav,97,string_acoustic_012,8,string,0,acoustic,42,50,16000,long_release|reverb
bass_synthetic_134-083-050,bass_synthetic_134-083-050,/root/autodl-tmp/tokenizer-eval/data/nsynth/nsynth-test/audio/bass_synthetic_134-083-050.wav,914,bass_synthetic_134,0,bass,2,synthetic,83,50,16000,fast_decay|percussive|reverb
organ_electronic_113-069-075,organ_electronic_113-069-075,/root/autodl-tmp/tokenizer-eval/data/nsynth/nsynth-test/audio/organ_electronic_113-069-075.wav,958,organ_electronic_113,6,organ,1,electronic,69,75,16000,
guitar_acoustic_021-033-127,guitar_acoustic_021-033-127,/root/autodl-tmp/tokenizer-eval/data/nsynth/nsynth-test/audio/guitar_acoustic_021-033-127.wav,457,guitar_acoustic_021,3,guitar,0,acoustic,33,127,16000,distortion
keyboard_electronic_069-032-127,keyboard_electronic_069-032-127,/root/autodl-tmp/tokenizer-eval/data/nsynth/nsynth-test/audio/keyboard_electronic_069-032-127.wav,805,keyboard_electronic_069,4,keyboard,1,electronic,32,127,16000,distortion
keyboard_electronic_098-037-050,keyboard_electronic_098-037-050,/root/autodl-tmp/tokenizer-eval/data/nsynth/nsynth-test/audio/keyboard_electronic_098-037-050.wav,905,keyboard_electronic_098,4,keyboard,1,electronic,37,50,16000,dark|distortion
organ_electronic_001-073-025,organ_electronic_001-073-025,/root/autodl-tmp/tokenizer-eval/data/nsynth/nsynth-test/audio/organ_electronic_001-073-025.wav,8,organ_electronic_001,6,organ,1,electronic,73,25,16000,
mallet_acoustic_047-101-025,mallet_acoustic_047-101-025,/root/autodl-tmp/tokenizer-eval/data/nsynth/nsynth-test/audio/mallet_acoustic_047-101-025.wav,488,mallet_acoustic_047,5,mallet,0,acoustic,101,25,16000,fast_decay|percussive|reverb
string_acoustic_080-036-100,string_acoustic_080-036-100,/root/autodl-tmp/tokenizer-eval/data/nsynth/nsynth-test/audio/string_acoustic_080-036-100.wav,675,string_acoustic_080,8,string,0,acoustic,36,100,16000,long_release|reverb
organ_electronic_057-052-075,organ_electronic_057-052-075,/root/autodl-tmp/tokenizer-eval/data/nsynth/nsynth-test/audio/organ_electronic_057-052-075.wav,701,organ_electronic_057,6,organ,1,electronic,52,75,16000,dark
mallet_acoustic_047-102-100,mallet_acoustic_047-102-100,/root/autodl-tmp/tokenizer-eval/data/nsynth/nsynth-test/audio/mallet_acoustic_047-102-100.wav,488,mallet_acoustic_047,5,mallet,0,acoustic,102,100,16000,fast_decay|percussive|reverb
guitar_acoustic_030-040-127,guitar_acoustic_030-040-127,/root/autodl-tmp/tokenizer-eval/data/nsynth/nsynth-test/audio/guitar_acoustic_030-040-127.wav,642,guitar_acoustic_030,3,guitar,0,acoustic,40,127,16000,long_release|tempo-synced
guitar_electronic_028-085-100,guitar_electronic_028-085-100,/root/autodl-tmp/tokenizer-eval/data/nsynth/nsynth-test/audio/guitar_electronic_028-085-100.wav,510,guitar_electronic_028,3,guitar,1,electronic,85,100,16000,
vocal_synthetic_003-050-025,vocal_synthetic_003-050-025,/root/autodl-tmp/tokenizer-eval/data/nsynth/nsynth-test/audio/vocal_synthetic_003-050-025.wav,37,vocal_synthetic_003,10,vocal,2,synthetic,50,25,16000,distortion|long_release|nonlinear_env
bass_electronic_018-049-075,bass_electronic_018-049-075,/root/autodl-tmp/tokenizer-eval/data/nsynth/nsynth-test/audio/bass_electronic_018-049-075.wav,759,bass_electronic_018,0,bass,1,electronic,49,75,16000,
organ_electronic_001-085-075,organ_electronic_001-085-075,/root/autodl-tmp/tokenizer-eval/data/nsynth/nsynth-test/audio/organ_electronic_001-085-075.wav,8,organ_electronic_001,6,organ,1,electronic,85,75,16000,
flute_acoustic_002-074-025,flute_acoustic_002-074-025,/root/autodl-tmp/tokenizer-eval/data/nsynth/nsynth-test/audio/flute_acoustic_002-074-025.wav,86,flute_acoustic_002,2,flute,0,acoustic,74,25,16000,reverb
keyboard_electronic_078-035-050,keyboard_electronic_078-035-050,/root/autodl-tmp/tokenizer-eval/data/nsynth/nsynth-test/audio/keyboard_electronic_078-035-050.wav,838,keyboard_electronic_078,4,keyboard,1,electronic,35,50,16000,bright
bass_electronic_027-042-050,bass_electronic_027-042-050,/root/autodl-tmp/tokenizer-eval/data/nsynth/nsynth-test/audio/bass_electronic_027-042-050.wav,880,bass_electronic_027,0,bass,1,electronic,42,50,16000,
bass_synthetic_009-038-075,bass_synthetic_009-038-075,/root/autodl-tmp/tokenizer-eval/data/nsynth/nsynth-test/audio/bass_synthetic_009-038-075.wav,150,bass_synthetic_009,0,bass,2,synthetic,38,75,16000,bright|distortion|long_release
guitar_acoustic_010-104-100,guitar_acoustic_010-104-100,/root/autodl-tmp/tokenizer-eval/data/nsynth/nsynth-test/audio/guitar_acoustic_010-104-100.wav,219,guitar_acoustic_010,3,guitar,0,acoustic,104,100,16000,bright
organ_electronic_028-106-025,organ_electronic_028-106-025,/root/autodl-tmp/tokenizer-eval/data/nsynth/nsynth-test/audio/organ_electronic_028-106-025.wav,440,organ_electronic_028,6,organ,1,electronic,106,25,16000,bright
reed_acoustic_018-073-075,reed_acoustic_018-073-075,/root/autodl-tmp/tokenizer-eval/data/nsynth/nsynth-test/audio/reed_acoustic_018-073-075.wav,183,reed_acoustic_018,7,reed,0,acoustic,73,75,16000,
bass_synthetic_135-035-025,bass_synthetic_135-035-025,/root/autodl-tmp/tokenizer-eval/data/nsynth/nsynth-test/audio/bass_synthetic_135-035-025.wav,927,bass_synthetic_135,0,bass,2,synthetic,35,25,16000,distortion
bass_electronic_025-023-100,bass_electronic_025-023-100,/root/autodl-tmp/tokenizer-eval/data/nsynth/nsynth-test/audio/bass_electronic_025-023-100.wav,872,bass_electronic_025,0,bass,1,electronic,23,100,16000,
organ_electronic_007-033-075,organ_electronic_007-033-075,/root/autodl-tmp/tokenizer-eval/data/nsynth/nsynth-test/audio/organ_electronic_007-033-075.wav,123,organ_electronic_007,6,organ,1,electronic,33,75,16000,distortion|long_release|nonlinear_env
bass_synthetic_009-021-025,bass_synthetic_009-021-025,/root/autodl-tmp/tokenizer-eval/data/nsynth/nsynth-test/audio/bass_synthetic_009-021-025.wav,150,bass_synthetic_009,0,bass,2,synthetic,21,25,16000,bright|distortion|long_release
mallet_acoustic_047-099-075,mallet_acoustic_047-099-075,/root/autodl-tmp/tokenizer-eval/data/nsynth/nsynth-test/audio/mallet_acoustic_047-099-075.wav,488,mallet_acoustic_047,5,mallet,0,acoustic,99,75,16000,fast_decay|percussive|reverb
bass_synthetic_098-038-127,bass_synthetic_098-038-127,/root/autodl-tmp/tokenizer-eval/data/nsynth/nsynth-test/audio/bass_synthetic_098-038-127.wav,803,bass_synthetic_098,0,bass,2,synthetic,38,127,16000,distortion
keyboard_electronic_002-067-075,keyboard_electronic_002-067-075,/root/autodl-tmp/tokenizer-eval/data/nsynth/nsynth-test/audio/keyboard_electronic_002-067-075.wav,50,keyboard_electronic_002,4,keyboard,1,electronic,67,75,16000,
keyboard_acoustic_004-074-100,keyboard_acoustic_004-074-100,/root/autodl-tmp/tokenizer-eval/data/nsynth/nsynth-test/audio/keyboard_acoustic_004-074-100.wav,327,keyboard_acoustic_004,4,keyboard,0,acoustic,74,100,16000,reverb
organ_electronic_104-045-127,organ_electronic_104-045-127,/root/autodl-tmp/tokenizer-eval/data/nsynth/nsynth-test/audio/organ_electronic_104-045-127.wav,921,organ_electronic_104,6,organ,1,electronic,45,127,16000,
bass_synthetic_135-042-025,bass_synthetic_135-042-025,/root/autodl-tmp/tokenizer-eval/data/nsynth/nsynth-test/audio/bass_synthetic_135-042-025.wav,927,bass_synthetic_135,0,bass,2,synthetic,42,25,16000,distortion
guitar_acoustic_014-071-025,guitar_acoustic_014-071-025,/root/autodl-tmp/tokenizer-eval/data/nsynth/nsynth-test/audio/guitar_acoustic_014-071-025.wav,263,guitar_acoustic_014,3,guitar,0,acoustic,71,25,16000,
keyboard_electronic_069-031-025,keyboard_electronic_069-031-025,/root/autodl-tmp/tokenizer-eval/data/nsynth/nsynth-test/audio/keyboard_electronic_069-031-025.wav,805,keyboard_electronic_069,4,keyboard,1,electronic,31,25,16000,distortion
vocal_synthetic_003-055-050,vocal_synthetic_003-055-050,/root/autodl-tmp/tokenizer-eval/data/nsynth/nsynth-test/audio/vocal_synthetic_003-055-050.wav,37,vocal_synthetic_003,10,vocal,2,synthetic,55,50,16000,distortion|long_release|nonlinear_env
brass_acoustic_006-044-025,brass_acoustic_006-044-025,/root/autodl-tmp/tokenizer-eval/data/nsynth/nsynth-test/audio/brass_acoustic_006-044-025.wav,43,brass_acoustic_006,1,brass,0,acoustic,44,25,16000,reverb
brass_acoustic_046-108-100,brass_acoustic_046-108-100,/root/autodl-tmp/tokenizer-eval/data/nsynth/nsynth-test/audio/brass_acoustic_046-108-100.wav,414,brass_acoustic_046,1,brass,0,acoustic,108,100,16000,long_release
bass_synthetic_009-065-100,bass_synthetic_009-065-100,/root/autodl-tmp/tokenizer-eval/data/nsynth/nsynth-test/audio/bass_synthetic_009-065-100.wav,150,bass_synthetic_009,0,bass,2,synthetic,65,100,16000,bright|distortion|long_release
guitar_acoustic_015-028-025,guitar_acoustic_015-028-025,/root/autodl-tmp/tokenizer-eval/data/nsynth/nsynth-test/audio/guitar_acoustic_015-028-025.wav,316,guitar_acoustic_015,3,guitar,0,acoustic,28,25,16000,reverb
brass_acoustic_006-087-100,brass_acoustic_006-087-100,/root/autodl-tmp/tokenizer-eval/data/nsynth/nsynth-test/audio/brass_acoustic_006-087-100.wav,43,brass_acoustic_006,1,brass,0,acoustic,87,100,16000,reverb
bass_electronic_027-031-025,bass_electronic_027-031-025,/root/autodl-tmp/tokenizer-eval/data/nsynth/nsynth-test/audio/bass_electronic_027-031-025.wav,880,bass_electronic_027,0,bass,1,electronic,31,25,16000,
reed_acoustic_018-068-075,reed_acoustic_018-068-075,/root/autodl-tmp/tokenizer-eval/data/nsynth/nsynth-test/audio/reed_acoustic_018-068-075.wav,183,reed_acoustic_018,7,reed,0,acoustic,68,75,16000,
reed_acoustic_023-071-025,reed_acoustic_023-071-025,/root/autodl-tmp/tokenizer-eval/data/nsynth/nsynth-test/audio/reed_acoustic_023-071-025.wav,224,reed_acoustic_023,7,reed,0,acoustic,71,25,16000,bright|fast_decay|multiphonic|nonlinear_env
organ_electronic_028-079-050,organ_electronic_028-079-050,/root/autodl-tmp/tokenizer-eval/data/nsynth/nsynth-test/audio/organ_electronic_028-079-050.wav,440,organ_electronic_028,6,organ,1,electronic,79,50,16000,
guitar_electronic_028-072-050,guitar_electronic_028-072-050,/root/autodl-tmp/tokenizer-eval/data/nsynth/nsynth-test/audio/guitar_electronic_028-072-050.wav,510,guitar_electronic_028,3,guitar,1,electronic,72,50,16000,
organ_electronic_028-040-075,organ_electronic_028-040-075,/root/autodl-tmp/tokenizer-eval/data/nsynth/nsynth-test/audio/organ_electronic_028-040-075.wav,440,organ_electronic_028,6,organ,1,electronic,40,75,16000,dark
brass_acoustic_006-032-127,brass_acoustic_006-032-127,/root/autodl-tmp/tokenizer-eval/data/nsynth/nsynth-test/audio/brass_acoustic_006-032-127.wav,43,brass_acoustic_006,1,brass,0,acoustic,32,127,16000,reverb
keyboard_synthetic_000-073-075,keyboard_synthetic_000-073-075,/root/autodl-tmp/tokenizer-eval/data/nsynth/nsynth-test/audio/keyboard_synthetic_000-073-075.wav,577,keyboard_synthetic_000,4,keyboard,2,synthetic,73,75,16000,distortion|fast_decay|nonlinear_env
brass_acoustic_015-075-050,brass_acoustic_015-075-050,/root/autodl-tmp/tokenizer-eval/data/nsynth/nsynth-test/audio/brass_acoustic_015-075-050.wav,121,brass_acoustic_015,1,brass,0,acoustic,75,50,16000,reverb
reed_acoustic_037-074-100,reed_acoustic_037-074-100,/root/autodl-tmp/tokenizer-eval/data/nsynth/nsynth-test/audio/reed_acoustic_037-074-100.wav,387,reed_acoustic_037,7,reed,0,acoustic,74,100,16000,reverb
brass_acoustic_046-107-050,brass_acoustic_046-107-050,/root/autodl-tmp/tokenizer-eval/data/nsynth/nsynth-test/audio/brass_acoustic_046-107-050.wav,414,brass_acoustic_046,1,brass,0,acoustic,107,50,16000,long_release
keyboard_electronic_078-069-100,keyboard_electronic_078-069-100,/root/autodl-tmp/tokenizer-eval/data/nsynth/nsynth-test/audio/keyboard_electronic_078-069-100.wav,838,keyboard_electronic_078,4,keyboard,1,electronic,69,100,16000,bright
keyboard_electronic_002-033-100,keyboard_electronic_002-033-100,/root/autodl-tmp/tokenizer-eval/data/nsynth/nsynth-test/audio/keyboard_electronic_002-033-100.wav,50,keyboard_electronic_002,4,keyboard,1,electronic,33,100,16000,distortion
bass_synthetic_033-043-025,bass_synthetic_033-043-025,/root/autodl-tmp/tokenizer-eval/data/nsynth/nsynth-test/audio/bass_synthetic_033-043-025.wav,417,bass_synthetic_033,0,bass,2,synthetic,43,25,16000,dark
bass_synthetic_009-033-075,bass_synthetic_009-033-075,/root/autodl-tmp/tokenizer-eval/data/nsynth/nsynth-test/audio/bass_synthetic_009-033-075.wav,150,bass_synthetic_009,0,bass,2,synthetic,33,75,16000,bright|distortion|long_release
brass_acoustic_046-086-025,brass_acoustic_046-086-025,/root/autodl-tmp/tokenizer-eval/data/nsynth/nsynth-test/audio/brass_acoustic_046-086-025.wav,414,brass_acoustic_046,1,brass,0,acoustic,86,25,16000,long_release
flute_synthetic_000-048-100,flute_synthetic_000-048-100,/root/autodl-tmp/tokenizer-eval/data/nsynth/nsynth-test/audio/flute_synthetic_000-048-100.wav,82,flute_synthetic_000,2,flute,2,synthetic,48,100,16000,distortion
bass_electronic_025-062-127,bass_electronic_025-062-127,/root/autodl-tmp/tokenizer-eval/data/nsynth/nsynth-test/audio/bass_electronic_025-062-127.wav,872,bass_electronic_025,0,bass,1,electronic,62,127,16000,fast_decay
guitar_acoustic_014-032-075,guitar_acoustic_014-032-075,/root/autodl-tmp/tokenizer-eval/data/nsynth/nsynth-test/audio/guitar_acoustic_014-032-075.wav,263,guitar_acoustic_014,3,guitar,0,acoustic,32,75,16000,
string_acoustic_071-025-100,string_acoustic_071-025-100,/root/autodl-tmp/tokenizer-eval/data/nsynth/nsynth-test/audio/string_acoustic_071-025-100.wav,609,string_acoustic_071,8,string,0,acoustic,25,100,16000,long_release|reverb
organ_electronic_113-080-075,organ_electronic_113-080-075,/root/autodl-tmp/tokenizer-eval/data/nsynth/nsynth-test/audio/organ_electronic_113-080-075.wav,958,organ_electronic_113,6,organ,1,electronic,80,75,16000,
keyboard_acoustic_004-048-075,keyboard_acoustic_004-048-075,/root/autodl-tmp/tokenizer-eval/data/nsynth/nsynth-test/audio/keyboard_acoustic_004-048-075.wav,327,keyboard_acoustic_004,4,keyboard,0,acoustic,48,75,16000,reverb
bass_synthetic_009-013-100,bass_synthetic_009-013-100,/root/autodl-tmp/tokenizer-eval/data/nsynth/nsynth-test/audio/bass_synthetic_009-013-100.wav,150,bass_synthetic_009,0,bass,2,synthetic,13,100,16000,bright|distortion|long_release
organ_electronic_057-044-127,organ_electronic_057-044-127,/root/autodl-tmp/tokenizer-eval/data/nsynth/nsynth-test/audio/organ_electronic_057-044-127.wav,701,organ_electronic_057,6,organ,1,electronic,44,127,16000,dark
keyboard_electronic_003-036-025,keyboard_electronic_003-036-025,/root/autodl-tmp/tokenizer-eval/data/nsynth/nsynth-test/audio/keyboard_electronic_003-036-025.wav,65,keyboard_electronic_003,4,keyboard,1,electronic,36,25,16000,dark
keyboard_electronic_003-086-100,keyboard_electronic_003-086-100,/root/autodl-tmp/tokenizer-eval/data/nsynth/nsynth-test/audio/keyboard_electronic_003-086-100.wav,65,keyboard_electronic_003,4,keyboard,1,electronic,86,100,16000,
brass_acoustic_016-087-075,brass_acoustic_016-087-075,/root/autodl-tmp/tokenizer-eval/data/nsynth/nsynth-test/audio/brass_acoustic_016-087-075.wav,128,brass_acoustic_016,1,brass,0,acoustic,87,75,16000,
mallet_acoustic_047-084-100,mallet_acoustic_047-084-100,/root/autodl-tmp/tokenizer-eval/data/nsynth/nsynth-test/audio/mallet_acoustic_047-084-100.wav,488,mallet_acoustic_047,5,mallet,0,acoustic,84,100,16000,fast_decay|percussive|reverb
organ_electronic_001-050-050,organ_electronic_001-050-050,/root/autodl-tmp/tokenizer-eval/data/nsynth/nsynth-test/audio/organ_electronic_001-050-050.wav,8,organ_electronic_001,6,organ,1,electronic,50,50,16000,dark
guitar_electronic_022-077-127,guitar_electronic_022-077-127,/root/autodl-tmp/tokenizer-eval/data/nsynth/nsynth-test/audio/guitar_electronic_022-077-127.wav,378,guitar_electronic_022,3,guitar,1,electronic,77,127,16000,
flute_synthetic_000-030-100,flute_synthetic_000-030-100,/root/autodl-tmp/tokenizer-eval/data/nsynth/nsynth-test/audio/flute_synthetic_000-030-100.wav,82,flute_synthetic_000,2,flute,2,synthetic,30,100,16000,distortion
flute_acoustic_002-085-050,flute_acoustic_002-085-050,/root/autodl-tmp/tokenizer-eval/data/nsynth/nsynth-test/audio/flute_acoustic_002-085-050.wav,86,flute_acoustic_002,2,flute,0,acoustic,85,50,16000,long_release|reverb
guitar_acoustic_014-067-100,guitar_acoustic_014-067-100,/root/autodl-tmp/tokenizer-eval/data/nsynth/nsynth-test/audio/guitar_acoustic_014-067-100.wav,263,guitar_acoustic_014,3,guitar,0,acoustic,67,100,16000,
vocal_synthetic_003-096-050,vocal_synthetic_003-096-050,/root/autodl-tmp/tokenizer-eval/data/nsynth/nsynth-test/audio/vocal_synthetic_003-096-050.wav,37,vocal_synthetic_003,10,vocal,2,synthetic,96,50,16000,bright|distortion|long_release|nonlinear_env
organ_electronic_028-092-025,organ_electronic_028-092-025,/root/autodl-tmp/tokenizer-eval/data/nsynth/nsynth-test/audio/organ_electronic_028-092-025.wav,440,organ_electronic_028,6,organ,1,electronic,92,25,16000,
brass_acoustic_006-086-050,brass_acoustic_006-086-050,/root/autodl-tmp/tokenizer-eval/data/nsynth/nsynth-test/audio/brass_acoustic_006-086-050.wav,43,brass_acoustic_006,1,brass,0,acoustic,86,50,16000,reverb
keyboard_electronic_002-033-050,keyboard_electronic_002-033-050,/root/autodl-tmp/tokenizer-eval/data/nsynth/nsynth-test/audio/keyboard_electronic_002-033-050.wav,50,keyboard_electronic_002,4,keyboard,1,electronic,33,50,16000,distortion
guitar_acoustic_014-070-100,guitar_acoustic_014-070-100,/root/autodl-tmp/tokenizer-eval/data/nsynth/nsynth-test/audio/guitar_acoustic_014-070-100.wav,263,guitar_acoustic_014,3,guitar,0,acoustic,70,100,16000,
brass_acoustic_015-059-025,brass_acoustic_015-059-025,/root/autodl-tmp/tokenizer-eval/data/nsynth/nsynth-test/audio/brass_acoustic_015-059-025.wav,121,brass_acoustic_015,1,brass,0,acoustic,59,25,16000,reverb
guitar_acoustic_021-022-050,guitar_acoustic_021-022-050,/root/autodl-tmp/tokenizer-eval/data/nsynth/nsynth-test/audio/guitar_acoustic_021-022-050.wav,457,guitar_acoustic_021,3,guitar,0,acoustic,22,50,16000,
keyboard_electronic_098-106-100,keyboard_electronic_098-106-100,/root/autodl-tmp/tokenizer-eval/data/nsynth/nsynth-test/audio/keyboard_electronic_098-106-100.wav,905,keyboard_electronic_098,4,keyboard,1,electronic,106,100,16000,bright|fast_decay|percussive
mallet_acoustic_047-078-025,mallet_acoustic_047-078-025,/root/autodl-tmp/tokenizer-eval/data/nsynth/nsynth-test/audio/mallet_acoustic_047-078-025.wav,488,mallet_acoustic_047,5,mallet,0,acoustic,78,25,16000,fast_decay|percussive|reverb
guitar_acoustic_021-081-075,guitar_acoustic_021-081-075,/root/autodl-tmp/tokenizer-eval/data/nsynth/nsynth-test/audio/guitar_acoustic_021-081-075.wav,457,guitar_acoustic_021,3,guitar,0,acoustic,81,75,16000,fast_decay|percussive
reed_acoustic_018-086-025,reed_acoustic_018-086-025,/root/autodl-tmp/tokenizer-eval/data/nsynth/nsynth-test/audio/reed_acoustic_018-086-025.wav,183,reed_acoustic_018,7,reed,0,acoustic,86,25,16000,
guitar_acoustic_015-097-050,guitar_acoustic_015-097-050,/root/autodl-tmp/tokenizer-eval/data/nsynth/nsynth-test/audio/guitar_acoustic_015-097-050.wav,316,guitar_acoustic_015,3,guitar,0,acoustic,97,50,16000,fast_decay|percussive|reverb
reed_acoustic_037-042-075,reed_acoustic_037-042-075,/root/autodl-tmp/tokenizer-eval/data/nsynth/nsynth-test/audio/reed_acoustic_037-042-075.wav,387,reed_acoustic_037,7,reed,0,acoustic,42,75,16000,reverb
string_acoustic_057-096-025,string_acoustic_057-096-025,/root/autodl-tmp/tokenizer-eval/data/nsynth/nsynth-test/audio/string_acoustic_057-096-025.wav,450,string_acoustic_057,8,string,0,acoustic,96,25,16000,bright|nonlinear_env|reverb
organ_electronic_113-064-025,organ_electronic_113-064-025,/root/autodl-tmp/tokenizer-eval/data/nsynth/nsynth-test/audio/organ_electronic_113-064-025.wav,958,organ_electronic_113,6,organ,1,electronic,64,25,16000,
keyboard_electronic_098-074-050,keyboard_electronic_098-074-050,/root/autodl-tmp/tokenizer-eval/data/nsynth/nsynth-test/audio/keyboard_electronic_098-074-050.wav,905,keyboard_electronic_098,4,keyboard,1,electronic,74,50,16000,
reed_acoustic_018-061-100,reed_acoustic_018-061-100,/root/autodl-tmp/tokenizer-eval/data/nsynth/nsynth-test/audio/reed_acoustic_018-061-100.wav,183,reed_acoustic_018,7,reed,0,acoustic,61,100,16000,
organ_electronic_104-035-075,organ_electronic_104-035-075,/root/autodl-tmp/tokenizer-eval/data/nsynth/nsynth-test/audio/organ_electronic_104-035-075.wav,921,organ_electronic_104,6,organ,1,electronic,35,75,16000,
bass_synthetic_033-093-025,bass_synthetic_033-093-025,/root/autodl-tmp/tokenizer-eval/data/nsynth/nsynth-test/audio/bass_synthetic_033-093-025.wav,417,bass_synthetic_033,0,bass,2,synthetic,93,25,16000,
brass_acoustic_006-029-127,brass_acoustic_006-029-127,/root/autodl-tmp/tokenizer-eval/data/nsynth/nsynth-test/audio/brass_acoustic_006-029-127.wav,43,brass_acoustic_006,1,brass,0,acoustic,29,127,16000,reverb
guitar_acoustic_030-096-050,guitar_acoustic_030-096-050,/root/autodl-tmp/tokenizer-eval/data/nsynth/nsynth-test/audio/guitar_acoustic_030-096-050.wav,642,guitar_acoustic_030,3,guitar,0,acoustic,96,50,16000,fast_decay|percussive|tempo-synced
keyboard_electronic_001-039-025,keyboard_electronic_001-039-025,/root/autodl-tmp/tokenizer-eval/data/nsynth/nsynth-test/audio/keyboard_electronic_001-039-025.wav,40,keyboard_electronic_001,4,keyboard,1,electronic,39,25,16000,dark
keyboard_acoustic_004-076-075,keyboard_acoustic_004-076-075,/root/autodl-tmp/tokenizer-eval/data/nsynth/nsynth-test/audio/keyboard_acoustic_004-076-075.wav,327,keyboard_acoustic_004,4,keyboard,0,acoustic,76,75,16000,reverb
string_acoustic_014-059-050,string_acoustic_014-059-050,/root/autodl-tmp/tokenizer-eval/data/nsynth/nsynth-test/audio/string_acoustic_014-059-050.wav,100,string_acoustic_014,8,string,0,acoustic,59,50,16000,dark|reverb
brass_acoustic_006-071-025,brass_acoustic_006-071-025,/root/autodl-tmp/tokenizer-eval/data/nsynth/nsynth-test/audio/brass_acoustic_006-071-025.wav,43,brass_acoustic_006,1,brass,0,acoustic,71,25,16000,reverb
bass_synthetic_033-082-100,bass_synthetic_033-082-100,/root/autodl-tmp/tokenizer-eval/data/nsynth/nsynth-test/audio/bass_synthetic_033-082-100.wav,417,bass_synthetic_033,0,bass,2,synthetic,82,100,16000,
organ_electronic_007-090-050,organ_electronic_007-090-050,/root/autodl-tmp/tokenizer-eval/data/nsynth/nsynth-test/audio/organ_electronic_007-090-050.wav,123,organ_electronic_007,6,organ,1,electronic,90,50,16000,long_release|nonlinear_env
mallet_acoustic_062-067-100,mallet_acoustic_062-067-100,/root/autodl-tmp/tokenizer-eval/data/nsynth/nsynth-test/audio/mallet_acoustic_062-067-100.wav,644,mallet_acoustic_062,5,mallet,0,acoustic,67,100,16000,dark|multiphonic
bass_synthetic_009-049-075,bass_synthetic_009-049-075,/root/autodl-tmp/tokenizer-eval/data/nsynth/nsynth-test/audio/bass_synthetic_009-049-075.wav,150,bass_synthetic_009,0,bass,2,synthetic,49,75,16000,bright|distortion|long_release
mallet_acoustic_062-106-025,mallet_acoustic_062-106-025,/root/autodl-tmp/tokenizer-eval/data/nsynth/nsynth-test/audio/mallet_acoustic_062-106-025.wav,644,mallet_acoustic_062,5,mallet,0,acoustic,106,25,16000,bright|fast_decay|multiphonic|percussive
organ_electronic_007-013-100,organ_electronic_007-013-100,/root/autodl-tmp/tokenizer-eval/data/nsynth/nsynth-test/audio/organ_electronic_007-013-100.wav,123,organ_electronic_007,6,organ,1,electronic,13,100,16000,distortion|long_release|nonlinear_env
reed_acoustic_018-067-025,reed_acoustic_018-067-025,/root/autodl-tmp/tokenizer-eval/data/nsynth/nsynth-test/audio/reed_acoustic_018-067-025.wav,183,reed_acoustic_018,7,reed,0,acoustic,67,25,16000,
bass_synthetic_068-088-127,bass_synthetic_068-088-127,/root/autodl-tmp/tokenizer-eval/data/nsynth/nsynth-test/audio/bass_synthetic_068-088-127.wav,656,bass_synthetic_068,0,bass,2,synthetic,88,127,16000,fast_decay
keyboard_electronic_098-058-025,keyboard_electronic_098-058-025,/root/autodl-tmp/tokenizer-eval/data/nsynth/nsynth-test/audio/keyboard_electronic_098-058-025.wav,905,keyboard_electronic_098,4,keyboard,1,electronic,58,25,16000,dark
string_acoustic_012-038-127,string_acoustic_012-038-127,/root/autodl-tmp/tokenizer-eval/data/nsynth/nsynth-test/audio/string_acoustic_012-038-127.wav,97,string_acoustic_012,8,string,0,acoustic,38,127,16000,long_release|reverb
vocal_synthetic_003-050-100,vocal_synthetic_003-050-100,/root/autodl-tmp/tokenizer-eval/data/nsynth/nsynth-test/audio/vocal_synthetic_003-050-100.wav,37,vocal_synthetic_003,10,vocal,2,synthetic,50,100,16000,bright|distortion|long_release|nonlinear_env
string_acoustic_057-077-050,string_acoustic_057-077-050,/root/autodl-tmp/tokenizer-eval/data/nsynth/nsynth-test/audio/string_acoustic_057-077-050.wav,450,string_acoustic_057,8,string,0,acoustic,77,50,16000,bright|nonlinear_env|reverb
keyboard_electronic_098-028-127,keyboard_electronic_098-028-127,/root/autodl-tmp/tokenizer-eval/data/nsynth/nsynth-test/audio/keyboard_electronic_098-028-127.wav,905,keyboard_electronic_098,4,keyboard,1,electronic,28,127,16000,dark|distortion
organ_electronic_001-042-127,organ_electronic_001-042-127,/root/autodl-tmp/tokenizer-eval/data/nsynth/nsynth-test/audio/organ_electronic_001-042-127.wav,8,organ_electronic_001,6,organ,1,electronic,42,127,16000,dark
reed_acoustic_037-056-100,reed_acoustic_037-056-100,/root/autodl-tmp/tokenizer-eval/data/nsynth/nsynth-test/audio/reed_acoustic_037-056-100.wav,387,reed_acoustic_037,7,reed,0,acoustic,56,100,16000,reverb
brass_acoustic_006-039-025,brass_acoustic_006-039-025,/root/autodl-tmp/tokenizer-eval/data/nsynth/nsynth-test/audio/brass_acoustic_006-039-025.wav,43,brass_acoustic_006,1,brass,0,acoustic,39,25,16000,long_release|reverb
guitar_electronic_022-076-075,guitar_electronic_022-076-075,/root/autodl-tmp/tokenizer-eval/data/nsynth/nsynth-test/audio/guitar_electronic_022-076-075.wav,378,guitar_electronic_022,3,guitar,1,electronic,76,75,16000,
bass_synthetic_134-044-075,bass_synthetic_134-044-075,/root/autodl-tmp/tokenizer-eval/data/nsynth/nsynth-test/audio/bass_synthetic_134-044-075.wav,914,bass_synthetic_134,0,bass,2,synthetic,44,75,16000,dark|reverb
vocal_synthetic_003-063-025,vocal_synthetic_003-063-025,/root/autodl-tmp/tokenizer-eval/data/nsynth/nsynth-test/audio/vocal_synthetic_003-063-025.wav,37,vocal_synthetic_003,10,vocal,2,synthetic,63,25,16000,bright|distortion|long_release|nonlinear_env
organ_electronic_104-075-050,organ_electronic_104-075-050,/root/autodl-tmp/tokenizer-eval/data/nsynth/nsynth-test/audio/organ_electronic_104-075-050.wav,921,organ_electronic_104,6,organ,1,electronic,75,50,16000,
organ_electronic_028-061-127,organ_electronic_028-061-127,/root/autodl-tmp/tokenizer-eval/data/nsynth/nsynth-test/audio/organ_electronic_028-061-127.wav,440,organ_electronic_028,6,organ,1,electronic,61,127,16000,dark
keyboard_electronic_001-047-075,keyboard_electronic_001-047-075,/root/autodl-tmp/tokenizer-eval/data/nsynth/nsynth-test/audio/keyboard_electronic_001-047-075.wav,40,keyboard_electronic_001,4,keyboard,1,electronic,47,75,16000,dark
brass_acoustic_006-034-100,brass_acoustic_006-034-100,/root/autodl-tmp/tokenizer-eval/data/nsynth/nsynth-test/audio/brass_acoustic_006-034-100.wav,43,brass_acoustic_006,1,brass,0,acoustic,34,100,16000,reverb
reed_acoustic_023-055-050,reed_acoustic_023-055-050,/root/autodl-tmp/tokenizer-eval/data/nsynth/nsynth-test/audio/reed_acoustic_023-055-050.wav,224,reed_acoustic_023,7,reed,0,acoustic,55,50,16000,bright|fast_decay|multiphonic|nonlinear_env
keyboard_electronic_002-039-025,keyboard_electronic_002-039-025,/root/autodl-tmp/tokenizer-eval/data/nsynth/nsynth-test/audio/keyboard_electronic_002-039-025.wav,50,keyboard_electronic_002,4,keyboard,1,electronic,39,25,16000,
guitar_electronic_022-031-025,guitar_electronic_022-031-025,/root/autodl-tmp/tokenizer-eval/data/nsynth/nsynth-test/audio/guitar_electronic_022-031-025.wav,378,guitar_electronic_022,3,guitar,1,electronic,31,25,16000,dark
brass_acoustic_046-107-127,brass_acoustic_046-107-127,/root/autodl-tmp/tokenizer-eval/data/nsynth/nsynth-test/audio/brass_acoustic_046-107-127.wav,414,brass_acoustic_046,1,brass,0,acoustic,107,127,16000,long_release
organ_electronic_057-058-127,organ_electronic_057-058-127,/root/autodl-tmp/tokenizer-eval/data/nsynth/nsynth-test/audio/organ_electronic_057-058-127.wav,701,organ_electronic_057,6,organ,1,electronic,58,127,16000,dark
reed_acoustic_011-039-075,reed_acoustic_011-039-075,/root/autodl-tmp/tokenizer-eval/data/nsynth/nsynth-test/audio/reed_acoustic_011-039-075.wav,104,reed_acoustic_011,7,reed,0,acoustic,39,75,16000,
string_acoustic_056-059-100,string_acoustic_056-059-100,/root/autodl-tmp/tokenizer-eval/data/nsynth/nsynth-test/audio/string_acoustic_056-059-100.wav,436,string_acoustic_056,8,string,0,acoustic,59,100,16000,fast_decay|percussive|reverb
bass_electronic_018-044-075,bass_electronic_018-044-075,/root/autodl-tmp/tokenizer-eval/data/nsynth/nsynth-test/audio/bass_electronic_018-044-075.wav,759,bass_electronic_018,0,bass,1,electronic,44,75,16000,
guitar_acoustic_015-090-127,guitar_acoustic_015-090-127,/root/autodl-tmp/tokenizer-eval/data/nsynth/nsynth-test/audio/guitar_acoustic_015-090-127.wav,316,guitar_acoustic_015,3,guitar,0,acoustic,90,127,16000,fast_decay|percussive|reverb
string_acoustic_014-037-050,string_acoustic_014-037-050,/root/autodl-tmp/tokenizer-eval/data/nsynth/nsynth-test/audio/string_acoustic_014-037-050.wav,100,string_acoustic_014,8,string,0,acoustic,37,50,16000,dark|reverb
brass_acoustic_046-071-025,brass_acoustic_046-071-025,/root/autodl-tmp/tokenizer-eval/data/nsynth/nsynth-test/audio/brass_acoustic_046-071-025.wav,414,brass_acoustic_046,1,brass,0,acoustic,71,25,16000,
organ_electronic_028-096-100,organ_electronic_028-096-100,/root/autodl-tmp/tokenizer-eval/data/nsynth/nsynth-test/audio/organ_electronic_028-096-100.wav,440,organ_electronic_028,6,organ,1,electronic,96,100,16000,bright
string_acoustic_071-039-127,string_acoustic_071-039-127,/root/autodl-tmp/tokenizer-eval/data/nsynth/nsynth-test/audio/string_acoustic_071-039-127.wav,609,string_acoustic_071,8,string,0,acoustic,39,127,16000,long_release|reverb
string_acoustic_014-046-100,string_acoustic_014-046-100,/root/autodl-tmp/tokenizer-eval/data/nsynth/nsynth-test/audio/string_acoustic_014-046-100.wav,100,string_acoustic_014,8,string,0,acoustic,46,100,16000,dark|reverb
bass_electronic_018-026-025,bass_electronic_018-026-025,/root/autodl-tmp/tokenizer-eval/data/nsynth/nsynth-test/audio/bass_electronic_018-026-025.wav,759,bass_electronic_018,0,bass,1,electronic,26,25,16000,
mallet_acoustic_047-086-025,mallet_acoustic_047-086-025,/root/autodl-tmp/tokenizer-eval/data/nsynth/nsynth-test/audio/mallet_acoustic_047-086-025.wav,488,mallet_acoustic_047,5,mallet,0,acoustic,86,25,16000,percussive|reverb
keyboard_electronic_069-089-025,keyboard_electronic_069-089-025,/root/autodl-tmp/tokenizer-eval/data/nsynth/nsynth-test/audio/keyboard_electronic_069-089-025.wav,805,keyboard_electronic_069,4,keyboard,1,electronic,89,25,16000,
bass_synthetic_009-035-127,bass_synthetic_009-035-127,/root/autodl-tmp/tokenizer-eval/data/nsynth/nsynth-test/audio/bass_synthetic_009-035-127.wav,150,bass_synthetic_009,0,bass,2,synthetic,35,127,16000,bright|distortion|long_release
guitar_acoustic_014-054-100,guitar_acoustic_014-054-100,/root/autodl-tmp/tokenizer-eval/data/nsynth/nsynth-test/audio/guitar_acoustic_014-054-100.wav,263,guitar_acoustic_014,3,guitar,0,acoustic,54,100,16000,
bass_synthetic_134-083-100,bass_synthetic_134-083-100,/root/autodl-tmp/tokenizer-eval/data/nsynth/nsynth-test/audio/bass_synthetic_134-083-100.wav,914,bass_synthetic_134,0,bass,2,synthetic,83,100,16000,fast_decay|percussive|reverb
string_acoustic_056-056-025,string_acoustic_056-056-025,/root/autodl-tmp/tokenizer-eval/data/nsynth/nsynth-test/audio/string_acoustic_056-056-025.wav,436,string_acoustic_056,8,string,0,acoustic,56,25,16000,fast_decay|percussive|reverb
keyboard_electronic_078-040-050,keyboard_electronic_078-040-050,/root/autodl-tmp/tokenizer-eval/data/nsynth/nsynth-test/audio/keyboard_electronic_078-040-050.wav,838,keyboard_electronic_078,4,keyboard,1,electronic,40,50,16000,bright
brass_acoustic_015-062-100,brass_acoustic_015-062-100,/root/autodl-tmp/tokenizer-eval/data/nsynth/nsynth-test/audio/brass_acoustic_015-062-100.wav,121,brass_acoustic_015,1,brass,0,acoustic,62,100,16000,reverb
guitar_acoustic_014-045-100,guitar_acoustic_014-045-100,/root/autodl-tmp/tokenizer-eval/data/nsynth/nsynth-test/audio/guitar_acoustic_014-045-100.wav,263,guitar_acoustic_014,3,guitar,0,acoustic,45,100,16000,
brass_acoustic_006-074-100,brass_acoustic_006-074-100,/root/autodl-tmp/tokenizer-eval/data/nsynth/nsynth-test/audio/brass_acoustic_006-074-100.wav,43,brass_acoustic_006,1,brass,0,acoustic,74,100,16000,reverb
keyboard_electronic_069-081-075,keyboard_electronic_069-081-075,/root/autodl-tmp/tokenizer-eval/data/nsynth/nsynth-test/audio/keyboard_electronic_069-081-075.wav,805,keyboard_electronic_069,4,keyboard,1,electronic,81,75,16000,distortion
string_acoustic_057-060-127,string_acoustic_057-060-127,/root/autodl-tmp/tokenizer-eval/data/nsynth/nsynth-test/audio/string_acoustic_057-060-127.wav,450,string_acoustic_057,8,string,0,acoustic,60,127,16000,bright|nonlinear_env|reverb
mallet_acoustic_062-049-025,mallet_acoustic_062-049-025,/root/autodl-tmp/tokenizer-eval/data/nsynth/nsynth-test/audio/mallet_acoustic_062-049-025.wav,644,mallet_acoustic_062,5,mallet,0,acoustic,49,25,16000,dark|fast_decay|multiphonic
keyboard_electronic_003-088-127,keyboard_electronic_003-088-127,/root/autodl-tmp/tokenizer-eval/data/nsynth/nsynth-test/audio/keyboard_electronic_003-088-127.wav,65,keyboard_electronic_003,4,keyboard,1,electronic,88,127,16000,
mallet_acoustic_047-073-025,mallet_acoustic_047-073-025,/root/autodl-tmp/tokenizer-eval/data/nsynth/nsynth-test/audio/mallet_acoustic_047-073-025.wav,488,mallet_acoustic_047,5,mallet,0,acoustic,73,25,16000,fast_decay|percussive|reverb
string_acoustic_056-057-127,string_acoustic_056-057-127,/root/autodl-tmp/tokenizer-eval/data/nsynth/nsynth-test/audio/string_acoustic_056-057-127.wav,436,string_acoustic_056,8,string,0,acoustic,57,127,16000,reverb
guitar_electronic_022-086-127,guitar_electronic_022-086-127,/root/autodl-tmp/tokenizer-eval/data/nsynth/nsynth-test/audio/guitar_electronic_022-086-127.wav,378,guitar_electronic_022,3,guitar,1,electronic,86,127,16000,
organ_electronic_001-090-100,organ_electronic_001-090-100,/root/autodl-tmp/tokenizer-eval/data/nsynth/nsynth-test/audio/organ_electronic_001-090-100.wav,8,organ_electronic_001,6,organ,1,electronic,90,100,16000,
string_acoustic_012-034-050,string_acoustic_012-034-050,/root/autodl-tmp/tokenizer-eval/data/nsynth/nsynth-test/audio/string_acoustic_012-034-050.wav,97,string_acoustic_012,8,string,0,acoustic,34,50,16000,long_release|reverb
organ_electronic_113-065-100,organ_electronic_113-065-100,/root/autodl-tmp/tokenizer-eval/data/nsynth/nsynth-test/audio/organ_electronic_113-065-100.wav,958,organ_electronic_113,6,organ,1,electronic,65,100,16000,
reed_acoustic_018-069-050,reed_acoustic_018-069-050,/root/autodl-tmp/tokenizer-eval/data/nsynth/nsynth-test/audio/reed_acoustic_018-069-050.wav,183,reed_acoustic_018,7,reed,0,acoustic,69,50,16000,
string_acoustic_057-077-100,string_acoustic_057-077-100,/root/autodl-tmp/tokenizer-eval/data/nsynth/nsynth-test/audio/string_acoustic_057-077-100.wav,450,string_acoustic_057,8,string,0,acoustic,77,100,16000,bright|nonlinear_env|reverb
organ_electronic_104-055-075,organ_electronic_104-055-075,/root/autodl-tmp/tokenizer-eval/data/nsynth/nsynth-test/audio/organ_electronic_104-055-075.wav,921,organ_electronic_104,6,organ,1,electronic,55,75,16000,
guitar_acoustic_030-077-100,guitar_acoustic_030-077-100,/root/autodl-tmp/tokenizer-eval/data/nsynth/nsynth-test/audio/guitar_acoustic_030-077-100.wav,642,guitar_acoustic_030,3,guitar,0,acoustic,77,100,16000,tempo-synced
bass_synthetic_134-073-075,bass_synthetic_134-073-075,/root/autodl-tmp/tokenizer-eval/data/nsynth/nsynth-test/audio/bass_synthetic_134-073-075.wav,914,bass_synthetic_134,0,bass,2,synthetic,73,75,16000,dark|fast_decay|reverb
organ_electronic_001-094-050,organ_electronic_001-094-050,/root/autodl-tmp/tokenizer-eval/data/nsynth/nsynth-test/audio/organ_electronic_001-094-050.wav,8,organ_electronic_001,6,organ,1,electronic,94,50,16000,
string_acoustic_014-062-075,string_acoustic_014-062-075,/root/autodl-tmp/tokenizer-eval/data/nsynth/nsynth-test/audio/string_acoustic_014-062-075.wav,100,string_acoustic_014,8,string,0,acoustic,62,75,16000,dark|percussive|reverb
flute_synthetic_000-052-050,flute_synthetic_000-052-050,/root/autodl-tmp/tokenizer-eval/data/nsynth/nsynth-test/audio/flute_synthetic_000-052-050.wav,82,flute_synthetic_000,2,flute,2,synthetic,52,50,16000,distortion
keyboard_electronic_098-073-127,keyboard_electronic_098-073-127,/root/autodl-tmp/tokenizer-eval/data/nsynth/nsynth-test/audio/keyboard_electronic_098-073-127.wav,905,keyboard_electronic_098,4,keyboard,1,electronic,73,127,16000,
guitar_acoustic_021-045-025,guitar_acoustic_021-045-025,/root/autodl-tmp/tokenizer-eval/data/nsynth/nsynth-test/audio/guitar_acoustic_021-045-025.wav,457,guitar_acoustic_021,3,guitar,0,acoustic,45,25,16000,
guitar_electronic_028-029-127,guitar_electronic_028-029-127,/root/autodl-tmp/tokenizer-eval/data/nsynth/nsynth-test/audio/guitar_electronic_028-029-127.wav,510,guitar_electronic_028,3,guitar,1,electronic,29,127,16000,
reed_acoustic_018-062-127,reed_acoustic_018-062-127,/root/autodl-tmp/tokenizer-eval/data/nsynth/nsynth-test/audio/reed_acoustic_018-062-127.wav,183,reed_acoustic_018,7,reed,0,acoustic,62,127,16000,
bass_synthetic_009-021-100,bass_synthetic_009-021-100,/root/autodl-tmp/tokenizer-eval/data/nsynth/nsynth-test/audio/bass_synthetic_009-021-100.wav,150,bass_synthetic_009,0,bass,2,synthetic,21,100,16000,bright|distortion|long_release
bass_synthetic_033-072-050,bass_synthetic_033-072-050,/root/autodl-tmp/tokenizer-eval/data/nsynth/nsynth-test/audio/bass_synthetic_033-072-050.wav,417,bass_synthetic_033,0,bass,2,synthetic,72,50,16000,
organ_electronic_007-010-075,organ_electronic_007-010-075,/root/autodl-tmp/tokenizer-eval/data/nsynth/nsynth-test/audio/organ_electronic_007-010-075.wav,123,organ_electronic_007,6,organ,1,electronic,10,75,16000,distortion|long_release|nonlinear_env
bass_synthetic_034-038-050,bass_synthetic_034-038-050,/root/autodl-tmp/tokenizer-eval/data/nsynth/nsynth-test/audio/bass_synthetic_034-038-050.wav,420,bass_synthetic_034,0,bass,2,synthetic,38,50,16000,distortion|tempo-synced
bass_synthetic_098-052-127,bass_synthetic_098-052-127,/root/autodl-tmp/tokenizer-eval/data/nsynth/nsynth-test/audio/bass_synthetic_098-052-127.wav,803,bass_synthetic_098,0,bass,2,synthetic,52,127,16000,distortion
organ_electronic_028-079-100,organ_electronic_028-079-100,/root/autodl-tmp/tokenizer-eval/data/nsynth/nsynth-test/audio/organ_electronic_028-079-100.wav,440,organ_electronic_028,6,organ,1,electronic,79,100,16000,
flute_synthetic_000-105-100,flute_synthetic_000-105-100,/root/autodl-tmp/tokenizer-eval/data/nsynth/nsynth-test/audio/flute_synthetic_000-105-100.wav,82,flute_synthetic_000,2,flute,2,synthetic,105,100,16000,bright|distortion
bass_synthetic_098-106-050,bass_synthetic_098-106-050,/root/autodl-tmp/tokenizer-eval/data/nsynth/nsynth-test/audio/bass_synthetic_098-106-050.wav,803,bass_synthetic_098,0,bass,2,synthetic,106,50,16000,
vocal_synthetic_003-108-075,vocal_synthetic_003-108-075,/root/autodl-tmp/tokenizer-eval/data/nsynth/nsynth-test/audio/vocal_synthetic_003-108-075.wav,37,vocal_synthetic_003,10,vocal,2,synthetic,108,75,16000,bright|distortion|long_release|nonlinear_env
flute_synthetic_000-028-075,flute_synthetic_000-028-075,/root/autodl-tmp/tokenizer-eval/data/nsynth/nsynth-test/audio/flute_synthetic_000-028-075.wav,82,flute_synthetic_000,2,flute,2,synthetic,28,75,16000,distortion
vocal_synthetic_003-045-050,vocal_synthetic_003-045-050,/root/autodl-tmp/tokenizer-eval/data/nsynth/nsynth-test/audio/vocal_synthetic_003-045-050.wav,37,vocal_synthetic_003,10,vocal,2,synthetic,45,50,16000,distortion|long_release|nonlinear_env
guitar_electronic_022-060-075,guitar_electronic_022-060-075,/root/autodl-tmp/tokenizer-eval/data/nsynth/nsynth-test/audio/guitar_electronic_022-060-075.wav,378,guitar_electronic_022,3,guitar,1,electronic,60,75,16000,dark
vocal_synthetic_003-027-075,vocal_synthetic_003-027-075,/root/autodl-tmp/tokenizer-eval/data/nsynth/nsynth-test/audio/vocal_synthetic_003-027-075.wav,37,vocal_synthetic_003,10,vocal,2,synthetic,27,75,16000,distortion|long_release|nonlinear_env
organ_electronic_001-057-050,organ_electronic_001-057-050,/root/autodl-tmp/tokenizer-eval/data/nsynth/nsynth-test/audio/organ_electronic_001-057-050.wav,8,organ_electronic_001,6,organ,1,electronic,57,50,16000,dark
mallet_acoustic_056-077-025,mallet_acoustic_056-077-025,/root/autodl-tmp/tokenizer-eval/data/nsynth/nsynth-test/audio/mallet_acoustic_056-077-025.wav,590,mallet_acoustic_056,5,mallet,0,acoustic,77,25,16000,fast_decay
mallet_acoustic_062-066-100,mallet_acoustic_062-066-100,/root/autodl-tmp/tokenizer-eval/data/nsynth/nsynth-test/audio/mallet_acoustic_062-066-100.wav,644,mallet_acoustic_062,5,mallet,0,acoustic,66,100,16000,dark|multiphonic
reed_acoustic_018-072-075,reed_acoustic_018-072-075,/root/autodl-tmp/tokenizer-eval/data/nsynth/nsynth-test/audio/reed_acoustic_018-072-075.wav,183,reed_acoustic_018,7,reed,0,acoustic,72,75,16000,
bass_synthetic_098-035-127,bass_synthetic_098-035-127,/root/autodl-tmp/tokenizer-eval/data/nsynth/nsynth-test/audio/bass_synthetic_098-035-127.wav,803,bass_synthetic_098,0,bass,2,synthetic,35,127,16000,distortion
mallet_acoustic_047-100-127,mallet_acoustic_047-100-127,/root/autodl-tmp/tokenizer-eval/data/nsynth/nsynth-test/audio/mallet_acoustic_047-100-127.wav,488,mallet_acoustic_047,5,mallet,0,acoustic,100,127,16000,fast_decay|percussive|reverb
guitar_acoustic_010-108-050,guitar_acoustic_010-108-050,/root/autodl-tmp/tokenizer-eval/data/nsynth/nsynth-test/audio/guitar_acoustic_010-108-050.wav,219,guitar_acoustic_010,3,guitar,0,acoustic,108,50,16000,bright|fast_decay|percussive
reed_acoustic_023-083-050,reed_acoustic_023-083-050,/root/autodl-tmp/tokenizer-eval/data/nsynth/nsynth-test/audio/reed_acoustic_023-083-050.wav,224,reed_acoustic_023,7,reed,0,acoustic,83,50,16000,bright|fast_decay|multiphonic|nonlinear_env
keyboard_electronic_078-052-127,keyboard_electronic_078-052-127,/root/autodl-tmp/tokenizer-eval/data/nsynth/nsynth-test/audio/keyboard_electronic_078-052-127.wav,838,keyboard_electronic_078,4,keyboard,1,electronic,52,127,16000,bright
organ_electronic_001-053-025,organ_electronic_001-053-025,/root/autodl-tmp/tokenizer-eval/data/nsynth/nsynth-test/audio/organ_electronic_001-053-025.wav,8,organ_electronic_001,6,organ,1,electronic,53,25,16000,dark
organ_electronic_007-068-050,organ_electronic_007-068-050,/root/autodl-tmp/tokenizer-eval/data/nsynth/nsynth-test/audio/organ_electronic_007-068-050.wav,123,organ_electronic_007,6,organ,1,electronic,68,50,16000,distortion|long_release|nonlinear_env
bass_synthetic_135-095-100,bass_synthetic_135-095-100,/root/autodl-tmp/tokenizer-eval/data/nsynth/nsynth-test/audio/bass_synthetic_135-095-100.wav,927,bass_synthetic_135,0,bass,2,synthetic,95,100,16000,distortion
reed_acoustic_018-073-100,reed_acoustic_018-073-100,/root/autodl-tmp/tokenizer-eval/data/nsynth/nsynth-test/audio/reed_acoustic_018-073-100.wav,183,reed_acoustic_018,7,reed,0,acoustic,73,100,16000,
brass_acoustic_059-051-025,brass_acoustic_059-051-025,/root/autodl-tmp/tokenizer-eval/data/nsynth/nsynth-test/audio/brass_acoustic_059-051-025.wav,572,brass_acoustic_059,1,brass,0,acoustic,51,25,16000,dark|reverb
flute_synthetic_000-036-100,flute_synthetic_000-036-100,/root/autodl-tmp/tokenizer-eval/data/nsynth/nsynth-test/audio/flute_synthetic_000-036-100.wav,82,flute_synthetic_000,2,flute,2,synthetic,36,100,16000,distortion
guitar_acoustic_015-104-050,guitar_acoustic_015-104-050,/root/autodl-tmp/tokenizer-eval/data/nsynth/nsynth-test/audio/guitar_acoustic_015-104-050.wav,316,guitar_acoustic_015,3,guitar,0,acoustic,104,50,16000,fast_decay|percussive|reverb
guitar_electronic_022-059-050,guitar_electronic_022-059-050,/root/autodl-tmp/tokenizer-eval/data/nsynth/nsynth-test/audio/guitar_electronic_022-059-050.wav,378,guitar_electronic_022,3,guitar,1,electronic,59,50,16000,dark
brass_acoustic_015-065-100,brass_acoustic_015-065-100,/root/autodl-tmp/tokenizer-eval/data/nsynth/nsynth-test/audio/brass_acoustic_015-065-100.wav,121,brass_acoustic_015,1,brass,0,acoustic,65,100,16000,reverb
organ_electronic_113-025-025,organ_electronic_113-025-025,/root/autodl-tmp/tokenizer-eval/data/nsynth/nsynth-test/audio/organ_electronic_113-025-025.wav,958,organ_electronic_113,6,organ,1,electronic,25,25,16000,dark
mallet_acoustic_047-065-025,mallet_acoustic_047-065-025,/root/autodl-tmp/tokenizer-eval/data/nsynth/nsynth-test/audio/mallet_acoustic_047-065-025.wav,488,mallet_acoustic_047,5,mallet,0,acoustic,65,25,16000,fast_decay|percussive|reverb
organ_electronic_001-045-050,organ_electronic_001-045-050,/root/autodl-tmp/tokenizer-eval/data/nsynth/nsynth-test/audio/organ_electronic_001-045-050.wav,8,organ_electronic_001,6,organ,1,electronic,45,50,16000,dark
keyboard_acoustic_004-092-025,keyboard_acoustic_004-092-025,/root/autodl-tmp/tokenizer-eval/data/nsynth/nsynth-test/audio/keyboard_acoustic_004-092-025.wav,327,keyboard_acoustic_004,4,keyboard,0,acoustic,92,25,16000,dark|reverb
guitar_acoustic_010-083-025,guitar_acoustic_010-083-025,/root/autodl-tmp/tokenizer-eval/data/nsynth/nsynth-test/audio/guitar_acoustic_010-083-025.wav,219,guitar_acoustic_010,3,guitar,0,acoustic,83,25,16000,
flute_acoustic_002-099-050,flute_acoustic_002-099-050,/root/autodl-tmp/tokenizer-eval/data/nsynth/nsynth-test/audio/flute_acoustic_002-099-050.wav,86,flute_acoustic_002,2,flute,0,acoustic,99,50,16000,bright|reverb
bass_synthetic_134-093-075,bass_synthetic_134-093-075,/root/autodl-tmp/tokenizer-eval/data/nsynth/nsynth-test/audio/bass_synthetic_134-093-075.wav,914,bass_synthetic_134,0,bass,2,synthetic,93,75,16000,fast_decay|percussive|reverb
mallet_acoustic_047-093-100,mallet_acoustic_047-093-100,/root/autodl-tmp/tokenizer-eval/data/nsynth/nsynth-test/audio/mallet_acoustic_047-093-100.wav,488,mallet_acoustic_047,5,mallet,0,acoustic,93,100,16000,fast_decay|percussive|reverb
organ_electronic_007-089-100,organ_electronic_007-089-100,/root/autodl-tmp/tokenizer-eval/data/nsynth/nsynth-test/audio/organ_electronic_007-089-100.wav,123,organ_electronic_007,6,organ,1,electronic,89,100,16000,long_release|nonlinear_env
vocal_synthetic_003-076-075,vocal_synthetic_003-076-075,/root/autodl-tmp/tokenizer-eval/data/nsynth/nsynth-test/audio/vocal_synthetic_003-076-075.wav,37,vocal_synthetic_003,10,vocal,2,synthetic,76,75,16000,bright|distortion|long_release|nonlinear_env
vocal_acoustic_000-057-025,vocal_acoustic_000-057-025,/root/autodl-tmp/tokenizer-eval/data/nsynth/nsynth-test/audio/vocal_acoustic_000-057-025.wav,46,vocal_acoustic_000,10,vocal,0,acoustic,57,25,16000,reverb
bass_synthetic_135-069-025,bass_synthetic_135-069-025,/root/autodl-tmp/tokenizer-eval/data/nsynth/nsynth-test/audio/bass_synthetic_135-069-025.wav,927,bass_synthetic_135,0,bass,2,synthetic,69,25,16000,distortion
brass_acoustic_006-063-127,brass_acoustic_006-063-127,/root/autodl-tmp/tokenizer-eval/data/nsynth/nsynth-test/audio/brass_acoustic_006-063-127.wav,43,brass_acoustic_006,1,brass,0,acoustic,63,127,16000,reverb
keyboard_acoustic_004-069-100,keyboard_acoustic_004-069-100,/root/autodl-tmp/tokenizer-eval/data/nsynth/nsynth-test/audio/keyboard_acoustic_004-069-100.wav,327,keyboard_acoustic_004,4,keyboard,0,acoustic,69,100,16000,reverb
flute_synthetic_000-052-025,flute_synthetic_000-052-025,/root/autodl-tmp/tokenizer-eval/data/nsynth/nsynth-test/audio/flute_synthetic_000-052-025.wav,82,flute_synthetic_000,2,flute,2,synthetic,52,25,16000,distortion
keyboard_synthetic_000-082-025,keyboard_synthetic_000-082-025,/root/autodl-tmp/tokenizer-eval/data/nsynth/nsynth-test/audio/keyboard_synthetic_000-082-025.wav,577,keyboard_synthetic_000,4,keyboard,2,synthetic,82,25,16000,distortion|fast_decay|nonlinear_env
flute_synthetic_000-048-127,flute_synthetic_000-048-127,/root/autodl-tmp/tokenizer-eval/data/nsynth/nsynth-test/audio/flute_synthetic_000-048-127.wav,82,flute_synthetic_000,2,flute,2,synthetic,48,127,16000,distortion
brass_acoustic_046-079-100,brass_acoustic_046-079-100,/root/autodl-tmp/tokenizer-eval/data/nsynth/nsynth-test/audio/brass_acoustic_046-079-100.wav,414,brass_acoustic_046,1,brass,0,acoustic,79,100,16000,
mallet_acoustic_056-082-100,mallet_acoustic_056-082-100,/root/autodl-tmp/tokenizer-eval/data/nsynth/nsynth-test/audio/mallet_acoustic_056-082-100.wav,590,mallet_acoustic_056,5,mallet,0,acoustic,82,100,16000,fast_decay
bass_synthetic_134-065-127,bass_synthetic_134-065-127,/root/autodl-tmp/tokenizer-eval/data/nsynth/nsynth-test/audio/bass_synthetic_134-065-127.wav,914,bass_synthetic_134,0,bass,2,synthetic,65,127,16000,dark|fast_decay|reverb
bass_synthetic_068-056-075,bass_synthetic_068-056-075,/root/autodl-tmp/tokenizer-eval/data/nsynth/nsynth-test/audio/bass_synthetic_068-056-075.wav,656,bass_synthetic_068,0,bass,2,synthetic,56,75,16000,dark
brass_acoustic_016-055-050,brass_acoustic_016-055-050,/root/autodl-tmp/tokenizer-eval/data/nsynth/nsynth-test/audio/brass_acoustic_016-055-050.wav,128,brass_acoustic_016,1,brass,0,acoustic,55,50,16000,
vocal_synthetic_003-064-025,vocal_synthetic_003-064-025,/root/autodl-tmp/tokenizer-eval/data/nsynth/nsynth-test/audio/vocal_synthetic_003-064-025.wav,37,vocal_synthetic_003,10,vocal,2,synthetic,64,25,16000,bright|distortion|long_release|nonlinear_env
bass_synthetic_135-049-127,bass_synthetic_135-049-127,/root/autodl-tmp/tokenizer-eval/data/nsynth/nsynth-test/audio/bass_synthetic_135-049-127.wav,927,bass_synthetic_135,0,bass,2,synthetic,49,127,16000,distortion
bass_synthetic_034-080-127,bass_synthetic_034-080-127,/root/autodl-tmp/tokenizer-eval/data/nsynth/nsynth-test/audio/bass_synthetic_034-080-127.wav,420,bass_synthetic_034,0,bass,2,synthetic,80,127,16000,bright|distortion|tempo-synced
keyboard_synthetic_000-064-025,keyboard_synthetic_000-064-025,/root/autodl-tmp/tokenizer-eval/data/nsynth/nsynth-test/audio/keyboard_synthetic_000-064-025.wav,577,keyboard_synthetic_000,4,keyboard,2,synthetic,64,25,16000,distortion|fast_decay|nonlinear_env
keyboard_electronic_003-039-050,keyboard_electronic_003-039-050,/root/autodl-tmp/tokenizer-eval/data/nsynth/nsynth-test/audio/keyboard_electronic_003-039-050.wav,65,keyboard_electronic_003,4,keyboard,1,electronic,39,50,16000,dark
flute_synthetic_000-100-075,flute_synthetic_000-100-075,/root/autodl-tmp/tokenizer-eval/data/nsynth/nsynth-test/audio/flute_synthetic_000-100-075.wav,82,flute_synthetic_000,2,flute,2,synthetic,100,75,16000,bright|distortion
brass_acoustic_016-064-100,brass_acoustic_016-064-100,/root/autodl-tmp/tokenizer-eval/data/nsynth/nsynth-test/audio/brass_acoustic_016-064-100.wav,128,brass_acoustic_016,1,brass,0,acoustic,64,100,16000,bright
brass_acoustic_006-067-100,brass_acoustic_006-067-100,/root/autodl-tmp/tokenizer-eval/data/nsynth/nsynth-test/audio/brass_acoustic_006-067-100.wav,43,brass_acoustic_006,1,brass,0,acoustic,67,100,16000,reverb
string_acoustic_056-065-127,string_acoustic_056-065-127,/root/autodl-tmp/tokenizer-eval/data/nsynth/nsynth-test/audio/string_acoustic_056-065-127.wav,436,string_acoustic_056,8,string,0,acoustic,65,127,16000,fast_decay|reverb
brass_acoustic_046-096-127,brass_acoustic_046-096-127,/root/autodl-tmp/tokenizer-eval/data/nsynth/nsynth-test/audio/brass_acoustic_046-096-127.wav,414,brass_acoustic_046,1,brass,0,acoustic,96,127,16000,long_release
mallet_acoustic_062-090-100,mallet_acoustic_062-090-100,/root/autodl-tmp/tokenizer-eval/data/nsynth/nsynth-test/audio/mallet_acoustic_062-090-100.wav,644,mallet_acoustic_062,5,mallet,0,acoustic,90,100,16000,multiphonic
organ_electronic_007-059-075,organ_electronic_007-059-075,/root/autodl-tmp/tokenizer-eval/data/nsynth/nsynth-test/audio/organ_electronic_007-059-075.wav,123,organ_electronic_007,6,organ,1,electronic,59,75,16000,distortion|long_release|nonlinear_env
string_acoustic_056-065-100,string_acoustic_056-065-100,/root/autodl-tmp/tokenizer-eval/data/nsynth/nsynth-test/audio/string_acoustic_056-065-100.wav,436,string_acoustic_056,8,string,0,acoustic,65,100,16000,fast_decay|reverb
string_acoustic_080-035-025,string_acoustic_080-035-025,/root/autodl-tmp/tokenizer-eval/data/nsynth/nsynth-test/audio/string_acoustic_080-035-025.wav,675,string_acoustic_080,8,string,0,acoustic,35,25,16000,long_release|reverb
keyboard_electronic_069-077-100,keyboard_electronic_069-077-100,/root/autodl-tmp/tokenizer-eval/data/nsynth/nsynth-test/audio/keyboard_electronic_069-077-100.wav,805,keyboard_electronic_069,4,keyboard,1,electronic,77,100,16000,distortion
bass_electronic_027-044-100,bass_electronic_027-044-100,/root/autodl-tmp/tokenizer-eval/data/nsynth/nsynth-test/audio/bass_electronic_027-044-100.wav,880,bass_electronic_027,0,bass,1,electronic,44,100,16000,
organ_electronic_057-040-025,organ_electronic_057-040-025,/root/autodl-tmp/tokenizer-eval/data/nsynth/nsynth-test/audio/organ_electronic_057-040-025.wav,701,organ_electronic_057,6,organ,1,electronic,40,25,16000,dark
bass_synthetic_009-096-025,bass_synthetic_009-096-025,/root/autodl-tmp/tokenizer-eval/data/nsynth/nsynth-test/audio/bass_synthetic_009-096-025.wav,150,bass_synthetic_009,0,bass,2,synthetic,96,25,16000,long_release
keyboard_electronic_002-064-025,keyboard_electronic_002-064-025,/root/autodl-tmp/tokenizer-eval/data/nsynth/nsynth-test/audio/keyboard_electronic_002-064-025.wav,50,keyboard_electronic_002,4,keyboard,1,electronic,64,25,16000,
reed_acoustic_023-060-127,reed_acoustic_023-060-127,/root/autodl-tmp/tokenizer-eval/data/nsynth/nsynth-test/audio/reed_acoustic_023-060-127.wav,224,reed_acoustic_023,7,reed,0,acoustic,60,127,16000,bright|fast_decay|multiphonic|nonlinear_env
keyboard_acoustic_004-068-075,keyboard_acoustic_004-068-075,/root/autodl-tmp/tokenizer-eval/data/nsynth/nsynth-test/audio/keyboard_acoustic_004-068-075.wav,327,keyboard_acoustic_004,4,keyboard,0,acoustic,68,75,16000,reverb
string_acoustic_057-090-025,string_acoustic_057-090-025,/root/autodl-tmp/tokenizer-eval/data/nsynth/nsynth-test/audio/string_acoustic_057-090-025.wav,450,string_acoustic_057,8,string,0,acoustic,90,25,16000,bright|nonlinear_env|reverb
bass_electronic_018-032-127,bass_electronic_018-032-127,/root/autodl-tmp/tokenizer-eval/data/nsynth/nsynth-test/audio/bass_electronic_018-032-127.wav,759,bass_electronic_018,0,bass,1,electronic,32,127,16000,
organ_electronic_007-053-050,organ_electronic_007-053-050,/root/autodl-tmp/tokenizer-eval/data/nsynth/nsynth-test/audio/organ_electronic_007-053-050.wav,123,organ_electronic_007,6,organ,1,electronic,53,50,16000,distortion|long_release|nonlinear_env
guitar_acoustic_015-043-127,guitar_acoustic_015-043-127,/root/autodl-tmp/tokenizer-eval/data/nsynth/nsynth-test/audio/guitar_acoustic_015-043-127.wav,316,guitar_acoustic_015,3,guitar,0,acoustic,43,127,16000,long_release|reverb
string_acoustic_056-072-100,string_acoustic_056-072-100,/root/autodl-tmp/tokenizer-eval/data/nsynth/nsynth-test/audio/string_acoustic_056-072-100.wav,436,string_acoustic_056,8,string,0,acoustic,72,100,16000,fast_decay|percussive|reverb
reed_acoustic_023-069-075,reed_acoustic_023-069-075,/root/autodl-tmp/tokenizer-eval/data/nsynth/nsynth-test/audio/reed_acoustic_023-069-075.wav,224,reed_acoustic_023,7,reed,0,acoustic,69,75,16000,bright|fast_decay|multiphonic|nonlinear_env
bass_synthetic_009-060-100,bass_synthetic_009-060-100,/root/autodl-tmp/tokenizer-eval/data/nsynth/nsynth-test/audio/bass_synthetic_009-060-100.wav,150,bass_synthetic_009,0,bass,2,synthetic,60,100,16000,bright|distortion|long_release
organ_electronic_028-042-100,organ_electronic_028-042-100,/root/autodl-tmp/tokenizer-eval/data/nsynth/nsynth-test/audio/organ_electronic_028-042-100.wav,440,organ_electronic_028,6,organ,1,electronic,42,100,16000,dark
organ_electronic_007-058-025,organ_electronic_007-058-025,/root/autodl-tmp/tokenizer-eval/data/nsynth/nsynth-test/audio/organ_electronic_007-058-025.wav,123,organ_electronic_007,6,organ,1,electronic,58,25,16000,distortion|long_release|nonlinear_env
guitar_acoustic_010-063-127,guitar_acoustic_010-063-127,/root/autodl-tmp/tokenizer-eval/data/nsynth/nsynth-test/audio/guitar_acoustic_010-063-127.wav,219,guitar_acoustic_010,3,guitar,0,acoustic,63,127,16000,
string_acoustic_080-035-100,string_acoustic_080-035-100,/root/autodl-tmp/tokenizer-eval/data/nsynth/nsynth-test/audio/string_acoustic_080-035-100.wav,675,string_acoustic_080,8,string,0,acoustic,35,100,16000,long_release|reverb
bass_synthetic_135-084-075,bass_synthetic_135-084-075,/root/autodl-tmp/tokenizer-eval/data/nsynth/nsynth-test/audio/bass_synthetic_135-084-075.wav,927,bass_synthetic_135,0,bass,2,synthetic,84,75,16000,distortion
flute_acoustic_002-071-127,flute_acoustic_002-071-127,/root/autodl-tmp/tokenizer-eval/data/nsynth/nsynth-test/audio/flute_acoustic_002-071-127.wav,86,flute_acoustic_002,2,flute,0,acoustic,71,127,16000,long_release|reverb
brass_acoustic_046-086-050,brass_acoustic_046-086-050,/root/autodl-tmp/tokenizer-eval/data/nsynth/nsynth-test/audio/brass_acoustic_046-086-050.wav,414,brass_acoustic_046,1,brass,0,acoustic,86,50,16000,long_release
keyboard_electronic_001-027-050,keyboard_electronic_001-027-050,/root/autodl-tmp/tokenizer-eval/data/nsynth/nsynth-test/audio/keyboard_electronic_001-027-050.wav,40,keyboard_electronic_001,4,keyboard,1,electronic,27,50,16000,dark
mallet_acoustic_047-066-025,mallet_acoustic_047-066-025,/root/autodl-tmp/tokenizer-eval/data/nsynth/nsynth-test/audio/mallet_acoustic_047-066-025.wav,488,mallet_acoustic_047,5,mallet,0,acoustic,66,25,16000,fast_decay|percussive|reverb
brass_acoustic_006-079-025,brass_acoustic_006-079-025,/root/autodl-tmp/tokenizer-eval/data/nsynth/nsynth-test/audio/brass_acoustic_006-079-025.wav,43,brass_acoustic_006,1,brass,0,acoustic,79,25,16000,reverb
organ_electronic_113-048-075,organ_electronic_113-048-075,/root/autodl-tmp/tokenizer-eval/data/nsynth/nsynth-test/audio/organ_electronic_113-048-075.wav,958,organ_electronic_113,6,organ,1,electronic,48,75,16000,dark
string_acoustic_057-061-050,string_acoustic_057-061-050,/root/autodl-tmp/tokenizer-eval/data/nsynth/nsynth-test/audio/string_acoustic_057-061-050.wav,450,string_acoustic_057,8,string,0,acoustic,61,50,16000,bright|nonlinear_env|reverb
bass_synthetic_134-032-127,bass_synthetic_134-032-127,/root/autodl-tmp/tokenizer-eval/data/nsynth/nsynth-test/audio/bass_synthetic_134-032-127.wav,914,bass_synthetic_134,0,bass,2,synthetic,32,127,16000,dark|reverb
guitar_acoustic_014-054-127,guitar_acoustic_014-054-127,/root/autodl-tmp/tokenizer-eval/data/nsynth/nsynth-test/audio/guitar_acoustic_014-054-127.wav,263,guitar_acoustic_014,3,guitar,0,acoustic,54,127,16000,
organ_electronic_113-078-025,organ_electronic_113-078-025,/root/autodl-tmp/tokenizer-eval/data/nsynth/nsynth-test/audio/organ_electronic_113-078-025.wav,958,organ_electronic_113,6,organ,1,electronic,78,25,16000,
string_acoustic_014-036-100,string_acoustic_014-036-100,/root/autodl-tmp/tokenizer-eval/data/nsynth/nsynth-test/audio/string_acoustic_014-036-100.wav,100,string_acoustic_014,8,string,0,acoustic,36,100,16000,dark|reverb
bass_electronic_027-046-100,bass_electronic_027-046-100,/root/autodl-tmp/tokenizer-eval/data/nsynth/nsynth-test/audio/bass_electronic_027-046-100.wav,880,bass_electronic_027,0,bass,1,electronic,46,100,16000,
string_acoustic_014-054-127,string_acoustic_014-054-127,/root/autodl-tmp/tokenizer-eval/data/nsynth/nsynth-test/audio/string_acoustic_014-054-127.wav,100,string_acoustic_014,8,string,0,acoustic,54,127,16000,dark|reverb
keyboard_acoustic_004-087-025,keyboard_acoustic_004-087-025,/root/autodl-tmp/tokenizer-eval/data/nsynth/nsynth-test/audio/keyboard_acoustic_004-087-025.wav,327,keyboard_acoustic_004,4,keyboard,0,acoustic,87,25,16000,dark|reverb
organ_electronic_104-067-100,organ_electronic_104-067-100,/root/autodl-tmp/tokenizer-eval/data/nsynth/nsynth-test/audio/organ_electronic_104-067-100.wav,921,organ_electronic_104,6,organ,1,electronic,67,100,16000,
keyboard_electronic_003-095-100,keyboard_electronic_003-095-100,/root/autodl-tmp/tokenizer-eval/data/nsynth/nsynth-test/audio/keyboard_electronic_003-095-100.wav,65,keyboard_electronic_003,4,keyboard,1,electronic,95,100,16000,percussive
mallet_acoustic_062-045-075,mallet_acoustic_062-045-075,/root/autodl-tmp/tokenizer-eval/data/nsynth/nsynth-test/audio/mallet_acoustic_062-045-075.wav,644,mallet_acoustic_062,5,mallet,0,acoustic,45,75,16000,dark|multiphonic
reed_acoustic_011-053-100,reed_acoustic_011-053-100,/root/autodl-tmp/tokenizer-eval/data/nsynth/nsynth-test/audio/reed_acoustic_011-053-100.wav,104,reed_acoustic_011,7,reed,0,acoustic,53,100,16000,bright
vocal_synthetic_003-033-050,vocal_synthetic_003-033-050,/root/autodl-tmp/tokenizer-eval/data/nsynth/nsynth-test/audio/vocal_synthetic_003-033-050.wav,37,vocal_synthetic_003,10,vocal,2,synthetic,33,50,16000,distortion|long_release|nonlinear_env
guitar_acoustic_030-098-100,guitar_acoustic_030-098-100,/root/autodl-tmp/tokenizer-eval/data/nsynth/nsynth-test/audio/guitar_acoustic_030-098-100.wav,642,guitar_acoustic_030,3,guitar,0,acoustic,98,100,16000,tempo-synced
string_acoustic_057-077-075,string_acoustic_057-077-075,/root/autodl-tmp/tokenizer-eval/data/nsynth/nsynth-test/audio/string_acoustic_057-077-075.wav,450,string_acoustic_057,8,string,0,acoustic,77,75,16000,bright|nonlinear_env|reverb
keyboard_electronic_003-053-100,keyboard_electronic_003-053-100,/root/autodl-tmp/tokenizer-eval/data/nsynth/nsynth-test/audio/keyboard_electronic_003-053-100.wav,65,keyboard_electronic_003,4,keyboard,1,electronic,53,100,16000,
string_acoustic_014-059-075,string_acoustic_014-059-075,/root/autodl-tmp/tokenizer-eval/data/nsynth/nsynth-test/audio/string_acoustic_014-059-075.wav,100,string_acoustic_014,8,string,0,acoustic,59,75,16000,dark|reverb
string_acoustic_080-025-100,string_acoustic_080-025-100,/root/autodl-tmp/tokenizer-eval/data/nsynth/nsynth-test/audio/string_acoustic_080-025-100.wav,675,string_acoustic_080,8,string,0,acoustic,25,100,16000,long_release|reverb
keyboard_electronic_098-093-025,keyboard_electronic_098-093-025,/root/autodl-tmp/tokenizer-eval/data/nsynth/nsynth-test/audio/keyboard_electronic_098-093-025.wav,905,keyboard_electronic_098,4,keyboard,1,electronic,93,25,16000,fast_decay|percussive
bass_synthetic_135-077-050,bass_synthetic_135-077-050,/root/autodl-tmp/tokenizer-eval/data/nsynth/nsynth-test/audio/bass_synthetic_135-077-050.wav,927,bass_synthetic_135,0,bass,2,synthetic,77,50,16000,distortion
organ_electronic_104-046-100,organ_electronic_104-046-100,/root/autodl-tmp/tokenizer-eval/data/nsynth/nsynth-test/audio/organ_electronic_104-046-100.wav,921,organ_electronic_104,6,organ,1,electronic,46,100,16000,
vocal_synthetic_003-070-127,vocal_synthetic_003-070-127,/root/autodl-tmp/tokenizer-eval/data/nsynth/nsynth-test/audio/vocal_synthetic_003-070-127.wav,37,vocal_synthetic_003,10,vocal,2,synthetic,70,127,16000,bright|distortion|long_release|nonlinear_env
organ_electronic_028-028-075,organ_electronic_028-028-075,/root/autodl-tmp/tokenizer-eval/data/nsynth/nsynth-test/audio/organ_electronic_028-028-075.wav,440,organ_electronic_028,6,organ,1,electronic,28,75,16000,dark
organ_electronic_057-079-075,organ_electronic_057-079-075,/root/autodl-tmp/tokenizer-eval/data/nsynth/nsynth-test/audio/organ_electronic_057-079-075.wav,701,organ_electronic_057,6,organ,1,electronic,79,75,16000,
bass_electronic_025-048-050,bass_electronic_025-048-050,/root/autodl-tmp/tokenizer-eval/data/nsynth/nsynth-test/audio/bass_electronic_025-048-050.wav,872,bass_electronic_025,0,bass,1,electronic,48,50,16000,
brass_acoustic_006-065-127,brass_acoustic_006-065-127,/root/autodl-tmp/tokenizer-eval/data/nsynth/nsynth-test/audio/brass_acoustic_006-065-127.wav,43,brass_acoustic_006,1,brass,0,acoustic,65,127,16000,reverb
bass_synthetic_098-077-025,bass_synthetic_098-077-025,/root/autodl-tmp/tokenizer-eval/data/nsynth/nsynth-test/audio/bass_synthetic_098-077-025.wav,803,bass_synthetic_098,0,bass,2,synthetic,77,25,16000,
string_acoustic_057-084-127,string_acoustic_057-084-127,/root/autodl-tmp/tokenizer-eval/data/nsynth/nsynth-test/audio/string_acoustic_057-084-127.wav,450,string_acoustic_057,8,string,0,acoustic,84,127,16000,bright|nonlinear_env|reverb
string_acoustic_056-061-075,string_acoustic_056-061-075,/root/autodl-tmp/tokenizer-eval/data/nsynth/nsynth-test/audio/string_acoustic_056-061-075.wav,436,string_acoustic_056,8,string,0,acoustic,61,75,16000,fast_decay|reverb
mallet_acoustic_056-083-127,mallet_acoustic_056-083-127,/root/autodl-tmp/tokenizer-eval/data/nsynth/nsynth-test/audio/mallet_acoustic_056-083-127.wav,590,mallet_acoustic_056,5,mallet,0,acoustic,83,127,16000,fast_decay
guitar_acoustic_015-060-025,guitar_acoustic_015-060-025,/root/autodl-tmp/tokenizer-eval/data/nsynth/nsynth-test/audio/guitar_acoustic_015-060-025.wav,316,guitar_acoustic_015,3,guitar,0,acoustic,60,25,16000,reverb
string_acoustic_056-054-050,string_acoustic_056-054-050,/root/autodl-tmp/tokenizer-eval/data/nsynth/nsynth-test/audio/string_acoustic_056-054-050.wav,436,string_acoustic_056,8,string,0,acoustic,54,50,16000,fast_decay|percussive|reverb
guitar_electronic_028-108-127,guitar_electronic_028-108-127,/root/autodl-tmp/tokenizer-eval/data/nsynth/nsynth-test/audio/guitar_electronic_028-108-127.wav,510,guitar_electronic_028,3,guitar,1,electronic,108,127,16000,bright
string_acoustic_056-055-025,string_acoustic_056-055-025,/root/autodl-tmp/tokenizer-eval/data/nsynth/nsynth-test/audio/string_acoustic_056-055-025.wav,436,string_acoustic_056,8,string,0,acoustic,55,25,16000,fast_decay|percussive|reverb
brass_acoustic_006-056-127,brass_acoustic_006-056-127,/root/autodl-tmp/tokenizer-eval/data/nsynth/nsynth-test/audio/brass_acoustic_006-056-127.wav,43,brass_acoustic_006,1,brass,0,acoustic,56,127,16000,reverb
mallet_acoustic_056-072-025,mallet_acoustic_056-072-025,/root/autodl-tmp/tokenizer-eval/data/nsynth/nsynth-test/audio/mallet_acoustic_056-072-025.wav,590,mallet_acoustic_056,5,mallet,0,acoustic,72,25,16000,fast_decay
bass_synthetic_098-040-127,bass_synthetic_098-040-127,/root/autodl-tmp/tokenizer-eval/data/nsynth/nsynth-test/audio/bass_synthetic_098-040-127.wav,803,bass_synthetic_098,0,bass,2,synthetic,40,127,16000,distortion
string_acoustic_056-055-100,string_acoustic_056-055-100,/root/autodl-tmp/tokenizer-eval/data/nsynth/nsynth-test/audio/string_acoustic_056-055-100.wav,436,string_acoustic_056,8,string,0,acoustic,55,100,16000,fast_decay|percussive|reverb
reed_acoustic_037-044-075,reed_acoustic_037-044-075,/root/autodl-tmp/tokenizer-eval/data/nsynth/nsynth-test/audio/reed_acoustic_037-044-075.wav,387,reed_acoustic_037,7,reed,0,acoustic,44,75,16000,reverb
vocal_synthetic_003-079-050,vocal_synthetic_003-079-050,/root/autodl-tmp/tokenizer-eval/data/nsynth/nsynth-test/audio/vocal_synthetic_003-079-050.wav,37,vocal_synthetic_003,10,vocal,2,synthetic,79,50,16000,bright|distortion|long_release|nonlinear_env
guitar_acoustic_010-098-050,guitar_acoustic_010-098-050,/root/autodl-tmp/tokenizer-eval/data/nsynth/nsynth-test/audio/guitar_acoustic_010-098-050.wav,219,guitar_acoustic_010,3,guitar,0,acoustic,98,50,16000,
bass_synthetic_134-078-025,bass_synthetic_134-078-025,/root/autodl-tmp/tokenizer-eval/data/nsynth/nsynth-test/audio/bass_synthetic_134-078-025.wav,914,bass_synthetic_134,0,bass,2,synthetic,78,25,16000,fast_decay|reverb
organ_electronic_007-028-100,organ_electronic_007-028-100,/root/autodl-tmp/tokenizer-eval/data/nsynth/nsynth-test/audio/organ_electronic_007-028-100.wav,123,organ_electronic_007,6,organ,1,electronic,28,100,16000,distortion|long_release|nonlinear_env
reed_acoustic_037-031-050,reed_acoustic_037-031-050,/root/autodl-tmp/tokenizer-eval/data/nsynth/nsynth-test/audio/reed_acoustic_037-031-050.wav,387,reed_acoustic_037,7,reed,0,acoustic,31,50,16000,reverb
mallet_acoustic_062-107-050,mallet_acoustic_062-107-050,/root/autodl-tmp/tokenizer-eval/data/nsynth/nsynth-test/audio/mallet_acoustic_062-107-050.wav,644,mallet_acoustic_062,5,mallet,0,acoustic,107,50,16000,bright|fast_decay|multiphonic|percussive
guitar_acoustic_021-061-075,guitar_acoustic_021-061-075,/root/autodl-tmp/tokenizer-eval/data/nsynth/nsynth-test/audio/guitar_acoustic_021-061-075.wav,457,guitar_acoustic_021,3,guitar,0,acoustic,61,75,16000,
flute_synthetic_000-031-025,flute_synthetic_000-031-025,/root/autodl-tmp/tokenizer-eval/data/nsynth/nsynth-test/audio/flute_synthetic_000-031-025.wav,82,flute_synthetic_000,2,flute,2,synthetic,31,25,16000,distortion
brass_acoustic_059-036-025,brass_acoustic_059-036-025,/root/autodl-tmp/tokenizer-eval/data/nsynth/nsynth-test/audio/brass_acoustic_059-036-025.wav,572,brass_acoustic_059,1,brass,0,acoustic,36,25,16000,reverb
guitar_acoustic_015-108-127,guitar_acoustic_015-108-127,/root/autodl-tmp/tokenizer-eval/data/nsynth/nsynth-test/audio/guitar_acoustic_015-108-127.wav,316,guitar_acoustic_015,3,guitar,0,acoustic,108,127,16000,percussive|reverb
guitar_electronic_028-103-100,guitar_electronic_028-103-100,/root/autodl-tmp/tokenizer-eval/data/nsynth/nsynth-test/audio/guitar_electronic_028-103-100.wav,510,guitar_electronic_028,3,guitar,1,electronic,103,100,16000,bright
reed_acoustic_023-048-100,reed_acoustic_023-048-100,/root/autodl-tmp/tokenizer-eval/data/nsynth/nsynth-test/audio/reed_acoustic_023-048-100.wav,224,reed_acoustic_023,7,reed,0,acoustic,48,100,16000,bright|fast_decay|multiphonic|nonlinear_env
organ_electronic_007-040-075,organ_electronic_007-040-075,/root/autodl-tmp/tokenizer-eval/data/nsynth/nsynth-test/audio/organ_electronic_007-040-075.wav,123,organ_electronic_007,6,organ,1,electronic,40,75,16000,distortion|long_release|nonlinear_env
keyboard_electronic_003-090-100,keyboard_electronic_003-090-100,/root/autodl-tmp/tokenizer-eval/data/nsynth/nsynth-test/audio/keyboard_electronic_003-090-100.wav,65,keyboard_electronic_003,4,keyboard,1,electronic,90,100,16000,
brass_acoustic_006-084-075,brass_acoustic_006-084-075,/root/autodl-tmp/tokenizer-eval/data/nsynth/nsynth-test/audio/brass_acoustic_006-084-075.wav,43,brass_acoustic_006,1,brass,0,acoustic,84,75,16000,reverb
guitar_acoustic_021-024-127,guitar_acoustic_021-024-127,/root/autodl-tmp/tokenizer-eval/data/nsynth/nsynth-test/audio/guitar_acoustic_021-024-127.wav,457,guitar_acoustic_021,3,guitar,0,acoustic,24,127,16000,distortion
brass_acoustic_006-040-075,brass_acoustic_006-040-075,/root/autodl-tmp/tokenizer-eval/data/nsynth/nsynth-test/audio/brass_acoustic_006-040-075.wav,43,brass_acoustic_006,1,brass,0,acoustic,40,75,16000,reverb
brass_acoustic_006-065-025,brass_acoustic_006-065-025,/root/autodl-tmp/tokenizer-eval/data/nsynth/nsynth-test/audio/brass_acoustic_006-065-025.wav,43,brass_acoustic_006,1,brass,0,acoustic,65,25,16000,reverb
bass_synthetic_068-083-127,bass_synthetic_068-083-127,/root/autodl-tmp/tokenizer-eval/data/nsynth/nsynth-test/audio/bass_synthetic_068-083-127.wav,656,bass_synthetic_068,0,bass,2,synthetic,83,127,16000,distortion|fast_decay
bass_synthetic_034-045-050,bass_synthetic_034-045-050,/root/autodl-tmp/tokenizer-eval/data/nsynth/nsynth-test/audio/bass_synthetic_034-045-050.wav,420,bass_synthetic_034,0,bass,2,synthetic,45,50,16000,distortion|tempo-synced
bass_synthetic_068-074-075,bass_synthetic_068-074-075,/root/autodl-tmp/tokenizer-eval/data/nsynth/nsynth-test/audio/bass_synthetic_068-074-075.wav,656,bass_synthetic_068,0,bass,2,synthetic,74,75,16000,
brass_acoustic_015-077-075,brass_acoustic_015-077-075,/root/autodl-tmp/tokenizer-eval/data/nsynth/nsynth-test/audio/brass_acoustic_015-077-075.wav,121,brass_acoustic_015,1,brass,0,acoustic,77,75,16000,reverb
flute_synthetic_000-025-100,flute_synthetic_000-025-100,/root/autodl-tmp/tokenizer-eval/data/nsynth/nsynth-test/audio/flute_synthetic_000-025-100.wav,82,flute_synthetic_000,2,flute,2,synthetic,25,100,16000,distortion
bass_electronic_018-061-075,bass_electronic_018-061-075,/root/autodl-tmp/tokenizer-eval/data/nsynth/nsynth-test/audio/bass_electronic_018-061-075.wav,759,bass_electronic_018,0,bass,1,electronic,61,75,16000,fast_decay
reed_acoustic_018-052-100,reed_acoustic_018-052-100,/root/autodl-tmp/tokenizer-eval/data/nsynth/nsynth-test/audio/reed_acoustic_018-052-100.wav,183,reed_acoustic_018,7,reed,0,acoustic,52,100,16000,
vocal_synthetic_003-082-025,vocal_synthetic_003-082-025,/root/autodl-tmp/tokenizer-eval/data/nsynth/nsynth-test/audio/vocal_synthetic_003-082-025.wav,37,vocal_synthetic_003,10,vocal,2,synthetic,82,25,16000,bright|distortion|long_release|nonlinear_env
guitar_electronic_022-083-075,guitar_electronic_022-083-075,/root/autodl-tmp/tokenizer-eval/data/nsynth/nsynth-test/audio/guitar_electronic_022-083-075.wav,378,guitar_electronic_022,3,guitar,1,electronic,83,75,16000,
keyboard_electronic_003-050-050,keyboard_electronic_003-050-050,/root/autodl-tmp/tokenizer-eval/data/nsynth/nsynth-test/audio/keyboard_electronic_003-050-050.wav,65,keyboard_electronic_003,4,keyboard,1,electronic,50,50,16000,dark
vocal_synthetic_003-080-050,vocal_synthetic_003-080-050,/root/autodl-tmp/tokenizer-eval/data/nsynth/nsynth-test/audio/vocal_synthetic_003-080-050.wav,37,vocal_synthetic_003,10,vocal,2,synthetic,80,50,16000,bright|distortion|long_release|nonlinear_env
string_acoustic_071-040-127,string_acoustic_071-040-127,/root/autodl-tmp/tokenizer-eval/data/nsynth/nsynth-test/audio/string_acoustic_071-040-127.wav,609,string_acoustic_071,8,string,0,acoustic,40,127,16000,long_release|reverb
keyboard_electronic_098-094-075,keyboard_electronic_098-094-075,/root/autodl-tmp/tokenizer-eval/data/nsynth/nsynth-test/audio/keyboard_electronic_098-094-075.wav,905,keyboard_electronic_098,4,keyboard,1,electronic,94,75,16000,fast_decay|percussive
keyboard_electronic_003-058-100,keyboard_electronic_003-058-100,/root/autodl-tmp/tokenizer-eval/data/nsynth/nsynth-test/audio/keyboard_electronic_003-058-100.wav,65,keyboard_electronic_003,4,keyboard,1,electronic,58,100,16000,
bass_synthetic_034-023-075,bass_synthetic_034-023-075,/root/autodl-tmp/tokenizer-eval/data/nsynth/nsynth-test/audio/bass_synthetic_034-023-075.wav,420,bass_synthetic_034,0,bass,2,synthetic,23,75,16000,distortion|tempo-synced
guitar_acoustic_015-034-100,guitar_acoustic_015-034-100,/root/autodl-tmp/tokenizer-eval/data/nsynth/nsynth-test/audio/guitar_acoustic_015-034-100.wav,316,guitar_acoustic_015,3,guitar,0,acoustic,34,100,16000,reverb
vocal_synthetic_003-029-050,vocal_synthetic_003-029-050,/root/autodl-tmp/tokenizer-eval/data/nsynth/nsynth-test/audio/vocal_synthetic_003-029-050.wav,37,vocal_synthetic_003,10,vocal,2,synthetic,29,50,16000,distortion|long_release|nonlinear_env
organ_electronic_104-041-075,organ_electronic_104-041-075,/root/autodl-tmp/tokenizer-eval/data/nsynth/nsynth-test/audio/organ_electronic_104-041-075.wav,921,organ_electronic_104,6,organ,1,electronic,41,75,16000,
brass_acoustic_016-063-075,brass_acoustic_016-063-075,/root/autodl-tmp/tokenizer-eval/data/nsynth/nsynth-test/audio/brass_acoustic_016-063-075.wav,128,brass_acoustic_016,1,brass,0,acoustic,63,75,16000,bright
bass_synthetic_134-039-075,bass_synthetic_134-039-075,/root/autodl-tmp/tokenizer-eval/data/nsynth/nsynth-test/audio/bass_synthetic_134-039-075.wav,914,bass_synthetic_134,0,bass,2,synthetic,39,75,16000,dark|reverb
flute_acoustic_002-101-050,flute_acoustic_002-101-050,/root/autodl-tmp/tokenizer-eval/data/nsynth/nsynth-test/audio/flute_acoustic_002-101-050.wav,86,flute_acoustic_002,2,flute,0,acoustic,101,50,16000,bright|reverb
guitar_acoustic_010-024-025,guitar_acoustic_010-024-025,/root/autodl-tmp/tokenizer-eval/data/nsynth/nsynth-test/audio/guitar_acoustic_010-024-025.wav,219,guitar_acoustic_010,3,guitar,0,acoustic,24,25,16000,
guitar_acoustic_010-094-127,guitar_acoustic_010-094-127,/root/autodl-tmp/tokenizer-eval/data/nsynth/nsynth-test/audio/guitar_acoustic_010-094-127.wav,219,guitar_acoustic_010,3,guitar,0,acoustic,94,127,16000,
mallet_acoustic_047-072-075,mallet_acoustic_047-072-075,/root/autodl-tmp/tokenizer-eval/data/nsynth/nsynth-test/audio/mallet_acoustic_047-072-075.wav,488,mallet_acoustic_047,5,mallet,0,acoustic,72,75,16000,fast_decay|percussive|reverb
keyboard_synthetic_000-070-100,keyboard_synthetic_000-070-100,/root/autodl-tmp/tokenizer-eval/data/nsynth/nsynth-test/audio/keyboard_synthetic_000-070-100.wav,577,keyboard_synthetic_000,4,keyboard,2,synthetic,70,100,16000,bright|distortion|fast_decay|nonlinear_env
brass_acoustic_016-066-127,brass_acoustic_016-066-127,/root/autodl-tmp/tokenizer-eval/data/nsynth/nsynth-test/audio/brass_acoustic_016-066-127.wav,128,brass_acoustic_016,1,brass,0,acoustic,66,127,16000,bright
mallet_acoustic_062-040-100,mallet_acoustic_062-040-100,/root/autodl-tmp/tokenizer-eval/data/nsynth/nsynth-test/audio/mallet_acoustic_062-040-100.wav,644,mallet_acoustic_062,5,mallet,0,acoustic,40,100,16000,dark|long_release|multiphonic
reed_acoustic_037-060-127,reed_acoustic_037-060-127,/root/autodl-tmp/tokenizer-eval/data/nsynth/nsynth-test/audio/reed_acoustic_037-060-127.wav,387,reed_acoustic_037,7,reed,0,acoustic,60,127,16000,reverb
guitar_acoustic_021-049-050,guitar_acoustic_021-049-050,/root/autodl-tmp/tokenizer-eval/data/nsynth/nsynth-test/audio/guitar_acoustic_021-049-050.wav,457,guitar_acoustic_021,3,guitar,0,acoustic,49,50,16000,
brass_acoustic_015-051-100,brass_acoustic_015-051-100,/root/autodl-tmp/tokenizer-eval/data/nsynth/nsynth-test/audio/brass_acoustic_015-051-100.wav,121,brass_acoustic_015,1,brass,0,acoustic,51,100,16000,reverb
keyboard_electronic_003-095-025,keyboard_electronic_003-095-025,/root/autodl-tmp/tokenizer-eval/data/nsynth/nsynth-test/audio/keyboard_electronic_003-095-025.wav,65,keyboard_electronic_003,4,keyboard,1,electronic,95,25,16000,
guitar_acoustic_010-086-075,guitar_acoustic_010-086-075,/root/autodl-tmp/tokenizer-eval/data/nsynth/nsynth-test/audio/guitar_acoustic_010-086-075.wav,219,guitar_acoustic_010,3,guitar,0,acoustic,86,75,16000,
bass_synthetic_068-026-127,bass_synthetic_068-026-127,/root/autodl-tmp/tokenizer-eval/data/nsynth/nsynth-test/audio/bass_synthetic_068-026-127.wav,656,bass_synthetic_068,0,bass,2,synthetic,26,127,16000,dark|distortion
bass_synthetic_135-087-127,bass_synthetic_135-087-127,/root/autodl-tmp/tokenizer-eval/data/nsynth/nsynth-test/audio/bass_synthetic_135-087-127.wav,927,bass_synthetic_135,0,bass,2,synthetic,87,127,16000,distortion
guitar_acoustic_014-021-025,guitar_acoustic_014-021-025,/root/autodl-tmp/tokenizer-eval/data/nsynth/nsynth-test/audio/guitar_acoustic_014-021-025.wav,263,guitar_acoustic_014,3,guitar,0,acoustic,21,25,16000,
brass_acoustic_046-085-025,brass_acoustic_046-085-025,/root/autodl-tmp/tokenizer-eval/data/nsynth/nsynth-test/audio/brass_acoustic_046-085-025.wav,414,brass_acoustic_046,1,brass,0,acoustic,85,25,16000,long_release
mallet_acoustic_047-094-075,mallet_acoustic_047-094-075,/root/autodl-tmp/tokenizer-eval/data/nsynth/nsynth-test/audio/mallet_acoustic_047-094-075.wav,488,mallet_acoustic_047,5,mallet,0,acoustic,94,75,16000,fast_decay|percussive|reverb
string_acoustic_071-041-100,string_acoustic_071-041-100,/root/autodl-tmp/tokenizer-eval/data/nsynth/nsynth-test/audio/string_acoustic_071-041-100.wav,609,string_acoustic_071,8,string,0,acoustic,41,100,16000,reverb
string_acoustic_014-063-050,string_acoustic_014-063-050,/root/autodl-tmp/tokenizer-eval/data/nsynth/nsynth-test/audio/string_acoustic_014-063-050.wav,100,string_acoustic_014,8,string,0,acoustic,63,50,16000,fast_decay|percussive|reverb
vocal_synthetic_003-042-050,vocal_synthetic_003-042-050,/root/autodl-tmp/tokenizer-eval/data/nsynth/nsynth-test/audio/vocal_synthetic_003-042-050.wav,37,vocal_synthetic_003,10,vocal,2,synthetic,42,50,16000,distortion|long_release|nonlinear_env
keyboard_electronic_098-021-100,keyboard_electronic_098-021-100,/root/autodl-tmp/tokenizer-eval/data/nsynth/nsynth-test/audio/keyboard_electronic_098-021-100.wav,905,keyboard_electronic_098,4,keyboard,1,electronic,21,100,16000,dark|distortion
brass_acoustic_006-049-025,brass_acoustic_006-049-025,/root/autodl-tmp/tokenizer-eval/data/nsynth/nsynth-test/audio/brass_acoustic_006-049-025.wav,43,brass_acoustic_006,1,brass,0,acoustic,49,25,16000,reverb
string_acoustic_014-062-127,string_acoustic_014-062-127,/root/autodl-tmp/tokenizer-eval/data/nsynth/nsynth-test/audio/string_acoustic_014-062-127.wav,100,string_acoustic_014,8,string,0,acoustic,62,127,16000,dark|fast_decay|percussive|reverb
flute_acoustic_002-106-050,flute_acoustic_002-106-050,/root/autodl-tmp/tokenizer-eval/data/nsynth/nsynth-test/audio/flute_acoustic_002-106-050.wav,86,flute_acoustic_002,2,flute,0,acoustic,106,50,16000,bright|reverb
mallet_acoustic_047-098-075,mallet_acoustic_047-098-075,/root/autodl-tmp/tokenizer-eval/data/nsynth/nsynth-test/audio/mallet_acoustic_047-098-075.wav,488,mallet_acoustic_047,5,mallet,0,acoustic,98,75,16000,fast_decay|percussive|reverb
string_acoustic_057-063-075,string_acoustic_057-063-075,/root/autodl-tmp/tokenizer-eval/data/nsynth/nsynth-test/audio/string_acoustic_057-063-075.wav,450,string_acoustic_057,8,string,0,acoustic,63,75,16000,bright|nonlinear_env|reverb
brass_acoustic_015-042-127,brass_acoustic_015-042-127,/root/autodl-tmp/tokenizer-eval/data/nsynth/nsynth-test/audio/brass_acoustic_015-042-127.wav,121,brass_acoustic_015,1,brass,0,acoustic,42,127,16000,reverb
flute_acoustic_002-099-127,flute_acoustic_002-099-127,/root/autodl-tmp/tokenizer-eval/data/nsynth/nsynth-test/audio/flute_acoustic_002-099-127.wav,86,flute_acoustic_002,2,flute,0,acoustic,99,127,16000,bright|reverb
guitar_acoustic_021-093-025,guitar_acoustic_021-093-025,/root/autodl-tmp/tokenizer-eval/data/nsynth/nsynth-test/audio/guitar_acoustic_021-093-025.wav,457,guitar_acoustic_021,3,guitar,0,acoustic,93,25,16000,fast_decay|percussive
mallet_acoustic_062-105-100,mallet_acoustic_062-105-100,/root/autodl-tmp/tokenizer-eval/data/nsynth/nsynth-test/audio/mallet_acoustic_062-105-100.wav,644,mallet_acoustic_062,5,mallet,0,acoustic,105,100,16000,bright|fast_decay|multiphonic
reed_acoustic_011-069-050,reed_acoustic_011-069-050,/root/autodl-tmp/tokenizer-eval/data/nsynth/nsynth-test/audio/reed_acoustic_011-069-050.wav,104,reed_acoustic_011,7,reed,0,acoustic,69,50,16000,
keyboard_electronic_069-040-127,keyboard_electronic_069-040-127,/root/autodl-tmp/tokenizer-eval/data/nsynth/nsynth-test/audio/keyboard_electronic_069-040-127.wav,805,keyboard_electronic_069,4,keyboard,1,electronic,40,127,16000,distortion
organ_electronic_104-047-075,organ_electronic_104-047-075,/root/autodl-tmp/tokenizer-eval/data/nsynth/nsynth-test/audio/organ_electronic_104-047-075.wav,921,organ_electronic_104,6,organ,1,electronic,47,75,16000,
organ_electronic_057-078-075,organ_electronic_057-078-075,/root/autodl-tmp/tokenizer-eval/data/nsynth/nsynth-test/audio/organ_electronic_057-078-075.wav,701,organ_electronic_057,6,organ,1,electronic,78,75,16000,
guitar_acoustic_010-049-050,guitar_acoustic_010-049-050,/root/autodl-tmp/tokenizer-eval/data/nsynth/nsynth-test/audio/guitar_acoustic_010-049-050.wav,219,guitar_acoustic_010,3,guitar,0,acoustic,49,50,16000,
vocal_acoustic_000-058-127,vocal_acoustic_000-058-127,/root/autodl-tmp/tokenizer-eval/data/nsynth/nsynth-test/audio/vocal_acoustic_000-058-127.wav,46,vocal_acoustic_000,10,vocal,0,acoustic,58,127,16000,reverb
bass_synthetic_134-041-050,bass_synthetic_134-041-050,/root/autodl-tmp/tokenizer-eval/data/nsynth/nsynth-test/audio/bass_synthetic_134-041-050.wav,914,bass_synthetic_134,0,bass,2,synthetic,41,50,16000,dark|reverb
vocal_synthetic_003-063-127,vocal_synthetic_003-063-127,/root/autodl-tmp/tokenizer-eval/data/nsynth/nsynth-test/audio/vocal_synthetic_003-063-127.wav,37,vocal_synthetic_003,10,vocal,2,synthetic,63,127,16000,bright|distortion|long_release|nonlinear_env
string_acoustic_057-071-075,string_acoustic_057-071-075,/root/autodl-tmp/tokenizer-eval/data/nsynth/nsynth-test/audio/string_acoustic_057-071-075.wav,450,string_acoustic_057,8,string,0,acoustic,71,75,16000,bright|nonlinear_env|reverb
bass_synthetic_068-079-025,bass_synthetic_068-079-025,/root/autodl-tmp/tokenizer-eval/data/nsynth/nsynth-test/audio/bass_synthetic_068-079-025.wav,656,bass_synthetic_068,0,bass,2,synthetic,79,25,16000,fast_decay
string_acoustic_056-064-100,string_acoustic_056-064-100,/root/autodl-tmp/tokenizer-eval/data/nsynth/nsynth-test/audio/string_acoustic_056-064-100.wav,436,string_acoustic_056,8,string,0,acoustic,64,100,16000,fast_decay|reverb
vocal_synthetic_003-074-050,vocal_synthetic_003-074-050,/root/autodl-tmp/tokenizer-eval/data/nsynth/nsynth-test/audio/vocal_synthetic_003-074-050.wav,37,vocal_synthetic_003,10,vocal,2,synthetic,74,50,16000,bright|distortion|long_release|nonlinear_env
guitar_acoustic_010-063-050,guitar_acoustic_010-063-050,/root/autodl-tmp/tokenizer-eval/data/nsynth/nsynth-test/audio/guitar_acoustic_010-063-050.wav,219,guitar_acoustic_010,3,guitar,0,acoustic,63,50,16000,
keyboard_electronic_002-067-025,keyboard_electronic_002-067-025,/root/autodl-tmp/tokenizer-eval/data/nsynth/nsynth-test/audio/keyboard_electronic_002-067-025.wav,50,keyboard_electronic_002,4,keyboard,1,electronic,67,25,16000,
reed_acoustic_018-058-100,reed_acoustic_018-058-100,/root/autodl-tmp/tokenizer-eval/data/nsynth/nsynth-test/audio/reed_acoustic_018-058-100.wav,183,reed_acoustic_018,7,reed,0,acoustic,58,100,16000,
organ_electronic_028-076-025,organ_electronic_028-076-025,/root/autodl-tmp/tokenizer-eval/data/nsynth/nsynth-test/audio/organ_electronic_028-076-025.wav,440,organ_electronic_028,6,organ,1,electronic,76,25,16000,dark
keyboard_electronic_002-045-100,keyboard_electronic_002-045-100,/root/autodl-tmp/tokenizer-eval/data/nsynth/nsynth-test/audio/keyboard_electronic_002-045-100.wav,50,keyboard_electronic_002,4,keyboard,1,electronic,45,100,16000,distortion
organ_electronic_028-041-100,organ_electronic_028-041-100,/root/autodl-tmp/tokenizer-eval/data/nsynth/nsynth-test/audio/organ_electronic_028-041-100.wav,440,organ_electronic_028,6,organ,1,electronic,41,100,16000,dark
string_acoustic_014-049-100,string_acoustic_014-049-100,/root/autodl-tmp/tokenizer-eval/data/nsynth/nsynth-test/audio/string_acoustic_014-049-100.wav,100,string_acoustic_014,8,string,0,acoustic,49,100,16000,dark|reverb
reed_acoustic_011-071-127,reed_acoustic_011-071-127,/root/autodl-tmp/tokenizer-eval/data/nsynth/nsynth-test/audio/reed_acoustic_011-071-127.wav,104,reed_acoustic_011,7,reed,0,acoustic,71,127,16000,
brass_acoustic_015-042-100,brass_acoustic_015-042-100,/root/autodl-tmp/tokenizer-eval/data/nsynth/nsynth-test/audio/brass_acoustic_015-042-100.wav,121,brass_acoustic_015,1,brass,0,acoustic,42,100,16000,reverb
brass_acoustic_006-080-127,brass_acoustic_006-080-127,/root/autodl-tmp/tokenizer-eval/data/nsynth/nsynth-test/audio/brass_acoustic_006-080-127.wav,43,brass_acoustic_006,1,brass,0,acoustic,80,127,16000,reverb
organ_electronic_007-039-100,organ_electronic_007-039-100,/root/autodl-tmp/tokenizer-eval/data/nsynth/nsynth-test/audio/organ_electronic_007-039-100.wav,123,organ_electronic_007,6,organ,1,electronic,39,100,16000,distortion|long_release|nonlinear_env
keyboard_acoustic_004-087-100,keyboard_acoustic_004-087-100,/root/autodl-tmp/tokenizer-eval/data/nsynth/nsynth-test/audio/keyboard_acoustic_004-087-100.wav,327,keyboard_acoustic_004,4,keyboard,0,acoustic,87,100,16000,reverb
bass_synthetic_135-039-050,bass_synthetic_135-039-050,/root/autodl-tmp/tokenizer-eval/data/nsynth/nsynth-test/audio/bass_synthetic_135-039-050.wav,927,bass_synthetic_135,0,bass,2,synthetic,39,50,16000,distortion
flute_acoustic_002-102-100,flute_acoustic_002-102-100,/root/autodl-tmp/tokenizer-eval/data/nsynth/nsynth-test/audio/flute_acoustic_002-102-100.wav,86,flute_acoustic_002,2,flute,0,acoustic,102,100,16000,bright|reverb
organ_electronic_057-070-050,organ_electronic_057-070-050,/root/autodl-tmp/tokenizer-eval/data/nsynth/nsynth-test/audio/organ_electronic_057-070-050.wav,701,organ_electronic_057,6,organ,1,electronic,70,50,16000,
flute_synthetic_000-108-050,flute_synthetic_000-108-050,/root/autodl-tmp/tokenizer-eval/data/nsynth/nsynth-test/audio/flute_synthetic_000-108-050.wav,82,flute_synthetic_000,2,flute,2,synthetic,108,50,16000,bright|distortion
flute_synthetic_000-036-127,flute_synthetic_000-036-127,/root/autodl-tmp/tokenizer-eval/data/nsynth/nsynth-test/audio/flute_synthetic_000-036-127.wav,82,flute_synthetic_000,2,flute,2,synthetic,36,127,16000,distortion
organ_electronic_113-055-075,organ_electronic_113-055-075,/root/autodl-tmp/tokenizer-eval/data/nsynth/nsynth-test/audio/organ_electronic_113-055-075.wav,958,organ_electronic_113,6,organ,1,electronic,55,75,16000,dark
reed_acoustic_037-061-127,reed_acoustic_037-061-127,/root/autodl-tmp/tokenizer-eval/data/nsynth/nsynth-test/audio/reed_acoustic_037-061-127.wav,387,reed_acoustic_037,7,reed,0,acoustic,61,127,16000,reverb
string_acoustic_056-042-100,string_acoustic_056-042-100,/root/autodl-tmp/tokenizer-eval/data/nsynth/nsynth-test/audio/string_acoustic_056-042-100.wav,436,string_acoustic_056,8,string,0,acoustic,42,100,16000,fast_decay|percussive|reverb
organ_electronic_104-032-050,organ_electronic_104-032-050,/root/autodl-tmp/tokenizer-eval/data/nsynth/nsynth-test/audio/organ_electronic_104-032-050.wav,921,organ_electronic_104,6,organ,1,electronic,32,50,16000,
guitar_acoustic_021-061-025,guitar_acoustic_021-061-025,/root/autodl-tmp/tokenizer-eval/data/nsynth/nsynth-test/audio/guitar_acoustic_021-061-025.wav,457,guitar_acoustic_021,3,guitar,0,acoustic,61,25,16000,
reed_acoustic_023-059-025,reed_acoustic_023-059-025,/root/autodl-tmp/tokenizer-eval/data/nsynth/nsynth-test/audio/reed_acoustic_023-059-025.wav,224,reed_acoustic_023,7,reed,0,acoustic,59,25,16000,bright|fast_decay|multiphonic|nonlinear_env
organ_electronic_007-035-100,organ_electronic_007-035-100,/root/autodl-tmp/tokenizer-eval/data/nsynth/nsynth-test/audio/organ_electronic_007-035-100.wav,123,organ_electronic_007,6,organ,1,electronic,35,100,16000,distortion|long_release|nonlinear_env
mallet_acoustic_047-098-050,mallet_acoustic_047-098-050,/root/autodl-tmp/tokenizer-eval/data/nsynth/nsynth-test/audio/mallet_acoustic_047-098-050.wav,488,mallet_acoustic_047,5,mallet,0,acoustic,98,50,16000,fast_decay|percussive|reverb
brass_acoustic_059-041-075,brass_acoustic_059-041-075,/root/autodl-tmp/tokenizer-eval/data/nsynth/nsynth-test/audio/brass_acoustic_059-041-075.wav,572,brass_acoustic_059,1,brass,0,acoustic,41,75,16000,bright|reverb
string_acoustic_014-051-100,string_acoustic_014-051-100,/root/autodl-tmp/tokenizer-eval/data/nsynth/nsynth-test/audio/string_acoustic_014-051-100.wav,100,string_acoustic_014,8,string,0,acoustic,51,100,16000,dark|reverb
string_acoustic_056-060-127,string_acoustic_056-060-127,/root/autodl-tmp/tokenizer-eval/data/nsynth/nsynth-test/audio/string_acoustic_056-060-127.wav,436,string_acoustic_056,8,string,0,acoustic,60,127,16000,fast_decay|reverb
brass_acoustic_046-086-075,brass_acoustic_046-086-075,/root/autodl-tmp/tokenizer-eval/data/nsynth/nsynth-test/audio/brass_acoustic_046-086-075.wav,414,brass_acoustic_046,1,brass,0,acoustic,86,75,16000,long_release
vocal_synthetic_003-078-127,vocal_synthetic_003-078-127,/root/autodl-tmp/tokenizer-eval/data/nsynth/nsynth-test/audio/vocal_synthetic_003-078-127.wav,37,vocal_synthetic_003,10,vocal,2,synthetic,78,127,16000,bright|distortion|long_release|nonlinear_env
flute_acoustic_002-088-127,flute_acoustic_002-088-127,/root/autodl-tmp/tokenizer-eval/data/nsynth/nsynth-test/audio/flute_acoustic_002-088-127.wav,86,flute_acoustic_002,2,flute,0,acoustic,88,127,16000,reverb
keyboard_electronic_098-105-100,keyboard_electronic_098-105-100,/root/autodl-tmp/tokenizer-eval/data/nsynth/nsynth-test/audio/keyboard_electronic_098-105-100.wav,905,keyboard_electronic_098,4,keyboard,1,electronic,105,100,16000,bright|fast_decay|percussive
guitar_acoustic_010-024-075,guitar_acoustic_010-024-075,/root/autodl-tmp/tokenizer-eval/data/nsynth/nsynth-test/audio/guitar_acoustic_010-024-075.wav,219,guitar_acoustic_010,3,guitar,0,acoustic,24,75,16000,
vocal_synthetic_003-068-025,vocal_synthetic_003-068-025,/root/autodl-tmp/tokenizer-eval/data/nsynth/nsynth-test/audio/vocal_synthetic_003-068-025.wav,37,vocal_synthetic_003,10,vocal,2,synthetic,68,25,16000,bright|distortion|long_release|nonlinear_env
guitar_electronic_028-077-127,guitar_electronic_028-077-127,/root/autodl-tmp/tokenizer-eval/data/nsynth/nsynth-test/audio/guitar_electronic_028-077-127.wav,510,guitar_electronic_028,3,guitar,1,electronic,77,127,16000,
guitar_acoustic_015-054-025,guitar_acoustic_015-054-025,/root/autodl-tmp/tokenizer-eval/data/nsynth/nsynth-test/audio/guitar_acoustic_015-054-025.wav,316,guitar_acoustic_015,3,guitar,0,acoustic,54,25,16000,reverb
string_acoustic_071-029-050,string_acoustic_071-029-050,/root/autodl-tmp/tokenizer-eval/data/nsynth/nsynth-test/audio/string_acoustic_071-029-050.wav,609,string_acoustic_071,8,string,0,acoustic,29,50,16000,long_release|reverb
vocal_synthetic_003-064-050,vocal_synthetic_003-064-050,/root/autodl-tmp/tokenizer-eval/data/nsynth/nsynth-test/audio/vocal_synthetic_003-064-050.wav,37,vocal_synthetic_003,10,vocal,2,synthetic,64,50,16000,bright|distortion|long_release|nonlinear_env
brass_acoustic_015-062-127,brass_acoustic_015-062-127,/root/autodl-tmp/tokenizer-eval/data/nsynth/nsynth-test/audio/brass_acoustic_015-062-127.wav,121,brass_acoustic_015,1,brass,0,acoustic,62,127,16000,reverb
reed_acoustic_023-035-050,reed_acoustic_023-035-050,/root/autodl-tmp/tokenizer-eval/data/nsynth/nsynth-test/audio/reed_acoustic_023-035-050.wav,224,reed_acoustic_023,7,reed,0,acoustic,35,50,16000,bright|fast_decay|multiphonic|nonlinear_env
bass_synthetic_135-065-050,bass_synthetic_135-065-050,/root/autodl-tmp/tokenizer-eval/data/nsynth/nsynth-test/audio/bass_synthetic_135-065-050.wav,927,bass_synthetic_135,0,bass,2,synthetic,65,50,16000,distortion
guitar_acoustic_015-045-100,guitar_acoustic_015-045-100,/root/autodl-tmp/tokenizer-eval/data/nsynth/nsynth-test/audio/guitar_acoustic_015-045-100.wav,316,guitar_acoustic_015,3,guitar,0,acoustic,45,100,16000,reverb
bass_electronic_018-024-100,bass_electronic_018-024-100,/root/autodl-tmp/tokenizer-eval/data/nsynth/nsynth-test/audio/bass_electronic_018-024-100.wav,759,bass_electronic_018,0,bass,1,electronic,24,100,16000,
organ_electronic_104-049-075,organ_electronic_104-049-075,/root/autodl-tmp/tokenizer-eval/data/nsynth/nsynth-test/audio/organ_electronic_104-049-075.wav,921,organ_electronic_104,6,organ,1,electronic,49,75,16000,
bass_electronic_027-035-100,bass_electronic_027-035-100,/root/autodl-tmp/tokenizer-eval/data/nsynth/nsynth-test/audio/bass_electronic_027-035-100.wav,880,bass_electronic_027,0,bass,1,electronic,35,100,16000,
organ_electronic_113-041-050,organ_electronic_113-041-050,/root/autodl-tmp/tokenizer-eval/data/nsynth/nsynth-test/audio/organ_electronic_113-041-050.wav,958,organ_electronic_113,6,organ,1,electronic,41,50,16000,dark
bass_synthetic_135-074-075,bass_synthetic_135-074-075,/root/autodl-tmp/tokenizer-eval/data/nsynth/nsynth-test/audio/bass_synthetic_135-074-075.wav,927,bass_synthetic_135,0,bass,2,synthetic,74,75,16000,distortion
organ_electronic_057-026-075,organ_electronic_057-026-075,/root/autodl-tmp/tokenizer-eval/data/nsynth/nsynth-test/audio/organ_electronic_057-026-075.wav,701,organ_electronic_057,6,organ,1,electronic,26,75,16000,dark
keyboard_electronic_002-054-050,keyboard_electronic_002-054-050,/root/autodl-tmp/tokenizer-eval/data/nsynth/nsynth-test/audio/keyboard_electronic_002-054-050.wav,50,keyboard_electronic_002,4,keyboard,1,electronic,54,50,16000,
string_acoustic_014-030-075,string_acoustic_014-030-075,/root/autodl-tmp/tokenizer-eval/data/nsynth/nsynth-test/audio/string_acoustic_014-030-075.wav,100,string_acoustic_014,8,string,0,acoustic,30,75,16000,dark|reverb
flute_acoustic_002-101-075,flute_acoustic_002-101-075,/root/autodl-tmp/tokenizer-eval/data/nsynth/nsynth-test/audio/flute_acoustic_002-101-075.wav,86,flute_acoustic_002,2,flute,0,acoustic,101,75,16000,bright|reverb
guitar_electronic_022-050-075,guitar_electronic_022-050-075,/root/autodl-tmp/tokenizer-eval/data/nsynth/nsynth-test/audio/guitar_electronic_022-050-075.wav,378,guitar_electronic_022,3,guitar,1,electronic,50,75,16000,dark
keyboard_acoustic_004-051-075,keyboard_acoustic_004-051-075,/root/autodl-tmp/tokenizer-eval/data/nsynth/nsynth-test/audio/keyboard_acoustic_004-051-075.wav,327,keyboard_acoustic_004,4,keyboard,0,acoustic,51,75,16000,reverb
reed_acoustic_018-084-050,reed_acoustic_018-084-050,/root/autodl-tmp/tokenizer-eval/data/nsynth/nsynth-test/audio/reed_acoustic_018-084-050.wav,183,reed_acoustic_018,7,reed,0,acoustic,84,50,16000,
vocal_synthetic_003-084-075,vocal_synthetic_003-084-075,/root/autodl-tmp/tokenizer-eval/data/nsynth/nsynth-test/audio/vocal_synthetic_003-084-075.wav,37,vocal_synthetic_003,10,vocal,2,synthetic,84,75,16000,bright|distortion|long_release|nonlinear_env
mallet_acoustic_047-097-100,mallet_acoustic_047-097-100,/root/autodl-tmp/tokenizer-eval/data/nsynth/nsynth-test/audio/mallet_acoustic_047-097-100.wav,488,mallet_acoustic_047,5,mallet,0,acoustic,97,100,16000,fast_decay|percussive|reverb
guitar_acoustic_014-026-025,guitar_acoustic_014-026-025,/root/autodl-tmp/tokenizer-eval/data/nsynth/nsynth-test/audio/guitar_acoustic_014-026-025.wav,263,guitar_acoustic_014,3,guitar,0,acoustic,26,25,16000,
keyboard_electronic_001-025-050,keyboard_electronic_001-025-050,/root/autodl-tmp/tokenizer-eval/data/nsynth/nsynth-test/audio/keyboard_electronic_001-025-050.wav,40,keyboard_electronic_001,4,keyboard,1,electronic,25,50,16000,dark
flute_synthetic_000-023-100,flute_synthetic_000-023-100,/root/autodl-tmp/tokenizer-eval/data/nsynth/nsynth-test/audio/flute_synthetic_000-023-100.wav,82,flute_synthetic_000,2,flute,2,synthetic,23,100,16000,distortion
vocal_synthetic_003-040-127,vocal_synthetic_003-040-127,/root/autodl-tmp/tokenizer-eval/data/nsynth/nsynth-test/audio/vocal_synthetic_003-040-127.wav,37,vocal_synthetic_003,10,vocal,2,synthetic,40,127,16000,bright|distortion|long_release|nonlinear_env
brass_acoustic_046-068-025,brass_acoustic_046-068-025,/root/autodl-tmp/tokenizer-eval/data/nsynth/nsynth-test/audio/brass_acoustic_046-068-025.wav,414,brass_acoustic_046,1,brass,0,acoustic,68,25,16000,
vocal_synthetic_003-081-127,vocal_synthetic_003-081-127,/root/autodl-tmp/tokenizer-eval/data/nsynth/nsynth-test/audio/vocal_synthetic_003-081-127.wav,37,vocal_synthetic_003,10,vocal,2,synthetic,81,127,16000,bright|distortion|long_release|nonlinear_env
bass_electronic_025-047-100,bass_electronic_025-047-100,/root/autodl-tmp/tokenizer-eval/data/nsynth/nsynth-test/audio/bass_electronic_025-047-100.wav,872,bass_electronic_025,0,bass,1,electronic,47,100,16000,
mallet_acoustic_056-050-075,mallet_acoustic_056-050-075,/root/autodl-tmp/tokenizer-eval/data/nsynth/nsynth-test/audio/mallet_acoustic_056-050-075.wav,590,mallet_acoustic_056,5,mallet,0,acoustic,50,75,16000,fast_decay|percussive
reed_acoustic_037-033-100,reed_acoustic_037-033-100,/root/autodl-tmp/tokenizer-eval/data/nsynth/nsynth-test/audio/reed_acoustic_037-033-100.wav,387,reed_acoustic_037,7,reed,0,acoustic,33,100,16000,reverb
keyboard_electronic_098-068-127,keyboard_electronic_098-068-127,/root/autodl-tmp/tokenizer-eval/data/nsynth/nsynth-test/audio/keyboard_electronic_098-068-127.wav,905,keyboard_electronic_098,4,keyboard,1,electronic,68,127,16000,
guitar_acoustic_014-085-050,guitar_acoustic_014-085-050,/root/autodl-tmp/tokenizer-eval/data/nsynth/nsynth-test/audio/guitar_acoustic_014-085-050.wav,263,guitar_acoustic_014,3,guitar,0,acoustic,85,50,16000,fast_decay|percussive
bass_synthetic_068-065-025,bass_synthetic_068-065-025,/root/autodl-tmp/tokenizer-eval/data/nsynth/nsynth-test/audio/bass_synthetic_068-065-025.wav,656,bass_synthetic_068,0,bass,2,synthetic,65,25,16000,
flute_synthetic_000-095-025,flute_synthetic_000-095-025,/root/autodl-tmp/tokenizer-eval/data/nsynth/nsynth-test/audio/flute_synthetic_000-095-025.wav,82,flute_synthetic_000,2,flute,2,synthetic,95,25,16000,distortion
guitar_acoustic_015-034-127,guitar_acoustic_015-034-127,/root/autodl-tmp/tokenizer-eval/data/nsynth/nsynth-test/audio/guitar_acoustic_015-034-127.wav,316,guitar_acoustic_015,3,guitar,0,acoustic,34,127,16000,long_release|reverb
organ_electronic_028-032-075,organ_electronic_028-032-075,/root/autodl-tmp/tokenizer-eval/data/nsynth/nsynth-test/audio/organ_electronic_028-032-075.wav,440,organ_electronic_028,6,organ,1,electronic,32,75,16000,dark
bass_electronic_018-063-050,bass_electronic_018-063-050,/root/autodl-tmp/tokenizer-eval/data/nsynth/nsynth-test/audio/bass_electronic_018-063-050.wav,759,bass_electronic_018,0,bass,1,electronic,63,50,16000,fast_decay
bass_electronic_027-051-100,bass_electronic_027-051-100,/root/autodl-tmp/tokenizer-eval/data/nsynth/nsynth-test/audio/bass_electronic_027-051-100.wav,880,bass_electronic_027,0,bass,1,electronic,51,100,16000,
guitar_electronic_028-022-100,guitar_electronic_028-022-100,/root/autodl-tmp/tokenizer-eval/data/nsynth/nsynth-test/audio/guitar_electronic_028-022-100.wav,510,guitar_electronic_028,3,guitar,1,electronic,22,100,16000,dark
guitar_acoustic_015-073-127,guitar_acoustic_015-073-127,/root/autodl-tmp/tokenizer-eval/data/nsynth/nsynth-test/audio/guitar_acoustic_015-073-127.wav,316,guitar_acoustic_015,3,guitar,0,acoustic,73,127,16000,reverb
flute_acoustic_002-105-127,flute_acoustic_002-105-127,/root/autodl-tmp/tokenizer-eval/data/nsynth/nsynth-test/audio/flute_acoustic_002-105-127.wav,86,flute_acoustic_002,2,flute,0,acoustic,105,127,16000,bright|reverb
flute_acoustic_002-078-050,flute_acoustic_002-078-050,/root/autodl-tmp/tokenizer-eval/data/nsynth/nsynth-test/audio/flute_acoustic_002-078-050.wav,86,flute_acoustic_002,2,flute,0,acoustic,78,50,16000,reverb
bass_electronic_018-043-075,bass_electronic_018-043-075,/root/autodl-tmp/tokenizer-eval/data/nsynth/nsynth-test/audio/bass_electronic_018-043-075.wav,759,bass_electronic_018,0,bass,1,electronic,43,75,16000,
reed_acoustic_018-078-025,reed_acoustic_018-078-025,/root/autodl-tmp/tokenizer-eval/data/nsynth/nsynth-test/audio/reed_acoustic_018-078-025.wav,183,reed_acoustic_018,7,reed,0,acoustic,78,25,16000,
keyboard_electronic_069-085-100,keyboard_electronic_069-085-100,/root/autodl-tmp/tokenizer-eval/data/nsynth/nsynth-test/audio/keyboard_electronic_069-085-100.wav,805,keyboard_electronic_069,4,keyboard,1,electronic,85,100,16000,distortion
organ_electronic_001-092-127,organ_electronic_001-092-127,/root/autodl-tmp/tokenizer-eval/data/nsynth/nsynth-test/audio/organ_electronic_001-092-127.wav,8,organ_electronic_001,6,organ,1,electronic,92,127,16000,
organ_electronic_028-069-075,organ_electronic_028-069-075,/root/autodl-tmp/tokenizer-eval/data/nsynth/nsynth-test/audio/organ_electronic_028-069-075.wav,440,organ_electronic_028,6,organ,1,electronic,69,75,16000,dark
bass_synthetic_098-039-075,bass_synthetic_098-039-075,/root/autodl-tmp/tokenizer-eval/data/nsynth/nsynth-test/audio/bass_synthetic_098-039-075.wav,803,bass_synthetic_098,0,bass,2,synthetic,39,75,16000,
reed_acoustic_023-085-075,reed_acoustic_023-085-075,/root/autodl-tmp/tokenizer-eval/data/nsynth/nsynth-test/audio/reed_acoustic_023-085-075.wav,224,reed_acoustic_023,7,reed,0,acoustic,85,75,16000,bright|fast_decay|multiphonic|nonlinear_env
string_acoustic_056-045-050,string_acoustic_056-045-050,/root/autodl-tmp/tokenizer-eval/data/nsynth/nsynth-test/audio/string_acoustic_056-045-050.wav,436,string_acoustic_056,8,string,0,acoustic,45,50,16000,fast_decay|reverb
keyboard_synthetic_000-076-025,keyboard_synthetic_000-076-025,/root/autodl-tmp/tokenizer-eval/data/nsynth/nsynth-test/audio/keyboard_synthetic_000-076-025.wav,577,keyboard_synthetic_000,4,keyboard,2,synthetic,76,25,16000,distortion|fast_decay|nonlinear_env
guitar_acoustic_021-071-050,guitar_acoustic_021-071-050,/root/autodl-tmp/tokenizer-eval/data/nsynth/nsynth-test/audio/guitar_acoustic_021-071-050.wav,457,guitar_acoustic_021,3,guitar,0,acoustic,71,50,16000,
organ_electronic_028-058-127,organ_electronic_028-058-127,/root/autodl-tmp/tokenizer-eval/data/nsynth/nsynth-test/audio/organ_electronic_028-058-127.wav,440,organ_electronic_028,6,organ,1,electronic,58,127,16000,dark
brass_acoustic_059-061-025,brass_acoustic_059-061-025,/root/autodl-tmp/tokenizer-eval/data/nsynth/nsynth-test/audio/brass_acoustic_059-061-025.wav,572,brass_acoustic_059,1,brass,0,acoustic,61,25,16000,dark|reverb
guitar_electronic_022-063-075,guitar_electronic_022-063-075,/root/autodl-tmp/tokenizer-eval/data/nsynth/nsynth-test/audio/guitar_electronic_022-063-075.wav,378,guitar_electronic_022,3,guitar,1,electronic,63,75,16000,
organ_electronic_028-043-100,organ_electronic_028-043-100,/root/autodl-tmp/tokenizer-eval/data/nsynth/nsynth-test/audio/organ_electronic_028-043-100.wav,440,organ_electronic_028,6,organ,1,electronic,43,100,16000,dark
reed_acoustic_023-046-100,reed_acoustic_023-046-100,/root/autodl-tmp/tokenizer-eval/data/nsynth/nsynth-test/audio/reed_acoustic_023-046-100.wav,224,reed_acoustic_023,7,reed,0,acoustic,46,100,16000,bright|fast_decay|multiphonic|nonlinear_env
organ_electronic_057-073-050,organ_electronic_057-073-050,/root/autodl-tmp/tokenizer-eval/data/nsynth/nsynth-test/audio/organ_electronic_057-073-050.wav,701,organ_electronic_057,6,organ,1,electronic,73,50,16000,
string_acoustic_056-039-050,string_acoustic_056-039-050,/root/autodl-tmp/tokenizer-eval/data/nsynth/nsynth-test/audio/string_acoustic_056-039-050.wav,436,string_acoustic_056,8,string,0,acoustic,39,50,16000,fast_decay|reverb
keyboard_electronic_098-077-075,keyboard_electronic_098-077-075,/root/autodl-tmp/tokenizer-eval/data/nsynth/nsynth-test/audio/keyboard_electronic_098-077-075.wav,905,keyboard_electronic_098,4,keyboard,1,electronic,77,75,16000,
reed_acoustic_023-033-127,reed_acoustic_023-033-127,/root/autodl-tmp/tokenizer-eval/data/nsynth/nsynth-test/audio/reed_acoustic_023-033-127.wav,224,reed_acoustic_023,7,reed,0,acoustic,33,127,16000,bright|fast_decay|multiphonic|nonlinear_env
keyboard_electronic_078-069-025,keyboard_electronic_078-069-025,/root/autodl-tmp/tokenizer-eval/data/nsynth/nsynth-test/audio/keyboard_electronic_078-069-025.wav,838,keyboard_electronic_078,4,keyboard,1,electronic,69,25,16000,bright
flute_synthetic_000-083-050,flute_synthetic_000-083-050,/root/autodl-tmp/tokenizer-eval/data/nsynth/nsynth-test/audio/flute_synthetic_000-083-050.wav,82,flute_synthetic_000,2,flute,2,synthetic,83,50,16000,distortion
mallet_acoustic_062-083-100,mallet_acoustic_062-083-100,/root/autodl-tmp/tokenizer-eval/data/nsynth/nsynth-test/audio/mallet_acoustic_062-083-100.wav,644,mallet_acoustic_062,5,mallet,0,acoustic,83,100,16000,multiphonic
mallet_acoustic_062-075-025,mallet_acoustic_062-075-025,/root/autodl-tmp/tokenizer-eval/data/nsynth/nsynth-test/audio/mallet_acoustic_062-075-025.wav,644,mallet_acoustic_062,5,mallet,0,acoustic,75,25,16000,dark|fast_decay|multiphonic|percussive
flute_synthetic_000-099-127,flute_synthetic_000-099-127,/root/autodl-tmp/tokenizer-eval/data/nsynth/nsynth-test/audio/flute_synthetic_000-099-127.wav,82,flute_synthetic_000,2,flute,2,synthetic,99,127,16000,bright|distortion
vocal_synthetic_003-028-100,vocal_synthetic_003-028-100,/root/autodl-tmp/tokenizer-eval/data/nsynth/nsynth-test/audio/vocal_synthetic_003-028-100.wav,37,vocal_synthetic_003,10,vocal,2,synthetic,28,100,16000,bright|distortion|long_release|nonlinear_env
guitar_acoustic_010-065-100,guitar_acoustic_010-065-100,/root/autodl-tmp/tokenizer-eval/data/nsynth/nsynth-test/audio/guitar_acoustic_010-065-100.wav,219,guitar_acoustic_010,3,guitar,0,acoustic,65,100,16000,
bass_electronic_018-054-050,bass_electronic_018-054-050,/root/autodl-tmp/tokenizer-eval/data/nsynth/nsynth-test/audio/bass_electronic_018-054-050.wav,759,bass_electronic_018,0,bass,1,electronic,54,50,16000,
keyboard_acoustic_004-086-100,keyboard_acoustic_004-086-100,/root/autodl-tmp/tokenizer-eval/data/nsynth/nsynth-test/audio/keyboard_acoustic_004-086-100.wav,327,keyboard_acoustic_004,4,keyboard,0,acoustic,86,100,16000,reverb
keyboard_electronic_001-021-127,keyboard_electronic_001-021-127,/root/autodl-tmp/tokenizer-eval/data/nsynth/nsynth-test/audio/keyboard_electronic_001-021-127.wav,40,keyboard_electronic_001,4,keyboard,1,electronic,21,127,16000,
organ_electronic_007-020-100,organ_electronic_007-020-100,/root/autodl-tmp/tokenizer-eval/data/nsynth/nsynth-test/audio/organ_electronic_007-020-100.wav,123,organ_electronic_007,6,organ,1,electronic,20,100,16000,distortion|long_release|nonlinear_env
organ_electronic_028-080-075,organ_electronic_028-080-075,/root/autodl-tmp/tokenizer-eval/data/nsynth/nsynth-test/audio/organ_electronic_028-080-075.wav,440,organ_electronic_028,6,organ,1,electronic,80,75,16000,
bass_synthetic_135-059-025,bass_synthetic_135-059-025,/root/autodl-tmp/tokenizer-eval/data/nsynth/nsynth-test/audio/bass_synthetic_135-059-025.wav,927,bass_synthetic_135,0,bass,2,synthetic,59,25,16000,distortion
guitar_acoustic_015-074-075,guitar_acoustic_015-074-075,/root/autodl-tmp/tokenizer-eval/data/nsynth/nsynth-test/audio/guitar_acoustic_015-074-075.wav,316,guitar_acoustic_015,3,guitar,0,acoustic,74,75,16000,reverb
mallet_acoustic_062-069-100,mallet_acoustic_062-069-100,/root/autodl-tmp/tokenizer-eval/data/nsynth/nsynth-test/audio/mallet_acoustic_062-069-100.wav,644,mallet_acoustic_062,5,mallet,0,acoustic,69,100,16000,dark|multiphonic
organ_electronic_057-074-050,organ_electronic_057-074-050,/root/autodl-tmp/tokenizer-eval/data/nsynth/nsynth-test/audio/organ_electronic_057-074-050.wav,701,organ_electronic_057,6,organ,1,electronic,74,50,16000,
brass_acoustic_046-067-075,brass_acoustic_046-067-075,/root/autodl-tmp/tokenizer-eval/data/nsynth/nsynth-test/audio/brass_acoustic_046-067-075.wav,414,brass_acoustic_046,1,brass,0,acoustic,67,75,16000,bright
string_acoustic_057-071-025,string_acoustic_057-071-025,/root/autodl-tmp/tokenizer-eval/data/nsynth/nsynth-test/audio/string_acoustic_057-071-025.wav,450,string_acoustic_057,8,string,0,acoustic,71,25,16000,bright|nonlinear_env|reverb
guitar_electronic_022-047-100,guitar_electronic_022-047-100,/root/autodl-tmp/tokenizer-eval/data/nsynth/nsynth-test/audio/guitar_electronic_022-047-100.wav,378,guitar_electronic_022,3,guitar,1,electronic,47,100,16000,dark
string_acoustic_071-035-050,string_acoustic_071-035-050,/root/autodl-tmp/tokenizer-eval/data/nsynth/nsynth-test/audio/string_acoustic_071-035-050.wav,609,string_acoustic_071,8,string,0,acoustic,35,50,16000,long_release|reverb
string_acoustic_014-025-050,string_acoustic_014-025-050,/root/autodl-tmp/tokenizer-eval/data/nsynth/nsynth-test/audio/string_acoustic_014-025-050.wav,100,string_acoustic_014,8,string,0,acoustic,25,50,16000,dark|reverb
guitar_acoustic_010-042-100,guitar_acoustic_010-042-100,/root/autodl-tmp/tokenizer-eval/data/nsynth/nsynth-test/audio/guitar_acoustic_010-042-100.wav,219,guitar_acoustic_010,3,guitar,0,acoustic,42,100,16000,
keyboard_electronic_001-061-075,keyboard_electronic_001-061-075,/root/autodl-tmp/tokenizer-eval/data/nsynth/nsynth-test/audio/keyboard_electronic_001-061-075.wav,40,keyboard_electronic_001,4,keyboard,1,electronic,61,75,16000,dark
guitar_electronic_028-050-100,guitar_electronic_028-050-100,/root/autodl-tmp/tokenizer-eval/data/nsynth/nsynth-test/audio/guitar_electronic_028-050-100.wav,510,guitar_electronic_028,3,guitar,1,electronic,50,100,16000,dark
flute_synthetic_000-060-025,flute_synthetic_000-060-025,/root/autodl-tmp/tokenizer-eval/data/nsynth/nsynth-test/audio/flute_synthetic_000-060-025.wav,82,flute_synthetic_000,2,flute,2,synthetic,60,25,16000,distortion
brass_acoustic_046-093-075,brass_acoustic_046-093-075,/root/autodl-tmp/tokenizer-eval/data/nsynth/nsynth-test/audio/brass_acoustic_046-093-075.wav,414,brass_acoustic_046,1,brass,0,acoustic,93,75,16000,long_release
brass_acoustic_016-089-050,brass_acoustic_016-089-050,/root/autodl-tmp/tokenizer-eval/data/nsynth/nsynth-test/audio/brass_acoustic_016-089-050.wav,128,brass_acoustic_016,1,brass,0,acoustic,89,50,16000,
vocal_synthetic_003-077-025,vocal_synthetic_003-077-025,/root/autodl-tmp/tokenizer-eval/data/nsynth/nsynth-test/audio/vocal_synthetic_003-077-025.wav,37,vocal_synthetic_003,10,vocal,2,synthetic,77,25,16000,bright|distortion|long_release|nonlinear_env
guitar_electronic_028-105-050,guitar_electronic_028-105-050,/root/autodl-tmp/tokenizer-eval/data/nsynth/nsynth-test/audio/guitar_electronic_028-105-050.wav,510,guitar_electronic_028,3,guitar,1,electronic,105,50,16000,bright
keyboard_electronic_003-034-075,keyboard_electronic_003-034-075,/root/autodl-tmp/tokenizer-eval/data/nsynth/nsynth-test/audio/keyboard_electronic_003-034-075.wav,65,keyboard_electronic_003,4,keyboard,1,electronic,34,75,16000,distortion
guitar_electronic_022-024-050,guitar_electronic_022-024-050,/root/autodl-tmp/tokenizer-eval/data/nsynth/nsynth-test/audio/guitar_electronic_022-024-050.wav,378,guitar_electronic_022,3,guitar,1,electronic,24,50,16000,dark
keyboard_electronic_069-083-075,keyboard_electronic_069-083-075,/root/autodl-tmp/tokenizer-eval/data/nsynth/nsynth-test/audio/keyboard_electronic_069-083-075.wav,805,keyboard_electronic_069,4,keyboard,1,electronic,83,75,16000,distortion
string_acoustic_014-032-075,string_acoustic_014-032-075,/root/autodl-tmp/tokenizer-eval/data/nsynth/nsynth-test/audio/string_acoustic_014-032-075.wav,100,string_acoustic_014,8,string,0,acoustic,32,75,16000,dark|fast_decay|reverb
brass_acoustic_046-059-127,brass_acoustic_046-059-127,/root/autodl-tmp/tokenizer-eval/data/nsynth/nsynth-test/audio/brass_acoustic_046-059-127.wav,414,brass_acoustic_046,1,brass,0,acoustic,59,127,16000,bright
mallet_acoustic_062-033-100,mallet_acoustic_062-033-100,/root/autodl-tmp/tokenizer-eval/data/nsynth/nsynth-test/audio/mallet_acoustic_062-033-100.wav,644,mallet_acoustic_062,5,mallet,0,acoustic,33,100,16000,dark|long_release|multiphonic
organ_electronic_104-026-025,organ_electronic_104-026-025,/root/autodl-tmp/tokenizer-eval/data/nsynth/nsynth-test/audio/organ_electronic_104-026-025.wav,921,organ_electronic_104,6,organ,1,electronic,26,25,16000,
bass_synthetic_033-072-100,bass_synthetic_033-072-100,/root/autodl-tmp/tokenizer-eval/data/nsynth/nsynth-test/audio/bass_synthetic_033-072-100.wav,417,bass_synthetic_033,0,bass,2,synthetic,72,100,16000,
keyboard_acoustic_004-100-050,keyboard_acoustic_004-100-050,/root/autodl-tmp/tokenizer-eval/data/nsynth/nsynth-test/audio/keyboard_acoustic_004-100-050.wav,327,keyboard_acoustic_004,4,keyboard,0,acoustic,100,50,16000,reverb
mallet_acoustic_047-076-025,mallet_acoustic_047-076-025,/root/autodl-tmp/tokenizer-eval/data/nsynth/nsynth-test/audio/mallet_acoustic_047-076-025.wav,488,mallet_acoustic_047,5,mallet,0,acoustic,76,25,16000,fast_decay|percussive|reverb
bass_electronic_027-052-127,bass_electronic_027-052-127,/root/autodl-tmp/tokenizer-eval/data/nsynth/nsynth-test/audio/bass_electronic_027-052-127.wav,880,bass_electronic_027,0,bass,1,electronic,52,127,16000,
bass_synthetic_135-050-025,bass_synthetic_135-050-025,/root/autodl-tmp/tokenizer-eval/data/nsynth/nsynth-test/audio/bass_synthetic_135-050-025.wav,927,bass_synthetic_135,0,bass,2,synthetic,50,25,16000,distortion
guitar_electronic_022-076-025,guitar_electronic_022-076-025,/root/autodl-tmp/tokenizer-eval/data/nsynth/nsynth-test/audio/guitar_electronic_022-076-025.wav,378,guitar_electronic_022,3,guitar,1,electronic,76,25,16000,
keyboard_electronic_003-065-050,keyboard_electronic_003-065-050,/root/autodl-tmp/tokenizer-eval/data/nsynth/nsynth-test/audio/keyboard_electronic_003-065-050.wav,65,keyboard_electronic_003,4,keyboard,1,electronic,65,50,16000,
organ_electronic_001-043-127,organ_electronic_001-043-127,/root/autodl-tmp/tokenizer-eval/data/nsynth/nsynth-test/audio/organ_electronic_001-043-127.wav,8,organ_electronic_001,6,organ,1,electronic,43,127,16000,dark
mallet_acoustic_062-028-075,mallet_acoustic_062-028-075,/root/autodl-tmp/tokenizer-eval/data/nsynth/nsynth-test/audio/mallet_acoustic_062-028-075.wav,644,mallet_acoustic_062,5,mallet,0,acoustic,28,75,16000,dark|long_release|multiphonic
reed_acoustic_018-076-025,reed_acoustic_018-076-025,/root/autodl-tmp/tokenizer-eval/data/nsynth/nsynth-test/audio/reed_acoustic_018-076-025.wav,183,reed_acoustic_018,7,reed,0,acoustic,76,25,16000,
bass_synthetic_068-045-100,bass_synthetic_068-045-100,/root/autodl-tmp/tokenizer-eval/data/nsynth/nsynth-test/audio/bass_synthetic_068-045-100.wav,656,bass_synthetic_068,0,bass,2,synthetic,45,100,16000,dark
keyboard_electronic_002-071-127,keyboard_electronic_002-071-127,/root/autodl-tmp/tokenizer-eval/data/nsynth/nsynth-test/audio/keyboard_electronic_002-071-127.wav,50,keyboard_electronic_002,4,keyboard,1,electronic,71,127,16000,distortion
organ_electronic_007-040-127,organ_electronic_007-040-127,/root/autodl-tmp/tokenizer-eval/data/nsynth/nsynth-test/audio/organ_electronic_007-040-127.wav,123,organ_electronic_007,6,organ,1,electronic,40,127,16000,distortion|long_release|nonlinear_env
brass_acoustic_015-066-025,brass_acoustic_015-066-025,/root/autodl-tmp/tokenizer-eval/data/nsynth/nsynth-test/audio/brass_acoustic_015-066-025.wav,121,brass_acoustic_015,1,brass,0,acoustic,66,25,16000,reverb
organ_electronic_007-080-075,organ_electronic_007-080-075,/root/autodl-tmp/tokenizer-eval/data/nsynth/nsynth-test/audio/organ_electronic_007-080-075.wav,123,organ_electronic_007,6,organ,1,electronic,80,75,16000,bright|distortion|long_release|nonlinear_env
bass_synthetic_134-059-100,bass_synthetic_134-059-100,/root/autodl-tmp/tokenizer-eval/data/nsynth/nsynth-test/audio/bass_synthetic_134-059-100.wav,914,bass_synthetic_134,0,bass,2,synthetic,59,100,16000,dark|reverb
keyboard_electronic_001-075-050,keyboard_electronic_001-075-050,/root/autodl-tmp/tokenizer-eval/data/nsynth/nsynth-test/audio/keyboard_electronic_001-075-050.wav,40,keyboard_electronic_001,4,keyboard,1,electronic,75,50,16000,dark
flute_synthetic_000-091-050,flute_synthetic_000-091-050,/root/autodl-tmp/tokenizer-eval/data/nsynth/nsynth-test/audio/flute_synthetic_000-091-050.wav,82,flute_synthetic_000,2,flute,2,synthetic,91,50,16000,distortion
keyboard_electronic_078-049-100,keyboard_electronic_078-049-100,/root/autodl-tmp/tokenizer-eval/data/nsynth/nsynth-test/audio/keyboard_electronic_078-049-100.wav,838,keyboard_electronic_078,4,keyboard,1,electronic,49,100,16000,bright
guitar_acoustic_014-046-050,guitar_acoustic_014-046-050,/root/autodl-tmp/tokenizer-eval/data/nsynth/nsynth-test/audio/guitar_acoustic_014-046-050.wav,263,guitar_acoustic_014,3,guitar,0,acoustic,46,50,16000,
keyboard_acoustic_004-033-075,keyboard_acoustic_004-033-075,/root/autodl-tmp/tokenizer-eval/data/nsynth/nsynth-test/audio/keyboard_acoustic_004-033-075.wav,327,keyboard_acoustic_004,4,keyboard,0,acoustic,33,75,16000,reverb
string_acoustic_056-058-127,string_acoustic_056-058-127,/root/autodl-tmp/tokenizer-eval/data/nsynth/nsynth-test/audio/string_acoustic_056-058-127.wav,436,string_acoustic_056,8,string,0,acoustic,58,127,16000,fast_decay|reverb
string_acoustic_080-033-075,string_acoustic_080-033-075,/root/autodl-tmp/tokenizer-eval/data/nsynth/nsynth-test/audio/string_acoustic_080-033-075.wav,675,string_acoustic_080,8,string,0,acoustic,33,75,16000,reverb
flute_synthetic_000-061-075,flute_synthetic_000-061-075,/root/autodl-tmp/tokenizer-eval/data/nsynth/nsynth-test/audio/flute_synthetic_000-061-075.wav,82,flute_synthetic_000,2,flute,2,synthetic,61,75,16000,distortion
brass_acoustic_046-053-050,brass_acoustic_046-053-050,/root/autodl-tmp/tokenizer-eval/data/nsynth/nsynth-test/audio/brass_acoustic_046-053-050.wav,414,brass_acoustic_046,1,brass,0,acoustic,53,50,16000,
bass_synthetic_009-047-127,bass_synthetic_009-047-127,/root/autodl-tmp/tokenizer-eval/data/nsynth/nsynth-test/audio/bass_synthetic_009-047-127.wav,150,bass_synthetic_009,0,bass,2,synthetic,47,127,16000,bright|distortion|long_release
flute_acoustic_002-103-075,flute_acoustic_002-103-075,/root/autodl-tmp/tokenizer-eval/data/nsynth/nsynth-test/audio/flute_acoustic_002-103-075.wav,86,flute_acoustic_002,2,flute,0,acoustic,103,75,16000,bright|reverb
flute_synthetic_000-092-127,flute_synthetic_000-092-127,/root/autodl-tmp/tokenizer-eval/data/nsynth/nsynth-test/audio/flute_synthetic_000-092-127.wav,82,flute_synthetic_000,2,flute,2,synthetic,92,127,16000,distortion
string_acoustic_012-029-075,string_acoustic_012-029-075,/root/autodl-tmp/tokenizer-eval/data/nsynth/nsynth-test/audio/string_acoustic_012-029-075.wav,97,string_acoustic_012,8,string,0,acoustic,29,75,16000,long_release|reverb
vocal_synthetic_003-105-100,vocal_synthetic_003-105-100,/root/autodl-tmp/tokenizer-eval/data/nsynth/nsynth-test/audio/vocal_synthetic_003-105-100.wav,37,vocal_synthetic_003,10,vocal,2,synthetic,105,100,16000,bright|distortion|long_release|nonlinear_env
guitar_acoustic_014-081-025,guitar_acoustic_014-081-025,/root/autodl-tmp/tokenizer-eval/data/nsynth/nsynth-test/audio/guitar_acoustic_014-081-025.wav,263,guitar_acoustic_014,3,guitar,0,acoustic,81,25,16000,fast_decay
string_acoustic_080-044-127,string_acoustic_080-044-127,/root/autodl-tmp/tokenizer-eval/data/nsynth/nsynth-test/audio/string_acoustic_080-044-127.wav,675,string_acoustic_080,8,string,0,acoustic,44,127,16000,long_release|reverb
brass_acoustic_046-065-100,brass_acoustic_046-065-100,/root/autodl-tmp/tokenizer-eval/data/nsynth/nsynth-test/audio/brass_acoustic_046-065-100.wav,414,brass_acoustic_046,1,brass,0,acoustic,65,100,16000,bright
flute_acoustic_002-086-127,flute_acoustic_002-086-127,/root/autodl-tmp/tokenizer-eval/data/nsynth/nsynth-test/audio/flute_acoustic_002-086-127.wav,86,flute_acoustic_002,2,flute,0,acoustic,86,127,16000,reverb
guitar_electronic_022-054-025,guitar_electronic_022-054-025,/root/autodl-tmp/tokenizer-eval/data/nsynth/nsynth-test/audio/guitar_electronic_022-054-025.wav,378,guitar_electronic_022,3,guitar,1,electronic,54,25,16000,dark
string_acoustic_012-044-100,string_acoustic_012-044-100,/root/autodl-tmp/tokenizer-eval/data/nsynth/nsynth-test/audio/string_acoustic_012-044-100.wav,97,string_acoustic_012,8,string,0,acoustic,44,100,16000,long_release|reverb
guitar_electronic_022-088-050,guitar_electronic_022-088-050,/root/autodl-tmp/tokenizer-eval/data/nsynth/nsynth-test/audio/guitar_electronic_022-088-050.wav,378,guitar_electronic_022,3,guitar,1,electronic,88,50,16000,
guitar_electronic_028-034-127,guitar_electronic_028-034-127,/root/autodl-tmp/tokenizer-eval/data/nsynth/nsynth-test/audio/guitar_electronic_028-034-127.wav,510,guitar_electronic_028,3,guitar,1,electronic,34,127,16000,
vocal_synthetic_003-041-127,vocal_synthetic_003-041-127,/root/autodl-tmp/tokenizer-eval/data/nsynth/nsynth-test/audio/vocal_synthetic_003-041-127.wav,37,vocal_synthetic_003,10,vocal,2,synthetic,41,127,16000,bright|distortion|long_release|nonlinear_env
guitar_electronic_028-048-127,guitar_electronic_028-048-127,/root/autodl-tmp/tokenizer-eval/data/nsynth/nsynth-test/audio/guitar_electronic_028-048-127.wav,510,guitar_electronic_028,3,guitar,1,electronic,48,127,16000,
organ_electronic_057-037-075,organ_electronic_057-037-075,/root/autodl-tmp/tokenizer-eval/data/nsynth/nsynth-test/audio/organ_electronic_057-037-075.wav,701,organ_electronic_057,6,organ,1,electronic,37,75,16000,dark
keyboard_electronic_002-023-127,keyboard_electronic_002-023-127,/root/autodl-tmp/tokenizer-eval/data/nsynth/nsynth-test/audio/keyboard_electronic_002-023-127.wav,50,keyboard_electronic_002,4,keyboard,1,electronic,23,127,16000,distortion
bass_electronic_025-036-075,bass_electronic_025-036-075,/root/autodl-tmp/tokenizer-eval/data/nsynth/nsynth-test/audio/bass_electronic_025-036-075.wav,872,bass_electronic_025,0,bass,1,electronic,36,75,16000,
mallet_acoustic_062-078-100,mallet_acoustic_062-078-100,/root/autodl-tmp/tokenizer-eval/data/nsynth/nsynth-test/audio/mallet_acoustic_062-078-100.wav,644,mallet_acoustic_062,5,mallet,0,acoustic,78,100,16000,multiphonic
flute_synthetic_000-023-050,flute_synthetic_000-023-050,/root/autodl-tmp/tokenizer-eval/data/nsynth/nsynth-test/audio/flute_synthetic_000-023-050.wav,82,flute_synthetic_000,2,flute,2,synthetic,23,50,16000,distortion
mallet_acoustic_062-026-050,mallet_acoustic_062-026-050,/root/autodl-tmp/tokenizer-eval/data/nsynth/nsynth-test/audio/mallet_acoustic_062-026-050.wav,644,mallet_acoustic_062,5,mallet,0,acoustic,26,50,16000,dark|multiphonic
organ_electronic_028-069-050,organ_electronic_028-069-050,/root/autodl-tmp/tokenizer-eval/data/nsynth/nsynth-test/audio/organ_electronic_028-069-050.wav,440,organ_electronic_028,6,organ,1,electronic,69,50,16000,dark
string_acoustic_057-063-100,string_acoustic_057-063-100,/root/autodl-tmp/tokenizer-eval/data/nsynth/nsynth-test/audio/string_acoustic_057-063-100.wav,450,string_acoustic_057,8,string,0,acoustic,63,100,16000,bright|nonlinear_env|reverb
guitar_acoustic_015-098-100,guitar_acoustic_015-098-100,/root/autodl-tmp/tokenizer-eval/data/nsynth/nsynth-test/audio/guitar_acoustic_015-098-100.wav,316,guitar_acoustic_015,3,guitar,0,acoustic,98,100,16000,fast_decay|percussive|reverb
brass_acoustic_046-095-075,brass_acoustic_046-095-075,/root/autodl-tmp/tokenizer-eval/data/nsynth/nsynth-test/audio/brass_acoustic_046-095-075.wav,414,brass_acoustic_046,1,brass,0,acoustic,95,75,16000,long_release
flute_synthetic_000-027-127,flute_synthetic_000-027-127,/root/autodl-tmp/tokenizer-eval/data/nsynth/nsynth-test/audio/flute_synthetic_000-027-127.wav,82,flute_synthetic_000,2,flute,2,synthetic,27,127,16000,distortion
organ_electronic_028-056-075,organ_electronic_028-056-075,/root/autodl-tmp/tokenizer-eval/data/nsynth/nsynth-test/audio/organ_electronic_028-056-075.wav,440,organ_electronic_028,6,organ,1,electronic,56,75,16000,dark
string_acoustic_071-049-025,string_acoustic_071-049-025,/root/autodl-tmp/tokenizer-eval/data/nsynth/nsynth-test/audio/string_acoustic_071-049-025.wav,609,string_acoustic_071,8,string,0,acoustic,49,25,16000,long_release|reverb
brass_acoustic_006-041-025,brass_acoustic_006-041-025,/root/autodl-tmp/tokenizer-eval/data/nsynth/nsynth-test/audio/brass_acoustic_006-041-025.wav,43,brass_acoustic_006,1,brass,0,acoustic,41,25,16000,reverb
brass_acoustic_006-062-127,brass_acoustic_006-062-127,/root/autodl-tmp/tokenizer-eval/data/nsynth/nsynth-test/audio/brass_acoustic_006-062-127.wav,43,brass_acoustic_006,1,brass,0,acoustic,62,127,16000,reverb
bass_synthetic_134-035-025,bass_synthetic_134-035-025,/root/autodl-tmp/tokenizer-eval/data/nsynth/nsynth-test/audio/bass_synthetic_134-035-025.wav,914,bass_synthetic_134,0,bass,2,synthetic,35,25,16000,dark|reverb
mallet_acoustic_047-088-075,mallet_acoustic_047-088-075,/root/autodl-tmp/tokenizer-eval/data/nsynth/nsynth-test/audio/mallet_acoustic_047-088-075.wav,488,mallet_acoustic_047,5,mallet,0,acoustic,88,75,16000,fast_decay|percussive|reverb
brass_acoustic_006-046-025,brass_acoustic_006-046-025,/root/autodl-tmp/tokenizer-eval/data/nsynth/nsynth-test/audio/brass_acoustic_006-046-025.wav,43,brass_acoustic_006,1,brass,0,acoustic,46,25,16000,reverb
brass_acoustic_046-101-075,brass_acoustic_046-101-075,/root/autodl-tmp/tokenizer-eval/data/nsynth/nsynth-test/audio/brass_acoustic_046-101-075.wav,414,brass_acoustic_046,1,brass,0,acoustic,101,75,16000,long_release
vocal_synthetic_003-066-100,vocal_synthetic_003-066-100,/root/autodl-tmp/tokenizer-eval/data/nsynth/nsynth-test/audio/vocal_synthetic_003-066-100.wav,37,vocal_synthetic_003,10,vocal,2,synthetic,66,100,16000,bright|distortion|long_release|nonlinear_env
organ_electronic_104-061-127,organ_electronic_104-061-127,/root/autodl-tmp/tokenizer-eval/data/nsynth/nsynth-test/audio/organ_electronic_104-061-127.wav,921,organ_electronic_104,6,organ,1,electronic,61,127,16000,
mallet_acoustic_047-073-100,mallet_acoustic_047-073-100,/root/autodl-tmp/tokenizer-eval/data/nsynth/nsynth-test/audio/mallet_acoustic_047-073-100.wav,488,mallet_acoustic_047,5,mallet,0,acoustic,73,100,16000,fast_decay|percussive|reverb
guitar_acoustic_021-067-127,guitar_acoustic_021-067-127,/root/autodl-tmp/tokenizer-eval/data/nsynth/nsynth-test/audio/guitar_acoustic_021-067-127.wav,457,guitar_acoustic_021,3,guitar,0,acoustic,67,127,16000,distortion
reed_acoustic_011-056-127,reed_acoustic_011-056-127,/root/autodl-tmp/tokenizer-eval/data/nsynth/nsynth-test/audio/reed_acoustic_011-056-127.wav,104,reed_acoustic_011,7,reed,0,acoustic,56,127,16000,bright
keyboard_electronic_001-092-127,keyboard_electronic_001-092-127,/root/autodl-tmp/tokenizer-eval/data/nsynth/nsynth-test/audio/keyboard_electronic_001-092-127.wav,40,keyboard_electronic_001,4,keyboard,1,electronic,92,127,16000,percussive
keyboard_electronic_003-028-127,keyboard_electronic_003-028-127,/root/autodl-tmp/tokenizer-eval/data/nsynth/nsynth-test/audio/keyboard_electronic_003-028-127.wav,65,keyboard_electronic_003,4,keyboard,1,electronic,28,127,16000,distortion
brass_acoustic_046-099-127,brass_acoustic_046-099-127,/root/autodl-tmp/tokenizer-eval/data/nsynth/nsynth-test/audio/brass_acoustic_046-099-127.wav,414,brass_acoustic_046,1,brass,0,acoustic,99,127,16000,long_release
guitar_acoustic_021-035-100,guitar_acoustic_021-035-100,/root/autodl-tmp/tokenizer-eval/data/nsynth/nsynth-test/audio/guitar_acoustic_021-035-100.wav,457,guitar_acoustic_021,3,guitar,0,acoustic,35,100,16000,
keyboard_synthetic_000-032-050,keyboard_synthetic_000-032-050,/root/autodl-tmp/tokenizer-eval/data/nsynth/nsynth-test/audio/keyboard_synthetic_000-032-050.wav,577,keyboard_synthetic_000,4,keyboard,2,synthetic,32,50,16000,distortion|fast_decay|nonlinear_env
flute_synthetic_000-081-127,flute_synthetic_000-081-127,/root/autodl-tmp/tokenizer-eval/data/nsynth/nsynth-test/audio/flute_synthetic_000-081-127.wav,82,flute_synthetic_000,2,flute,2,synthetic,81,127,16000,distortion
brass_acoustic_016-083-025,brass_acoustic_016-083-025,/root/autodl-tmp/tokenizer-eval/data/nsynth/nsynth-test/audio/brass_acoustic_016-083-025.wav,128,brass_acoustic_016,1,brass,0,acoustic,83,25,16000,bright
mallet_acoustic_062-070-025,mallet_acoustic_062-070-025,/root/autodl-tmp/tokenizer-eval/data/nsynth/nsynth-test/audio/mallet_acoustic_062-070-025.wav,644,mallet_acoustic_062,5,mallet,0,acoustic,70,25,16000,dark|fast_decay|multiphonic
keyboard_synthetic_000-084-025,keyboard_synthetic_000-084-025,/root/autodl-tmp/tokenizer-eval/data/nsynth/nsynth-test/audio/keyboard_synthetic_000-084-025.wav,577,keyboard_synthetic_000,4,keyboard,2,synthetic,84,25,16000,distortion|fast_decay|nonlinear_env
string_acoustic_080-048-025,string_acoustic_080-048-025,/root/autodl-tmp/tokenizer-eval/data/nsynth/nsynth-test/audio/string_acoustic_080-048-025.wav,675,string_acoustic_080,8,string,0,acoustic,48,25,16000,long_release|reverb
organ_electronic_001-090-025,organ_electronic_001-090-025,/root/autodl-tmp/tokenizer-eval/data/nsynth/nsynth-test/audio/organ_electronic_001-090-025.wav,8,organ_electronic_001,6,organ,1,electronic,90,25,16000,
brass_acoustic_006-035-100,brass_acoustic_006-035-100,/root/autodl-tmp/tokenizer-eval/data/nsynth/nsynth-test/audio/brass_acoustic_006-035-100.wav,43,brass_acoustic_006,1,brass,0,acoustic,35,100,16000,reverb
organ_electronic_113-083-050,organ_electronic_113-083-050,/root/autodl-tmp/tokenizer-eval/data/nsynth/nsynth-test/audio/organ_electronic_113-083-050.wav,958,organ_electronic_113,6,organ,1,electronic,83,50,16000,
organ_electronic_001-063-050,organ_electronic_001-063-050,/root/autodl-tmp/tokenizer-eval/data/nsynth/nsynth-test/audio/organ_electronic_001-063-050.wav,8,organ_electronic_001,6,organ,1,electronic,63,50,16000,
organ_electronic_104-064-075,organ_electronic_104-064-075,/root/autodl-tmp/tokenizer-eval/data/nsynth/nsynth-test/audio/organ_electronic_104-064-075.wav,921,organ_electronic_104,6,organ,1,electronic,64,75,16000,
bass_synthetic_135-060-127,bass_synthetic_135-060-127,/root/autodl-tmp/tokenizer-eval/data/nsynth/nsynth-test/audio/bass_synthetic_135-060-127.wav,927,bass_synthetic_135,0,bass,2,synthetic,60,127,16000,distortion
bass_synthetic_134-069-075,bass_synthetic_134-069-075,/root/autodl-tmp/tokenizer-eval/data/nsynth/nsynth-test/audio/bass_synthetic_134-069-075.wav,914,bass_synthetic_134,0,bass,2,synthetic,69,75,16000,dark|reverb
brass_acoustic_015-047-100,brass_acoustic_015-047-100,/root/autodl-tmp/tokenizer-eval/data/nsynth/nsynth-test/audio/brass_acoustic_015-047-100.wav,121,brass_acoustic_015,1,brass,0,acoustic,47,100,16000,reverb
brass_acoustic_015-048-100,brass_acoustic_015-048-100,/root/autodl-tmp/tokenizer-eval/data/nsynth/nsynth-test/audio/brass_acoustic_015-048-100.wav,121,brass_acoustic_015,1,brass,0,acoustic,48,100,16000,reverb
keyboard_electronic_098-091-100,keyboard_electronic_098-091-100,/root/autodl-tmp/tokenizer-eval/data/nsynth/nsynth-test/audio/keyboard_electronic_098-091-100.wav,905,keyboard_electronic_098,4,keyboard,1,electronic,91,100,16000,fast_decay|percussive
bass_electronic_018-041-050,bass_electronic_018-041-050,/root/autodl-tmp/tokenizer-eval/data/nsynth/nsynth-test/audio/bass_electronic_018-041-050.wav,759,bass_electronic_018,0,bass,1,electronic,41,50,16000,
reed_acoustic_018-073-127,reed_acoustic_018-073-127,/root/autodl-tmp/tokenizer-eval/data/nsynth/nsynth-test/audio/reed_acoustic_018-073-127.wav,183,reed_acoustic_018,7,reed,0,acoustic,73,127,16000,
keyboard_electronic_003-088-075,keyboard_electronic_003-088-075,/root/autodl-tmp/tokenizer-eval/data/nsynth/nsynth-test/audio/keyboard_electronic_003-088-075.wav,65,keyboard_electronic_003,4,keyboard,1,electronic,88,75,16000,
string_acoustic_080-051-127,string_acoustic_080-051-127,/root/autodl-tmp/tokenizer-eval/data/nsynth/nsynth-test/audio/string_acoustic_080-051-127.wav,675,string_acoustic_080,8,string,0,acoustic,51,127,16000,reverb
bass_electronic_018-023-075,bass_electronic_018-023-075,/root/autodl-tmp/tokenizer-eval/data/nsynth/nsynth-test/audio/bass_electronic_018-023-075.wav,759,bass_electronic_018,0,bass,1,electronic,23,75,16000,
flute_synthetic_000-064-100,flute_synthetic_000-064-100,/root/autodl-tmp/tokenizer-eval/data/nsynth/nsynth-test/audio/flute_synthetic_000-064-100.wav,82,flute_synthetic_000,2,flute,2,synthetic,64,100,16000,distortion
guitar_acoustic_014-090-050,guitar_acoustic_014-090-050,/root/autodl-tmp/tokenizer-eval/data/nsynth/nsynth-test/audio/guitar_acoustic_014-090-050.wav,263,guitar_acoustic_014,3,guitar,0,acoustic,90,50,16000,fast_decay|percussive
mallet_acoustic_062-090-050,mallet_acoustic_062-090-050,/root/autodl-tmp/tokenizer-eval/data/nsynth/nsynth-test/audio/mallet_acoustic_062-090-050.wav,644,mallet_acoustic_062,5,mallet,0,acoustic,90,50,16000,fast_decay|multiphonic
organ_electronic_007-067-127,organ_electronic_007-067-127,/root/autodl-tmp/tokenizer-eval/data/nsynth/nsynth-test/audio/organ_electronic_007-067-127.wav,123,organ_electronic_007,6,organ,1,electronic,67,127,16000,distortion|long_release|nonlinear_env
guitar_acoustic_014-037-075,guitar_acoustic_014-037-075,/root/autodl-tmp/tokenizer-eval/data/nsynth/nsynth-test/audio/guitar_acoustic_014-037-075.wav,263,guitar_acoustic_014,3,guitar,0,acoustic,37,75,16000,
brass_acoustic_006-052-127,brass_acoustic_006-052-127,/root/autodl-tmp/tokenizer-eval/data/nsynth/nsynth-test/audio/brass_acoustic_006-052-127.wav,43,brass_acoustic_006,1,brass,0,acoustic,52,127,16000,reverb
keyboard_synthetic_000-107-075,keyboard_synthetic_000-107-075,/root/autodl-tmp/tokenizer-eval/data/nsynth/nsynth-test/audio/keyboard_synthetic_000-107-075.wav,577,keyboard_synthetic_000,4,keyboard,2,synthetic,107,75,16000,bright|distortion|fast_decay|nonlinear_env|percussive
organ_electronic_007-019-075,organ_electronic_007-019-075,/root/autodl-tmp/tokenizer-eval/data/nsynth/nsynth-test/audio/organ_electronic_007-019-075.wav,123,organ_electronic_007,6,organ,1,electronic,19,75,16000,distortion|long_release|nonlinear_env
vocal_synthetic_003-086-050,vocal_synthetic_003-086-050,/root/autodl-tmp/tokenizer-eval/data/nsynth/nsynth-test/audio/vocal_synthetic_003-086-050.wav,37,vocal_synthetic_003,10,vocal,2,synthetic,86,50,16000,bright|distortion|long_release|nonlinear_env
guitar_acoustic_030-093-127,guitar_acoustic_030-093-127,/root/autodl-tmp/tokenizer-eval/data/nsynth/nsynth-test/audio/guitar_acoustic_030-093-127.wav,642,guitar_acoustic_030,3,guitar,0,acoustic,93,127,16000,fast_decay|tempo-synced
bass_synthetic_134-080-100,bass_synthetic_134-080-100,/root/autodl-tmp/tokenizer-eval/data/nsynth/nsynth-test/audio/bass_synthetic_134-080-100.wav,914,bass_synthetic_134,0,bass,2,synthetic,80,100,16000,fast_decay|percussive|reverb
guitar_acoustic_010-054-025,guitar_acoustic_010-054-025,/root/autodl-tmp/tokenizer-eval/data/nsynth/nsynth-test/audio/guitar_acoustic_010-054-025.wav,219,guitar_acoustic_010,3,guitar,0,acoustic,54,25,16000,
guitar_acoustic_015-082-127,guitar_acoustic_015-082-127,/root/autodl-tmp/tokenizer-eval/data/nsynth/nsynth-test/audio/guitar_acoustic_015-082-127.wav,316,guitar_acoustic_015,3,guitar,0,acoustic,82,127,16000,fast_decay|percussive|reverb
bass_synthetic_068-033-050,bass_synthetic_068-033-050,/root/autodl-tmp/tokenizer-eval/data/nsynth/nsynth-test/audio/bass_synthetic_068-033-050.wav,656,bass_synthetic_068,0,bass,2,synthetic,33,50,16000,dark
organ_electronic_113-054-127,organ_electronic_113-054-127,/root/autodl-tmp/tokenizer-eval/data/nsynth/nsynth-test/audio/organ_electronic_113-054-127.wav,958,organ_electronic_113,6,organ,1,electronic,54,127,16000,dark
guitar_acoustic_014-096-075,guitar_acoustic_014-096-075,/root/autodl-tmp/tokenizer-eval/data/nsynth/nsynth-test/audio/guitar_acoustic_014-096-075.wav,263,guitar_acoustic_014,3,guitar,0,acoustic,96,75,16000,fast_decay|percussive
organ_electronic_007-088-100,organ_electronic_007-088-100,/root/autodl-tmp/tokenizer-eval/data/nsynth/nsynth-test/audio/organ_electronic_007-088-100.wav,123,organ_electronic_007,6,organ,1,electronic,88,100,16000,long_release|nonlinear_env
bass_synthetic_068-065-075,bass_synthetic_068-065-075,/root/autodl-tmp/tokenizer-eval/data/nsynth/nsynth-test/audio/bass_synthetic_068-065-075.wav,656,bass_synthetic_068,0,bass,2,synthetic,65,75,16000,
guitar_acoustic_014-035-050,guitar_acoustic_014-035-050,/root/autodl-tmp/tokenizer-eval/data/nsynth/nsynth-test/audio/guitar_acoustic_014-035-050.wav,263,guitar_acoustic_014,3,guitar,0,acoustic,35,50,16000,
keyboard_synthetic_000-025-050,keyboard_synthetic_000-025-050,/root/autodl-tmp/tokenizer-eval/data/nsynth/nsynth-test/audio/keyboard_synthetic_000-025-050.wav,577,keyboard_synthetic_000,4,keyboard,2,synthetic,25,50,16000,distortion|fast_decay|nonlinear_env
keyboard_electronic_002-036-050,keyboard_electronic_002-036-050,/root/autodl-tmp/tokenizer-eval/data/nsynth/nsynth-test/audio/keyboard_electronic_002-036-050.wav,50,keyboard_electronic_002,4,keyboard,1,electronic,36,50,16000,distortion
string_acoustic_071-031-050,string_acoustic_071-031-050,/root/autodl-tmp/tokenizer-eval/data/nsynth/nsynth-test/audio/string_acoustic_071-031-050.wav,609,string_acoustic_071,8,string,0,acoustic,31,50,16000,long_release|reverb
mallet_acoustic_062-089-050,mallet_acoustic_062-089-050,/root/autodl-tmp/tokenizer-eval/data/nsynth/nsynth-test/audio/mallet_acoustic_062-089-050.wav,644,mallet_acoustic_062,5,mallet,0,acoustic,89,50,16000,fast_decay|multiphonic
mallet_acoustic_056-035-025,mallet_acoustic_056-035-025,/root/autodl-tmp/tokenizer-eval/data/nsynth/nsynth-test/audio/mallet_acoustic_056-035-025.wav,590,mallet_acoustic_056,5,mallet,0,acoustic,35,25,16000,bright|fast_decay|percussive
guitar_acoustic_015-090-025,guitar_acoustic_015-090-025,/root/autodl-tmp/tokenizer-eval/data/nsynth/nsynth-test/audio/guitar_acoustic_015-090-025.wav,316,guitar_acoustic_015,3,guitar,0,acoustic,90,25,16000,fast_decay|percussive|reverb
string_acoustic_080-048-127,string_acoustic_080-048-127,/root/autodl-tmp/tokenizer-eval/data/nsynth/nsynth-test/audio/string_acoustic_080-048-127.wav,675,string_acoustic_080,8,string,0,acoustic,48,127,16000,long_release|reverb
bass_synthetic_034-095-127,bass_synthetic_034-095-127,/root/autodl-tmp/tokenizer-eval/data/nsynth/nsynth-test/audio/bass_synthetic_034-095-127.wav,420,bass_synthetic_034,0,bass,2,synthetic,95,127,16000,bright|distortion|tempo-synced
guitar_acoustic_010-069-100,guitar_acoustic_010-069-100,/root/autodl-tmp/tokenizer-eval/data/nsynth/nsynth-test/audio/guitar_acoustic_010-069-100.wav,219,guitar_acoustic_010,3,guitar,0,acoustic,69,100,16000,
bass_synthetic_134-073-127,bass_synthetic_134-073-127,/root/autodl-tmp/tokenizer-eval/data/nsynth/nsynth-test/audio/bass_synthetic_134-073-127.wav,914,bass_synthetic_134,0,bass,2,synthetic,73,127,16000,dark|fast_decay|percussive|reverb
string_acoustic_056-050-127,string_acoustic_056-050-127,/root/autodl-tmp/tokenizer-eval/data/nsynth/nsynth-test/audio/string_acoustic_056-050-127.wav,436,string_acoustic_056,8,string,0,acoustic,50,127,16000,fast_decay|reverb
brass_acoustic_006-070-100,brass_acoustic_006-070-100,/root/autodl-tmp/tokenizer-eval/data/nsynth/nsynth-test/audio/brass_acoustic_006-070-100.wav,43,brass_acoustic_006,1,brass,0,acoustic,70,100,16000,long_release|reverb
guitar_acoustic_010-046-127,guitar_acoustic_010-046-127,/root/autodl-tmp/tokenizer-eval/data/nsynth/nsynth-test/audio/guitar_acoustic_010-046-127.wav,219,guitar_acoustic_010,3,guitar,0,acoustic,46,127,16000,
string_acoustic_057-058-127,string_acoustic_057-058-127,/root/autodl-tmp/tokenizer-eval/data/nsynth/nsynth-test/audio/string_acoustic_057-058-127.wav,450,string_acoustic_057,8,string,0,acoustic,58,127,16000,bright|nonlinear_env|reverb
reed_acoustic_023-057-050,reed_acoustic_023-057-050,/root/autodl-tmp/tokenizer-eval/data/nsynth/nsynth-test/audio/reed_acoustic_023-057-050.wav,224,reed_acoustic_023,7,reed,0,acoustic,57,50,16000,bright|fast_decay|multiphonic|nonlinear_env
keyboard_acoustic_004-038-025,keyboard_acoustic_004-038-025,/root/autodl-tmp/tokenizer-eval/data/nsynth/nsynth-test/audio/keyboard_acoustic_004-038-025.wav,327,keyboard_acoustic_004,4,keyboard,0,acoustic,38,25,16000,dark|reverb
bass_synthetic_135-063-075,bass_synthetic_135-063-075,/root/autodl-tmp/tokenizer-eval/data/nsynth/nsynth-test/audio/bass_synthetic_135-063-075.wav,927,bass_synthetic_135,0,bass,2,synthetic,63,75,16000,distortion
string_acoustic_014-041-025,string_acoustic_014-041-025,/root/autodl-tmp/tokenizer-eval/data/nsynth/nsynth-test/audio/string_acoustic_014-041-025.wav,100,string_acoustic_014,8,string,0,acoustic,41,25,16000,dark|reverb
guitar_acoustic_021-077-100,guitar_acoustic_021-077-100,/root/autodl-tmp/tokenizer-eval/data/nsynth/nsynth-test/audio/guitar_acoustic_021-077-100.wav,457,guitar_acoustic_021,3,guitar,0,acoustic,77,100,16000,fast_decay
bass_synthetic_134-030-025,bass_synthetic_134-030-025,/root/autodl-tmp/tokenizer-eval/data/nsynth/nsynth-test/audio/bass_synthetic_134-030-025.wav,914,bass_synthetic_134,0,bass,2,synthetic,30,25,16000,dark|reverb
guitar_acoustic_010-079-100,guitar_acoustic_010-079-100,/root/autodl-tmp/tokenizer-eval/data/nsynth/nsynth-test/audio/guitar_acoustic_010-079-100.wav,219,guitar_acoustic_010,3,guitar,0,acoustic,79,100,16000,
reed_acoustic_018-061-075,reed_acoustic_018-061-075,/root/autodl-tmp/tokenizer-eval/data/nsynth/nsynth-test/audio/reed_acoustic_018-061-075.wav,183,reed_acoustic_018,7,reed,0,acoustic,61,75,16000,
guitar_acoustic_021-080-100,guitar_acoustic_021-080-100,/root/autodl-tmp/tokenizer-eval/data/nsynth/nsynth-test/audio/guitar_acoustic_021-080-100.wav,457,guitar_acoustic_021,3,guitar,0,acoustic,80,100,16000,fast_decay
guitar_acoustic_010-097-050,guitar_acoustic_010-097-050,/root/autodl-tmp/tokenizer-eval/data/nsynth/nsynth-test/audio/guitar_acoustic_010-097-050.wav,219,guitar_acoustic_010,3,guitar,0,acoustic,97,50,16000,
string_acoustic_071-027-127,string_acoustic_071-027-127,/root/autodl-tmp/tokenizer-eval/data/nsynth/nsynth-test/audio/string_acoustic_071-027-127.wav,609,string_acoustic_071,8,string,0,acoustic,27,127,16000,long_release|reverb
brass_acoustic_016-060-127,brass_acoustic_016-060-127,/root/autodl-tmp/tokenizer-eval/data/nsynth/nsynth-test/audio/brass_acoustic_016-060-127.wav,128,brass_acoustic_016,1,brass,0,acoustic,60,127,16000,bright
vocal_synthetic_003-071-075,vocal_synthetic_003-071-075,/root/autodl-tmp/tokenizer-eval/data/nsynth/nsynth-test/audio/vocal_synthetic_003-071-075.wav,37,vocal_synthetic_003,10,vocal,2,synthetic,71,75,16000,bright|distortion|long_release|nonlinear_env
reed_acoustic_018-065-025,reed_acoustic_018-065-025,/root/autodl-tmp/tokenizer-eval/data/nsynth/nsynth-test/audio/reed_acoustic_018-065-025.wav,183,reed_acoustic_018,7,reed,0,acoustic,65,25,16000,
vocal_synthetic_003-036-127,vocal_synthetic_003-036-127,/root/autodl-tmp/tokenizer-eval/data/nsynth/nsynth-test/audio/vocal_synthetic_003-036-127.wav,37,vocal_synthetic_003,10,vocal,2,synthetic,36,127,16000,bright|distortion|long_release|nonlinear_env
reed_acoustic_037-060-100,reed_acoustic_037-060-100,/root/autodl-tmp/tokenizer-eval/data/nsynth/nsynth-test/audio/reed_acoustic_037-060-100.wav,387,reed_acoustic_037,7,reed,0,acoustic,60,100,16000,long_release|reverb
guitar_electronic_028-030-050,guitar_electronic_028-030-050,/root/autodl-tmp/tokenizer-eval/data/nsynth/nsynth-test/audio/guitar_electronic_028-030-050.wav,510,guitar_electronic_028,3,guitar,1,electronic,30,50,16000,dark
mallet_acoustic_056-047-100,mallet_acoustic_056-047-100,/root/autodl-tmp/tokenizer-eval/data/nsynth/nsynth-test/audio/mallet_acoustic_056-047-100.wav,590,mallet_acoustic_056,5,mallet,0,acoustic,47,100,16000,bright|fast_decay|percussive
keyboard_electronic_078-068-050,keyboard_electronic_078-068-050,/root/autodl-tmp/tokenizer-eval/data/nsynth/nsynth-test/audio/keyboard_electronic_078-068-050.wav,838,keyboard_electronic_078,4,keyboard,1,electronic,68,50,16000,bright
keyboard_synthetic_000-100-075,keyboard_synthetic_000-100-075,/root/autodl-tmp/tokenizer-eval/data/nsynth/nsynth-test/audio/keyboard_synthetic_000-100-075.wav,577,keyboard_synthetic_000,4,keyboard,2,synthetic,100,75,16000,bright|distortion|fast_decay|nonlinear_env|percussive
reed_acoustic_023-074-127,reed_acoustic_023-074-127,/root/autodl-tmp/tokenizer-eval/data/nsynth/nsynth-test/audio/reed_acoustic_023-074-127.wav,224,reed_acoustic_023,7,reed,0,acoustic,74,127,16000,bright|fast_decay|multiphonic|nonlinear_env
brass_acoustic_016-065-127,brass_acoustic_016-065-127,/root/autodl-tmp/tokenizer-eval/data/nsynth/nsynth-test/audio/brass_acoustic_016-065-127.wav,128,brass_acoustic_016,1,brass,0,acoustic,65,127,16000,bright
keyboard_electronic_001-035-050,keyboard_electronic_001-035-050,/root/autodl-tmp/tokenizer-eval/data/nsynth/nsynth-test/audio/keyboard_electronic_001-035-050.wav,40,keyboard_electronic_001,4,keyboard,1,electronic,35,50,16000,dark
reed_acoustic_018-085-100,reed_acoustic_018-085-100,/root/autodl-tmp/tokenizer-eval/data/nsynth/nsynth-test/audio/reed_acoustic_018-085-100.wav,183,reed_acoustic_018,7,reed,0,acoustic,85,100,16000,
reed_acoustic_011-069-100,reed_acoustic_011-069-100,/root/autodl-tmp/tokenizer-eval/data/nsynth/nsynth-test/audio/reed_acoustic_011-069-100.wav,104,reed_acoustic_011,7,reed,0,acoustic,69,100,16000,
guitar_acoustic_021-108-050,guitar_acoustic_021-108-050,/root/autodl-tmp/tokenizer-eval/data/nsynth/nsynth-test/audio/guitar_acoustic_021-108-050.wav,457,guitar_acoustic_021,3,guitar,0,acoustic,108,50,16000,fast_decay|percussive
vocal_synthetic_003-056-127,vocal_synthetic_003-056-127,/root/autodl-tmp/tokenizer-eval/data/nsynth/nsynth-test/audio/vocal_synthetic_003-056-127.wav,37,vocal_synthetic_003,10,vocal,2,synthetic,56,127,16000,bright|distortion|long_release|nonlinear_env
flute_acoustic_002-095-050,flute_acoustic_002-095-050,/root/autodl-tmp/tokenizer-eval/data/nsynth/nsynth-test/audio/flute_acoustic_002-095-050.wav,86,flute_acoustic_002,2,flute,0,acoustic,95,50,16000,long_release|reverb
string_acoustic_014-048-075,string_acoustic_014-048-075,/root/autodl-tmp/tokenizer-eval/data/nsynth/nsynth-test/audio/string_acoustic_014-048-075.wav,100,string_acoustic_014,8,string,0,acoustic,48,75,16000,dark|reverb
organ_electronic_057-069-075,organ_electronic_057-069-075,/root/autodl-tmp/tokenizer-eval/data/nsynth/nsynth-test/audio/organ_electronic_057-069-075.wav,701,organ_electronic_057,6,organ,1,electronic,69,75,16000,
flute_acoustic_002-105-075,flute_acoustic_002-105-075,/root/autodl-tmp/tokenizer-eval/data/nsynth/nsynth-test/audio/flute_acoustic_002-105-075.wav,86,flute_acoustic_002,2,flute,0,acoustic,105,75,16000,bright|reverb
mallet_acoustic_062-095-050,mallet_acoustic_062-095-050,/root/autodl-tmp/tokenizer-eval/data/nsynth/nsynth-test/audio/mallet_acoustic_062-095-050.wav,644,mallet_acoustic_062,5,mallet,0,acoustic,95,50,16000,fast_decay|multiphonic
reed_acoustic_011-060-050,reed_acoustic_011-060-050,/root/autodl-tmp/tokenizer-eval/data/nsynth/nsynth-test/audio/reed_acoustic_011-060-050.wav,104,reed_acoustic_011,7,reed,0,acoustic,60,50,16000,
vocal_acoustic_000-069-050,vocal_acoustic_000-069-050,/root/autodl-tmp/tokenizer-eval/data/nsynth/nsynth-test/audio/vocal_acoustic_000-069-050.wav,46,vocal_acoustic_000,10,vocal,0,acoustic,69,50,16000,reverb
flute_synthetic_000-050-050,flute_synthetic_000-050-050,/root/autodl-tmp/tokenizer-eval/data/nsynth/nsynth-test/audio/flute_synthetic_000-050-050.wav,82,flute_synthetic_000,2,flute,2,synthetic,50,50,16000,distortion
flute_synthetic_000-108-100,flute_synthetic_000-108-100,/root/autodl-tmp/tokenizer-eval/data/nsynth/nsynth-test/audio/flute_synthetic_000-108-100.wav,82,flute_synthetic_000,2,flute,2,synthetic,108,100,16000,bright|distortion
organ_electronic_028-068-127,organ_electronic_028-068-127,/root/autodl-tmp/tokenizer-eval/data/nsynth/nsynth-test/audio/organ_electronic_028-068-127.wav,440,organ_electronic_028,6,organ,1,electronic,68,127,16000,dark
keyboard_electronic_001-022-075,keyboard_electronic_001-022-075,/root/autodl-tmp/tokenizer-eval/data/nsynth/nsynth-test/audio/keyboard_electronic_001-022-075.wav,40,keyboard_electronic_001,4,keyboard,1,electronic,22,75,16000,dark
bass_electronic_025-058-127,bass_electronic_025-058-127,/root/autodl-tmp/tokenizer-eval/data/nsynth/nsynth-test/audio/bass_electronic_025-058-127.wav,872,bass_electronic_025,0,bass,1,electronic,58,127,16000,
guitar_acoustic_010-073-075,guitar_acoustic_010-073-075,/root/autodl-tmp/tokenizer-eval/data/nsynth/nsynth-test/audio/guitar_acoustic_010-073-075.wav,219,guitar_acoustic_010,3,guitar,0,acoustic,73,75,16000,
mallet_acoustic_047-091-025,mallet_acoustic_047-091-025,/root/autodl-tmp/tokenizer-eval/data/nsynth/nsynth-test/audio/mallet_acoustic_047-091-025.wav,488,mallet_acoustic_047,5,mallet,0,acoustic,91,25,16000,fast_decay|percussive|reverb
mallet_acoustic_056-064-127,mallet_acoustic_056-064-127,/root/autodl-tmp/tokenizer-eval/data/nsynth/nsynth-test/audio/mallet_acoustic_056-064-127.wav,590,mallet_acoustic_056,5,mallet,0,acoustic,64,127,16000,fast_decay|percussive
brass_acoustic_059-049-100,brass_acoustic_059-049-100,/root/autodl-tmp/tokenizer-eval/data/nsynth/nsynth-test/audio/brass_acoustic_059-049-100.wav,572,brass_acoustic_059,1,brass,0,acoustic,49,100,16000,reverb
brass_acoustic_006-037-127,brass_acoustic_006-037-127,/root/autodl-tmp/tokenizer-eval/data/nsynth/nsynth-test/audio/brass_acoustic_006-037-127.wav,43,brass_acoustic_006,1,brass,0,acoustic,37,127,16000,reverb
reed_acoustic_018-068-127,reed_acoustic_018-068-127,/root/autodl-tmp/tokenizer-eval/data/nsynth/nsynth-test/audio/reed_acoustic_018-068-127.wav,183,reed_acoustic_018,7,reed,0,acoustic,68,127,16000,
guitar_acoustic_021-044-025,guitar_acoustic_021-044-025,/root/autodl-tmp/tokenizer-eval/data/nsynth/nsynth-test/audio/guitar_acoustic_021-044-025.wav,457,guitar_acoustic_021,3,guitar,0,acoustic,44,25,16000,
string_acoustic_071-047-025,string_acoustic_071-047-025,/root/autodl-tmp/tokenizer-eval/data/nsynth/nsynth-test/audio/string_acoustic_071-047-025.wav,609,string_acoustic_071,8,string,0,acoustic,47,25,16000,long_release|reverb
brass_acoustic_046-069-127,brass_acoustic_046-069-127,/root/autodl-tmp/tokenizer-eval/data/nsynth/nsynth-test/audio/brass_acoustic_046-069-127.wav,414,brass_acoustic_046,1,brass,0,acoustic,69,127,16000,bright
reed_acoustic_011-047-100,reed_acoustic_011-047-100,/root/autodl-tmp/tokenizer-eval/data/nsynth/nsynth-test/audio/reed_acoustic_011-047-100.wav,104,reed_acoustic_011,7,reed,0,acoustic,47,100,16000,bright
bass_synthetic_033-027-100,bass_synthetic_033-027-100,/root/autodl-tmp/tokenizer-eval/data/nsynth/nsynth-test/audio/bass_synthetic_033-027-100.wav,417,bass_synthetic_033,0,bass,2,synthetic,27,100,16000,dark
bass_synthetic_009-074-075,bass_synthetic_009-074-075,/root/autodl-tmp/tokenizer-eval/data/nsynth/nsynth-test/audio/bass_synthetic_009-074-075.wav,150,bass_synthetic_009,0,bass,2,synthetic,74,75,16000,bright|distortion|long_release
organ_electronic_057-069-025,organ_electronic_057-069-025,/root/autodl-tmp/tokenizer-eval/data/nsynth/nsynth-test/audio/organ_electronic_057-069-025.wav,701,organ_electronic_057,6,organ,1,electronic,69,25,16000,
flute_synthetic_000-079-025,flute_synthetic_000-079-025,/root/autodl-tmp/tokenizer-eval/data/nsynth/nsynth-test/audio/flute_synthetic_000-079-025.wav,82,flute_synthetic_000,2,flute,2,synthetic,79,25,16000,distortion
reed_acoustic_037-073-050,reed_acoustic_037-073-050,/root/autodl-tmp/tokenizer-eval/data/nsynth/nsynth-test/audio/reed_acoustic_037-073-050.wav,387,reed_acoustic_037,7,reed,0,acoustic,73,50,16000,reverb
bass_synthetic_134-104-075,bass_synthetic_134-104-075,/root/autodl-tmp/tokenizer-eval/data/nsynth/nsynth-test/audio/bass_synthetic_134-104-075.wav,914,bass_synthetic_134,0,bass,2,synthetic,104,75,16000,fast_decay|percussive|reverb
reed_acoustic_023-053-100,reed_acoustic_023-053-100,/root/autodl-tmp/tokenizer-eval/data/nsynth/nsynth-test/audio/reed_acoustic_023-053-100.wav,224,reed_acoustic_023,7,reed,0,acoustic,53,100,16000,bright|fast_decay|multiphonic|nonlinear_env
organ_electronic_007-011-050,organ_electronic_007-011-050,/root/autodl-tmp/tokenizer-eval/data/nsynth/nsynth-test/audio/organ_electronic_007-011-050.wav,123,organ_electronic_007,6,organ,1,electronic,11,50,16000,distortion|long_release|nonlinear_env
organ_electronic_113-046-100,organ_electronic_113-046-100,/root/autodl-tmp/tokenizer-eval/data/nsynth/nsynth-test/audio/organ_electronic_113-046-100.wav,958,organ_electronic_113,6,organ,1,electronic,46,100,16000,dark
keyboard_synthetic_000-069-100,keyboard_synthetic_000-069-100,/root/autodl-tmp/tokenizer-eval/data/nsynth/nsynth-test/audio/keyboard_synthetic_000-069-100.wav,577,keyboard_synthetic_000,4,keyboard,2,synthetic,69,100,16000,bright|distortion|fast_decay|nonlinear_env
organ_electronic_007-055-050,organ_electronic_007-055-050,/root/autodl-tmp/tokenizer-eval/data/nsynth/nsynth-test/audio/organ_electronic_007-055-050.wav,123,organ_electronic_007,6,organ,1,electronic,55,50,16000,distortion|long_release|nonlinear_env
keyboard_synthetic_000-061-100,keyboard_synthetic_000-061-100,/root/autodl-tmp/tokenizer-eval/data/nsynth/nsynth-test/audio/keyboard_synthetic_000-061-100.wav,577,keyboard_synthetic_000,4,keyboard,2,synthetic,61,100,16000,bright|distortion|fast_decay|nonlinear_env
bass_synthetic_009-030-075,bass_synthetic_009-030-075,/root/autodl-tmp/tokenizer-eval/data/nsynth/nsynth-test/audio/bass_synthetic_009-030-075.wav,150,bass_synthetic_009,0,bass,2,synthetic,30,75,16000,bright|distortion|long_release
keyboard_electronic_003-032-127,keyboard_electronic_003-032-127,/root/autodl-tmp/tokenizer-eval/data/nsynth/nsynth-test/audio/keyboard_electronic_003-032-127.wav,65,keyboard_electronic_003,4,keyboard,1,electronic,32,127,16000,distortion
guitar_acoustic_021-054-100,guitar_acoustic_021-054-100,/root/autodl-tmp/tokenizer-eval/data/nsynth/nsynth-test/audio/guitar_acoustic_021-054-100.wav,457,guitar_acoustic_021,3,guitar,0,acoustic,54,100,16000,
brass_acoustic_006-048-025,brass_acoustic_006-048-025,/root/autodl-tmp/tokenizer-eval/data/nsynth/nsynth-test/audio/brass_acoustic_006-048-025.wav,43,brass_acoustic_006,1,brass,0,acoustic,48,25,16000,reverb
keyboard_electronic_098-030-075,keyboard_electronic_098-030-075,/root/autodl-tmp/tokenizer-eval/data/nsynth/nsynth-test/audio/keyboard_electronic_098-030-075.wav,905,keyboard_electronic_098,4,keyboard,1,electronic,30,75,16000,dark|distortion
keyboard_synthetic_000-022-075,keyboard_synthetic_000-022-075,/root/autodl-tmp/tokenizer-eval/data/nsynth/nsynth-test/audio/keyboard_synthetic_000-022-075.wav,577,keyboard_synthetic_000,4,keyboard,2,synthetic,22,75,16000,distortion|fast_decay|nonlinear_env
guitar_acoustic_010-027-127,guitar_acoustic_010-027-127,/root/autodl-tmp/tokenizer-eval/data/nsynth/nsynth-test/audio/guitar_acoustic_010-027-127.wav,219,guitar_acoustic_010,3,guitar,0,acoustic,27,127,16000,
bass_synthetic_134-029-025,bass_synthetic_134-029-025,/root/autodl-tmp/tokenizer-eval/data/nsynth/nsynth-test/audio/bass_synthetic_134-029-025.wav,914,bass_synthetic_134,0,bass,2,synthetic,29,25,16000,dark|reverb
reed_acoustic_011-060-127,reed_acoustic_011-060-127,/root/autodl-tmp/tokenizer-eval/data/nsynth/nsynth-test/audio/reed_acoustic_011-060-127.wav,104,reed_acoustic_011,7,reed,0,acoustic,60,127,16000,
flute_synthetic_000-081-075,flute_synthetic_000-081-075,/root/autodl-tmp/tokenizer-eval/data/nsynth/nsynth-test/audio/flute_synthetic_000-081-075.wav,82,flute_synthetic_000,2,flute,2,synthetic,81,75,16000,distortion
flute_synthetic_000-057-025,flute_synthetic_000-057-025,/root/autodl-tmp/tokenizer-eval/data/nsynth/nsynth-test/audio/flute_synthetic_000-057-025.wav,82,flute_synthetic_000,2,flute,2,synthetic,57,25,16000,distortion
brass_acoustic_006-027-050,brass_acoustic_006-027-050,/root/autodl-tmp/tokenizer-eval/data/nsynth/nsynth-test/audio/brass_acoustic_006-027-050.wav,43,brass_acoustic_006,1,brass,0,acoustic,27,50,16000,reverb
guitar_acoustic_030-101-050,guitar_acoustic_030-101-050,/root/autodl-tmp/tokenizer-eval/data/nsynth/nsynth-test/audio/guitar_acoustic_030-101-050.wav,642,guitar_acoustic_030,3,guitar,0,acoustic,101,50,16000,fast_decay|percussive|tempo-synced
bass_synthetic_033-059-100,bass_synthetic_033-059-100,/root/autodl-tmp/tokenizer-eval/data/nsynth/nsynth-test/audio/bass_synthetic_033-059-100.wav,417,bass_synthetic_033,0,bass,2,synthetic,59,100,16000,dark
guitar_acoustic_021-056-075,guitar_acoustic_021-056-075,/root/autodl-tmp/tokenizer-eval/data/nsynth/nsynth-test/audio/guitar_acoustic_021-056-075.wav,457,guitar_acoustic_021,3,guitar,0,acoustic,56,75,16000,
bass_electronic_018-052-075,bass_electronic_018-052-075,/root/autodl-tmp/tokenizer-eval/data/nsynth/nsynth-test/audio/bass_electronic_018-052-075.wav,759,bass_electronic_018,0,bass,1,electronic,52,75,16000,
keyboard_synthetic_000-063-075,keyboard_synthetic_000-063-075,/root/autodl-tmp/tokenizer-eval/data/nsynth/nsynth-test/audio/keyboard_synthetic_000-063-075.wav,577,keyboard_synthetic_000,4,keyboard,2,synthetic,63,75,16000,distortion|fast_decay|nonlinear_env
mallet_acoustic_047-104-075,mallet_acoustic_047-104-075,/root/autodl-tmp/tokenizer-eval/data/nsynth/nsynth-test/audio/mallet_acoustic_047-104-075.wav,488,mallet_acoustic_047,5,mallet,0,acoustic,104,75,16000,fast_decay|percussive|reverb
guitar_acoustic_010-023-127,guitar_acoustic_010-023-127,/root/autodl-tmp/tokenizer-eval/data/nsynth/nsynth-test/audio/guitar_acoustic_010-023-127.wav,219,guitar_acoustic_010,3,guitar,0,acoustic,23,127,16000,
brass_acoustic_016-077-100,brass_acoustic_016-077-100,/root/autodl-tmp/tokenizer-eval/data/nsynth/nsynth-test/audio/brass_acoustic_016-077-100.wav,128,brass_acoustic_016,1,brass,0,acoustic,77,100,16000,bright
brass_acoustic_046-094-127,brass_acoustic_046-094-127,/root/autodl-tmp/tokenizer-eval/data/nsynth/nsynth-test/audio/brass_acoustic_046-094-127.wav,414,brass_acoustic_046,1,brass,0,acoustic,94,127,16000,long_release
brass_acoustic_059-035-050,brass_acoustic_059-035-050,/root/autodl-tmp/tokenizer-eval/data/nsynth/nsynth-test/audio/brass_acoustic_059-035-050.wav,572,brass_acoustic_059,1,brass,0,acoustic,35,50,16000,reverb
organ_electronic_007-065-127,organ_electronic_007-065-127,/root/autodl-tmp/tokenizer-eval/data/nsynth/nsynth-test/audio/organ_electronic_007-065-127.wav,123,organ_electronic_007,6,organ,1,electronic,65,127,16000,distortion|long_release|nonlinear_env
vocal_synthetic_003-057-025,vocal_synthetic_003-057-025,/root/autodl-tmp/tokenizer-eval/data/nsynth/nsynth-test/audio/vocal_synthetic_003-057-025.wav,37,vocal_synthetic_003,10,vocal,2,synthetic,57,25,16000,distortion|long_release|nonlinear_env
keyboard_electronic_001-040-075,keyboard_electronic_001-040-075,/root/autodl-tmp/tokenizer-eval/data/nsynth/nsynth-test/audio/keyboard_electronic_001-040-075.wav,40,keyboard_electronic_001,4,keyboard,1,electronic,40,75,16000,dark
reed_acoustic_011-058-127,reed_acoustic_011-058-127,/root/autodl-tmp/tokenizer-eval/data/nsynth/nsynth-test/audio/reed_acoustic_011-058-127.wav,104,reed_acoustic_011,7,reed,0,acoustic,58,127,16000,
vocal_synthetic_003-063-100,vocal_synthetic_003-063-100,/root/autodl-tmp/tokenizer-eval/data/nsynth/nsynth-test/audio/vocal_synthetic_003-063-100.wav,37,vocal_synthetic_003,10,vocal,2,synthetic,63,100,16000,bright|distortion|long_release|nonlinear_env
brass_acoustic_016-066-025,brass_acoustic_016-066-025,/root/autodl-tmp/tokenizer-eval/data/nsynth/nsynth-test/audio/brass_acoustic_016-066-025.wav,128,brass_acoustic_016,1,brass,0,acoustic,66,25,16000,bright
organ_electronic_007-016-100,organ_electronic_007-016-100,/root/autodl-tmp/tokenizer-eval/data/nsynth/nsynth-test/audio/organ_electronic_007-016-100.wav,123,organ_electronic_007,6,organ,1,electronic,16,100,16000,distortion|long_release|nonlinear_env
reed_acoustic_011-050-127,reed_acoustic_011-050-127,/root/autodl-tmp/tokenizer-eval/data/nsynth/nsynth-test/audio/reed_acoustic_011-050-127.wav,104,reed_acoustic_011,7,reed,0,acoustic,50,127,16000,bright
guitar_acoustic_014-104-025,guitar_acoustic_014-104-025,/root/autodl-tmp/tokenizer-eval/data/nsynth/nsynth-test/audio/guitar_acoustic_014-104-025.wav,263,guitar_acoustic_014,3,guitar,0,acoustic,104,25,16000,fast_decay|percussive
flute_acoustic_002-087-025,flute_acoustic_002-087-025,/root/autodl-tmp/tokenizer-eval/data/nsynth/nsynth-test/audio/flute_acoustic_002-087-025.wav,86,flute_acoustic_002,2,flute,0,acoustic,87,25,16000,reverb
bass_electronic_018-062-025,bass_electronic_018-062-025,/root/autodl-tmp/tokenizer-eval/data/nsynth/nsynth-test/audio/bass_electronic_018-062-025.wav,759,bass_electronic_018,0,bass,1,electronic,62,25,16000,fast_decay
string_acoustic_080-037-127,string_acoustic_080-037-127,/root/autodl-tmp/tokenizer-eval/data/nsynth/nsynth-test/audio/string_acoustic_080-037-127.wav,675,string_acoustic_080,8,string,0,acoustic,37,127,16000,long_release|reverb
vocal_synthetic_003-065-127,vocal_synthetic_003-065-127,/root/autodl-tmp/tokenizer-eval/data/nsynth/nsynth-test/audio/vocal_synthetic_003-065-127.wav,37,vocal_synthetic_003,10,vocal,2,synthetic,65,127,16000,bright|distortion|long_release|nonlinear_env
keyboard_electronic_078-053-127,keyboard_electronic_078-053-127,/root/autodl-tmp/tokenizer-eval/data/nsynth/nsynth-test/audio/keyboard_electronic_078-053-127.wav,838,keyboard_electronic_078,4,keyboard,1,electronic,53,127,16000,bright
organ_electronic_001-079-075,organ_electronic_001-079-075,/root/autodl-tmp/tokenizer-eval/data/nsynth/nsynth-test/audio/organ_electronic_001-079-075.wav,8,organ_electronic_001,6,organ,1,electronic,79,75,16000,
bass_synthetic_033-107-100,bass_synthetic_033-107-100,/root/autodl-tmp/tokenizer-eval/data/nsynth/nsynth-test/audio/bass_synthetic_033-107-100.wav,417,bass_synthetic_033,0,bass,2,synthetic,107,100,16000,
string_acoustic_012-036-025,string_acoustic_012-036-025,/root/autodl-tmp/tokenizer-eval/data/nsynth/nsynth-test/audio/string_acoustic_012-036-025.wav,97,string_acoustic_012,8,string,0,acoustic,36,25,16000,reverb
vocal_synthetic_003-045-025,vocal_synthetic_003-045-025,/root/autodl-tmp/tokenizer-eval/data/nsynth/nsynth-test/audio/vocal_synthetic_003-045-025.wav,37,vocal_synthetic_003,10,vocal,2,synthetic,45,25,16000,distortion|long_release|nonlinear_env
keyboard_electronic_098-039-127,keyboard_electronic_098-039-127,/root/autodl-tmp/tokenizer-eval/data/nsynth/nsynth-test/audio/keyboard_electronic_098-039-127.wav,905,keyboard_electronic_098,4,keyboard,1,electronic,39,127,16000,dark|distortion
reed_acoustic_011-066-025,reed_acoustic_011-066-025,/root/autodl-tmp/tokenizer-eval/data/nsynth/nsynth-test/audio/reed_acoustic_011-066-025.wav,104,reed_acoustic_011,7,reed,0,acoustic,66,25,16000,
bass_synthetic_098-105-127,bass_synthetic_098-105-127,/root/autodl-tmp/tokenizer-eval/data/nsynth/nsynth-test/audio/bass_synthetic_098-105-127.wav,803,bass_synthetic_098,0,bass,2,synthetic,105,127,16000,
brass_acoustic_015-064-100,brass_acoustic_015-064-100,/root/autodl-tmp/tokenizer-eval/data/nsynth/nsynth-test/audio/brass_acoustic_015-064-100.wav,121,brass_acoustic_015,1,brass,0,acoustic,64,100,16000,reverb
brass_acoustic_015-058-050,brass_acoustic_015-058-050,/root/autodl-tmp/tokenizer-eval/data/nsynth/nsynth-test/audio/brass_acoustic_015-058-050.wav,121,brass_acoustic_015,1,brass,0,acoustic,58,50,16000,reverb
mallet_acoustic_062-107-100,mallet_acoustic_062-107-100,/root/autodl-tmp/tokenizer-eval/data/nsynth/nsynth-test/audio/mallet_acoustic_062-107-100.wav,644,mallet_acoustic_062,5,mallet,0,acoustic,107,100,16000,bright|fast_decay|multiphonic
guitar_acoustic_021-094-127,guitar_acoustic_021-094-127,/root/autodl-tmp/tokenizer-eval/data/nsynth/nsynth-test/audio/guitar_acoustic_021-094-127.wav,457,guitar_acoustic_021,3,guitar,0,acoustic,94,127,16000,fast_decay|percussive
string_acoustic_014-046-050,string_acoustic_014-046-050,/root/autodl-tmp/tokenizer-eval/data/nsynth/nsynth-test/audio/string_acoustic_014-046-050.wav,100,string_acoustic_014,8,string,0,acoustic,46,50,16000,dark|reverb
organ_electronic_113-073-050,organ_electronic_113-073-050,/root/autodl-tmp/tokenizer-eval/data/nsynth/nsynth-test/audio/organ_electronic_113-073-050.wav,958,organ_electronic_113,6,organ,1,electronic,73,50,16000,
keyboard_electronic_002-097-050,keyboard_electronic_002-097-050,/root/autodl-tmp/tokenizer-eval/data/nsynth/nsynth-test/audio/keyboard_electronic_002-097-050.wav,50,keyboard_electronic_002,4,keyboard,1,electronic,97,50,16000,fast_decay|percussive
reed_acoustic_023-054-127,reed_acoustic_023-054-127,/root/autodl-tmp/tokenizer-eval/data/nsynth/nsynth-test/audio/reed_acoustic_023-054-127.wav,224,reed_acoustic_023,7,reed,0,acoustic,54,127,16000,bright|fast_decay|multiphonic|nonlinear_env
mallet_acoustic_062-084-100,mallet_acoustic_062-084-100,/root/autodl-tmp/tokenizer-eval/data/nsynth/nsynth-test/audio/mallet_acoustic_062-084-100.wav,644,mallet_acoustic_062,5,mallet,0,acoustic,84,100,16000,multiphonic
reed_acoustic_023-031-075,reed_acoustic_023-031-075,/root/autodl-tmp/tokenizer-eval/data/nsynth/nsynth-test/audio/reed_acoustic_023-031-075.wav,224,reed_acoustic_023,7,reed,0,acoustic,31,75,16000,bright|fast_decay|multiphonic|nonlinear_env
flute_synthetic_000-030-127,flute_synthetic_000-030-127,/root/autodl-tmp/tokenizer-eval/data/nsynth/nsynth-test/audio/flute_synthetic_000-030-127.wav,82,flute_synthetic_000,2,flute,2,synthetic,30,127,16000,distortion
guitar_acoustic_015-040-050,guitar_acoustic_015-040-050,/root/autodl-tmp/tokenizer-eval/data/nsynth/nsynth-test/audio/guitar_acoustic_015-040-050.wav,316,guitar_acoustic_015,3,guitar,0,acoustic,40,50,16000,reverb
keyboard_electronic_001-071-025,keyboard_electronic_001-071-025,/root/autodl-tmp/tokenizer-eval/data/nsynth/nsynth-test/audio/keyboard_electronic_001-071-025.wav,40,keyboard_electronic_001,4,keyboard,1,electronic,71,25,16000,dark
keyboard_acoustic_004-081-100,keyboard_acoustic_004-081-100,/root/autodl-tmp/tokenizer-eval/data/nsynth/nsynth-test/audio/keyboard_acoustic_004-081-100.wav,327,keyboard_acoustic_004,4,keyboard,0,acoustic,81,100,16000,reverb
organ_electronic_028-040-050,organ_electronic_028-040-050,/root/autodl-tmp/tokenizer-eval/data/nsynth/nsynth-test/audio/organ_electronic_028-040-050.wav,440,organ_electronic_028,6,organ,1,electronic,40,50,16000,dark
flute_synthetic_000-057-050,flute_synthetic_000-057-050,/root/autodl-tmp/tokenizer-eval/data/nsynth/nsynth-test/audio/flute_synthetic_000-057-050.wav,82,flute_synthetic_000,2,flute,2,synthetic,57,50,16000,distortion
string_acoustic_056-040-025,string_acoustic_056-040-025,/root/autodl-tmp/tokenizer-eval/data/nsynth/nsynth-test/audio/string_acoustic_056-040-025.wav,436,string_acoustic_056,8,string,0,acoustic,40,25,16000,fast_decay|percussive|reverb
organ_electronic_113-080-127,organ_electronic_113-080-127,/root/autodl-tmp/tokenizer-eval/data/nsynth/nsynth-test/audio/organ_electronic_113-080-127.wav,958,organ_electronic_113,6,organ,1,electronic,80,127,16000,
organ_electronic_001-073-100,organ_electronic_001-073-100,/root/autodl-tmp/tokenizer-eval/data/nsynth/nsynth-test/audio/organ_electronic_001-073-100.wav,8,organ_electronic_001,6,organ,1,electronic,73,100,16000,
organ_electronic_113-051-075,organ_electronic_113-051-075,/root/autodl-tmp/tokenizer-eval/data/nsynth/nsynth-test/audio/organ_electronic_113-051-075.wav,958,organ_electronic_113,6,organ,1,electronic,51,75,16000,dark
bass_synthetic_009-051-050,bass_synthetic_009-051-050,/root/autodl-tmp/tokenizer-eval/data/nsynth/nsynth-test/audio/bass_synthetic_009-051-050.wav,150,bass_synthetic_009,0,bass,2,synthetic,51,50,16000,bright|distortion|long_release
brass_acoustic_006-068-050,brass_acoustic_006-068-050,/root/autodl-tmp/tokenizer-eval/data/nsynth/nsynth-test/audio/brass_acoustic_006-068-050.wav,43,brass_acoustic_006,1,brass,0,acoustic,68,50,16000,reverb
bass_synthetic_009-077-127,bass_synthetic_009-077-127,/root/autodl-tmp/tokenizer-eval/data/nsynth/nsynth-test/audio/bass_synthetic_009-077-127.wav,150,bass_synthetic_009,0,bass,2,synthetic,77,127,16000,bright|distortion|long_release
keyboard_synthetic_000-103-127,keyboard_synthetic_000-103-127,/root/autodl-tmp/tokenizer-eval/data/nsynth/nsynth-test/audio/keyboard_synthetic_000-103-127.wav,577,keyboard_synthetic_000,4,keyboard,2,synthetic,103,127,16000,bright|distortion|fast_decay|nonlinear_env|percussive
bass_synthetic_135-052-100,bass_synthetic_135-052-100,/root/autodl-tmp/tokenizer-eval/data/nsynth/nsynth-test/audio/bass_synthetic_135-052-100.wav,927,bass_synthetic_135,0,bass,2,synthetic,52,100,16000,distortion
bass_synthetic_033-105-075,bass_synthetic_033-105-075,/root/autodl-tmp/tokenizer-eval/data/nsynth/nsynth-test/audio/bass_synthetic_033-105-075.wav,417,bass_synthetic_033,0,bass,2,synthetic,105,75,16000,
string_acoustic_012-033-075,string_acoustic_012-033-075,/root/autodl-tmp/tokenizer-eval/data/nsynth/nsynth-test/audio/string_acoustic_012-033-075.wav,97,string_acoustic_012,8,string,0,acoustic,33,75,16000,reverb
vocal_acoustic_000-054-100,vocal_acoustic_000-054-100,/root/autodl-tmp/tokenizer-eval/data/nsynth/nsynth-test/audio/vocal_acoustic_000-054-100.wav,46,vocal_acoustic_000,10,vocal,0,acoustic,54,100,16000,reverb
mallet_acoustic_062-055-127,mallet_acoustic_062-055-127,/root/autodl-tmp/tokenizer-eval/data/nsynth/nsynth-test/audio/mallet_acoustic_062-055-127.wav,644,mallet_acoustic_062,5,mallet,0,acoustic,55,127,16000,dark|long_release|multiphonic
bass_synthetic_134-066-127,bass_synthetic_134-066-127,/root/autodl-tmp/tokenizer-eval/data/nsynth/nsynth-test/audio/bass_synthetic_134-066-127.wav,914,bass_synthetic_134,0,bass,2,synthetic,66,127,16000,dark|fast_decay|reverb
guitar_electronic_028-023-127,guitar_electronic_028-023-127,/root/autodl-tmp/tokenizer-eval/data/nsynth/nsynth-test/audio/guitar_electronic_028-023-127.wav,510,guitar_electronic_028,3,guitar,1,electronic,23,127,16000,
vocal_acoustic_000-064-127,vocal_acoustic_000-064-127,/root/autodl-tmp/tokenizer-eval/data/nsynth/nsynth-test/audio/vocal_acoustic_000-064-127.wav,46,vocal_acoustic_000,10,vocal,0,acoustic,64,127,16000,reverb
bass_synthetic_098-031-075,bass_synthetic_098-031-075,/root/autodl-tmp/tokenizer-eval/data/nsynth/nsynth-test/audio/bass_synthetic_098-031-075.wav,803,bass_synthetic_098,0,bass,2,synthetic,31,75,16000,
flute_acoustic_002-078-100,flute_acoustic_002-078-100,/root/autodl-tmp/tokenizer-eval/data/nsynth/nsynth-test/audio/flute_acoustic_002-078-100.wav,86,flute_acoustic_002,2,flute,0,acoustic,78,100,16000,reverb
guitar_acoustic_021-046-100,guitar_acoustic_021-046-100,/root/autodl-tmp/tokenizer-eval/data/nsynth/nsynth-test/audio/guitar_acoustic_021-046-100.wav,457,guitar_acoustic_021,3,guitar,0,acoustic,46,100,16000,
reed_acoustic_023-070-025,reed_acoustic_023-070-025,/root/autodl-tmp/tokenizer-eval/data/nsynth/nsynth-test/audio/reed_acoustic_023-070-025.wav,224,reed_acoustic_023,7,reed,0,acoustic,70,25,16000,bright|fast_decay|multiphonic|nonlinear_env
keyboard_electronic_002-073-100,keyboard_electronic_002-073-100,/root/autodl-tmp/tokenizer-eval/data/nsynth/nsynth-test/audio/keyboard_electronic_002-073-100.wav,50,keyboard_electronic_002,4,keyboard,1,electronic,73,100,16000,distortion
guitar_acoustic_021-073-025,guitar_acoustic_021-073-025,/root/autodl-tmp/tokenizer-eval/data/nsynth/nsynth-test/audio/guitar_acoustic_021-073-025.wav,457,guitar_acoustic_021,3,guitar,0,acoustic,73,25,16000,fast_decay
brass_acoustic_016-065-100,brass_acoustic_016-065-100,/root/autodl-tmp/tokenizer-eval/data/nsynth/nsynth-test/audio/brass_acoustic_016-065-100.wav,128,brass_acoustic_016,1,brass,0,acoustic,65,100,16000,bright
string_acoustic_057-065-100,string_acoustic_057-065-100,/root/autodl-tmp/tokenizer-eval/data/nsynth/nsynth-test/audio/string_acoustic_057-065-100.wav,450,string_acoustic_057,8,string,0,acoustic,65,100,16000,bright|nonlinear_env|reverb
organ_electronic_113-036-050,organ_electronic_113-036-050,/root/autodl-tmp/tokenizer-eval/data/nsynth/nsynth-test/audio/organ_electronic_113-036-050.wav,958,organ_electronic_113,6,organ,1,electronic,36,50,16000,dark
string_acoustic_057-092-100,string_acoustic_057-092-100,/root/autodl-tmp/tokenizer-eval/data/nsynth/nsynth-test/audio/string_acoustic_057-092-100.wav,450,string_acoustic_057,8,string,0,acoustic,92,100,16000,nonlinear_env|reverb
organ_electronic_028-024-100,organ_electronic_028-024-100,/root/autodl-tmp/tokenizer-eval/data/nsynth/nsynth-test/audio/organ_electronic_028-024-100.wav,440,organ_electronic_028,6,organ,1,electronic,24,100,16000,dark
guitar_acoustic_014-099-050,guitar_acoustic_014-099-050,/root/autodl-tmp/tokenizer-eval/data/nsynth/nsynth-test/audio/guitar_acoustic_014-099-050.wav,263,guitar_acoustic_014,3,guitar,0,acoustic,99,50,16000,fast_decay|percussive
guitar_electronic_028-082-100,guitar_electronic_028-082-100,/root/autodl-tmp/tokenizer-eval/data/nsynth/nsynth-test/audio/guitar_electronic_028-082-100.wav,510,guitar_electronic_028,3,guitar,1,electronic,82,100,16000,
keyboard_electronic_003-044-100,keyboard_electronic_003-044-100,/root/autodl-tmp/tokenizer-eval/data/nsynth/nsynth-test/audio/keyboard_electronic_003-044-100.wav,65,keyboard_electronic_003,4,keyboard,1,electronic,44,100,16000,distortion
mallet_acoustic_062-068-100,mallet_acoustic_062-068-100,/root/autodl-tmp/tokenizer-eval/data/nsynth/nsynth-test/audio/mallet_acoustic_062-068-100.wav,644,mallet_acoustic_062,5,mallet,0,acoustic,68,100,16000,dark|multiphonic
organ_electronic_028-025-025,organ_electronic_028-025-025,/root/autodl-tmp/tokenizer-eval/data/nsynth/nsynth-test/audio/organ_electronic_028-025-025.wav,440,organ_electronic_028,6,organ,1,electronic,25,25,16000,dark
bass_synthetic_068-034-075,bass_synthetic_068-034-075,/root/autodl-tmp/tokenizer-eval/data/nsynth/nsynth-test/audio/bass_synthetic_068-034-075.wav,656,bass_synthetic_068,0,bass,2,synthetic,34,75,16000,dark
flute_synthetic_000-098-127,flute_synthetic_000-098-127,/root/autodl-tmp/tokenizer-eval/data/nsynth/nsynth-test/audio/flute_synthetic_000-098-127.wav,82,flute_synthetic_000,2,flute,2,synthetic,98,127,16000,distortion
bass_synthetic_009-071-075,bass_synthetic_009-071-075,/root/autodl-tmp/tokenizer-eval/data/nsynth/nsynth-test/audio/bass_synthetic_009-071-075.wav,150,bass_synthetic_009,0,bass,2,synthetic,71,75,16000,bright|distortion|long_release
bass_synthetic_135-027-075,bass_synthetic_135-027-075,/root/autodl-tmp/tokenizer-eval/data/nsynth/nsynth-test/audio/bass_synthetic_135-027-075.wav,927,bass_synthetic_135,0,bass,2,synthetic,27,75,16000,distortion
string_acoustic_056-078-127,string_acoustic_056-078-127,/root/autodl-tmp/tokenizer-eval/data/nsynth/nsynth-test/audio/string_acoustic_056-078-127.wav,436,string_acoustic_056,8,string,0,acoustic,78,127,16000,fast_decay|percussive|reverb
organ_electronic_104-056-075,organ_electronic_104-056-075,/root/autodl-tmp/tokenizer-eval/data/nsynth/nsynth-test/audio/organ_electronic_104-056-075.wav,921,organ_electronic_104,6,organ,1,electronic,56,75,16000,
reed_acoustic_023-062-100,reed_acoustic_023-062-100,/root/autodl-tmp/tokenizer-eval/data/nsynth/nsynth-test/audio/reed_acoustic_023-062-100.wav,224,reed_acoustic_023,7,reed,0,acoustic,62,100,16000,bright|fast_decay|multiphonic|nonlinear_env
bass_synthetic_068-031-127,bass_synthetic_068-031-127,/root/autodl-tmp/tokenizer-eval/data/nsynth/nsynth-test/audio/bass_synthetic_068-031-127.wav,656,bass_synthetic_068,0,bass,2,synthetic,31,127,16000,dark|distortion
brass_acoustic_006-088-025,brass_acoustic_006-088-025,/root/autodl-tmp/tokenizer-eval/data/nsynth/nsynth-test/audio/brass_acoustic_006-088-025.wav,43,brass_acoustic_006,1,brass,0,acoustic,88,25,16000,reverb
vocal_synthetic_003-085-127,vocal_synthetic_003-085-127,/root/autodl-tmp/tokenizer-eval/data/nsynth/nsynth-test/audio/vocal_synthetic_003-085-127.wav,37,vocal_synthetic_003,10,vocal,2,synthetic,85,127,16000,bright|distortion|long_release|nonlinear_env
bass_electronic_027-037-127,bass_electronic_027-037-127,/root/autodl-tmp/tokenizer-eval/data/nsynth/nsynth-test/audio/bass_electronic_027-037-127.wav,880,bass_electronic_027,0,bass,1,electronic,37,127,16000,
bass_synthetic_033-053-050,bass_synthetic_033-053-050,/root/autodl-tmp/tokenizer-eval/data/nsynth/nsynth-test/audio/bass_synthetic_033-053-050.wav,417,bass_synthetic_033,0,bass,2,synthetic,53,50,16000,dark
bass_synthetic_009-014-050,bass_synthetic_009-014-050,/root/autodl-tmp/tokenizer-eval/data/nsynth/nsynth-test/audio/bass_synthetic_009-014-050.wav,150,bass_synthetic_009,0,bass,2,synthetic,14,50,16000,bright|distortion|long_release
guitar_acoustic_014-061-050,guitar_acoustic_014-061-050,/root/autodl-tmp/tokenizer-eval/data/nsynth/nsynth-test/audio/guitar_acoustic_014-061-050.wav,263,guitar_acoustic_014,3,guitar,0,acoustic,61,50,16000,
guitar_acoustic_015-077-100,guitar_acoustic_015-077-100,/root/autodl-tmp/tokenizer-eval/data/nsynth/nsynth-test/audio/guitar_acoustic_015-077-100.wav,316,guitar_acoustic_015,3,guitar,0,acoustic,77,100,16000,fast_decay|reverb
organ_electronic_104-050-050,organ_electronic_104-050-050,/root/autodl-tmp/tokenizer-eval/data/nsynth/nsynth-test/audio/organ_electronic_104-050-050.wav,921,organ_electronic_104,6,organ,1,electronic,50,50,16000,
guitar_acoustic_010-087-100,guitar_acoustic_010-087-100,/root/autodl-tmp/tokenizer-eval/data/nsynth/nsynth-test/audio/guitar_acoustic_010-087-100.wav,219,guitar_acoustic_010,3,guitar,0,acoustic,87,100,16000,
keyboard_electronic_003-033-075,keyboard_electronic_003-033-075,/root/autodl-tmp/tokenizer-eval/data/nsynth/nsynth-test/audio/keyboard_electronic_003-033-075.wav,65,keyboard_electronic_003,4,keyboard,1,electronic,33,75,16000,distortion
bass_synthetic_034-041-025,bass_synthetic_034-041-025,/root/autodl-tmp/tokenizer-eval/data/nsynth/nsynth-test/audio/bass_synthetic_034-041-025.wav,420,bass_synthetic_034,0,bass,2,synthetic,41,25,16000,distortion|tempo-synced
flute_acoustic_002-099-075,flute_acoustic_002-099-075,/root/autodl-tmp/tokenizer-eval/data/nsynth/nsynth-test/audio/flute_acoustic_002-099-075.wav,86,flute_acoustic_002,2,flute,0,acoustic,99,75,16000,bright|reverb
brass_acoustic_015-054-127,brass_acoustic_015-054-127,/root/autodl-tmp/tokenizer-eval/data/nsynth/nsynth-test/audio/brass_acoustic_015-054-127.wav,121,brass_acoustic_015,1,brass,0,acoustic,54,127,16000,reverb
bass_electronic_025-056-127,bass_electronic_025-056-127,/root/autodl-tmp/tokenizer-eval/data/nsynth/nsynth-test/audio/bass_electronic_025-056-127.wav,872,bass_electronic_025,0,bass,1,electronic,56,127,16000,
mallet_acoustic_062-032-127,mallet_acoustic_062-032-127,/root/autodl-tmp/tokenizer-eval/data/nsynth/nsynth-test/audio/mallet_acoustic_062-032-127.wav,644,mallet_acoustic_062,5,mallet,0,acoustic,32,127,16000,dark|long_release|multiphonic
reed_acoustic_037-073-075,reed_acoustic_037-073-075,/root/autodl-tmp/tokenizer-eval/data/nsynth/nsynth-test/audio/reed_acoustic_037-073-075.wav,387,reed_acoustic_037,7,reed,0,acoustic,73,75,16000,reverb
string_acoustic_014-030-050,string_acoustic_014-030-050,/root/autodl-tmp/tokenizer-eval/data/nsynth/nsynth-test/audio/string_acoustic_014-030-050.wav,100,string_acoustic_014,8,string,0,acoustic,30,50,16000,dark|reverb
organ_electronic_113-076-100,organ_electronic_113-076-100,/root/autodl-tmp/tokenizer-eval/data/nsynth/nsynth-test/audio/organ_electronic_113-076-100.wav,958,organ_electronic_113,6,organ,1,electronic,76,100,16000,
guitar_acoustic_021-084-050,guitar_acoustic_021-084-050,/root/autodl-tmp/tokenizer-eval/data/nsynth/nsynth-test/audio/guitar_acoustic_021-084-050.wav,457,guitar_acoustic_021,3,guitar,0,acoustic,84,50,16000,fast_decay|percussive
bass_synthetic_135-091-025,bass_synthetic_135-091-025,/root/autodl-tmp/tokenizer-eval/data/nsynth/nsynth-test/audio/bass_synthetic_135-091-025.wav,927,bass_synthetic_135,0,bass,2,synthetic,91,25,16000,distortion
brass_acoustic_046-061-025,brass_acoustic_046-061-025,/root/autodl-tmp/tokenizer-eval/data/nsynth/nsynth-test/audio/brass_acoustic_046-061-025.wav,414,brass_acoustic_046,1,brass,0,acoustic,61,25,16000,
brass_acoustic_016-084-100,brass_acoustic_016-084-100,/root/autodl-tmp/tokenizer-eval/data/nsynth/nsynth-test/audio/brass_acoustic_016-084-100.wav,128,brass_acoustic_016,1,brass,0,acoustic,84,100,16000,bright
bass_electronic_025-061-075,bass_electronic_025-061-075,/root/autodl-tmp/tokenizer-eval/data/nsynth/nsynth-test/audio/bass_electronic_025-061-075.wav,872,bass_electronic_025,0,bass,1,electronic,61,75,16000,fast_decay
string_acoustic_014-025-075,string_acoustic_014-025-075,/root/autodl-tmp/tokenizer-eval/data/nsynth/nsynth-test/audio/string_acoustic_014-025-075.wav,100,string_acoustic_014,8,string,0,acoustic,25,75,16000,dark|reverb
keyboard_electronic_001-069-127,keyboard_electronic_001-069-127,/root/autodl-tmp/tokenizer-eval/data/nsynth/nsynth-test/audio/keyboard_electronic_001-069-127.wav,40,keyboard_electronic_001,4,keyboard,1,electronic,69,127,16000,
bass_synthetic_009-010-025,bass_synthetic_009-010-025,/root/autodl-tmp/tokenizer-eval/data/nsynth/nsynth-test/audio/bass_synthetic_009-010-025.wav,150,bass_synthetic_009,0,bass,2,synthetic,10,25,16000,bright|distortion|long_release
guitar_acoustic_014-048-100,guitar_acoustic_014-048-100,/root/autodl-tmp/tokenizer-eval/data/nsynth/nsynth-test/audio/guitar_acoustic_014-048-100.wav,263,guitar_acoustic_014,3,guitar,0,acoustic,48,100,16000,
keyboard_acoustic_004-091-127,keyboard_acoustic_004-091-127,/root/autodl-tmp/tokenizer-eval/data/nsynth/nsynth-test/audio/keyboard_acoustic_004-091-127.wav,327,keyboard_acoustic_004,4,keyboard,0,acoustic,91,127,16000,percussive|reverb
reed_acoustic_023-054-100,reed_acoustic_023-054-100,/root/autodl-tmp/tokenizer-eval/data/nsynth/nsynth-test/audio/reed_acoustic_023-054-100.wav,224,reed_acoustic_023,7,reed,0,acoustic,54,100,16000,bright|fast_decay|multiphonic|nonlinear_env
keyboard_electronic_078-034-025,keyboard_electronic_078-034-025,/root/autodl-tmp/tokenizer-eval/data/nsynth/nsynth-test/audio/keyboard_electronic_078-034-025.wav,838,keyboard_electronic_078,4,keyboard,1,electronic,34,25,16000,bright
string_acoustic_071-044-050,string_acoustic_071-044-050,/root/autodl-tmp/tokenizer-eval/data/nsynth/nsynth-test/audio/string_acoustic_071-044-050.wav,609,string_acoustic_071,8,string,0,acoustic,44,50,16000,long_release|reverb
flute_synthetic_000-087-075,flute_synthetic_000-087-075,/root/autodl-tmp/tokenizer-eval/data/nsynth/nsynth-test/audio/flute_synthetic_000-087-075.wav,82,flute_synthetic_000,2,flute,2,synthetic,87,75,16000,distortion
guitar_electronic_028-081-025,guitar_electronic_028-081-025,/root/autodl-tmp/tokenizer-eval/data/nsynth/nsynth-test/audio/guitar_electronic_028-081-025.wav,510,guitar_electronic_028,3,guitar,1,electronic,81,25,16000,
keyboard_electronic_078-079-100,keyboard_electronic_078-079-100,/root/autodl-tmp/tokenizer-eval/data/nsynth/nsynth-test/audio/keyboard_electronic_078-079-100.wav,838,keyboard_electronic_078,4,keyboard,1,electronic,79,100,16000,bright|fast_decay
reed_acoustic_023-073-050,reed_acoustic_023-073-050,/root/autodl-tmp/tokenizer-eval/data/nsynth/nsynth-test/audio/reed_acoustic_023-073-050.wav,224,reed_acoustic_023,7,reed,0,acoustic,73,50,16000,bright|fast_decay|multiphonic|nonlinear_env
vocal_synthetic_003-065-050,vocal_synthetic_003-065-050,/root/autodl-tmp/tokenizer-eval/data/nsynth/nsynth-test/audio/vocal_synthetic_003-065-050.wav,37,vocal_synthetic_003,10,vocal,2,synthetic,65,50,16000,bright|distortion|long_release|nonlinear_env
bass_electronic_025-039-127,bass_electronic_025-039-127,/root/autodl-tmp/tokenizer-eval/data/nsynth/nsynth-test/audio/bass_electronic_025-039-127.wav,872,bass_electronic_025,0,bass,1,electronic,39,127,16000,
brass_acoustic_015-049-050,brass_acoustic_015-049-050,/root/autodl-tmp/tokenizer-eval/data/nsynth/nsynth-test/audio/brass_acoustic_015-049-050.wav,121,brass_acoustic_015,1,brass,0,acoustic,49,50,16000,reverb
flute_synthetic_000-054-050,flute_synthetic_000-054-050,/root/autodl-tmp/tokenizer-eval/data/nsynth/nsynth-test/audio/flute_synthetic_000-054-050.wav,82,flute_synthetic_000,2,flute,2,synthetic,54,50,16000,distortion
guitar_electronic_022-087-050,guitar_electronic_022-087-050,/root/autodl-tmp/tokenizer-eval/data/nsynth/nsynth-test/audio/guitar_electronic_022-087-050.wav,378,guitar_electronic_022,3,guitar,1,electronic,87,50,16000,
guitar_acoustic_014-039-025,guitar_acoustic_014-039-025,/root/autodl-tmp/tokenizer-eval/data/nsynth/nsynth-test/audio/guitar_acoustic_014-039-025.wav,263,guitar_acoustic_014,3,guitar,0,acoustic,39,25,16000,
organ_electronic_028-099-050,organ_electronic_028-099-050,/root/autodl-tmp/tokenizer-eval/data/nsynth/nsynth-test/audio/organ_electronic_028-099-050.wav,440,organ_electronic_028,6,organ,1,electronic,99,50,16000,bright
organ_electronic_104-081-127,organ_electronic_104-081-127,/root/autodl-tmp/tokenizer-eval/data/nsynth/nsynth-test/audio/organ_electronic_104-081-127.wav,921,organ_electronic_104,6,organ,1,electronic,81,127,16000,
bass_synthetic_134-095-075,bass_synthetic_134-095-075,/root/autodl-tmp/tokenizer-eval/data/nsynth/nsynth-test/audio/bass_synthetic_134-095-075.wav,914,bass_synthetic_134,0,bass,2,synthetic,95,75,16000,fast_decay|percussive|reverb
reed_acoustic_018-058-075,reed_acoustic_018-058-075,/root/autodl-tmp/tokenizer-eval/data/nsynth/nsynth-test/audio/reed_acoustic_018-058-075.wav,183,reed_acoustic_018,7,reed,0,acoustic,58,75,16000,
keyboard_electronic_098-034-100,keyboard_electronic_098-034-100,/root/autodl-tmp/tokenizer-eval/data/nsynth/nsynth-test/audio/keyboard_electronic_098-034-100.wav,905,keyboard_electronic_098,4,keyboard,1,electronic,34,100,16000,dark|distortion
bass_electronic_018-022-100,bass_electronic_018-022-100,/root/autodl-tmp/tokenizer-eval/data/nsynth/nsynth-test/audio/bass_electronic_018-022-100.wav,759,bass_electronic_018,0,bass,1,electronic,22,100,16000,fast_decay|percussive
string_acoustic_057-073-127,string_acoustic_057-073-127,/root/autodl-tmp/tokenizer-eval/data/nsynth/nsynth-test/audio/string_acoustic_057-073-127.wav,450,string_acoustic_057,8,string,0,acoustic,73,127,16000,bright|nonlinear_env|reverb
organ_electronic_104-071-100,organ_electronic_104-071-100,/root/autodl-tmp/tokenizer-eval/data/nsynth/nsynth-test/audio/organ_electronic_104-071-100.wav,921,organ_electronic_104,6,organ,1,electronic,71,100,16000,
mallet_acoustic_056-033-100,mallet_acoustic_056-033-100,/root/autodl-tmp/tokenizer-eval/data/nsynth/nsynth-test/audio/mallet_acoustic_056-033-100.wav,590,mallet_acoustic_056,5,mallet,0,acoustic,33,100,16000,bright|fast_decay|percussive
reed_acoustic_018-071-127,reed_acoustic_018-071-127,/root/autodl-tmp/tokenizer-eval/data/nsynth/nsynth-test/audio/reed_acoustic_018-071-127.wav,183,reed_acoustic_018,7,reed,0,acoustic,71,127,16000,
keyboard_electronic_003-081-025,keyboard_electronic_003-081-025,/root/autodl-tmp/tokenizer-eval/data/nsynth/nsynth-test/audio/keyboard_electronic_003-081-025.wav,65,keyboard_electronic_003,4,keyboard,1,electronic,81,25,16000,
mallet_acoustic_062-079-075,mallet_acoustic_062-079-075,/root/autodl-tmp/tokenizer-eval/data/nsynth/nsynth-test/audio/mallet_acoustic_062-079-075.wav,644,mallet_acoustic_062,5,mallet,0,acoustic,79,75,16000,fast_decay|multiphonic
bass_synthetic_135-092-075,bass_synthetic_135-092-075,/root/autodl-tmp/tokenizer-eval/data/nsynth/nsynth-test/audio/bass_synthetic_135-092-075.wav,927,bass_synthetic_135,0,bass,2,synthetic,92,75,16000,distortion
mallet_acoustic_047-102-050,mallet_acoustic_047-102-050,/root/autodl-tmp/tokenizer-eval/data/nsynth/nsynth-test/audio/mallet_acoustic_047-102-050.wav,488,mallet_acoustic_047,5,mallet,0,acoustic,102,50,16000,fast_decay|percussive|reverb
organ_electronic_104-031-025,organ_electronic_104-031-025,/root/autodl-tmp/tokenizer-eval/data/nsynth/nsynth-test/audio/organ_electronic_104-031-025.wav,921,organ_electronic_104,6,organ,1,electronic,31,25,16000,
reed_acoustic_023-057-075,reed_acoustic_023-057-075,/root/autodl-tmp/tokenizer-eval/data/nsynth/nsynth-test/audio/reed_acoustic_023-057-075.wav,224,reed_acoustic_023,7,reed,0,acoustic,57,75,16000,bright|fast_decay|multiphonic|nonlinear_env
brass_acoustic_046-059-075,brass_acoustic_046-059-075,/root/autodl-tmp/tokenizer-eval/data/nsynth/nsynth-test/audio/brass_acoustic_046-059-075.wav,414,brass_acoustic_046,1,brass,0,acoustic,59,75,16000,bright
mallet_acoustic_047-087-127,mallet_acoustic_047-087-127,/root/autodl-tmp/tokenizer-eval/data/nsynth/nsynth-test/audio/mallet_acoustic_047-087-127.wav,488,mallet_acoustic_047,5,mallet,0,acoustic,87,127,16000,fast_decay|percussive|reverb
string_acoustic_012-034-025,string_acoustic_012-034-025,/root/autodl-tmp/tokenizer-eval/data/nsynth/nsynth-test/audio/string_acoustic_012-034-025.wav,97,string_acoustic_012,8,string,0,acoustic,34,25,16000,long_release|reverb
string_acoustic_071-054-075,string_acoustic_071-054-075,/root/autodl-tmp/tokenizer-eval/data/nsynth/nsynth-test/audio/string_acoustic_071-054-075.wav,609,string_acoustic_071,8,string,0,acoustic,54,75,16000,reverb
keyboard_electronic_069-034-100,keyboard_electronic_069-034-100,/root/autodl-tmp/tokenizer-eval/data/nsynth/nsynth-test/audio/keyboard_electronic_069-034-100.wav,805,keyboard_electronic_069,4,keyboard,1,electronic,34,100,16000,distortion
organ_electronic_028-095-127,organ_electronic_028-095-127,/root/autodl-tmp/tokenizer-eval/data/nsynth/nsynth-test/audio/organ_electronic_028-095-127.wav,440,organ_electronic_028,6,organ,1,electronic,95,127,16000,bright|long_release
organ_electronic_057-079-050,organ_electronic_057-079-050,/root/autodl-tmp/tokenizer-eval/data/nsynth/nsynth-test/audio/organ_electronic_057-079-050.wav,701,organ_electronic_057,6,organ,1,electronic,79,50,16000,
keyboard_acoustic_004-046-075,keyboard_acoustic_004-046-075,/root/autodl-tmp/tokenizer-eval/data/nsynth/nsynth-test/audio/keyboard_acoustic_004-046-075.wav,327,keyboard_acoustic_004,4,keyboard,0,acoustic,46,75,16000,reverb
bass_synthetic_098-104-127,bass_synthetic_098-104-127,/root/autodl-tmp/tokenizer-eval/data/nsynth/nsynth-test/audio/bass_synthetic_098-104-127.wav,803,bass_synthetic_098,0,bass,2,synthetic,104,127,16000,
brass_acoustic_046-104-025,brass_acoustic_046-104-025,/root/autodl-tmp/tokenizer-eval/data/nsynth/nsynth-test/audio/brass_acoustic_046-104-025.wav,414,brass_acoustic_046,1,brass,0,acoustic,104,25,16000,long_release
guitar_acoustic_015-085-127,guitar_acoustic_015-085-127,/root/autodl-tmp/tokenizer-eval/data/nsynth/nsynth-test/audio/guitar_acoustic_015-085-127.wav,316,guitar_acoustic_015,3,guitar,0,acoustic,85,127,16000,fast_decay|percussive|reverb
bass_synthetic_033-035-050,bass_synthetic_033-035-050,/root/autodl-tmp/tokenizer-eval/data/nsynth/nsynth-test/audio/bass_synthetic_033-035-050.wav,417,bass_synthetic_033,0,bass,2,synthetic,35,50,16000,dark
organ_electronic_028-074-025,organ_electronic_028-074-025,/root/autodl-tmp/tokenizer-eval/data/nsynth/nsynth-test/audio/organ_electronic_028-074-025.wav,440,organ_electronic_028,6,organ,1,electronic,74,25,16000,dark
bass_synthetic_098-027-127,bass_synthetic_098-027-127,/root/autodl-tmp/tokenizer-eval/data/nsynth/nsynth-test/audio/bass_synthetic_098-027-127.wav,803,bass_synthetic_098,0,bass,2,synthetic,27,127,16000,distortion
keyboard_electronic_078-039-025,keyboard_electronic_078-039-025,/root/autodl-tmp/tokenizer-eval/data/nsynth/nsynth-test/audio/keyboard_electronic_078-039-025.wav,838,keyboard_electronic_078,4,keyboard,1,electronic,39,25,16000,bright
string_acoustic_012-040-100,string_acoustic_012-040-100,/root/autodl-tmp/tokenizer-eval/data/nsynth/nsynth-test/audio/string_acoustic_012-040-100.wav,97,string_acoustic_012,8,string,0,acoustic,40,100,16000,long_release|reverb
bass_synthetic_068-077-127,bass_synthetic_068-077-127,/root/autodl-tmp/tokenizer-eval/data/nsynth/nsynth-test/audio/bass_synthetic_068-077-127.wav,656,bass_synthetic_068,0,bass,2,synthetic,77,127,16000,distortion
organ_electronic_007-057-127,organ_electronic_007-057-127,/root/autodl-tmp/tokenizer-eval/data/nsynth/nsynth-test/audio/organ_electronic_007-057-127.wav,123,organ_electronic_007,6,organ,1,electronic,57,127,16000,distortion|long_release|nonlinear_env
guitar_electronic_028-065-050,guitar_electronic_028-065-050,/root/autodl-tmp/tokenizer-eval/data/nsynth/nsynth-test/audio/guitar_electronic_028-065-050.wav,510,guitar_electronic_028,3,guitar,1,electronic,65,50,16000,
mallet_acoustic_056-087-100,mallet_acoustic_056-087-100,/root/autodl-tmp/tokenizer-eval/data/nsynth/nsynth-test/audio/mallet_acoustic_056-087-100.wav,590,mallet_acoustic_056,5,mallet,0,acoustic,87,100,16000,
mallet_acoustic_062-074-127,mallet_acoustic_062-074-127,/root/autodl-tmp/tokenizer-eval/data/nsynth/nsynth-test/audio/mallet_acoustic_062-074-127.wav,644,mallet_acoustic_062,5,mallet,0,acoustic,74,127,16000,dark|multiphonic
bass_electronic_027-035-050,bass_electronic_027-035-050,/root/autodl-tmp/tokenizer-eval/data/nsynth/nsynth-test/audio/bass_electronic_027-035-050.wav,880,bass_electronic_027,0,bass,1,electronic,35,50,16000,
brass_acoustic_059-033-100,brass_acoustic_059-033-100,/root/autodl-tmp/tokenizer-eval/data/nsynth/nsynth-test/audio/brass_acoustic_059-033-100.wav,572,brass_acoustic_059,1,brass,0,acoustic,33,100,16000,reverb
organ_electronic_113-034-127,organ_electronic_113-034-127,/root/autodl-tmp/tokenizer-eval/data/nsynth/nsynth-test/audio/organ_electronic_113-034-127.wav,958,organ_electronic_113,6,organ,1,electronic,34,127,16000,dark
keyboard_electronic_069-067-050,keyboard_electronic_069-067-050,/root/autodl-tmp/tokenizer-eval/data/nsynth/nsynth-test/audio/keyboard_electronic_069-067-050.wav,805,keyboard_electronic_069,4,keyboard,1,electronic,67,50,16000,distortion
keyboard_electronic_078-055-025,keyboard_electronic_078-055-025,/root/autodl-tmp/tokenizer-eval/data/nsynth/nsynth-test/audio/keyboard_electronic_078-055-025.wav,838,keyboard_electronic_078,4,keyboard,1,electronic,55,25,16000,bright
keyboard_synthetic_000-104-127,keyboard_synthetic_000-104-127,/root/autodl-tmp/tokenizer-eval/data/nsynth/nsynth-test/audio/keyboard_synthetic_000-104-127.wav,577,keyboard_synthetic_000,4,keyboard,2,synthetic,104,127,16000,bright|distortion|fast_decay|nonlinear_env|percussive
guitar_acoustic_021-092-127,guitar_acoustic_021-092-127,/root/autodl-tmp/tokenizer-eval/data/nsynth/nsynth-test/audio/guitar_acoustic_021-092-127.wav,457,guitar_acoustic_021,3,guitar,0,acoustic,92,127,16000,fast_decay|percussive
flute_acoustic_002-068-050,flute_acoustic_002-068-050,/root/autodl-tmp/tokenizer-eval/data/nsynth/nsynth-test/audio/flute_acoustic_002-068-050.wav,86,flute_acoustic_002,2,flute,0,acoustic,68,50,16000,long_release|reverb
keyboard_electronic_069-088-127,keyboard_electronic_069-088-127,/root/autodl-tmp/tokenizer-eval/data/nsynth/nsynth-test/audio/keyboard_electronic_069-088-127.wav,805,keyboard_electronic_069,4,keyboard,1,electronic,88,127,16000,
bass_synthetic_134-091-025,bass_synthetic_134-091-025,/root/autodl-tmp/tokenizer-eval/data/nsynth/nsynth-test/audio/bass_synthetic_134-091-025.wav,914,bass_synthetic_134,0,bass,2,synthetic,91,25,16000,fast_decay|percussive|reverb
reed_acoustic_037-075-050,reed_acoustic_037-075-050,/root/autodl-tmp/tokenizer-eval/data/nsynth/nsynth-test/audio/reed_acoustic_037-075-050.wav,387,reed_acoustic_037,7,reed,0,acoustic,75,50,16000,reverb
organ_electronic_104-063-127,organ_electronic_104-063-127,/root/autodl-tmp/tokenizer-eval/data/nsynth/nsynth-test/audio/organ_electronic_104-063-127.wav,921,organ_electronic_104,6,organ,1,electronic,63,127,16000,
mallet_acoustic_062-052-075,mallet_acoustic_062-052-075,/root/autodl-tmp/tokenizer-eval/data/nsynth/nsynth-test/audio/mallet_acoustic_062-052-075.wav,644,mallet_acoustic_062,5,mallet,0,acoustic,52,75,16000,dark|multiphonic
mallet_acoustic_056-045-127,mallet_acoustic_056-045-127,/root/autodl-tmp/tokenizer-eval/data/nsynth/nsynth-test/audio/mallet_acoustic_056-045-127.wav,590,mallet_acoustic_056,5,mallet,0,acoustic,45,127,16000,bright|fast_decay|percussive
organ_electronic_104-073-025,organ_electronic_104-073-025,/root/autodl-tmp/tokenizer-eval/data/nsynth/nsynth-test/audio/organ_electronic_104-073-025.wav,921,organ_electronic_104,6,organ,1,electronic,73,25,16000,
flute_synthetic_000-029-127,flute_synthetic_000-029-127,/root/autodl-tmp/tokenizer-eval/data/nsynth/nsynth-test/audio/flute_synthetic_000-029-127.wav,82,flute_synthetic_000,2,flute,2,synthetic,29,127,16000,distortion
bass_synthetic_009-096-127,bass_synthetic_009-096-127,/root/autodl-tmp/tokenizer-eval/data/nsynth/nsynth-test/audio/bass_synthetic_009-096-127.wav,150,bass_synthetic_009,0,bass,2,synthetic,96,127,16000,long_release
organ_electronic_028-036-050,organ_electronic_028-036-050,/root/autodl-tmp/tokenizer-eval/data/nsynth/nsynth-test/audio/organ_electronic_028-036-050.wav,440,organ_electronic_028,6,organ,1,electronic,36,50,16000,dark
guitar_acoustic_021-076-050,guitar_acoustic_021-076-050,/root/autodl-tmp/tokenizer-eval/data/nsynth/nsynth-test/audio/guitar_acoustic_021-076-050.wav,457,guitar_acoustic_021,3,guitar,0,acoustic,76,50,16000,fast_decay
guitar_acoustic_014-053-100,guitar_acoustic_014-053-100,/root/autodl-tmp/tokenizer-eval/data/nsynth/nsynth-test/audio/guitar_acoustic_014-053-100.wav,263,guitar_acoustic_014,3,guitar,0,acoustic,53,100,16000,
guitar_acoustic_021-071-100,guitar_acoustic_021-071-100,/root/autodl-tmp/tokenizer-eval/data/nsynth/nsynth-test/audio/guitar_acoustic_021-071-100.wav,457,guitar_acoustic_021,3,guitar,0,acoustic,71,100,16000,
brass_acoustic_046-072-100,brass_acoustic_046-072-100,/root/autodl-tmp/tokenizer-eval/data/nsynth/nsynth-test/audio/brass_acoustic_046-072-100.wav,414,brass_acoustic_046,1,brass,0,acoustic,72,100,16000,bright
brass_acoustic_015-058-100,brass_acoustic_015-058-100,/root/autodl-tmp/tokenizer-eval/data/nsynth/nsynth-test/audio/brass_acoustic_015-058-100.wav,121,brass_acoustic_015,1,brass,0,acoustic,58,100,16000,reverb
bass_electronic_027-036-025,bass_electronic_027-036-025,/root/autodl-tmp/tokenizer-eval/data/nsynth/nsynth-test/audio/bass_electronic_027-036-025.wav,880,bass_electronic_027,0,bass,1,electronic,36,25,16000,
string_acoustic_071-055-050,string_acoustic_071-055-050,/root/autodl-tmp/tokenizer-eval/data/nsynth/nsynth-test/audio/string_acoustic_071-055-050.wav,609,string_acoustic_071,8,string,0,acoustic,55,50,16000,long_release|reverb
keyboard_acoustic_004-046-025,keyboard_acoustic_004-046-025,/root/autodl-tmp/tokenizer-eval/data/nsynth/nsynth-test/audio/keyboard_acoustic_004-046-025.wav,327,keyboard_acoustic_004,4,keyboard,0,acoustic,46,25,16000,dark|reverb
guitar_electronic_028-089-100,guitar_electronic_028-089-100,/root/autodl-tmp/tokenizer-eval/data/nsynth/nsynth-test/audio/guitar_electronic_028-089-100.wav,510,guitar_electronic_028,3,guitar,1,electronic,89,100,16000,
keyboard_electronic_078-065-075,keyboard_electronic_078-065-075,/root/autodl-tmp/tokenizer-eval/data/nsynth/nsynth-test/audio/keyboard_electronic_078-065-075.wav,838,keyboard_electronic_078,4,keyboard,1,electronic,65,75,16000,bright
organ_electronic_028-087-050,organ_electronic_028-087-050,/root/autodl-tmp/tokenizer-eval/data/nsynth/nsynth-test/audio/organ_electronic_028-087-050.wav,440,organ_electronic_028,6,organ,1,electronic,87,50,16000,
keyboard_electronic_002-105-100,keyboard_electronic_002-105-100,/root/autodl-tmp/tokenizer-eval/data/nsynth/nsynth-test/audio/keyboard_electronic_002-105-100.wav,50,keyboard_electronic_002,4,keyboard,1,electronic,105,100,16000,bright|fast_decay|percussive
organ_electronic_001-059-127,organ_electronic_001-059-127,/root/autodl-tmp/tokenizer-eval/data/nsynth/nsynth-test/audio/organ_electronic_001-059-127.wav,8,organ_electronic_001,6,organ,1,electronic,59,127,16000,dark
brass_acoustic_015-049-075,brass_acoustic_015-049-075,/root/autodl-tmp/tokenizer-eval/data/nsynth/nsynth-test/audio/brass_acoustic_015-049-075.wav,121,brass_acoustic_015,1,brass,0,acoustic,49,75,16000,reverb
keyboard_electronic_001-095-025,keyboard_electronic_001-095-025,/root/autodl-tmp/tokenizer-eval/data/nsynth/nsynth-test/audio/keyboard_electronic_001-095-025.wav,40,keyboard_electronic_001,4,keyboard,1,electronic,95,25,16000,long_release
bass_electronic_027-032-075,bass_electronic_027-032-075,/root/autodl-tmp/tokenizer-eval/data/nsynth/nsynth-test/audio/bass_electronic_027-032-075.wav,880,bass_electronic_027,0,bass,1,electronic,32,75,16000,
guitar_acoustic_021-103-075,guitar_acoustic_021-103-075,/root/autodl-tmp/tokenizer-eval/data/nsynth/nsynth-test/audio/guitar_acoustic_021-103-075.wav,457,guitar_acoustic_021,3,guitar,0,acoustic,103,75,16000,fast_decay|percussive
organ_electronic_007-093-100,organ_electronic_007-093-100,/root/autodl-tmp/tokenizer-eval/data/nsynth/nsynth-test/audio/organ_electronic_007-093-100.wav,123,organ_electronic_007,6,organ,1,electronic,93,100,16000,long_release|nonlinear_env
flute_synthetic_000-021-127,flute_synthetic_000-021-127,/root/autodl-tmp/tokenizer-eval/data/nsynth/nsynth-test/audio/flute_synthetic_000-021-127.wav,82,flute_synthetic_000,2,flute,2,synthetic,21,127,16000,distortion
reed_acoustic_037-031-127,reed_acoustic_037-031-127,/root/autodl-tmp/tokenizer-eval/data/nsynth/nsynth-test/audio/reed_acoustic_037-031-127.wav,387,reed_acoustic_037,7,reed,0,acoustic,31,127,16000,long_release|reverb
keyboard_electronic_098-067-075,keyboard_electronic_098-067-075,/root/autodl-tmp/tokenizer-eval/data/nsynth/nsynth-test/audio/keyboard_electronic_098-067-075.wav,905,keyboard_electronic_098,4,keyboard,1,electronic,67,75,16000,
string_acoustic_080-046-127,string_acoustic_080-046-127,/root/autodl-tmp/tokenizer-eval/data/nsynth/nsynth-test/audio/string_acoustic_080-046-127.wav,675,string_acoustic_080,8,string,0,acoustic,46,127,16000,reverb
bass_electronic_025-032-075,bass_electronic_025-032-075,/root/autodl-tmp/tokenizer-eval/data/nsynth/nsynth-test/audio/bass_electronic_025-032-075.wav,872,bass_electronic_025,0,bass,1,electronic,32,75,16000,
keyboard_synthetic_000-050-100,keyboard_synthetic_000-050-100,/root/autodl-tmp/tokenizer-eval/data/nsynth/nsynth-test/audio/keyboard_synthetic_000-050-100.wav,577,keyboard_synthetic_000,4,keyboard,2,synthetic,50,100,16000,distortion|fast_decay|nonlinear_env
bass_synthetic_098-105-050,bass_synthetic_098-105-050,/root/autodl-tmp/tokenizer-eval/data/nsynth/nsynth-test/audio/bass_synthetic_098-105-050.wav,803,bass_synthetic_098,0,bass,2,synthetic,105,50,16000,
guitar_acoustic_014-042-100,guitar_acoustic_014-042-100,/root/autodl-tmp/tokenizer-eval/data/nsynth/nsynth-test/audio/guitar_acoustic_014-042-100.wav,263,guitar_acoustic_014,3,guitar,0,acoustic,42,100,16000,
guitar_acoustic_021-035-050,guitar_acoustic_021-035-050,/root/autodl-tmp/tokenizer-eval/data/nsynth/nsynth-test/audio/guitar_acoustic_021-035-050.wav,457,guitar_acoustic_021,3,guitar,0,acoustic,35,50,16000,
keyboard_synthetic_000-085-100,keyboard_synthetic_000-085-100,/root/autodl-tmp/tokenizer-eval/data/nsynth/nsynth-test/audio/keyboard_synthetic_000-085-100.wav,577,keyboard_synthetic_000,4,keyboard,2,synthetic,85,100,16000,bright|distortion|fast_decay|nonlinear_env
string_acoustic_012-029-025,string_acoustic_012-029-025,/root/autodl-tmp/tokenizer-eval/data/nsynth/nsynth-test/audio/string_acoustic_012-029-025.wav,97,string_acoustic_012,8,string,0,acoustic,29,25,16000,long_release|reverb
brass_acoustic_046-058-025,brass_acoustic_046-058-025,/root/autodl-tmp/tokenizer-eval/data/nsynth/nsynth-test/audio/brass_acoustic_046-058-025.wav,414,brass_acoustic_046,1,brass,0,acoustic,58,25,16000,
vocal_synthetic_003-092-050,vocal_synthetic_003-092-050,/root/autodl-tmp/tokenizer-eval/data/nsynth/nsynth-test/audio/vocal_synthetic_003-092-050.wav,37,vocal_synthetic_003,10,vocal,2,synthetic,92,50,16000,bright|distortion|long_release|nonlinear_env
reed_acoustic_023-043-025,reed_acoustic_023-043-025,/root/autodl-tmp/tokenizer-eval/data/nsynth/nsynth-test/audio/reed_acoustic_023-043-025.wav,224,reed_acoustic_023,7,reed,0,acoustic,43,25,16000,bright|fast_decay|multiphonic|nonlinear_env
guitar_acoustic_010-077-127,guitar_acoustic_010-077-127,/root/autodl-tmp/tokenizer-eval/data/nsynth/nsynth-test/audio/guitar_acoustic_010-077-127.wav,219,guitar_acoustic_010,3,guitar,0,acoustic,77,127,16000,
vocal_acoustic_000-060-075,vocal_acoustic_000-060-075,/root/autodl-tmp/tokenizer-eval/data/nsynth/nsynth-test/audio/vocal_acoustic_000-060-075.wav,46,vocal_acoustic_000,10,vocal,0,acoustic,60,75,16000,reverb
organ_electronic_057-040-127,organ_electronic_057-040-127,/root/autodl-tmp/tokenizer-eval/data/nsynth/nsynth-test/audio/organ_electronic_057-040-127.wav,701,organ_electronic_057,6,organ,1,electronic,40,127,16000,dark
bass_synthetic_135-085-127,bass_synthetic_135-085-127,/root/autodl-tmp/tokenizer-eval/data/nsynth/nsynth-test/audio/bass_synthetic_135-085-127.wav,927,bass_synthetic_135,0,bass,2,synthetic,85,127,16000,distortion
brass_acoustic_006-025-025,brass_acoustic_006-025-025,/root/autodl-tmp/tokenizer-eval/data/nsynth/nsynth-test/audio/brass_acoustic_006-025-025.wav,43,brass_acoustic_006,1,brass,0,acoustic,25,25,16000,reverb
mallet_acoustic_056-081-127,mallet_acoustic_056-081-127,/root/autodl-tmp/tokenizer-eval/data/nsynth/nsynth-test/audio/mallet_acoustic_056-081-127.wav,590,mallet_acoustic_056,5,mallet,0,acoustic,81,127,16000,fast_decay
organ_electronic_007-029-025,organ_electronic_007-029-025,/root/autodl-tmp/tokenizer-eval/data/nsynth/nsynth-test/audio/organ_electronic_007-029-025.wav,123,organ_electronic_007,6,organ,1,electronic,29,25,16000,distortion|long_release|nonlinear_env
bass_synthetic_134-092-050,bass_synthetic_134-092-050,/root/autodl-tmp/tokenizer-eval/data/nsynth/nsynth-test/audio/bass_synthetic_134-092-050.wav,914,bass_synthetic_134,0,bass,2,synthetic,92,50,16000,fast_decay|percussive|reverb
bass_synthetic_068-065-100,bass_synthetic_068-065-100,/root/autodl-tmp/tokenizer-eval/data/nsynth/nsynth-test/audio/bass_synthetic_068-065-100.wav,656,bass_synthetic_068,0,bass,2,synthetic,65,100,16000,
flute_synthetic_000-054-075,flute_synthetic_000-054-075,/root/autodl-tmp/tokenizer-eval/data/nsynth/nsynth-test/audio/flute_synthetic_000-054-075.wav,82,flute_synthetic_000,2,flute,2,synthetic,54,75,16000,distortion
bass_synthetic_068-040-075,bass_synthetic_068-040-075,/root/autodl-tmp/tokenizer-eval/data/nsynth/nsynth-test/audio/bass_synthetic_068-040-075.wav,656,bass_synthetic_068,0,bass,2,synthetic,40,75,16000,dark
reed_acoustic_023-034-075,reed_acoustic_023-034-075,/root/autodl-tmp/tokenizer-eval/data/nsynth/nsynth-test/audio/reed_acoustic_023-034-075.wav,224,reed_acoustic_023,7,reed,0,acoustic,34,75,16000,bright|fast_decay|multiphonic|nonlinear_env
flute_synthetic_000-090-075,flute_synthetic_000-090-075,/root/autodl-tmp/tokenizer-eval/data/nsynth/nsynth-test/audio/flute_synthetic_000-090-075.wav,82,flute_synthetic_000,2,flute,2,synthetic,90,75,16000,distortion
keyboard_electronic_078-062-100,keyboard_electronic_078-062-100,/root/autodl-tmp/tokenizer-eval/data/nsynth/nsynth-test/audio/keyboard_electronic_078-062-100.wav,838,keyboard_electronic_078,4,keyboard,1,electronic,62,100,16000,bright
guitar_acoustic_021-072-127,guitar_acoustic_021-072-127,/root/autodl-tmp/tokenizer-eval/data/nsynth/nsynth-test/audio/guitar_acoustic_021-072-127.wav,457,guitar_acoustic_021,3,guitar,0,acoustic,72,127,16000,fast_decay|percussive
organ_electronic_113-070-100,organ_electronic_113-070-100,/root/autodl-tmp/tokenizer-eval/data/nsynth/nsynth-test/audio/organ_electronic_113-070-100.wav,958,organ_electronic_113,6,organ,1,electronic,70,100,16000,
reed_acoustic_023-089-025,reed_acoustic_023-089-025,/root/autodl-tmp/tokenizer-eval/data/nsynth/nsynth-test/audio/reed_acoustic_023-089-025.wav,224,reed_acoustic_023,7,reed,0,acoustic,89,25,16000,fast_decay|multiphonic|nonlinear_env
guitar_acoustic_010-101-050,guitar_acoustic_010-101-050,/root/autodl-tmp/tokenizer-eval/data/nsynth/nsynth-test/audio/guitar_acoustic_010-101-050.wav,219,guitar_acoustic_010,3,guitar,0,acoustic,101,50,16000,bright
reed_acoustic_011-045-075,reed_acoustic_011-045-075,/root/autodl-tmp/tokenizer-eval/data/nsynth/nsynth-test/audio/reed_acoustic_011-045-075.wav,104,reed_acoustic_011,7,reed,0,acoustic,45,75,16000,
guitar_electronic_022-061-075,guitar_electronic_022-061-075,/root/autodl-tmp/tokenizer-eval/data/nsynth/nsynth-test/audio/guitar_electronic_022-061-075.wav,378,guitar_electronic_022,3,guitar,1,electronic,61,75,16000,dark
bass_synthetic_009-024-127,bass_synthetic_009-024-127,/root/autodl-tmp/tokenizer-eval/data/nsynth/nsynth-test/audio/bass_synthetic_009-024-127.wav,150,bass_synthetic_009,0,bass,2,synthetic,24,127,16000,bright|distortion|long_release
guitar_electronic_022-079-127,guitar_electronic_022-079-127,/root/autodl-tmp/tokenizer-eval/data/nsynth/nsynth-test/audio/guitar_electronic_022-079-127.wav,378,guitar_electronic_022,3,guitar,1,electronic,79,127,16000,
flute_acoustic_002-096-050,flute_acoustic_002-096-050,/root/autodl-tmp/tokenizer-eval/data/nsynth/nsynth-test/audio/flute_acoustic_002-096-050.wav,86,flute_acoustic_002,2,flute,0,acoustic,96,50,16000,long_release|reverb
brass_acoustic_016-055-100,brass_acoustic_016-055-100,/root/autodl-tmp/tokenizer-eval/data/nsynth/nsynth-test/audio/brass_acoustic_016-055-100.wav,128,brass_acoustic_016,1,brass,0,acoustic,55,100,16000,
reed_acoustic_023-092-100,reed_acoustic_023-092-100,/root/autodl-tmp/tokenizer-eval/data/nsynth/nsynth-test/audio/reed_acoustic_023-092-100.wav,224,reed_acoustic_023,7,reed,0,acoustic,92,100,16000,fast_decay|multiphonic|nonlinear_env
brass_acoustic_006-049-075,brass_acoustic_006-049-075,/root/autodl-tmp/tokenizer-eval/data/nsynth/nsynth-test/audio/brass_acoustic_006-049-075.wav,43,brass_acoustic_006,1,brass,0,acoustic,49,75,16000,reverb
string_acoustic_056-047-025,string_acoustic_056-047-025,/root/autodl-tmp/tokenizer-eval/data/nsynth/nsynth-test/audio/string_acoustic_056-047-025.wav,436,string_acoustic_056,8,string,0,acoustic,47,25,16000,fast_decay|reverb
organ_electronic_104-071-050,organ_electronic_104-071-050,/root/autodl-tmp/tokenizer-eval/data/nsynth/nsynth-test/audio/organ_electronic_104-071-050.wav,921,organ_electronic_104,6,organ,1,electronic,71,50,16000,
guitar_electronic_028-077-050,guitar_electronic_028-077-050,/root/autodl-tmp/tokenizer-eval/data/nsynth/nsynth-test/audio/guitar_electronic_028-077-050.wav,510,guitar_electronic_028,3,guitar,1,electronic,77,50,16000,
guitar_acoustic_010-069-025,guitar_acoustic_010-069-025,/root/autodl-tmp/tokenizer-eval/data/nsynth/nsynth-test/audio/guitar_acoustic_010-069-025.wav,219,guitar_acoustic_010,3,guitar,0,acoustic,69,25,16000,
keyboard_acoustic_004-043-127,keyboard_acoustic_004-043-127,/root/autodl-tmp/tokenizer-eval/data/nsynth/nsynth-test/audio/keyboard_acoustic_004-043-127.wav,327,keyboard_acoustic_004,4,keyboard,0,acoustic,43,127,16000,reverb
organ_electronic_057-027-100,organ_electronic_057-027-100,/root/autodl-tmp/tokenizer-eval/data/nsynth/nsynth-test/audio/organ_electronic_057-027-100.wav,701,organ_electronic_057,6,organ,1,electronic,27,100,16000,dark
bass_synthetic_068-045-050,bass_synthetic_068-045-050,/root/autodl-tmp/tokenizer-eval/data/nsynth/nsynth-test/audio/bass_synthetic_068-045-050.wav,656,bass_synthetic_068,0,bass,2,synthetic,45,50,16000,dark
reed_acoustic_018-055-050,reed_acoustic_018-055-050,/root/autodl-tmp/tokenizer-eval/data/nsynth/nsynth-test/audio/reed_acoustic_018-055-050.wav,183,reed_acoustic_018,7,reed,0,acoustic,55,50,16000,
organ_electronic_028-023-050,organ_electronic_028-023-050,/root/autodl-tmp/tokenizer-eval/data/nsynth/nsynth-test/audio/organ_electronic_028-023-050.wav,440,organ_electronic_028,6,organ,1,electronic,23,50,16000,dark
keyboard_electronic_002-050-050,keyboard_electronic_002-050-050,/root/autodl-tmp/tokenizer-eval/data/nsynth/nsynth-test/audio/keyboard_electronic_002-050-050.wav,50,keyboard_electronic_002,4,keyboard,1,electronic,50,50,16000,
keyboard_electronic_003-081-127,keyboard_electronic_003-081-127,/root/autodl-tmp/tokenizer-eval/data/nsynth/nsynth-test/audio/keyboard_electronic_003-081-127.wav,65,keyboard_electronic_003,4,keyboard,1,electronic,81,127,16000,
brass_acoustic_006-085-127,brass_acoustic_006-085-127,/root/autodl-tmp/tokenizer-eval/data/nsynth/nsynth-test/audio/brass_acoustic_006-085-127.wav,43,brass_acoustic_006,1,brass,0,acoustic,85,127,16000,reverb
bass_electronic_027-046-127,bass_electronic_027-046-127,/root/autodl-tmp/tokenizer-eval/data/nsynth/nsynth-test/audio/bass_electronic_027-046-127.wav,880,bass_electronic_027,0,bass,1,electronic,46,127,16000,
guitar_acoustic_021-051-050,guitar_acoustic_021-051-050,/root/autodl-tmp/tokenizer-eval/data/nsynth/nsynth-test/audio/guitar_acoustic_021-051-050.wav,457,guitar_acoustic_021,3,guitar,0,acoustic,51,50,16000,
string_acoustic_056-037-127,string_acoustic_056-037-127,/root/autodl-tmp/tokenizer-eval/data/nsynth/nsynth-test/audio/string_acoustic_056-037-127.wav,436,string_acoustic_056,8,string,0,acoustic,37,127,16000,reverb
bass_synthetic_034-098-100,bass_synthetic_034-098-100,/root/autodl-tmp/tokenizer-eval/data/nsynth/nsynth-test/audio/bass_synthetic_034-098-100.wav,420,bass_synthetic_034,0,bass,2,synthetic,98,100,16000,bright|distortion|tempo-synced
keyboard_synthetic_000-047-050,keyboard_synthetic_000-047-050,/root/autodl-tmp/tokenizer-eval/data/nsynth/nsynth-test/audio/keyboard_synthetic_000-047-050.wav,577,keyboard_synthetic_000,4,keyboard,2,synthetic,47,50,16000,distortion|fast_decay|nonlinear_env
bass_synthetic_033-078-050,bass_synthetic_033-078-050,/root/autodl-tmp/tokenizer-eval/data/nsynth/nsynth-test/audio/bass_synthetic_033-078-050.wav,417,bass_synthetic_033,0,bass,2,synthetic,78,50,16000,
brass_acoustic_059-037-075,brass_acoustic_059-037-075,/root/autodl-tmp/tokenizer-eval/data/nsynth/nsynth-test/audio/brass_acoustic_059-037-075.wav,572,brass_acoustic_059,1,brass,0,acoustic,37,75,16000,bright|reverb
organ_electronic_007-077-050,organ_electronic_007-077-050,/root/autodl-tmp/tokenizer-eval/data/nsynth/nsynth-test/audio/organ_electronic_007-077-050.wav,123,organ_electronic_007,6,organ,1,electronic,77,50,16000,bright|distortion|long_release|nonlinear_env
bass_synthetic_068-036-075,bass_synthetic_068-036-075,/root/autodl-tmp/tokenizer-eval/data/nsynth/nsynth-test/audio/bass_synthetic_068-036-075.wav,656,bass_synthetic_068,0,bass,2,synthetic,36,75,16000,dark
mallet_acoustic_062-048-100,mallet_acoustic_062-048-100,/root/autodl-tmp/tokenizer-eval/data/nsynth/nsynth-test/audio/mallet_acoustic_062-048-100.wav,644,mallet_acoustic_062,5,mallet,0,acoustic,48,100,16000,dark|multiphonic
organ_electronic_001-096-025,organ_electronic_001-096-025,/root/autodl-tmp/tokenizer-eval/data/nsynth/nsynth-test/audio/organ_electronic_001-096-025.wav,8,organ_electronic_001,6,organ,1,electronic,96,25,16000,
bass_synthetic_068-106-025,bass_synthetic_068-106-025,/root/autodl-tmp/tokenizer-eval/data/nsynth/nsynth-test/audio/bass_synthetic_068-106-025.wav,656,bass_synthetic_068,0,bass,2,synthetic,106,25,16000,bright|fast_decay|percussive
reed_acoustic_011-064-100,reed_acoustic_011-064-100,/root/autodl-tmp/tokenizer-eval/data/nsynth/nsynth-test/audio/reed_acoustic_011-064-100.wav,104,reed_acoustic_011,7,reed,0,acoustic,64,100,16000,
vocal_synthetic_003-090-050,vocal_synthetic_003-090-050,/root/autodl-tmp/tokenizer-eval/data/nsynth/nsynth-test/audio/vocal_synthetic_003-090-050.wav,37,vocal_synthetic_003,10,vocal,2,synthetic,90,50,16000,bright|distortion|long_release|nonlinear_env
mallet_acoustic_062-071-100,mallet_acoustic_062-071-100,/root/autodl-tmp/tokenizer-eval/data/nsynth/nsynth-test/audio/mallet_acoustic_062-071-100.wav,644,mallet_acoustic_062,5,mallet,0,acoustic,71,100,16000,dark|multiphonic
string_acoustic_056-074-075,string_acoustic_056-074-075,/root/autodl-tmp/tokenizer-eval/data/nsynth/nsynth-test/audio/string_acoustic_056-074-075.wav,436,string_acoustic_056,8,string,0,acoustic,74,75,16000,fast_decay|percussive|reverb
keyboard_electronic_001-024-075,keyboard_electronic_001-024-075,/root/autodl-tmp/tokenizer-eval/data/nsynth/nsynth-test/audio/keyboard_electronic_001-024-075.wav,40,keyboard_electronic_001,4,keyboard,1,electronic,24,75,16000,dark
bass_electronic_027-033-127,bass_electronic_027-033-127,/root/autodl-tmp/tokenizer-eval/data/nsynth/nsynth-test/audio/bass_electronic_027-033-127.wav,880,bass_electronic_027,0,bass,1,electronic,33,127,16000,
keyboard_electronic_002-063-025,keyboard_electronic_002-063-025,/root/autodl-tmp/tokenizer-eval/data/nsynth/nsynth-test/audio/keyboard_electronic_002-063-025.wav,50,keyboard_electronic_002,4,keyboard,1,electronic,63,25,16000,
reed_acoustic_023-042-075,reed_acoustic_023-042-075,/root/autodl-tmp/tokenizer-eval/data/nsynth/nsynth-test/audio/reed_acoustic_023-042-075.wav,224,reed_acoustic_023,7,reed,0,acoustic,42,75,16000,bright|fast_decay|multiphonic|nonlinear_env
organ_electronic_057-027-075,organ_electronic_057-027-075,/root/autodl-tmp/tokenizer-eval/data/nsynth/nsynth-test/audio/organ_electronic_057-027-075.wav,701,organ_electronic_057,6,organ,1,electronic,27,75,16000,dark
string_acoustic_012-046-100,string_acoustic_012-046-100,/root/autodl-tmp/tokenizer-eval/data/nsynth/nsynth-test/audio/string_acoustic_012-046-100.wav,97,string_acoustic_012,8,string,0,acoustic,46,100,16000,reverb
vocal_acoustic_000-066-127,vocal_acoustic_000-066-127,/root/autodl-tmp/tokenizer-eval/data/nsynth/nsynth-test/audio/vocal_acoustic_000-066-127.wav,46,vocal_acoustic_000,10,vocal,0,acoustic,66,127,16000,reverb
keyboard_electronic_069-061-127,keyboard_electronic_069-061-127,/root/autodl-tmp/tokenizer-eval/data/nsynth/nsynth-test/audio/keyboard_electronic_069-061-127.wav,805,keyboard_electronic_069,4,keyboard,1,electronic,61,127,16000,distortion
string_acoustic_056-041-025,string_acoustic_056-041-025,/root/autodl-tmp/tokenizer-eval/data/nsynth/nsynth-test/audio/string_acoustic_056-041-025.wav,436,string_acoustic_056,8,string,0,acoustic,41,25,16000,fast_decay|percussive|reverb
flute_synthetic_000-022-050,flute_synthetic_000-022-050,/root/autodl-tmp/tokenizer-eval/data/nsynth/nsynth-test/audio/flute_synthetic_000-022-050.wav,82,flute_synthetic_000,2,flute,2,synthetic,22,50,16000,distortion
organ_electronic_113-066-100,organ_electronic_113-066-100,/root/autodl-tmp/tokenizer-eval/data/nsynth/nsynth-test/audio/organ_electronic_113-066-100.wav,958,organ_electronic_113,6,organ,1,electronic,66,100,16000,
reed_acoustic_023-077-075,reed_acoustic_023-077-075,/root/autodl-tmp/tokenizer-eval/data/nsynth/nsynth-test/audio/reed_acoustic_023-077-075.wav,224,reed_acoustic_023,7,reed,0,acoustic,77,75,16000,bright|fast_decay|multiphonic|nonlinear_env
brass_acoustic_006-044-100,brass_acoustic_006-044-100,/root/autodl-tmp/tokenizer-eval/data/nsynth/nsynth-test/audio/brass_acoustic_006-044-100.wav,43,brass_acoustic_006,1,brass,0,acoustic,44,100,16000,reverb
reed_acoustic_011-071-025,reed_acoustic_011-071-025,/root/autodl-tmp/tokenizer-eval/data/nsynth/nsynth-test/audio/reed_acoustic_011-071-025.wav,104,reed_acoustic_011,7,reed,0,acoustic,71,25,16000,
guitar_acoustic_010-066-100,guitar_acoustic_010-066-100,/root/autodl-tmp/tokenizer-eval/data/nsynth/nsynth-test/audio/guitar_acoustic_010-066-100.wav,219,guitar_acoustic_010,3,guitar,0,acoustic,66,100,16000,
vocal_acoustic_000-052-127,vocal_acoustic_000-052-127,/root/autodl-tmp/tokenizer-eval/data/nsynth/nsynth-test/audio/vocal_acoustic_000-052-127.wav,46,vocal_acoustic_000,10,vocal,0,acoustic,52,127,16000,reverb
keyboard_electronic_069-082-100,keyboard_electronic_069-082-100,/root/autodl-tmp/tokenizer-eval/data/nsynth/nsynth-test/audio/keyboard_electronic_069-082-100.wav,805,keyboard_electronic_069,4,keyboard,1,electronic,82,100,16000,distortion
mallet_acoustic_062-044-127,mallet_acoustic_062-044-127,/root/autodl-tmp/tokenizer-eval/data/nsynth/nsynth-test/audio/mallet_acoustic_062-044-127.wav,644,mallet_acoustic_062,5,mallet,0,acoustic,44,127,16000,dark|long_release|multiphonic
bass_synthetic_135-076-127,bass_synthetic_135-076-127,/root/autodl-tmp/tokenizer-eval/data/nsynth/nsynth-test/audio/bass_synthetic_135-076-127.wav,927,bass_synthetic_135,0,bass,2,synthetic,76,127,16000,distortion
reed_acoustic_037-032-127,reed_acoustic_037-032-127,/root/autodl-tmp/tokenizer-eval/data/nsynth/nsynth-test/audio/reed_acoustic_037-032-127.wav,387,reed_acoustic_037,7,reed,0,acoustic,32,127,16000,long_release|reverb
keyboard_acoustic_004-045-127,keyboard_acoustic_004-045-127,/root/autodl-tmp/tokenizer-eval/data/nsynth/nsynth-test/audio/keyboard_acoustic_004-045-127.wav,327,keyboard_acoustic_004,4,keyboard,0,acoustic,45,127,16000,reverb
flute_synthetic_000-041-075,flute_synthetic_000-041-075,/root/autodl-tmp/tokenizer-eval/data/nsynth/nsynth-test/audio/flute_synthetic_000-041-075.wav,82,flute_synthetic_000,2,flute,2,synthetic,41,75,16000,distortion
reed_acoustic_023-039-075,reed_acoustic_023-039-075,/root/autodl-tmp/tokenizer-eval/data/nsynth/nsynth-test/audio/reed_acoustic_023-039-075.wav,224,reed_acoustic_023,7,reed,0,acoustic,39,75,16000,bright|fast_decay|multiphonic|nonlinear_env
organ_electronic_001-076-127,organ_electronic_001-076-127,/root/autodl-tmp/tokenizer-eval/data/nsynth/nsynth-test/audio/organ_electronic_001-076-127.wav,8,organ_electronic_001,6,organ,1,electronic,76,127,16000,
organ_electronic_028-077-075,organ_electronic_028-077-075,/root/autodl-tmp/tokenizer-eval/data/nsynth/nsynth-test/audio/organ_electronic_028-077-075.wav,440,organ_electronic_028,6,organ,1,electronic,77,75,16000,
string_acoustic_056-046-050,string_acoustic_056-046-050,/root/autodl-tmp/tokenizer-eval/data/nsynth/nsynth-test/audio/string_acoustic_056-046-050.wav,436,string_acoustic_056,8,string,0,acoustic,46,50,16000,fast_decay|reverb
string_acoustic_014-034-100,string_acoustic_014-034-100,/root/autodl-tmp/tokenizer-eval/data/nsynth/nsynth-test/audio/string_acoustic_014-034-100.wav,100,string_acoustic_014,8,string,0,acoustic,34,100,16000,dark|reverb
bass_synthetic_098-021-127,bass_synthetic_098-021-127,/root/autodl-tmp/tokenizer-eval/data/nsynth/nsynth-test/audio/bass_synthetic_098-021-127.wav,803,bass_synthetic_098,0,bass,2,synthetic,21,127,16000,distortion
bass_electronic_027-025-025,bass_electronic_027-025-025,/root/autodl-tmp/tokenizer-eval/data/nsynth/nsynth-test/audio/bass_electronic_027-025-025.wav,880,bass_electronic_027,0,bass,1,electronic,25,25,16000,
reed_acoustic_037-057-127,reed_acoustic_037-057-127,/root/autodl-tmp/tokenizer-eval/data/nsynth/nsynth-test/audio/reed_acoustic_037-057-127.wav,387,reed_acoustic_037,7,reed,0,acoustic,57,127,16000,long_release|reverb
guitar_acoustic_015-075-127,guitar_acoustic_015-075-127,/root/autodl-tmp/tokenizer-eval/data/nsynth/nsynth-test/audio/guitar_acoustic_015-075-127.wav,316,guitar_acoustic_015,3,guitar,0,acoustic,75,127,16000,reverb
bass_electronic_027-025-100,bass_electronic_027-025-100,/root/autodl-tmp/tokenizer-eval/data/nsynth/nsynth-test/audio/bass_electronic_027-025-100.wav,880,bass_electronic_027,0,bass,1,electronic,25,100,16000,
brass_acoustic_006-031-075,brass_acoustic_006-031-075,/root/autodl-tmp/tokenizer-eval/data/nsynth/nsynth-test/audio/brass_acoustic_006-031-075.wav,43,brass_acoustic_006,1,brass,0,acoustic,31,75,16000,reverb
organ_electronic_007-058-127,organ_electronic_007-058-127,/root/autodl-tmp/tokenizer-eval/data/nsynth/nsynth-test/audio/organ_electronic_007-058-127.wav,123,organ_electronic_007,6,organ,1,electronic,58,127,16000,distortion|long_release|nonlinear_env
organ_electronic_104-067-075,organ_electronic_104-067-075,/root/autodl-tmp/tokenizer-eval/data/nsynth/nsynth-test/audio/organ_electronic_104-067-075.wav,921,organ_electronic_104,6,organ,1,electronic,67,75,16000,
brass_acoustic_016-057-100,brass_acoustic_016-057-100,/root/autodl-tmp/tokenizer-eval/data/nsynth/nsynth-test/audio/brass_acoustic_016-057-100.wav,128,brass_acoustic_016,1,brass,0,acoustic,57,100,16000,
organ_electronic_057-067-127,organ_electronic_057-067-127,/root/autodl-tmp/tokenizer-eval/data/nsynth/nsynth-test/audio/organ_electronic_057-067-127.wav,701,organ_electronic_057,6,organ,1,electronic,67,127,16000,
organ_electronic_057-064-075,organ_electronic_057-064-075,/root/autodl-tmp/tokenizer-eval/data/nsynth/nsynth-test/audio/organ_electronic_057-064-075.wav,701,organ_electronic_057,6,organ,1,electronic,64,75,16000,
vocal_synthetic_003-095-025,vocal_synthetic_003-095-025,/root/autodl-tmp/tokenizer-eval/data/nsynth/nsynth-test/audio/vocal_synthetic_003-095-025.wav,37,vocal_synthetic_003,10,vocal,2,synthetic,95,25,16000,bright|distortion|long_release|nonlinear_env
string_acoustic_014-025-100,string_acoustic_014-025-100,/root/autodl-tmp/tokenizer-eval/data/nsynth/nsynth-test/audio/string_acoustic_014-025-100.wav,100,string_acoustic_014,8,string,0,acoustic,25,100,16000,dark|reverb
reed_acoustic_023-044-127,reed_acoustic_023-044-127,/root/autodl-tmp/tokenizer-eval/data/nsynth/nsynth-test/audio/reed_acoustic_023-044-127.wav,224,reed_acoustic_023,7,reed,0,acoustic,44,127,16000,bright|fast_decay|multiphonic|nonlinear_env
keyboard_electronic_002-076-025,keyboard_electronic_002-076-025,/root/autodl-tmp/tokenizer-eval/data/nsynth/nsynth-test/audio/keyboard_electronic_002-076-025.wav,50,keyboard_electronic_002,4,keyboard,1,electronic,76,25,16000,fast_decay
bass_synthetic_068-032-050,bass_synthetic_068-032-050,/root/autodl-tmp/tokenizer-eval/data/nsynth/nsynth-test/audio/bass_synthetic_068-032-050.wav,656,bass_synthetic_068,0,bass,2,synthetic,32,50,16000,dark
flute_synthetic_000-104-025,flute_synthetic_000-104-025,/root/autodl-tmp/tokenizer-eval/data/nsynth/nsynth-test/audio/flute_synthetic_000-104-025.wav,82,flute_synthetic_000,2,flute,2,synthetic,104,25,16000,bright|distortion
keyboard_electronic_003-060-050,keyboard_electronic_003-060-050,/root/autodl-tmp/tokenizer-eval/data/nsynth/nsynth-test/audio/keyboard_electronic_003-060-050.wav,65,keyboard_electronic_003,4,keyboard,1,electronic,60,50,16000,dark
brass_acoustic_015-057-025,brass_acoustic_015-057-025,/root/autodl-tmp/tokenizer-eval/data/nsynth/nsynth-test/audio/brass_acoustic_015-057-025.wav,121,brass_acoustic_015,1,brass,0,acoustic,57,25,16000,reverb
keyboard_electronic_001-048-075,keyboard_electronic_001-048-075,/root/autodl-tmp/tokenizer-eval/data/nsynth/nsynth-test/audio/keyboard_electronic_001-048-075.wav,40,keyboard_electronic_001,4,keyboard,1,electronic,48,75,16000,dark
guitar_acoustic_021-074-025,guitar_acoustic_021-074-025,/root/autodl-tmp/tokenizer-eval/data/nsynth/nsynth-test/audio/guitar_acoustic_021-074-025.wav,457,guitar_acoustic_021,3,guitar,0,acoustic,74,25,16000,fast_decay
bass_synthetic_068-039-050,bass_synthetic_068-039-050,/root/autodl-tmp/tokenizer-eval/data/nsynth/nsynth-test/audio/bass_synthetic_068-039-050.wav,656,bass_synthetic_068,0,bass,2,synthetic,39,50,16000,dark
keyboard_acoustic_004-103-127,keyboard_acoustic_004-103-127,/root/autodl-tmp/tokenizer-eval/data/nsynth/nsynth-test/audio/keyboard_acoustic_004-103-127.wav,327,keyboard_acoustic_004,4,keyboard,0,acoustic,103,127,16000,percussive|reverb
string_acoustic_057-060-100,string_acoustic_057-060-100,/root/autodl-tmp/tokenizer-eval/data/nsynth/nsynth-test/audio/string_acoustic_057-060-100.wav,450,string_acoustic_057,8,string,0,acoustic,60,100,16000,bright|nonlinear_env|reverb
keyboard_electronic_069-054-075,keyboard_electronic_069-054-075,/root/autodl-tmp/tokenizer-eval/data/nsynth/nsynth-test/audio/keyboard_electronic_069-054-075.wav,805,keyboard_electronic_069,4,keyboard,1,electronic,54,75,16000,distortion
bass_synthetic_134-081-100,bass_synthetic_134-081-100,/root/autodl-tmp/tokenizer-eval/data/nsynth/nsynth-test/audio/bass_synthetic_134-081-100.wav,914,bass_synthetic_134,0,bass,2,synthetic,81,100,16000,fast_decay|percussive|reverb
bass_synthetic_134-032-050,bass_synthetic_134-032-050,/root/autodl-tmp/tokenizer-eval/data/nsynth/nsynth-test/audio/bass_synthetic_134-032-050.wav,914,bass_synthetic_134,0,bass,2,synthetic,32,50,16000,dark|reverb
guitar_electronic_022-049-050,guitar_electronic_022-049-050,/root/autodl-tmp/tokenizer-eval/data/nsynth/nsynth-test/audio/guitar_electronic_022-049-050.wav,378,guitar_electronic_022,3,guitar,1,electronic,49,50,16000,dark
brass_acoustic_015-047-050,brass_acoustic_015-047-050,/root/autodl-tmp/tokenizer-eval/data/nsynth/nsynth-test/audio/brass_acoustic_015-047-050.wav,121,brass_acoustic_015,1,brass,0,acoustic,47,50,16000,reverb
brass_acoustic_046-056-127,brass_acoustic_046-056-127,/root/autodl-tmp/tokenizer-eval/data/nsynth/nsynth-test/audio/brass_acoustic_046-056-127.wav,414,brass_acoustic_046,1,brass,0,acoustic,56,127,16000,
organ_electronic_028-068-100,organ_electronic_028-068-100,/root/autodl-tmp/tokenizer-eval/data/nsynth/nsynth-test/audio/organ_electronic_028-068-100.wav,440,organ_electronic_028,6,organ,1,electronic,68,100,16000,dark
brass_acoustic_046-105-050,brass_acoustic_046-105-050,/root/autodl-tmp/tokenizer-eval/data/nsynth/nsynth-test/audio/brass_acoustic_046-105-050.wav,414,brass_acoustic_046,1,brass,0,acoustic,105,50,16000,long_release
guitar_electronic_028-090-025,guitar_electronic_028-090-025,/root/autodl-tmp/tokenizer-eval/data/nsynth/nsynth-test/audio/guitar_electronic_028-090-025.wav,510,guitar_electronic_028,3,guitar,1,electronic,90,25,16000,
bass_synthetic_134-102-050,bass_synthetic_134-102-050,/root/autodl-tmp/tokenizer-eval/data/nsynth/nsynth-test/audio/bass_synthetic_134-102-050.wav,914,bass_synthetic_134,0,bass,2,synthetic,102,50,16000,fast_decay|percussive|reverb
brass_acoustic_006-080-025,brass_acoustic_006-080-025,/root/autodl-tmp/tokenizer-eval/data/nsynth/nsynth-test/audio/brass_acoustic_006-080-025.wav,43,brass_acoustic_006,1,brass,0,acoustic,80,25,16000,reverb
vocal_synthetic_003-100-127,vocal_synthetic_003-100-127,/root/autodl-tmp/tokenizer-eval/data/nsynth/nsynth-test/audio/vocal_synthetic_003-100-127.wav,37,vocal_synthetic_003,10,vocal,2,synthetic,100,127,16000,bright|distortion|long_release|nonlinear_env
flute_acoustic_002-107-100,flute_acoustic_002-107-100,/root/autodl-tmp/tokenizer-eval/data/nsynth/nsynth-test/audio/flute_acoustic_002-107-100.wav,86,flute_acoustic_002,2,flute,0,acoustic,107,100,16000,bright|reverb
organ_electronic_028-041-127,organ_electronic_028-041-127,/root/autodl-tmp/tokenizer-eval/data/nsynth/nsynth-test/audio/organ_electronic_028-041-127.wav,440,organ_electronic_028,6,organ,1,electronic,41,127,16000,dark
guitar_acoustic_014-083-050,guitar_acoustic_014-083-050,/root/autodl-tmp/tokenizer-eval/data/nsynth/nsynth-test/audio/guitar_acoustic_014-083-050.wav,263,guitar_acoustic_014,3,guitar,0,acoustic,83,50,16000,fast_decay
guitar_acoustic_014-025-100,guitar_acoustic_014-025-100,/root/autodl-tmp/tokenizer-eval/data/nsynth/nsynth-test/audio/guitar_acoustic_014-025-100.wav,263,guitar_acoustic_014,3,guitar,0,acoustic,25,100,16000,
organ_electronic_104-044-100,organ_electronic_104-044-100,/root/autodl-tmp/tokenizer-eval/data/nsynth/nsynth-test/audio/organ_electronic_104-044-100.wav,921,organ_electronic_104,6,organ,1,electronic,44,100,16000,
keyboard_synthetic_000-061-127,keyboard_synthetic_000-061-127,/root/autodl-tmp/tokenizer-eval/data/nsynth/nsynth-test/audio/keyboard_synthetic_000-061-127.wav,577,keyboard_synthetic_000,4,keyboard,2,synthetic,61,127,16000,bright|distortion|fast_decay|nonlinear_env
bass_synthetic_034-040-100,bass_synthetic_034-040-100,/root/autodl-tmp/tokenizer-eval/data/nsynth/nsynth-test/audio/bass_synthetic_034-040-100.wav,420,bass_synthetic_034,0,bass,2,synthetic,40,100,16000,distortion|tempo-synced
reed_acoustic_023-041-075,reed_acoustic_023-041-075,/root/autodl-tmp/tokenizer-eval/data/nsynth/nsynth-test/audio/reed_acoustic_023-041-075.wav,224,reed_acoustic_023,7,reed,0,acoustic,41,75,16000,bright|fast_decay|multiphonic|nonlinear_env
organ_electronic_001-062-025,organ_electronic_001-062-025,/root/autodl-tmp/tokenizer-eval/data/nsynth/nsynth-test/audio/organ_electronic_001-062-025.wav,8,organ_electronic_001,6,organ,1,electronic,62,25,16000,dark
bass_synthetic_068-052-050,bass_synthetic_068-052-050,/root/autodl-tmp/tokenizer-eval/data/nsynth/nsynth-test/audio/bass_synthetic_068-052-050.wav,656,bass_synthetic_068,0,bass,2,synthetic,52,50,16000,dark
keyboard_acoustic_004-063-025,keyboard_acoustic_004-063-025,/root/autodl-tmp/tokenizer-eval/data/nsynth/nsynth-test/audio/keyboard_acoustic_004-063-025.wav,327,keyboard_acoustic_004,4,keyboard,0,acoustic,63,25,16000,dark|reverb
keyboard_electronic_002-098-075,keyboard_electronic_002-098-075,/root/autodl-tmp/tokenizer-eval/data/nsynth/nsynth-test/audio/keyboard_electronic_002-098-075.wav,50,keyboard_electronic_002,4,keyboard,1,electronic,98,75,16000,fast_decay|percussive
organ_electronic_113-068-050,organ_electronic_113-068-050,/root/autodl-tmp/tokenizer-eval/data/nsynth/nsynth-test/audio/organ_electronic_113-068-050.wav,958,organ_electronic_113,6,organ,1,electronic,68,50,16000,
string_acoustic_014-027-100,string_acoustic_014-027-100,/root/autodl-tmp/tokenizer-eval/data/nsynth/nsynth-test/audio/string_acoustic_014-027-100.wav,100,string_acoustic_014,8,string,0,acoustic,27,100,16000,dark|reverb
organ_electronic_007-023-050,organ_electronic_007-023-050,/root/autodl-tmp/tokenizer-eval/data/nsynth/nsynth-test/audio/organ_electronic_007-023-050.wav,123,organ_electronic_007,6,organ,1,electronic,23,50,16000,distortion|long_release|nonlinear_env
guitar_acoustic_015-038-075,guitar_acoustic_015-038-075,/root/autodl-tmp/tokenizer-eval/data/nsynth/nsynth-test/audio/guitar_acoustic_015-038-075.wav,316,guitar_acoustic_015,3,guitar,0,acoustic,38,75,16000,reverb
string_acoustic_080-027-100,string_acoustic_080-027-100,/root/autodl-tmp/tokenizer-eval/data/nsynth/nsynth-test/audio/string_acoustic_080-027-100.wav,675,string_acoustic_080,8,string,0,acoustic,27,100,16000,long_release|reverb
guitar_acoustic_015-067-050,guitar_acoustic_015-067-050,/root/autodl-tmp/tokenizer-eval/data/nsynth/nsynth-test/audio/guitar_acoustic_015-067-050.wav,316,guitar_acoustic_015,3,guitar,0,acoustic,67,50,16000,reverb
guitar_acoustic_015-098-025,guitar_acoustic_015-098-025,/root/autodl-tmp/tokenizer-eval/data/nsynth/nsynth-test/audio/guitar_acoustic_015-098-025.wav,316,guitar_acoustic_015,3,guitar,0,acoustic,98,25,16000,fast_decay|percussive|reverb
organ_electronic_104-077-100,organ_electronic_104-077-100,/root/autodl-tmp/tokenizer-eval/data/nsynth/nsynth-test/audio/organ_electronic_104-077-100.wav,921,organ_electronic_104,6,organ,1,electronic,77,100,16000,
organ_electronic_001-091-100,organ_electronic_001-091-100,/root/autodl-tmp/tokenizer-eval/data/nsynth/nsynth-test/audio/organ_electronic_001-091-100.wav,8,organ_electronic_001,6,organ,1,electronic,91,100,16000,
guitar_acoustic_021-065-127,guitar_acoustic_021-065-127,/root/autodl-tmp/tokenizer-eval/data/nsynth/nsynth-test/audio/guitar_acoustic_021-065-127.wav,457,guitar_acoustic_021,3,guitar,0,acoustic,65,127,16000,distortion
keyboard_electronic_002-082-075,keyboard_electronic_002-082-075,/root/autodl-tmp/tokenizer-eval/data/nsynth/nsynth-test/audio/keyboard_electronic_002-082-075.wav,50,keyboard_electronic_002,4,keyboard,1,electronic,82,75,16000,fast_decay
reed_acoustic_018-077-050,reed_acoustic_018-077-050,/root/autodl-tmp/tokenizer-eval/data/nsynth/nsynth-test/audio/reed_acoustic_018-077-050.wav,183,reed_acoustic_018,7,reed,0,acoustic,77,50,16000,
keyboard_electronic_001-076-025,keyboard_electronic_001-076-025,/root/autodl-tmp/tokenizer-eval/data/nsynth/nsynth-test/audio/keyboard_electronic_001-076-025.wav,40,keyboard_electronic_001,4,keyboard,1,electronic,76,25,16000,dark
reed_acoustic_011-075-050,reed_acoustic_011-075-050,/root/autodl-tmp/tokenizer-eval/data/nsynth/nsynth-test/audio/reed_acoustic_011-075-050.wav,104,reed_acoustic_011,7,reed,0,acoustic,75,50,16000,
mallet_acoustic_062-029-050,mallet_acoustic_062-029-050,/root/autodl-tmp/tokenizer-eval/data/nsynth/nsynth-test/audio/mallet_acoustic_062-029-050.wav,644,mallet_acoustic_062,5,mallet,0,acoustic,29,50,16000,dark|multiphonic
string_acoustic_014-053-025,string_acoustic_014-053-025,/root/autodl-tmp/tokenizer-eval/data/nsynth/nsynth-test/audio/string_acoustic_014-053-025.wav,100,string_acoustic_014,8,string,0,acoustic,53,25,16000,dark|fast_decay|reverb
brass_acoustic_059-064-100,brass_acoustic_059-064-100,/root/autodl-tmp/tokenizer-eval/data/nsynth/nsynth-test/audio/brass_acoustic_059-064-100.wav,572,brass_acoustic_059,1,brass,0,acoustic,64,100,16000,reverb
mallet_acoustic_047-073-075,mallet_acoustic_047-073-075,/root/autodl-tmp/tokenizer-eval/data/nsynth/nsynth-test/audio/mallet_acoustic_047-073-075.wav,488,mallet_acoustic_047,5,mallet,0,acoustic,73,75,16000,fast_decay|percussive|reverb
bass_synthetic_033-022-050,bass_synthetic_033-022-050,/root/autodl-tmp/tokenizer-eval/data/nsynth/nsynth-test/audio/bass_synthetic_033-022-050.wav,417,bass_synthetic_033,0,bass,2,synthetic,22,50,16000,dark
vocal_synthetic_003-108-050,vocal_synthetic_003-108-050,/root/autodl-tmp/tokenizer-eval/data/nsynth/nsynth-test/audio/vocal_synthetic_003-108-050.wav,37,vocal_synthetic_003,10,vocal,2,synthetic,108,50,16000,bright|distortion|long_release|nonlinear_env
guitar_acoustic_014-076-127,guitar_acoustic_014-076-127,/root/autodl-tmp/tokenizer-eval/data/nsynth/nsynth-test/audio/guitar_acoustic_014-076-127.wav,263,guitar_acoustic_014,3,guitar,0,acoustic,76,127,16000,
guitar_acoustic_014-070-050,guitar_acoustic_014-070-050,/root/autodl-tmp/tokenizer-eval/data/nsynth/nsynth-test/audio/guitar_acoustic_014-070-050.wav,263,guitar_acoustic_014,3,guitar,0,acoustic,70,50,16000,
keyboard_electronic_001-103-075,keyboard_electronic_001-103-075,/root/autodl-tmp/tokenizer-eval/data/nsynth/nsynth-test/audio/keyboard_electronic_001-103-075.wav,40,keyboard_electronic_001,4,keyboard,1,electronic,103,75,16000,
organ_electronic_001-050-100,organ_electronic_001-050-100,/root/autodl-tmp/tokenizer-eval/data/nsynth/nsynth-test/audio/organ_electronic_001-050-100.wav,8,organ_electronic_001,6,organ,1,electronic,50,100,16000,dark
string_acoustic_056-037-050,string_acoustic_056-037-050,/root/autodl-tmp/tokenizer-eval/data/nsynth/nsynth-test/audio/string_acoustic_056-037-050.wav,436,string_acoustic_056,8,string,0,acoustic,37,50,16000,reverb
bass_synthetic_034-069-025,bass_synthetic_034-069-025,/root/autodl-tmp/tokenizer-eval/data/nsynth/nsynth-test/audio/bass_synthetic_034-069-025.wav,420,bass_synthetic_034,0,bass,2,synthetic,69,25,16000,distortion|tempo-synced
organ_electronic_057-056-025,organ_electronic_057-056-025,/root/autodl-tmp/tokenizer-eval/data/nsynth/nsynth-test/audio/organ_electronic_057-056-025.wav,701,organ_electronic_057,6,organ,1,electronic,56,25,16000,dark
keyboard_electronic_003-072-025,keyboard_electronic_003-072-025,/root/autodl-tmp/tokenizer-eval/data/nsynth/nsynth-test/audio/keyboard_electronic_003-072-025.wav,65,keyboard_electronic_003,4,keyboard,1,electronic,72,25,16000,
organ_electronic_007-064-100,organ_electronic_007-064-100,/root/autodl-tmp/tokenizer-eval/data/nsynth/nsynth-test/audio/organ_electronic_007-064-100.wav,123,organ_electronic_007,6,organ,1,electronic,64,100,16000,distortion|long_release|nonlinear_env
flute_synthetic_000-054-025,flute_synthetic_000-054-025,/root/autodl-tmp/tokenizer-eval/data/nsynth/nsynth-test/audio/flute_synthetic_000-054-025.wav,82,flute_synthetic_000,2,flute,2,synthetic,54,25,16000,distortion
mallet_acoustic_062-101-075,mallet_acoustic_062-101-075,/root/autodl-tmp/tokenizer-eval/data/nsynth/nsynth-test/audio/mallet_acoustic_062-101-075.wav,644,mallet_acoustic_062,5,mallet,0,acoustic,101,75,16000,bright|fast_decay|multiphonic
flute_synthetic_000-068-075,flute_synthetic_000-068-075,/root/autodl-tmp/tokenizer-eval/data/nsynth/nsynth-test/audio/flute_synthetic_000-068-075.wav,82,flute_synthetic_000,2,flute,2,synthetic,68,75,16000,distortion
string_acoustic_014-037-025,string_acoustic_014-037-025,/root/autodl-tmp/tokenizer-eval/data/nsynth/nsynth-test/audio/string_acoustic_014-037-025.wav,100,string_acoustic_014,8,string,0,acoustic,37,25,16000,dark|reverb
bass_synthetic_068-070-127,bass_synthetic_068-070-127,/root/autodl-tmp/tokenizer-eval/data/nsynth/nsynth-test/audio/bass_synthetic_068-070-127.wav,656,bass_synthetic_068,0,bass,2,synthetic,70,127,16000,distortion
bass_synthetic_098-063-127,bass_synthetic_098-063-127,/root/autodl-tmp/tokenizer-eval/data/nsynth/nsynth-test/audio/bass_synthetic_098-063-127.wav,803,bass_synthetic_098,0,bass,2,synthetic,63,127,16000,distortion
string_acoustic_056-067-025,string_acoustic_056-067-025,/root/autodl-tmp/tokenizer-eval/data/nsynth/nsynth-test/audio/string_acoustic_056-067-025.wav,436,string_acoustic_056,8,string,0,acoustic,67,25,16000,percussive|reverb
organ_electronic_113-032-050,organ_electronic_113-032-050,/root/autodl-tmp/tokenizer-eval/data/nsynth/nsynth-test/audio/organ_electronic_113-032-050.wav,958,organ_electronic_113,6,organ,1,electronic,32,50,16000,dark
vocal_synthetic_003-072-050,vocal_synthetic_003-072-050,/root/autodl-tmp/tokenizer-eval/data/nsynth/nsynth-test/audio/vocal_synthetic_003-072-050.wav,37,vocal_synthetic_003,10,vocal,2,synthetic,72,50,16000,bright|distortion|long_release|nonlinear_env
keyboard_electronic_098-079-127,keyboard_electronic_098-079-127,/root/autodl-tmp/tokenizer-eval/data/nsynth/nsynth-test/audio/keyboard_electronic_098-079-127.wav,905,keyboard_electronic_098,4,keyboard,1,electronic,79,127,16000,fast_decay
guitar_acoustic_014-073-100,guitar_acoustic_014-073-100,/root/autodl-tmp/tokenizer-eval/data/nsynth/nsynth-test/audio/guitar_acoustic_014-073-100.wav,263,guitar_acoustic_014,3,guitar,0,acoustic,73,100,16000,
vocal_synthetic_003-085-050,vocal_synthetic_003-085-050,/root/autodl-tmp/tokenizer-eval/data/nsynth/nsynth-test/audio/vocal_synthetic_003-085-050.wav,37,vocal_synthetic_003,10,vocal,2,synthetic,85,50,16000,bright|distortion|long_release|nonlinear_env
guitar_electronic_022-067-025,guitar_electronic_022-067-025,/root/autodl-tmp/tokenizer-eval/data/nsynth/nsynth-test/audio/guitar_electronic_022-067-025.wav,378,guitar_electronic_022,3,guitar,1,electronic,67,25,16000,
organ_electronic_001-064-127,organ_electronic_001-064-127,/root/autodl-tmp/tokenizer-eval/data/nsynth/nsynth-test/audio/organ_electronic_001-064-127.wav,8,organ_electronic_001,6,organ,1,electronic,64,127,16000,
keyboard_electronic_002-052-050,keyboard_electronic_002-052-050,/root/autodl-tmp/tokenizer-eval/data/nsynth/nsynth-test/audio/keyboard_electronic_002-052-050.wav,50,keyboard_electronic_002,4,keyboard,1,electronic,52,50,16000,
bass_synthetic_033-037-050,bass_synthetic_033-037-050,/root/autodl-tmp/tokenizer-eval/data/nsynth/nsynth-test/audio/bass_synthetic_033-037-050.wav,417,bass_synthetic_033,0,bass,2,synthetic,37,50,16000,dark
mallet_acoustic_062-055-025,mallet_acoustic_062-055-025,/root/autodl-tmp/tokenizer-eval/data/nsynth/nsynth-test/audio/mallet_acoustic_062-055-025.wav,644,mallet_acoustic_062,5,mallet,0,acoustic,55,25,16000,dark|fast_decay|multiphonic
keyboard_acoustic_004-047-127,keyboard_acoustic_004-047-127,/root/autodl-tmp/tokenizer-eval/data/nsynth/nsynth-test/audio/keyboard_acoustic_004-047-127.wav,327,keyboard_acoustic_004,4,keyboard,0,acoustic,47,127,16000,reverb
brass_acoustic_006-030-127,brass_acoustic_006-030-127,/root/autodl-tmp/tokenizer-eval/data/nsynth/nsynth-test/audio/brass_acoustic_006-030-127.wav,43,brass_acoustic_006,1,brass,0,acoustic,30,127,16000,reverb
guitar_electronic_022-037-075,guitar_electronic_022-037-075,/root/autodl-tmp/tokenizer-eval/data/nsynth/nsynth-test/audio/guitar_electronic_022-037-075.wav,378,guitar_electronic_022,3,guitar,1,electronic,37,75,16000,dark
string_acoustic_014-029-100,string_acoustic_014-029-100,/root/autodl-tmp/tokenizer-eval/data/nsynth/nsynth-test/audio/string_acoustic_014-029-100.wav,100,string_acoustic_014,8,string,0,acoustic,29,100,16000,dark|reverb
bass_electronic_018-023-127,bass_electronic_018-023-127,/root/autodl-tmp/tokenizer-eval/data/nsynth/nsynth-test/audio/bass_electronic_018-023-127.wav,759,bass_electronic_018,0,bass,1,electronic,23,127,16000,
guitar_electronic_028-026-025,guitar_electronic_028-026-025,/root/autodl-tmp/tokenizer-eval/data/nsynth/nsynth-test/audio/guitar_electronic_028-026-025.wav,510,guitar_electronic_028,3,guitar,1,electronic,26,25,16000,dark
keyboard_synthetic_000-073-050,keyboard_synthetic_000-073-050,/root/autodl-tmp/tokenizer-eval/data/nsynth/nsynth-test/audio/keyboard_synthetic_000-073-050.wav,577,keyboard_synthetic_000,4,keyboard,2,synthetic,73,50,16000,distortion|fast_decay|nonlinear_env
mallet_acoustic_056-096-127,mallet_acoustic_056-096-127,/root/autodl-tmp/tokenizer-eval/data/nsynth/nsynth-test/audio/mallet_acoustic_056-096-127.wav,590,mallet_acoustic_056,5,mallet,0,acoustic,96,127,16000,
keyboard_synthetic_000-094-025,keyboard_synthetic_000-094-025,/root/autodl-tmp/tokenizer-eval/data/nsynth/nsynth-test/audio/keyboard_synthetic_000-094-025.wav,577,keyboard_synthetic_000,4,keyboard,2,synthetic,94,25,16000,distortion|fast_decay|nonlinear_env|percussive
brass_acoustic_059-043-075,brass_acoustic_059-043-075,/root/autodl-tmp/tokenizer-eval/data/nsynth/nsynth-test/audio/brass_acoustic_059-043-075.wav,572,brass_acoustic_059,1,brass,0,acoustic,43,75,16000,bright|reverb
guitar_electronic_028-082-050,guitar_electronic_028-082-050,/root/autodl-tmp/tokenizer-eval/data/nsynth/nsynth-test/audio/guitar_electronic_028-082-050.wav,510,guitar_electronic_028,3,guitar,1,electronic,82,50,16000,
string_acoustic_056-036-127,string_acoustic_056-036-127,/root/autodl-tmp/tokenizer-eval/data/nsynth/nsynth-test/audio/string_acoustic_056-036-127.wav,436,string_acoustic_056,8,string,0,acoustic,36,127,16000,reverb
keyboard_electronic_003-080-100,keyboard_electronic_003-080-100,/root/autodl-tmp/tokenizer-eval/data/nsynth/nsynth-test/audio/keyboard_electronic_003-080-100.wav,65,keyboard_electronic_003,4,keyboard,1,electronic,80,100,16000,
brass_acoustic_006-048-127,brass_acoustic_006-048-127,/root/autodl-tmp/tokenizer-eval/data/nsynth/nsynth-test/audio/brass_acoustic_006-048-127.wav,43,brass_acoustic_006,1,brass,0,acoustic,48,127,16000,reverb
organ_electronic_057-025-050,organ_electronic_057-025-050,/root/autodl-tmp/tokenizer-eval/data/nsynth/nsynth-test/audio/organ_electronic_057-025-050.wav,701,organ_electronic_057,6,organ,1,electronic,25,50,16000,dark
vocal_synthetic_003-024-025,vocal_synthetic_003-024-025,/root/autodl-tmp/tokenizer-eval/data/nsynth/nsynth-test/audio/vocal_synthetic_003-024-025.wav,37,vocal_synthetic_003,10,vocal,2,synthetic,24,25,16000,distortion|long_release|nonlinear_env
organ_electronic_007-095-127,organ_electronic_007-095-127,/root/autodl-tmp/tokenizer-eval/data/nsynth/nsynth-test/audio/organ_electronic_007-095-127.wav,123,organ_electronic_007,6,organ,1,electronic,95,127,16000,long_release|nonlinear_env
flute_synthetic_000-091-075,flute_synthetic_000-091-075,/root/autodl-tmp/tokenizer-eval/data/nsynth/nsynth-test/audio/flute_synthetic_000-091-075.wav,82,flute_synthetic_000,2,flute,2,synthetic,91,75,16000,distortion
string_acoustic_056-058-025,string_acoustic_056-058-025,/root/autodl-tmp/tokenizer-eval/data/nsynth/nsynth-test/audio/string_acoustic_056-058-025.wav,436,string_acoustic_056,8,string,0,acoustic,58,25,16000,fast_decay|percussive|reverb
guitar_electronic_022-053-075,guitar_electronic_022-053-075,/root/autodl-tmp/tokenizer-eval/data/nsynth/nsynth-test/audio/guitar_electronic_022-053-075.wav,378,guitar_electronic_022,3,guitar,1,electronic,53,75,16000,dark
brass_acoustic_006-075-075,brass_acoustic_006-075-075,/root/autodl-tmp/tokenizer-eval/data/nsynth/nsynth-test/audio/brass_acoustic_006-075-075.wav,43,brass_acoustic_006,1,brass,0,acoustic,75,75,16000,reverb
keyboard_synthetic_000-052-100,keyboard_synthetic_000-052-100,/root/autodl-tmp/tokenizer-eval/data/nsynth/nsynth-test/audio/keyboard_synthetic_000-052-100.wav,577,keyboard_synthetic_000,4,keyboard,2,synthetic,52,100,16000,distortion|fast_decay|nonlinear_env
organ_electronic_113-073-127,organ_electronic_113-073-127,/root/autodl-tmp/tokenizer-eval/data/nsynth/nsynth-test/audio/organ_electronic_113-073-127.wav,958,organ_electronic_113,6,organ,1,electronic,73,127,16000,
vocal_synthetic_003-057-075,vocal_synthetic_003-057-075,/root/autodl-tmp/tokenizer-eval/data/nsynth/nsynth-test/audio/vocal_synthetic_003-057-075.wav,37,vocal_synthetic_003,10,vocal,2,synthetic,57,75,16000,distortion|long_release|nonlinear_env
organ_electronic_028-033-025,organ_electronic_028-033-025,/root/autodl-tmp/tokenizer-eval/data/nsynth/nsynth-test/audio/organ_electronic_028-033-025.wav,440,organ_electronic_028,6,organ,1,electronic,33,25,16000,dark
vocal_synthetic_003-087-127,vocal_synthetic_003-087-127,/root/autodl-tmp/tokenizer-eval/data/nsynth/nsynth-test/audio/vocal_synthetic_003-087-127.wav,37,vocal_synthetic_003,10,vocal,2,synthetic,87,127,16000,bright|distortion|long_release|nonlinear_env
reed_acoustic_023-082-025,reed_acoustic_023-082-025,/root/autodl-tmp/tokenizer-eval/data/nsynth/nsynth-test/audio/reed_acoustic_023-082-025.wav,224,reed_acoustic_023,7,reed,0,acoustic,82,25,16000,bright|fast_decay|multiphonic|nonlinear_env
keyboard_electronic_078-071-127,keyboard_electronic_078-071-127,/root/autodl-tmp/tokenizer-eval/data/nsynth/nsynth-test/audio/keyboard_electronic_078-071-127.wav,838,keyboard_electronic_078,4,keyboard,1,electronic,71,127,16000,bright
string_acoustic_057-082-050,string_acoustic_057-082-050,/root/autodl-tmp/tokenizer-eval/data/nsynth/nsynth-test/audio/string_acoustic_057-082-050.wav,450,string_acoustic_057,8,string,0,acoustic,82,50,16000,bright|nonlinear_env|reverb
guitar_acoustic_021-093-127,guitar_acoustic_021-093-127,/root/autodl-tmp/tokenizer-eval/data/nsynth/nsynth-test/audio/guitar_acoustic_021-093-127.wav,457,guitar_acoustic_021,3,guitar,0,acoustic,93,127,16000,fast_decay|percussive
bass_electronic_018-024-025,bass_electronic_018-024-025,/root/autodl-tmp/tokenizer-eval/data/nsynth/nsynth-test/audio/bass_electronic_018-024-025.wav,759,bass_electronic_018,0,bass,1,electronic,24,25,16000,
brass_acoustic_006-068-127,brass_acoustic_006-068-127,/root/autodl-tmp/tokenizer-eval/data/nsynth/nsynth-test/audio/brass_acoustic_006-068-127.wav,43,brass_acoustic_006,1,brass,0,acoustic,68,127,16000,long_release|reverb
keyboard_electronic_098-068-100,keyboard_electronic_098-068-100,/root/autodl-tmp/tokenizer-eval/data/nsynth/nsynth-test/audio/keyboard_electronic_098-068-100.wav,905,keyboard_electronic_098,4,keyboard,1,electronic,68,100,16000,
string_acoustic_012-042-025,string_acoustic_012-042-025,/root/autodl-tmp/tokenizer-eval/data/nsynth/nsynth-test/audio/string_acoustic_012-042-025.wav,97,string_acoustic_012,8,string,0,acoustic,42,25,16000,long_release|reverb
mallet_acoustic_062-096-050,mallet_acoustic_062-096-050,/root/autodl-tmp/tokenizer-eval/data/nsynth/nsynth-test/audio/mallet_acoustic_062-096-050.wav,644,mallet_acoustic_062,5,mallet,0,acoustic,96,50,16000,fast_decay|multiphonic
keyboard_electronic_069-063-100,keyboard_electronic_069-063-100,/root/autodl-tmp/tokenizer-eval/data/nsynth/nsynth-test/audio/keyboard_electronic_069-063-100.wav,805,keyboard_electronic_069,4,keyboard,1,electronic,63,100,16000,distortion
organ_electronic_001-064-025,organ_electronic_001-064-025,/root/autodl-tmp/tokenizer-eval/data/nsynth/nsynth-test/audio/organ_electronic_001-064-025.wav,8,organ_electronic_001,6,organ,1,electronic,64,25,16000,
brass_acoustic_015-050-100,brass_acoustic_015-050-100,/root/autodl-tmp/tokenizer-eval/data/nsynth/nsynth-test/audio/brass_acoustic_015-050-100.wav,121,brass_acoustic_015,1,brass,0,acoustic,50,100,16000,reverb
brass_acoustic_006-065-050,brass_acoustic_006-065-050,/root/autodl-tmp/tokenizer-eval/data/nsynth/nsynth-test/audio/brass_acoustic_006-065-050.wav,43,brass_acoustic_006,1,brass,0,acoustic,65,50,16000,reverb
guitar_acoustic_021-051-127,guitar_acoustic_021-051-127,/root/autodl-tmp/tokenizer-eval/data/nsynth/nsynth-test/audio/guitar_acoustic_021-051-127.wav,457,guitar_acoustic_021,3,guitar,0,acoustic,51,127,16000,distortion
mallet_acoustic_062-101-025,mallet_acoustic_062-101-025,/root/autodl-tmp/tokenizer-eval/data/nsynth/nsynth-test/audio/mallet_acoustic_062-101-025.wav,644,mallet_acoustic_062,5,mallet,0,acoustic,101,25,16000,bright|fast_decay|multiphonic|percussive
string_acoustic_012-055-025,string_acoustic_012-055-025,/root/autodl-tmp/tokenizer-eval/data/nsynth/nsynth-test/audio/string_acoustic_012-055-025.wav,97,string_acoustic_012,8,string,0,acoustic,55,25,16000,reverb
keyboard_acoustic_004-082-050,keyboard_acoustic_004-082-050,/root/autodl-tmp/tokenizer-eval/data/nsynth/nsynth-test/audio/keyboard_acoustic_004-082-050.wav,327,keyboard_acoustic_004,4,keyboard,0,acoustic,82,50,16000,dark|reverb
bass_synthetic_135-055-050,bass_synthetic_135-055-050,/root/autodl-tmp/tokenizer-eval/data/nsynth/nsynth-test/audio/bass_synthetic_135-055-050.wav,927,bass_synthetic_135,0,bass,2,synthetic,55,50,16000,distortion
string_acoustic_056-075-025,string_acoustic_056-075-025,/root/autodl-tmp/tokenizer-eval/data/nsynth/nsynth-test/audio/string_acoustic_056-075-025.wav,436,string_acoustic_056,8,string,0,acoustic,75,25,16000,fast_decay|percussive|reverb
mallet_acoustic_047-095-050,mallet_acoustic_047-095-050,/root/autodl-tmp/tokenizer-eval/data/nsynth/nsynth-test/audio/mallet_acoustic_047-095-050.wav,488,mallet_acoustic_047,5,mallet,0,acoustic,95,50,16000,fast_decay|percussive|reverb
organ_electronic_028-072-100,organ_electronic_028-072-100,/root/autodl-tmp/tokenizer-eval/data/nsynth/nsynth-test/audio/organ_electronic_028-072-100.wav,440,organ_electronic_028,6,organ,1,electronic,72,100,16000,dark
string_acoustic_014-036-025,string_acoustic_014-036-025,/root/autodl-tmp/tokenizer-eval/data/nsynth/nsynth-test/audio/string_acoustic_014-036-025.wav,100,string_acoustic_014,8,string,0,acoustic,36,25,16000,dark|reverb
organ_electronic_007-019-050,organ_electronic_007-019-050,/root/autodl-tmp/tokenizer-eval/data/nsynth/nsynth-test/audio/organ_electronic_007-019-050.wav,123,organ_electronic_007,6,organ,1,electronic,19,50,16000,distortion|long_release|nonlinear_env
keyboard_electronic_098-027-127,keyboard_electronic_098-027-127,/root/autodl-tmp/tokenizer-eval/data/nsynth/nsynth-test/audio/keyboard_electronic_098-027-127.wav,905,keyboard_electronic_098,4,keyboard,1,electronic,27,127,16000,dark|distortion
brass_acoustic_006-032-075,brass_acoustic_006-032-075,/root/autodl-tmp/tokenizer-eval/data/nsynth/nsynth-test/audio/brass_acoustic_006-032-075.wav,43,brass_acoustic_006,1,brass,0,acoustic,32,75,16000,reverb
organ_electronic_057-060-025,organ_electronic_057-060-025,/root/autodl-tmp/tokenizer-eval/data/nsynth/nsynth-test/audio/organ_electronic_057-060-025.wav,701,organ_electronic_057,6,organ,1,electronic,60,25,16000,dark
mallet_acoustic_062-044-100,mallet_acoustic_062-044-100,/root/autodl-tmp/tokenizer-eval/data/nsynth/nsynth-test/audio/mallet_acoustic_062-044-100.wav,644,mallet_acoustic_062,5,mallet,0,acoustic,44,100,16000,dark|long_release|multiphonic
string_acoustic_071-028-100,string_acoustic_071-028-100,/root/autodl-tmp/tokenizer-eval/data/nsynth/nsynth-test/audio/string_acoustic_071-028-100.wav,609,string_acoustic_071,8,string,0,acoustic,28,100,16000,long_release|reverb
brass_acoustic_059-055-127,brass_acoustic_059-055-127,/root/autodl-tmp/tokenizer-eval/data/nsynth/nsynth-test/audio/brass_acoustic_059-055-127.wav,572,brass_acoustic_059,1,brass,0,acoustic,55,127,16000,reverb
bass_electronic_027-053-025,bass_electronic_027-053-025,/root/autodl-tmp/tokenizer-eval/data/nsynth/nsynth-test/audio/bass_electronic_027-053-025.wav,880,bass_electronic_027,0,bass,1,electronic,53,25,16000,
bass_synthetic_033-091-025,bass_synthetic_033-091-025,/root/autodl-tmp/tokenizer-eval/data/nsynth/nsynth-test/audio/bass_synthetic_033-091-025.wav,417,bass_synthetic_033,0,bass,2,synthetic,91,25,16000,
reed_acoustic_023-036-075,reed_acoustic_023-036-075,/root/autodl-tmp/tokenizer-eval/data/nsynth/nsynth-test/audio/reed_acoustic_023-036-075.wav,224,reed_acoustic_023,7,reed,0,acoustic,36,75,16000,bright|fast_decay|multiphonic|nonlinear_env
reed_acoustic_018-060-075,reed_acoustic_018-060-075,/root/autodl-tmp/tokenizer-eval/data/nsynth/nsynth-test/audio/reed_acoustic_018-060-075.wav,183,reed_acoustic_018,7,reed,0,acoustic,60,75,16000,
guitar_acoustic_015-070-025,guitar_acoustic_015-070-025,/root/autodl-tmp/tokenizer-eval/data/nsynth/nsynth-test/audio/guitar_acoustic_015-070-025.wav,316,guitar_acoustic_015,3,guitar,0,acoustic,70,25,16000,reverb
mallet_acoustic_062-072-075,mallet_acoustic_062-072-075,/root/autodl-tmp/tokenizer-eval/data/nsynth/nsynth-test/audio/mallet_acoustic_062-072-075.wav,644,mallet_acoustic_062,5,mallet,0,acoustic,72,75,16000,dark|multiphonic
keyboard_electronic_003-074-127,keyboard_electronic_003-074-127,/root/autodl-tmp/tokenizer-eval/data/nsynth/nsynth-test/audio/keyboard_electronic_003-074-127.wav,65,keyboard_electronic_003,4,keyboard,1,electronic,74,127,16000,
vocal_synthetic_003-093-075,vocal_synthetic_003-093-075,/root/autodl-tmp/tokenizer-eval/data/nsynth/nsynth-test/audio/vocal_synthetic_003-093-075.wav,37,vocal_synthetic_003,10,vocal,2,synthetic,93,75,16000,long_release|nonlinear_env
reed_acoustic_037-033-075,reed_acoustic_037-033-075,/root/autodl-tmp/tokenizer-eval/data/nsynth/nsynth-test/audio/reed_acoustic_037-033-075.wav,387,reed_acoustic_037,7,reed,0,acoustic,33,75,16000,reverb
string_acoustic_057-064-025,string_acoustic_057-064-025,/root/autodl-tmp/tokenizer-eval/data/nsynth/nsynth-test/audio/string_acoustic_057-064-025.wav,450,string_acoustic_057,8,string,0,acoustic,64,25,16000,bright|nonlinear_env|reverb
keyboard_acoustic_004-083-075,keyboard_acoustic_004-083-075,/root/autodl-tmp/tokenizer-eval/data/nsynth/nsynth-test/audio/keyboard_acoustic_004-083-075.wav,327,keyboard_acoustic_004,4,keyboard,0,acoustic,83,75,16000,reverb
flute_synthetic_000-028-050,flute_synthetic_000-028-050,/root/autodl-tmp/tokenizer-eval/data/nsynth/nsynth-test/audio/flute_synthetic_000-028-050.wav,82,flute_synthetic_000,2,flute,2,synthetic,28,50,16000,distortion
reed_acoustic_037-043-100,reed_acoustic_037-043-100,/root/autodl-tmp/tokenizer-eval/data/nsynth/nsynth-test/audio/reed_acoustic_037-043-100.wav,387,reed_acoustic_037,7,reed,0,acoustic,43,100,16000,reverb
bass_synthetic_135-092-050,bass_synthetic_135-092-050,/root/autodl-tmp/tokenizer-eval/data/nsynth/nsynth-test/audio/bass_synthetic_135-092-050.wav,927,bass_synthetic_135,0,bass,2,synthetic,92,50,16000,distortion
keyboard_electronic_098-090-025,keyboard_electronic_098-090-025,/root/autodl-tmp/tokenizer-eval/data/nsynth/nsynth-test/audio/keyboard_electronic_098-090-025.wav,905,keyboard_electronic_098,4,keyboard,1,electronic,90,25,16000,fast_decay|percussive
reed_acoustic_037-070-050,reed_acoustic_037-070-050,/root/autodl-tmp/tokenizer-eval/data/nsynth/nsynth-test/audio/reed_acoustic_037-070-050.wav,387,reed_acoustic_037,7,reed,0,acoustic,70,50,16000,reverb
reed_acoustic_023-079-100,reed_acoustic_023-079-100,/root/autodl-tmp/tokenizer-eval/data/nsynth/nsynth-test/audio/reed_acoustic_023-079-100.wav,224,reed_acoustic_023,7,reed,0,acoustic,79,100,16000,bright|fast_decay|multiphonic|nonlinear_env
organ_electronic_007-051-127,organ_electronic_007-051-127,/root/autodl-tmp/tokenizer-eval/data/nsynth/nsynth-test/audio/organ_electronic_007-051-127.wav,123,organ_electronic_007,6,organ,1,electronic,51,127,16000,distortion|long_release|nonlinear_env
guitar_electronic_022-082-127,guitar_electronic_022-082-127,/root/autodl-tmp/tokenizer-eval/data/nsynth/nsynth-test/audio/guitar_electronic_022-082-127.wav,378,guitar_electronic_022,3,guitar,1,electronic,82,127,16000,
mallet_acoustic_062-024-025,mallet_acoustic_062-024-025,/root/autodl-tmp/tokenizer-eval/data/nsynth/nsynth-test/audio/mallet_acoustic_062-024-025.wav,644,mallet_acoustic_062,5,mallet,0,acoustic,24,25,16000,dark|multiphonic
keyboard_electronic_069-040-075,keyboard_electronic_069-040-075,/root/autodl-tmp/tokenizer-eval/data/nsynth/nsynth-test/audio/keyboard_electronic_069-040-075.wav,805,keyboard_electronic_069,4,keyboard,1,electronic,40,75,16000,distortion
string_acoustic_057-087-100,string_acoustic_057-087-100,/root/autodl-tmp/tokenizer-eval/data/nsynth/nsynth-test/audio/string_acoustic_057-087-100.wav,450,string_acoustic_057,8,string,0,acoustic,87,100,16000,nonlinear_env|reverb
string_acoustic_071-050-050,string_acoustic_071-050-050,/root/autodl-tmp/tokenizer-eval/data/nsynth/nsynth-test/audio/string_acoustic_071-050-050.wav,609,string_acoustic_071,8,string,0,acoustic,50,50,16000,reverb
keyboard_electronic_078-061-025,keyboard_electronic_078-061-025,/root/autodl-tmp/tokenizer-eval/data/nsynth/nsynth-test/audio/keyboard_electronic_078-061-025.wav,838,keyboard_electronic_078,4,keyboard,1,electronic,61,25,16000,bright
reed_acoustic_037-032-025,reed_acoustic_037-032-025,/root/autodl-tmp/tokenizer-eval/data/nsynth/nsynth-test/audio/reed_acoustic_037-032-025.wav,387,reed_acoustic_037,7,reed,0,acoustic,32,25,16000,reverb
brass_acoustic_006-026-100,brass_acoustic_006-026-100,/root/autodl-tmp/tokenizer-eval/data/nsynth/nsynth-test/audio/brass_acoustic_006-026-100.wav,43,brass_acoustic_006,1,brass,0,acoustic,26,100,16000,reverb
guitar_acoustic_015-048-025,guitar_acoustic_015-048-025,/root/autodl-tmp/tokenizer-eval/data/nsynth/nsynth-test/audio/guitar_acoustic_015-048-025.wav,316,guitar_acoustic_015,3,guitar,0,acoustic,48,25,16000,reverb
guitar_acoustic_010-030-050,guitar_acoustic_010-030-050,/root/autodl-tmp/tokenizer-eval/data/nsynth/nsynth-test/audio/guitar_acoustic_010-030-050.wav,219,guitar_acoustic_010,3,guitar,0,acoustic,30,50,16000,
keyboard_electronic_069-052-075,keyboard_electronic_069-052-075,/root/autodl-tmp/tokenizer-eval/data/nsynth/nsynth-test/audio/keyboard_electronic_069-052-075.wav,805,keyboard_electronic_069,4,keyboard,1,electronic,52,75,16000,distortion
organ_electronic_057-047-100,organ_electronic_057-047-100,/root/autodl-tmp/tokenizer-eval/data/nsynth/nsynth-test/audio/organ_electronic_057-047-100.wav,701,organ_electronic_057,6,organ,1,electronic,47,100,16000,dark
bass_synthetic_098-071-100,bass_synthetic_098-071-100,/root/autodl-tmp/tokenizer-eval/data/nsynth/nsynth-test/audio/bass_synthetic_098-071-100.wav,803,bass_synthetic_098,0,bass,2,synthetic,71,100,16000,
guitar_electronic_022-046-025,guitar_electronic_022-046-025,/root/autodl-tmp/tokenizer-eval/data/nsynth/nsynth-test/audio/guitar_electronic_022-046-025.wav,378,guitar_electronic_022,3,guitar,1,electronic,46,25,16000,dark
string_acoustic_057-075-075,string_acoustic_057-075-075,/root/autodl-tmp/tokenizer-eval/data/nsynth/nsynth-test/audio/string_acoustic_057-075-075.wav,450,string_acoustic_057,8,string,0,acoustic,75,75,16000,bright|nonlinear_env|reverb
guitar_acoustic_021-028-075,guitar_acoustic_021-028-075,/root/autodl-tmp/tokenizer-eval/data/nsynth/nsynth-test/audio/guitar_acoustic_021-028-075.wav,457,guitar_acoustic_021,3,guitar,0,acoustic,28,75,16000,
mallet_acoustic_062-072-050,mallet_acoustic_062-072-050,/root/autodl-tmp/tokenizer-eval/data/nsynth/nsynth-test/audio/mallet_acoustic_062-072-050.wav,644,mallet_acoustic_062,5,mallet,0,acoustic,72,50,16000,dark|fast_decay|multiphonic
mallet_acoustic_047-078-100,mallet_acoustic_047-078-100,/root/autodl-tmp/tokenizer-eval/data/nsynth/nsynth-test/audio/mallet_acoustic_047-078-100.wav,488,mallet_acoustic_047,5,mallet,0,acoustic,78,100,16000,fast_decay|percussive|reverb
organ_electronic_104-033-025,organ_electronic_104-033-025,/root/autodl-tmp/tokenizer-eval/data/nsynth/nsynth-test/audio/organ_electronic_104-033-025.wav,921,organ_electronic_104,6,organ,1,electronic,33,25,16000,
bass_synthetic_034-085-100,bass_synthetic_034-085-100,/root/autodl-tmp/tokenizer-eval/data/nsynth/nsynth-test/audio/bass_synthetic_034-085-100.wav,420,bass_synthetic_034,0,bass,2,synthetic,85,100,16000,bright|distortion|tempo-synced
organ_electronic_028-084-075,organ_electronic_028-084-075,/root/autodl-tmp/tokenizer-eval/data/nsynth/nsynth-test/audio/organ_electronic_028-084-075.wav,440,organ_electronic_028,6,organ,1,electronic,84,75,16000,
bass_synthetic_068-090-075,bass_synthetic_068-090-075,/root/autodl-tmp/tokenizer-eval/data/nsynth/nsynth-test/audio/bass_synthetic_068-090-075.wav,656,bass_synthetic_068,0,bass,2,synthetic,90,75,16000,fast_decay
keyboard_electronic_001-075-025,keyboard_electronic_001-075-025,/root/autodl-tmp/tokenizer-eval/data/nsynth/nsynth-test/audio/keyboard_electronic_001-075-025.wav,40,keyboard_electronic_001,4,keyboard,1,electronic,75,25,16000,dark|long_release
flute_synthetic_000-054-127,flute_synthetic_000-054-127,/root/autodl-tmp/tokenizer-eval/data/nsynth/nsynth-test/audio/flute_synthetic_000-054-127.wav,82,flute_synthetic_000,2,flute,2,synthetic,54,127,16000,distortion
organ_electronic_113-038-127,organ_electronic_113-038-127,/root/autodl-tmp/tokenizer-eval/data/nsynth/nsynth-test/audio/organ_electronic_113-038-127.wav,958,organ_electronic_113,6,organ,1,electronic,38,127,16000,dark
string_acoustic_012-049-025,string_acoustic_012-049-025,/root/autodl-tmp/tokenizer-eval/data/nsynth/nsynth-test/audio/string_acoustic_012-049-025.wav,97,string_acoustic_012,8,string,0,acoustic,49,25,16000,long_release|reverb
mallet_acoustic_056-084-050,mallet_acoustic_056-084-050,/root/autodl-tmp/tokenizer-eval/data/nsynth/nsynth-test/audio/mallet_acoustic_056-084-050.wav,590,mallet_acoustic_056,5,mallet,0,acoustic,84,50,16000,fast_decay
brass_acoustic_016-085-050,brass_acoustic_016-085-050,/root/autodl-tmp/tokenizer-eval/data/nsynth/nsynth-test/audio/brass_acoustic_016-085-050.wav,128,brass_acoustic_016,1,brass,0,acoustic,85,50,16000,bright
string_acoustic_012-028-025,string_acoustic_012-028-025,/root/autodl-tmp/tokenizer-eval/data/nsynth/nsynth-test/audio/string_acoustic_012-028-025.wav,97,string_acoustic_012,8,string,0,acoustic,28,25,16000,long_release|reverb
organ_electronic_057-030-075,organ_electronic_057-030-075,/root/autodl-tmp/tokenizer-eval/data/nsynth/nsynth-test/audio/organ_electronic_057-030-075.wav,701,organ_electronic_057,6,organ,1,electronic,30,75,16000,dark
keyboard_electronic_001-043-100,keyboard_electronic_001-043-100,/root/autodl-tmp/tokenizer-eval/data/nsynth/nsynth-test/audio/keyboard_electronic_001-043-100.wav,40,keyboard_electronic_001,4,keyboard,1,electronic,43,100,16000,
keyboard_electronic_001-041-075,keyboard_electronic_001-041-075,/root/autodl-tmp/tokenizer-eval/data/nsynth/nsynth-test/audio/keyboard_electronic_001-041-075.wav,40,keyboard_electronic_001,4,keyboard,1,electronic,41,75,16000,dark
brass_acoustic_015-054-050,brass_acoustic_015-054-050,/root/autodl-tmp/tokenizer-eval/data/nsynth/nsynth-test/audio/brass_acoustic_015-054-050.wav,121,brass_acoustic_015,1,brass,0,acoustic,54,50,16000,reverb
bass_synthetic_009-064-050,bass_synthetic_009-064-050,/root/autodl-tmp/tokenizer-eval/data/nsynth/nsynth-test/audio/bass_synthetic_009-064-050.wav,150,bass_synthetic_009,0,bass,2,synthetic,64,50,16000,bright|distortion|long_release
keyboard_electronic_003-065-075,keyboard_electronic_003-065-075,/root/autodl-tmp/tokenizer-eval/data/nsynth/nsynth-test/audio/keyboard_electronic_003-065-075.wav,65,keyboard_electronic_003,4,keyboard,1,electronic,65,75,16000,
guitar_acoustic_021-068-100,guitar_acoustic_021-068-100,/root/autodl-tmp/tokenizer-eval/data/nsynth/nsynth-test/audio/guitar_acoustic_021-068-100.wav,457,guitar_acoustic_021,3,guitar,0,acoustic,68,100,16000,
mallet_acoustic_062-096-025,mallet_acoustic_062-096-025,/root/autodl-tmp/tokenizer-eval/data/nsynth/nsynth-test/audio/mallet_acoustic_062-096-025.wav,644,mallet_acoustic_062,5,mallet,0,acoustic,96,25,16000,fast_decay|multiphonic|percussive
flute_synthetic_000-039-127,flute_synthetic_000-039-127,/root/autodl-tmp/tokenizer-eval/data/nsynth/nsynth-test/audio/flute_synthetic_000-039-127.wav,82,flute_synthetic_000,2,flute,2,synthetic,39,127,16000,distortion
bass_synthetic_009-023-050,bass_synthetic_009-023-050,/root/autodl-tmp/tokenizer-eval/data/nsynth/nsynth-test/audio/bass_synthetic_009-023-050.wav,150,bass_synthetic_009,0,bass,2,synthetic,23,50,16000,bright|distortion|long_release
organ_electronic_007-030-127,organ_electronic_007-030-127,/root/autodl-tmp/tokenizer-eval/data/nsynth/nsynth-test/audio/organ_electronic_007-030-127.wav,123,organ_electronic_007,6,organ,1,electronic,30,127,16000,distortion|long_release|nonlinear_env
keyboard_electronic_002-053-127,keyboard_electronic_002-053-127,/root/autodl-tmp/tokenizer-eval/data/nsynth/nsynth-test/audio/keyboard_electronic_002-053-127.wav,50,keyboard_electronic_002,4,keyboard,1,electronic,53,127,16000,distortion
vocal_synthetic_003-080-100,vocal_synthetic_003-080-100,/root/autodl-tmp/tokenizer-eval/data/nsynth/nsynth-test/audio/vocal_synthetic_003-080-100.wav,37,vocal_synthetic_003,10,vocal,2,synthetic,80,100,16000,bright|distortion|long_release|nonlinear_env
bass_synthetic_068-053-127,bass_synthetic_068-053-127,/root/autodl-tmp/tokenizer-eval/data/nsynth/nsynth-test/audio/bass_synthetic_068-053-127.wav,656,bass_synthetic_068,0,bass,2,synthetic,53,127,16000,dark|distortion
guitar_acoustic_014-062-127,guitar_acoustic_014-062-127,/root/autodl-tmp/tokenizer-eval/data/nsynth/nsynth-test/audio/guitar_acoustic_014-062-127.wav,263,guitar_acoustic_014,3,guitar,0,acoustic,62,127,16000,
organ_electronic_113-053-025,organ_electronic_113-053-025,/root/autodl-tmp/tokenizer-eval/data/nsynth/nsynth-test/audio/organ_electronic_113-053-025.wav,958,organ_electronic_113,6,organ,1,electronic,53,25,16000,dark
vocal_synthetic_003-073-050,vocal_synthetic_003-073-050,/root/autodl-tmp/tokenizer-eval/data/nsynth/nsynth-test/audio/vocal_synthetic_003-073-050.wav,37,vocal_synthetic_003,10,vocal,2,synthetic,73,50,16000,bright|distortion|long_release|nonlinear_env
guitar_acoustic_015-060-050,guitar_acoustic_015-060-050,/root/autodl-tmp/tokenizer-eval/data/nsynth/nsynth-test/audio/guitar_acoustic_015-060-050.wav,316,guitar_acoustic_015,3,guitar,0,acoustic,60,50,16000,reverb
reed_acoustic_023-097-100,reed_acoustic_023-097-100,/root/autodl-tmp/tokenizer-eval/data/nsynth/nsynth-test/audio/reed_acoustic_023-097-100.wav,224,reed_acoustic_023,7,reed,0,acoustic,97,100,16000,fast_decay|multiphonic|nonlinear_env|percussive
organ_electronic_028-070-127,organ_electronic_028-070-127,/root/autodl-tmp/tokenizer-eval/data/nsynth/nsynth-test/audio/organ_electronic_028-070-127.wav,440,organ_electronic_028,6,organ,1,electronic,70,127,16000,dark
keyboard_acoustic_004-039-100,keyboard_acoustic_004-039-100,/root/autodl-tmp/tokenizer-eval/data/nsynth/nsynth-test/audio/keyboard_acoustic_004-039-100.wav,327,keyboard_acoustic_004,4,keyboard,0,acoustic,39,100,16000,reverb
guitar_electronic_022-073-127,guitar_electronic_022-073-127,/root/autodl-tmp/tokenizer-eval/data/nsynth/nsynth-test/audio/guitar_electronic_022-073-127.wav,378,guitar_electronic_022,3,guitar,1,electronic,73,127,16000,
bass_synthetic_134-037-127,bass_synthetic_134-037-127,/root/autodl-tmp/tokenizer-eval/data/nsynth/nsynth-test/audio/bass_synthetic_134-037-127.wav,914,bass_synthetic_134,0,bass,2,synthetic,37,127,16000,dark|reverb
bass_synthetic_068-066-127,bass_synthetic_068-066-127,/root/autodl-tmp/tokenizer-eval/data/nsynth/nsynth-test/audio/bass_synthetic_068-066-127.wav,656,bass_synthetic_068,0,bass,2,synthetic,66,127,16000,distortion
brass_acoustic_046-098-025,brass_acoustic_046-098-025,/root/autodl-tmp/tokenizer-eval/data/nsynth/nsynth-test/audio/brass_acoustic_046-098-025.wav,414,brass_acoustic_046,1,brass,0,acoustic,98,25,16000,long_release
flute_synthetic_000-086-075,flute_synthetic_000-086-075,/root/autodl-tmp/tokenizer-eval/data/nsynth/nsynth-test/audio/flute_synthetic_000-086-075.wav,82,flute_synthetic_000,2,flute,2,synthetic,86,75,16000,distortion
organ_electronic_007-045-127,organ_electronic_007-045-127,/root/autodl-tmp/tokenizer-eval/data/nsynth/nsynth-test/audio/organ_electronic_007-045-127.wav,123,organ_electronic_007,6,organ,1,electronic,45,127,16000,distortion|long_release|nonlinear_env
organ_electronic_001-088-100,organ_electronic_001-088-100,/root/autodl-tmp/tokenizer-eval/data/nsynth/nsynth-test/audio/organ_electronic_001-088-100.wav,8,organ_electronic_001,6,organ,1,electronic,88,100,16000,
organ_electronic_057-075-025,organ_electronic_057-075-025,/root/autodl-tmp/tokenizer-eval/data/nsynth/nsynth-test/audio/organ_electronic_057-075-025.wav,701,organ_electronic_057,6,organ,1,electronic,75,25,16000,
keyboard_electronic_098-085-025,keyboard_electronic_098-085-025,/root/autodl-tmp/tokenizer-eval/data/nsynth/nsynth-test/audio/keyboard_electronic_098-085-025.wav,905,keyboard_electronic_098,4,keyboard,1,electronic,85,25,16000,fast_decay
vocal_synthetic_003-055-127,vocal_synthetic_003-055-127,/root/autodl-tmp/tokenizer-eval/data/nsynth/nsynth-test/audio/vocal_synthetic_003-055-127.wav,37,vocal_synthetic_003,10,vocal,2,synthetic,55,127,16000,bright|distortion|long_release|nonlinear_env
reed_acoustic_011-043-127,reed_acoustic_011-043-127,/root/autodl-tmp/tokenizer-eval/data/nsynth/nsynth-test/audio/reed_acoustic_011-043-127.wav,104,reed_acoustic_011,7,reed,0,acoustic,43,127,16000,bright
keyboard_electronic_098-100-075,keyboard_electronic_098-100-075,/root/autodl-tmp/tokenizer-eval/data/nsynth/nsynth-test/audio/keyboard_electronic_098-100-075.wav,905,keyboard_electronic_098,4,keyboard,1,electronic,100,75,16000,bright|fast_decay|percussive
keyboard_electronic_078-029-025,keyboard_electronic_078-029-025,/root/autodl-tmp/tokenizer-eval/data/nsynth/nsynth-test/audio/keyboard_electronic_078-029-025.wav,838,keyboard_electronic_078,4,keyboard,1,electronic,29,25,16000,bright
reed_acoustic_011-064-075,reed_acoustic_011-064-075,/root/autodl-tmp/tokenizer-eval/data/nsynth/nsynth-test/audio/reed_acoustic_011-064-075.wav,104,reed_acoustic_011,7,reed,0,acoustic,64,75,16000,
keyboard_electronic_003-066-025,keyboard_electronic_003-066-025,/root/autodl-tmp/tokenizer-eval/data/nsynth/nsynth-test/audio/keyboard_electronic_003-066-025.wav,65,keyboard_electronic_003,4,keyboard,1,electronic,66,25,16000,
flute_synthetic_000-092-075,flute_synthetic_000-092-075,/root/autodl-tmp/tokenizer-eval/data/nsynth/nsynth-test/audio/flute_synthetic_000-092-075.wav,82,flute_synthetic_000,2,flute,2,synthetic,92,75,16000,distortion
string_acoustic_014-058-100,string_acoustic_014-058-100,/root/autodl-tmp/tokenizer-eval/data/nsynth/nsynth-test/audio/string_acoustic_014-058-100.wav,100,string_acoustic_014,8,string,0,acoustic,58,100,16000,dark|reverb
mallet_acoustic_062-075-075,mallet_acoustic_062-075-075,/root/autodl-tmp/tokenizer-eval/data/nsynth/nsynth-test/audio/mallet_acoustic_062-075-075.wav,644,mallet_acoustic_062,5,mallet,0,acoustic,75,75,16000,dark|fast_decay|multiphonic
string_acoustic_071-041-050,string_acoustic_071-041-050,/root/autodl-tmp/tokenizer-eval/data/nsynth/nsynth-test/audio/string_acoustic_071-041-050.wav,609,string_acoustic_071,8,string,0,acoustic,41,50,16000,long_release|reverb
guitar_electronic_022-034-100,guitar_electronic_022-034-100,/root/autodl-tmp/tokenizer-eval/data/nsynth/nsynth-test/audio/guitar_electronic_022-034-100.wav,378,guitar_electronic_022,3,guitar,1,electronic,34,100,16000,dark
keyboard_acoustic_004-026-050,keyboard_acoustic_004-026-050,/root/autodl-tmp/tokenizer-eval/data/nsynth/nsynth-test/audio/keyboard_acoustic_004-026-050.wav,327,keyboard_acoustic_004,4,keyboard,0,acoustic,26,50,16000,dark|reverb
keyboard_electronic_002-093-025,keyboard_electronic_002-093-025,/root/autodl-tmp/tokenizer-eval/data/nsynth/nsynth-test/audio/keyboard_electronic_002-093-025.wav,50,keyboard_electronic_002,4,keyboard,1,electronic,93,25,16000,fast_decay|percussive
keyboard_electronic_002-048-127,keyboard_electronic_002-048-127,/root/autodl-tmp/tokenizer-eval/data/nsynth/nsynth-test/audio/keyboard_electronic_002-048-127.wav,50,keyboard_electronic_002,4,keyboard,1,electronic,48,127,16000,distortion
organ_electronic_028-067-100,organ_electronic_028-067-100,/root/autodl-tmp/tokenizer-eval/data/nsynth/nsynth-test/audio/organ_electronic_028-067-100.wav,440,organ_electronic_028,6,organ,1,electronic,67,100,16000,dark
keyboard_acoustic_004-106-075,keyboard_acoustic_004-106-075,/root/autodl-tmp/tokenizer-eval/data/nsynth/nsynth-test/audio/keyboard_acoustic_004-106-075.wav,327,keyboard_acoustic_004,4,keyboard,0,acoustic,106,75,16000,reverb
keyboard_electronic_069-061-025,keyboard_electronic_069-061-025,/root/autodl-tmp/tokenizer-eval/data/nsynth/nsynth-test/audio/keyboard_electronic_069-061-025.wav,805,keyboard_electronic_069,4,keyboard,1,electronic,61,25,16000,distortion
string_acoustic_056-045-025,string_acoustic_056-045-025,/root/autodl-tmp/tokenizer-eval/data/nsynth/nsynth-test/audio/string_acoustic_056-045-025.wav,436,string_acoustic_056,8,string,0,acoustic,45,25,16000,fast_decay|reverb
keyboard_electronic_098-094-050,keyboard_electronic_098-094-050,/root/autodl-tmp/tokenizer-eval/data/nsynth/nsynth-test/audio/keyboard_electronic_098-094-050.wav,905,keyboard_electronic_098,4,keyboard,1,electronic,94,50,16000,fast_decay|percussive
keyboard_electronic_001-107-050,keyboard_electronic_001-107-050,/root/autodl-tmp/tokenizer-eval/data/nsynth/nsynth-test/audio/keyboard_electronic_001-107-050.wav,40,keyboard_electronic_001,4,keyboard,1,electronic,107,50,16000,
reed_acoustic_037-033-127,reed_acoustic_037-033-127,/root/autodl-tmp/tokenizer-eval/data/nsynth/nsynth-test/audio/reed_acoustic_037-033-127.wav,387,reed_acoustic_037,7,reed,0,acoustic,33,127,16000,long_release|reverb
guitar_electronic_028-034-025,guitar_electronic_028-034-025,/root/autodl-tmp/tokenizer-eval/data/nsynth/nsynth-test/audio/guitar_electronic_028-034-025.wav,510,guitar_electronic_028,3,guitar,1,electronic,34,25,16000,dark
guitar_acoustic_015-071-025,guitar_acoustic_015-071-025,/root/autodl-tmp/tokenizer-eval/data/nsynth/nsynth-test/audio/guitar_acoustic_015-071-025.wav,316,guitar_acoustic_015,3,guitar,0,acoustic,71,25,16000,reverb
vocal_synthetic_003-092-100,vocal_synthetic_003-092-100,/root/autodl-tmp/tokenizer-eval/data/nsynth/nsynth-test/audio/vocal_synthetic_003-092-100.wav,37,vocal_synthetic_003,10,vocal,2,synthetic,92,100,16000,bright|distortion|long_release|nonlinear_env
keyboard_electronic_098-060-100,keyboard_electronic_098-060-100,/root/autodl-tmp/tokenizer-eval/data/nsynth/nsynth-test/audio/keyboard_electronic_098-060-100.wav,905,keyboard_electronic_098,4,keyboard,1,electronic,60,100,16000,dark
bass_synthetic_068-071-050,bass_synthetic_068-071-050,/root/autodl-tmp/tokenizer-eval/data/nsynth/nsynth-test/audio/bass_synthetic_068-071-050.wav,656,bass_synthetic_068,0,bass,2,synthetic,71,50,16000,
brass_acoustic_015-077-100,brass_acoustic_015-077-100,/root/autodl-tmp/tokenizer-eval/data/nsynth/nsynth-test/audio/brass_acoustic_015-077-100.wav,121,brass_acoustic_015,1,brass,0,acoustic,77,100,16000,reverb
guitar_electronic_022-043-050,guitar_electronic_022-043-050,/root/autodl-tmp/tokenizer-eval/data/nsynth/nsynth-test/audio/guitar_electronic_022-043-050.wav,378,guitar_electronic_022,3,guitar,1,electronic,43,50,16000,dark
flute_acoustic_002-092-127,flute_acoustic_002-092-127,/root/autodl-tmp/tokenizer-eval/data/nsynth/nsynth-test/audio/flute_acoustic_002-092-127.wav,86,flute_acoustic_002,2,flute,0,acoustic,92,127,16000,reverb
brass_acoustic_016-060-075,brass_acoustic_016-060-075,/root/autodl-tmp/tokenizer-eval/data/nsynth/nsynth-test/audio/brass_acoustic_016-060-075.wav,128,brass_acoustic_016,1,brass,0,acoustic,60,75,16000,bright
bass_synthetic_033-072-075,bass_synthetic_033-072-075,/root/autodl-tmp/tokenizer-eval/data/nsynth/nsynth-test/audio/bass_synthetic_033-072-075.wav,417,bass_synthetic_033,0,bass,2,synthetic,72,75,16000,
bass_synthetic_034-096-075,bass_synthetic_034-096-075,/root/autodl-tmp/tokenizer-eval/data/nsynth/nsynth-test/audio/bass_synthetic_034-096-075.wav,420,bass_synthetic_034,0,bass,2,synthetic,96,75,16000,tempo-synced
organ_electronic_007-031-025,organ_electronic_007-031-025,/root/autodl-tmp/tokenizer-eval/data/nsynth/nsynth-test/audio/organ_electronic_007-031-025.wav,123,organ_electronic_007,6,organ,1,electronic,31,25,16000,distortion|long_release|nonlinear_env
string_acoustic_071-032-100,string_acoustic_071-032-100,/root/autodl-tmp/tokenizer-eval/data/nsynth/nsynth-test/audio/string_acoustic_071-032-100.wav,609,string_acoustic_071,8,string,0,acoustic,32,100,16000,reverb
guitar_acoustic_010-022-050,guitar_acoustic_010-022-050,/root/autodl-tmp/tokenizer-eval/data/nsynth/nsynth-test/audio/guitar_acoustic_010-022-050.wav,219,guitar_acoustic_010,3,guitar,0,acoustic,22,50,16000,
keyboard_electronic_078-079-025,keyboard_electronic_078-079-025,/root/autodl-tmp/tokenizer-eval/data/nsynth/nsynth-test/audio/keyboard_electronic_078-079-025.wav,838,keyboard_electronic_078,4,keyboard,1,electronic,79,25,16000,bright
bass_synthetic_068-036-025,bass_synthetic_068-036-025,/root/autodl-tmp/tokenizer-eval/data/nsynth/nsynth-test/audio/bass_synthetic_068-036-025.wav,656,bass_synthetic_068,0,bass,2,synthetic,36,25,16000,dark
brass_acoustic_016-066-050,brass_acoustic_016-066-050,/root/autodl-tmp/tokenizer-eval/data/nsynth/nsynth-test/audio/brass_acoustic_016-066-050.wav,128,brass_acoustic_016,1,brass,0,acoustic,66,50,16000,bright
organ_electronic_007-034-075,organ_electronic_007-034-075,/root/autodl-tmp/tokenizer-eval/data/nsynth/nsynth-test/audio/organ_electronic_007-034-075.wav,123,organ_electronic_007,6,organ,1,electronic,34,75,16000,distortion|long_release|nonlinear_env
bass_synthetic_009-037-050,bass_synthetic_009-037-050,/root/autodl-tmp/tokenizer-eval/data/nsynth/nsynth-test/audio/bass_synthetic_009-037-050.wav,150,bass_synthetic_009,0,bass,2,synthetic,37,50,16000,bright|distortion|long_release
string_acoustic_014-064-075,string_acoustic_014-064-075,/root/autodl-tmp/tokenizer-eval/data/nsynth/nsynth-test/audio/string_acoustic_014-064-075.wav,100,string_acoustic_014,8,string,0,acoustic,64,75,16000,fast_decay|percussive|reverb
keyboard_synthetic_000-062-075,keyboard_synthetic_000-062-075,/root/autodl-tmp/tokenizer-eval/data/nsynth/nsynth-test/audio/keyboard_synthetic_000-062-075.wav,577,keyboard_synthetic_000,4,keyboard,2,synthetic,62,75,16000,distortion|fast_decay|nonlinear_env
guitar_electronic_028-096-075,guitar_electronic_028-096-075,/root/autodl-tmp/tokenizer-eval/data/nsynth/nsynth-test/audio/guitar_electronic_028-096-075.wav,510,guitar_electronic_028,3,guitar,1,electronic,96,75,16000,
bass_synthetic_033-094-100,bass_synthetic_033-094-100,/root/autodl-tmp/tokenizer-eval/data/nsynth/nsynth-test/audio/bass_synthetic_033-094-100.wav,417,bass_synthetic_033,0,bass,2,synthetic,94,100,16000,
bass_synthetic_098-046-127,bass_synthetic_098-046-127,/root/autodl-tmp/tokenizer-eval/data/nsynth/nsynth-test/audio/bass_synthetic_098-046-127.wav,803,bass_synthetic_098,0,bass,2,synthetic,46,127,16000,distortion
string_acoustic_080-024-100,string_acoustic_080-024-100,/root/autodl-tmp/tokenizer-eval/data/nsynth/nsynth-test/audio/string_acoustic_080-024-100.wav,675,string_acoustic_080,8,string,0,acoustic,24,100,16000,long_release|reverb
keyboard_electronic_001-025-100,keyboard_electronic_001-025-100,/root/autodl-tmp/tokenizer-eval/data/nsynth/nsynth-test/audio/keyboard_electronic_001-025-100.wav,40,keyboard_electronic_001,4,keyboard,1,electronic,25,100,16000,
bass_synthetic_135-099-100,bass_synthetic_135-099-100,/root/autodl-tmp/tokenizer-eval/data/nsynth/nsynth-test/audio/bass_synthetic_135-099-100.wav,927,bass_synthetic_135,0,bass,2,synthetic,99,100,16000,bright|distortion
flute_synthetic_000-098-075,flute_synthetic_000-098-075,/root/autodl-tmp/tokenizer-eval/data/nsynth/nsynth-test/audio/flute_synthetic_000-098-075.wav,82,flute_synthetic_000,2,flute,2,synthetic,98,75,16000,distortion
vocal_synthetic_003-096-075,vocal_synthetic_003-096-075,/root/autodl-tmp/tokenizer-eval/data/nsynth/nsynth-test/audio/vocal_synthetic_003-096-075.wav,37,vocal_synthetic_003,10,vocal,2,synthetic,96,75,16000,long_release|nonlinear_env
bass_synthetic_134-040-127,bass_synthetic_134-040-127,/root/autodl-tmp/tokenizer-eval/data/nsynth/nsynth-test/audio/bass_synthetic_134-040-127.wav,914,bass_synthetic_134,0,bass,2,synthetic,40,127,16000,dark|reverb
string_acoustic_012-043-075,string_acoustic_012-043-075,/root/autodl-tmp/tokenizer-eval/data/nsynth/nsynth-test/audio/string_acoustic_012-043-075.wav,97,string_acoustic_012,8,string,0,acoustic,43,75,16000,reverb
brass_acoustic_059-037-100,brass_acoustic_059-037-100,/root/autodl-tmp/tokenizer-eval/data/nsynth/nsynth-test/audio/brass_acoustic_059-037-100.wav,572,brass_acoustic_059,1,brass,0,acoustic,37,100,16000,reverb
string_acoustic_071-052-127,string_acoustic_071-052-127,/root/autodl-tmp/tokenizer-eval/data/nsynth/nsynth-test/audio/string_acoustic_071-052-127.wav,609,string_acoustic_071,8,string,0,acoustic,52,127,16000,long_release|reverb
keyboard_acoustic_004-096-100,keyboard_acoustic_004-096-100,/root/autodl-tmp/tokenizer-eval/data/nsynth/nsynth-test/audio/keyboard_acoustic_004-096-100.wav,327,keyboard_acoustic_004,4,keyboard,0,acoustic,96,100,16000,reverb
mallet_acoustic_056-119-025,mallet_acoustic_056-119-025,/root/autodl-tmp/tokenizer-eval/data/nsynth/nsynth-test/audio/mallet_acoustic_056-119-025.wav,590,mallet_acoustic_056,5,mallet,0,acoustic,119,25,16000,bright|long_release
keyboard_electronic_001-033-025,keyboard_electronic_001-033-025,/root/autodl-tmp/tokenizer-eval/data/nsynth/nsynth-test/audio/keyboard_electronic_001-033-025.wav,40,keyboard_electronic_001,4,keyboard,1,electronic,33,25,16000,dark
string_acoustic_057-080-025,string_acoustic_057-080-025,/root/autodl-tmp/tokenizer-eval/data/nsynth/nsynth-test/audio/string_acoustic_057-080-025.wav,450,string_acoustic_057,8,string,0,acoustic,80,25,16000,bright|nonlinear_env|reverb
vocal_synthetic_003-091-127,vocal_synthetic_003-091-127,/root/autodl-tmp/tokenizer-eval/data/nsynth/nsynth-test/audio/vocal_synthetic_003-091-127.wav,37,vocal_synthetic_003,10,vocal,2,synthetic,91,127,16000,bright|distortion|long_release|nonlinear_env
mallet_acoustic_062-103-100,mallet_acoustic_062-103-100,/root/autodl-tmp/tokenizer-eval/data/nsynth/nsynth-test/audio/mallet_acoustic_062-103-100.wav,644,mallet_acoustic_062,5,mallet,0,acoustic,103,100,16000,bright|fast_decay|multiphonic
mallet_acoustic_056-058-100,mallet_acoustic_056-058-100,/root/autodl-tmp/tokenizer-eval/data/nsynth/nsynth-test/audio/mallet_acoustic_056-058-100.wav,590,mallet_acoustic_056,5,mallet,0,acoustic,58,100,16000,fast_decay|percussive
bass_synthetic_135-073-025,bass_synthetic_135-073-025,/root/autodl-tmp/tokenizer-eval/data/nsynth/nsynth-test/audio/bass_synthetic_135-073-025.wav,927,bass_synthetic_135,0,bass,2,synthetic,73,25,16000,distortion
brass_acoustic_006-036-100,brass_acoustic_006-036-100,/root/autodl-tmp/tokenizer-eval/data/nsynth/nsynth-test/audio/brass_acoustic_006-036-100.wav,43,brass_acoustic_006,1,brass,0,acoustic,36,100,16000,reverb
brass_acoustic_046-073-075,brass_acoustic_046-073-075,/root/autodl-tmp/tokenizer-eval/data/nsynth/nsynth-test/audio/brass_acoustic_046-073-075.wav,414,brass_acoustic_046,1,brass,0,acoustic,73,75,16000,bright
guitar_acoustic_014-097-075,guitar_acoustic_014-097-075,/root/autodl-tmp/tokenizer-eval/data/nsynth/nsynth-test/audio/guitar_acoustic_014-097-075.wav,263,guitar_acoustic_014,3,guitar,0,acoustic,97,75,16000,fast_decay|percussive
flute_synthetic_000-042-100,flute_synthetic_000-042-100,/root/autodl-tmp/tokenizer-eval/data/nsynth/nsynth-test/audio/flute_synthetic_000-042-100.wav,82,flute_synthetic_000,2,flute,2,synthetic,42,100,16000,distortion
bass_synthetic_009-087-025,bass_synthetic_009-087-025,/root/autodl-tmp/tokenizer-eval/data/nsynth/nsynth-test/audio/bass_synthetic_009-087-025.wav,150,bass_synthetic_009,0,bass,2,synthetic,87,25,16000,long_release
keyboard_acoustic_004-077-025,keyboard_acoustic_004-077-025,/root/autodl-tmp/tokenizer-eval/data/nsynth/nsynth-test/audio/keyboard_acoustic_004-077-025.wav,327,keyboard_acoustic_004,4,keyboard,0,acoustic,77,25,16000,dark|reverb
guitar_acoustic_014-066-050,guitar_acoustic_014-066-050,/root/autodl-tmp/tokenizer-eval/data/nsynth/nsynth-test/audio/guitar_acoustic_014-066-050.wav,263,guitar_acoustic_014,3,guitar,0,acoustic,66,50,16000,
guitar_acoustic_010-106-050,guitar_acoustic_010-106-050,/root/autodl-tmp/tokenizer-eval/data/nsynth/nsynth-test/audio/guitar_acoustic_010-106-050.wav,219,guitar_acoustic_010,3,guitar,0,acoustic,106,50,16000,bright|fast_decay
keyboard_electronic_098-083-075,keyboard_electronic_098-083-075,/root/autodl-tmp/tokenizer-eval/data/nsynth/nsynth-test/audio/keyboard_electronic_098-083-075.wav,905,keyboard_electronic_098,4,keyboard,1,electronic,83,75,16000,fast_decay
vocal_synthetic_003-044-127,vocal_synthetic_003-044-127,/root/autodl-tmp/tokenizer-eval/data/nsynth/nsynth-test/audio/vocal_synthetic_003-044-127.wav,37,vocal_synthetic_003,10,vocal,2,synthetic,44,127,16000,bright|distortion|long_release|nonlinear_env
bass_synthetic_135-066-075,bass_synthetic_135-066-075,/root/autodl-tmp/tokenizer-eval/data/nsynth/nsynth-test/audio/bass_synthetic_135-066-075.wav,927,bass_synthetic_135,0,bass,2,synthetic,66,75,16000,distortion
mallet_acoustic_047-084-075,mallet_acoustic_047-084-075,/root/autodl-tmp/tokenizer-eval/data/nsynth/nsynth-test/audio/mallet_acoustic_047-084-075.wav,488,mallet_acoustic_047,5,mallet,0,acoustic,84,75,16000,fast_decay|percussive|reverb
flute_acoustic_002-077-025,flute_acoustic_002-077-025,/root/autodl-tmp/tokenizer-eval/data/nsynth/nsynth-test/audio/flute_acoustic_002-077-025.wav,86,flute_acoustic_002,2,flute,0,acoustic,77,25,16000,reverb
keyboard_electronic_001-095-050,keyboard_electronic_001-095-050,/root/autodl-tmp/tokenizer-eval/data/nsynth/nsynth-test/audio/keyboard_electronic_001-095-050.wav,40,keyboard_electronic_001,4,keyboard,1,electronic,95,50,16000,long_release
string_acoustic_057-064-050,string_acoustic_057-064-050,/root/autodl-tmp/tokenizer-eval/data/nsynth/nsynth-test/audio/string_acoustic_057-064-050.wav,450,string_acoustic_057,8,string,0,acoustic,64,50,16000,bright|nonlinear_env|reverb
guitar_acoustic_014-042-127,guitar_acoustic_014-042-127,/root/autodl-tmp/tokenizer-eval/data/nsynth/nsynth-test/audio/guitar_acoustic_014-042-127.wav,263,guitar_acoustic_014,3,guitar,0,acoustic,42,127,16000,
mallet_acoustic_056-065-025,mallet_acoustic_056-065-025,/root/autodl-tmp/tokenizer-eval/data/nsynth/nsynth-test/audio/mallet_acoustic_056-065-025.wav,590,mallet_acoustic_056,5,mallet,0,acoustic,65,25,16000,fast_decay|percussive
reed_acoustic_023-074-075,reed_acoustic_023-074-075,/root/autodl-tmp/tokenizer-eval/data/nsynth/nsynth-test/audio/reed_acoustic_023-074-075.wav,224,reed_acoustic_023,7,reed,0,acoustic,74,75,16000,bright|fast_decay|multiphonic|nonlinear_env
reed_acoustic_023-069-127,reed_acoustic_023-069-127,/root/autodl-tmp/tokenizer-eval/data/nsynth/nsynth-test/audio/reed_acoustic_023-069-127.wav,224,reed_acoustic_023,7,reed,0,acoustic,69,127,16000,bright|fast_decay|multiphonic|nonlinear_env
bass_synthetic_033-058-050,bass_synthetic_033-058-050,/root/autodl-tmp/tokenizer-eval/data/nsynth/nsynth-test/audio/bass_synthetic_033-058-050.wav,417,bass_synthetic_033,0,bass,2,synthetic,58,50,16000,dark
organ_electronic_028-050-127,organ_electronic_028-050-127,/root/autodl-tmp/tokenizer-eval/data/nsynth/nsynth-test/audio/organ_electronic_028-050-127.wav,440,organ_electronic_028,6,organ,1,electronic,50,127,16000,dark
bass_synthetic_068-084-025,bass_synthetic_068-084-025,/root/autodl-tmp/tokenizer-eval/data/nsynth/nsynth-test/audio/bass_synthetic_068-084-025.wav,656,bass_synthetic_068,0,bass,2,synthetic,84,25,16000,fast_decay
guitar_acoustic_010-037-075,guitar_acoustic_010-037-075,/root/autodl-tmp/tokenizer-eval/data/nsynth/nsynth-test/audio/guitar_acoustic_010-037-075.wav,219,guitar_acoustic_010,3,guitar,0,acoustic,37,75,16000,
organ_electronic_113-058-100,organ_electronic_113-058-100,/root/autodl-tmp/tokenizer-eval/data/nsynth/nsynth-test/audio/organ_electronic_113-058-100.wav,958,organ_electronic_113,6,organ,1,electronic,58,100,16000,dark
guitar_acoustic_030-061-127,guitar_acoustic_030-061-127,/root/autodl-tmp/tokenizer-eval/data/nsynth/nsynth-test/audio/guitar_acoustic_030-061-127.wav,642,guitar_acoustic_030,3,guitar,0,acoustic,61,127,16000,long_release|tempo-synced
organ_electronic_028-057-127,organ_electronic_028-057-127,/root/autodl-tmp/tokenizer-eval/data/nsynth/nsynth-test/audio/organ_electronic_028-057-127.wav,440,organ_electronic_028,6,organ,1,electronic,57,127,16000,dark
vocal_acoustic_000-059-127,vocal_acoustic_000-059-127,/root/autodl-tmp/tokenizer-eval/data/nsynth/nsynth-test/audio/vocal_acoustic_000-059-127.wav,46,vocal_acoustic_000,10,vocal,0,acoustic,59,127,16000,reverb
guitar_electronic_028-022-127,guitar_electronic_028-022-127,/root/autodl-tmp/tokenizer-eval/data/nsynth/nsynth-test/audio/guitar_electronic_028-022-127.wav,510,guitar_electronic_028,3,guitar,1,electronic,22,127,16000,
bass_synthetic_068-047-025,bass_synthetic_068-047-025,/root/autodl-tmp/tokenizer-eval/data/nsynth/nsynth-test/audio/bass_synthetic_068-047-025.wav,656,bass_synthetic_068,0,bass,2,synthetic,47,25,16000,dark
brass_acoustic_046-100-025,brass_acoustic_046-100-025,/root/autodl-tmp/tokenizer-eval/data/nsynth/nsynth-test/audio/brass_acoustic_046-100-025.wav,414,brass_acoustic_046,1,brass,0,acoustic,100,25,16000,long_release
reed_acoustic_037-040-075,reed_acoustic_037-040-075,/root/autodl-tmp/tokenizer-eval/data/nsynth/nsynth-test/audio/reed_acoustic_037-040-075.wav,387,reed_acoustic_037,7,reed,0,acoustic,40,75,16000,reverb
guitar_electronic_028-079-025,guitar_electronic_028-079-025,/root/autodl-tmp/tokenizer-eval/data/nsynth/nsynth-test/audio/guitar_electronic_028-079-025.wav,510,guitar_electronic_028,3,guitar,1,electronic,79,25,16000,
organ_electronic_057-064-100,organ_electronic_057-064-100,/root/autodl-tmp/tokenizer-eval/data/nsynth/nsynth-test/audio/organ_electronic_057-064-100.wav,701,organ_electronic_057,6,organ,1,electronic,64,100,16000,
organ_electronic_007-018-075,organ_electronic_007-018-075,/root/autodl-tmp/tokenizer-eval/data/nsynth/nsynth-test/audio/organ_electronic_007-018-075.wav,123,organ_electronic_007,6,organ,1,electronic,18,75,16000,distortion|long_release|nonlinear_env
brass_acoustic_046-061-127,brass_acoustic_046-061-127,/root/autodl-tmp/tokenizer-eval/data/nsynth/nsynth-test/audio/brass_acoustic_046-061-127.wav,414,brass_acoustic_046,1,brass,0,acoustic,61,127,16000,bright
keyboard_electronic_002-064-050,keyboard_electronic_002-064-050,/root/autodl-tmp/tokenizer-eval/data/nsynth/nsynth-test/audio/keyboard_electronic_002-064-050.wav,50,keyboard_electronic_002,4,keyboard,1,electronic,64,50,16000,
keyboard_synthetic_000-063-050,keyboard_synthetic_000-063-050,/root/autodl-tmp/tokenizer-eval/data/nsynth/nsynth-test/audio/keyboard_synthetic_000-063-050.wav,577,keyboard_synthetic_000,4,keyboard,2,synthetic,63,50,16000,distortion|fast_decay|nonlinear_env
organ_electronic_028-025-127,organ_electronic_028-025-127,/root/autodl-tmp/tokenizer-eval/data/nsynth/nsynth-test/audio/organ_electronic_028-025-127.wav,440,organ_electronic_028,6,organ,1,electronic,25,127,16000,dark|long_release
guitar_electronic_028-052-050,guitar_electronic_028-052-050,/root/autodl-tmp/tokenizer-eval/data/nsynth/nsynth-test/audio/guitar_electronic_028-052-050.wav,510,guitar_electronic_028,3,guitar,1,electronic,52,50,16000,dark
guitar_acoustic_030-031-025,guitar_acoustic_030-031-025,/root/autodl-tmp/tokenizer-eval/data/nsynth/nsynth-test/audio/guitar_acoustic_030-031-025.wav,642,guitar_acoustic_030,3,guitar,0,acoustic,31,25,16000,long_release|tempo-synced
bass_synthetic_033-032-050,bass_synthetic_033-032-050,/root/autodl-tmp/tokenizer-eval/data/nsynth/nsynth-test/audio/bass_synthetic_033-032-050.wav,417,bass_synthetic_033,0,bass,2,synthetic,32,50,16000,dark
mallet_acoustic_056-118-050,mallet_acoustic_056-118-050,/root/autodl-tmp/tokenizer-eval/data/nsynth/nsynth-test/audio/mallet_acoustic_056-118-050.wav,590,mallet_acoustic_056,5,mallet,0,acoustic,118,50,16000,bright|long_release
organ_electronic_113-047-025,organ_electronic_113-047-025,/root/autodl-tmp/tokenizer-eval/data/nsynth/nsynth-test/audio/organ_electronic_113-047-025.wav,958,organ_electronic_113,6,organ,1,electronic,47,25,16000,dark
brass_acoustic_059-047-025,brass_acoustic_059-047-025,/root/autodl-tmp/tokenizer-eval/data/nsynth/nsynth-test/audio/brass_acoustic_059-047-025.wav,572,brass_acoustic_059,1,brass,0,acoustic,47,25,16000,dark|reverb
reed_acoustic_011-077-025,reed_acoustic_011-077-025,/root/autodl-tmp/tokenizer-eval/data/nsynth/nsynth-test/audio/reed_acoustic_011-077-025.wav,104,reed_acoustic_011,7,reed,0,acoustic,77,25,16000,
flute_acoustic_002-087-127,flute_acoustic_002-087-127,/root/autodl-tmp/tokenizer-eval/data/nsynth/nsynth-test/audio/flute_acoustic_002-087-127.wav,86,flute_acoustic_002,2,flute,0,acoustic,87,127,16000,reverb
flute_synthetic_000-052-127,flute_synthetic_000-052-127,/root/autodl-tmp/tokenizer-eval/data/nsynth/nsynth-test/audio/flute_synthetic_000-052-127.wav,82,flute_synthetic_000,2,flute,2,synthetic,52,127,16000,distortion
keyboard_electronic_078-041-100,keyboard_electronic_078-041-100,/root/autodl-tmp/tokenizer-eval/data/nsynth/nsynth-test/audio/keyboard_electronic_078-041-100.wav,838,keyboard_electronic_078,4,keyboard,1,electronic,41,100,16000,bright
flute_synthetic_000-101-127,flute_synthetic_000-101-127,/root/autodl-tmp/tokenizer-eval/data/nsynth/nsynth-test/audio/flute_synthetic_000-101-127.wav,82,flute_synthetic_000,2,flute,2,synthetic,101,127,16000,bright|distortion
organ_electronic_028-024-025,organ_electronic_028-024-025,/root/autodl-tmp/tokenizer-eval/data/nsynth/nsynth-test/audio/organ_electronic_028-024-025.wav,440,organ_electronic_028,6,organ,1,electronic,24,25,16000,dark
bass_synthetic_033-029-127,bass_synthetic_033-029-127,/root/autodl-tmp/tokenizer-eval/data/nsynth/nsynth-test/audio/bass_synthetic_033-029-127.wav,417,bass_synthetic_033,0,bass,2,synthetic,29,127,16000,distortion
brass_acoustic_016-076-025,brass_acoustic_016-076-025,/root/autodl-tmp/tokenizer-eval/data/nsynth/nsynth-test/audio/brass_acoustic_016-076-025.wav,128,brass_acoustic_016,1,brass,0,acoustic,76,25,16000,bright
bass_synthetic_009-076-100,bass_synthetic_009-076-100,/root/autodl-tmp/tokenizer-eval/data/nsynth/nsynth-test/audio/bass_synthetic_009-076-100.wav,150,bass_synthetic_009,0,bass,2,synthetic,76,100,16000,bright|distortion|long_release
organ_electronic_001-089-025,organ_electronic_001-089-025,/root/autodl-tmp/tokenizer-eval/data/nsynth/nsynth-test/audio/organ_electronic_001-089-025.wav,8,organ_electronic_001,6,organ,1,electronic,89,25,16000,
reed_acoustic_011-039-025,reed_acoustic_011-039-025,/root/autodl-tmp/tokenizer-eval/data/nsynth/nsynth-test/audio/reed_acoustic_011-039-025.wav,104,reed_acoustic_011,7,reed,0,acoustic,39,25,16000,
guitar_acoustic_015-021-025,guitar_acoustic_015-021-025,/root/autodl-tmp/tokenizer-eval/data/nsynth/nsynth-test/audio/guitar_acoustic_015-021-025.wav,316,guitar_acoustic_015,3,guitar,0,acoustic,21,25,16000,reverb
vocal_synthetic_003-100-050,vocal_synthetic_003-100-050,/root/autodl-tmp/tokenizer-eval/data/nsynth/nsynth-test/audio/vocal_synthetic_003-100-050.wav,37,vocal_synthetic_003,10,vocal,2,synthetic,100,50,16000,bright|distortion|long_release|nonlinear_env
string_acoustic_071-031-075,string_acoustic_071-031-075,/root/autodl-tmp/tokenizer-eval/data/nsynth/nsynth-test/audio/string_acoustic_071-031-075.wav,609,string_acoustic_071,8,string,0,acoustic,31,75,16000,long_release|reverb
flute_synthetic_000-066-025,flute_synthetic_000-066-025,/root/autodl-tmp/tokenizer-eval/data/nsynth/nsynth-test/audio/flute_synthetic_000-066-025.wav,82,flute_synthetic_000,2,flute,2,synthetic,66,25,16000,distortion
guitar_acoustic_015-090-100,guitar_acoustic_015-090-100,/root/autodl-tmp/tokenizer-eval/data/nsynth/nsynth-test/audio/guitar_acoustic_015-090-100.wav,316,guitar_acoustic_015,3,guitar,0,acoustic,90,100,16000,fast_decay|percussive|reverb
mallet_acoustic_056-080-025,mallet_acoustic_056-080-025,/root/autodl-tmp/tokenizer-eval/data/nsynth/nsynth-test/audio/mallet_acoustic_056-080-025.wav,590,mallet_acoustic_056,5,mallet,0,acoustic,80,25,16000,fast_decay
mallet_acoustic_062-060-050,mallet_acoustic_062-060-050,/root/autodl-tmp/tokenizer-eval/data/nsynth/nsynth-test/audio/mallet_acoustic_062-060-050.wav,644,mallet_acoustic_062,5,mallet,0,acoustic,60,50,16000,dark|fast_decay|multiphonic
organ_electronic_007-054-100,organ_electronic_007-054-100,/root/autodl-tmp/tokenizer-eval/data/nsynth/nsynth-test/audio/organ_electronic_007-054-100.wav,123,organ_electronic_007,6,organ,1,electronic,54,100,16000,distortion|long_release|nonlinear_env
string_acoustic_071-053-075,string_acoustic_071-053-075,/root/autodl-tmp/tokenizer-eval/data/nsynth/nsynth-test/audio/string_acoustic_071-053-075.wav,609,string_acoustic_071,8,string,0,acoustic,53,75,16000,reverb
reed_acoustic_023-052-100,reed_acoustic_023-052-100,/root/autodl-tmp/tokenizer-eval/data/nsynth/nsynth-test/audio/reed_acoustic_023-052-100.wav,224,reed_acoustic_023,7,reed,0,acoustic,52,100,16000,bright|fast_decay|multiphonic|nonlinear_env
guitar_acoustic_014-104-100,guitar_acoustic_014-104-100,/root/autodl-tmp/tokenizer-eval/data/nsynth/nsynth-test/audio/guitar_acoustic_014-104-100.wav,263,guitar_acoustic_014,3,guitar,0,acoustic,104,100,16000,fast_decay|percussive
brass_acoustic_006-043-075,brass_acoustic_006-043-075,/root/autodl-tmp/tokenizer-eval/data/nsynth/nsynth-test/audio/brass_acoustic_006-043-075.wav,43,brass_acoustic_006,1,brass,0,acoustic,43,75,16000,reverb
guitar_acoustic_015-084-127,guitar_acoustic_015-084-127,/root/autodl-tmp/tokenizer-eval/data/nsynth/nsynth-test/audio/guitar_acoustic_015-084-127.wav,316,guitar_acoustic_015,3,guitar,0,acoustic,84,127,16000,fast_decay|percussive|reverb
mallet_acoustic_047-093-127,mallet_acoustic_047-093-127,/root/autodl-tmp/tokenizer-eval/data/nsynth/nsynth-test/audio/mallet_acoustic_047-093-127.wav,488,mallet_acoustic_047,5,mallet,0,acoustic,93,127,16000,fast_decay|percussive|reverb
vocal_acoustic_000-050-025,vocal_acoustic_000-050-025,/root/autodl-tmp/tokenizer-eval/data/nsynth/nsynth-test/audio/vocal_acoustic_000-050-025.wav,46,vocal_acoustic_000,10,vocal,0,acoustic,50,25,16000,reverb
reed_acoustic_023-095-025,reed_acoustic_023-095-025,/root/autodl-tmp/tokenizer-eval/data/nsynth/nsynth-test/audio/reed_acoustic_023-095-025.wav,224,reed_acoustic_023,7,reed,0,acoustic,95,25,16000,fast_decay|multiphonic|nonlinear_env
keyboard_synthetic_000-108-050,keyboard_synthetic_000-108-050,/root/autodl-tmp/tokenizer-eval/data/nsynth/nsynth-test/audio/keyboard_synthetic_000-108-050.wav,577,keyboard_synthetic_000,4,keyboard,2,synthetic,108,50,16000,bright|distortion|fast_decay|nonlinear_env|percussive
guitar_acoustic_015-074-100,guitar_acoustic_015-074-100,/root/autodl-tmp/tokenizer-eval/data/nsynth/nsynth-test/audio/guitar_acoustic_015-074-100.wav,316,guitar_acoustic_015,3,guitar,0,acoustic,74,100,16000,reverb
organ_electronic_007-073-100,organ_electronic_007-073-100,/root/autodl-tmp/tokenizer-eval/data/nsynth/nsynth-test/audio/organ_electronic_007-073-100.wav,123,organ_electronic_007,6,organ,1,electronic,73,100,16000,distortion|long_release|nonlinear_env
bass_synthetic_068-094-127,bass_synthetic_068-094-127,/root/autodl-tmp/tokenizer-eval/data/nsynth/nsynth-test/audio/bass_synthetic_068-094-127.wav,656,bass_synthetic_068,0,bass,2,synthetic,94,127,16000,fast_decay|percussive
organ_electronic_057-024-075,organ_electronic_057-024-075,/root/autodl-tmp/tokenizer-eval/data/nsynth/nsynth-test/audio/organ_electronic_057-024-075.wav,701,organ_electronic_057,6,organ,1,electronic,24,75,16000,dark
mallet_acoustic_062-042-025,mallet_acoustic_062-042-025,/root/autodl-tmp/tokenizer-eval/data/nsynth/nsynth-test/audio/mallet_acoustic_062-042-025.wav,644,mallet_acoustic_062,5,mallet,0,acoustic,42,25,16000,dark|fast_decay|multiphonic
vocal_synthetic_003-027-050,vocal_synthetic_003-027-050,/root/autodl-tmp/tokenizer-eval/data/nsynth/nsynth-test/audio/vocal_synthetic_003-027-050.wav,37,vocal_synthetic_003,10,vocal,2,synthetic,27,50,16000,distortion|long_release|nonlinear_env
string_acoustic_080-028-075,string_acoustic_080-028-075,/root/autodl-tmp/tokenizer-eval/data/nsynth/nsynth-test/audio/string_acoustic_080-028-075.wav,675,string_acoustic_080,8,string,0,acoustic,28,75,16000,long_release|reverb
mallet_acoustic_056-074-127,mallet_acoustic_056-074-127,/root/autodl-tmp/tokenizer-eval/data/nsynth/nsynth-test/audio/mallet_acoustic_056-074-127.wav,590,mallet_acoustic_056,5,mallet,0,acoustic,74,127,16000,fast_decay
keyboard_electronic_002-039-050,keyboard_electronic_002-039-050,/root/autodl-tmp/tokenizer-eval/data/nsynth/nsynth-test/audio/keyboard_electronic_002-039-050.wav,50,keyboard_electronic_002,4,keyboard,1,electronic,39,50,16000,distortion
reed_acoustic_023-082-075,reed_acoustic_023-082-075,/root/autodl-tmp/tokenizer-eval/data/nsynth/nsynth-test/audio/reed_acoustic_023-082-075.wav,224,reed_acoustic_023,7,reed,0,acoustic,82,75,16000,bright|fast_decay|multiphonic|nonlinear_env
flute_synthetic_000-076-025,flute_synthetic_000-076-025,/root/autodl-tmp/tokenizer-eval/data/nsynth/nsynth-test/audio/flute_synthetic_000-076-025.wav,82,flute_synthetic_000,2,flute,2,synthetic,76,25,16000,distortion
guitar_acoustic_015-064-100,guitar_acoustic_015-064-100,/root/autodl-tmp/tokenizer-eval/data/nsynth/nsynth-test/audio/guitar_acoustic_015-064-100.wav,316,guitar_acoustic_015,3,guitar,0,acoustic,64,100,16000,reverb
bass_electronic_027-026-100,bass_electronic_027-026-100,/root/autodl-tmp/tokenizer-eval/data/nsynth/nsynth-test/audio/bass_electronic_027-026-100.wav,880,bass_electronic_027,0,bass,1,electronic,26,100,16000,
organ_electronic_028-023-127,organ_electronic_028-023-127,/root/autodl-tmp/tokenizer-eval/data/nsynth/nsynth-test/audio/organ_electronic_028-023-127.wav,440,organ_electronic_028,6,organ,1,electronic,23,127,16000,dark
guitar_acoustic_015-101-075,guitar_acoustic_015-101-075,/root/autodl-tmp/tokenizer-eval/data/nsynth/nsynth-test/audio/guitar_acoustic_015-101-075.wav,316,guitar_acoustic_015,3,guitar,0,acoustic,101,75,16000,fast_decay|percussive|reverb
bass_synthetic_098-043-075,bass_synthetic_098-043-075,/root/autodl-tmp/tokenizer-eval/data/nsynth/nsynth-test/audio/bass_synthetic_098-043-075.wav,803,bass_synthetic_098,0,bass,2,synthetic,43,75,16000,
keyboard_electronic_078-076-025,keyboard_electronic_078-076-025,/root/autodl-tmp/tokenizer-eval/data/nsynth/nsynth-test/audio/keyboard_electronic_078-076-025.wav,838,keyboard_electronic_078,4,keyboard,1,electronic,76,25,16000,bright
organ_electronic_007-042-100,organ_electronic_007-042-100,/root/autodl-tmp/tokenizer-eval/data/nsynth/nsynth-test/audio/organ_electronic_007-042-100.wav,123,organ_electronic_007,6,organ,1,electronic,42,100,16000,distortion|long_release|nonlinear_env
bass_synthetic_009-018-075,bass_synthetic_009-018-075,/root/autodl-tmp/tokenizer-eval/data/nsynth/nsynth-test/audio/bass_synthetic_009-018-075.wav,150,bass_synthetic_009,0,bass,2,synthetic,18,75,16000,bright|distortion|long_release
bass_electronic_025-059-050,bass_electronic_025-059-050,/root/autodl-tmp/tokenizer-eval/data/nsynth/nsynth-test/audio/bass_electronic_025-059-050.wav,872,bass_electronic_025,0,bass,1,electronic,59,50,16000,
reed_acoustic_011-072-127,reed_acoustic_011-072-127,/root/autodl-tmp/tokenizer-eval/data/nsynth/nsynth-test/audio/reed_acoustic_011-072-127.wav,104,reed_acoustic_011,7,reed,0,acoustic,72,127,16000,
keyboard_synthetic_000-084-100,keyboard_synthetic_000-084-100,/root/autodl-tmp/tokenizer-eval/data/nsynth/nsynth-test/audio/keyboard_synthetic_000-084-100.wav,577,keyboard_synthetic_000,4,keyboard,2,synthetic,84,100,16000,bright|distortion|fast_decay|nonlinear_env
vocal_synthetic_003-062-050,vocal_synthetic_003-062-050,/root/autodl-tmp/tokenizer-eval/data/nsynth/nsynth-test/audio/vocal_synthetic_003-062-050.wav,37,vocal_synthetic_003,10,vocal,2,synthetic,62,50,16000,bright|distortion|long_release|nonlinear_env
string_acoustic_014-055-025,string_acoustic_014-055-025,/root/autodl-tmp/tokenizer-eval/data/nsynth/nsynth-test/audio/string_acoustic_014-055-025.wav,100,string_acoustic_014,8,string,0,acoustic,55,25,16000,dark|fast_decay|reverb
mallet_acoustic_056-115-025,mallet_acoustic_056-115-025,/root/autodl-tmp/tokenizer-eval/data/nsynth/nsynth-test/audio/mallet_acoustic_056-115-025.wav,590,mallet_acoustic_056,5,mallet,0,acoustic,115,25,16000,bright|long_release
string_acoustic_080-034-050,string_acoustic_080-034-050,/root/autodl-tmp/tokenizer-eval/data/nsynth/nsynth-test/audio/string_acoustic_080-034-050.wav,675,string_acoustic_080,8,string,0,acoustic,34,50,16000,long_release|reverb
organ_electronic_057-060-075,organ_electronic_057-060-075,/root/autodl-tmp/tokenizer-eval/data/nsynth/nsynth-test/audio/organ_electronic_057-060-075.wav,701,organ_electronic_057,6,organ,1,electronic,60,75,16000,dark
organ_electronic_113-048-050,organ_electronic_113-048-050,/root/autodl-tmp/tokenizer-eval/data/nsynth/nsynth-test/audio/organ_electronic_113-048-050.wav,958,organ_electronic_113,6,organ,1,electronic,48,50,16000,dark
reed_acoustic_018-076-127,reed_acoustic_018-076-127,/root/autodl-tmp/tokenizer-eval/data/nsynth/nsynth-test/audio/reed_acoustic_018-076-127.wav,183,reed_acoustic_018,7,reed,0,acoustic,76,127,16000,
organ_electronic_007-087-075,organ_electronic_007-087-075,/root/autodl-tmp/tokenizer-eval/data/nsynth/nsynth-test/audio/organ_electronic_007-087-075.wav,123,organ_electronic_007,6,organ,1,electronic,87,75,16000,long_release|nonlinear_env
organ_electronic_007-080-050,organ_electronic_007-080-050,/root/autodl-tmp/tokenizer-eval/data/nsynth/nsynth-test/audio/organ_electronic_007-080-050.wav,123,organ_electronic_007,6,organ,1,electronic,80,50,16000,bright|distortion|long_release|nonlinear_env
flute_synthetic_000-029-075,flute_synthetic_000-029-075,/root/autodl-tmp/tokenizer-eval/data/nsynth/nsynth-test/audio/flute_synthetic_000-029-075.wav,82,flute_synthetic_000,2,flute,2,synthetic,29,75,16000,distortion
bass_electronic_018-050-025,bass_electronic_018-050-025,/root/autodl-tmp/tokenizer-eval/data/nsynth/nsynth-test/audio/bass_electronic_018-050-025.wav,759,bass_electronic_018,0,bass,1,electronic,50,25,16000,
string_acoustic_071-052-025,string_acoustic_071-052-025,/root/autodl-tmp/tokenizer-eval/data/nsynth/nsynth-test/audio/string_acoustic_071-052-025.wav,609,string_acoustic_071,8,string,0,acoustic,52,25,16000,long_release|reverb
organ_electronic_001-046-050,organ_electronic_001-046-050,/root/autodl-tmp/tokenizer-eval/data/nsynth/nsynth-test/audio/organ_electronic_001-046-050.wav,8,organ_electronic_001,6,organ,1,electronic,46,50,16000,dark
string_acoustic_014-054-100,string_acoustic_014-054-100,/root/autodl-tmp/tokenizer-eval/data/nsynth/nsynth-test/audio/string_acoustic_014-054-100.wav,100,string_acoustic_014,8,string,0,acoustic,54,100,16000,dark|fast_decay|reverb
vocal_synthetic_003-104-050,vocal_synthetic_003-104-050,/root/autodl-tmp/tokenizer-eval/data/nsynth/nsynth-test/audio/vocal_synthetic_003-104-050.wav,37,vocal_synthetic_003,10,vocal,2,synthetic,104,50,16000,bright|distortion|long_release|nonlinear_env
brass_acoustic_015-056-025,brass_acoustic_015-056-025,/root/autodl-tmp/tokenizer-eval/data/nsynth/nsynth-test/audio/brass_acoustic_015-056-025.wav,121,brass_acoustic_015,1,brass,0,acoustic,56,25,16000,reverb
organ_electronic_001-042-050,organ_electronic_001-042-050,/root/autodl-tmp/tokenizer-eval/data/nsynth/nsynth-test/audio/organ_electronic_001-042-050.wav,8,organ_electronic_001,6,organ,1,electronic,42,50,16000,dark
keyboard_electronic_001-098-050,keyboard_electronic_001-098-050,/root/autodl-tmp/tokenizer-eval/data/nsynth/nsynth-test/audio/keyboard_electronic_001-098-050.wav,40,keyboard_electronic_001,4,keyboard,1,electronic,98,50,16000,long_release
string_acoustic_014-061-025,string_acoustic_014-061-025,/root/autodl-tmp/tokenizer-eval/data/nsynth/nsynth-test/audio/string_acoustic_014-061-025.wav,100,string_acoustic_014,8,string,0,acoustic,61,25,16000,dark|percussive|reverb
keyboard_electronic_002-052-025,keyboard_electronic_002-052-025,/root/autodl-tmp/tokenizer-eval/data/nsynth/nsynth-test/audio/keyboard_electronic_002-052-025.wav,50,keyboard_electronic_002,4,keyboard,1,electronic,52,25,16000,
vocal_synthetic_003-034-025,vocal_synthetic_003-034-025,/root/autodl-tmp/tokenizer-eval/data/nsynth/nsynth-test/audio/vocal_synthetic_003-034-025.wav,37,vocal_synthetic_003,10,vocal,2,synthetic,34,25,16000,distortion|long_release|nonlinear_env
keyboard_electronic_001-051-025,keyboard_electronic_001-051-025,/root/autodl-tmp/tokenizer-eval/data/nsynth/nsynth-test/audio/keyboard_electronic_001-051-025.wav,40,keyboard_electronic_001,4,keyboard,1,electronic,51,25,16000,dark|long_release
guitar_electronic_028-075-050,guitar_electronic_028-075-050,/root/autodl-tmp/tokenizer-eval/data/nsynth/nsynth-test/audio/guitar_electronic_028-075-050.wav,510,guitar_electronic_028,3,guitar,1,electronic,75,50,16000,
string_acoustic_057-078-025,string_acoustic_057-078-025,/root/autodl-tmp/tokenizer-eval/data/nsynth/nsynth-test/audio/string_acoustic_057-078-025.wav,450,string_acoustic_057,8,string,0,acoustic,78,25,16000,bright|nonlinear_env|reverb
mallet_acoustic_056-046-025,mallet_acoustic_056-046-025,/root/autodl-tmp/tokenizer-eval/data/nsynth/nsynth-test/audio/mallet_acoustic_056-046-025.wav,590,mallet_acoustic_056,5,mallet,0,acoustic,46,25,16000,bright|fast_decay|percussive
organ_electronic_007-072-025,organ_electronic_007-072-025,/root/autodl-tmp/tokenizer-eval/data/nsynth/nsynth-test/audio/organ_electronic_007-072-025.wav,123,organ_electronic_007,6,organ,1,electronic,72,25,16000,distortion|long_release|nonlinear_env
vocal_synthetic_003-095-100,vocal_synthetic_003-095-100,/root/autodl-tmp/tokenizer-eval/data/nsynth/nsynth-test/audio/vocal_synthetic_003-095-100.wav,37,vocal_synthetic_003,10,vocal,2,synthetic,95,100,16000,bright|distortion|long_release|nonlinear_env
organ_electronic_001-074-100,organ_electronic_001-074-100,/root/autodl-tmp/tokenizer-eval/data/nsynth/nsynth-test/audio/organ_electronic_001-074-100.wav,8,organ_electronic_001,6,organ,1,electronic,74,100,16000,
brass_acoustic_016-058-025,brass_acoustic_016-058-025,/root/autodl-tmp/tokenizer-eval/data/nsynth/nsynth-test/audio/brass_acoustic_016-058-025.wav,128,brass_acoustic_016,1,brass,0,acoustic,58,25,16000,bright
flute_synthetic_000-096-100,flute_synthetic_000-096-100,/root/autodl-tmp/tokenizer-eval/data/nsynth/nsynth-test/audio/flute_synthetic_000-096-100.wav,82,flute_synthetic_000,2,flute,2,synthetic,96,100,16000,distortion
mallet_acoustic_056-044-025,mallet_acoustic_056-044-025,/root/autodl-tmp/tokenizer-eval/data/nsynth/nsynth-test/audio/mallet_acoustic_056-044-025.wav,590,mallet_acoustic_056,5,mallet,0,acoustic,44,25,16000,bright|fast_decay|percussive
organ_electronic_028-062-075,organ_electronic_028-062-075,/root/autodl-tmp/tokenizer-eval/data/nsynth/nsynth-test/audio/organ_electronic_028-062-075.wav,440,organ_electronic_028,6,organ,1,electronic,62,75,16000,dark
mallet_acoustic_062-085-100,mallet_acoustic_062-085-100,/root/autodl-tmp/tokenizer-eval/data/nsynth/nsynth-test/audio/mallet_acoustic_062-085-100.wav,644,mallet_acoustic_062,5,mallet,0,acoustic,85,100,16000,multiphonic
bass_synthetic_068-027-100,bass_synthetic_068-027-100,/root/autodl-tmp/tokenizer-eval/data/nsynth/nsynth-test/audio/bass_synthetic_068-027-100.wav,656,bass_synthetic_068,0,bass,2,synthetic,27,100,16000,dark
keyboard_acoustic_004-054-050,keyboard_acoustic_004-054-050,/root/autodl-tmp/tokenizer-eval/data/nsynth/nsynth-test/audio/keyboard_acoustic_004-054-050.wav,327,keyboard_acoustic_004,4,keyboard,0,acoustic,54,50,16000,dark|reverb
reed_acoustic_037-031-075,reed_acoustic_037-031-075,/root/autodl-tmp/tokenizer-eval/data/nsynth/nsynth-test/audio/reed_acoustic_037-031-075.wav,387,reed_acoustic_037,7,reed,0,acoustic,31,75,16000,long_release|reverb
flute_synthetic_000-037-075,flute_synthetic_000-037-075,/root/autodl-tmp/tokenizer-eval/data/nsynth/nsynth-test/audio/flute_synthetic_000-037-075.wav,82,flute_synthetic_000,2,flute,2,synthetic,37,75,16000,distortion
flute_acoustic_002-067-025,flute_acoustic_002-067-025,/root/autodl-tmp/tokenizer-eval/data/nsynth/nsynth-test/audio/flute_acoustic_002-067-025.wav,86,flute_acoustic_002,2,flute,0,acoustic,67,25,16000,long_release|reverb
string_acoustic_014-028-127,string_acoustic_014-028-127,/root/autodl-tmp/tokenizer-eval/data/nsynth/nsynth-test/audio/string_acoustic_014-028-127.wav,100,string_acoustic_014,8,string,0,acoustic,28,127,16000,dark|reverb
mallet_acoustic_047-066-100,mallet_acoustic_047-066-100,/root/autodl-tmp/tokenizer-eval/data/nsynth/nsynth-test/audio/mallet_acoustic_047-066-100.wav,488,mallet_acoustic_047,5,mallet,0,acoustic,66,100,16000,fast_decay|percussive|reverb
reed_acoustic_011-058-025,reed_acoustic_011-058-025,/root/autodl-tmp/tokenizer-eval/data/nsynth/nsynth-test/audio/reed_acoustic_011-058-025.wav,104,reed_acoustic_011,7,reed,0,acoustic,58,25,16000,
keyboard_electronic_001-057-075,keyboard_electronic_001-057-075,/root/autodl-tmp/tokenizer-eval/data/nsynth/nsynth-test/audio/keyboard_electronic_001-057-075.wav,40,keyboard_electronic_001,4,keyboard,1,electronic,57,75,16000,dark
organ_electronic_057-039-100,organ_electronic_057-039-100,/root/autodl-tmp/tokenizer-eval/data/nsynth/nsynth-test/audio/organ_electronic_057-039-100.wav,701,organ_electronic_057,6,organ,1,electronic,39,100,16000,dark
organ_electronic_007-025-075,organ_electronic_007-025-075,/root/autodl-tmp/tokenizer-eval/data/nsynth/nsynth-test/audio/organ_electronic_007-025-075.wav,123,organ_electronic_007,6,organ,1,electronic,25,75,16000,distortion|long_release|nonlinear_env
bass_synthetic_098-090-100,bass_synthetic_098-090-100,/root/autodl-tmp/tokenizer-eval/data/nsynth/nsynth-test/audio/bass_synthetic_098-090-100.wav,803,bass_synthetic_098,0,bass,2,synthetic,90,100,16000,
organ_electronic_007-064-075,organ_electronic_007-064-075,/root/autodl-tmp/tokenizer-eval/data/nsynth/nsynth-test/audio/organ_electronic_007-064-075.wav,123,organ_electronic_007,6,organ,1,electronic,64,75,16000,distortion|long_release|nonlinear_env
reed_acoustic_011-048-100,reed_acoustic_011-048-100,/root/autodl-tmp/tokenizer-eval/data/nsynth/nsynth-test/audio/reed_acoustic_011-048-100.wav,104,reed_acoustic_011,7,reed,0,acoustic,48,100,16000,bright
string_acoustic_057-096-075,string_acoustic_057-096-075,/root/autodl-tmp/tokenizer-eval/data/nsynth/nsynth-test/audio/string_acoustic_057-096-075.wav,450,string_acoustic_057,8,string,0,acoustic,96,75,16000,nonlinear_env|reverb
organ_electronic_057-038-075,organ_electronic_057-038-075,/root/autodl-tmp/tokenizer-eval/data/nsynth/nsynth-test/audio/organ_electronic_057-038-075.wav,701,organ_electronic_057,6,organ,1,electronic,38,75,16000,dark
flute_synthetic_000-079-127,flute_synthetic_000-079-127,/root/autodl-tmp/tokenizer-eval/data/nsynth/nsynth-test/audio/flute_synthetic_000-079-127.wav,82,flute_synthetic_000,2,flute,2,synthetic,79,127,16000,distortion
flute_acoustic_002-091-075,flute_acoustic_002-091-075,/root/autodl-tmp/tokenizer-eval/data/nsynth/nsynth-test/audio/flute_acoustic_002-091-075.wav,86,flute_acoustic_002,2,flute,0,acoustic,91,75,16000,long_release|reverb
keyboard_electronic_098-041-100,keyboard_electronic_098-041-100,/root/autodl-tmp/tokenizer-eval/data/nsynth/nsynth-test/audio/keyboard_electronic_098-041-100.wav,905,keyboard_electronic_098,4,keyboard,1,electronic,41,100,16000,dark|distortion
reed_acoustic_011-049-050,reed_acoustic_011-049-050,/root/autodl-tmp/tokenizer-eval/data/nsynth/nsynth-test/audio/reed_acoustic_011-049-050.wav,104,reed_acoustic_011,7,reed,0,acoustic,49,50,16000,
organ_electronic_057-064-025,organ_electronic_057-064-025,/root/autodl-tmp/tokenizer-eval/data/nsynth/nsynth-test/audio/organ_electronic_057-064-025.wav,701,organ_electronic_057,6,organ,1,electronic,64,25,16000,
keyboard_synthetic_000-091-100,keyboard_synthetic_000-091-100,/root/autodl-tmp/tokenizer-eval/data/nsynth/nsynth-test/audio/keyboard_synthetic_000-091-100.wav,577,keyboard_synthetic_000,4,keyboard,2,synthetic,91,100,16000,bright|distortion|fast_decay|nonlinear_env
reed_acoustic_023-078-025,reed_acoustic_023-078-025,/root/autodl-tmp/tokenizer-eval/data/nsynth/nsynth-test/audio/reed_acoustic_023-078-025.wav,224,reed_acoustic_023,7,reed,0,acoustic,78,25,16000,bright|fast_decay|multiphonic|nonlinear_env
reed_acoustic_018-081-025,reed_acoustic_018-081-025,/root/autodl-tmp/tokenizer-eval/data/nsynth/nsynth-test/audio/reed_acoustic_018-081-025.wav,183,reed_acoustic_018,7,reed,0,acoustic,81,25,16000,
flute_acoustic_002-098-025,flute_acoustic_002-098-025,/root/autodl-tmp/tokenizer-eval/data/nsynth/nsynth-test/audio/flute_acoustic_002-098-025.wav,86,flute_acoustic_002,2,flute,0,acoustic,98,25,16000,reverb
mallet_acoustic_062-065-100,mallet_acoustic_062-065-100,/root/autodl-tmp/tokenizer-eval/data/nsynth/nsynth-test/audio/mallet_acoustic_062-065-100.wav,644,mallet_acoustic_062,5,mallet,0,acoustic,65,100,16000,dark|multiphonic
string_acoustic_080-028-100,string_acoustic_080-028-100,/root/autodl-tmp/tokenizer-eval/data/nsynth/nsynth-test/audio/string_acoustic_080-028-100.wav,675,string_acoustic_080,8,string,0,acoustic,28,100,16000,long_release|reverb
guitar_electronic_022-077-050,guitar_electronic_022-077-050,/root/autodl-tmp/tokenizer-eval/data/nsynth/nsynth-test/audio/guitar_electronic_022-077-050.wav,378,guitar_electronic_022,3,guitar,1,electronic,77,50,16000,
keyboard_acoustic_004-081-050,keyboard_acoustic_004-081-050,/root/autodl-tmp/tokenizer-eval/data/nsynth/nsynth-test/audio/keyboard_acoustic_004-081-050.wav,327,keyboard_acoustic_004,4,keyboard,0,acoustic,81,50,16000,dark|reverb
guitar_electronic_022-041-025,guitar_electronic_022-041-025,/root/autodl-tmp/tokenizer-eval/data/nsynth/nsynth-test/audio/guitar_electronic_022-041-025.wav,378,guitar_electronic_022,3,guitar,1,electronic,41,25,16000,dark
brass_acoustic_046-075-075,brass_acoustic_046-075-075,/root/autodl-tmp/tokenizer-eval/data/nsynth/nsynth-test/audio/brass_acoustic_046-075-075.wav,414,brass_acoustic_046,1,brass,0,acoustic,75,75,16000,bright
organ_electronic_104-026-050,organ_electronic_104-026-050,/root/autodl-tmp/tokenizer-eval/data/nsynth/nsynth-test/audio/organ_electronic_104-026-050.wav,921,organ_electronic_104,6,organ,1,electronic,26,50,16000,
organ_electronic_057-061-100,organ_electronic_057-061-100,/root/autodl-tmp/tokenizer-eval/data/nsynth/nsynth-test/audio/organ_electronic_057-061-100.wav,701,organ_electronic_057,6,organ,1,electronic,61,100,16000,dark
organ_electronic_057-046-075,organ_electronic_057-046-075,/root/autodl-tmp/tokenizer-eval/data/nsynth/nsynth-test/audio/organ_electronic_057-046-075.wav,701,organ_electronic_057,6,organ,1,electronic,46,75,16000,dark
bass_synthetic_009-047-100,bass_synthetic_009-047-100,/root/autodl-tmp/tokenizer-eval/data/nsynth/nsynth-test/audio/bass_synthetic_009-047-100.wav,150,bass_synthetic_009,0,bass,2,synthetic,47,100,16000,bright|distortion|long_release
flute_acoustic_002-083-100,flute_acoustic_002-083-100,/root/autodl-tmp/tokenizer-eval/data/nsynth/nsynth-test/audio/flute_acoustic_002-083-100.wav,86,flute_acoustic_002,2,flute,0,acoustic,83,100,16000,reverb
reed_acoustic_011-076-100,reed_acoustic_011-076-100,/root/autodl-tmp/tokenizer-eval/data/nsynth/nsynth-test/audio/reed_acoustic_011-076-100.wav,104,reed_acoustic_011,7,reed,0,acoustic,76,100,16000,
keyboard_acoustic_004-068-100,keyboard_acoustic_004-068-100,/root/autodl-tmp/tokenizer-eval/data/nsynth/nsynth-test/audio/keyboard_acoustic_004-068-100.wav,327,keyboard_acoustic_004,4,keyboard,0,acoustic,68,100,16000,reverb
bass_synthetic_033-084-025,bass_synthetic_033-084-025,/root/autodl-tmp/tokenizer-eval/data/nsynth/nsynth-test/audio/bass_synthetic_033-084-025.wav,417,bass_synthetic_033,0,bass,2,synthetic,84,25,16000,
reed_acoustic_037-038-025,reed_acoustic_037-038-025,/root/autodl-tmp/tokenizer-eval/data/nsynth/nsynth-test/audio/reed_acoustic_037-038-025.wav,387,reed_acoustic_037,7,reed,0,acoustic,38,25,16000,reverb
mallet_acoustic_062-089-127,mallet_acoustic_062-089-127,/root/autodl-tmp/tokenizer-eval/data/nsynth/nsynth-test/audio/mallet_acoustic_062-089-127.wav,644,mallet_acoustic_062,5,mallet,0,acoustic,89,127,16000,multiphonic
keyboard_acoustic_004-090-100,keyboard_acoustic_004-090-100,/root/autodl-tmp/tokenizer-eval/data/nsynth/nsynth-test/audio/keyboard_acoustic_004-090-100.wav,327,keyboard_acoustic_004,4,keyboard,0,acoustic,90,100,16000,reverb
brass_acoustic_059-061-100,brass_acoustic_059-061-100,/root/autodl-tmp/tokenizer-eval/data/nsynth/nsynth-test/audio/brass_acoustic_059-061-100.wav,572,brass_acoustic_059,1,brass,0,acoustic,61,100,16000,reverb
reed_acoustic_037-049-127,reed_acoustic_037-049-127,/root/autodl-tmp/tokenizer-eval/data/nsynth/nsynth-test/audio/reed_acoustic_037-049-127.wav,387,reed_acoustic_037,7,reed,0,acoustic,49,127,16000,long_release|reverb
guitar_electronic_022-050-127,guitar_electronic_022-050-127,/root/autodl-tmp/tokenizer-eval/data/nsynth/nsynth-test/audio/guitar_electronic_022-050-127.wav,378,guitar_electronic_022,3,guitar,1,electronic,50,127,16000,dark
guitar_acoustic_014-023-025,guitar_acoustic_014-023-025,/root/autodl-tmp/tokenizer-eval/data/nsynth/nsynth-test/audio/guitar_acoustic_014-023-025.wav,263,guitar_acoustic_014,3,guitar,0,acoustic,23,25,16000,
guitar_acoustic_014-080-100,guitar_acoustic_014-080-100,/root/autodl-tmp/tokenizer-eval/data/nsynth/nsynth-test/audio/guitar_acoustic_014-080-100.wav,263,guitar_acoustic_014,3,guitar,0,acoustic,80,100,16000,fast_decay
bass_synthetic_033-070-075,bass_synthetic_033-070-075,/root/autodl-tmp/tokenizer-eval/data/nsynth/nsynth-test/audio/bass_synthetic_033-070-075.wav,417,bass_synthetic_033,0,bass,2,synthetic,70,75,16000,
string_acoustic_056-063-127,string_acoustic_056-063-127,/root/autodl-tmp/tokenizer-eval/data/nsynth/nsynth-test/audio/string_acoustic_056-063-127.wav,436,string_acoustic_056,8,string,0,acoustic,63,127,16000,fast_decay|reverb
string_acoustic_014-039-025,string_acoustic_014-039-025,/root/autodl-tmp/tokenizer-eval/data/nsynth/nsynth-test/audio/string_acoustic_014-039-025.wav,100,string_acoustic_014,8,string,0,acoustic,39,25,16000,dark|reverb
keyboard_synthetic_000-039-025,keyboard_synthetic_000-039-025,/root/autodl-tmp/tokenizer-eval/data/nsynth/nsynth-test/audio/keyboard_synthetic_000-039-025.wav,577,keyboard_synthetic_000,4,keyboard,2,synthetic,39,25,16000,distortion|fast_decay|nonlinear_env
bass_synthetic_134-104-025,bass_synthetic_134-104-025,/root/autodl-tmp/tokenizer-eval/data/nsynth/nsynth-test/audio/bass_synthetic_134-104-025.wav,914,bass_synthetic_134,0,bass,2,synthetic,104,25,16000,fast_decay|percussive|reverb
organ_electronic_113-072-127,organ_electronic_113-072-127,/root/autodl-tmp/tokenizer-eval/data/nsynth/nsynth-test/audio/organ_electronic_113-072-127.wav,958,organ_electronic_113,6,organ,1,electronic,72,127,16000,
vocal_synthetic_003-036-025,vocal_synthetic_003-036-025,/root/autodl-tmp/tokenizer-eval/data/nsynth/nsynth-test/audio/vocal_synthetic_003-036-025.wav,37,vocal_synthetic_003,10,vocal,2,synthetic,36,25,16000,distortion|long_release|nonlinear_env
string_acoustic_056-053-025,string_acoustic_056-053-025,/root/autodl-tmp/tokenizer-eval/data/nsynth/nsynth-test/audio/string_acoustic_056-053-025.wav,436,string_acoustic_056,8,string,0,acoustic,53,25,16000,fast_decay|percussive|reverb
organ_electronic_001-041-050,organ_electronic_001-041-050,/root/autodl-tmp/tokenizer-eval/data/nsynth/nsynth-test/audio/organ_electronic_001-041-050.wav,8,organ_electronic_001,6,organ,1,electronic,41,50,16000,dark
mallet_acoustic_062-102-075,mallet_acoustic_062-102-075,/root/autodl-tmp/tokenizer-eval/data/nsynth/nsynth-test/audio/mallet_acoustic_062-102-075.wav,644,mallet_acoustic_062,5,mallet,0,acoustic,102,75,16000,bright|fast_decay|multiphonic
brass_acoustic_046-085-127,brass_acoustic_046-085-127,/root/autodl-tmp/tokenizer-eval/data/nsynth/nsynth-test/audio/brass_acoustic_046-085-127.wav,414,brass_acoustic_046,1,brass,0,acoustic,85,127,16000,long_release
guitar_acoustic_010-037-025,guitar_acoustic_010-037-025,/root/autodl-tmp/tokenizer-eval/data/nsynth/nsynth-test/audio/guitar_acoustic_010-037-025.wav,219,guitar_acoustic_010,3,guitar,0,acoustic,37,25,16000,
bass_synthetic_034-048-025,bass_synthetic_034-048-025,/root/autodl-tmp/tokenizer-eval/data/nsynth/nsynth-test/audio/bass_synthetic_034-048-025.wav,420,bass_synthetic_034,0,bass,2,synthetic,48,25,16000,distortion|tempo-synced
brass_acoustic_016-060-050,brass_acoustic_016-060-050,/root/autodl-tmp/tokenizer-eval/data/nsynth/nsynth-test/audio/brass_acoustic_016-060-050.wav,128,brass_acoustic_016,1,brass,0,acoustic,60,50,16000,bright
organ_electronic_028-084-050,organ_electronic_028-084-050,/root/autodl-tmp/tokenizer-eval/data/nsynth/nsynth-test/audio/organ_electronic_028-084-050.wav,440,organ_electronic_028,6,organ,1,electronic,84,50,16000,
organ_electronic_007-062-100,organ_electronic_007-062-100,/root/autodl-tmp/tokenizer-eval/data/nsynth/nsynth-test/audio/organ_electronic_007-062-100.wav,123,organ_electronic_007,6,organ,1,electronic,62,100,16000,distortion|long_release|nonlinear_env
brass_acoustic_016-067-127,brass_acoustic_016-067-127,/root/autodl-tmp/tokenizer-eval/data/nsynth/nsynth-test/audio/brass_acoustic_016-067-127.wav,128,brass_acoustic_016,1,brass,0,acoustic,67,127,16000,bright
keyboard_electronic_098-082-025,keyboard_electronic_098-082-025,/root/autodl-tmp/tokenizer-eval/data/nsynth/nsynth-test/audio/keyboard_electronic_098-082-025.wav,905,keyboard_electronic_098,4,keyboard,1,electronic,82,25,16000,fast_decay
keyboard_acoustic_004-052-075,keyboard_acoustic_004-052-075,/root/autodl-tmp/tokenizer-eval/data/nsynth/nsynth-test/audio/keyboard_acoustic_004-052-075.wav,327,keyboard_acoustic_004,4,keyboard,0,acoustic,52,75,16000,reverb
reed_acoustic_037-057-050,reed_acoustic_037-057-050,/root/autodl-tmp/tokenizer-eval/data/nsynth/nsynth-test/audio/reed_acoustic_037-057-050.wav,387,reed_acoustic_037,7,reed,0,acoustic,57,50,16000,reverb
keyboard_acoustic_004-064-050,keyboard_acoustic_004-064-050,/root/autodl-tmp/tokenizer-eval/data/nsynth/nsynth-test/audio/keyboard_acoustic_004-064-050.wav,327,keyboard_acoustic_004,4,keyboard,0,acoustic,64,50,16000,dark|reverb
keyboard_electronic_001-104-127,keyboard_electronic_001-104-127,/root/autodl-tmp/tokenizer-eval/data/nsynth/nsynth-test/audio/keyboard_electronic_001-104-127.wav,40,keyboard_electronic_001,4,keyboard,1,electronic,104,127,16000,percussive
bass_synthetic_134-106-100,bass_synthetic_134-106-100,/root/autodl-tmp/tokenizer-eval/data/nsynth/nsynth-test/audio/bass_synthetic_134-106-100.wav,914,bass_synthetic_134,0,bass,2,synthetic,106,100,16000,fast_decay|percussive|reverb
brass_acoustic_016-081-050,brass_acoustic_016-081-050,/root/autodl-tmp/tokenizer-eval/data/nsynth/nsynth-test/audio/brass_acoustic_016-081-050.wav,128,brass_acoustic_016,1,brass,0,acoustic,81,50,16000,bright
brass_acoustic_006-043-050,brass_acoustic_006-043-050,/root/autodl-tmp/tokenizer-eval/data/nsynth/nsynth-test/audio/brass_acoustic_006-043-050.wav,43,brass_acoustic_006,1,brass,0,acoustic,43,50,16000,reverb
organ_electronic_113-043-025,organ_electronic_113-043-025,/root/autodl-tmp/tokenizer-eval/data/nsynth/nsynth-test/audio/organ_electronic_113-043-025.wav,958,organ_electronic_113,6,organ,1,electronic,43,25,16000,dark
guitar_acoustic_010-068-050,guitar_acoustic_010-068-050,/root/autodl-tmp/tokenizer-eval/data/nsynth/nsynth-test/audio/guitar_acoustic_010-068-050.wav,219,guitar_acoustic_010,3,guitar,0,acoustic,68,50,16000,
guitar_acoustic_021-064-127,guitar_acoustic_021-064-127,/root/autodl-tmp/tokenizer-eval/data/nsynth/nsynth-test/audio/guitar_acoustic_021-064-127.wav,457,guitar_acoustic_021,3,guitar,0,acoustic,64,127,16000,distortion
flute_synthetic_000-051-100,flute_synthetic_000-051-100,/root/autodl-tmp/tokenizer-eval/data/nsynth/nsynth-test/audio/flute_synthetic_000-051-100.wav,82,flute_synthetic_000,2,flute,2,synthetic,51,100,16000,distortion
flute_synthetic_000-058-025,flute_synthetic_000-058-025,/root/autodl-tmp/tokenizer-eval/data/nsynth/nsynth-test/audio/flute_synthetic_000-058-025.wav,82,flute_synthetic_000,2,flute,2,synthetic,58,25,16000,distortion
string_acoustic_057-071-100,string_acoustic_057-071-100,/root/autodl-tmp/tokenizer-eval/data/nsynth/nsynth-test/audio/string_acoustic_057-071-100.wav,450,string_acoustic_057,8,string,0,acoustic,71,100,16000,bright|nonlinear_env|reverb
bass_synthetic_033-044-050,bass_synthetic_033-044-050,/root/autodl-tmp/tokenizer-eval/data/nsynth/nsynth-test/audio/bass_synthetic_033-044-050.wav,417,bass_synthetic_033,0,bass,2,synthetic,44,50,16000,dark
brass_acoustic_016-086-075,brass_acoustic_016-086-075,/root/autodl-tmp/tokenizer-eval/data/nsynth/nsynth-test/audio/brass_acoustic_016-086-075.wav,128,brass_acoustic_016,1,brass,0,acoustic,86,75,16000,
guitar_acoustic_021-108-075,guitar_acoustic_021-108-075,/root/autodl-tmp/tokenizer-eval/data/nsynth/nsynth-test/audio/guitar_acoustic_021-108-075.wav,457,guitar_acoustic_021,3,guitar,0,acoustic,108,75,16000,fast_decay|percussive
organ_electronic_001-078-100,organ_electronic_001-078-100,/root/autodl-tmp/tokenizer-eval/data/nsynth/nsynth-test/audio/organ_electronic_001-078-100.wav,8,organ_electronic_001,6,organ,1,electronic,78,100,16000,
brass_acoustic_059-058-100,brass_acoustic_059-058-100,/root/autodl-tmp/tokenizer-eval/data/nsynth/nsynth-test/audio/brass_acoustic_059-058-100.wav,572,brass_acoustic_059,1,brass,0,acoustic,58,100,16000,reverb
keyboard_electronic_001-061-050,keyboard_electronic_001-061-050,/root/autodl-tmp/tokenizer-eval/data/nsynth/nsynth-test/audio/keyboard_electronic_001-061-050.wav,40,keyboard_electronic_001,4,keyboard,1,electronic,61,50,16000,dark
keyboard_electronic_078-044-050,keyboard_electronic_078-044-050,/root/autodl-tmp/tokenizer-eval/data/nsynth/nsynth-test/audio/keyboard_electronic_078-044-050.wav,838,keyboard_electronic_078,4,keyboard,1,electronic,44,50,16000,bright
string_acoustic_014-058-050,string_acoustic_014-058-050,/root/autodl-tmp/tokenizer-eval/data/nsynth/nsynth-test/audio/string_acoustic_014-058-050.wav,100,string_acoustic_014,8,string,0,acoustic,58,50,16000,dark|reverb
vocal_synthetic_003-097-127,vocal_synthetic_003-097-127,/root/autodl-tmp/tokenizer-eval/data/nsynth/nsynth-test/audio/vocal_synthetic_003-097-127.wav,37,vocal_synthetic_003,10,vocal,2,synthetic,97,127,16000,bright|distortion|long_release|nonlinear_env
mallet_acoustic_047-086-127,mallet_acoustic_047-086-127,/root/autodl-tmp/tokenizer-eval/data/nsynth/nsynth-test/audio/mallet_acoustic_047-086-127.wav,488,mallet_acoustic_047,5,mallet,0,acoustic,86,127,16000,fast_decay|percussive|reverb
guitar_electronic_028-059-025,guitar_electronic_028-059-025,/root/autodl-tmp/tokenizer-eval/data/nsynth/nsynth-test/audio/guitar_electronic_028-059-025.wav,510,guitar_electronic_028,3,guitar,1,electronic,59,25,16000,dark
string_acoustic_057-073-025,string_acoustic_057-073-025,/root/autodl-tmp/tokenizer-eval/data/nsynth/nsynth-test/audio/string_acoustic_057-073-025.wav,450,string_acoustic_057,8,string,0,acoustic,73,25,16000,bright|nonlinear_env|reverb
keyboard_synthetic_000-048-127,keyboard_synthetic_000-048-127,/root/autodl-tmp/tokenizer-eval/data/nsynth/nsynth-test/audio/keyboard_synthetic_000-048-127.wav,577,keyboard_synthetic_000,4,keyboard,2,synthetic,48,127,16000,bright|distortion|fast_decay|nonlinear_env
guitar_acoustic_010-071-075,guitar_acoustic_010-071-075,/root/autodl-tmp/tokenizer-eval/data/nsynth/nsynth-test/audio/guitar_acoustic_010-071-075.wav,219,guitar_acoustic_010,3,guitar,0,acoustic,71,75,16000,
keyboard_acoustic_004-034-075,keyboard_acoustic_004-034-075,/root/autodl-tmp/tokenizer-eval/data/nsynth/nsynth-test/audio/keyboard_acoustic_004-034-075.wav,327,keyboard_acoustic_004,4,keyboard,0,acoustic,34,75,16000,reverb
reed_acoustic_011-046-025,reed_acoustic_011-046-025,/root/autodl-tmp/tokenizer-eval/data/nsynth/nsynth-test/audio/reed_acoustic_011-046-025.wav,104,reed_acoustic_011,7,reed,0,acoustic,46,25,16000,
vocal_synthetic_003-058-100,vocal_synthetic_003-058-100,/root/autodl-tmp/tokenizer-eval/data/nsynth/nsynth-test/audio/vocal_synthetic_003-058-100.wav,37,vocal_synthetic_003,10,vocal,2,synthetic,58,100,16000,bright|distortion|long_release|nonlinear_env
string_acoustic_057-080-127,string_acoustic_057-080-127,/root/autodl-tmp/tokenizer-eval/data/nsynth/nsynth-test/audio/string_acoustic_057-080-127.wav,450,string_acoustic_057,8,string,0,acoustic,80,127,16000,bright|nonlinear_env|reverb
reed_acoustic_023-075-025,reed_acoustic_023-075-025,/root/autodl-tmp/tokenizer-eval/data/nsynth/nsynth-test/audio/reed_acoustic_023-075-025.wav,224,reed_acoustic_023,7,reed,0,acoustic,75,25,16000,bright|fast_decay|multiphonic|nonlinear_env
organ_electronic_104-044-025,organ_electronic_104-044-025,/root/autodl-tmp/tokenizer-eval/data/nsynth/nsynth-test/audio/organ_electronic_104-044-025.wav,921,organ_electronic_104,6,organ,1,electronic,44,25,16000,
guitar_acoustic_010-056-100,guitar_acoustic_010-056-100,/root/autodl-tmp/tokenizer-eval/data/nsynth/nsynth-test/audio/guitar_acoustic_010-056-100.wav,219,guitar_acoustic_010,3,guitar,0,acoustic,56,100,16000,
vocal_acoustic_000-070-075,vocal_acoustic_000-070-075,/root/autodl-tmp/tokenizer-eval/data/nsynth/nsynth-test/audio/vocal_acoustic_000-070-075.wav,46,vocal_acoustic_000,10,vocal,0,acoustic,70,75,16000,reverb
flute_acoustic_002-079-127,flute_acoustic_002-079-127,/root/autodl-tmp/tokenizer-eval/data/nsynth/nsynth-test/audio/flute_acoustic_002-079-127.wav,86,flute_acoustic_002,2,flute,0,acoustic,79,127,16000,reverb
string_acoustic_056-056-075,string_acoustic_056-056-075,/root/autodl-tmp/tokenizer-eval/data/nsynth/nsynth-test/audio/string_acoustic_056-056-075.wav,436,string_acoustic_056,8,string,0,acoustic,56,75,16000,fast_decay|percussive|reverb
guitar_acoustic_010-084-025,guitar_acoustic_010-084-025,/root/autodl-tmp/tokenizer-eval/data/nsynth/nsynth-test/audio/guitar_acoustic_010-084-025.wav,219,guitar_acoustic_010,3,guitar,0,acoustic,84,25,16000,
flute_synthetic_000-049-050,flute_synthetic_000-049-050,/root/autodl-tmp/tokenizer-eval/data/nsynth/nsynth-test/audio/flute_synthetic_000-049-050.wav,82,flute_synthetic_000,2,flute,2,synthetic,49,50,16000,distortion
keyboard_acoustic_004-089-127,keyboard_acoustic_004-089-127,/root/autodl-tmp/tokenizer-eval/data/nsynth/nsynth-test/audio/keyboard_acoustic_004-089-127.wav,327,keyboard_acoustic_004,4,keyboard,0,acoustic,89,127,16000,reverb
string_acoustic_014-034-127,string_acoustic_014-034-127,/root/autodl-tmp/tokenizer-eval/data/nsynth/nsynth-test/audio/string_acoustic_014-034-127.wav,100,string_acoustic_014,8,string,0,acoustic,34,127,16000,dark|fast_decay|reverb
reed_acoustic_011-060-075,reed_acoustic_011-060-075,/root/autodl-tmp/tokenizer-eval/data/nsynth/nsynth-test/audio/reed_acoustic_011-060-075.wav,104,reed_acoustic_011,7,reed,0,acoustic,60,75,16000,
brass_acoustic_046-053-127,brass_acoustic_046-053-127,/root/autodl-tmp/tokenizer-eval/data/nsynth/nsynth-test/audio/brass_acoustic_046-053-127.wav,414,brass_acoustic_046,1,brass,0,acoustic,53,127,16000,
bass_synthetic_033-062-127,bass_synthetic_033-062-127,/root/autodl-tmp/tokenizer-eval/data/nsynth/nsynth-test/audio/bass_synthetic_033-062-127.wav,417,bass_synthetic_033,0,bass,2,synthetic,62,127,16000,distortion
string_acoustic_014-053-050,string_acoustic_014-053-050,/root/autodl-tmp/tokenizer-eval/data/nsynth/nsynth-test/audio/string_acoustic_014-053-050.wav,100,string_acoustic_014,8,string,0,acoustic,53,50,16000,dark|fast_decay|reverb
keyboard_electronic_069-059-127,keyboard_electronic_069-059-127,/root/autodl-tmp/tokenizer-eval/data/nsynth/nsynth-test/audio/keyboard_electronic_069-059-127.wav,805,keyboard_electronic_069,4,keyboard,1,electronic,59,127,16000,distortion
vocal_synthetic_003-104-127,vocal_synthetic_003-104-127,/root/autodl-tmp/tokenizer-eval/data/nsynth/nsynth-test/audio/vocal_synthetic_003-104-127.wav,37,vocal_synthetic_003,10,vocal,2,synthetic,104,127,16000,bright|distortion|long_release|nonlinear_env
guitar_acoustic_014-024-075,guitar_acoustic_014-024-075,/root/autodl-tmp/tokenizer-eval/data/nsynth/nsynth-test/audio/guitar_acoustic_014-024-075.wav,263,guitar_acoustic_014,3,guitar,0,acoustic,24,75,16000,
keyboard_electronic_078-077-050,keyboard_electronic_078-077-050,/root/autodl-tmp/tokenizer-eval/data/nsynth/nsynth-test/audio/keyboard_electronic_078-077-050.wav,838,keyboard_electronic_078,4,keyboard,1,electronic,77,50,16000,bright
keyboard_electronic_001-080-127,keyboard_electronic_001-080-127,/root/autodl-tmp/tokenizer-eval/data/nsynth/nsynth-test/audio/keyboard_electronic_001-080-127.wav,40,keyboard_electronic_001,4,keyboard,1,electronic,80,127,16000,
string_acoustic_056-043-025,string_acoustic_056-043-025,/root/autodl-tmp/tokenizer-eval/data/nsynth/nsynth-test/audio/string_acoustic_056-043-025.wav,436,string_acoustic_056,8,string,0,acoustic,43,25,16000,fast_decay|reverb
guitar_acoustic_015-032-127,guitar_acoustic_015-032-127,/root/autodl-tmp/tokenizer-eval/data/nsynth/nsynth-test/audio/guitar_acoustic_015-032-127.wav,316,guitar_acoustic_015,3,guitar,0,acoustic,32,127,16000,long_release|reverb
bass_synthetic_134-082-025,bass_synthetic_134-082-025,/root/autodl-tmp/tokenizer-eval/data/nsynth/nsynth-test/audio/bass_synthetic_134-082-025.wav,914,bass_synthetic_134,0,bass,2,synthetic,82,25,16000,fast_decay|percussive|reverb
string_acoustic_080-037-100,string_acoustic_080-037-100,/root/autodl-tmp/tokenizer-eval/data/nsynth/nsynth-test/audio/string_acoustic_080-037-100.wav,675,string_acoustic_080,8,string,0,acoustic,37,100,16000,long_release|reverb
flute_synthetic_000-072-100,flute_synthetic_000-072-100,/root/autodl-tmp/tokenizer-eval/data/nsynth/nsynth-test/audio/flute_synthetic_000-072-100.wav,82,flute_synthetic_000,2,flute,2,synthetic,72,100,16000,distortion
bass_synthetic_135-036-075,bass_synthetic_135-036-075,/root/autodl-tmp/tokenizer-eval/data/nsynth/nsynth-test/audio/bass_synthetic_135-036-075.wav,927,bass_synthetic_135,0,bass,2,synthetic,36,75,16000,distortion
bass_synthetic_034-077-050,bass_synthetic_034-077-050,/root/autodl-tmp/tokenizer-eval/data/nsynth/nsynth-test/audio/bass_synthetic_034-077-050.wav,420,bass_synthetic_034,0,bass,2,synthetic,77,50,16000,bright|distortion|tempo-synced
guitar_electronic_022-035-127,guitar_electronic_022-035-127,/root/autodl-tmp/tokenizer-eval/data/nsynth/nsynth-test/audio/guitar_electronic_022-035-127.wav,378,guitar_electronic_022,3,guitar,1,electronic,35,127,16000,dark
flute_acoustic_002-073-127,flute_acoustic_002-073-127,/root/autodl-tmp/tokenizer-eval/data/nsynth/nsynth-test/audio/flute_acoustic_002-073-127.wav,86,flute_acoustic_002,2,flute,0,acoustic,73,127,16000,reverb
flute_synthetic_000-022-025,flute_synthetic_000-022-025,/root/autodl-tmp/tokenizer-eval/data/nsynth/nsynth-test/audio/flute_synthetic_000-022-025.wav,82,flute_synthetic_000,2,flute,2,synthetic,22,25,16000,distortion
guitar_acoustic_010-052-100,guitar_acoustic_010-052-100,/root/autodl-tmp/tokenizer-eval/data/nsynth/nsynth-test/audio/guitar_acoustic_010-052-100.wav,219,guitar_acoustic_010,3,guitar,0,acoustic,52,100,16000,
brass_acoustic_046-074-025,brass_acoustic_046-074-025,/root/autodl-tmp/tokenizer-eval/data/nsynth/nsynth-test/audio/brass_acoustic_046-074-025.wav,414,brass_acoustic_046,1,brass,0,acoustic,74,25,16000,
bass_synthetic_033-043-100,bass_synthetic_033-043-100,/root/autodl-tmp/tokenizer-eval/data/nsynth/nsynth-test/audio/bass_synthetic_033-043-100.wav,417,bass_synthetic_033,0,bass,2,synthetic,43,100,16000,dark
bass_synthetic_034-087-127,bass_synthetic_034-087-127,/root/autodl-tmp/tokenizer-eval/data/nsynth/nsynth-test/audio/bass_synthetic_034-087-127.wav,420,bass_synthetic_034,0,bass,2,synthetic,87,127,16000,bright|distortion|tempo-synced
string_acoustic_056-079-127,string_acoustic_056-079-127,/root/autodl-tmp/tokenizer-eval/data/nsynth/nsynth-test/audio/string_acoustic_056-079-127.wav,436,string_acoustic_056,8,string,0,acoustic,79,127,16000,fast_decay|percussive|reverb
brass_acoustic_046-064-127,brass_acoustic_046-064-127,/root/autodl-tmp/tokenizer-eval/data/nsynth/nsynth-test/audio/brass_acoustic_046-064-127.wav,414,brass_acoustic_046,1,brass,0,acoustic,64,127,16000,bright
brass_acoustic_046-093-050,brass_acoustic_046-093-050,/root/autodl-tmp/tokenizer-eval/data/nsynth/nsynth-test/audio/brass_acoustic_046-093-050.wav,414,brass_acoustic_046,1,brass,0,acoustic,93,50,16000,long_release
organ_electronic_007-023-025,organ_electronic_007-023-025,/root/autodl-tmp/tokenizer-eval/data/nsynth/nsynth-test/audio/organ_electronic_007-023-025.wav,123,organ_electronic_007,6,organ,1,electronic,23,25,16000,distortion|long_release|nonlinear_env
guitar_acoustic_021-042-100,guitar_acoustic_021-042-100,/root/autodl-tmp/tokenizer-eval/data/nsynth/nsynth-test/audio/guitar_acoustic_021-042-100.wav,457,guitar_acoustic_021,3,guitar,0,acoustic,42,100,16000,
keyboard_synthetic_000-098-075,keyboard_synthetic_000-098-075,/root/autodl-tmp/tokenizer-eval/data/nsynth/nsynth-test/audio/keyboard_synthetic_000-098-075.wav,577,keyboard_synthetic_000,4,keyboard,2,synthetic,98,75,16000,bright|distortion|fast_decay|nonlinear_env|percussive
organ_electronic_001-071-025,organ_electronic_001-071-025,/root/autodl-tmp/tokenizer-eval/data/nsynth/nsynth-test/audio/organ_electronic_001-071-025.wav,8,organ_electronic_001,6,organ,1,electronic,71,25,16000,
guitar_acoustic_014-093-075,guitar_acoustic_014-093-075,/root/autodl-tmp/tokenizer-eval/data/nsynth/nsynth-test/audio/guitar_acoustic_014-093-075.wav,263,guitar_acoustic_014,3,guitar,0,acoustic,93,75,16000,fast_decay|percussive
string_acoustic_071-028-127,string_acoustic_071-028-127,/root/autodl-tmp/tokenizer-eval/data/nsynth/nsynth-test/audio/string_acoustic_071-028-127.wav,609,string_acoustic_071,8,string,0,acoustic,28,127,16000,long_release|reverb
keyboard_electronic_003-082-025,keyboard_electronic_003-082-025,/root/autodl-tmp/tokenizer-eval/data/nsynth/nsynth-test/audio/keyboard_electronic_003-082-025.wav,65,keyboard_electronic_003,4,keyboard,1,electronic,82,25,16000,
reed_acoustic_037-037-050,reed_acoustic_037-037-050,/root/autodl-tmp/tokenizer-eval/data/nsynth/nsynth-test/audio/reed_acoustic_037-037-050.wav,387,reed_acoustic_037,7,reed,0,acoustic,37,50,16000,reverb
organ_electronic_007-037-075,organ_electronic_007-037-075,/root/autodl-tmp/tokenizer-eval/data/nsynth/nsynth-test/audio/organ_electronic_007-037-075.wav,123,organ_electronic_007,6,organ,1,electronic,37,75,16000,distortion|long_release|nonlinear_env
keyboard_synthetic_000-048-025,keyboard_synthetic_000-048-025,/root/autodl-tmp/tokenizer-eval/data/nsynth/nsynth-test/audio/keyboard_synthetic_000-048-025.wav,577,keyboard_synthetic_000,4,keyboard,2,synthetic,48,25,16000,distortion|fast_decay|nonlinear_env
keyboard_electronic_078-080-100,keyboard_electronic_078-080-100,/root/autodl-tmp/tokenizer-eval/data/nsynth/nsynth-test/audio/keyboard_electronic_078-080-100.wav,838,keyboard_electronic_078,4,keyboard,1,electronic,80,100,16000,bright|fast_decay
guitar_acoustic_021-053-100,guitar_acoustic_021-053-100,/root/autodl-tmp/tokenizer-eval/data/nsynth/nsynth-test/audio/guitar_acoustic_021-053-100.wav,457,guitar_acoustic_021,3,guitar,0,acoustic,53,100,16000,
organ_electronic_057-076-100,organ_electronic_057-076-100,/root/autodl-tmp/tokenizer-eval/data/nsynth/nsynth-test/audio/organ_electronic_057-076-100.wav,701,organ_electronic_057,6,organ,1,electronic,76,100,16000,
string_acoustic_014-050-127,string_acoustic_014-050-127,/root/autodl-tmp/tokenizer-eval/data/nsynth/nsynth-test/audio/string_acoustic_014-050-127.wav,100,string_acoustic_014,8,string,0,acoustic,50,127,16000,dark|reverb
reed_acoustic_011-063-050,reed_acoustic_011-063-050,/root/autodl-tmp/tokenizer-eval/data/nsynth/nsynth-test/audio/reed_acoustic_011-063-050.wav,104,reed_acoustic_011,7,reed,0,acoustic,63,50,16000,
reed_acoustic_037-039-075,reed_acoustic_037-039-075,/root/autodl-tmp/tokenizer-eval/data/nsynth/nsynth-test/audio/reed_acoustic_037-039-075.wav,387,reed_acoustic_037,7,reed,0,acoustic,39,75,16000,reverb
organ_electronic_001-061-050,organ_electronic_001-061-050,/root/autodl-tmp/tokenizer-eval/data/nsynth/nsynth-test/audio/organ_electronic_001-061-050.wav,8,organ_electronic_001,6,organ,1,electronic,61,50,16000,dark
bass_electronic_018-026-075,bass_electronic_018-026-075,/root/autodl-tmp/tokenizer-eval/data/nsynth/nsynth-test/audio/bass_electronic_018-026-075.wav,759,bass_electronic_018,0,bass,1,electronic,26,75,16000,
brass_acoustic_016-079-075,brass_acoustic_016-079-075,/root/autodl-tmp/tokenizer-eval/data/nsynth/nsynth-test/audio/brass_acoustic_016-079-075.wav,128,brass_acoustic_016,1,brass,0,acoustic,79,75,16000,bright
organ_electronic_104-024-025,organ_electronic_104-024-025,/root/autodl-tmp/tokenizer-eval/data/nsynth/nsynth-test/audio/organ_electronic_104-024-025.wav,921,organ_electronic_104,6,organ,1,electronic,24,25,16000,
organ_electronic_057-037-025,organ_electronic_057-037-025,/root/autodl-tmp/tokenizer-eval/data/nsynth/nsynth-test/audio/organ_electronic_057-037-025.wav,701,organ_electronic_057,6,organ,1,electronic,37,25,16000,dark
flute_synthetic_000-080-050,flute_synthetic_000-080-050,/root/autodl-tmp/tokenizer-eval/data/nsynth/nsynth-test/audio/flute_synthetic_000-080-050.wav,82,flute_synthetic_000,2,flute,2,synthetic,80,50,16000,distortion
vocal_synthetic_003-101-025,vocal_synthetic_003-101-025,/root/autodl-tmp/tokenizer-eval/data/nsynth/nsynth-test/audio/vocal_synthetic_003-101-025.wav,37,vocal_synthetic_003,10,vocal,2,synthetic,101,25,16000,bright|distortion|long_release|nonlinear_env
organ_electronic_001-083-127,organ_electronic_001-083-127,/root/autodl-tmp/tokenizer-eval/data/nsynth/nsynth-test/audio/organ_electronic_001-083-127.wav,8,organ_electronic_001,6,organ,1,electronic,83,127,16000,
keyboard_acoustic_004-045-025,keyboard_acoustic_004-045-025,/root/autodl-tmp/tokenizer-eval/data/nsynth/nsynth-test/audio/keyboard_acoustic_004-045-025.wav,327,keyboard_acoustic_004,4,keyboard,0,acoustic,45,25,16000,dark|reverb
guitar_electronic_028-037-100,guitar_electronic_028-037-100,/root/autodl-tmp/tokenizer-eval/data/nsynth/nsynth-test/audio/guitar_electronic_028-037-100.wav,510,guitar_electronic_028,3,guitar,1,electronic,37,100,16000,dark
keyboard_acoustic_004-028-050,keyboard_acoustic_004-028-050,/root/autodl-tmp/tokenizer-eval/data/nsynth/nsynth-test/audio/keyboard_acoustic_004-028-050.wav,327,keyboard_acoustic_004,4,keyboard,0,acoustic,28,50,16000,dark|reverb
mallet_acoustic_047-071-050,mallet_acoustic_047-071-050,/root/autodl-tmp/tokenizer-eval/data/nsynth/nsynth-test/audio/mallet_acoustic_047-071-050.wav,488,mallet_acoustic_047,5,mallet,0,acoustic,71,50,16000,fast_decay|percussive|reverb
bass_synthetic_009-058-050,bass_synthetic_009-058-050,/root/autodl-tmp/tokenizer-eval/data/nsynth/nsynth-test/audio/bass_synthetic_009-058-050.wav,150,bass_synthetic_009,0,bass,2,synthetic,58,50,16000,bright|distortion|long_release
keyboard_electronic_002-074-025,keyboard_electronic_002-074-025,/root/autodl-tmp/tokenizer-eval/data/nsynth/nsynth-test/audio/keyboard_electronic_002-074-025.wav,50,keyboard_electronic_002,4,keyboard,1,electronic,74,25,16000,
vocal_synthetic_003-054-127,vocal_synthetic_003-054-127,/root/autodl-tmp/tokenizer-eval/data/nsynth/nsynth-test/audio/vocal_synthetic_003-054-127.wav,37,vocal_synthetic_003,10,vocal,2,synthetic,54,127,16000,bright|distortion|long_release|nonlinear_env
keyboard_electronic_003-086-025,keyboard_electronic_003-086-025,/root/autodl-tmp/tokenizer-eval/data/nsynth/nsynth-test/audio/keyboard_electronic_003-086-025.wav,65,keyboard_electronic_003,4,keyboard,1,electronic,86,25,16000,
flute_synthetic_000-026-025,flute_synthetic_000-026-025,/root/autodl-tmp/tokenizer-eval/data/nsynth/nsynth-test/audio/flute_synthetic_000-026-025.wav,82,flute_synthetic_000,2,flute,2,synthetic,26,25,16000,distortion
organ_electronic_104-074-075,organ_electronic_104-074-075,/root/autodl-tmp/tokenizer-eval/data/nsynth/nsynth-test/audio/organ_electronic_104-074-075.wav,921,organ_electronic_104,6,organ,1,electronic,74,75,16000,
mallet_acoustic_047-084-127,mallet_acoustic_047-084-127,/root/autodl-tmp/tokenizer-eval/data/nsynth/nsynth-test/audio/mallet_acoustic_047-084-127.wav,488,mallet_acoustic_047,5,mallet,0,acoustic,84,127,16000,fast_decay|percussive|reverb
bass_synthetic_134-023-075,bass_synthetic_134-023-075,/root/autodl-tmp/tokenizer-eval/data/nsynth/nsynth-test/audio/bass_synthetic_134-023-075.wav,914,bass_synthetic_134,0,bass,2,synthetic,23,75,16000,dark|reverb
reed_acoustic_037-072-050,reed_acoustic_037-072-050,/root/autodl-tmp/tokenizer-eval/data/nsynth/nsynth-test/audio/reed_acoustic_037-072-050.wav,387,reed_acoustic_037,7,reed,0,acoustic,72,50,16000,reverb
keyboard_electronic_002-063-075,keyboard_electronic_002-063-075,/root/autodl-tmp/tokenizer-eval/data/nsynth/nsynth-test/audio/keyboard_electronic_002-063-075.wav,50,keyboard_electronic_002,4,keyboard,1,electronic,63,75,16000,
mallet_acoustic_062-055-050,mallet_acoustic_062-055-050,/root/autodl-tmp/tokenizer-eval/data/nsynth/nsynth-test/audio/mallet_acoustic_062-055-050.wav,644,mallet_acoustic_062,5,mallet,0,acoustic,55,50,16000,dark|multiphonic
string_acoustic_071-024-075,string_acoustic_071-024-075,/root/autodl-tmp/tokenizer-eval/data/nsynth/nsynth-test/audio/string_acoustic_071-024-075.wav,609,string_acoustic_071,8,string,0,acoustic,24,75,16000,long_release|reverb
string_acoustic_080-054-050,string_acoustic_080-054-050,/root/autodl-tmp/tokenizer-eval/data/nsynth/nsynth-test/audio/string_acoustic_080-054-050.wav,675,string_acoustic_080,8,string,0,acoustic,54,50,16000,reverb
mallet_acoustic_062-045-025,mallet_acoustic_062-045-025,/root/autodl-tmp/tokenizer-eval/data/nsynth/nsynth-test/audio/mallet_acoustic_062-045-025.wav,644,mallet_acoustic_062,5,mallet,0,acoustic,45,25,16000,dark|fast_decay|multiphonic
guitar_acoustic_021-106-100,guitar_acoustic_021-106-100,/root/autodl-tmp/tokenizer-eval/data/nsynth/nsynth-test/audio/guitar_acoustic_021-106-100.wav,457,guitar_acoustic_021,3,guitar,0,acoustic,106,100,16000,fast_decay|percussive
bass_synthetic_033-044-025,bass_synthetic_033-044-025,/root/autodl-tmp/tokenizer-eval/data/nsynth/nsynth-test/audio/bass_synthetic_033-044-025.wav,417,bass_synthetic_033,0,bass,2,synthetic,44,25,16000,dark
string_acoustic_071-046-025,string_acoustic_071-046-025,/root/autodl-tmp/tokenizer-eval/data/nsynth/nsynth-test/audio/string_acoustic_071-046-025.wav,609,string_acoustic_071,8,string,0,acoustic,46,25,16000,long_release|reverb
guitar_acoustic_021-074-127,guitar_acoustic_021-074-127,/root/autodl-tmp/tokenizer-eval/data/nsynth/nsynth-test/audio/guitar_acoustic_021-074-127.wav,457,guitar_acoustic_021,3,guitar,0,acoustic,74,127,16000,fast_decay
brass_acoustic_006-027-100,brass_acoustic_006-027-100,/root/autodl-tmp/tokenizer-eval/data/nsynth/nsynth-test/audio/brass_acoustic_006-027-100.wav,43,brass_acoustic_006,1,brass,0,acoustic,27,100,16000,reverb
organ_electronic_104-053-100,organ_electronic_104-053-100,/root/autodl-tmp/tokenizer-eval/data/nsynth/nsynth-test/audio/organ_electronic_104-053-100.wav,921,organ_electronic_104,6,organ,1,electronic,53,100,16000,
guitar_acoustic_030-044-100,guitar_acoustic_030-044-100,/root/autodl-tmp/tokenizer-eval/data/nsynth/nsynth-test/audio/guitar_acoustic_030-044-100.wav,642,guitar_acoustic_030,3,guitar,0,acoustic,44,100,16000,long_release|tempo-synced
guitar_electronic_028-072-025,guitar_electronic_028-072-025,/root/autodl-tmp/tokenizer-eval/data/nsynth/nsynth-test/audio/guitar_electronic_028-072-025.wav,510,guitar_electronic_028,3,guitar,1,electronic,72,25,16000,
keyboard_electronic_078-059-025,keyboard_electronic_078-059-025,/root/autodl-tmp/tokenizer-eval/data/nsynth/nsynth-test/audio/keyboard_electronic_078-059-025.wav,838,keyboard_electronic_078,4,keyboard,1,electronic,59,25,16000,bright
brass_acoustic_016-072-025,brass_acoustic_016-072-025,/root/autodl-tmp/tokenizer-eval/data/nsynth/nsynth-test/audio/brass_acoustic_016-072-025.wav,128,brass_acoustic_016,1,brass,0,acoustic,72,25,16000,bright
flute_synthetic_000-058-100,flute_synthetic_000-058-100,/root/autodl-tmp/tokenizer-eval/data/nsynth/nsynth-test/audio/flute_synthetic_000-058-100.wav,82,flute_synthetic_000,2,flute,2,synthetic,58,100,16000,distortion
bass_synthetic_009-091-025,bass_synthetic_009-091-025,/root/autodl-tmp/tokenizer-eval/data/nsynth/nsynth-test/audio/bass_synthetic_009-091-025.wav,150,bass_synthetic_009,0,bass,2,synthetic,91,25,16000,long_release
guitar_acoustic_015-100-075,guitar_acoustic_015-100-075,/root/autodl-tmp/tokenizer-eval/data/nsynth/nsynth-test/audio/guitar_acoustic_015-100-075.wav,316,guitar_acoustic_015,3,guitar,0,acoustic,100,75,16000,fast_decay|percussive|reverb
keyboard_electronic_001-026-100,keyboard_electronic_001-026-100,/root/autodl-tmp/tokenizer-eval/data/nsynth/nsynth-test/audio/keyboard_electronic_001-026-100.wav,40,keyboard_electronic_001,4,keyboard,1,electronic,26,100,16000,
reed_acoustic_023-088-127,reed_acoustic_023-088-127,/root/autodl-tmp/tokenizer-eval/data/nsynth/nsynth-test/audio/reed_acoustic_023-088-127.wav,224,reed_acoustic_023,7,reed,0,acoustic,88,127,16000,fast_decay|multiphonic|nonlinear_env
bass_synthetic_134-030-127,bass_synthetic_134-030-127,/root/autodl-tmp/tokenizer-eval/data/nsynth/nsynth-test/audio/bass_synthetic_134-030-127.wav,914,bass_synthetic_134,0,bass,2,synthetic,30,127,16000,dark|reverb
string_acoustic_080-041-127,string_acoustic_080-041-127,/root/autodl-tmp/tokenizer-eval/data/nsynth/nsynth-test/audio/string_acoustic_080-041-127.wav,675,string_acoustic_080,8,string,0,acoustic,41,127,16000,long_release|reverb
brass_acoustic_015-072-050,brass_acoustic_015-072-050,/root/autodl-tmp/tokenizer-eval/data/nsynth/nsynth-test/audio/brass_acoustic_015-072-050.wav,121,brass_acoustic_015,1,brass,0,acoustic,72,50,16000,reverb
keyboard_electronic_003-046-050,keyboard_electronic_003-046-050,/root/autodl-tmp/tokenizer-eval/data/nsynth/nsynth-test/audio/keyboard_electronic_003-046-050.wav,65,keyboard_electronic_003,4,keyboard,1,electronic,46,50,16000,dark
reed_acoustic_023-067-050,reed_acoustic_023-067-050,/root/autodl-tmp/tokenizer-eval/data/nsynth/nsynth-test/audio/reed_acoustic_023-067-050.wav,224,reed_acoustic_023,7,reed,0,acoustic,67,50,16000,bright|fast_decay|multiphonic|nonlinear_env
flute_synthetic_000-100-050,flute_synthetic_000-100-050,/root/autodl-tmp/tokenizer-eval/data/nsynth/nsynth-test/audio/flute_synthetic_000-100-050.wav,82,flute_synthetic_000,2,flute,2,synthetic,100,50,16000,bright|distortion
bass_synthetic_034-062-075,bass_synthetic_034-062-075,/root/autodl-tmp/tokenizer-eval/data/nsynth/nsynth-test/audio/bass_synthetic_034-062-075.wav,420,bass_synthetic_034,0,bass,2,synthetic,62,75,16000,distortion|tempo-synced
keyboard_electronic_098-021-127,keyboard_electronic_098-021-127,/root/autodl-tmp/tokenizer-eval/data/nsynth/nsynth-test/audio/keyboard_electronic_098-021-127.wav,905,keyboard_electronic_098,4,keyboard,1,electronic,21,127,16000,dark|distortion
flute_synthetic_000-039-100,flute_synthetic_000-039-100,/root/autodl-tmp/tokenizer-eval/data/nsynth/nsynth-test/audio/flute_synthetic_000-039-100.wav,82,flute_synthetic_000,2,flute,2,synthetic,39,100,16000,distortion
guitar_acoustic_010-092-075,guitar_acoustic_010-092-075,/root/autodl-tmp/tokenizer-eval/data/nsynth/nsynth-test/audio/guitar_acoustic_010-092-075.wav,219,guitar_acoustic_010,3,guitar,0,acoustic,92,75,16000,
organ_electronic_113-063-127,organ_electronic_113-063-127,/root/autodl-tmp/tokenizer-eval/data/nsynth/nsynth-test/audio/organ_electronic_113-063-127.wav,958,organ_electronic_113,6,organ,1,electronic,63,127,16000,
bass_synthetic_033-054-025,bass_synthetic_033-054-025,/root/autodl-tmp/tokenizer-eval/data/nsynth/nsynth-test/audio/bass_synthetic_033-054-025.wav,417,bass_synthetic_033,0,bass,2,synthetic,54,25,16000,dark
guitar_electronic_028-022-025,guitar_electronic_028-022-025,/root/autodl-tmp/tokenizer-eval/data/nsynth/nsynth-test/audio/guitar_electronic_028-022-025.wav,510,guitar_electronic_028,3,guitar,1,electronic,22,25,16000,dark
guitar_acoustic_015-043-075,guitar_acoustic_015-043-075,/root/autodl-tmp/tokenizer-eval/data/nsynth/nsynth-test/audio/guitar_acoustic_015-043-075.wav,316,guitar_acoustic_015,3,guitar,0,acoustic,43,75,16000,reverb
string_acoustic_014-033-050,string_acoustic_014-033-050,/root/autodl-tmp/tokenizer-eval/data/nsynth/nsynth-test/audio/string_acoustic_014-033-050.wav,100,string_acoustic_014,8,string,0,acoustic,33,50,16000,dark|reverb
organ_electronic_028-036-100,organ_electronic_028-036-100,/root/autodl-tmp/tokenizer-eval/data/nsynth/nsynth-test/audio/organ_electronic_028-036-100.wav,440,organ_electronic_028,6,organ,1,electronic,36,100,16000,dark
bass_synthetic_033-022-100,bass_synthetic_033-022-100,/root/autodl-tmp/tokenizer-eval/data/nsynth/nsynth-test/audio/bass_synthetic_033-022-100.wav,417,bass_synthetic_033,0,bass,2,synthetic,22,100,16000,dark
brass_acoustic_006-050-100,brass_acoustic_006-050-100,/root/autodl-tmp/tokenizer-eval/data/nsynth/nsynth-test/audio/brass_acoustic_006-050-100.wav,43,brass_acoustic_006,1,brass,0,acoustic,50,100,16000,reverb
keyboard_electronic_002-022-127,keyboard_electronic_002-022-127,/root/autodl-tmp/tokenizer-eval/data/nsynth/nsynth-test/audio/keyboard_electronic_002-022-127.wav,50,keyboard_electronic_002,4,keyboard,1,electronic,22,127,16000,distortion
mallet_acoustic_062-067-050,mallet_acoustic_062-067-050,/root/autodl-tmp/tokenizer-eval/data/nsynth/nsynth-test/audio/mallet_acoustic_062-067-050.wav,644,mallet_acoustic_062,5,mallet,0,acoustic,67,50,16000,dark|fast_decay|multiphonic
guitar_electronic_028-052-075,guitar_electronic_028-052-075,/root/autodl-tmp/tokenizer-eval/data/nsynth/nsynth-test/audio/guitar_electronic_028-052-075.wav,510,guitar_electronic_028,3,guitar,1,electronic,52,75,16000,dark
reed_acoustic_037-035-025,reed_acoustic_037-035-025,/root/autodl-tmp/tokenizer-eval/data/nsynth/nsynth-test/audio/reed_acoustic_037-035-025.wav,387,reed_acoustic_037,7,reed,0,acoustic,35,25,16000,reverb
bass_synthetic_068-096-127,bass_synthetic_068-096-127,/root/autodl-tmp/tokenizer-eval/data/nsynth/nsynth-test/audio/bass_synthetic_068-096-127.wav,656,bass_synthetic_068,0,bass,2,synthetic,96,127,16000,fast_decay|percussive
mallet_acoustic_062-085-075,mallet_acoustic_062-085-075,/root/autodl-tmp/tokenizer-eval/data/nsynth/nsynth-test/audio/mallet_acoustic_062-085-075.wav,644,mallet_acoustic_062,5,mallet,0,acoustic,85,75,16000,fast_decay|multiphonic
bass_synthetic_068-051-075,bass_synthetic_068-051-075,/root/autodl-tmp/tokenizer-eval/data/nsynth/nsynth-test/audio/bass_synthetic_068-051-075.wav,656,bass_synthetic_068,0,bass,2,synthetic,51,75,16000,dark
reed_acoustic_037-065-075,reed_acoustic_037-065-075,/root/autodl-tmp/tokenizer-eval/data/nsynth/nsynth-test/audio/reed_acoustic_037-065-075.wav,387,reed_acoustic_037,7,reed,0,acoustic,65,75,16000,reverb
reed_acoustic_037-062-025,reed_acoustic_037-062-025,/root/autodl-tmp/tokenizer-eval/data/nsynth/nsynth-test/audio/reed_acoustic_037-062-025.wav,387,reed_acoustic_037,7,reed,0,acoustic,62,25,16000,reverb
guitar_electronic_022-079-100,guitar_electronic_022-079-100,/root/autodl-tmp/tokenizer-eval/data/nsynth/nsynth-test/audio/guitar_electronic_022-079-100.wav,378,guitar_electronic_022,3,guitar,1,electronic,79,100,16000,
flute_acoustic_002-077-100,flute_acoustic_002-077-100,/root/autodl-tmp/tokenizer-eval/data/nsynth/nsynth-test/audio/flute_acoustic_002-077-100.wav,86,flute_acoustic_002,2,flute,0,acoustic,77,100,16000,reverb
guitar_acoustic_010-088-100,guitar_acoustic_010-088-100,/root/autodl-tmp/tokenizer-eval/data/nsynth/nsynth-test/audio/guitar_acoustic_010-088-100.wav,219,guitar_acoustic_010,3,guitar,0,acoustic,88,100,16000,
guitar_acoustic_021-083-075,guitar_acoustic_021-083-075,/root/autodl-tmp/tokenizer-eval/data/nsynth/nsynth-test/audio/guitar_acoustic_021-083-075.wav,457,guitar_acoustic_021,3,guitar,0,acoustic,83,75,16000,fast_decay|percussive
reed_acoustic_037-067-127,reed_acoustic_037-067-127,/root/autodl-tmp/tokenizer-eval/data/nsynth/nsynth-test/audio/reed_acoustic_037-067-127.wav,387,reed_acoustic_037,7,reed,0,acoustic,67,127,16000,long_release|reverb
bass_synthetic_135-054-050,bass_synthetic_135-054-050,/root/autodl-tmp/tokenizer-eval/data/nsynth/nsynth-test/audio/bass_synthetic_135-054-050.wav,927,bass_synthetic_135,0,bass,2,synthetic,54,50,16000,distortion
brass_acoustic_016-080-075,brass_acoustic_016-080-075,/root/autodl-tmp/tokenizer-eval/data/nsynth/nsynth-test/audio/brass_acoustic_016-080-075.wav,128,brass_acoustic_016,1,brass,0,acoustic,80,75,16000,bright
brass_acoustic_046-058-127,brass_acoustic_046-058-127,/root/autodl-tmp/tokenizer-eval/data/nsynth/nsynth-test/audio/brass_acoustic_046-058-127.wav,414,brass_acoustic_046,1,brass,0,acoustic,58,127,16000,bright
guitar_acoustic_014-045-025,guitar_acoustic_014-045-025,/root/autodl-tmp/tokenizer-eval/data/nsynth/nsynth-test/audio/guitar_acoustic_014-045-025.wav,263,guitar_acoustic_014,3,guitar,0,acoustic,45,25,16000,
reed_acoustic_018-065-100,reed_acoustic_018-065-100,/root/autodl-tmp/tokenizer-eval/data/nsynth/nsynth-test/audio/reed_acoustic_018-065-100.wav,183,reed_acoustic_018,7,reed,0,acoustic,65,100,16000,
reed_acoustic_023-040-100,reed_acoustic_023-040-100,/root/autodl-tmp/tokenizer-eval/data/nsynth/nsynth-test/audio/reed_acoustic_023-040-100.wav,224,reed_acoustic_023,7,reed,0,acoustic,40,100,16000,bright|fast_decay|multiphonic|nonlinear_env
bass_electronic_027-027-025,bass_electronic_027-027-025,/root/autodl-tmp/tokenizer-eval/data/nsynth/nsynth-test/audio/bass_electronic_027-027-025.wav,880,bass_electronic_027,0,bass,1,electronic,27,25,16000,
string_acoustic_014-060-025,string_acoustic_014-060-025,/root/autodl-tmp/tokenizer-eval/data/nsynth/nsynth-test/audio/string_acoustic_014-060-025.wav,100,string_acoustic_014,8,string,0,acoustic,60,25,16000,dark|reverb
keyboard_electronic_003-083-100,keyboard_electronic_003-083-100,/root/autodl-tmp/tokenizer-eval/data/nsynth/nsynth-test/audio/keyboard_electronic_003-083-100.wav,65,keyboard_electronic_003,4,keyboard,1,electronic,83,100,16000,
string_acoustic_071-044-075,string_acoustic_071-044-075,/root/autodl-tmp/tokenizer-eval/data/nsynth/nsynth-test/audio/string_acoustic_071-044-075.wav,609,string_acoustic_071,8,string,0,acoustic,44,75,16000,long_release|reverb
guitar_acoustic_021-107-025,guitar_acoustic_021-107-025,/root/autodl-tmp/tokenizer-eval/data/nsynth/nsynth-test/audio/guitar_acoustic_021-107-025.wav,457,guitar_acoustic_021,3,guitar,0,acoustic,107,25,16000,fast_decay|percussive
bass_synthetic_134-102-100,bass_synthetic_134-102-100,/root/autodl-tmp/tokenizer-eval/data/nsynth/nsynth-test/audio/bass_synthetic_134-102-100.wav,914,bass_synthetic_134,0,bass,2,synthetic,102,100,16000,fast_decay|percussive|reverb
string_acoustic_080-041-025,string_acoustic_080-041-025,/root/autodl-tmp/tokenizer-eval/data/nsynth/nsynth-test/audio/string_acoustic_080-041-025.wav,675,string_acoustic_080,8,string,0,acoustic,41,25,16000,long_release|reverb
string_acoustic_080-027-050,string_acoustic_080-027-050,/root/autodl-tmp/tokenizer-eval/data/nsynth/nsynth-test/audio/string_acoustic_080-027-050.wav,675,string_acoustic_080,8,string,0,acoustic,27,50,16000,long_release|reverb
reed_acoustic_023-058-025,reed_acoustic_023-058-025,/root/autodl-tmp/tokenizer-eval/data/nsynth/nsynth-test/audio/reed_acoustic_023-058-025.wav,224,reed_acoustic_023,7,reed,0,acoustic,58,25,16000,bright|fast_decay|multiphonic|nonlinear_env
organ_electronic_028-054-050,organ_electronic_028-054-050,/root/autodl-tmp/tokenizer-eval/data/nsynth/nsynth-test/audio/organ_electronic_028-054-050.wav,440,organ_electronic_028,6,organ,1,electronic,54,50,16000,dark
guitar_acoustic_014-071-050,guitar_acoustic_014-071-050,/root/autodl-tmp/tokenizer-eval/data/nsynth/nsynth-test/audio/guitar_acoustic_014-071-050.wav,263,guitar_acoustic_014,3,guitar,0,acoustic,71,50,16000,
string_acoustic_012-045-050,string_acoustic_012-045-050,/root/autodl-tmp/tokenizer-eval/data/nsynth/nsynth-test/audio/string_acoustic_012-045-050.wav,97,string_acoustic_012,8,string,0,acoustic,45,50,16000,reverb
guitar_acoustic_015-032-100,guitar_acoustic_015-032-100,/root/autodl-tmp/tokenizer-eval/data/nsynth/nsynth-test/audio/guitar_acoustic_015-032-100.wav,316,guitar_acoustic_015,3,guitar,0,acoustic,32,100,16000,reverb
string_acoustic_056-038-100,string_acoustic_056-038-100,/root/autodl-tmp/tokenizer-eval/data/nsynth/nsynth-test/audio/string_acoustic_056-038-100.wav,436,string_acoustic_056,8,string,0,acoustic,38,100,16000,fast_decay|reverb
keyboard_synthetic_000-102-025,keyboard_synthetic_000-102-025,/root/autodl-tmp/tokenizer-eval/data/nsynth/nsynth-test/audio/keyboard_synthetic_000-102-025.wav,577,keyboard_synthetic_000,4,keyboard,2,synthetic,102,25,16000,bright|distortion|fast_decay|nonlinear_env|percussive
bass_synthetic_034-048-050,bass_synthetic_034-048-050,/root/autodl-tmp/tokenizer-eval/data/nsynth/nsynth-test/audio/bass_synthetic_034-048-050.wav,420,bass_synthetic_034,0,bass,2,synthetic,48,50,16000,distortion|tempo-synced
reed_acoustic_018-055-100,reed_acoustic_018-055-100,/root/autodl-tmp/tokenizer-eval/data/nsynth/nsynth-test/audio/reed_acoustic_018-055-100.wav,183,reed_acoustic_018,7,reed,0,acoustic,55,100,16000,
vocal_synthetic_003-099-100,vocal_synthetic_003-099-100,/root/autodl-tmp/tokenizer-eval/data/nsynth/nsynth-test/audio/vocal_synthetic_003-099-100.wav,37,vocal_synthetic_003,10,vocal,2,synthetic,99,100,16000,bright|distortion|long_release|nonlinear_env
organ_electronic_104-077-075,organ_electronic_104-077-075,/root/autodl-tmp/tokenizer-eval/data/nsynth/nsynth-test/audio/organ_electronic_104-077-075.wav,921,organ_electronic_104,6,organ,1,electronic,77,75,16000,
bass_synthetic_068-042-075,bass_synthetic_068-042-075,/root/autodl-tmp/tokenizer-eval/data/nsynth/nsynth-test/audio/bass_synthetic_068-042-075.wav,656,bass_synthetic_068,0,bass,2,synthetic,42,75,16000,dark
mallet_acoustic_062-105-075,mallet_acoustic_062-105-075,/root/autodl-tmp/tokenizer-eval/data/nsynth/nsynth-test/audio/mallet_acoustic_062-105-075.wav,644,mallet_acoustic_062,5,mallet,0,acoustic,105,75,16000,bright|fast_decay|multiphonic
organ_electronic_028-091-100,organ_electronic_028-091-100,/root/autodl-tmp/tokenizer-eval/data/nsynth/nsynth-test/audio/organ_electronic_028-091-100.wav,440,organ_electronic_028,6,organ,1,electronic,91,100,16000,bright
reed_acoustic_018-053-025,reed_acoustic_018-053-025,/root/autodl-tmp/tokenizer-eval/data/nsynth/nsynth-test/audio/reed_acoustic_018-053-025.wav,183,reed_acoustic_018,7,reed,0,acoustic,53,25,16000,
organ_electronic_104-080-025,organ_electronic_104-080-025,/root/autodl-tmp/tokenizer-eval/data/nsynth/nsynth-test/audio/organ_electronic_104-080-025.wav,921,organ_electronic_104,6,organ,1,electronic,80,25,16000,
bass_synthetic_134-062-075,bass_synthetic_134-062-075,/root/autodl-tmp/tokenizer-eval/data/nsynth/nsynth-test/audio/bass_synthetic_134-062-075.wav,914,bass_synthetic_134,0,bass,2,synthetic,62,75,16000,dark|reverb
organ_electronic_001-083-025,organ_electronic_001-083-025,/root/autodl-tmp/tokenizer-eval/data/nsynth/nsynth-test/audio/organ_electronic_001-083-025.wav,8,organ_electronic_001,6,organ,1,electronic,83,25,16000,
mallet_acoustic_062-040-127,mallet_acoustic_062-040-127,/root/autodl-tmp/tokenizer-eval/data/nsynth/nsynth-test/audio/mallet_acoustic_062-040-127.wav,644,mallet_acoustic_062,5,mallet,0,acoustic,40,127,16000,dark|long_release|multiphonic
guitar_electronic_028-023-075,guitar_electronic_028-023-075,/root/autodl-tmp/tokenizer-eval/data/nsynth/nsynth-test/audio/guitar_electronic_028-023-075.wav,510,guitar_electronic_028,3,guitar,1,electronic,23,75,16000,dark
mallet_acoustic_047-070-075,mallet_acoustic_047-070-075,/root/autodl-tmp/tokenizer-eval/data/nsynth/nsynth-test/audio/mallet_acoustic_047-070-075.wav,488,mallet_acoustic_047,5,mallet,0,acoustic,70,75,16000,fast_decay|percussive|reverb
string_acoustic_056-071-075,string_acoustic_056-071-075,/root/autodl-tmp/tokenizer-eval/data/nsynth/nsynth-test/audio/string_acoustic_056-071-075.wav,436,string_acoustic_056,8,string,0,acoustic,71,75,16000,fast_decay|percussive|reverb
bass_synthetic_009-054-075,bass_synthetic_009-054-075,/root/autodl-tmp/tokenizer-eval/data/nsynth/nsynth-test/audio/bass_synthetic_009-054-075.wav,150,bass_synthetic_009,0,bass,2,synthetic,54,75,16000,bright|distortion|long_release
keyboard_synthetic_000-041-075,keyboard_synthetic_000-041-075,/root/autodl-tmp/tokenizer-eval/data/nsynth/nsynth-test/audio/keyboard_synthetic_000-041-075.wav,577,keyboard_synthetic_000,4,keyboard,2,synthetic,41,75,16000,distortion|fast_decay|nonlinear_env
vocal_synthetic_003-056-100,vocal_synthetic_003-056-100,/root/autodl-tmp/tokenizer-eval/data/nsynth/nsynth-test/audio/vocal_synthetic_003-056-100.wav,37,vocal_synthetic_003,10,vocal,2,synthetic,56,100,16000,bright|distortion|long_release|nonlinear_env
organ_electronic_007-057-075,organ_electronic_007-057-075,/root/autodl-tmp/tokenizer-eval/data/nsynth/nsynth-test/audio/organ_electronic_007-057-075.wav,123,organ_electronic_007,6,organ,1,electronic,57,75,16000,distortion|long_release|nonlinear_env
keyboard_electronic_002-021-100,keyboard_electronic_002-021-100,/root/autodl-tmp/tokenizer-eval/data/nsynth/nsynth-test/audio/keyboard_electronic_002-021-100.wav,50,keyboard_electronic_002,4,keyboard,1,electronic,21,100,16000,distortion
guitar_acoustic_021-024-100,guitar_acoustic_021-024-100,/root/autodl-tmp/tokenizer-eval/data/nsynth/nsynth-test/audio/guitar_acoustic_021-024-100.wav,457,guitar_acoustic_021,3,guitar,0,acoustic,24,100,16000,
keyboard_electronic_003-031-025,keyboard_electronic_003-031-025,/root/autodl-tmp/tokenizer-eval/data/nsynth/nsynth-test/audio/keyboard_electronic_003-031-025.wav,65,keyboard_electronic_003,4,keyboard,1,electronic,31,25,16000,dark
brass_acoustic_006-051-127,brass_acoustic_006-051-127,/root/autodl-tmp/tokenizer-eval/data/nsynth/nsynth-test/audio/brass_acoustic_006-051-127.wav,43,brass_acoustic_006,1,brass,0,acoustic,51,127,16000,long_release|reverb
guitar_electronic_022-082-050,guitar_electronic_022-082-050,/root/autodl-tmp/tokenizer-eval/data/nsynth/nsynth-test/audio/guitar_electronic_022-082-050.wav,378,guitar_electronic_022,3,guitar,1,electronic,82,50,16000,
bass_synthetic_034-059-075,bass_synthetic_034-059-075,/root/autodl-tmp/tokenizer-eval/data/nsynth/nsynth-test/audio/bass_synthetic_034-059-075.wav,420,bass_synthetic_034,0,bass,2,synthetic,59,75,16000,distortion|tempo-synced
brass_acoustic_046-053-075,brass_acoustic_046-053-075,/root/autodl-tmp/tokenizer-eval/data/nsynth/nsynth-test/audio/brass_acoustic_046-053-075.wav,414,brass_acoustic_046,1,brass,0,acoustic,53,75,16000,
organ_electronic_001-037-075,organ_electronic_001-037-075,/root/autodl-tmp/tokenizer-eval/data/nsynth/nsynth-test/audio/organ_electronic_001-037-075.wav,8,organ_electronic_001,6,organ,1,electronic,37,75,16000,dark
guitar_acoustic_015-040-127,guitar_acoustic_015-040-127,/root/autodl-tmp/tokenizer-eval/data/nsynth/nsynth-test/audio/guitar_acoustic_015-040-127.wav,316,guitar_acoustic_015,3,guitar,0,acoustic,40,127,16000,long_release|reverb
flute_synthetic_000-024-050,flute_synthetic_000-024-050,/root/autodl-tmp/tokenizer-eval/data/nsynth/nsynth-test/audio/flute_synthetic_000-024-050.wav,82,flute_synthetic_000,2,flute,2,synthetic,24,50,16000,distortion
guitar_acoustic_010-028-025,guitar_acoustic_010-028-025,/root/autodl-tmp/tokenizer-eval/data/nsynth/nsynth-test/audio/guitar_acoustic_010-028-025.wav,219,guitar_acoustic_010,3,guitar,0,acoustic,28,25,16000,
reed_acoustic_011-074-025,reed_acoustic_011-074-025,/root/autodl-tmp/tokenizer-eval/data/nsynth/nsynth-test/audio/reed_acoustic_011-074-025.wav,104,reed_acoustic_011,7,reed,0,acoustic,74,25,16000,
organ_electronic_007-095-100,organ_electronic_007-095-100,/root/autodl-tmp/tokenizer-eval/data/nsynth/nsynth-test/audio/organ_electronic_007-095-100.wav,123,organ_electronic_007,6,organ,1,electronic,95,100,16000,long_release|nonlinear_env
keyboard_electronic_098-088-050,keyboard_electronic_098-088-050,/root/autodl-tmp/tokenizer-eval/data/nsynth/nsynth-test/audio/keyboard_electronic_098-088-050.wav,905,keyboard_electronic_098,4,keyboard,1,electronic,88,50,16000,fast_decay
string_acoustic_012-030-127,string_acoustic_012-030-127,/root/autodl-tmp/tokenizer-eval/data/nsynth/nsynth-test/audio/string_acoustic_012-030-127.wav,97,string_acoustic_012,8,string,0,acoustic,30,127,16000,long_release|reverb
organ_electronic_104-029-075,organ_electronic_104-029-075,/root/autodl-tmp/tokenizer-eval/data/nsynth/nsynth-test/audio/organ_electronic_104-029-075.wav,921,organ_electronic_104,6,organ,1,electronic,29,75,16000,
organ_electronic_007-084-127,organ_electronic_007-084-127,/root/autodl-tmp/tokenizer-eval/data/nsynth/nsynth-test/audio/organ_electronic_007-084-127.wav,123,organ_electronic_007,6,organ,1,electronic,84,127,16000,bright|distortion|long_release|nonlinear_env
flute_synthetic_000-030-075,flute_synthetic_000-030-075,/root/autodl-tmp/tokenizer-eval/data/nsynth/nsynth-test/audio/flute_synthetic_000-030-075.wav,82,flute_synthetic_000,2,flute,2,synthetic,30,75,16000,distortion
mallet_acoustic_047-079-127,mallet_acoustic_047-079-127,/root/autodl-tmp/tokenizer-eval/data/nsynth/nsynth-test/audio/mallet_acoustic_047-079-127.wav,488,mallet_acoustic_047,5,mallet,0,acoustic,79,127,16000,fast_decay|percussive|reverb
keyboard_electronic_098-044-100,keyboard_electronic_098-044-100,/root/autodl-tmp/tokenizer-eval/data/nsynth/nsynth-test/audio/keyboard_electronic_098-044-100.wav,905,keyboard_electronic_098,4,keyboard,1,electronic,44,100,16000,dark|distortion
flute_acoustic_002-086-075,flute_acoustic_002-086-075,/root/autodl-tmp/tokenizer-eval/data/nsynth/nsynth-test/audio/flute_acoustic_002-086-075.wav,86,flute_acoustic_002,2,flute,0,acoustic,86,75,16000,reverb
mallet_acoustic_056-036-025,mallet_acoustic_056-036-025,/root/autodl-tmp/tokenizer-eval/data/nsynth/nsynth-test/audio/mallet_acoustic_056-036-025.wav,590,mallet_acoustic_056,5,mallet,0,acoustic,36,25,16000,bright|fast_decay|percussive
keyboard_electronic_098-057-050,keyboard_electronic_098-057-050,/root/autodl-tmp/tokenizer-eval/data/nsynth/nsynth-test/audio/keyboard_electronic_098-057-050.wav,905,keyboard_electronic_098,4,keyboard,1,electronic,57,50,16000,dark
organ_electronic_028-067-075,organ_electronic_028-067-075,/root/autodl-tmp/tokenizer-eval/data/nsynth/nsynth-test/audio/organ_electronic_028-067-075.wav,440,organ_electronic_028,6,organ,1,electronic,67,75,16000,dark
vocal_synthetic_003-075-127,vocal_synthetic_003-075-127,/root/autodl-tmp/tokenizer-eval/data/nsynth/nsynth-test/audio/vocal_synthetic_003-075-127.wav,37,vocal_synthetic_003,10,vocal,2,synthetic,75,127,16000,bright|distortion|long_release|nonlinear_env
guitar_acoustic_030-087-025,guitar_acoustic_030-087-025,/root/autodl-tmp/tokenizer-eval/data/nsynth/nsynth-test/audio/guitar_acoustic_030-087-025.wav,642,guitar_acoustic_030,3,guitar,0,acoustic,87,25,16000,fast_decay|percussive|tempo-synced
reed_acoustic_011-039-127,reed_acoustic_011-039-127,/root/autodl-tmp/tokenizer-eval/data/nsynth/nsynth-test/audio/reed_acoustic_011-039-127.wav,104,reed_acoustic_011,7,reed,0,acoustic,39,127,16000,bright
guitar_electronic_028-095-075,guitar_electronic_028-095-075,/root/autodl-tmp/tokenizer-eval/data/nsynth/nsynth-test/audio/guitar_electronic_028-095-075.wav,510,guitar_electronic_028,3,guitar,1,electronic,95,75,16000,
keyboard_electronic_078-044-100,keyboard_electronic_078-044-100,/root/autodl-tmp/tokenizer-eval/data/nsynth/nsynth-test/audio/keyboard_electronic_078-044-100.wav,838,keyboard_electronic_078,4,keyboard,1,electronic,44,100,16000,bright
mallet_acoustic_056-037-050,mallet_acoustic_056-037-050,/root/autodl-tmp/tokenizer-eval/data/nsynth/nsynth-test/audio/mallet_acoustic_056-037-050.wav,590,mallet_acoustic_056,5,mallet,0,acoustic,37,50,16000,fast_decay|percussive
string_acoustic_056-050-050,string_acoustic_056-050-050,/root/autodl-tmp/tokenizer-eval/data/nsynth/nsynth-test/audio/string_acoustic_056-050-050.wav,436,string_acoustic_056,8,string,0,acoustic,50,50,16000,fast_decay|reverb
vocal_synthetic_003-022-100,vocal_synthetic_003-022-100,/root/autodl-tmp/tokenizer-eval/data/nsynth/nsynth-test/audio/vocal_synthetic_003-022-100.wav,37,vocal_synthetic_003,10,vocal,2,synthetic,22,100,16000,bright|distortion|long_release|nonlinear_env
string_acoustic_057-087-050,string_acoustic_057-087-050,/root/autodl-tmp/tokenizer-eval/data/nsynth/nsynth-test/audio/string_acoustic_057-087-050.wav,450,string_acoustic_057,8,string,0,acoustic,87,50,16000,bright|nonlinear_env|reverb
bass_electronic_018-029-075,bass_electronic_018-029-075,/root/autodl-tmp/tokenizer-eval/data/nsynth/nsynth-test/audio/bass_electronic_018-029-075.wav,759,bass_electronic_018,0,bass,1,electronic,29,75,16000,
organ_electronic_057-053-025,organ_electronic_057-053-025,/root/autodl-tmp/tokenizer-eval/data/nsynth/nsynth-test/audio/organ_electronic_057-053-025.wav,701,organ_electronic_057,6,organ,1,electronic,53,25,16000,dark
reed_acoustic_023-040-050,reed_acoustic_023-040-050,/root/autodl-tmp/tokenizer-eval/data/nsynth/nsynth-test/audio/reed_acoustic_023-040-050.wav,224,reed_acoustic_023,7,reed,0,acoustic,40,50,16000,bright|fast_decay|multiphonic|nonlinear_env
guitar_acoustic_010-022-075,guitar_acoustic_010-022-075,/root/autodl-tmp/tokenizer-eval/data/nsynth/nsynth-test/audio/guitar_acoustic_010-022-075.wav,219,guitar_acoustic_010,3,guitar,0,acoustic,22,75,16000,
reed_acoustic_011-038-127,reed_acoustic_011-038-127,/root/autodl-tmp/tokenizer-eval/data/nsynth/nsynth-test/audio/reed_acoustic_011-038-127.wav,104,reed_acoustic_011,7,reed,0,acoustic,38,127,16000,bright
keyboard_electronic_003-086-075,keyboard_electronic_003-086-075,/root/autodl-tmp/tokenizer-eval/data/nsynth/nsynth-test/audio/keyboard_electronic_003-086-075.wav,65,keyboard_electronic_003,4,keyboard,1,electronic,86,75,16000,
guitar_acoustic_010-090-025,guitar_acoustic_010-090-025,/root/autodl-tmp/tokenizer-eval/data/nsynth/nsynth-test/audio/guitar_acoustic_010-090-025.wav,219,guitar_acoustic_010,3,guitar,0,acoustic,90,25,16000,
bass_synthetic_009-080-025,bass_synthetic_009-080-025,/root/autodl-tmp/tokenizer-eval/data/nsynth/nsynth-test/audio/bass_synthetic_009-080-025.wav,150,bass_synthetic_009,0,bass,2,synthetic,80,25,16000,bright|distortion|long_release
guitar_acoustic_010-029-100,guitar_acoustic_010-029-100,/root/autodl-tmp/tokenizer-eval/data/nsynth/nsynth-test/audio/guitar_acoustic_010-029-100.wav,219,guitar_acoustic_010,3,guitar,0,acoustic,29,100,16000,
keyboard_acoustic_004-103-025,keyboard_acoustic_004-103-025,/root/autodl-tmp/tokenizer-eval/data/nsynth/nsynth-test/audio/keyboard_acoustic_004-103-025.wav,327,keyboard_acoustic_004,4,keyboard,0,acoustic,103,25,16000,reverb
flute_acoustic_002-105-100,flute_acoustic_002-105-100,/root/autodl-tmp/tokenizer-eval/data/nsynth/nsynth-test/audio/flute_acoustic_002-105-100.wav,86,flute_acoustic_002,2,flute,0,acoustic,105,100,16000,bright|reverb
flute_synthetic_000-090-127,flute_synthetic_000-090-127,/root/autodl-tmp/tokenizer-eval/data/nsynth/nsynth-test/audio/flute_synthetic_000-090-127.wav,82,flute_synthetic_000,2,flute,2,synthetic,90,127,16000,distortion
organ_electronic_113-053-050,organ_electronic_113-053-050,/root/autodl-tmp/tokenizer-eval/data/nsynth/nsynth-test/audio/organ_electronic_113-053-050.wav,958,organ_electronic_113,6,organ,1,electronic,53,50,16000,dark
string_acoustic_080-050-075,string_acoustic_080-050-075,/root/autodl-tmp/tokenizer-eval/data/nsynth/nsynth-test/audio/string_acoustic_080-050-075.wav,675,string_acoustic_080,8,string,0,acoustic,50,75,16000,reverb
organ_electronic_001-036-050,organ_electronic_001-036-050,/root/autodl-tmp/tokenizer-eval/data/nsynth/nsynth-test/audio/organ_electronic_001-036-050.wav,8,organ_electronic_001,6,organ,1,electronic,36,50,16000,dark
guitar_acoustic_030-048-050,guitar_acoustic_030-048-050,/root/autodl-tmp/tokenizer-eval/data/nsynth/nsynth-test/audio/guitar_acoustic_030-048-050.wav,642,guitar_acoustic_030,3,guitar,0,acoustic,48,50,16000,tempo-synced
guitar_acoustic_010-050-100,guitar_acoustic_010-050-100,/root/autodl-tmp/tokenizer-eval/data/nsynth/nsynth-test/audio/guitar_acoustic_010-050-100.wav,219,guitar_acoustic_010,3,guitar,0,acoustic,50,100,16000,
string_acoustic_056-067-127,string_acoustic_056-067-127,/root/autodl-tmp/tokenizer-eval/data/nsynth/nsynth-test/audio/string_acoustic_056-067-127.wav,436,string_acoustic_056,8,string,0,acoustic,67,127,16000,fast_decay|percussive|reverb
organ_electronic_028-052-050,organ_electronic_028-052-050,/root/autodl-tmp/tokenizer-eval/data/nsynth/nsynth-test/audio/organ_electronic_028-052-050.wav,440,organ_electronic_028,6,organ,1,electronic,52,50,16000,dark
bass_synthetic_098-049-127,bass_synthetic_098-049-127,/root/autodl-tmp/tokenizer-eval/data/nsynth/nsynth-test/audio/bass_synthetic_098-049-127.wav,803,bass_synthetic_098,0,bass,2,synthetic,49,127,16000,distortion
bass_synthetic_098-066-075,bass_synthetic_098-066-075,/root/autodl-tmp/tokenizer-eval/data/nsynth/nsynth-test/audio/bass_synthetic_098-066-075.wav,803,bass_synthetic_098,0,bass,2,synthetic,66,75,16000,
reed_acoustic_023-039-127,reed_acoustic_023-039-127,/root/autodl-tmp/tokenizer-eval/data/nsynth/nsynth-test/audio/reed_acoustic_023-039-127.wav,224,reed_acoustic_023,7,reed,0,acoustic,39,127,16000,bright|fast_decay|multiphonic|nonlinear_env
bass_synthetic_033-042-025,bass_synthetic_033-042-025,/root/autodl-tmp/tokenizer-eval/data/nsynth/nsynth-test/audio/bass_synthetic_033-042-025.wav,417,bass_synthetic_033,0,bass,2,synthetic,42,25,16000,dark
string_acoustic_057-063-127,string_acoustic_057-063-127,/root/autodl-tmp/tokenizer-eval/data/nsynth/nsynth-test/audio/string_acoustic_057-063-127.wav,450,string_acoustic_057,8,string,0,acoustic,63,127,16000,bright|nonlinear_env|reverb
bass_synthetic_033-057-075,bass_synthetic_033-057-075,/root/autodl-tmp/tokenizer-eval/data/nsynth/nsynth-test/audio/bass_synthetic_033-057-075.wav,417,bass_synthetic_033,0,bass,2,synthetic,57,75,16000,dark
organ_electronic_057-072-100,organ_electronic_057-072-100,/root/autodl-tmp/tokenizer-eval/data/nsynth/nsynth-test/audio/organ_electronic_057-072-100.wav,701,organ_electronic_057,6,organ,1,electronic,72,100,16000,
bass_synthetic_034-035-075,bass_synthetic_034-035-075,/root/autodl-tmp/tokenizer-eval/data/nsynth/nsynth-test/audio/bass_synthetic_034-035-075.wav,420,bass_synthetic_034,0,bass,2,synthetic,35,75,16000,distortion|tempo-synced
flute_acoustic_002-101-127,flute_acoustic_002-101-127,/root/autodl-tmp/tokenizer-eval/data/nsynth/nsynth-test/audio/flute_acoustic_002-101-127.wav,86,flute_acoustic_002,2,flute,0,acoustic,101,127,16000,bright|reverb
guitar_electronic_028-035-050,guitar_electronic_028-035-050,/root/autodl-tmp/tokenizer-eval/data/nsynth/nsynth-test/audio/guitar_electronic_028-035-050.wav,510,guitar_electronic_028,3,guitar,1,electronic,35,50,16000,dark
string_acoustic_012-054-050,string_acoustic_012-054-050,/root/autodl-tmp/tokenizer-eval/data/nsynth/nsynth-test/audio/string_acoustic_012-054-050.wav,97,string_acoustic_012,8,string,0,acoustic,54,50,16000,reverb
guitar_electronic_022-026-050,guitar_electronic_022-026-050,/root/autodl-tmp/tokenizer-eval/data/nsynth/nsynth-test/audio/guitar_electronic_022-026-050.wav,378,guitar_electronic_022,3,guitar,1,electronic,26,50,16000,dark
organ_electronic_104-058-127,organ_electronic_104-058-127,/root/autodl-tmp/tokenizer-eval/data/nsynth/nsynth-test/audio/organ_electronic_104-058-127.wav,921,organ_electronic_104,6,organ,1,electronic,58,127,16000,
organ_electronic_007-043-050,organ_electronic_007-043-050,/root/autodl-tmp/tokenizer-eval/data/nsynth/nsynth-test/audio/organ_electronic_007-043-050.wav,123,organ_electronic_007,6,organ,1,electronic,43,50,16000,distortion|long_release|nonlinear_env
bass_electronic_025-045-075,bass_electronic_025-045-075,/root/autodl-tmp/tokenizer-eval/data/nsynth/nsynth-test/audio/bass_electronic_025-045-075.wav,872,bass_electronic_025,0,bass,1,electronic,45,75,16000,
reed_acoustic_018-084-075,reed_acoustic_018-084-075,/root/autodl-tmp/tokenizer-eval/data/nsynth/nsynth-test/audio/reed_acoustic_018-084-075.wav,183,reed_acoustic_018,7,reed,0,acoustic,84,75,16000,
organ_electronic_001-055-100,organ_electronic_001-055-100,/root/autodl-tmp/tokenizer-eval/data/nsynth/nsynth-test/audio/organ_electronic_001-055-100.wav,8,organ_electronic_001,6,organ,1,electronic,55,100,16000,dark
string_acoustic_071-052-075,string_acoustic_071-052-075,/root/autodl-tmp/tokenizer-eval/data/nsynth/nsynth-test/audio/string_acoustic_071-052-075.wav,609,string_acoustic_071,8,string,0,acoustic,52,75,16000,long_release|reverb
mallet_acoustic_047-081-050,mallet_acoustic_047-081-050,/root/autodl-tmp/tokenizer-eval/data/nsynth/nsynth-test/audio/mallet_acoustic_047-081-050.wav,488,mallet_acoustic_047,5,mallet,0,acoustic,81,50,16000,fast_decay|percussive|reverb
flute_synthetic_000-040-025,flute_synthetic_000-040-025,/root/autodl-tmp/tokenizer-eval/data/nsynth/nsynth-test/audio/flute_synthetic_000-040-025.wav,82,flute_synthetic_000,2,flute,2,synthetic,40,25,16000,distortion
keyboard_electronic_003-056-127,keyboard_electronic_003-056-127,/root/autodl-tmp/tokenizer-eval/data/nsynth/nsynth-test/audio/keyboard_electronic_003-056-127.wav,65,keyboard_electronic_003,4,keyboard,1,electronic,56,127,16000,
flute_synthetic_000-072-025,flute_synthetic_000-072-025,/root/autodl-tmp/tokenizer-eval/data/nsynth/nsynth-test/audio/flute_synthetic_000-072-025.wav,82,flute_synthetic_000,2,flute,2,synthetic,72,25,16000,distortion
brass_acoustic_015-056-075,brass_acoustic_015-056-075,/root/autodl-tmp/tokenizer-eval/data/nsynth/nsynth-test/audio/brass_acoustic_015-056-075.wav,121,brass_acoustic_015,1,brass,0,acoustic,56,75,16000,reverb
bass_synthetic_098-106-100,bass_synthetic_098-106-100,/root/autodl-tmp/tokenizer-eval/data/nsynth/nsynth-test/audio/bass_synthetic_098-106-100.wav,803,bass_synthetic_098,0,bass,2,synthetic,106,100,16000,
string_acoustic_014-064-050,string_acoustic_014-064-050,/root/autodl-tmp/tokenizer-eval/data/nsynth/nsynth-test/audio/string_acoustic_014-064-050.wav,100,string_acoustic_014,8,string,0,acoustic,64,50,16000,fast_decay|percussive|reverb
bass_electronic_025-061-127,bass_electronic_025-061-127,/root/autodl-tmp/tokenizer-eval/data/nsynth/nsynth-test/audio/bass_electronic_025-061-127.wav,872,bass_electronic_025,0,bass,1,electronic,61,127,16000,fast_decay
mallet_acoustic_062-048-050,mallet_acoustic_062-048-050,/root/autodl-tmp/tokenizer-eval/data/nsynth/nsynth-test/audio/mallet_acoustic_062-048-050.wav,644,mallet_acoustic_062,5,mallet,0,acoustic,48,50,16000,dark|multiphonic
flute_synthetic_000-053-127,flute_synthetic_000-053-127,/root/autodl-tmp/tokenizer-eval/data/nsynth/nsynth-test/audio/flute_synthetic_000-053-127.wav,82,flute_synthetic_000,2,flute,2,synthetic,53,127,16000,distortion
bass_electronic_025-051-075,bass_electronic_025-051-075,/root/autodl-tmp/tokenizer-eval/data/nsynth/nsynth-test/audio/bass_electronic_025-051-075.wav,872,bass_electronic_025,0,bass,1,electronic,51,75,16000,
string_acoustic_057-090-100,string_acoustic_057-090-100,/root/autodl-tmp/tokenizer-eval/data/nsynth/nsynth-test/audio/string_acoustic_057-090-100.wav,450,string_acoustic_057,8,string,0,acoustic,90,100,16000,nonlinear_env|reverb
reed_acoustic_023-093-100,reed_acoustic_023-093-100,/root/autodl-tmp/tokenizer-eval/data/nsynth/nsynth-test/audio/reed_acoustic_023-093-100.wav,224,reed_acoustic_023,7,reed,0,acoustic,93,100,16000,fast_decay|multiphonic|nonlinear_env
keyboard_electronic_002-037-127,keyboard_electronic_002-037-127,/root/autodl-tmp/tokenizer-eval/data/nsynth/nsynth-test/audio/keyboard_electronic_002-037-127.wav,50,keyboard_electronic_002,4,keyboard,1,electronic,37,127,16000,distortion
mallet_acoustic_062-026-075,mallet_acoustic_062-026-075,/root/autodl-tmp/tokenizer-eval/data/nsynth/nsynth-test/audio/mallet_acoustic_062-026-075.wav,644,mallet_acoustic_062,5,mallet,0,acoustic,26,75,16000,dark|long_release|multiphonic
vocal_synthetic_003-032-127,vocal_synthetic_003-032-127,/root/autodl-tmp/tokenizer-eval/data/nsynth/nsynth-test/audio/vocal_synthetic_003-032-127.wav,37,vocal_synthetic_003,10,vocal,2,synthetic,32,127,16000,bright|distortion|long_release|nonlinear_env
bass_synthetic_009-020-075,bass_synthetic_009-020-075,/root/autodl-tmp/tokenizer-eval/data/nsynth/nsynth-test/audio/bass_synthetic_009-020-075.wav,150,bass_synthetic_009,0,bass,2,synthetic,20,75,16000,bright|distortion|long_release
vocal_synthetic_003-097-075,vocal_synthetic_003-097-075,/root/autodl-tmp/tokenizer-eval/data/nsynth/nsynth-test/audio/vocal_synthetic_003-097-075.wav,37,vocal_synthetic_003,10,vocal,2,synthetic,97,75,16000,distortion|long_release|nonlinear_env
guitar_electronic_022-032-127,guitar_electronic_022-032-127,/root/autodl-tmp/tokenizer-eval/data/nsynth/nsynth-test/audio/guitar_electronic_022-032-127.wav,378,guitar_electronic_022,3,guitar,1,electronic,32,127,16000,dark
bass_synthetic_098-084-050,bass_synthetic_098-084-050,/root/autodl-tmp/tokenizer-eval/data/nsynth/nsynth-test/audio/bass_synthetic_098-084-050.wav,803,bass_synthetic_098,0,bass,2,synthetic,84,50,16000,
organ_electronic_028-074-075,organ_electronic_028-074-075,/root/autodl-tmp/tokenizer-eval/data/nsynth/nsynth-test/audio/organ_electronic_028-074-075.wav,440,organ_electronic_028,6,organ,1,electronic,74,75,16000,dark
bass_synthetic_009-045-025,bass_synthetic_009-045-025,/root/autodl-tmp/tokenizer-eval/data/nsynth/nsynth-test/audio/bass_synthetic_009-045-025.wav,150,bass_synthetic_009,0,bass,2,synthetic,45,25,16000,bright|distortion|long_release
reed_acoustic_023-077-025,reed_acoustic_023-077-025,/root/autodl-tmp/tokenizer-eval/data/nsynth/nsynth-test/audio/reed_acoustic_023-077-025.wav,224,reed_acoustic_023,7,reed,0,acoustic,77,25,16000,bright|fast_decay|multiphonic|nonlinear_env
guitar_acoustic_010-063-025,guitar_acoustic_010-063-025,/root/autodl-tmp/tokenizer-eval/data/nsynth/nsynth-test/audio/guitar_acoustic_010-063-025.wav,219,guitar_acoustic_010,3,guitar,0,acoustic,63,25,16000,
organ_electronic_057-064-050,organ_electronic_057-064-050,/root/autodl-tmp/tokenizer-eval/data/nsynth/nsynth-test/audio/organ_electronic_057-064-050.wav,701,organ_electronic_057,6,organ,1,electronic,64,50,16000,
flute_acoustic_002-093-100,flute_acoustic_002-093-100,/root/autodl-tmp/tokenizer-eval/data/nsynth/nsynth-test/audio/flute_acoustic_002-093-100.wav,86,flute_acoustic_002,2,flute,0,acoustic,93,100,16000,reverb
organ_electronic_104-078-127,organ_electronic_104-078-127,/root/autodl-tmp/tokenizer-eval/data/nsynth/nsynth-test/audio/organ_electronic_104-078-127.wav,921,organ_electronic_104,6,organ,1,electronic,78,127,16000,
guitar_acoustic_014-052-025,guitar_acoustic_014-052-025,/root/autodl-tmp/tokenizer-eval/data/nsynth/nsynth-test/audio/guitar_acoustic_014-052-025.wav,263,guitar_acoustic_014,3,guitar,0,acoustic,52,25,16000,
organ_electronic_057-036-050,organ_electronic_057-036-050,/root/autodl-tmp/tokenizer-eval/data/nsynth/nsynth-test/audio/organ_electronic_057-036-050.wav,701,organ_electronic_057,6,organ,1,electronic,36,50,16000,dark
mallet_acoustic_056-070-050,mallet_acoustic_056-070-050,/root/autodl-tmp/tokenizer-eval/data/nsynth/nsynth-test/audio/mallet_acoustic_056-070-050.wav,590,mallet_acoustic_056,5,mallet,0,acoustic,70,50,16000,fast_decay|percussive
brass_acoustic_006-030-100,brass_acoustic_006-030-100,/root/autodl-tmp/tokenizer-eval/data/nsynth/nsynth-test/audio/brass_acoustic_006-030-100.wav,43,brass_acoustic_006,1,brass,0,acoustic,30,100,16000,reverb
keyboard_electronic_098-069-100,keyboard_electronic_098-069-100,/root/autodl-tmp/tokenizer-eval/data/nsynth/nsynth-test/audio/keyboard_electronic_098-069-100.wav,905,keyboard_electronic_098,4,keyboard,1,electronic,69,100,16000,
organ_electronic_028-045-075,organ_electronic_028-045-075,/root/autodl-tmp/tokenizer-eval/data/nsynth/nsynth-test/audio/organ_electronic_028-045-075.wav,440,organ_electronic_028,6,organ,1,electronic,45,75,16000,dark
brass_acoustic_046-095-100,brass_acoustic_046-095-100,/root/autodl-tmp/tokenizer-eval/data/nsynth/nsynth-test/audio/brass_acoustic_046-095-100.wav,414,brass_acoustic_046,1,brass,0,acoustic,95,100,16000,long_release
bass_synthetic_135-093-100,bass_synthetic_135-093-100,/root/autodl-tmp/tokenizer-eval/data/nsynth/nsynth-test/audio/bass_synthetic_135-093-100.wav,927,bass_synthetic_135,0,bass,2,synthetic,93,100,16000,distortion
keyboard_electronic_002-081-100,keyboard_electronic_002-081-100,/root/autodl-tmp/tokenizer-eval/data/nsynth/nsynth-test/audio/keyboard_electronic_002-081-100.wav,50,keyboard_electronic_002,4,keyboard,1,electronic,81,100,16000,distortion|fast_decay
bass_synthetic_068-059-100,bass_synthetic_068-059-100,/root/autodl-tmp/tokenizer-eval/data/nsynth/nsynth-test/audio/bass_synthetic_068-059-100.wav,656,bass_synthetic_068,0,bass,2,synthetic,59,100,16000,dark
guitar_electronic_022-026-100,guitar_electronic_022-026-100,/root/autodl-tmp/tokenizer-eval/data/nsynth/nsynth-test/audio/guitar_electronic_022-026-100.wav,378,guitar_electronic_022,3,guitar,1,electronic,26,100,16000,dark
string_acoustic_014-052-127,string_acoustic_014-052-127,/root/autodl-tmp/tokenizer-eval/data/nsynth/nsynth-test/audio/string_acoustic_014-052-127.wav,100,string_acoustic_014,8,string,0,acoustic,52,127,16000,dark|reverb
string_acoustic_012-040-127,string_acoustic_012-040-127,/root/autodl-tmp/tokenizer-eval/data/nsynth/nsynth-test/audio/string_acoustic_012-040-127.wav,97,string_acoustic_012,8,string,0,acoustic,40,127,16000,long_release|reverb
vocal_synthetic_003-047-050,vocal_synthetic_003-047-050,/root/autodl-tmp/tokenizer-eval/data/nsynth/nsynth-test/audio/vocal_synthetic_003-047-050.wav,37,vocal_synthetic_003,10,vocal,2,synthetic,47,50,16000,distortion|long_release|nonlinear_env
guitar_electronic_028-055-050,guitar_electronic_028-055-050,/root/autodl-tmp/tokenizer-eval/data/nsynth/nsynth-test/audio/guitar_electronic_028-055-050.wav,510,guitar_electronic_028,3,guitar,1,electronic,55,50,16000,dark
string_acoustic_014-040-050,string_acoustic_014-040-050,/root/autodl-tmp/tokenizer-eval/data/nsynth/nsynth-test/audio/string_acoustic_014-040-050.wav,100,string_acoustic_014,8,string,0,acoustic,40,50,16000,dark|reverb
brass_acoustic_016-068-127,brass_acoustic_016-068-127,/root/autodl-tmp/tokenizer-eval/data/nsynth/nsynth-test/audio/brass_acoustic_016-068-127.wav,128,brass_acoustic_016,1,brass,0,acoustic,68,127,16000,bright
bass_synthetic_135-063-050,bass_synthetic_135-063-050,/root/autodl-tmp/tokenizer-eval/data/nsynth/nsynth-test/audio/bass_synthetic_135-063-050.wav,927,bass_synthetic_135,0,bass,2,synthetic,63,50,16000,distortion
brass_acoustic_059-043-127,brass_acoustic_059-043-127,/root/autodl-tmp/tokenizer-eval/data/nsynth/nsynth-test/audio/brass_acoustic_059-043-127.wav,572,brass_acoustic_059,1,brass,0,acoustic,43,127,16000,reverb
guitar_acoustic_010-057-025,guitar_acoustic_010-057-025,/root/autodl-tmp/tokenizer-eval/data/nsynth/nsynth-test/audio/guitar_acoustic_010-057-025.wav,219,guitar_acoustic_010,3,guitar,0,acoustic,57,25,16000,
string_acoustic_056-047-075,string_acoustic_056-047-075,/root/autodl-tmp/tokenizer-eval/data/nsynth/nsynth-test/audio/string_acoustic_056-047-075.wav,436,string_acoustic_056,8,string,0,acoustic,47,75,16000,fast_decay|reverb
brass_acoustic_006-061-100,brass_acoustic_006-061-100,/root/autodl-tmp/tokenizer-eval/data/nsynth/nsynth-test/audio/brass_acoustic_006-061-100.wav,43,brass_acoustic_006,1,brass,0,acoustic,61,100,16000,reverb
organ_electronic_057-070-025,organ_electronic_057-070-025,/root/autodl-tmp/tokenizer-eval/data/nsynth/nsynth-test/audio/organ_electronic_057-070-025.wav,701,organ_electronic_057,6,organ,1,electronic,70,25,16000,
mallet_acoustic_062-049-127,mallet_acoustic_062-049-127,/root/autodl-tmp/tokenizer-eval/data/nsynth/nsynth-test/audio/mallet_acoustic_062-049-127.wav,644,mallet_acoustic_062,5,mallet,0,acoustic,49,127,16000,dark|long_release|multiphonic
reed_acoustic_011-067-127,reed_acoustic_011-067-127,/root/autodl-tmp/tokenizer-eval/data/nsynth/nsynth-test/audio/reed_acoustic_011-067-127.wav,104,reed_acoustic_011,7,reed,0,acoustic,67,127,16000,
vocal_acoustic_000-064-075,vocal_acoustic_000-064-075,/root/autodl-tmp/tokenizer-eval/data/nsynth/nsynth-test/audio/vocal_acoustic_000-064-075.wav,46,vocal_acoustic_000,10,vocal,0,acoustic,64,75,16000,reverb
keyboard_electronic_003-036-100,keyboard_electronic_003-036-100,/root/autodl-tmp/tokenizer-eval/data/nsynth/nsynth-test/audio/keyboard_electronic_003-036-100.wav,65,keyboard_electronic_003,4,keyboard,1,electronic,36,100,16000,distortion
keyboard_electronic_003-074-075,keyboard_electronic_003-074-075,/root/autodl-tmp/tokenizer-eval/data/nsynth/nsynth-test/audio/keyboard_electronic_003-074-075.wav,65,keyboard_electronic_003,4,keyboard,1,electronic,74,75,16000,
brass_acoustic_046-101-050,brass_acoustic_046-101-050,/root/autodl-tmp/tokenizer-eval/data/nsynth/nsynth-test/audio/brass_acoustic_046-101-050.wav,414,brass_acoustic_046,1,brass,0,acoustic,101,50,16000,long_release
organ_electronic_104-065-050,organ_electronic_104-065-050,/root/autodl-tmp/tokenizer-eval/data/nsynth/nsynth-test/audio/organ_electronic_104-065-050.wav,921,organ_electronic_104,6,organ,1,electronic,65,50,16000,
guitar_acoustic_021-085-050,guitar_acoustic_021-085-050,/root/autodl-tmp/tokenizer-eval/data/nsynth/nsynth-test/audio/guitar_acoustic_021-085-050.wav,457,guitar_acoustic_021,3,guitar,0,acoustic,85,50,16000,fast_decay|percussive
bass_synthetic_068-051-025,bass_synthetic_068-051-025,/root/autodl-tmp/tokenizer-eval/data/nsynth/nsynth-test/audio/bass_synthetic_068-051-025.wav,656,bass_synthetic_068,0,bass,2,synthetic,51,25,16000,dark
brass_acoustic_006-079-127,brass_acoustic_006-079-127,/root/autodl-tmp/tokenizer-eval/data/nsynth/nsynth-test/audio/brass_acoustic_006-079-127.wav,43,brass_acoustic_006,1,brass,0,acoustic,79,127,16000,reverb
mallet_acoustic_062-106-127,mallet_acoustic_062-106-127,/root/autodl-tmp/tokenizer-eval/data/nsynth/nsynth-test/audio/mallet_acoustic_062-106-127.wav,644,mallet_acoustic_062,5,mallet,0,acoustic,106,127,16000,bright|multiphonic
string_acoustic_080-049-127,string_acoustic_080-049-127,/root/autodl-tmp/tokenizer-eval/data/nsynth/nsynth-test/audio/string_acoustic_080-049-127.wav,675,string_acoustic_080,8,string,0,acoustic,49,127,16000,long_release|reverb
organ_electronic_007-071-075,organ_electronic_007-071-075,/root/autodl-tmp/tokenizer-eval/data/nsynth/nsynth-test/audio/organ_electronic_007-071-075.wav,123,organ_electronic_007,6,organ,1,electronic,71,75,16000,distortion|long_release|nonlinear_env
string_acoustic_012-044-025,string_acoustic_012-044-025,/root/autodl-tmp/tokenizer-eval/data/nsynth/nsynth-test/audio/string_acoustic_012-044-025.wav,97,string_acoustic_012,8,string,0,acoustic,44,25,16000,long_release|reverb
organ_electronic_007-074-025,organ_electronic_007-074-025,/root/autodl-tmp/tokenizer-eval/data/nsynth/nsynth-test/audio/organ_electronic_007-074-025.wav,123,organ_electronic_007,6,organ,1,electronic,74,25,16000,distortion|long_release|nonlinear_env
string_acoustic_057-069-075,string_acoustic_057-069-075,/root/autodl-tmp/tokenizer-eval/data/nsynth/nsynth-test/audio/string_acoustic_057-069-075.wav,450,string_acoustic_057,8,string,0,acoustic,69,75,16000,bright|nonlinear_env|reverb
keyboard_electronic_003-063-025,keyboard_electronic_003-063-025,/root/autodl-tmp/tokenizer-eval/data/nsynth/nsynth-test/audio/keyboard_electronic_003-063-025.wav,65,keyboard_electronic_003,4,keyboard,1,electronic,63,25,16000,
flute_synthetic_000-034-075,flute_synthetic_000-034-075,/root/autodl-tmp/tokenizer-eval/data/nsynth/nsynth-test/audio/flute_synthetic_000-034-075.wav,82,flute_synthetic_000,2,flute,2,synthetic,34,75,16000,distortion
organ_electronic_113-081-127,organ_electronic_113-081-127,/root/autodl-tmp/tokenizer-eval/data/nsynth/nsynth-test/audio/organ_electronic_113-081-127.wav,958,organ_electronic_113,6,organ,1,electronic,81,127,16000,
organ_electronic_113-072-100,organ_electronic_113-072-100,/root/autodl-tmp/tokenizer-eval/data/nsynth/nsynth-test/audio/organ_electronic_113-072-100.wav,958,organ_electronic_113,6,organ,1,electronic,72,100,16000,
vocal_synthetic_003-094-127,vocal_synthetic_003-094-127,/root/autodl-tmp/tokenizer-eval/data/nsynth/nsynth-test/audio/vocal_synthetic_003-094-127.wav,37,vocal_synthetic_003,10,vocal,2,synthetic,94,127,16000,bright|distortion|long_release|nonlinear_env
guitar_acoustic_015-064-127,guitar_acoustic_015-064-127,/root/autodl-tmp/tokenizer-eval/data/nsynth/nsynth-test/audio/guitar_acoustic_015-064-127.wav,316,guitar_acoustic_015,3,guitar,0,acoustic,64,127,16000,reverb
guitar_acoustic_015-068-127,guitar_acoustic_015-068-127,/root/autodl-tmp/tokenizer-eval/data/nsynth/nsynth-test/audio/guitar_acoustic_015-068-127.wav,316,guitar_acoustic_015,3,guitar,0,acoustic,68,127,16000,reverb
bass_synthetic_134-060-050,bass_synthetic_134-060-050,/root/autodl-tmp/tokenizer-eval/data/nsynth/nsynth-test/audio/bass_synthetic_134-060-050.wav,914,bass_synthetic_134,0,bass,2,synthetic,60,50,16000,dark|reverb
brass_acoustic_006-047-100,brass_acoustic_006-047-100,/root/autodl-tmp/tokenizer-eval/data/nsynth/nsynth-test/audio/brass_acoustic_006-047-100.wav,43,brass_acoustic_006,1,brass,0,acoustic,47,100,16000,long_release|reverb
string_acoustic_057-067-100,string_acoustic_057-067-100,/root/autodl-tmp/tokenizer-eval/data/nsynth/nsynth-test/audio/string_acoustic_057-067-100.wav,450,string_acoustic_057,8,string,0,acoustic,67,100,16000,bright|nonlinear_env|reverb
bass_synthetic_135-061-025,bass_synthetic_135-061-025,/root/autodl-tmp/tokenizer-eval/data/nsynth/nsynth-test/audio/bass_synthetic_135-061-025.wav,927,bass_synthetic_135,0,bass,2,synthetic,61,25,16000,distortion
string_acoustic_057-086-127,string_acoustic_057-086-127,/root/autodl-tmp/tokenizer-eval/data/nsynth/nsynth-test/audio/string_acoustic_057-086-127.wav,450,string_acoustic_057,8,string,0,acoustic,86,127,16000,nonlinear_env|reverb
guitar_acoustic_010-031-100,guitar_acoustic_010-031-100,/root/autodl-tmp/tokenizer-eval/data/nsynth/nsynth-test/audio/guitar_acoustic_010-031-100.wav,219,guitar_acoustic_010,3,guitar,0,acoustic,31,100,16000,
organ_electronic_001-059-075,organ_electronic_001-059-075,/root/autodl-tmp/tokenizer-eval/data/nsynth/nsynth-test/audio/organ_electronic_001-059-075.wav,8,organ_electronic_001,6,organ,1,electronic,59,75,16000,dark
brass_acoustic_046-058-075,brass_acoustic_046-058-075,/root/autodl-tmp/tokenizer-eval/data/nsynth/nsynth-test/audio/brass_acoustic_046-058-075.wav,414,brass_acoustic_046,1,brass,0,acoustic,58,75,16000,bright
mallet_acoustic_062-054-100,mallet_acoustic_062-054-100,/root/autodl-tmp/tokenizer-eval/data/nsynth/nsynth-test/audio/mallet_acoustic_062-054-100.wav,644,mallet_acoustic_062,5,mallet,0,acoustic,54,100,16000,dark|multiphonic
mallet_acoustic_062-086-127,mallet_acoustic_062-086-127,/root/autodl-tmp/tokenizer-eval/data/nsynth/nsynth-test/audio/mallet_acoustic_062-086-127.wav,644,mallet_acoustic_062,5,mallet,0,acoustic,86,127,16000,multiphonic
flute_synthetic_000-047-075,flute_synthetic_000-047-075,/root/autodl-tmp/tokenizer-eval/data/nsynth/nsynth-test/audio/flute_synthetic_000-047-075.wav,82,flute_synthetic_000,2,flute,2,synthetic,47,75,16000,distortion
string_acoustic_056-061-100,string_acoustic_056-061-100,/root/autodl-tmp/tokenizer-eval/data/nsynth/nsynth-test/audio/string_acoustic_056-061-100.wav,436,string_acoustic_056,8,string,0,acoustic,61,100,16000,fast_decay|reverb
brass_acoustic_006-042-075,brass_acoustic_006-042-075,/root/autodl-tmp/tokenizer-eval/data/nsynth/nsynth-test/audio/brass_acoustic_006-042-075.wav,43,brass_acoustic_006,1,brass,0,acoustic,42,75,16000,reverb
keyboard_electronic_002-090-075,keyboard_electronic_002-090-075,/root/autodl-tmp/tokenizer-eval/data/nsynth/nsynth-test/audio/keyboard_electronic_002-090-075.wav,50,keyboard_electronic_002,4,keyboard,1,electronic,90,75,16000,fast_decay|percussive
vocal_acoustic_000-059-100,vocal_acoustic_000-059-100,/root/autodl-tmp/tokenizer-eval/data/nsynth/nsynth-test/audio/vocal_acoustic_000-059-100.wav,46,vocal_acoustic_000,10,vocal,0,acoustic,59,100,16000,reverb
bass_synthetic_135-088-025,bass_synthetic_135-088-025,/root/autodl-tmp/tokenizer-eval/data/nsynth/nsynth-test/audio/bass_synthetic_135-088-025.wav,927,bass_synthetic_135,0,bass,2,synthetic,88,25,16000,distortion
brass_acoustic_015-068-075,brass_acoustic_015-068-075,/root/autodl-tmp/tokenizer-eval/data/nsynth/nsynth-test/audio/brass_acoustic_015-068-075.wav,121,brass_acoustic_015,1,brass,0,acoustic,68,75,16000,reverb
bass_electronic_025-050-025,bass_electronic_025-050-025,/root/autodl-tmp/tokenizer-eval/data/nsynth/nsynth-test/audio/bass_electronic_025-050-025.wav,872,bass_electronic_025,0,bass,1,electronic,50,25,16000,
reed_acoustic_037-054-025,reed_acoustic_037-054-025,/root/autodl-tmp/tokenizer-eval/data/nsynth/nsynth-test/audio/reed_acoustic_037-054-025.wav,387,reed_acoustic_037,7,reed,0,acoustic,54,25,16000,reverb
mallet_acoustic_062-083-050,mallet_acoustic_062-083-050,/root/autodl-tmp/tokenizer-eval/data/nsynth/nsynth-test/audio/mallet_acoustic_062-083-050.wav,644,mallet_acoustic_062,5,mallet,0,acoustic,83,50,16000,fast_decay|multiphonic
vocal_synthetic_003-090-075,vocal_synthetic_003-090-075,/root/autodl-tmp/tokenizer-eval/data/nsynth/nsynth-test/audio/vocal_synthetic_003-090-075.wav,37,vocal_synthetic_003,10,vocal,2,synthetic,90,75,16000,long_release|nonlinear_env
bass_synthetic_098-068-050,bass_synthetic_098-068-050,/root/autodl-tmp/tokenizer-eval/data/nsynth/nsynth-test/audio/bass_synthetic_098-068-050.wav,803,bass_synthetic_098,0,bass,2,synthetic,68,50,16000,
brass_acoustic_046-081-025,brass_acoustic_046-081-025,/root/autodl-tmp/tokenizer-eval/data/nsynth/nsynth-test/audio/brass_acoustic_046-081-025.wav,414,brass_acoustic_046,1,brass,0,acoustic,81,25,16000,
organ_electronic_007-043-100,organ_electronic_007-043-100,/root/autodl-tmp/tokenizer-eval/data/nsynth/nsynth-test/audio/organ_electronic_007-043-100.wav,123,organ_electronic_007,6,organ,1,electronic,43,100,16000,distortion|long_release|nonlinear_env
bass_synthetic_134-047-050,bass_synthetic_134-047-050,/root/autodl-tmp/tokenizer-eval/data/nsynth/nsynth-test/audio/bass_synthetic_134-047-050.wav,914,bass_synthetic_134,0,bass,2,synthetic,47,50,16000,dark|reverb
keyboard_electronic_069-075-075,keyboard_electronic_069-075-075,/root/autodl-tmp/tokenizer-eval/data/nsynth/nsynth-test/audio/keyboard_electronic_069-075-075.wav,805,keyboard_electronic_069,4,keyboard,1,electronic,75,75,16000,distortion
reed_acoustic_037-056-025,reed_acoustic_037-056-025,/root/autodl-tmp/tokenizer-eval/data/nsynth/nsynth-test/audio/reed_acoustic_037-056-025.wav,387,reed_acoustic_037,7,reed,0,acoustic,56,25,16000,reverb
string_acoustic_080-053-050,string_acoustic_080-053-050,/root/autodl-tmp/tokenizer-eval/data/nsynth/nsynth-test/audio/string_acoustic_080-053-050.wav,675,string_acoustic_080,8,string,0,acoustic,53,50,16000,long_release|reverb
guitar_acoustic_010-070-025,guitar_acoustic_010-070-025,/root/autodl-tmp/tokenizer-eval/data/nsynth/nsynth-test/audio/guitar_acoustic_010-070-025.wav,219,guitar_acoustic_010,3,guitar,0,acoustic,70,25,16000,
flute_synthetic_000-096-050,flute_synthetic_000-096-050,/root/autodl-tmp/tokenizer-eval/data/nsynth/nsynth-test/audio/flute_synthetic_000-096-050.wav,82,flute_synthetic_000,2,flute,2,synthetic,96,50,16000,distortion
keyboard_synthetic_000-035-100,keyboard_synthetic_000-035-100,/root/autodl-tmp/tokenizer-eval/data/nsynth/nsynth-test/audio/keyboard_synthetic_000-035-100.wav,577,keyboard_synthetic_000,4,keyboard,2,synthetic,35,100,16000,distortion|fast_decay|nonlinear_env
reed_acoustic_011-045-050,reed_acoustic_011-045-050,/root/autodl-tmp/tokenizer-eval/data/nsynth/nsynth-test/audio/reed_acoustic_011-045-050.wav,104,reed_acoustic_011,7,reed,0,acoustic,45,50,16000,
organ_electronic_028-093-075,organ_electronic_028-093-075,/root/autodl-tmp/tokenizer-eval/data/nsynth/nsynth-test/audio/organ_electronic_028-093-075.wav,440,organ_electronic_028,6,organ,1,electronic,93,75,16000,
reed_acoustic_011-036-100,reed_acoustic_011-036-100,/root/autodl-tmp/tokenizer-eval/data/nsynth/nsynth-test/audio/reed_acoustic_011-036-100.wav,104,reed_acoustic_011,7,reed,0,acoustic,36,100,16000,bright
reed_acoustic_018-064-100,reed_acoustic_018-064-100,/root/autodl-tmp/tokenizer-eval/data/nsynth/nsynth-test/audio/reed_acoustic_018-064-100.wav,183,reed_acoustic_018,7,reed,0,acoustic,64,100,16000,
keyboard_synthetic_000-089-075,keyboard_synthetic_000-089-075,/root/autodl-tmp/tokenizer-eval/data/nsynth/nsynth-test/audio/keyboard_synthetic_000-089-075.wav,577,keyboard_synthetic_000,4,keyboard,2,synthetic,89,75,16000,bright|distortion|fast_decay|nonlinear_env
organ_electronic_057-056-127,organ_electronic_057-056-127,/root/autodl-tmp/tokenizer-eval/data/nsynth/nsynth-test/audio/organ_electronic_057-056-127.wav,701,organ_electronic_057,6,organ,1,electronic,56,127,16000,dark
keyboard_electronic_078-058-050,keyboard_electronic_078-058-050,/root/autodl-tmp/tokenizer-eval/data/nsynth/nsynth-test/audio/keyboard_electronic_078-058-050.wav,838,keyboard_electronic_078,4,keyboard,1,electronic,58,50,16000,bright
vocal_synthetic_003-027-100,vocal_synthetic_003-027-100,/root/autodl-tmp/tokenizer-eval/data/nsynth/nsynth-test/audio/vocal_synthetic_003-027-100.wav,37,vocal_synthetic_003,10,vocal,2,synthetic,27,100,16000,bright|distortion|long_release|nonlinear_env
organ_electronic_028-073-127,organ_electronic_028-073-127,/root/autodl-tmp/tokenizer-eval/data/nsynth/nsynth-test/audio/organ_electronic_028-073-127.wav,440,organ_electronic_028,6,organ,1,electronic,73,127,16000,dark
bass_synthetic_068-080-127,bass_synthetic_068-080-127,/root/autodl-tmp/tokenizer-eval/data/nsynth/nsynth-test/audio/bass_synthetic_068-080-127.wav,656,bass_synthetic_068,0,bass,2,synthetic,80,127,16000,distortion|fast_decay
organ_electronic_028-072-025,organ_electronic_028-072-025,/root/autodl-tmp/tokenizer-eval/data/nsynth/nsynth-test/audio/organ_electronic_028-072-025.wav,440,organ_electronic_028,6,organ,1,electronic,72,25,16000,dark
bass_synthetic_034-034-025,bass_synthetic_034-034-025,/root/autodl-tmp/tokenizer-eval/data/nsynth/nsynth-test/audio/bass_synthetic_034-034-025.wav,420,bass_synthetic_034,0,bass,2,synthetic,34,25,16000,distortion|tempo-synced
organ_electronic_028-081-025,organ_electronic_028-081-025,/root/autodl-tmp/tokenizer-eval/data/nsynth/nsynth-test/audio/organ_electronic_028-081-025.wav,440,organ_electronic_028,6,organ,1,electronic,81,25,16000,
organ_electronic_104-056-100,organ_electronic_104-056-100,/root/autodl-tmp/tokenizer-eval/data/nsynth/nsynth-test/audio/organ_electronic_104-056-100.wav,921,organ_electronic_104,6,organ,1,electronic,56,100,16000,
keyboard_synthetic_000-067-050,keyboard_synthetic_000-067-050,/root/autodl-tmp/tokenizer-eval/data/nsynth/nsynth-test/audio/keyboard_synthetic_000-067-050.wav,577,keyboard_synthetic_000,4,keyboard,2,synthetic,67,50,16000,distortion|fast_decay|nonlinear_env
guitar_acoustic_015-091-127,guitar_acoustic_015-091-127,/root/autodl-tmp/tokenizer-eval/data/nsynth/nsynth-test/audio/guitar_acoustic_015-091-127.wav,316,guitar_acoustic_015,3,guitar,0,acoustic,91,127,16000,fast_decay|percussive|reverb
string_acoustic_056-043-100,string_acoustic_056-043-100,/root/autodl-tmp/tokenizer-eval/data/nsynth/nsynth-test/audio/string_acoustic_056-043-100.wav,436,string_acoustic_056,8,string,0,acoustic,43,100,16000,reverb
organ_electronic_007-037-100,organ_electronic_007-037-100,/root/autodl-tmp/tokenizer-eval/data/nsynth/nsynth-test/audio/organ_electronic_007-037-100.wav,123,organ_electronic_007,6,organ,1,electronic,37,100,16000,distortion|long_release|nonlinear_env
string_acoustic_071-032-025,string_acoustic_071-032-025,/root/autodl-tmp/tokenizer-eval/data/nsynth/nsynth-test/audio/string_acoustic_071-032-025.wav,609,string_acoustic_071,8,string,0,acoustic,32,25,16000,reverb
reed_acoustic_011-057-075,reed_acoustic_011-057-075,/root/autodl-tmp/tokenizer-eval/data/nsynth/nsynth-test/audio/reed_acoustic_011-057-075.wav,104,reed_acoustic_011,7,reed,0,acoustic,57,75,16000,
keyboard_electronic_001-025-025,keyboard_electronic_001-025-025,/root/autodl-tmp/tokenizer-eval/data/nsynth/nsynth-test/audio/keyboard_electronic_001-025-025.wav,40,keyboard_electronic_001,4,keyboard,1,electronic,25,25,16000,dark|long_release
bass_synthetic_068-063-100,bass_synthetic_068-063-100,/root/autodl-tmp/tokenizer-eval/data/nsynth/nsynth-test/audio/bass_synthetic_068-063-100.wav,656,bass_synthetic_068,0,bass,2,synthetic,63,100,16000,
keyboard_electronic_078-036-100,keyboard_electronic_078-036-100,/root/autodl-tmp/tokenizer-eval/data/nsynth/nsynth-test/audio/keyboard_electronic_078-036-100.wav,838,keyboard_electronic_078,4,keyboard,1,electronic,36,100,16000,bright
string_acoustic_071-044-127,string_acoustic_071-044-127,/root/autodl-tmp/tokenizer-eval/data/nsynth/nsynth-test/audio/string_acoustic_071-044-127.wav,609,string_acoustic_071,8,string,0,acoustic,44,127,16000,long_release|reverb
organ_electronic_001-081-050,organ_electronic_001-081-050,/root/autodl-tmp/tokenizer-eval/data/nsynth/nsynth-test/audio/organ_electronic_001-081-050.wav,8,organ_electronic_001,6,organ,1,electronic,81,50,16000,
mallet_acoustic_062-066-127,mallet_acoustic_062-066-127,/root/autodl-tmp/tokenizer-eval/data/nsynth/nsynth-test/audio/mallet_acoustic_062-066-127.wav,644,mallet_acoustic_062,5,mallet,0,acoustic,66,127,16000,dark|long_release|multiphonic
organ_electronic_007-043-025,organ_electronic_007-043-025,/root/autodl-tmp/tokenizer-eval/data/nsynth/nsynth-test/audio/organ_electronic_007-043-025.wav,123,organ_electronic_007,6,organ,1,electronic,43,25,16000,distortion|long_release|nonlinear_env
bass_electronic_018-037-100,bass_electronic_018-037-100,/root/autodl-tmp/tokenizer-eval/data/nsynth/nsynth-test/audio/bass_electronic_018-037-100.wav,759,bass_electronic_018,0,bass,1,electronic,37,100,16000,
reed_acoustic_037-050-050,reed_acoustic_037-050-050,/root/autodl-tmp/tokenizer-eval/data/nsynth/nsynth-test/audio/reed_acoustic_037-050-050.wav,387,reed_acoustic_037,7,reed,0,acoustic,50,50,16000,reverb
organ_electronic_028-091-050,organ_electronic_028-091-050,/root/autodl-tmp/tokenizer-eval/data/nsynth/nsynth-test/audio/organ_electronic_028-091-050.wav,440,organ_electronic_028,6,organ,1,electronic,91,50,16000,
flute_synthetic_000-070-127,flute_synthetic_000-070-127,/root/autodl-tmp/tokenizer-eval/data/nsynth/nsynth-test/audio/flute_synthetic_000-070-127.wav,82,flute_synthetic_000,2,flute,2,synthetic,70,127,16000,distortion
guitar_electronic_028-082-127,guitar_electronic_028-082-127,/root/autodl-tmp/tokenizer-eval/data/nsynth/nsynth-test/audio/guitar_electronic_028-082-127.wav,510,guitar_electronic_028,3,guitar,1,electronic,82,127,16000,
organ_electronic_007-088-050,organ_electronic_007-088-050,/root/autodl-tmp/tokenizer-eval/data/nsynth/nsynth-test/audio/organ_electronic_007-088-050.wav,123,organ_electronic_007,6,organ,1,electronic,88,50,16000,long_release|nonlinear_env
bass_synthetic_098-039-100,bass_synthetic_098-039-100,/root/autodl-tmp/tokenizer-eval/data/nsynth/nsynth-test/audio/bass_synthetic_098-039-100.wav,803,bass_synthetic_098,0,bass,2,synthetic,39,100,16000,distortion
organ_electronic_113-080-025,organ_electronic_113-080-025,/root/autodl-tmp/tokenizer-eval/data/nsynth/nsynth-test/audio/organ_electronic_113-080-025.wav,958,organ_electronic_113,6,organ,1,electronic,80,25,16000,
mallet_acoustic_062-054-025,mallet_acoustic_062-054-025,/root/autodl-tmp/tokenizer-eval/data/nsynth/nsynth-test/audio/mallet_acoustic_062-054-025.wav,644,mallet_acoustic_062,5,mallet,0,acoustic,54,25,16000,dark|fast_decay|multiphonic
keyboard_electronic_001-068-075,keyboard_electronic_001-068-075,/root/autodl-tmp/tokenizer-eval/data/nsynth/nsynth-test/audio/keyboard_electronic_001-068-075.wav,40,keyboard_electronic_001,4,keyboard,1,electronic,68,75,16000,dark
bass_electronic_027-062-075,bass_electronic_027-062-075,/root/autodl-tmp/tokenizer-eval/data/nsynth/nsynth-test/audio/bass_electronic_027-062-075.wav,880,bass_electronic_027,0,bass,1,electronic,62,75,16000,
brass_acoustic_016-057-127,brass_acoustic_016-057-127,/root/autodl-tmp/tokenizer-eval/data/nsynth/nsynth-test/audio/brass_acoustic_016-057-127.wav,128,brass_acoustic_016,1,brass,0,acoustic,57,127,16000,
string_acoustic_057-070-050,string_acoustic_057-070-050,/root/autodl-tmp/tokenizer-eval/data/nsynth/nsynth-test/audio/string_acoustic_057-070-050.wav,450,string_acoustic_057,8,string,0,acoustic,70,50,16000,bright|nonlinear_env|reverb
brass_acoustic_006-043-025,brass_acoustic_006-043-025,/root/autodl-tmp/tokenizer-eval/data/nsynth/nsynth-test/audio/brass_acoustic_006-043-025.wav,43,brass_acoustic_006,1,brass,0,acoustic,43,25,16000,reverb
bass_synthetic_098-099-100,bass_synthetic_098-099-100,/root/autodl-tmp/tokenizer-eval/data/nsynth/nsynth-test/audio/bass_synthetic_098-099-100.wav,803,bass_synthetic_098,0,bass,2,synthetic,99,100,16000,
brass_acoustic_006-030-075,brass_acoustic_006-030-075,/root/autodl-tmp/tokenizer-eval/data/nsynth/nsynth-test/audio/brass_acoustic_006-030-075.wav,43,brass_acoustic_006,1,brass,0,acoustic,30,75,16000,reverb
bass_electronic_027-058-075,bass_electronic_027-058-075,/root/autodl-tmp/tokenizer-eval/data/nsynth/nsynth-test/audio/bass_electronic_027-058-075.wav,880,bass_electronic_027,0,bass,1,electronic,58,75,16000,
flute_synthetic_000-021-100,flute_synthetic_000-021-100,/root/autodl-tmp/tokenizer-eval/data/nsynth/nsynth-test/audio/flute_synthetic_000-021-100.wav,82,flute_synthetic_000,2,flute,2,synthetic,21,100,16000,distortion
reed_acoustic_037-068-050,reed_acoustic_037-068-050,/root/autodl-tmp/tokenizer-eval/data/nsynth/nsynth-test/audio/reed_acoustic_037-068-050.wav,387,reed_acoustic_037,7,reed,0,acoustic,68,50,16000,reverb
string_acoustic_080-036-050,string_acoustic_080-036-050,/root/autodl-tmp/tokenizer-eval/data/nsynth/nsynth-test/audio/string_acoustic_080-036-050.wav,675,string_acoustic_080,8,string,0,acoustic,36,50,16000,long_release|reverb
keyboard_acoustic_004-058-127,keyboard_acoustic_004-058-127,/root/autodl-tmp/tokenizer-eval/data/nsynth/nsynth-test/audio/keyboard_acoustic_004-058-127.wav,327,keyboard_acoustic_004,4,keyboard,0,acoustic,58,127,16000,reverb
reed_acoustic_018-080-127,reed_acoustic_018-080-127,/root/autodl-tmp/tokenizer-eval/data/nsynth/nsynth-test/audio/reed_acoustic_018-080-127.wav,183,reed_acoustic_018,7,reed,0,acoustic,80,127,16000,
keyboard_electronic_002-073-075,keyboard_electronic_002-073-075,/root/autodl-tmp/tokenizer-eval/data/nsynth/nsynth-test/audio/keyboard_electronic_002-073-075.wav,50,keyboard_electronic_002,4,keyboard,1,electronic,73,75,16000,
string_acoustic_056-078-100,string_acoustic_056-078-100,/root/autodl-tmp/tokenizer-eval/data/nsynth/nsynth-test/audio/string_acoustic_056-078-100.wav,436,string_acoustic_056,8,string,0,acoustic,78,100,16000,fast_decay|percussive|reverb
flute_synthetic_000-045-127,flute_synthetic_000-045-127,/root/autodl-tmp/tokenizer-eval/data/nsynth/nsynth-test/audio/flute_synthetic_000-045-127.wav,82,flute_synthetic_000,2,flute,2,synthetic,45,127,16000,distortion
bass_synthetic_068-107-100,bass_synthetic_068-107-100,/root/autodl-tmp/tokenizer-eval/data/nsynth/nsynth-test/audio/bass_synthetic_068-107-100.wav,656,bass_synthetic_068,0,bass,2,synthetic,107,100,16000,bright|fast_decay|percussive
keyboard_electronic_098-038-127,keyboard_electronic_098-038-127,/root/autodl-tmp/tokenizer-eval/data/nsynth/nsynth-test/audio/keyboard_electronic_098-038-127.wav,905,keyboard_electronic_098,4,keyboard,1,electronic,38,127,16000,dark|distortion
guitar_acoustic_021-030-100,guitar_acoustic_021-030-100,/root/autodl-tmp/tokenizer-eval/data/nsynth/nsynth-test/audio/guitar_acoustic_021-030-100.wav,457,guitar_acoustic_021,3,guitar,0,acoustic,30,100,16000,
organ_electronic_057-052-100,organ_electronic_057-052-100,/root/autodl-tmp/tokenizer-eval/data/nsynth/nsynth-test/audio/organ_electronic_057-052-100.wav,701,organ_electronic_057,6,organ,1,electronic,52,100,16000,dark
keyboard_acoustic_004-035-075,keyboard_acoustic_004-035-075,/root/autodl-tmp/tokenizer-eval/data/nsynth/nsynth-test/audio/keyboard_acoustic_004-035-075.wav,327,keyboard_acoustic_004,4,keyboard,0,acoustic,35,75,16000,reverb
bass_synthetic_034-060-050,bass_synthetic_034-060-050,/root/autodl-tmp/tokenizer-eval/data/nsynth/nsynth-test/audio/bass_synthetic_034-060-050.wav,420,bass_synthetic_034,0,bass,2,synthetic,60,50,16000,distortion|tempo-synced
brass_acoustic_006-069-025,brass_acoustic_006-069-025,/root/autodl-tmp/tokenizer-eval/data/nsynth/nsynth-test/audio/brass_acoustic_006-069-025.wav,43,brass_acoustic_006,1,brass,0,acoustic,69,25,16000,reverb
organ_electronic_007-089-025,organ_electronic_007-089-025,/root/autodl-tmp/tokenizer-eval/data/nsynth/nsynth-test/audio/organ_electronic_007-089-025.wav,123,organ_electronic_007,6,organ,1,electronic,89,25,16000,long_release|nonlinear_env
bass_synthetic_009-040-050,bass_synthetic_009-040-050,/root/autodl-tmp/tokenizer-eval/data/nsynth/nsynth-test/audio/bass_synthetic_009-040-050.wav,150,bass_synthetic_009,0,bass,2,synthetic,40,50,16000,bright|distortion|long_release
bass_synthetic_034-067-025,bass_synthetic_034-067-025,/root/autodl-tmp/tokenizer-eval/data/nsynth/nsynth-test/audio/bass_synthetic_034-067-025.wav,420,bass_synthetic_034,0,bass,2,synthetic,67,25,16000,distortion|tempo-synced
mallet_acoustic_047-079-100,mallet_acoustic_047-079-100,/root/autodl-tmp/tokenizer-eval/data/nsynth/nsynth-test/audio/mallet_acoustic_047-079-100.wav,488,mallet_acoustic_047,5,mallet,0,acoustic,79,100,16000,fast_decay|percussive|reverb
brass_acoustic_059-058-025,brass_acoustic_059-058-025,/root/autodl-tmp/tokenizer-eval/data/nsynth/nsynth-test/audio/brass_acoustic_059-058-025.wav,572,brass_acoustic_059,1,brass,0,acoustic,58,25,16000,dark|reverb
bass_electronic_025-044-075,bass_electronic_025-044-075,/root/autodl-tmp/tokenizer-eval/data/nsynth/nsynth-test/audio/bass_electronic_025-044-075.wav,872,bass_electronic_025,0,bass,1,electronic,44,75,16000,
guitar_acoustic_015-099-050,guitar_acoustic_015-099-050,/root/autodl-tmp/tokenizer-eval/data/nsynth/nsynth-test/audio/guitar_acoustic_015-099-050.wav,316,guitar_acoustic_015,3,guitar,0,acoustic,99,50,16000,fast_decay|percussive|reverb
guitar_acoustic_021-104-100,guitar_acoustic_021-104-100,/root/autodl-tmp/tokenizer-eval/data/nsynth/nsynth-test/audio/guitar_acoustic_021-104-100.wav,457,guitar_acoustic_021,3,guitar,0,acoustic,104,100,16000,fast_decay|percussive
bass_synthetic_134-040-025,bass_synthetic_134-040-025,/root/autodl-tmp/tokenizer-eval/data/nsynth/nsynth-test/audio/bass_synthetic_134-040-025.wav,914,bass_synthetic_134,0,bass,2,synthetic,40,25,16000,dark|reverb
guitar_acoustic_021-053-075,guitar_acoustic_021-053-075,/root/autodl-tmp/tokenizer-eval/data/nsynth/nsynth-test/audio/guitar_acoustic_021-053-075.wav,457,guitar_acoustic_021,3,guitar,0,acoustic,53,75,16000,
bass_synthetic_068-103-100,bass_synthetic_068-103-100,/root/autodl-tmp/tokenizer-eval/data/nsynth/nsynth-test/audio/bass_synthetic_068-103-100.wav,656,bass_synthetic_068,0,bass,2,synthetic,103,100,16000,bright|fast_decay|percussive
organ_electronic_057-057-127,organ_electronic_057-057-127,/root/autodl-tmp/tokenizer-eval/data/nsynth/nsynth-test/audio/organ_electronic_057-057-127.wav,701,organ_electronic_057,6,organ,1,electronic,57,127,16000,dark
guitar_acoustic_014-036-100,guitar_acoustic_014-036-100,/root/autodl-tmp/tokenizer-eval/data/nsynth/nsynth-test/audio/guitar_acoustic_014-036-100.wav,263,guitar_acoustic_014,3,guitar,0,acoustic,36,100,16000,
reed_acoustic_011-043-050,reed_acoustic_011-043-050,/root/autodl-tmp/tokenizer-eval/data/nsynth/nsynth-test/audio/reed_acoustic_011-043-050.wav,104,reed_acoustic_011,7,reed,0,acoustic,43,50,16000,
keyboard_electronic_078-070-075,keyboard_electronic_078-070-075,/root/autodl-tmp/tokenizer-eval/data/nsynth/nsynth-test/audio/keyboard_electronic_078-070-075.wav,838,keyboard_electronic_078,4,keyboard,1,electronic,70,75,16000,bright
keyboard_electronic_069-048-025,keyboard_electronic_069-048-025,/root/autodl-tmp/tokenizer-eval/data/nsynth/nsynth-test/audio/keyboard_electronic_069-048-025.wav,805,keyboard_electronic_069,4,keyboard,1,electronic,48,25,16000,distortion
string_acoustic_057-059-025,string_acoustic_057-059-025,/root/autodl-tmp/tokenizer-eval/data/nsynth/nsynth-test/audio/string_acoustic_057-059-025.wav,450,string_acoustic_057,8,string,0,acoustic,59,25,16000,bright|nonlinear_env|reverb
reed_acoustic_037-074-075,reed_acoustic_037-074-075,/root/autodl-tmp/tokenizer-eval/data/nsynth/nsynth-test/audio/reed_acoustic_037-074-075.wav,387,reed_acoustic_037,7,reed,0,acoustic,74,75,16000,reverb
reed_acoustic_011-051-075,reed_acoustic_011-051-075,/root/autodl-tmp/tokenizer-eval/data/nsynth/nsynth-test/audio/reed_acoustic_011-051-075.wav,104,reed_acoustic_011,7,reed,0,acoustic,51,75,16000,
organ_electronic_057-024-100,organ_electronic_057-024-100,/root/autodl-tmp/tokenizer-eval/data/nsynth/nsynth-test/audio/organ_electronic_057-024-100.wav,701,organ_electronic_057,6,organ,1,electronic,24,100,16000,dark
reed_acoustic_023-050-050,reed_acoustic_023-050-050,/root/autodl-tmp/tokenizer-eval/data/nsynth/nsynth-test/audio/reed_acoustic_023-050-050.wav,224,reed_acoustic_023,7,reed,0,acoustic,50,50,16000,bright|fast_decay|multiphonic|nonlinear_env
organ_electronic_113-053-127,organ_electronic_113-053-127,/root/autodl-tmp/tokenizer-eval/data/nsynth/nsynth-test/audio/organ_electronic_113-053-127.wav,958,organ_electronic_113,6,organ,1,electronic,53,127,16000,dark
mallet_acoustic_047-106-127,mallet_acoustic_047-106-127,/root/autodl-tmp/tokenizer-eval/data/nsynth/nsynth-test/audio/mallet_acoustic_047-106-127.wav,488,mallet_acoustic_047,5,mallet,0,acoustic,106,127,16000,fast_decay|percussive|reverb
keyboard_electronic_069-033-127,keyboard_electronic_069-033-127,/root/autodl-tmp/tokenizer-eval/data/nsynth/nsynth-test/audio/keyboard_electronic_069-033-127.wav,805,keyboard_electronic_069,4,keyboard,1,electronic,33,127,16000,distortion
keyboard_electronic_002-050-100,keyboard_electronic_002-050-100,/root/autodl-tmp/tokenizer-eval/data/nsynth/nsynth-test/audio/keyboard_electronic_002-050-100.wav,50,keyboard_electronic_002,4,keyboard,1,electronic,50,100,16000,distortion
brass_acoustic_006-062-050,brass_acoustic_006-062-050,/root/autodl-tmp/tokenizer-eval/data/nsynth/nsynth-test/audio/brass_acoustic_006-062-050.wav,43,brass_acoustic_006,1,brass,0,acoustic,62,50,16000,long_release|reverb
reed_acoustic_023-092-025,reed_acoustic_023-092-025,/root/autodl-tmp/tokenizer-eval/data/nsynth/nsynth-test/audio/reed_acoustic_023-092-025.wav,224,reed_acoustic_023,7,reed,0,acoustic,92,25,16000,fast_decay|multiphonic|nonlinear_env
keyboard_electronic_002-049-050,keyboard_electronic_002-049-050,/root/autodl-tmp/tokenizer-eval/data/nsynth/nsynth-test/audio/keyboard_electronic_002-049-050.wav,50,keyboard_electronic_002,4,keyboard,1,electronic,49,50,16000,
bass_synthetic_033-022-075,bass_synthetic_033-022-075,/root/autodl-tmp/tokenizer-eval/data/nsynth/nsynth-test/audio/bass_synthetic_033-022-075.wav,417,bass_synthetic_033,0,bass,2,synthetic,22,75,16000,dark
guitar_electronic_022-039-075,guitar_electronic_022-039-075,/root/autodl-tmp/tokenizer-eval/data/nsynth/nsynth-test/audio/guitar_electronic_022-039-075.wav,378,guitar_electronic_022,3,guitar,1,electronic,39,75,16000,dark
bass_synthetic_134-085-025,bass_synthetic_134-085-025,/root/autodl-tmp/tokenizer-eval/data/nsynth/nsynth-test/audio/bass_synthetic_134-085-025.wav,914,bass_synthetic_134,0,bass,2,synthetic,85,25,16000,fast_decay|percussive|reverb
bass_synthetic_068-075-127,bass_synthetic_068-075-127,/root/autodl-tmp/tokenizer-eval/data/nsynth/nsynth-test/audio/bass_synthetic_068-075-127.wav,656,bass_synthetic_068,0,bass,2,synthetic,75,127,16000,distortion
string_acoustic_056-051-025,string_acoustic_056-051-025,/root/autodl-tmp/tokenizer-eval/data/nsynth/nsynth-test/audio/string_acoustic_056-051-025.wav,436,string_acoustic_056,8,string,0,acoustic,51,25,16000,fast_decay|reverb
organ_electronic_104-043-100,organ_electronic_104-043-100,/root/autodl-tmp/tokenizer-eval/data/nsynth/nsynth-test/audio/organ_electronic_104-043-100.wav,921,organ_electronic_104,6,organ,1,electronic,43,100,16000,
brass_acoustic_006-032-100,brass_acoustic_006-032-100,/root/autodl-tmp/tokenizer-eval/data/nsynth/nsynth-test/audio/brass_acoustic_006-032-100.wav,43,brass_acoustic_006,1,brass,0,acoustic,32,100,16000,reverb
bass_synthetic_135-089-025,bass_synthetic_135-089-025,/root/autodl-tmp/tokenizer-eval/data/nsynth/nsynth-test/audio/bass_synthetic_135-089-025.wav,927,bass_synthetic_135,0,bass,2,synthetic,89,25,16000,distortion
organ_electronic_104-054-050,organ_electronic_104-054-050,/root/autodl-tmp/tokenizer-eval/data/nsynth/nsynth-test/audio/organ_electronic_104-054-050.wav,921,organ_electronic_104,6,organ,1,electronic,54,50,16000,
keyboard_acoustic_004-069-025,keyboard_acoustic_004-069-025,/root/autodl-tmp/tokenizer-eval/data/nsynth/nsynth-test/audio/keyboard_acoustic_004-069-025.wav,327,keyboard_acoustic_004,4,keyboard,0,acoustic,69,25,16000,dark|reverb
reed_acoustic_023-068-050,reed_acoustic_023-068-050,/root/autodl-tmp/tokenizer-eval/data/nsynth/nsynth-test/audio/reed_acoustic_023-068-050.wav,224,reed_acoustic_023,7,reed,0,acoustic,68,50,16000,bright|fast_decay|multiphonic|nonlinear_env
organ_electronic_028-031-100,organ_electronic_028-031-100,/root/autodl-tmp/tokenizer-eval/data/nsynth/nsynth-test/audio/organ_electronic_028-031-100.wav,440,organ_electronic_028,6,organ,1,electronic,31,100,16000,dark
reed_acoustic_018-065-050,reed_acoustic_018-065-050,/root/autodl-tmp/tokenizer-eval/data/nsynth/nsynth-test/audio/reed_acoustic_018-065-050.wav,183,reed_acoustic_018,7,reed,0,acoustic,65,50,16000,
reed_acoustic_023-072-100,reed_acoustic_023-072-100,/root/autodl-tmp/tokenizer-eval/data/nsynth/nsynth-test/audio/reed_acoustic_023-072-100.wav,224,reed_acoustic_023,7,reed,0,acoustic,72,100,16000,bright|fast_decay|multiphonic|nonlinear_env
organ_electronic_007-032-075,organ_electronic_007-032-075,/root/autodl-tmp/tokenizer-eval/data/nsynth/nsynth-test/audio/organ_electronic_007-032-075.wav,123,organ_electronic_007,6,organ,1,electronic,32,75,16000,distortion|long_release|nonlinear_env
brass_acoustic_046-096-025,brass_acoustic_046-096-025,/root/autodl-tmp/tokenizer-eval/data/nsynth/nsynth-test/audio/brass_acoustic_046-096-025.wav,414,brass_acoustic_046,1,brass,0,acoustic,96,25,16000,long_release
mallet_acoustic_056-116-050,mallet_acoustic_056-116-050,/root/autodl-tmp/tokenizer-eval/data/nsynth/nsynth-test/audio/mallet_acoustic_056-116-050.wav,590,mallet_acoustic_056,5,mallet,0,acoustic,116,50,16000,bright
vocal_synthetic_003-048-127,vocal_synthetic_003-048-127,/root/autodl-tmp/tokenizer-eval/data/nsynth/nsynth-test/audio/vocal_synthetic_003-048-127.wav,37,vocal_synthetic_003,10,vocal,2,synthetic,48,127,16000,bright|distortion|long_release|nonlinear_env
organ_electronic_001-095-050,organ_electronic_001-095-050,/root/autodl-tmp/tokenizer-eval/data/nsynth/nsynth-test/audio/organ_electronic_001-095-050.wav,8,organ_electronic_001,6,organ,1,electronic,95,50,16000,
reed_acoustic_018-063-050,reed_acoustic_018-063-050,/root/autodl-tmp/tokenizer-eval/data/nsynth/nsynth-test/audio/reed_acoustic_018-063-050.wav,183,reed_acoustic_018,7,reed,0,acoustic,63,50,16000,
mallet_acoustic_047-090-050,mallet_acoustic_047-090-050,/root/autodl-tmp/tokenizer-eval/data/nsynth/nsynth-test/audio/mallet_acoustic_047-090-050.wav,488,mallet_acoustic_047,5,mallet,0,acoustic,90,50,16000,fast_decay|percussive|reverb
guitar_acoustic_010-107-100,guitar_acoustic_010-107-100,/root/autodl-tmp/tokenizer-eval/data/nsynth/nsynth-test/audio/guitar_acoustic_010-107-100.wav,219,guitar_acoustic_010,3,guitar,0,acoustic,107,100,16000,bright|fast_decay
keyboard_electronic_001-047-127,keyboard_electronic_001-047-127,/root/autodl-tmp/tokenizer-eval/data/nsynth/nsynth-test/audio/keyboard_electronic_001-047-127.wav,40,keyboard_electronic_001,4,keyboard,1,electronic,47,127,16000,
guitar_acoustic_014-102-100,guitar_acoustic_014-102-100,/root/autodl-tmp/tokenizer-eval/data/nsynth/nsynth-test/audio/guitar_acoustic_014-102-100.wav,263,guitar_acoustic_014,3,guitar,0,acoustic,102,100,16000,fast_decay|percussive
guitar_acoustic_014-060-050,guitar_acoustic_014-060-050,/root/autodl-tmp/tokenizer-eval/data/nsynth/nsynth-test/audio/guitar_acoustic_014-060-050.wav,263,guitar_acoustic_014,3,guitar,0,acoustic,60,50,16000,
guitar_acoustic_010-097-025,guitar_acoustic_010-097-025,/root/autodl-tmp/tokenizer-eval/data/nsynth/nsynth-test/audio/guitar_acoustic_010-097-025.wav,219,guitar_acoustic_010,3,guitar,0,acoustic,97,25,16000,
keyboard_electronic_069-066-100,keyboard_electronic_069-066-100,/root/autodl-tmp/tokenizer-eval/data/nsynth/nsynth-test/audio/keyboard_electronic_069-066-100.wav,805,keyboard_electronic_069,4,keyboard,1,electronic,66,100,16000,distortion
organ_electronic_001-051-075,organ_electronic_001-051-075,/root/autodl-tmp/tokenizer-eval/data/nsynth/nsynth-test/audio/organ_electronic_001-051-075.wav,8,organ_electronic_001,6,organ,1,electronic,51,75,16000,dark
bass_electronic_027-047-025,bass_electronic_027-047-025,/root/autodl-tmp/tokenizer-eval/data/nsynth/nsynth-test/audio/bass_electronic_027-047-025.wav,880,bass_electronic_027,0,bass,1,electronic,47,25,16000,
organ_electronic_007-032-127,organ_electronic_007-032-127,/root/autodl-tmp/tokenizer-eval/data/nsynth/nsynth-test/audio/organ_electronic_007-032-127.wav,123,organ_electronic_007,6,organ,1,electronic,32,127,16000,distortion|long_release|nonlinear_env
bass_synthetic_034-043-127,bass_synthetic_034-043-127,/root/autodl-tmp/tokenizer-eval/data/nsynth/nsynth-test/audio/bass_synthetic_034-043-127.wav,420,bass_synthetic_034,0,bass,2,synthetic,43,127,16000,distortion|tempo-synced
brass_acoustic_046-084-025,brass_acoustic_046-084-025,/root/autodl-tmp/tokenizer-eval/data/nsynth/nsynth-test/audio/brass_acoustic_046-084-025.wav,414,brass_acoustic_046,1,brass,0,acoustic,84,25,16000,long_release
brass_acoustic_006-079-075,brass_acoustic_006-079-075,/root/autodl-tmp/tokenizer-eval/data/nsynth/nsynth-test/audio/brass_acoustic_006-079-075.wav,43,brass_acoustic_006,1,brass,0,acoustic,79,75,16000,reverb
flute_synthetic_000-026-100,flute_synthetic_000-026-100,/root/autodl-tmp/tokenizer-eval/data/nsynth/nsynth-test/audio/flute_synthetic_000-026-100.wav,82,flute_synthetic_000,2,flute,2,synthetic,26,100,16000,distortion
bass_synthetic_009-072-050,bass_synthetic_009-072-050,/root/autodl-tmp/tokenizer-eval/data/nsynth/nsynth-test/audio/bass_synthetic_009-072-050.wav,150,bass_synthetic_009,0,bass,2,synthetic,72,50,16000,bright|distortion|long_release
brass_acoustic_015-050-127,brass_acoustic_015-050-127,/root/autodl-tmp/tokenizer-eval/data/nsynth/nsynth-test/audio/brass_acoustic_015-050-127.wav,121,brass_acoustic_015,1,brass,0,acoustic,50,127,16000,reverb
bass_electronic_018-023-025,bass_electronic_018-023-025,/root/autodl-tmp/tokenizer-eval/data/nsynth/nsynth-test/audio/bass_electronic_018-023-025.wav,759,bass_electronic_018,0,bass,1,electronic,23,25,16000,percussive
string_acoustic_012-040-050,string_acoustic_012-040-050,/root/autodl-tmp/tokenizer-eval/data/nsynth/nsynth-test/audio/string_acoustic_012-040-050.wav,97,string_acoustic_012,8,string,0,acoustic,40,50,16000,long_release|reverb
keyboard_electronic_002-072-075,keyboard_electronic_002-072-075,/root/autodl-tmp/tokenizer-eval/data/nsynth/nsynth-test/audio/keyboard_electronic_002-072-075.wav,50,keyboard_electronic_002,4,keyboard,1,electronic,72,75,16000,
string_acoustic_012-026-025,string_acoustic_012-026-025,/root/autodl-tmp/tokenizer-eval/data/nsynth/nsynth-test/audio/string_acoustic_012-026-025.wav,97,string_acoustic_012,8,string,0,acoustic,26,25,16000,long_release|reverb
brass_acoustic_015-061-050,brass_acoustic_015-061-050,/root/autodl-tmp/tokenizer-eval/data/nsynth/nsynth-test/audio/brass_acoustic_015-061-050.wav,121,brass_acoustic_015,1,brass,0,acoustic,61,50,16000,reverb
organ_electronic_028-085-075,organ_electronic_028-085-075,/root/autodl-tmp/tokenizer-eval/data/nsynth/nsynth-test/audio/organ_electronic_028-085-075.wav,440,organ_electronic_028,6,organ,1,electronic,85,75,16000,
keyboard_electronic_078-030-075,keyboard_electronic_078-030-075,/root/autodl-tmp/tokenizer-eval/data/nsynth/nsynth-test/audio/keyboard_electronic_078-030-075.wav,838,keyboard_electronic_078,4,keyboard,1,electronic,30,75,16000,bright
guitar_acoustic_014-034-100,guitar_acoustic_014-034-100,/root/autodl-tmp/tokenizer-eval/data/nsynth/nsynth-test/audio/guitar_acoustic_014-034-100.wav,263,guitar_acoustic_014,3,guitar,0,acoustic,34,100,16000,
bass_synthetic_033-073-050,bass_synthetic_033-073-050,/root/autodl-tmp/tokenizer-eval/data/nsynth/nsynth-test/audio/bass_synthetic_033-073-050.wav,417,bass_synthetic_033,0,bass,2,synthetic,73,50,16000,
bass_synthetic_134-042-100,bass_synthetic_134-042-100,/root/autodl-tmp/tokenizer-eval/data/nsynth/nsynth-test/audio/bass_synthetic_134-042-100.wav,914,bass_synthetic_134,0,bass,2,synthetic,42,100,16000,dark|reverb
bass_synthetic_134-086-050,bass_synthetic_134-086-050,/root/autodl-tmp/tokenizer-eval/data/nsynth/nsynth-test/audio/bass_synthetic_134-086-050.wav,914,bass_synthetic_134,0,bass,2,synthetic,86,50,16000,fast_decay|percussive|reverb
guitar_electronic_028-068-100,guitar_electronic_028-068-100,/root/autodl-tmp/tokenizer-eval/data/nsynth/nsynth-test/audio/guitar_electronic_028-068-100.wav,510,guitar_electronic_028,3,guitar,1,electronic,68,100,16000,
guitar_acoustic_014-094-050,guitar_acoustic_014-094-050,/root/autodl-tmp/tokenizer-eval/data/nsynth/nsynth-test/audio/guitar_acoustic_014-094-050.wav,263,guitar_acoustic_014,3,guitar,0,acoustic,94,50,16000,fast_decay|percussive
reed_acoustic_037-069-075,reed_acoustic_037-069-075,/root/autodl-tmp/tokenizer-eval/data/nsynth/nsynth-test/audio/reed_acoustic_037-069-075.wav,387,reed_acoustic_037,7,reed,0,acoustic,69,75,16000,reverb
mallet_acoustic_047-080-025,mallet_acoustic_047-080-025,/root/autodl-tmp/tokenizer-eval/data/nsynth/nsynth-test/audio/mallet_acoustic_047-080-025.wav,488,mallet_acoustic_047,5,mallet,0,acoustic,80,25,16000,percussive|reverb
mallet_acoustic_047-108-050,mallet_acoustic_047-108-050,/root/autodl-tmp/tokenizer-eval/data/nsynth/nsynth-test/audio/mallet_acoustic_047-108-050.wav,488,mallet_acoustic_047,5,mallet,0,acoustic,108,50,16000,fast_decay|percussive|reverb
guitar_electronic_028-061-075,guitar_electronic_028-061-075,/root/autodl-tmp/tokenizer-eval/data/nsynth/nsynth-test/audio/guitar_electronic_028-061-075.wav,510,guitar_electronic_028,3,guitar,1,electronic,61,75,16000,dark
organ_electronic_104-048-075,organ_electronic_104-048-075,/root/autodl-tmp/tokenizer-eval/data/nsynth/nsynth-test/audio/organ_electronic_104-048-075.wav,921,organ_electronic_104,6,organ,1,electronic,48,75,16000,
brass_acoustic_059-060-100,brass_acoustic_059-060-100,/root/autodl-tmp/tokenizer-eval/data/nsynth/nsynth-test/audio/brass_acoustic_059-060-100.wav,572,brass_acoustic_059,1,brass,0,acoustic,60,100,16000,reverb
keyboard_electronic_078-078-127,keyboard_electronic_078-078-127,/root/autodl-tmp/tokenizer-eval/data/nsynth/nsynth-test/audio/keyboard_electronic_078-078-127.wav,838,keyboard_electronic_078,4,keyboard,1,electronic,78,127,16000,bright
string_acoustic_057-092-050,string_acoustic_057-092-050,/root/autodl-tmp/tokenizer-eval/data/nsynth/nsynth-test/audio/string_acoustic_057-092-050.wav,450,string_acoustic_057,8,string,0,acoustic,92,50,16000,bright|nonlinear_env|reverb
brass_acoustic_016-083-050,brass_acoustic_016-083-050,/root/autodl-tmp/tokenizer-eval/data/nsynth/nsynth-test/audio/brass_acoustic_016-083-050.wav,128,brass_acoustic_016,1,brass,0,acoustic,83,50,16000,bright
keyboard_synthetic_000-054-100,keyboard_synthetic_000-054-100,/root/autodl-tmp/tokenizer-eval/data/nsynth/nsynth-test/audio/keyboard_synthetic_000-054-100.wav,577,keyboard_synthetic_000,4,keyboard,2,synthetic,54,100,16000,distortion|fast_decay|nonlinear_env
string_acoustic_080-047-025,string_acoustic_080-047-025,/root/autodl-tmp/tokenizer-eval/data/nsynth/nsynth-test/audio/string_acoustic_080-047-025.wav,675,string_acoustic_080,8,string,0,acoustic,47,25,16000,long_release|reverb
bass_synthetic_135-101-127,bass_synthetic_135-101-127,/root/autodl-tmp/tokenizer-eval/data/nsynth/nsynth-test/audio/bass_synthetic_135-101-127.wav,927,bass_synthetic_135,0,bass,2,synthetic,101,127,16000,bright|distortion
string_acoustic_071-043-050,string_acoustic_071-043-050,/root/autodl-tmp/tokenizer-eval/data/nsynth/nsynth-test/audio/string_acoustic_071-043-050.wav,609,string_acoustic_071,8,string,0,acoustic,43,50,16000,long_release|reverb
flute_synthetic_000-062-025,flute_synthetic_000-062-025,/root/autodl-tmp/tokenizer-eval/data/nsynth/nsynth-test/audio/flute_synthetic_000-062-025.wav,82,flute_synthetic_000,2,flute,2,synthetic,62,25,16000,distortion
bass_synthetic_134-024-100,bass_synthetic_134-024-100,/root/autodl-tmp/tokenizer-eval/data/nsynth/nsynth-test/audio/bass_synthetic_134-024-100.wav,914,bass_synthetic_134,0,bass,2,synthetic,24,100,16000,dark|reverb
brass_acoustic_046-092-075,brass_acoustic_046-092-075,/root/autodl-tmp/tokenizer-eval/data/nsynth/nsynth-test/audio/brass_acoustic_046-092-075.wav,414,brass_acoustic_046,1,brass,0,acoustic,92,75,16000,long_release
organ_electronic_113-073-075,organ_electronic_113-073-075,/root/autodl-tmp/tokenizer-eval/data/nsynth/nsynth-test/audio/organ_electronic_113-073-075.wav,958,organ_electronic_113,6,organ,1,electronic,73,75,16000,
bass_synthetic_134-108-100,bass_synthetic_134-108-100,/root/autodl-tmp/tokenizer-eval/data/nsynth/nsynth-test/audio/bass_synthetic_134-108-100.wav,914,bass_synthetic_134,0,bass,2,synthetic,108,100,16000,fast_decay|percussive|reverb
mallet_acoustic_047-086-050,mallet_acoustic_047-086-050,/root/autodl-tmp/tokenizer-eval/data/nsynth/nsynth-test/audio/mallet_acoustic_047-086-050.wav,488,mallet_acoustic_047,5,mallet,0,acoustic,86,50,16000,percussive|reverb
bass_synthetic_135-037-100,bass_synthetic_135-037-100,/root/autodl-tmp/tokenizer-eval/data/nsynth/nsynth-test/audio/bass_synthetic_135-037-100.wav,927,bass_synthetic_135,0,bass,2,synthetic,37,100,16000,distortion
guitar_acoustic_014-043-050,guitar_acoustic_014-043-050,/root/autodl-tmp/tokenizer-eval/data/nsynth/nsynth-test/audio/guitar_acoustic_014-043-050.wav,263,guitar_acoustic_014,3,guitar,0,acoustic,43,50,16000,
organ_electronic_028-078-025,organ_electronic_028-078-025,/root/autodl-tmp/tokenizer-eval/data/nsynth/nsynth-test/audio/organ_electronic_028-078-025.wav,440,organ_electronic_028,6,organ,1,electronic,78,25,16000,
organ_electronic_007-029-127,organ_electronic_007-029-127,/root/autodl-tmp/tokenizer-eval/data/nsynth/nsynth-test/audio/organ_electronic_007-029-127.wav,123,organ_electronic_007,6,organ,1,electronic,29,127,16000,distortion|long_release|nonlinear_env
string_acoustic_012-053-025,string_acoustic_012-053-025,/root/autodl-tmp/tokenizer-eval/data/nsynth/nsynth-test/audio/string_acoustic_012-053-025.wav,97,string_acoustic_012,8,string,0,acoustic,53,25,16000,long_release|reverb
flute_synthetic_000-097-025,flute_synthetic_000-097-025,/root/autodl-tmp/tokenizer-eval/data/nsynth/nsynth-test/audio/flute_synthetic_000-097-025.wav,82,flute_synthetic_000,2,flute,2,synthetic,97,25,16000,distortion
organ_electronic_057-045-100,organ_electronic_057-045-100,/root/autodl-tmp/tokenizer-eval/data/nsynth/nsynth-test/audio/organ_electronic_057-045-100.wav,701,organ_electronic_057,6,organ,1,electronic,45,100,16000,dark
string_acoustic_080-041-100,string_acoustic_080-041-100,/root/autodl-tmp/tokenizer-eval/data/nsynth/nsynth-test/audio/string_acoustic_080-041-100.wav,675,string_acoustic_080,8,string,0,acoustic,41,100,16000,long_release|reverb
bass_synthetic_098-024-025,bass_synthetic_098-024-025,/root/autodl-tmp/tokenizer-eval/data/nsynth/nsynth-test/audio/bass_synthetic_098-024-025.wav,803,bass_synthetic_098,0,bass,2,synthetic,24,25,16000,dark
organ_electronic_001-049-075,organ_electronic_001-049-075,/root/autodl-tmp/tokenizer-eval/data/nsynth/nsynth-test/audio/organ_electronic_001-049-075.wav,8,organ_electronic_001,6,organ,1,electronic,49,75,16000,dark
bass_synthetic_009-015-075,bass_synthetic_009-015-075,/root/autodl-tmp/tokenizer-eval/data/nsynth/nsynth-test/audio/bass_synthetic_009-015-075.wav,150,bass_synthetic_009,0,bass,2,synthetic,15,75,16000,bright|distortion|long_release
keyboard_acoustic_004-075-100,keyboard_acoustic_004-075-100,/root/autodl-tmp/tokenizer-eval/data/nsynth/nsynth-test/audio/keyboard_acoustic_004-075-100.wav,327,keyboard_acoustic_004,4,keyboard,0,acoustic,75,100,16000,reverb
organ_electronic_113-032-100,organ_electronic_113-032-100,/root/autodl-tmp/tokenizer-eval/data/nsynth/nsynth-test/audio/organ_electronic_113-032-100.wav,958,organ_electronic_113,6,organ,1,electronic,32,100,16000,dark
bass_synthetic_134-077-050,bass_synthetic_134-077-050,/root/autodl-tmp/tokenizer-eval/data/nsynth/nsynth-test/audio/bass_synthetic_134-077-050.wav,914,bass_synthetic_134,0,bass,2,synthetic,77,50,16000,fast_decay|percussive|reverb
organ_electronic_028-060-075,organ_electronic_028-060-075,/root/autodl-tmp/tokenizer-eval/data/nsynth/nsynth-test/audio/organ_electronic_028-060-075.wav,440,organ_electronic_028,6,organ,1,electronic,60,75,16000,dark
reed_acoustic_011-038-050,reed_acoustic_011-038-050,/root/autodl-tmp/tokenizer-eval/data/nsynth/nsynth-test/audio/reed_acoustic_011-038-050.wav,104,reed_acoustic_011,7,reed,0,acoustic,38,50,16000,
bass_synthetic_068-101-025,bass_synthetic_068-101-025,/root/autodl-tmp/tokenizer-eval/data/nsynth/nsynth-test/audio/bass_synthetic_068-101-025.wav,656,bass_synthetic_068,0,bass,2,synthetic,101,25,16000,bright|fast_decay|percussive
flute_synthetic_000-104-050,flute_synthetic_000-104-050,/root/autodl-tmp/tokenizer-eval/data/nsynth/nsynth-test/audio/flute_synthetic_000-104-050.wav,82,flute_synthetic_000,2,flute,2,synthetic,104,50,16000,bright|distortion
organ_electronic_113-045-050,organ_electronic_113-045-050,/root/autodl-tmp/tokenizer-eval/data/nsynth/nsynth-test/audio/organ_electronic_113-045-050.wav,958,organ_electronic_113,6,organ,1,electronic,45,50,16000,dark
organ_electronic_028-037-075,organ_electronic_028-037-075,/root/autodl-tmp/tokenizer-eval/data/nsynth/nsynth-test/audio/organ_electronic_028-037-075.wav,440,organ_electronic_028,6,organ,1,electronic,37,75,16000,dark
flute_synthetic_000-083-127,flute_synthetic_000-083-127,/root/autodl-tmp/tokenizer-eval/data/nsynth/nsynth-test/audio/flute_synthetic_000-083-127.wav,82,flute_synthetic_000,2,flute,2,synthetic,83,127,16000,distortion
brass_acoustic_046-105-100,brass_acoustic_046-105-100,/root/autodl-tmp/tokenizer-eval/data/nsynth/nsynth-test/audio/brass_acoustic_046-105-100.wav,414,brass_acoustic_046,1,brass,0,acoustic,105,100,16000,long_release
guitar_acoustic_010-095-075,guitar_acoustic_010-095-075,/root/autodl-tmp/tokenizer-eval/data/nsynth/nsynth-test/audio/guitar_acoustic_010-095-075.wav,219,guitar_acoustic_010,3,guitar,0,acoustic,95,75,16000,
organ_electronic_113-082-100,organ_electronic_113-082-100,/root/autodl-tmp/tokenizer-eval/data/nsynth/nsynth-test/audio/organ_electronic_113-082-100.wav,958,organ_electronic_113,6,organ,1,electronic,82,100,16000,
bass_synthetic_098-068-075,bass_synthetic_098-068-075,/root/autodl-tmp/tokenizer-eval/data/nsynth/nsynth-test/audio/bass_synthetic_098-068-075.wav,803,bass_synthetic_098,0,bass,2,synthetic,68,75,16000,
bass_synthetic_098-087-025,bass_synthetic_098-087-025,/root/autodl-tmp/tokenizer-eval/data/nsynth/nsynth-test/audio/bass_synthetic_098-087-025.wav,803,bass_synthetic_098,0,bass,2,synthetic,87,25,16000,
keyboard_electronic_098-057-075,keyboard_electronic_098-057-075,/root/autodl-tmp/tokenizer-eval/data/nsynth/nsynth-test/audio/keyboard_electronic_098-057-075.wav,905,keyboard_electronic_098,4,keyboard,1,electronic,57,75,16000,dark
organ_electronic_104-035-025,organ_electronic_104-035-025,/root/autodl-tmp/tokenizer-eval/data/nsynth/nsynth-test/audio/organ_electronic_104-035-025.wav,921,organ_electronic_104,6,organ,1,electronic,35,25,16000,
brass_acoustic_059-054-075,brass_acoustic_059-054-075,/root/autodl-tmp/tokenizer-eval/data/nsynth/nsynth-test/audio/brass_acoustic_059-054-075.wav,572,brass_acoustic_059,1,brass,0,acoustic,54,75,16000,bright|reverb
keyboard_acoustic_004-079-075,keyboard_acoustic_004-079-075,/root/autodl-tmp/tokenizer-eval/data/nsynth/nsynth-test/audio/keyboard_acoustic_004-079-075.wav,327,keyboard_acoustic_004,4,keyboard,0,acoustic,79,75,16000,reverb
organ_electronic_104-034-127,organ_electronic_104-034-127,/root/autodl-tmp/tokenizer-eval/data/nsynth/nsynth-test/audio/organ_electronic_104-034-127.wav,921,organ_electronic_104,6,organ,1,electronic,34,127,16000,
keyboard_acoustic_004-063-127,keyboard_acoustic_004-063-127,/root/autodl-tmp/tokenizer-eval/data/nsynth/nsynth-test/audio/keyboard_acoustic_004-063-127.wav,327,keyboard_acoustic_004,4,keyboard,0,acoustic,63,127,16000,reverb
vocal_synthetic_003-030-127,vocal_synthetic_003-030-127,/root/autodl-tmp/tokenizer-eval/data/nsynth/nsynth-test/audio/vocal_synthetic_003-030-127.wav,37,vocal_synthetic_003,10,vocal,2,synthetic,30,127,16000,bright|distortion|long_release|nonlinear_env
organ_electronic_057-047-127,organ_electronic_057-047-127,/root/autodl-tmp/tokenizer-eval/data/nsynth/nsynth-test/audio/organ_electronic_057-047-127.wav,701,organ_electronic_057,6,organ,1,electronic,47,127,16000,dark
brass_acoustic_006-041-050,brass_acoustic_006-041-050,/root/autodl-tmp/tokenizer-eval/data/nsynth/nsynth-test/audio/brass_acoustic_006-041-050.wav,43,brass_acoustic_006,1,brass,0,acoustic,41,50,16000,reverb
organ_electronic_007-021-050,organ_electronic_007-021-050,/root/autodl-tmp/tokenizer-eval/data/nsynth/nsynth-test/audio/organ_electronic_007-021-050.wav,123,organ_electronic_007,6,organ,1,electronic,21,50,16000,distortion|long_release|nonlinear_env
brass_acoustic_015-066-050,brass_acoustic_015-066-050,/root/autodl-tmp/tokenizer-eval/data/nsynth/nsynth-test/audio/brass_acoustic_015-066-050.wav,121,brass_acoustic_015,1,brass,0,acoustic,66,50,16000,reverb
reed_acoustic_018-086-127,reed_acoustic_018-086-127,/root/autodl-tmp/tokenizer-eval/data/nsynth/nsynth-test/audio/reed_acoustic_018-086-127.wav,183,reed_acoustic_018,7,reed,0,acoustic,86,127,16000,
string_acoustic_071-035-100,string_acoustic_071-035-100,/root/autodl-tmp/tokenizer-eval/data/nsynth/nsynth-test/audio/string_acoustic_071-035-100.wav,609,string_acoustic_071,8,string,0,acoustic,35,100,16000,long_release|reverb
mallet_acoustic_062-108-050,mallet_acoustic_062-108-050,/root/autodl-tmp/tokenizer-eval/data/nsynth/nsynth-test/audio/mallet_acoustic_062-108-050.wav,644,mallet_acoustic_062,5,mallet,0,acoustic,108,50,16000,bright|fast_decay|multiphonic|percussive
flute_acoustic_002-067-050,flute_acoustic_002-067-050,/root/autodl-tmp/tokenizer-eval/data/nsynth/nsynth-test/audio/flute_acoustic_002-067-050.wav,86,flute_acoustic_002,2,flute,0,acoustic,67,50,16000,long_release|reverb
bass_synthetic_033-076-075,bass_synthetic_033-076-075,/root/autodl-tmp/tokenizer-eval/data/nsynth/nsynth-test/audio/bass_synthetic_033-076-075.wav,417,bass_synthetic_033,0,bass,2,synthetic,76,75,16000,
bass_synthetic_009-073-050,bass_synthetic_009-073-050,/root/autodl-tmp/tokenizer-eval/data/nsynth/nsynth-test/audio/bass_synthetic_009-073-050.wav,150,bass_synthetic_009,0,bass,2,synthetic,73,50,16000,bright|distortion|long_release
string_acoustic_080-047-050,string_acoustic_080-047-050,/root/autodl-tmp/tokenizer-eval/data/nsynth/nsynth-test/audio/string_acoustic_080-047-050.wav,675,string_acoustic_080,8,string,0,acoustic,47,50,16000,reverb
organ_electronic_057-045-050,organ_electronic_057-045-050,/root/autodl-tmp/tokenizer-eval/data/nsynth/nsynth-test/audio/organ_electronic_057-045-050.wav,701,organ_electronic_057,6,organ,1,electronic,45,50,16000,dark
bass_electronic_018-030-050,bass_electronic_018-030-050,/root/autodl-tmp/tokenizer-eval/data/nsynth/nsynth-test/audio/bass_electronic_018-030-050.wav,759,bass_electronic_018,0,bass,1,electronic,30,50,16000,
flute_acoustic_002-078-025,flute_acoustic_002-078-025,/root/autodl-tmp/tokenizer-eval/data/nsynth/nsynth-test/audio/flute_acoustic_002-078-025.wav,86,flute_acoustic_002,2,flute,0,acoustic,78,25,16000,reverb
organ_electronic_104-051-050,organ_electronic_104-051-050,/root/autodl-tmp/tokenizer-eval/data/nsynth/nsynth-test/audio/organ_electronic_104-051-050.wav,921,organ_electronic_104,6,organ,1,electronic,51,50,16000,
brass_acoustic_046-072-075,brass_acoustic_046-072-075,/root/autodl-tmp/tokenizer-eval/data/nsynth/nsynth-test/audio/brass_acoustic_046-072-075.wav,414,brass_acoustic_046,1,brass,0,acoustic,72,75,16000,bright
flute_synthetic_000-066-075,flute_synthetic_000-066-075,/root/autodl-tmp/tokenizer-eval/data/nsynth/nsynth-test/audio/flute_synthetic_000-066-075.wav,82,flute_synthetic_000,2,flute,2,synthetic,66,75,16000,distortion
bass_synthetic_134-033-075,bass_synthetic_134-033-075,/root/autodl-tmp/tokenizer-eval/data/nsynth/nsynth-test/audio/bass_synthetic_134-033-075.wav,914,bass_synthetic_134,0,bass,2,synthetic,33,75,16000,dark|reverb
organ_electronic_104-074-100,organ_electronic_104-074-100,/root/autodl-tmp/tokenizer-eval/data/nsynth/nsynth-test/audio/organ_electronic_104-074-100.wav,921,organ_electronic_104,6,organ,1,electronic,74,100,16000,
keyboard_acoustic_004-090-050,keyboard_acoustic_004-090-050,/root/autodl-tmp/tokenizer-eval/data/nsynth/nsynth-test/audio/keyboard_acoustic_004-090-050.wav,327,keyboard_acoustic_004,4,keyboard,0,acoustic,90,50,16000,dark|reverb
organ_electronic_028-031-127,organ_electronic_028-031-127,/root/autodl-tmp/tokenizer-eval/data/nsynth/nsynth-test/audio/organ_electronic_028-031-127.wav,440,organ_electronic_028,6,organ,1,electronic,31,127,16000,dark
organ_electronic_057-075-100,organ_electronic_057-075-100,/root/autodl-tmp/tokenizer-eval/data/nsynth/nsynth-test/audio/organ_electronic_057-075-100.wav,701,organ_electronic_057,6,organ,1,electronic,75,100,16000,
string_acoustic_057-088-050,string_acoustic_057-088-050,/root/autodl-tmp/tokenizer-eval/data/nsynth/nsynth-test/audio/string_acoustic_057-088-050.wav,450,string_acoustic_057,8,string,0,acoustic,88,50,16000,bright|nonlinear_env|reverb
string_acoustic_057-089-025,string_acoustic_057-089-025,/root/autodl-tmp/tokenizer-eval/data/nsynth/nsynth-test/audio/string_acoustic_057-089-025.wav,450,string_acoustic_057,8,string,0,acoustic,89,25,16000,bright|nonlinear_env|reverb
string_acoustic_057-085-100,string_acoustic_057-085-100,/root/autodl-tmp/tokenizer-eval/data/nsynth/nsynth-test/audio/string_acoustic_057-085-100.wav,450,string_acoustic_057,8,string,0,acoustic,85,100,16000,bright|nonlinear_env|reverb
brass_acoustic_046-097-100,brass_acoustic_046-097-100,/root/autodl-tmp/tokenizer-eval/data/nsynth/nsynth-test/audio/brass_acoustic_046-097-100.wav,414,brass_acoustic_046,1,brass,0,acoustic,97,100,16000,long_release
keyboard_acoustic_004-037-025,keyboard_acoustic_004-037-025,/root/autodl-tmp/tokenizer-eval/data/nsynth/nsynth-test/audio/keyboard_acoustic_004-037-025.wav,327,keyboard_acoustic_004,4,keyboard,0,acoustic,37,25,16000,dark|reverb
flute_acoustic_002-072-127,flute_acoustic_002-072-127,/root/autodl-tmp/tokenizer-eval/data/nsynth/nsynth-test/audio/flute_acoustic_002-072-127.wav,86,flute_acoustic_002,2,flute,0,acoustic,72,127,16000,long_release|reverb
reed_acoustic_011-055-127,reed_acoustic_011-055-127,/root/autodl-tmp/tokenizer-eval/data/nsynth/nsynth-test/audio/reed_acoustic_011-055-127.wav,104,reed_acoustic_011,7,reed,0,acoustic,55,127,16000,bright
string_acoustic_080-026-050,string_acoustic_080-026-050,/root/autodl-tmp/tokenizer-eval/data/nsynth/nsynth-test/audio/string_acoustic_080-026-050.wav,675,string_acoustic_080,8,string,0,acoustic,26,50,16000,long_release|reverb
organ_electronic_104-058-075,organ_electronic_104-058-075,/root/autodl-tmp/tokenizer-eval/data/nsynth/nsynth-test/audio/organ_electronic_104-058-075.wav,921,organ_electronic_104,6,organ,1,electronic,58,75,16000,
organ_electronic_028-101-075,organ_electronic_028-101-075,/root/autodl-tmp/tokenizer-eval/data/nsynth/nsynth-test/audio/organ_electronic_028-101-075.wav,440,organ_electronic_028,6,organ,1,electronic,101,75,16000,bright
guitar_acoustic_010-068-127,guitar_acoustic_010-068-127,/root/autodl-tmp/tokenizer-eval/data/nsynth/nsynth-test/audio/guitar_acoustic_010-068-127.wav,219,guitar_acoustic_010,3,guitar,0,acoustic,68,127,16000,
bass_synthetic_098-060-127,bass_synthetic_098-060-127,/root/autodl-tmp/tokenizer-eval/data/nsynth/nsynth-test/audio/bass_synthetic_098-060-127.wav,803,bass_synthetic_098,0,bass,2,synthetic,60,127,16000,distortion
reed_acoustic_037-055-050,reed_acoustic_037-055-050,/root/autodl-tmp/tokenizer-eval/data/nsynth/nsynth-test/audio/reed_acoustic_037-055-050.wav,387,reed_acoustic_037,7,reed,0,acoustic,55,50,16000,reverb
keyboard_electronic_003-042-025,keyboard_electronic_003-042-025,/root/autodl-tmp/tokenizer-eval/data/nsynth/nsynth-test/audio/keyboard_electronic_003-042-025.wav,65,keyboard_electronic_003,4,keyboard,1,electronic,42,25,16000,dark
organ_electronic_113-084-075,organ_electronic_113-084-075,/root/autodl-tmp/tokenizer-eval/data/nsynth/nsynth-test/audio/organ_electronic_113-084-075.wav,958,organ_electronic_113,6,organ,1,electronic,84,75,16000,
mallet_acoustic_062-067-075,mallet_acoustic_062-067-075,/root/autodl-tmp/tokenizer-eval/data/nsynth/nsynth-test/audio/mallet_acoustic_062-067-075.wav,644,mallet_acoustic_062,5,mallet,0,acoustic,67,75,16000,dark|multiphonic
organ_electronic_007-023-075,organ_electronic_007-023-075,/root/autodl-tmp/tokenizer-eval/data/nsynth/nsynth-test/audio/organ_electronic_007-023-075.wav,123,organ_electronic_007,6,organ,1,electronic,23,75,16000,distortion|long_release|nonlinear_env
brass_acoustic_006-063-075,brass_acoustic_006-063-075,/root/autodl-tmp/tokenizer-eval/data/nsynth/nsynth-test/audio/brass_acoustic_006-063-075.wav,43,brass_acoustic_006,1,brass,0,acoustic,63,75,16000,reverb
brass_acoustic_046-104-050,brass_acoustic_046-104-050,/root/autodl-tmp/tokenizer-eval/data/nsynth/nsynth-test/audio/brass_acoustic_046-104-050.wav,414,brass_acoustic_046,1,brass,0,acoustic,104,50,16000,long_release
brass_acoustic_059-062-075,brass_acoustic_059-062-075,/root/autodl-tmp/tokenizer-eval/data/nsynth/nsynth-test/audio/brass_acoustic_059-062-075.wav,572,brass_acoustic_059,1,brass,0,acoustic,62,75,16000,reverb
bass_synthetic_009-036-100,bass_synthetic_009-036-100,/root/autodl-tmp/tokenizer-eval/data/nsynth/nsynth-test/audio/bass_synthetic_009-036-100.wav,150,bass_synthetic_009,0,bass,2,synthetic,36,100,16000,bright|distortion|long_release
reed_acoustic_037-044-100,reed_acoustic_037-044-100,/root/autodl-tmp/tokenizer-eval/data/nsynth/nsynth-test/audio/reed_acoustic_037-044-100.wav,387,reed_acoustic_037,7,reed,0,acoustic,44,100,16000,reverb
organ_electronic_028-048-050,organ_electronic_028-048-050,/root/autodl-tmp/tokenizer-eval/data/nsynth/nsynth-test/audio/organ_electronic_028-048-050.wav,440,organ_electronic_028,6,organ,1,electronic,48,50,16000,dark
keyboard_electronic_003-031-050,keyboard_electronic_003-031-050,/root/autodl-tmp/tokenizer-eval/data/nsynth/nsynth-test/audio/keyboard_electronic_003-031-050.wav,65,keyboard_electronic_003,4,keyboard,1,electronic,31,50,16000,dark
vocal_synthetic_003-108-127,vocal_synthetic_003-108-127,/root/autodl-tmp/tokenizer-eval/data/nsynth/nsynth-test/audio/vocal_synthetic_003-108-127.wav,37,vocal_synthetic_003,10,vocal,2,synthetic,108,127,16000,bright|distortion|long_release|nonlinear_env
flute_synthetic_000-049-025,flute_synthetic_000-049-025,/root/autodl-tmp/tokenizer-eval/data/nsynth/nsynth-test/audio/flute_synthetic_000-049-025.wav,82,flute_synthetic_000,2,flute,2,synthetic,49,25,16000,distortion
guitar_acoustic_021-034-127,guitar_acoustic_021-034-127,/root/autodl-tmp/tokenizer-eval/data/nsynth/nsynth-test/audio/guitar_acoustic_021-034-127.wav,457,guitar_acoustic_021,3,guitar,0,acoustic,34,127,16000,distortion
bass_electronic_027-031-127,bass_electronic_027-031-127,/root/autodl-tmp/tokenizer-eval/data/nsynth/nsynth-test/audio/bass_electronic_027-031-127.wav,880,bass_electronic_027,0,bass,1,electronic,31,127,16000,
guitar_acoustic_030-049-025,guitar_acoustic_030-049-025,/root/autodl-tmp/tokenizer-eval/data/nsynth/nsynth-test/audio/guitar_acoustic_030-049-025.wav,642,guitar_acoustic_030,3,guitar,0,acoustic,49,25,16000,tempo-synced
string_acoustic_056-062-075,string_acoustic_056-062-075,/root/autodl-tmp/tokenizer-eval/data/nsynth/nsynth-test/audio/string_acoustic_056-062-075.wav,436,string_acoustic_056,8,string,0,acoustic,62,75,16000,fast_decay|reverb
reed_acoustic_018-086-050,reed_acoustic_018-086-050,/root/autodl-tmp/tokenizer-eval/data/nsynth/nsynth-test/audio/reed_acoustic_018-086-050.wav,183,reed_acoustic_018,7,reed,0,acoustic,86,50,16000,
keyboard_electronic_001-054-050,keyboard_electronic_001-054-050,/root/autodl-tmp/tokenizer-eval/data/nsynth/nsynth-test/audio/keyboard_electronic_001-054-050.wav,40,keyboard_electronic_001,4,keyboard,1,electronic,54,50,16000,dark
bass_synthetic_098-069-075,bass_synthetic_098-069-075,/root/autodl-tmp/tokenizer-eval/data/nsynth/nsynth-test/audio/bass_synthetic_098-069-075.wav,803,bass_synthetic_098,0,bass,2,synthetic,69,75,16000,
organ_electronic_028-032-050,organ_electronic_028-032-050,/root/autodl-tmp/tokenizer-eval/data/nsynth/nsynth-test/audio/organ_electronic_028-032-050.wav,440,organ_electronic_028,6,organ,1,electronic,32,50,16000,dark
bass_synthetic_134-106-050,bass_synthetic_134-106-050,/root/autodl-tmp/tokenizer-eval/data/nsynth/nsynth-test/audio/bass_synthetic_134-106-050.wav,914,bass_synthetic_134,0,bass,2,synthetic,106,50,16000,fast_decay|percussive|reverb
mallet_acoustic_062-086-075,mallet_acoustic_062-086-075,/root/autodl-tmp/tokenizer-eval/data/nsynth/nsynth-test/audio/mallet_acoustic_062-086-075.wav,644,mallet_acoustic_062,5,mallet,0,acoustic,86,75,16000,fast_decay|multiphonic
reed_acoustic_023-067-127,reed_acoustic_023-067-127,/root/autodl-tmp/tokenizer-eval/data/nsynth/nsynth-test/audio/reed_acoustic_023-067-127.wav,224,reed_acoustic_023,7,reed,0,acoustic,67,127,16000,bright|fast_decay|multiphonic|nonlinear_env
vocal_synthetic_003-095-075,vocal_synthetic_003-095-075,/root/autodl-tmp/tokenizer-eval/data/nsynth/nsynth-test/audio/vocal_synthetic_003-095-075.wav,37,vocal_synthetic_003,10,vocal,2,synthetic,95,75,16000,long_release|nonlinear_env
string_acoustic_012-052-127,string_acoustic_012-052-127,/root/autodl-tmp/tokenizer-eval/data/nsynth/nsynth-test/audio/string_acoustic_012-052-127.wav,97,string_acoustic_012,8,string,0,acoustic,52,127,16000,long_release|reverb
string_acoustic_071-040-100,string_acoustic_071-040-100,/root/autodl-tmp/tokenizer-eval/data/nsynth/nsynth-test/audio/string_acoustic_071-040-100.wav,609,string_acoustic_071,8,string,0,acoustic,40,100,16000,long_release|reverb
bass_synthetic_098-049-025,bass_synthetic_098-049-025,/root/autodl-tmp/tokenizer-eval/data/nsynth/nsynth-test/audio/bass_synthetic_098-049-025.wav,803,bass_synthetic_098,0,bass,2,synthetic,49,25,16000,dark
organ_electronic_057-037-127,organ_electronic_057-037-127,/root/autodl-tmp/tokenizer-eval/data/nsynth/nsynth-test/audio/organ_electronic_057-037-127.wav,701,organ_electronic_057,6,organ,1,electronic,37,127,16000,dark
mallet_acoustic_062-060-127,mallet_acoustic_062-060-127,/root/autodl-tmp/tokenizer-eval/data/nsynth/nsynth-test/audio/mallet_acoustic_062-060-127.wav,644,mallet_acoustic_062,5,mallet,0,acoustic,60,127,16000,dark|long_release|multiphonic
flute_synthetic_000-100-025,flute_synthetic_000-100-025,/root/autodl-tmp/tokenizer-eval/data/nsynth/nsynth-test/audio/flute_synthetic_000-100-025.wav,82,flute_synthetic_000,2,flute,2,synthetic,100,25,16000,bright|distortion
bass_synthetic_009-030-050,bass_synthetic_009-030-050,/root/autodl-tmp/tokenizer-eval/data/nsynth/nsynth-test/audio/bass_synthetic_009-030-050.wav,150,bass_synthetic_009,0,bass,2,synthetic,30,50,16000,bright|distortion|long_release
keyboard_electronic_098-093-050,keyboard_electronic_098-093-050,/root/autodl-tmp/tokenizer-eval/data/nsynth/nsynth-test/audio/keyboard_electronic_098-093-050.wav,905,keyboard_electronic_098,4,keyboard,1,electronic,93,50,16000,fast_decay|percussive
bass_electronic_027-059-025,bass_electronic_027-059-025,/root/autodl-tmp/tokenizer-eval/data/nsynth/nsynth-test/audio/bass_electronic_027-059-025.wav,880,bass_electronic_027,0,bass,1,electronic,59,25,16000,
keyboard_electronic_002-101-025,keyboard_electronic_002-101-025,/root/autodl-tmp/tokenizer-eval/data/nsynth/nsynth-test/audio/keyboard_electronic_002-101-025.wav,50,keyboard_electronic_002,4,keyboard,1,electronic,101,25,16000,bright|fast_decay|percussive
guitar_acoustic_021-029-025,guitar_acoustic_021-029-025,/root/autodl-tmp/tokenizer-eval/data/nsynth/nsynth-test/audio/guitar_acoustic_021-029-025.wav,457,guitar_acoustic_021,3,guitar,0,acoustic,29,25,16000,
organ_electronic_001-073-050,organ_electronic_001-073-050,/root/autodl-tmp/tokenizer-eval/data/nsynth/nsynth-test/audio/organ_electronic_001-073-050.wav,8,organ_electronic_001,6,organ,1,electronic,73,50,16000,
reed_acoustic_037-066-025,reed_acoustic_037-066-025,/root/autodl-tmp/tokenizer-eval/data/nsynth/nsynth-test/audio/reed_acoustic_037-066-025.wav,387,reed_acoustic_037,7,reed,0,acoustic,66,25,16000,reverb
guitar_electronic_028-092-127,guitar_electronic_028-092-127,/root/autodl-tmp/tokenizer-eval/data/nsynth/nsynth-test/audio/guitar_electronic_028-092-127.wav,510,guitar_electronic_028,3,guitar,1,electronic,92,127,16000,
organ_electronic_001-057-075,organ_electronic_001-057-075,/root/autodl-tmp/tokenizer-eval/data/nsynth/nsynth-test/audio/organ_electronic_001-057-075.wav,8,organ_electronic_001,6,organ,1,electronic,57,75,16000,dark
flute_synthetic_000-053-025,flute_synthetic_000-053-025,/root/autodl-tmp/tokenizer-eval/data/nsynth/nsynth-test/audio/flute_synthetic_000-053-025.wav,82,flute_synthetic_000,2,flute,2,synthetic,53,25,16000,distortion
bass_synthetic_068-078-050,bass_synthetic_068-078-050,/root/autodl-tmp/tokenizer-eval/data/nsynth/nsynth-test/audio/bass_synthetic_068-078-050.wav,656,bass_synthetic_068,0,bass,2,synthetic,78,50,16000,fast_decay
guitar_acoustic_030-074-050,guitar_acoustic_030-074-050,/root/autodl-tmp/tokenizer-eval/data/nsynth/nsynth-test/audio/guitar_acoustic_030-074-050.wav,642,guitar_acoustic_030,3,guitar,0,acoustic,74,50,16000,fast_decay|percussive|tempo-synced
brass_acoustic_006-045-127,brass_acoustic_006-045-127,/root/autodl-tmp/tokenizer-eval/data/nsynth/nsynth-test/audio/brass_acoustic_006-045-127.wav,43,brass_acoustic_006,1,brass,0,acoustic,45,127,16000,reverb
string_acoustic_056-060-075,string_acoustic_056-060-075,/root/autodl-tmp/tokenizer-eval/data/nsynth/nsynth-test/audio/string_acoustic_056-060-075.wav,436,string_acoustic_056,8,string,0,acoustic,60,75,16000,reverb
keyboard_electronic_003-030-100,keyboard_electronic_003-030-100,/root/autodl-tmp/tokenizer-eval/data/nsynth/nsynth-test/audio/keyboard_electronic_003-030-100.wav,65,keyboard_electronic_003,4,keyboard,1,electronic,30,100,16000,distortion
guitar_acoustic_015-024-100,guitar_acoustic_015-024-100,/root/autodl-tmp/tokenizer-eval/data/nsynth/nsynth-test/audio/guitar_acoustic_015-024-100.wav,316,guitar_acoustic_015,3,guitar,0,acoustic,24,100,16000,long_release|reverb
guitar_acoustic_015-048-127,guitar_acoustic_015-048-127,/root/autodl-tmp/tokenizer-eval/data/nsynth/nsynth-test/audio/guitar_acoustic_015-048-127.wav,316,guitar_acoustic_015,3,guitar,0,acoustic,48,127,16000,reverb
bass_synthetic_033-034-025,bass_synthetic_033-034-025,/root/autodl-tmp/tokenizer-eval/data/nsynth/nsynth-test/audio/bass_synthetic_033-034-025.wav,417,bass_synthetic_033,0,bass,2,synthetic,34,25,16000,dark
brass_acoustic_046-108-050,brass_acoustic_046-108-050,/root/autodl-tmp/tokenizer-eval/data/nsynth/nsynth-test/audio/brass_acoustic_046-108-050.wav,414,brass_acoustic_046,1,brass,0,acoustic,108,50,16000,long_release
bass_electronic_025-025-025,bass_electronic_025-025-025,/root/autodl-tmp/tokenizer-eval/data/nsynth/nsynth-test/audio/bass_electronic_025-025-025.wav,872,bass_electronic_025,0,bass,1,electronic,25,25,16000,
guitar_acoustic_010-077-075,guitar_acoustic_010-077-075,/root/autodl-tmp/tokenizer-eval/data/nsynth/nsynth-test/audio/guitar_acoustic_010-077-075.wav,219,guitar_acoustic_010,3,guitar,0,acoustic,77,75,16000,
keyboard_electronic_001-057-100,keyboard_electronic_001-057-100,/root/autodl-tmp/tokenizer-eval/data/nsynth/nsynth-test/audio/keyboard_electronic_001-057-100.wav,40,keyboard_electronic_001,4,keyboard,1,electronic,57,100,16000,
guitar_acoustic_014-057-075,guitar_acoustic_014-057-075,/root/autodl-tmp/tokenizer-eval/data/nsynth/nsynth-test/audio/guitar_acoustic_014-057-075.wav,263,guitar_acoustic_014,3,guitar,0,acoustic,57,75,16000,
brass_acoustic_059-059-075,brass_acoustic_059-059-075,/root/autodl-tmp/tokenizer-eval/data/nsynth/nsynth-test/audio/brass_acoustic_059-059-075.wav,572,brass_acoustic_059,1,brass,0,acoustic,59,75,16000,reverb
keyboard_electronic_098-107-050,keyboard_electronic_098-107-050,/root/autodl-tmp/tokenizer-eval/data/nsynth/nsynth-test/audio/keyboard_electronic_098-107-050.wav,905,keyboard_electronic_098,4,keyboard,1,electronic,107,50,16000,bright|fast_decay|percussive
vocal_acoustic_000-064-050,vocal_acoustic_000-064-050,/root/autodl-tmp/tokenizer-eval/data/nsynth/nsynth-test/audio/vocal_acoustic_000-064-050.wav,46,vocal_acoustic_000,10,vocal,0,acoustic,64,50,16000,reverb
keyboard_electronic_098-044-127,keyboard_electronic_098-044-127,/root/autodl-tmp/tokenizer-eval/data/nsynth/nsynth-test/audio/keyboard_electronic_098-044-127.wav,905,keyboard_electronic_098,4,keyboard,1,electronic,44,127,16000,distortion
keyboard_acoustic_004-051-127,keyboard_acoustic_004-051-127,/root/autodl-tmp/tokenizer-eval/data/nsynth/nsynth-test/audio/keyboard_acoustic_004-051-127.wav,327,keyboard_acoustic_004,4,keyboard,0,acoustic,51,127,16000,reverb
organ_electronic_028-077-050,organ_electronic_028-077-050,/root/autodl-tmp/tokenizer-eval/data/nsynth/nsynth-test/audio/organ_electronic_028-077-050.wav,440,organ_electronic_028,6,organ,1,electronic,77,50,16000,
keyboard_electronic_002-026-025,keyboard_electronic_002-026-025,/root/autodl-tmp/tokenizer-eval/data/nsynth/nsynth-test/audio/keyboard_electronic_002-026-025.wav,50,keyboard_electronic_002,4,keyboard,1,electronic,26,25,16000,
string_acoustic_057-055-100,string_acoustic_057-055-100,/root/autodl-tmp/tokenizer-eval/data/nsynth/nsynth-test/audio/string_acoustic_057-055-100.wav,450,string_acoustic_057,8,string,0,acoustic,55,100,16000,nonlinear_env|reverb
keyboard_electronic_069-033-050,keyboard_electronic_069-033-050,/root/autodl-tmp/tokenizer-eval/data/nsynth/nsynth-test/audio/keyboard_electronic_069-033-050.wav,805,keyboard_electronic_069,4,keyboard,1,electronic,33,50,16000,distortion
mallet_acoustic_047-107-127,mallet_acoustic_047-107-127,/root/autodl-tmp/tokenizer-eval/data/nsynth/nsynth-test/audio/mallet_acoustic_047-107-127.wav,488,mallet_acoustic_047,5,mallet,0,acoustic,107,127,16000,fast_decay|percussive|reverb
keyboard_electronic_098-087-075,keyboard_electronic_098-087-075,/root/autodl-tmp/tokenizer-eval/data/nsynth/nsynth-test/audio/keyboard_electronic_098-087-075.wav,905,keyboard_electronic_098,4,keyboard,1,electronic,87,75,16000,fast_decay
string_acoustic_056-071-127,string_acoustic_056-071-127,/root/autodl-tmp/tokenizer-eval/data/nsynth/nsynth-test/audio/string_acoustic_056-071-127.wav,436,string_acoustic_056,8,string,0,acoustic,71,127,16000,fast_decay|percussive|reverb
bass_synthetic_034-062-100,bass_synthetic_034-062-100,/root/autodl-tmp/tokenizer-eval/data/nsynth/nsynth-test/audio/bass_synthetic_034-062-100.wav,420,bass_synthetic_034,0,bass,2,synthetic,62,100,16000,distortion|tempo-synced
guitar_acoustic_021-058-050,guitar_acoustic_021-058-050,/root/autodl-tmp/tokenizer-eval/data/nsynth/nsynth-test/audio/guitar_acoustic_021-058-050.wav,457,guitar_acoustic_021,3,guitar,0,acoustic,58,50,16000,
flute_acoustic_002-098-075,flute_acoustic_002-098-075,/root/autodl-tmp/tokenizer-eval/data/nsynth/nsynth-test/audio/flute_acoustic_002-098-075.wav,86,flute_acoustic_002,2,flute,0,acoustic,98,75,16000,reverb
organ_electronic_001-040-050,organ_electronic_001-040-050,/root/autodl-tmp/tokenizer-eval/data/nsynth/nsynth-test/audio/organ_electronic_001-040-050.wav,8,organ_electronic_001,6,organ,1,electronic,40,50,16000,dark
organ_electronic_001-048-127,organ_electronic_001-048-127,/root/autodl-tmp/tokenizer-eval/data/nsynth/nsynth-test/audio/organ_electronic_001-048-127.wav,8,organ_electronic_001,6,organ,1,electronic,48,127,16000,dark
string_acoustic_080-033-127,string_acoustic_080-033-127,/root/autodl-tmp/tokenizer-eval/data/nsynth/nsynth-test/audio/string_acoustic_080-033-127.wav,675,string_acoustic_080,8,string,0,acoustic,33,127,16000,reverb
organ_electronic_001-090-050,organ_electronic_001-090-050,/root/autodl-tmp/tokenizer-eval/data/nsynth/nsynth-test/audio/organ_electronic_001-090-050.wav,8,organ_electronic_001,6,organ,1,electronic,90,50,16000,
bass_synthetic_034-096-100,bass_synthetic_034-096-100,/root/autodl-tmp/tokenizer-eval/data/nsynth/nsynth-test/audio/bass_synthetic_034-096-100.wav,420,bass_synthetic_034,0,bass,2,synthetic,96,100,16000,bright|distortion|tempo-synced
guitar_acoustic_014-027-100,guitar_acoustic_014-027-100,/root/autodl-tmp/tokenizer-eval/data/nsynth/nsynth-test/audio/guitar_acoustic_014-027-100.wav,263,guitar_acoustic_014,3,guitar,0,acoustic,27,100,16000,
guitar_acoustic_010-039-075,guitar_acoustic_010-039-075,/root/autodl-tmp/tokenizer-eval/data/nsynth/nsynth-test/audio/guitar_acoustic_010-039-075.wav,219,guitar_acoustic_010,3,guitar,0,acoustic,39,75,16000,
guitar_acoustic_021-067-025,guitar_acoustic_021-067-025,/root/autodl-tmp/tokenizer-eval/data/nsynth/nsynth-test/audio/guitar_acoustic_021-067-025.wav,457,guitar_acoustic_021,3,guitar,0,acoustic,67,25,16000,
flute_synthetic_000-090-100,flute_synthetic_000-090-100,/root/autodl-tmp/tokenizer-eval/data/nsynth/nsynth-test/audio/flute_synthetic_000-090-100.wav,82,flute_synthetic_000,2,flute,2,synthetic,90,100,16000,distortion
keyboard_electronic_069-058-050,keyboard_electronic_069-058-050,/root/autodl-tmp/tokenizer-eval/data/nsynth/nsynth-test/audio/keyboard_electronic_069-058-050.wav,805,keyboard_electronic_069,4,keyboard,1,electronic,58,50,16000,distortion
guitar_acoustic_015-034-075,guitar_acoustic_015-034-075,/root/autodl-tmp/tokenizer-eval/data/nsynth/nsynth-test/audio/guitar_acoustic_015-034-075.wav,316,guitar_acoustic_015,3,guitar,0,acoustic,34,75,16000,reverb
brass_acoustic_015-055-050,brass_acoustic_015-055-050,/root/autodl-tmp/tokenizer-eval/data/nsynth/nsynth-test/audio/brass_acoustic_015-055-050.wav,121,brass_acoustic_015,1,brass,0,acoustic,55,50,16000,reverb
vocal_synthetic_003-107-050,vocal_synthetic_003-107-050,/root/autodl-tmp/tokenizer-eval/data/nsynth/nsynth-test/audio/vocal_synthetic_003-107-050.wav,37,vocal_synthetic_003,10,vocal,2,synthetic,107,50,16000,bright|distortion|long_release|nonlinear_env
organ_electronic_028-081-100,organ_electronic_028-081-100,/root/autodl-tmp/tokenizer-eval/data/nsynth/nsynth-test/audio/organ_electronic_028-081-100.wav,440,organ_electronic_028,6,organ,1,electronic,81,100,16000,
organ_electronic_007-063-050,organ_electronic_007-063-050,/root/autodl-tmp/tokenizer-eval/data/nsynth/nsynth-test/audio/organ_electronic_007-063-050.wav,123,organ_electronic_007,6,organ,1,electronic,63,50,16000,distortion|long_release|nonlinear_env
keyboard_electronic_003-063-127,keyboard_electronic_003-063-127,/root/autodl-tmp/tokenizer-eval/data/nsynth/nsynth-test/audio/keyboard_electronic_003-063-127.wav,65,keyboard_electronic_003,4,keyboard,1,electronic,63,127,16000,
guitar_electronic_022-089-100,guitar_electronic_022-089-100,/root/autodl-tmp/tokenizer-eval/data/nsynth/nsynth-test/audio/guitar_electronic_022-089-100.wav,378,guitar_electronic_022,3,guitar,1,electronic,89,100,16000,
flute_acoustic_002-069-025,flute_acoustic_002-069-025,/root/autodl-tmp/tokenizer-eval/data/nsynth/nsynth-test/audio/flute_acoustic_002-069-025.wav,86,flute_acoustic_002,2,flute,0,acoustic,69,25,16000,long_release|reverb
vocal_synthetic_003-041-075,vocal_synthetic_003-041-075,/root/autodl-tmp/tokenizer-eval/data/nsynth/nsynth-test/audio/vocal_synthetic_003-041-075.wav,37,vocal_synthetic_003,10,vocal,2,synthetic,41,75,16000,distortion|long_release|nonlinear_env
mallet_acoustic_047-107-025,mallet_acoustic_047-107-025,/root/autodl-tmp/tokenizer-eval/data/nsynth/nsynth-test/audio/mallet_acoustic_047-107-025.wav,488,mallet_acoustic_047,5,mallet,0,acoustic,107,25,16000,fast_decay|percussive|reverb
string_acoustic_080-042-075,string_acoustic_080-042-075,/root/autodl-tmp/tokenizer-eval/data/nsynth/nsynth-test/audio/string_acoustic_080-042-075.wav,675,string_acoustic_080,8,string,0,acoustic,42,75,16000,reverb
string_acoustic_012-028-075,string_acoustic_012-028-075,/root/autodl-tmp/tokenizer-eval/data/nsynth/nsynth-test/audio/string_acoustic_012-028-075.wav,97,string_acoustic_012,8,string,0,acoustic,28,75,16000,reverb
reed_acoustic_023-088-050,reed_acoustic_023-088-050,/root/autodl-tmp/tokenizer-eval/data/nsynth/nsynth-test/audio/reed_acoustic_023-088-050.wav,224,reed_acoustic_023,7,reed,0,acoustic,88,50,16000,fast_decay|multiphonic|nonlinear_env
brass_acoustic_006-029-075,brass_acoustic_006-029-075,/root/autodl-tmp/tokenizer-eval/data/nsynth/nsynth-test/audio/brass_acoustic_006-029-075.wav,43,brass_acoustic_006,1,brass,0,acoustic,29,75,16000,reverb
bass_synthetic_135-076-100,bass_synthetic_135-076-100,/root/autodl-tmp/tokenizer-eval/data/nsynth/nsynth-test/audio/bass_synthetic_135-076-100.wav,927,bass_synthetic_135,0,bass,2,synthetic,76,100,16000,distortion
bass_synthetic_034-030-025,bass_synthetic_034-030-025,/root/autodl-tmp/tokenizer-eval/data/nsynth/nsynth-test/audio/bass_synthetic_034-030-025.wav,420,bass_synthetic_034,0,bass,2,synthetic,30,25,16000,distortion|tempo-synced
vocal_synthetic_003-082-075,vocal_synthetic_003-082-075,/root/autodl-tmp/tokenizer-eval/data/nsynth/nsynth-test/audio/vocal_synthetic_003-082-075.wav,37,vocal_synthetic_003,10,vocal,2,synthetic,82,75,16000,bright|distortion|long_release|nonlinear_env
flute_acoustic_002-084-025,flute_acoustic_002-084-025,/root/autodl-tmp/tokenizer-eval/data/nsynth/nsynth-test/audio/flute_acoustic_002-084-025.wav,86,flute_acoustic_002,2,flute,0,acoustic,84,25,16000,long_release|reverb
bass_synthetic_009-092-075,bass_synthetic_009-092-075,/root/autodl-tmp/tokenizer-eval/data/nsynth/nsynth-test/audio/bass_synthetic_009-092-075.wav,150,bass_synthetic_009,0,bass,2,synthetic,92,75,16000,long_release
vocal_synthetic_003-091-025,vocal_synthetic_003-091-025,/root/autodl-tmp/tokenizer-eval/data/nsynth/nsynth-test/audio/vocal_synthetic_003-091-025.wav,37,vocal_synthetic_003,10,vocal,2,synthetic,91,25,16000,bright|distortion|long_release|nonlinear_env
guitar_acoustic_010-103-050,guitar_acoustic_010-103-050,/root/autodl-tmp/tokenizer-eval/data/nsynth/nsynth-test/audio/guitar_acoustic_010-103-050.wav,219,guitar_acoustic_010,3,guitar,0,acoustic,103,50,16000,bright
string_acoustic_056-069-025,string_acoustic_056-069-025,/root/autodl-tmp/tokenizer-eval/data/nsynth/nsynth-test/audio/string_acoustic_056-069-025.wav,436,string_acoustic_056,8,string,0,acoustic,69,25,16000,fast_decay|percussive|reverb
mallet_acoustic_062-073-075,mallet_acoustic_062-073-075,/root/autodl-tmp/tokenizer-eval/data/nsynth/nsynth-test/audio/mallet_acoustic_062-073-075.wav,644,mallet_acoustic_062,5,mallet,0,acoustic,73,75,16000,dark|multiphonic
guitar_acoustic_014-069-025,guitar_acoustic_014-069-025,/root/autodl-tmp/tokenizer-eval/data/nsynth/nsynth-test/audio/guitar_acoustic_014-069-025.wav,263,guitar_acoustic_014,3,guitar,0,acoustic,69,25,16000,
keyboard_synthetic_000-072-050,keyboard_synthetic_000-072-050,/root/autodl-tmp/tokenizer-eval/data/nsynth/nsynth-test/audio/keyboard_synthetic_000-072-050.wav,577,keyboard_synthetic_000,4,keyboard,2,synthetic,72,50,16000,distortion|fast_decay|nonlinear_env
bass_synthetic_134-047-100,bass_synthetic_134-047-100,/root/autodl-tmp/tokenizer-eval/data/nsynth/nsynth-test/audio/bass_synthetic_134-047-100.wav,914,bass_synthetic_134,0,bass,2,synthetic,47,100,16000,dark|reverb
brass_acoustic_006-040-127,brass_acoustic_006-040-127,/root/autodl-tmp/tokenizer-eval/data/nsynth/nsynth-test/audio/brass_acoustic_006-040-127.wav,43,brass_acoustic_006,1,brass,0,acoustic,40,127,16000,reverb
mallet_acoustic_062-034-127,mallet_acoustic_062-034-127,/root/autodl-tmp/tokenizer-eval/data/nsynth/nsynth-test/audio/mallet_acoustic_062-034-127.wav,644,mallet_acoustic_062,5,mallet,0,acoustic,34,127,16000,dark|long_release|multiphonic
brass_acoustic_059-039-050,brass_acoustic_059-039-050,/root/autodl-tmp/tokenizer-eval/data/nsynth/nsynth-test/audio/brass_acoustic_059-039-050.wav,572,brass_acoustic_059,1,brass,0,acoustic,39,50,16000,reverb
reed_acoustic_011-042-050,reed_acoustic_011-042-050,/root/autodl-tmp/tokenizer-eval/data/nsynth/nsynth-test/audio/reed_acoustic_011-042-050.wav,104,reed_acoustic_011,7,reed,0,acoustic,42,50,16000,
organ_electronic_104-076-050,organ_electronic_104-076-050,/root/autodl-tmp/tokenizer-eval/data/nsynth/nsynth-test/audio/organ_electronic_104-076-050.wav,921,organ_electronic_104,6,organ,1,electronic,76,50,16000,
keyboard_acoustic_004-029-100,keyboard_acoustic_004-029-100,/root/autodl-tmp/tokenizer-eval/data/nsynth/nsynth-test/audio/keyboard_acoustic_004-029-100.wav,327,keyboard_acoustic_004,4,keyboard,0,acoustic,29,100,16000,reverb
keyboard_electronic_001-026-127,keyboard_electronic_001-026-127,/root/autodl-tmp/tokenizer-eval/data/nsynth/nsynth-test/audio/keyboard_electronic_001-026-127.wav,40,keyboard_electronic_001,4,keyboard,1,electronic,26,127,16000,
string_acoustic_056-062-127,string_acoustic_056-062-127,/root/autodl-tmp/tokenizer-eval/data/nsynth/nsynth-test/audio/string_acoustic_056-062-127.wav,436,string_acoustic_056,8,string,0,acoustic,62,127,16000,fast_decay|reverb
organ_electronic_007-072-127,organ_electronic_007-072-127,/root/autodl-tmp/tokenizer-eval/data/nsynth/nsynth-test/audio/organ_electronic_007-072-127.wav,123,organ_electronic_007,6,organ,1,electronic,72,127,16000,distortion|long_release|nonlinear_env
keyboard_electronic_003-065-127,keyboard_electronic_003-065-127,/root/autodl-tmp/tokenizer-eval/data/nsynth/nsynth-test/audio/keyboard_electronic_003-065-127.wav,65,keyboard_electronic_003,4,keyboard,1,electronic,65,127,16000,
guitar_acoustic_010-055-075,guitar_acoustic_010-055-075,/root/autodl-tmp/tokenizer-eval/data/nsynth/nsynth-test/audio/guitar_acoustic_010-055-075.wav,219,guitar_acoustic_010,3,guitar,0,acoustic,55,75,16000,
keyboard_synthetic_000-095-127,keyboard_synthetic_000-095-127,/root/autodl-tmp/tokenizer-eval/data/nsynth/nsynth-test/audio/keyboard_synthetic_000-095-127.wav,577,keyboard_synthetic_000,4,keyboard,2,synthetic,95,127,16000,bright|distortion|fast_decay|nonlinear_env|percussive
organ_electronic_007-056-050,organ_electronic_007-056-050,/root/autodl-tmp/tokenizer-eval/data/nsynth/nsynth-test/audio/organ_electronic_007-056-050.wav,123,organ_electronic_007,6,organ,1,electronic,56,50,16000,distortion|long_release|nonlinear_env
reed_acoustic_037-071-127,reed_acoustic_037-071-127,/root/autodl-tmp/tokenizer-eval/data/nsynth/nsynth-test/audio/reed_acoustic_037-071-127.wav,387,reed_acoustic_037,7,reed,0,acoustic,71,127,16000,long_release|reverb
mallet_acoustic_062-092-075,mallet_acoustic_062-092-075,/root/autodl-tmp/tokenizer-eval/data/nsynth/nsynth-test/audio/mallet_acoustic_062-092-075.wav,644,mallet_acoustic_062,5,mallet,0,acoustic,92,75,16000,fast_decay|multiphonic
guitar_electronic_028-101-100,guitar_electronic_028-101-100,/root/autodl-tmp/tokenizer-eval/data/nsynth/nsynth-test/audio/guitar_electronic_028-101-100.wav,510,guitar_electronic_028,3,guitar,1,electronic,101,100,16000,bright
keyboard_electronic_078-062-050,keyboard_electronic_078-062-050,/root/autodl-tmp/tokenizer-eval/data/nsynth/nsynth-test/audio/keyboard_electronic_078-062-050.wav,838,keyboard_electronic_078,4,keyboard,1,electronic,62,50,16000,bright
guitar_electronic_028-039-025,guitar_electronic_028-039-025,/root/autodl-tmp/tokenizer-eval/data/nsynth/nsynth-test/audio/guitar_electronic_028-039-025.wav,510,guitar_electronic_028,3,guitar,1,electronic,39,25,16000,dark
flute_synthetic_000-063-075,flute_synthetic_000-063-075,/root/autodl-tmp/tokenizer-eval/data/nsynth/nsynth-test/audio/flute_synthetic_000-063-075.wav,82,flute_synthetic_000,2,flute,2,synthetic,63,75,16000,distortion
bass_synthetic_134-088-025,bass_synthetic_134-088-025,/root/autodl-tmp/tokenizer-eval/data/nsynth/nsynth-test/audio/bass_synthetic_134-088-025.wav,914,bass_synthetic_134,0,bass,2,synthetic,88,25,16000,fast_decay|percussive|reverb
flute_synthetic_000-050-127,flute_synthetic_000-050-127,/root/autodl-tmp/tokenizer-eval/data/nsynth/nsynth-test/audio/flute_synthetic_000-050-127.wav,82,flute_synthetic_000,2,flute,2,synthetic,50,127,16000,distortion
vocal_synthetic_003-060-100,vocal_synthetic_003-060-100,/root/autodl-tmp/tokenizer-eval/data/nsynth/nsynth-test/audio/vocal_synthetic_003-060-100.wav,37,vocal_synthetic_003,10,vocal,2,synthetic,60,100,16000,bright|distortion|long_release|nonlinear_env
guitar_electronic_022-042-025,guitar_electronic_022-042-025,/root/autodl-tmp/tokenizer-eval/data/nsynth/nsynth-test/audio/guitar_electronic_022-042-025.wav,378,guitar_electronic_022,3,guitar,1,electronic,42,25,16000,dark
string_acoustic_080-039-127,string_acoustic_080-039-127,/root/autodl-tmp/tokenizer-eval/data/nsynth/nsynth-test/audio/string_acoustic_080-039-127.wav,675,string_acoustic_080,8,string,0,acoustic,39,127,16000,long_release|reverb
guitar_acoustic_014-034-075,guitar_acoustic_014-034-075,/root/autodl-tmp/tokenizer-eval/data/nsynth/nsynth-test/audio/guitar_acoustic_014-034-075.wav,263,guitar_acoustic_014,3,guitar,0,acoustic,34,75,16000,
guitar_electronic_028-051-075,guitar_electronic_028-051-075,/root/autodl-tmp/tokenizer-eval/data/nsynth/nsynth-test/audio/guitar_electronic_028-051-075.wav,510,guitar_electronic_028,3,guitar,1,electronic,51,75,16000,dark
organ_electronic_028-051-025,organ_electronic_028-051-025,/root/autodl-tmp/tokenizer-eval/data/nsynth/nsynth-test/audio/organ_electronic_028-051-025.wav,440,organ_electronic_028,6,organ,1,electronic,51,25,16000,dark
guitar_electronic_022-081-050,guitar_electronic_022-081-050,/root/autodl-tmp/tokenizer-eval/data/nsynth/nsynth-test/audio/guitar_electronic_022-081-050.wav,378,guitar_electronic_022,3,guitar,1,electronic,81,50,16000,
guitar_acoustic_014-040-025,guitar_acoustic_014-040-025,/root/autodl-tmp/tokenizer-eval/data/nsynth/nsynth-test/audio/guitar_acoustic_014-040-025.wav,263,guitar_acoustic_014,3,guitar,0,acoustic,40,25,16000,
keyboard_electronic_001-086-050,keyboard_electronic_001-086-050,/root/autodl-tmp/tokenizer-eval/data/nsynth/nsynth-test/audio/keyboard_electronic_001-086-050.wav,40,keyboard_electronic_001,4,keyboard,1,electronic,86,50,16000,
reed_acoustic_023-057-100,reed_acoustic_023-057-100,/root/autodl-tmp/tokenizer-eval/data/nsynth/nsynth-test/audio/reed_acoustic_023-057-100.wav,224,reed_acoustic_023,7,reed,0,acoustic,57,100,16000,bright|fast_decay|multiphonic|nonlinear_env
guitar_acoustic_014-094-100,guitar_acoustic_014-094-100,/root/autodl-tmp/tokenizer-eval/data/nsynth/nsynth-test/audio/guitar_acoustic_014-094-100.wav,263,guitar_acoustic_014,3,guitar,0,acoustic,94,100,16000,fast_decay|percussive
bass_electronic_025-053-075,bass_electronic_025-053-075,/root/autodl-tmp/tokenizer-eval/data/nsynth/nsynth-test/audio/bass_electronic_025-053-075.wav,872,bass_electronic_025,0,bass,1,electronic,53,75,16000,
vocal_acoustic_000-060-050,vocal_acoustic_000-060-050,/root/autodl-tmp/tokenizer-eval/data/nsynth/nsynth-test/audio/vocal_acoustic_000-060-050.wav,46,vocal_acoustic_000,10,vocal,0,acoustic,60,50,16000,reverb
guitar_acoustic_014-074-127,guitar_acoustic_014-074-127,/root/autodl-tmp/tokenizer-eval/data/nsynth/nsynth-test/audio/guitar_acoustic_014-074-127.wav,263,guitar_acoustic_014,3,guitar,0,acoustic,74,127,16000,
flute_synthetic_000-057-100,flute_synthetic_000-057-100,/root/autodl-tmp/tokenizer-eval/data/nsynth/nsynth-test/audio/flute_synthetic_000-057-100.wav,82,flute_synthetic_000,2,flute,2,synthetic,57,100,16000,distortion
string_acoustic_071-039-100,string_acoustic_071-039-100,/root/autodl-tmp/tokenizer-eval/data/nsynth/nsynth-test/audio/string_acoustic_071-039-100.wav,609,string_acoustic_071,8,string,0,acoustic,39,100,16000,long_release|reverb
bass_electronic_027-037-075,bass_electronic_027-037-075,/root/autodl-tmp/tokenizer-eval/data/nsynth/nsynth-test/audio/bass_electronic_027-037-075.wav,880,bass_electronic_027,0,bass,1,electronic,37,75,16000,
bass_synthetic_134-081-025,bass_synthetic_134-081-025,/root/autodl-tmp/tokenizer-eval/data/nsynth/nsynth-test/audio/bass_synthetic_134-081-025.wav,914,bass_synthetic_134,0,bass,2,synthetic,81,25,16000,fast_decay|percussive|reverb
bass_synthetic_009-057-127,bass_synthetic_009-057-127,/root/autodl-tmp/tokenizer-eval/data/nsynth/nsynth-test/audio/bass_synthetic_009-057-127.wav,150,bass_synthetic_009,0,bass,2,synthetic,57,127,16000,bright|distortion|long_release
reed_acoustic_037-075-025,reed_acoustic_037-075-025,/root/autodl-tmp/tokenizer-eval/data/nsynth/nsynth-test/audio/reed_acoustic_037-075-025.wav,387,reed_acoustic_037,7,reed,0,acoustic,75,25,16000,reverb
organ_electronic_001-070-100,organ_electronic_001-070-100,/root/autodl-tmp/tokenizer-eval/data/nsynth/nsynth-test/audio/organ_electronic_001-070-100.wav,8,organ_electronic_001,6,organ,1,electronic,70,100,16000,
string_acoustic_057-078-075,string_acoustic_057-078-075,/root/autodl-tmp/tokenizer-eval/data/nsynth/nsynth-test/audio/string_acoustic_057-078-075.wav,450,string_acoustic_057,8,string,0,acoustic,78,75,16000,bright|nonlinear_env|reverb
bass_electronic_027-049-050,bass_electronic_027-049-050,/root/autodl-tmp/tokenizer-eval/data/nsynth/nsynth-test/audio/bass_electronic_027-049-050.wav,880,bass_electronic_027,0,bass,1,electronic,49,50,16000,
keyboard_electronic_098-036-075,keyboard_electronic_098-036-075,/root/autodl-tmp/tokenizer-eval/data/nsynth/nsynth-test/audio/keyboard_electronic_098-036-075.wav,905,keyboard_electronic_098,4,keyboard,1,electronic,36,75,16000,dark|distortion
reed_acoustic_018-079-050,reed_acoustic_018-079-050,/root/autodl-tmp/tokenizer-eval/data/nsynth/nsynth-test/audio/reed_acoustic_018-079-050.wav,183,reed_acoustic_018,7,reed,0,acoustic,79,50,16000,
organ_electronic_007-024-127,organ_electronic_007-024-127,/root/autodl-tmp/tokenizer-eval/data/nsynth/nsynth-test/audio/organ_electronic_007-024-127.wav,123,organ_electronic_007,6,organ,1,electronic,24,127,16000,distortion|long_release|nonlinear_env
brass_acoustic_015-051-075,brass_acoustic_015-051-075,/root/autodl-tmp/tokenizer-eval/data/nsynth/nsynth-test/audio/brass_acoustic_015-051-075.wav,121,brass_acoustic_015,1,brass,0,acoustic,51,75,16000,reverb
organ_electronic_028-056-127,organ_electronic_028-056-127,/root/autodl-tmp/tokenizer-eval/data/nsynth/nsynth-test/audio/organ_electronic_028-056-127.wav,440,organ_electronic_028,6,organ,1,electronic,56,127,16000,dark
keyboard_electronic_001-039-127,keyboard_electronic_001-039-127,/root/autodl-tmp/tokenizer-eval/data/nsynth/nsynth-test/audio/keyboard_electronic_001-039-127.wav,40,keyboard_electronic_001,4,keyboard,1,electronic,39,127,16000,
mallet_acoustic_062-035-075,mallet_acoustic_062-035-075,/root/autodl-tmp/tokenizer-eval/data/nsynth/nsynth-test/audio/mallet_acoustic_062-035-075.wav,644,mallet_acoustic_062,5,mallet,0,acoustic,35,75,16000,dark|multiphonic
guitar_acoustic_015-023-050,guitar_acoustic_015-023-050,/root/autodl-tmp/tokenizer-eval/data/nsynth/nsynth-test/audio/guitar_acoustic_015-023-050.wav,316,guitar_acoustic_015,3,guitar,0,acoustic,23,50,16000,reverb
vocal_acoustic_000-055-025,vocal_acoustic_000-055-025,/root/autodl-tmp/tokenizer-eval/data/nsynth/nsynth-test/audio/vocal_acoustic_000-055-025.wav,46,vocal_acoustic_000,10,vocal,0,acoustic,55,25,16000,reverb
reed_acoustic_018-074-075,reed_acoustic_018-074-075,/root/autodl-tmp/tokenizer-eval/data/nsynth/nsynth-test/audio/reed_acoustic_018-074-075.wav,183,reed_acoustic_018,7,reed,0,acoustic,74,75,16000,
keyboard_electronic_002-022-075,keyboard_electronic_002-022-075,/root/autodl-tmp/tokenizer-eval/data/nsynth/nsynth-test/audio/keyboard_electronic_002-022-075.wav,50,keyboard_electronic_002,4,keyboard,1,electronic,22,75,16000,distortion
bass_electronic_025-055-025,bass_electronic_025-055-025,/root/autodl-tmp/tokenizer-eval/data/nsynth/nsynth-test/audio/bass_electronic_025-055-025.wav,872,bass_electronic_025,0,bass,1,electronic,55,25,16000,
reed_acoustic_011-075-100,reed_acoustic_011-075-100,/root/autodl-tmp/tokenizer-eval/data/nsynth/nsynth-test/audio/reed_acoustic_011-075-100.wav,104,reed_acoustic_011,7,reed,0,acoustic,75,100,16000,
organ_electronic_007-052-025,organ_electronic_007-052-025,/root/autodl-tmp/tokenizer-eval/data/nsynth/nsynth-test/audio/organ_electronic_007-052-025.wav,123,organ_electronic_007,6,organ,1,electronic,52,25,16000,distortion|long_release|nonlinear_env
string_acoustic_014-039-127,string_acoustic_014-039-127,/root/autodl-tmp/tokenizer-eval/data/nsynth/nsynth-test/audio/string_acoustic_014-039-127.wav,100,string_acoustic_014,8,string,0,acoustic,39,127,16000,dark|reverb
guitar_acoustic_010-093-127,guitar_acoustic_010-093-127,/root/autodl-tmp/tokenizer-eval/data/nsynth/nsynth-test/audio/guitar_acoustic_010-093-127.wav,219,guitar_acoustic_010,3,guitar,0,acoustic,93,127,16000,
keyboard_acoustic_004-045-075,keyboard_acoustic_004-045-075,/root/autodl-tmp/tokenizer-eval/data/nsynth/nsynth-test/audio/keyboard_acoustic_004-045-075.wav,327,keyboard_acoustic_004,4,keyboard,0,acoustic,45,75,16000,reverb
guitar_electronic_028-091-127,guitar_electronic_028-091-127,/root/autodl-tmp/tokenizer-eval/data/nsynth/nsynth-test/audio/guitar_electronic_028-091-127.wav,510,guitar_electronic_028,3,guitar,1,electronic,91,127,16000,
organ_electronic_057-066-075,organ_electronic_057-066-075,/root/autodl-tmp/tokenizer-eval/data/nsynth/nsynth-test/audio/organ_electronic_057-066-075.wav,701,organ_electronic_057,6,organ,1,electronic,66,75,16000,
organ_electronic_001-075-025,organ_electronic_001-075-025,/root/autodl-tmp/tokenizer-eval/data/nsynth/nsynth-test/audio/organ_electronic_001-075-025.wav,8,organ_electronic_001,6,organ,1,electronic,75,25,16000,
flute_synthetic_000-075-075,flute_synthetic_000-075-075,/root/autodl-tmp/tokenizer-eval/data/nsynth/nsynth-test/audio/flute_synthetic_000-075-075.wav,82,flute_synthetic_000,2,flute,2,synthetic,75,75,16000,distortion
flute_synthetic_000-062-075,flute_synthetic_000-062-075,/root/autodl-tmp/tokenizer-eval/data/nsynth/nsynth-test/audio/flute_synthetic_000-062-075.wav,82,flute_synthetic_000,2,flute,2,synthetic,62,75,16000,distortion
brass_acoustic_059-039-127,brass_acoustic_059-039-127,/root/autodl-tmp/tokenizer-eval/data/nsynth/nsynth-test/audio/brass_acoustic_059-039-127.wav,572,brass_acoustic_059,1,brass,0,acoustic,39,127,16000,reverb
keyboard_electronic_002-062-075,keyboard_electronic_002-062-075,/root/autodl-tmp/tokenizer-eval/data/nsynth/nsynth-test/audio/keyboard_electronic_002-062-075.wav,50,keyboard_electronic_002,4,keyboard,1,electronic,62,75,16000,
mallet_acoustic_062-068-050,mallet_acoustic_062-068-050,/root/autodl-tmp/tokenizer-eval/data/nsynth/nsynth-test/audio/mallet_acoustic_062-068-050.wav,644,mallet_acoustic_062,5,mallet,0,acoustic,68,50,16000,dark|fast_decay|multiphonic
flute_synthetic_000-041-100,flute_synthetic_000-041-100,/root/autodl-tmp/tokenizer-eval/data/nsynth/nsynth-test/audio/flute_synthetic_000-041-100.wav,82,flute_synthetic_000,2,flute,2,synthetic,41,100,16000,distortion
brass_acoustic_006-073-050,brass_acoustic_006-073-050,/root/autodl-tmp/tokenizer-eval/data/nsynth/nsynth-test/audio/brass_acoustic_006-073-050.wav,43,brass_acoustic_006,1,brass,0,acoustic,73,50,16000,reverb
bass_synthetic_134-041-075,bass_synthetic_134-041-075,/root/autodl-tmp/tokenizer-eval/data/nsynth/nsynth-test/audio/bass_synthetic_134-041-075.wav,914,bass_synthetic_134,0,bass,2,synthetic,41,75,16000,dark|reverb
brass_acoustic_015-059-127,brass_acoustic_015-059-127,/root/autodl-tmp/tokenizer-eval/data/nsynth/nsynth-test/audio/brass_acoustic_015-059-127.wav,121,brass_acoustic_015,1,brass,0,acoustic,59,127,16000,reverb
keyboard_electronic_078-071-100,keyboard_electronic_078-071-100,/root/autodl-tmp/tokenizer-eval/data/nsynth/nsynth-test/audio/keyboard_electronic_078-071-100.wav,838,keyboard_electronic_078,4,keyboard,1,electronic,71,100,16000,bright
vocal_acoustic_000-051-127,vocal_acoustic_000-051-127,/root/autodl-tmp/tokenizer-eval/data/nsynth/nsynth-test/audio/vocal_acoustic_000-051-127.wav,46,vocal_acoustic_000,10,vocal,0,acoustic,51,127,16000,reverb
bass_electronic_025-053-127,bass_electronic_025-053-127,/root/autodl-tmp/tokenizer-eval/data/nsynth/nsynth-test/audio/bass_electronic_025-053-127.wav,872,bass_electronic_025,0,bass,1,electronic,53,127,16000,
organ_electronic_113-039-075,organ_electronic_113-039-075,/root/autodl-tmp/tokenizer-eval/data/nsynth/nsynth-test/audio/organ_electronic_113-039-075.wav,958,organ_electronic_113,6,organ,1,electronic,39,75,16000,dark
flute_acoustic_002-103-050,flute_acoustic_002-103-050,/root/autodl-tmp/tokenizer-eval/data/nsynth/nsynth-test/audio/flute_acoustic_002-103-050.wav,86,flute_acoustic_002,2,flute,0,acoustic,103,50,16000,bright|reverb
keyboard_electronic_069-038-025,keyboard_electronic_069-038-025,/root/autodl-tmp/tokenizer-eval/data/nsynth/nsynth-test/audio/keyboard_electronic_069-038-025.wav,805,keyboard_electronic_069,4,keyboard,1,electronic,38,25,16000,distortion
bass_synthetic_033-097-127,bass_synthetic_033-097-127,/root/autodl-tmp/tokenizer-eval/data/nsynth/nsynth-test/audio/bass_synthetic_033-097-127.wav,417,bass_synthetic_033,0,bass,2,synthetic,97,127,16000,
reed_acoustic_018-066-100,reed_acoustic_018-066-100,/root/autodl-tmp/tokenizer-eval/data/nsynth/nsynth-test/audio/reed_acoustic_018-066-100.wav,183,reed_acoustic_018,7,reed,0,acoustic,66,100,16000,
bass_synthetic_134-065-100,bass_synthetic_134-065-100,/root/autodl-tmp/tokenizer-eval/data/nsynth/nsynth-test/audio/bass_synthetic_134-065-100.wav,914,bass_synthetic_134,0,bass,2,synthetic,65,100,16000,dark|reverb
guitar_acoustic_010-046-025,guitar_acoustic_010-046-025,/root/autodl-tmp/tokenizer-eval/data/nsynth/nsynth-test/audio/guitar_acoustic_010-046-025.wav,219,guitar_acoustic_010,3,guitar,0,acoustic,46,25,16000,
guitar_acoustic_030-064-075,guitar_acoustic_030-064-075,/root/autodl-tmp/tokenizer-eval/data/nsynth/nsynth-test/audio/guitar_acoustic_030-064-075.wav,642,guitar_acoustic_030,3,guitar,0,acoustic,64,75,16000,tempo-synced
keyboard_electronic_002-086-050,keyboard_electronic_002-086-050,/root/autodl-tmp/tokenizer-eval/data/nsynth/nsynth-test/audio/keyboard_electronic_002-086-050.wav,50,keyboard_electronic_002,4,keyboard,1,electronic,86,50,16000,fast_decay|percussive
string_acoustic_057-068-100,string_acoustic_057-068-100,/root/autodl-tmp/tokenizer-eval/data/nsynth/nsynth-test/audio/string_acoustic_057-068-100.wav,450,string_acoustic_057,8,string,0,acoustic,68,100,16000,bright|nonlinear_env|reverb
string_acoustic_012-029-050,string_acoustic_012-029-050,/root/autodl-tmp/tokenizer-eval/data/nsynth/nsynth-test/audio/string_acoustic_012-029-050.wav,97,string_acoustic_012,8,string,0,acoustic,29,50,16000,long_release|reverb
string_acoustic_080-035-127,string_acoustic_080-035-127,/root/autodl-tmp/tokenizer-eval/data/nsynth/nsynth-test/audio/string_acoustic_080-035-127.wav,675,string_acoustic_080,8,string,0,acoustic,35,127,16000,long_release|reverb
keyboard_synthetic_000-072-127,keyboard_synthetic_000-072-127,/root/autodl-tmp/tokenizer-eval/data/nsynth/nsynth-test/audio/keyboard_synthetic_000-072-127.wav,577,keyboard_synthetic_000,4,keyboard,2,synthetic,72,127,16000,bright|distortion|fast_decay|nonlinear_env
reed_acoustic_037-054-127,reed_acoustic_037-054-127,/root/autodl-tmp/tokenizer-eval/data/nsynth/nsynth-test/audio/reed_acoustic_037-054-127.wav,387,reed_acoustic_037,7,reed,0,acoustic,54,127,16000,long_release|reverb
string_acoustic_071-029-100,string_acoustic_071-029-100,/root/autodl-tmp/tokenizer-eval/data/nsynth/nsynth-test/audio/string_acoustic_071-029-100.wav,609,string_acoustic_071,8,string,0,acoustic,29,100,16000,long_release|reverb
mallet_acoustic_056-113-050,mallet_acoustic_056-113-050,/root/autodl-tmp/tokenizer-eval/data/nsynth/nsynth-test/audio/mallet_acoustic_056-113-050.wav,590,mallet_acoustic_056,5,mallet,0,acoustic,113,50,16000,bright
guitar_acoustic_015-096-075,guitar_acoustic_015-096-075,/root/autodl-tmp/tokenizer-eval/data/nsynth/nsynth-test/audio/guitar_acoustic_015-096-075.wav,316,guitar_acoustic_015,3,guitar,0,acoustic,96,75,16000,fast_decay|percussive|reverb
organ_electronic_113-039-025,organ_electronic_113-039-025,/root/autodl-tmp/tokenizer-eval/data/nsynth/nsynth-test/audio/organ_electronic_113-039-025.wav,958,organ_electronic_113,6,organ,1,electronic,39,25,16000,dark
guitar_acoustic_021-069-025,guitar_acoustic_021-069-025,/root/autodl-tmp/tokenizer-eval/data/nsynth/nsynth-test/audio/guitar_acoustic_021-069-025.wav,457,guitar_acoustic_021,3,guitar,0,acoustic,69,25,16000,
brass_acoustic_006-028-075,brass_acoustic_006-028-075,/root/autodl-tmp/tokenizer-eval/data/nsynth/nsynth-test/audio/brass_acoustic_006-028-075.wav,43,brass_acoustic_006,1,brass,0,acoustic,28,75,16000,reverb
reed_acoustic_011-062-100,reed_acoustic_011-062-100,/root/autodl-tmp/tokenizer-eval/data/nsynth/nsynth-test/audio/reed_acoustic_011-062-100.wav,104,reed_acoustic_011,7,reed,0,acoustic,62,100,16000,
mallet_acoustic_056-063-100,mallet_acoustic_056-063-100,/root/autodl-tmp/tokenizer-eval/data/nsynth/nsynth-test/audio/mallet_acoustic_056-063-100.wav,590,mallet_acoustic_056,5,mallet,0,acoustic,63,100,16000,fast_decay|percussive
bass_electronic_025-051-025,bass_electronic_025-051-025,/root/autodl-tmp/tokenizer-eval/data/nsynth/nsynth-test/audio/bass_electronic_025-051-025.wav,872,bass_electronic_025,0,bass,1,electronic,51,25,16000,
brass_acoustic_006-040-050,brass_acoustic_006-040-050,/root/autodl-tmp/tokenizer-eval/data/nsynth/nsynth-test/audio/brass_acoustic_006-040-050.wav,43,brass_acoustic_006,1,brass,0,acoustic,40,50,16000,reverb
keyboard_synthetic_000-077-050,keyboard_synthetic_000-077-050,/root/autodl-tmp/tokenizer-eval/data/nsynth/nsynth-test/audio/keyboard_synthetic_000-077-050.wav,577,keyboard_synthetic_000,4,keyboard,2,synthetic,77,50,16000,distortion|fast_decay|nonlinear_env
guitar_acoustic_021-058-100,guitar_acoustic_021-058-100,/root/autodl-tmp/tokenizer-eval/data/nsynth/nsynth-test/audio/guitar_acoustic_021-058-100.wav,457,guitar_acoustic_021,3,guitar,0,acoustic,58,100,16000,
string_acoustic_012-025-127,string_acoustic_012-025-127,/root/autodl-tmp/tokenizer-eval/data/nsynth/nsynth-test/audio/string_acoustic_012-025-127.wav,97,string_acoustic_012,8,string,0,acoustic,25,127,16000,long_release|reverb
mallet_acoustic_056-050-100,mallet_acoustic_056-050-100,/root/autodl-tmp/tokenizer-eval/data/nsynth/nsynth-test/audio/mallet_acoustic_056-050-100.wav,590,mallet_acoustic_056,5,mallet,0,acoustic,50,100,16000,bright|fast_decay|percussive
mallet_acoustic_062-093-050,mallet_acoustic_062-093-050,/root/autodl-tmp/tokenizer-eval/data/nsynth/nsynth-test/audio/mallet_acoustic_062-093-050.wav,644,mallet_acoustic_062,5,mallet,0,acoustic,93,50,16000,fast_decay|multiphonic
organ_electronic_007-068-025,organ_electronic_007-068-025,/root/autodl-tmp/tokenizer-eval/data/nsynth/nsynth-test/audio/organ_electronic_007-068-025.wav,123,organ_electronic_007,6,organ,1,electronic,68,25,16000,distortion|long_release|nonlinear_env
bass_electronic_025-032-127,bass_electronic_025-032-127,/root/autodl-tmp/tokenizer-eval/data/nsynth/nsynth-test/audio/bass_electronic_025-032-127.wav,872,bass_electronic_025,0,bass,1,electronic,32,127,16000,
string_acoustic_071-051-127,string_acoustic_071-051-127,/root/autodl-tmp/tokenizer-eval/data/nsynth/nsynth-test/audio/string_acoustic_071-051-127.wav,609,string_acoustic_071,8,string,0,acoustic,51,127,16000,reverb
keyboard_electronic_002-049-127,keyboard_electronic_002-049-127,/root/autodl-tmp/tokenizer-eval/data/nsynth/nsynth-test/audio/keyboard_electronic_002-049-127.wav,50,keyboard_electronic_002,4,keyboard,1,electronic,49,127,16000,distortion
keyboard_electronic_098-087-050,keyboard_electronic_098-087-050,/root/autodl-tmp/tokenizer-eval/data/nsynth/nsynth-test/audio/keyboard_electronic_098-087-050.wav,905,keyboard_electronic_098,4,keyboard,1,electronic,87,50,16000,fast_decay
brass_acoustic_059-060-075,brass_acoustic_059-060-075,/root/autodl-tmp/tokenizer-eval/data/nsynth/nsynth-test/audio/brass_acoustic_059-060-075.wav,572,brass_acoustic_059,1,brass,0,acoustic,60,75,16000,reverb
reed_acoustic_037-069-127,reed_acoustic_037-069-127,/root/autodl-tmp/tokenizer-eval/data/nsynth/nsynth-test/audio/reed_acoustic_037-069-127.wav,387,reed_acoustic_037,7,reed,0,acoustic,69,127,16000,reverb
reed_acoustic_023-091-025,reed_acoustic_023-091-025,/root/autodl-tmp/tokenizer-eval/data/nsynth/nsynth-test/audio/reed_acoustic_023-091-025.wav,224,reed_acoustic_023,7,reed,0,acoustic,91,25,16000,fast_decay|multiphonic|nonlinear_env
reed_acoustic_018-062-025,reed_acoustic_018-062-025,/root/autodl-tmp/tokenizer-eval/data/nsynth/nsynth-test/audio/reed_acoustic_018-062-025.wav,183,reed_acoustic_018,7,reed,0,acoustic,62,25,16000,
guitar_acoustic_021-094-100,guitar_acoustic_021-094-100,/root/autodl-tmp/tokenizer-eval/data/nsynth/nsynth-test/audio/guitar_acoustic_021-094-100.wav,457,guitar_acoustic_021,3,guitar,0,acoustic,94,100,16000,fast_decay|percussive
string_acoustic_012-047-025,string_acoustic_012-047-025,/root/autodl-tmp/tokenizer-eval/data/nsynth/nsynth-test/audio/string_acoustic_012-047-025.wav,97,string_acoustic_012,8,string,0,acoustic,47,25,16000,long_release|reverb
guitar_acoustic_021-051-100,guitar_acoustic_021-051-100,/root/autodl-tmp/tokenizer-eval/data/nsynth/nsynth-test/audio/guitar_acoustic_021-051-100.wav,457,guitar_acoustic_021,3,guitar,0,acoustic,51,100,16000,
mallet_acoustic_047-101-127,mallet_acoustic_047-101-127,/root/autodl-tmp/tokenizer-eval/data/nsynth/nsynth-test/audio/mallet_acoustic_047-101-127.wav,488,mallet_acoustic_047,5,mallet,0,acoustic,101,127,16000,fast_decay|percussive|reverb
organ_electronic_104-052-100,organ_electronic_104-052-100,/root/autodl-tmp/tokenizer-eval/data/nsynth/nsynth-test/audio/organ_electronic_104-052-100.wav,921,organ_electronic_104,6,organ,1,electronic,52,100,16000,
guitar_acoustic_014-026-100,guitar_acoustic_014-026-100,/root/autodl-tmp/tokenizer-eval/data/nsynth/nsynth-test/audio/guitar_acoustic_014-026-100.wav,263,guitar_acoustic_014,3,guitar,0,acoustic,26,100,16000,long_release
guitar_acoustic_010-090-075,guitar_acoustic_010-090-075,/root/autodl-tmp/tokenizer-eval/data/nsynth/nsynth-test/audio/guitar_acoustic_010-090-075.wav,219,guitar_acoustic_010,3,guitar,0,acoustic,90,75,16000,
string_acoustic_012-048-100,string_acoustic_012-048-100,/root/autodl-tmp/tokenizer-eval/data/nsynth/nsynth-test/audio/string_acoustic_012-048-100.wav,97,string_acoustic_012,8,string,0,acoustic,48,100,16000,long_release|reverb
guitar_acoustic_014-087-075,guitar_acoustic_014-087-075,/root/autodl-tmp/tokenizer-eval/data/nsynth/nsynth-test/audio/guitar_acoustic_014-087-075.wav,263,guitar_acoustic_014,3,guitar,0,acoustic,87,75,16000,fast_decay|percussive
mallet_acoustic_062-028-127,mallet_acoustic_062-028-127,/root/autodl-tmp/tokenizer-eval/data/nsynth/nsynth-test/audio/mallet_acoustic_062-028-127.wav,644,mallet_acoustic_062,5,mallet,0,acoustic,28,127,16000,dark|long_release|multiphonic
bass_synthetic_068-031-100,bass_synthetic_068-031-100,/root/autodl-tmp/tokenizer-eval/data/nsynth/nsynth-test/audio/bass_synthetic_068-031-100.wav,656,bass_synthetic_068,0,bass,2,synthetic,31,100,16000,dark
string_acoustic_071-028-025,string_acoustic_071-028-025,/root/autodl-tmp/tokenizer-eval/data/nsynth/nsynth-test/audio/string_acoustic_071-028-025.wav,609,string_acoustic_071,8,string,0,acoustic,28,25,16000,long_release|reverb
brass_acoustic_016-065-075,brass_acoustic_016-065-075,/root/autodl-tmp/tokenizer-eval/data/nsynth/nsynth-test/audio/brass_acoustic_016-065-075.wav,128,brass_acoustic_016,1,brass,0,acoustic,65,75,16000,bright
keyboard_electronic_069-087-100,keyboard_electronic_069-087-100,/root/autodl-tmp/tokenizer-eval/data/nsynth/nsynth-test/audio/keyboard_electronic_069-087-100.wav,805,keyboard_electronic_069,4,keyboard,1,electronic,87,100,16000,
flute_acoustic_002-085-127,flute_acoustic_002-085-127,/root/autodl-tmp/tokenizer-eval/data/nsynth/nsynth-test/audio/flute_acoustic_002-085-127.wav,86,flute_acoustic_002,2,flute,0,acoustic,85,127,16000,reverb
guitar_acoustic_010-077-025,guitar_acoustic_010-077-025,/root/autodl-tmp/tokenizer-eval/data/nsynth/nsynth-test/audio/guitar_acoustic_010-077-025.wav,219,guitar_acoustic_010,3,guitar,0,acoustic,77,25,16000,
guitar_acoustic_030-059-075,guitar_acoustic_030-059-075,/root/autodl-tmp/tokenizer-eval/data/nsynth/nsynth-test/audio/guitar_acoustic_030-059-075.wav,642,guitar_acoustic_030,3,guitar,0,acoustic,59,75,16000,tempo-synced
brass_acoustic_015-070-025,brass_acoustic_015-070-025,/root/autodl-tmp/tokenizer-eval/data/nsynth/nsynth-test/audio/brass_acoustic_015-070-025.wav,121,brass_acoustic_015,1,brass,0,acoustic,70,25,16000,reverb
brass_acoustic_015-052-025,brass_acoustic_015-052-025,/root/autodl-tmp/tokenizer-eval/data/nsynth/nsynth-test/audio/brass_acoustic_015-052-025.wav,121,brass_acoustic_015,1,brass,0,acoustic,52,25,16000,reverb
guitar_acoustic_010-025-025,guitar_acoustic_010-025-025,/root/autodl-tmp/tokenizer-eval/data/nsynth/nsynth-test/audio/guitar_acoustic_010-025-025.wav,219,guitar_acoustic_010,3,guitar,0,acoustic,25,25,16000,
guitar_acoustic_010-068-075,guitar_acoustic_010-068-075,/root/autodl-tmp/tokenizer-eval/data/nsynth/nsynth-test/audio/guitar_acoustic_010-068-075.wav,219,guitar_acoustic_010,3,guitar,0,acoustic,68,75,16000,
brass_acoustic_016-075-075,brass_acoustic_016-075-075,/root/autodl-tmp/tokenizer-eval/data/nsynth/nsynth-test/audio/brass_acoustic_016-075-075.wav,128,brass_acoustic_016,1,brass,0,acoustic,75,75,16000,bright
brass_acoustic_046-094-100,brass_acoustic_046-094-100,/root/autodl-tmp/tokenizer-eval/data/nsynth/nsynth-test/audio/brass_acoustic_046-094-100.wav,414,brass_acoustic_046,1,brass,0,acoustic,94,100,16000,long_release
string_acoustic_012-032-050,string_acoustic_012-032-050,/root/autodl-tmp/tokenizer-eval/data/nsynth/nsynth-test/audio/string_acoustic_012-032-050.wav,97,string_acoustic_012,8,string,0,acoustic,32,50,16000,reverb
mallet_acoustic_062-021-050,mallet_acoustic_062-021-050,/root/autodl-tmp/tokenizer-eval/data/nsynth/nsynth-test/audio/mallet_acoustic_062-021-050.wav,644,mallet_acoustic_062,5,mallet,0,acoustic,21,50,16000,dark|multiphonic
guitar_acoustic_014-101-075,guitar_acoustic_014-101-075,/root/autodl-tmp/tokenizer-eval/data/nsynth/nsynth-test/audio/guitar_acoustic_014-101-075.wav,263,guitar_acoustic_014,3,guitar,0,acoustic,101,75,16000,fast_decay|percussive
organ_electronic_028-030-127,organ_electronic_028-030-127,/root/autodl-tmp/tokenizer-eval/data/nsynth/nsynth-test/audio/organ_electronic_028-030-127.wav,440,organ_electronic_028,6,organ,1,electronic,30,127,16000,dark|long_release
guitar_acoustic_021-096-100,guitar_acoustic_021-096-100,/root/autodl-tmp/tokenizer-eval/data/nsynth/nsynth-test/audio/guitar_acoustic_021-096-100.wav,457,guitar_acoustic_021,3,guitar,0,acoustic,96,100,16000,fast_decay|percussive
string_acoustic_056-074-100,string_acoustic_056-074-100,/root/autodl-tmp/tokenizer-eval/data/nsynth/nsynth-test/audio/string_acoustic_056-074-100.wav,436,string_acoustic_056,8,string,0,acoustic,74,100,16000,fast_decay|percussive|reverb
bass_synthetic_068-038-050,bass_synthetic_068-038-050,/root/autodl-tmp/tokenizer-eval/data/nsynth/nsynth-test/audio/bass_synthetic_068-038-050.wav,656,bass_synthetic_068,0,bass,2,synthetic,38,50,16000,dark
flute_synthetic_000-073-075,flute_synthetic_000-073-075,/root/autodl-tmp/tokenizer-eval/data/nsynth/nsynth-test/audio/flute_synthetic_000-073-075.wav,82,flute_synthetic_000,2,flute,2,synthetic,73,75,16000,distortion
string_acoustic_056-059-075,string_acoustic_056-059-075,/root/autodl-tmp/tokenizer-eval/data/nsynth/nsynth-test/audio/string_acoustic_056-059-075.wav,436,string_acoustic_056,8,string,0,acoustic,59,75,16000,fast_decay|percussive|reverb
organ_electronic_057-031-075,organ_electronic_057-031-075,/root/autodl-tmp/tokenizer-eval/data/nsynth/nsynth-test/audio/organ_electronic_057-031-075.wav,701,organ_electronic_057,6,organ,1,electronic,31,75,16000,dark
guitar_electronic_028-058-025,guitar_electronic_028-058-025,/root/autodl-tmp/tokenizer-eval/data/nsynth/nsynth-test/audio/guitar_electronic_028-058-025.wav,510,guitar_electronic_028,3,guitar,1,electronic,58,25,16000,dark
mallet_acoustic_062-061-100,mallet_acoustic_062-061-100,/root/autodl-tmp/tokenizer-eval/data/nsynth/nsynth-test/audio/mallet_acoustic_062-061-100.wav,644,mallet_acoustic_062,5,mallet,0,acoustic,61,100,16000,dark|multiphonic
flute_acoustic_002-084-075,flute_acoustic_002-084-075,/root/autodl-tmp/tokenizer-eval/data/nsynth/nsynth-test/audio/flute_acoustic_002-084-075.wav,86,flute_acoustic_002,2,flute,0,acoustic,84,75,16000,long_release|reverb
bass_synthetic_068-089-100,bass_synthetic_068-089-100,/root/autodl-tmp/tokenizer-eval/data/nsynth/nsynth-test/audio/bass_synthetic_068-089-100.wav,656,bass_synthetic_068,0,bass,2,synthetic,89,100,16000,fast_decay
brass_acoustic_046-089-050,brass_acoustic_046-089-050,/root/autodl-tmp/tokenizer-eval/data/nsynth/nsynth-test/audio/brass_acoustic_046-089-050.wav,414,brass_acoustic_046,1,brass,0,acoustic,89,50,16000,long_release
string_acoustic_080-034-100,string_acoustic_080-034-100,/root/autodl-tmp/tokenizer-eval/data/nsynth/nsynth-test/audio/string_acoustic_080-034-100.wav,675,string_acoustic_080,8,string,0,acoustic,34,100,16000,long_release|reverb
string_acoustic_057-072-050,string_acoustic_057-072-050,/root/autodl-tmp/tokenizer-eval/data/nsynth/nsynth-test/audio/string_acoustic_057-072-050.wav,450,string_acoustic_057,8,string,0,acoustic,72,50,16000,bright|nonlinear_env|reverb
vocal_synthetic_003-088-025,vocal_synthetic_003-088-025,/root/autodl-tmp/tokenizer-eval/data/nsynth/nsynth-test/audio/vocal_synthetic_003-088-025.wav,37,vocal_synthetic_003,10,vocal,2,synthetic,88,25,16000,bright|distortion|long_release|nonlinear_env
brass_acoustic_059-042-127,brass_acoustic_059-042-127,/root/autodl-tmp/tokenizer-eval/data/nsynth/nsynth-test/audio/brass_acoustic_059-042-127.wav,572,brass_acoustic_059,1,brass,0,acoustic,42,127,16000,reverb
bass_synthetic_135-023-100,bass_synthetic_135-023-100,/root/autodl-tmp/tokenizer-eval/data/nsynth/nsynth-test/audio/bass_synthetic_135-023-100.wav,927,bass_synthetic_135,0,bass,2,synthetic,23,100,16000,distortion
bass_electronic_025-062-050,bass_electronic_025-062-050,/root/autodl-tmp/tokenizer-eval/data/nsynth/nsynth-test/audio/bass_electronic_025-062-050.wav,872,bass_electronic_025,0,bass,1,electronic,62,50,16000,
bass_synthetic_068-021-127,bass_synthetic_068-021-127,/root/autodl-tmp/tokenizer-eval/data/nsynth/nsynth-test/audio/bass_synthetic_068-021-127.wav,656,bass_synthetic_068,0,bass,2,synthetic,21,127,16000,dark|distortion
guitar_acoustic_014-060-127,guitar_acoustic_014-060-127,/root/autodl-tmp/tokenizer-eval/data/nsynth/nsynth-test/audio/guitar_acoustic_014-060-127.wav,263,guitar_acoustic_014,3,guitar,0,acoustic,60,127,16000,
guitar_acoustic_010-101-075,guitar_acoustic_010-101-075,/root/autodl-tmp/tokenizer-eval/data/nsynth/nsynth-test/audio/guitar_acoustic_010-101-075.wav,219,guitar_acoustic_010,3,guitar,0,acoustic,101,75,16000,bright
flute_acoustic_002-098-127,flute_acoustic_002-098-127,/root/autodl-tmp/tokenizer-eval/data/nsynth/nsynth-test/audio/flute_acoustic_002-098-127.wav,86,flute_acoustic_002,2,flute,0,acoustic,98,127,16000,reverb
guitar_acoustic_014-033-075,guitar_acoustic_014-033-075,/root/autodl-tmp/tokenizer-eval/data/nsynth/nsynth-test/audio/guitar_acoustic_014-033-075.wav,263,guitar_acoustic_014,3,guitar,0,acoustic,33,75,16000,
guitar_acoustic_014-102-127,guitar_acoustic_014-102-127,/root/autodl-tmp/tokenizer-eval/data/nsynth/nsynth-test/audio/guitar_acoustic_014-102-127.wav,263,guitar_acoustic_014,3,guitar,0,acoustic,102,127,16000,fast_decay|percussive
bass_synthetic_098-076-025,bass_synthetic_098-076-025,/root/autodl-tmp/tokenizer-eval/data/nsynth/nsynth-test/audio/bass_synthetic_098-076-025.wav,803,bass_synthetic_098,0,bass,2,synthetic,76,25,16000,
keyboard_electronic_098-073-100,keyboard_electronic_098-073-100,/root/autodl-tmp/tokenizer-eval/data/nsynth/nsynth-test/audio/keyboard_electronic_098-073-100.wav,905,keyboard_electronic_098,4,keyboard,1,electronic,73,100,16000,
reed_acoustic_023-050-025,reed_acoustic_023-050-025,/root/autodl-tmp/tokenizer-eval/data/nsynth/nsynth-test/audio/reed_acoustic_023-050-025.wav,224,reed_acoustic_023,7,reed,0,acoustic,50,25,16000,bright|fast_decay|multiphonic|nonlinear_env
string_acoustic_056-079-050,string_acoustic_056-079-050,/root/autodl-tmp/tokenizer-eval/data/nsynth/nsynth-test/audio/string_acoustic_056-079-050.wav,436,string_acoustic_056,8,string,0,acoustic,79,50,16000,fast_decay|percussive|reverb
guitar_acoustic_030-073-050,guitar_acoustic_030-073-050,/root/autodl-tmp/tokenizer-eval/data/nsynth/nsynth-test/audio/guitar_acoustic_030-073-050.wav,642,guitar_acoustic_030,3,guitar,0,acoustic,73,50,16000,fast_decay|percussive|tempo-synced
flute_synthetic_000-077-075,flute_synthetic_000-077-075,/root/autodl-tmp/tokenizer-eval/data/nsynth/nsynth-test/audio/flute_synthetic_000-077-075.wav,82,flute_synthetic_000,2,flute,2,synthetic,77,75,16000,distortion
flute_synthetic_000-084-025,flute_synthetic_000-084-025,/root/autodl-tmp/tokenizer-eval/data/nsynth/nsynth-test/audio/flute_synthetic_000-084-025.wav,82,flute_synthetic_000,2,flute,2,synthetic,84,25,16000,distortion
mallet_acoustic_062-057-127,mallet_acoustic_062-057-127,/root/autodl-tmp/tokenizer-eval/data/nsynth/nsynth-test/audio/mallet_acoustic_062-057-127.wav,644,mallet_acoustic_062,5,mallet,0,acoustic,57,127,16000,dark|long_release|multiphonic
reed_acoustic_037-036-075,reed_acoustic_037-036-075,/root/autodl-tmp/tokenizer-eval/data/nsynth/nsynth-test/audio/reed_acoustic_037-036-075.wav,387,reed_acoustic_037,7,reed,0,acoustic,36,75,16000,reverb
reed_acoustic_037-052-025,reed_acoustic_037-052-025,/root/autodl-tmp/tokenizer-eval/data/nsynth/nsynth-test/audio/reed_acoustic_037-052-025.wav,387,reed_acoustic_037,7,reed,0,acoustic,52,25,16000,reverb
organ_electronic_057-024-025,organ_electronic_057-024-025,/root/autodl-tmp/tokenizer-eval/data/nsynth/nsynth-test/audio/organ_electronic_057-024-025.wav,701,organ_electronic_057,6,organ,1,electronic,24,25,16000,dark
guitar_acoustic_030-090-075,guitar_acoustic_030-090-075,/root/autodl-tmp/tokenizer-eval/data/nsynth/nsynth-test/audio/guitar_acoustic_030-090-075.wav,642,guitar_acoustic_030,3,guitar,0,acoustic,90,75,16000,fast_decay|tempo-synced
brass_acoustic_046-057-100,brass_acoustic_046-057-100,/root/autodl-tmp/tokenizer-eval/data/nsynth/nsynth-test/audio/brass_acoustic_046-057-100.wav,414,brass_acoustic_046,1,brass,0,acoustic,57,100,16000,
bass_electronic_018-027-075,bass_electronic_018-027-075,/root/autodl-tmp/tokenizer-eval/data/nsynth/nsynth-test/audio/bass_electronic_018-027-075.wav,759,bass_electronic_018,0,bass,1,electronic,27,75,16000,
guitar_acoustic_015-080-050,guitar_acoustic_015-080-050,/root/autodl-tmp/tokenizer-eval/data/nsynth/nsynth-test/audio/guitar_acoustic_015-080-050.wav,316,guitar_acoustic_015,3,guitar,0,acoustic,80,50,16000,fast_decay|percussive|reverb
organ_electronic_113-027-025,organ_electronic_113-027-025,/root/autodl-tmp/tokenizer-eval/data/nsynth/nsynth-test/audio/organ_electronic_113-027-025.wav,958,organ_electronic_113,6,organ,1,electronic,27,25,16000,dark
mallet_acoustic_056-090-075,mallet_acoustic_056-090-075,/root/autodl-tmp/tokenizer-eval/data/nsynth/nsynth-test/audio/mallet_acoustic_056-090-075.wav,590,mallet_acoustic_056,5,mallet,0,acoustic,90,75,16000,
flute_synthetic_000-086-025,flute_synthetic_000-086-025,/root/autodl-tmp/tokenizer-eval/data/nsynth/nsynth-test/audio/flute_synthetic_000-086-025.wav,82,flute_synthetic_000,2,flute,2,synthetic,86,25,16000,distortion
guitar_acoustic_014-090-075,guitar_acoustic_014-090-075,/root/autodl-tmp/tokenizer-eval/data/nsynth/nsynth-test/audio/guitar_acoustic_014-090-075.wav,263,guitar_acoustic_014,3,guitar,0,acoustic,90,75,16000,fast_decay|percussive
guitar_acoustic_010-076-127,guitar_acoustic_010-076-127,/root/autodl-tmp/tokenizer-eval/data/nsynth/nsynth-test/audio/guitar_acoustic_010-076-127.wav,219,guitar_acoustic_010,3,guitar,0,acoustic,76,127,16000,
string_acoustic_057-083-127,string_acoustic_057-083-127,/root/autodl-tmp/tokenizer-eval/data/nsynth/nsynth-test/audio/string_acoustic_057-083-127.wav,450,string_acoustic_057,8,string,0,acoustic,83,127,16000,bright|nonlinear_env|reverb
organ_electronic_104-025-025,organ_electronic_104-025-025,/root/autodl-tmp/tokenizer-eval/data/nsynth/nsynth-test/audio/organ_electronic_104-025-025.wav,921,organ_electronic_104,6,organ,1,electronic,25,25,16000,
guitar_acoustic_010-091-127,guitar_acoustic_010-091-127,/root/autodl-tmp/tokenizer-eval/data/nsynth/nsynth-test/audio/guitar_acoustic_010-091-127.wav,219,guitar_acoustic_010,3,guitar,0,acoustic,91,127,16000,
bass_electronic_027-048-075,bass_electronic_027-048-075,/root/autodl-tmp/tokenizer-eval/data/nsynth/nsynth-test/audio/bass_electronic_027-048-075.wav,880,bass_electronic_027,0,bass,1,electronic,48,75,16000,
string_acoustic_071-038-075,string_acoustic_071-038-075,/root/autodl-tmp/tokenizer-eval/data/nsynth/nsynth-test/audio/string_acoustic_071-038-075.wav,609,string_acoustic_071,8,string,0,acoustic,38,75,16000,long_release|reverb
reed_acoustic_023-084-100,reed_acoustic_023-084-100,/root/autodl-tmp/tokenizer-eval/data/nsynth/nsynth-test/audio/reed_acoustic_023-084-100.wav,224,reed_acoustic_023,7,reed,0,acoustic,84,100,16000,bright|fast_decay|multiphonic|nonlinear_env
bass_synthetic_034-049-075,bass_synthetic_034-049-075,/root/autodl-tmp/tokenizer-eval/data/nsynth/nsynth-test/audio/bass_synthetic_034-049-075.wav,420,bass_synthetic_034,0,bass,2,synthetic,49,75,16000,distortion|tempo-synced
flute_synthetic_000-027-100,flute_synthetic_000-027-100,/root/autodl-tmp/tokenizer-eval/data/nsynth/nsynth-test/audio/flute_synthetic_000-027-100.wav,82,flute_synthetic_000,2,flute,2,synthetic,27,100,16000,distortion
bass_synthetic_134-054-050,bass_synthetic_134-054-050,/root/autodl-tmp/tokenizer-eval/data/nsynth/nsynth-test/audio/bass_synthetic_134-054-050.wav,914,bass_synthetic_134,0,bass,2,synthetic,54,50,16000,dark|reverb
string_acoustic_057-093-100,string_acoustic_057-093-100,/root/autodl-tmp/tokenizer-eval/data/nsynth/nsynth-test/audio/string_acoustic_057-093-100.wav,450,string_acoustic_057,8,string,0,acoustic,93,100,16000,nonlinear_env|reverb
brass_acoustic_015-063-075,brass_acoustic_015-063-075,/root/autodl-tmp/tokenizer-eval/data/nsynth/nsynth-test/audio/brass_acoustic_015-063-075.wav,121,brass_acoustic_015,1,brass,0,acoustic,63,75,16000,reverb
reed_acoustic_037-033-050,reed_acoustic_037-033-050,/root/autodl-tmp/tokenizer-eval/data/nsynth/nsynth-test/audio/reed_acoustic_037-033-050.wav,387,reed_acoustic_037,7,reed,0,acoustic,33,50,16000,reverb
guitar_acoustic_014-103-075,guitar_acoustic_014-103-075,/root/autodl-tmp/tokenizer-eval/data/nsynth/nsynth-test/audio/guitar_acoustic_014-103-075.wav,263,guitar_acoustic_014,3,guitar,0,acoustic,103,75,16000,fast_decay|percussive
mallet_acoustic_047-080-100,mallet_acoustic_047-080-100,/root/autodl-tmp/tokenizer-eval/data/nsynth/nsynth-test/audio/mallet_acoustic_047-080-100.wav,488,mallet_acoustic_047,5,mallet,0,acoustic,80,100,16000,fast_decay|percussive|reverb
organ_electronic_057-067-050,organ_electronic_057-067-050,/root/autodl-tmp/tokenizer-eval/data/nsynth/nsynth-test/audio/organ_electronic_057-067-050.wav,701,organ_electronic_057,6,organ,1,electronic,67,50,16000,
brass_acoustic_046-084-075,brass_acoustic_046-084-075,/root/autodl-tmp/tokenizer-eval/data/nsynth/nsynth-test/audio/brass_acoustic_046-084-075.wav,414,brass_acoustic_046,1,brass,0,acoustic,84,75,16000,long_release
mallet_acoustic_056-091-100,mallet_acoustic_056-091-100,/root/autodl-tmp/tokenizer-eval/data/nsynth/nsynth-test/audio/mallet_acoustic_056-091-100.wav,590,mallet_acoustic_056,5,mallet,0,acoustic,91,100,16000,
vocal_synthetic_003-105-050,vocal_synthetic_003-105-050,/root/autodl-tmp/tokenizer-eval/data/nsynth/nsynth-test/audio/vocal_synthetic_003-105-050.wav,37,vocal_synthetic_003,10,vocal,2,synthetic,105,50,16000,bright|distortion|long_release|nonlinear_env
bass_synthetic_135-044-025,bass_synthetic_135-044-025,/root/autodl-tmp/tokenizer-eval/data/nsynth/nsynth-test/audio/bass_synthetic_135-044-025.wav,927,bass_synthetic_135,0,bass,2,synthetic,44,25,16000,distortion
flute_synthetic_000-072-075,flute_synthetic_000-072-075,/root/autodl-tmp/tokenizer-eval/data/nsynth/nsynth-test/audio/flute_synthetic_000-072-075.wav,82,flute_synthetic_000,2,flute,2,synthetic,72,75,16000,distortion
keyboard_acoustic_004-085-127,keyboard_acoustic_004-085-127,/root/autodl-tmp/tokenizer-eval/data/nsynth/nsynth-test/audio/keyboard_acoustic_004-085-127.wav,327,keyboard_acoustic_004,4,keyboard,0,acoustic,85,127,16000,reverb
string_acoustic_014-047-050,string_acoustic_014-047-050,/root/autodl-tmp/tokenizer-eval/data/nsynth/nsynth-test/audio/string_acoustic_014-047-050.wav,100,string_acoustic_014,8,string,0,acoustic,47,50,16000,dark|fast_decay|reverb
bass_synthetic_068-035-127,bass_synthetic_068-035-127,/root/autodl-tmp/tokenizer-eval/data/nsynth/nsynth-test/audio/bass_synthetic_068-035-127.wav,656,bass_synthetic_068,0,bass,2,synthetic,35,127,16000,dark|distortion
mallet_acoustic_062-095-075,mallet_acoustic_062-095-075,/root/autodl-tmp/tokenizer-eval/data/nsynth/nsynth-test/audio/mallet_acoustic_062-095-075.wav,644,mallet_acoustic_062,5,mallet,0,acoustic,95,75,16000,fast_decay|multiphonic
brass_acoustic_046-098-075,brass_acoustic_046-098-075,/root/autodl-tmp/tokenizer-eval/data/nsynth/nsynth-test/audio/brass_acoustic_046-098-075.wav,414,brass_acoustic_046,1,brass,0,acoustic,98,75,16000,long_release
vocal_synthetic_003-050-050,vocal_synthetic_003-050-050,/root/autodl-tmp/tokenizer-eval/data/nsynth/nsynth-test/audio/vocal_synthetic_003-050-050.wav,37,vocal_synthetic_003,10,vocal,2,synthetic,50,50,16000,distortion|long_release|nonlinear_env
keyboard_electronic_069-051-100,keyboard_electronic_069-051-100,/root/autodl-tmp/tokenizer-eval/data/nsynth/nsynth-test/audio/keyboard_electronic_069-051-100.wav,805,keyboard_electronic_069,4,keyboard,1,electronic,51,100,16000,distortion
brass_acoustic_046-106-025,brass_acoustic_046-106-025,/root/autodl-tmp/tokenizer-eval/data/nsynth/nsynth-test/audio/brass_acoustic_046-106-025.wav,414,brass_acoustic_046,1,brass,0,acoustic,106,25,16000,long_release
mallet_acoustic_062-025-025,mallet_acoustic_062-025-025,/root/autodl-tmp/tokenizer-eval/data/nsynth/nsynth-test/audio/mallet_acoustic_062-025-025.wav,644,mallet_acoustic_062,5,mallet,0,acoustic,25,25,16000,dark|multiphonic
mallet_acoustic_062-074-100,mallet_acoustic_062-074-100,/root/autodl-tmp/tokenizer-eval/data/nsynth/nsynth-test/audio/mallet_acoustic_062-074-100.wav,644,mallet_acoustic_062,5,mallet,0,acoustic,74,100,16000,dark|multiphonic
organ_electronic_104-050-025,organ_electronic_104-050-025,/root/autodl-tmp/tokenizer-eval/data/nsynth/nsynth-test/audio/organ_electronic_104-050-025.wav,921,organ_electronic_104,6,organ,1,electronic,50,25,16000,
bass_synthetic_034-104-127,bass_synthetic_034-104-127,/root/autodl-tmp/tokenizer-eval/data/nsynth/nsynth-test/audio/bass_synthetic_034-104-127.wav,420,bass_synthetic_034,0,bass,2,synthetic,104,127,16000,bright|distortion|tempo-synced
vocal_synthetic_003-050-075,vocal_synthetic_003-050-075,/root/autodl-tmp/tokenizer-eval/data/nsynth/nsynth-test/audio/vocal_synthetic_003-050-075.wav,37,vocal_synthetic_003,10,vocal,2,synthetic,50,75,16000,distortion|long_release|nonlinear_env
organ_electronic_007-040-025,organ_electronic_007-040-025,/root/autodl-tmp/tokenizer-eval/data/nsynth/nsynth-test/audio/organ_electronic_007-040-025.wav,123,organ_electronic_007,6,organ,1,electronic,40,25,16000,distortion|long_release|nonlinear_env
guitar_electronic_022-036-050,guitar_electronic_022-036-050,/root/autodl-tmp/tokenizer-eval/data/nsynth/nsynth-test/audio/guitar_electronic_022-036-050.wav,378,guitar_electronic_022,3,guitar,1,electronic,36,50,16000,dark
vocal_synthetic_003-067-100,vocal_synthetic_003-067-100,/root/autodl-tmp/tokenizer-eval/data/nsynth/nsynth-test/audio/vocal_synthetic_003-067-100.wav,37,vocal_synthetic_003,10,vocal,2,synthetic,67,100,16000,bright|distortion|long_release|nonlinear_env
bass_synthetic_068-062-075,bass_synthetic_068-062-075,/root/autodl-tmp/tokenizer-eval/data/nsynth/nsynth-test/audio/bass_synthetic_068-062-075.wav,656,bass_synthetic_068,0,bass,2,synthetic,62,75,16000,dark
guitar_acoustic_015-099-127,guitar_acoustic_015-099-127,/root/autodl-tmp/tokenizer-eval/data/nsynth/nsynth-test/audio/guitar_acoustic_015-099-127.wav,316,guitar_acoustic_015,3,guitar,0,acoustic,99,127,16000,fast_decay|percussive|reverb
guitar_acoustic_021-050-100,guitar_acoustic_021-050-100,/root/autodl-tmp/tokenizer-eval/data/nsynth/nsynth-test/audio/guitar_acoustic_021-050-100.wav,457,guitar_acoustic_021,3,guitar,0,acoustic,50,100,16000,
flute_synthetic_000-073-050,flute_synthetic_000-073-050,/root/autodl-tmp/tokenizer-eval/data/nsynth/nsynth-test/audio/flute_synthetic_000-073-050.wav,82,flute_synthetic_000,2,flute,2,synthetic,73,50,16000,distortion
brass_acoustic_046-084-100,brass_acoustic_046-084-100,/root/autodl-tmp/tokenizer-eval/data/nsynth/nsynth-test/audio/brass_acoustic_046-084-100.wav,414,brass_acoustic_046,1,brass,0,acoustic,84,100,16000,long_release
bass_synthetic_098-086-100,bass_synthetic_098-086-100,/root/autodl-tmp/tokenizer-eval/data/nsynth/nsynth-test/audio/bass_synthetic_098-086-100.wav,803,bass_synthetic_098,0,bass,2,synthetic,86,100,16000,
bass_synthetic_098-102-127,bass_synthetic_098-102-127,/root/autodl-tmp/tokenizer-eval/data/nsynth/nsynth-test/audio/bass_synthetic_098-102-127.wav,803,bass_synthetic_098,0,bass,2,synthetic,102,127,16000,
string_acoustic_071-032-127,string_acoustic_071-032-127,/root/autodl-tmp/tokenizer-eval/data/nsynth/nsynth-test/audio/string_acoustic_071-032-127.wav,609,string_acoustic_071,8,string,0,acoustic,32,127,16000,reverb
string_acoustic_012-026-100,string_acoustic_012-026-100,/root/autodl-tmp/tokenizer-eval/data/nsynth/nsynth-test/audio/string_acoustic_012-026-100.wav,97,string_acoustic_012,8,string,0,acoustic,26,100,16000,reverb
guitar_acoustic_014-072-075,guitar_acoustic_014-072-075,/root/autodl-tmp/tokenizer-eval/data/nsynth/nsynth-test/audio/guitar_acoustic_014-072-075.wav,263,guitar_acoustic_014,3,guitar,0,acoustic,72,75,16000,
string_acoustic_012-027-025,string_acoustic_012-027-025,/root/autodl-tmp/tokenizer-eval/data/nsynth/nsynth-test/audio/string_acoustic_012-027-025.wav,97,string_acoustic_012,8,string,0,acoustic,27,25,16000,long_release|reverb
vocal_synthetic_003-036-100,vocal_synthetic_003-036-100,/root/autodl-tmp/tokenizer-eval/data/nsynth/nsynth-test/audio/vocal_synthetic_003-036-100.wav,37,vocal_synthetic_003,10,vocal,2,synthetic,36,100,16000,bright|distortion|long_release|nonlinear_env
string_acoustic_057-079-050,string_acoustic_057-079-050,/root/autodl-tmp/tokenizer-eval/data/nsynth/nsynth-test/audio/string_acoustic_057-079-050.wav,450,string_acoustic_057,8,string,0,acoustic,79,50,16000,bright|nonlinear_env|reverb
guitar_acoustic_010-063-100,guitar_acoustic_010-063-100,/root/autodl-tmp/tokenizer-eval/data/nsynth/nsynth-test/audio/guitar_acoustic_010-063-100.wav,219,guitar_acoustic_010,3,guitar,0,acoustic,63,100,16000,
string_acoustic_056-047-100,string_acoustic_056-047-100,/root/autodl-tmp/tokenizer-eval/data/nsynth/nsynth-test/audio/string_acoustic_056-047-100.wav,436,string_acoustic_056,8,string,0,acoustic,47,100,16000,fast_decay|reverb
organ_electronic_001-041-075,organ_electronic_001-041-075,/root/autodl-tmp/tokenizer-eval/data/nsynth/nsynth-test/audio/organ_electronic_001-041-075.wav,8,organ_electronic_001,6,organ,1,electronic,41,75,16000,dark
guitar_acoustic_021-025-075,guitar_acoustic_021-025-075,/root/autodl-tmp/tokenizer-eval/data/nsynth/nsynth-test/audio/guitar_acoustic_021-025-075.wav,457,guitar_acoustic_021,3,guitar,0,acoustic,25,75,16000,
bass_synthetic_009-032-075,bass_synthetic_009-032-075,/root/autodl-tmp/tokenizer-eval/data/nsynth/nsynth-test/audio/bass_synthetic_009-032-075.wav,150,bass_synthetic_009,0,bass,2,synthetic,32,75,16000,bright|distortion|long_release
vocal_synthetic_003-056-050,vocal_synthetic_003-056-050,/root/autodl-tmp/tokenizer-eval/data/nsynth/nsynth-test/audio/vocal_synthetic_003-056-050.wav,37,vocal_synthetic_003,10,vocal,2,synthetic,56,50,16000,distortion|long_release|nonlinear_env
brass_acoustic_016-070-025,brass_acoustic_016-070-025,/root/autodl-tmp/tokenizer-eval/data/nsynth/nsynth-test/audio/brass_acoustic_016-070-025.wav,128,brass_acoustic_016,1,brass,0,acoustic,70,25,16000,bright
brass_acoustic_016-089-025,brass_acoustic_016-089-025,/root/autodl-tmp/tokenizer-eval/data/nsynth/nsynth-test/audio/brass_acoustic_016-089-025.wav,128,brass_acoustic_016,1,brass,0,acoustic,89,25,16000,
string_acoustic_080-029-025,string_acoustic_080-029-025,/root/autodl-tmp/tokenizer-eval/data/nsynth/nsynth-test/audio/string_acoustic_080-029-025.wav,675,string_acoustic_080,8,string,0,acoustic,29,25,16000,reverb
string_acoustic_014-024-127,string_acoustic_014-024-127,/root/autodl-tmp/tokenizer-eval/data/nsynth/nsynth-test/audio/string_acoustic_014-024-127.wav,100,string_acoustic_014,8,string,0,acoustic,24,127,16000,dark|reverb
keyboard_electronic_098-023-050,keyboard_electronic_098-023-050,/root/autodl-tmp/tokenizer-eval/data/nsynth/nsynth-test/audio/keyboard_electronic_098-023-050.wav,905,keyboard_electronic_098,4,keyboard,1,electronic,23,50,16000,dark|distortion
guitar_acoustic_015-094-050,guitar_acoustic_015-094-050,/root/autodl-tmp/tokenizer-eval/data/nsynth/nsynth-test/audio/guitar_acoustic_015-094-050.wav,316,guitar_acoustic_015,3,guitar,0,acoustic,94,50,16000,fast_decay|percussive|reverb
reed_acoustic_023-090-075,reed_acoustic_023-090-075,/root/autodl-tmp/tokenizer-eval/data/nsynth/nsynth-test/audio/reed_acoustic_023-090-075.wav,224,reed_acoustic_023,7,reed,0,acoustic,90,75,16000,fast_decay|multiphonic|nonlinear_env
flute_synthetic_000-064-127,flute_synthetic_000-064-127,/root/autodl-tmp/tokenizer-eval/data/nsynth/nsynth-test/audio/flute_synthetic_000-064-127.wav,82,flute_synthetic_000,2,flute,2,synthetic,64,127,16000,distortion
bass_synthetic_034-101-075,bass_synthetic_034-101-075,/root/autodl-tmp/tokenizer-eval/data/nsynth/nsynth-test/audio/bass_synthetic_034-101-075.wav,420,bass_synthetic_034,0,bass,2,synthetic,101,75,16000,bright|distortion|tempo-synced
organ_electronic_028-095-025,organ_electronic_028-095-025,/root/autodl-tmp/tokenizer-eval/data/nsynth/nsynth-test/audio/organ_electronic_028-095-025.wav,440,organ_electronic_028,6,organ,1,electronic,95,25,16000,
mallet_acoustic_062-078-025,mallet_acoustic_062-078-025,/root/autodl-tmp/tokenizer-eval/data/nsynth/nsynth-test/audio/mallet_acoustic_062-078-025.wav,644,mallet_acoustic_062,5,mallet,0,acoustic,78,25,16000,fast_decay|multiphonic|percussive
reed_acoustic_011-044-025,reed_acoustic_011-044-025,/root/autodl-tmp/tokenizer-eval/data/nsynth/nsynth-test/audio/reed_acoustic_011-044-025.wav,104,reed_acoustic_011,7,reed,0,acoustic,44,25,16000,
vocal_acoustic_000-056-025,vocal_acoustic_000-056-025,/root/autodl-tmp/tokenizer-eval/data/nsynth/nsynth-test/audio/vocal_acoustic_000-056-025.wav,46,vocal_acoustic_000,10,vocal,0,acoustic,56,25,16000,reverb
reed_acoustic_011-073-075,reed_acoustic_011-073-075,/root/autodl-tmp/tokenizer-eval/data/nsynth/nsynth-test/audio/reed_acoustic_011-073-075.wav,104,reed_acoustic_011,7,reed,0,acoustic,73,75,16000,
organ_electronic_028-089-100,organ_electronic_028-089-100,/root/autodl-tmp/tokenizer-eval/data/nsynth/nsynth-test/audio/organ_electronic_028-089-100.wav,440,organ_electronic_028,6,organ,1,electronic,89,100,16000,bright
mallet_acoustic_062-066-050,mallet_acoustic_062-066-050,/root/autodl-tmp/tokenizer-eval/data/nsynth/nsynth-test/audio/mallet_acoustic_062-066-050.wav,644,mallet_acoustic_062,5,mallet,0,acoustic,66,50,16000,dark|fast_decay|multiphonic
guitar_acoustic_014-086-100,guitar_acoustic_014-086-100,/root/autodl-tmp/tokenizer-eval/data/nsynth/nsynth-test/audio/guitar_acoustic_014-086-100.wav,263,guitar_acoustic_014,3,guitar,0,acoustic,86,100,16000,fast_decay|percussive
brass_acoustic_046-078-050,brass_acoustic_046-078-050,/root/autodl-tmp/tokenizer-eval/data/nsynth/nsynth-test/audio/brass_acoustic_046-078-050.wav,414,brass_acoustic_046,1,brass,0,acoustic,78,50,16000,
guitar_electronic_022-077-100,guitar_electronic_022-077-100,/root/autodl-tmp/tokenizer-eval/data/nsynth/nsynth-test/audio/guitar_electronic_022-077-100.wav,378,guitar_electronic_022,3,guitar,1,electronic,77,100,16000,
vocal_synthetic_003-023-100,vocal_synthetic_003-023-100,/root/autodl-tmp/tokenizer-eval/data/nsynth/nsynth-test/audio/vocal_synthetic_003-023-100.wav,37,vocal_synthetic_003,10,vocal,2,synthetic,23,100,16000,bright|distortion|long_release|nonlinear_env
brass_acoustic_046-097-127,brass_acoustic_046-097-127,/root/autodl-tmp/tokenizer-eval/data/nsynth/nsynth-test/audio/brass_acoustic_046-097-127.wav,414,brass_acoustic_046,1,brass,0,acoustic,97,127,16000,long_release
string_acoustic_057-095-050,string_acoustic_057-095-050,/root/autodl-tmp/tokenizer-eval/data/nsynth/nsynth-test/audio/string_acoustic_057-095-050.wav,450,string_acoustic_057,8,string,0,acoustic,95,50,16000,bright|nonlinear_env|reverb
guitar_acoustic_030-045-100,guitar_acoustic_030-045-100,/root/autodl-tmp/tokenizer-eval/data/nsynth/nsynth-test/audio/guitar_acoustic_030-045-100.wav,642,guitar_acoustic_030,3,guitar,0,acoustic,45,100,16000,long_release|tempo-synced
guitar_acoustic_010-037-127,guitar_acoustic_010-037-127,/root/autodl-tmp/tokenizer-eval/data/nsynth/nsynth-test/audio/guitar_acoustic_010-037-127.wav,219,guitar_acoustic_010,3,guitar,0,acoustic,37,127,16000,
keyboard_electronic_098-082-075,keyboard_electronic_098-082-075,/root/autodl-tmp/tokenizer-eval/data/nsynth/nsynth-test/audio/keyboard_electronic_098-082-075.wav,905,keyboard_electronic_098,4,keyboard,1,electronic,82,75,16000,fast_decay
string_acoustic_012-040-025,string_acoustic_012-040-025,/root/autodl-tmp/tokenizer-eval/data/nsynth/nsynth-test/audio/string_acoustic_012-040-025.wav,97,string_acoustic_012,8,string,0,acoustic,40,25,16000,long_release|reverb
keyboard_electronic_001-029-127,keyboard_electronic_001-029-127,/root/autodl-tmp/tokenizer-eval/data/nsynth/nsynth-test/audio/keyboard_electronic_001-029-127.wav,40,keyboard_electronic_001,4,keyboard,1,electronic,29,127,16000,
vocal_synthetic_003-068-100,vocal_synthetic_003-068-100,/root/autodl-tmp/tokenizer-eval/data/nsynth/nsynth-test/audio/vocal_synthetic_003-068-100.wav,37,vocal_synthetic_003,10,vocal,2,synthetic,68,100,16000,bright|distortion|long_release|nonlinear_env
keyboard_acoustic_004-077-100,keyboard_acoustic_004-077-100,/root/autodl-tmp/tokenizer-eval/data/nsynth/nsynth-test/audio/keyboard_acoustic_004-077-100.wav,327,keyboard_acoustic_004,4,keyboard,0,acoustic,77,100,16000,reverb
vocal_acoustic_000-057-127,vocal_acoustic_000-057-127,/root/autodl-tmp/tokenizer-eval/data/nsynth/nsynth-test/audio/vocal_acoustic_000-057-127.wav,46,vocal_acoustic_000,10,vocal,0,acoustic,57,127,16000,reverb
keyboard_synthetic_000-080-100,keyboard_synthetic_000-080-100,/root/autodl-tmp/tokenizer-eval/data/nsynth/nsynth-test/audio/keyboard_synthetic_000-080-100.wav,577,keyboard_synthetic_000,4,keyboard,2,synthetic,80,100,16000,bright|distortion|fast_decay|nonlinear_env
bass_synthetic_033-104-025,bass_synthetic_033-104-025,/root/autodl-tmp/tokenizer-eval/data/nsynth/nsynth-test/audio/bass_synthetic_033-104-025.wav,417,bass_synthetic_033,0,bass,2,synthetic,104,25,16000,
mallet_acoustic_062-052-127,mallet_acoustic_062-052-127,/root/autodl-tmp/tokenizer-eval/data/nsynth/nsynth-test/audio/mallet_acoustic_062-052-127.wav,644,mallet_acoustic_062,5,mallet,0,acoustic,52,127,16000,dark|long_release|multiphonic
guitar_acoustic_015-095-075,guitar_acoustic_015-095-075,/root/autodl-tmp/tokenizer-eval/data/nsynth/nsynth-test/audio/guitar_acoustic_015-095-075.wav,316,guitar_acoustic_015,3,guitar,0,acoustic,95,75,16000,fast_decay|percussive|reverb
vocal_synthetic_003-074-025,vocal_synthetic_003-074-025,/root/autodl-tmp/tokenizer-eval/data/nsynth/nsynth-test/audio/vocal_synthetic_003-074-025.wav,37,vocal_synthetic_003,10,vocal,2,synthetic,74,25,16000,bright|distortion|long_release|nonlinear_env
guitar_electronic_028-092-050,guitar_electronic_028-092-050,/root/autodl-tmp/tokenizer-eval/data/nsynth/nsynth-test/audio/guitar_electronic_028-092-050.wav,510,guitar_electronic_028,3,guitar,1,electronic,92,50,16000,
organ_electronic_007-036-025,organ_electronic_007-036-025,/root/autodl-tmp/tokenizer-eval/data/nsynth/nsynth-test/audio/organ_electronic_007-036-025.wav,123,organ_electronic_007,6,organ,1,electronic,36,25,16000,distortion|long_release|nonlinear_env
organ_electronic_104-082-025,organ_electronic_104-082-025,/root/autodl-tmp/tokenizer-eval/data/nsynth/nsynth-test/audio/organ_electronic_104-082-025.wav,921,organ_electronic_104,6,organ,1,electronic,82,25,16000,
organ_electronic_113-083-100,organ_electronic_113-083-100,/root/autodl-tmp/tokenizer-eval/data/nsynth/nsynth-test/audio/organ_electronic_113-083-100.wav,958,organ_electronic_113,6,organ,1,electronic,83,100,16000,
bass_synthetic_033-030-050,bass_synthetic_033-030-050,/root/autodl-tmp/tokenizer-eval/data/nsynth/nsynth-test/audio/bass_synthetic_033-030-050.wav,417,bass_synthetic_033,0,bass,2,synthetic,30,50,16000,dark
string_acoustic_014-041-075,string_acoustic_014-041-075,/root/autodl-tmp/tokenizer-eval/data/nsynth/nsynth-test/audio/string_acoustic_014-041-075.wav,100,string_acoustic_014,8,string,0,acoustic,41,75,16000,dark|reverb
string_acoustic_071-045-050,string_acoustic_071-045-050,/root/autodl-tmp/tokenizer-eval/data/nsynth/nsynth-test/audio/string_acoustic_071-045-050.wav,609,string_acoustic_071,8,string,0,acoustic,45,50,16000,reverb
bass_synthetic_034-066-127,bass_synthetic_034-066-127,/root/autodl-tmp/tokenizer-eval/data/nsynth/nsynth-test/audio/bass_synthetic_034-066-127.wav,420,bass_synthetic_034,0,bass,2,synthetic,66,127,16000,distortion|tempo-synced
bass_synthetic_135-030-025,bass_synthetic_135-030-025,/root/autodl-tmp/tokenizer-eval/data/nsynth/nsynth-test/audio/bass_synthetic_135-030-025.wav,927,bass_synthetic_135,0,bass,2,synthetic,30,25,16000,distortion
keyboard_electronic_069-050-127,keyboard_electronic_069-050-127,/root/autodl-tmp/tokenizer-eval/data/nsynth/nsynth-test/audio/keyboard_electronic_069-050-127.wav,805,keyboard_electronic_069,4,keyboard,1,electronic,50,127,16000,distortion
keyboard_electronic_069-088-100,keyboard_electronic_069-088-100,/root/autodl-tmp/tokenizer-eval/data/nsynth/nsynth-test/audio/keyboard_electronic_069-088-100.wav,805,keyboard_electronic_069,4,keyboard,1,electronic,88,100,16000,
keyboard_electronic_002-055-075,keyboard_electronic_002-055-075,/root/autodl-tmp/tokenizer-eval/data/nsynth/nsynth-test/audio/keyboard_electronic_002-055-075.wav,50,keyboard_electronic_002,4,keyboard,1,electronic,55,75,16000,
brass_acoustic_006-031-127,brass_acoustic_006-031-127,/root/autodl-tmp/tokenizer-eval/data/nsynth/nsynth-test/audio/brass_acoustic_006-031-127.wav,43,brass_acoustic_006,1,brass,0,acoustic,31,127,16000,reverb
brass_acoustic_015-060-127,brass_acoustic_015-060-127,/root/autodl-tmp/tokenizer-eval/data/nsynth/nsynth-test/audio/brass_acoustic_015-060-127.wav,121,brass_acoustic_015,1,brass,0,acoustic,60,127,16000,reverb
mallet_acoustic_062-084-050,mallet_acoustic_062-084-050,/root/autodl-tmp/tokenizer-eval/data/nsynth/nsynth-test/audio/mallet_acoustic_062-084-050.wav,644,mallet_acoustic_062,5,mallet,0,acoustic,84,50,16000,fast_decay|multiphonic
organ_electronic_028-102-050,organ_electronic_028-102-050,/root/autodl-tmp/tokenizer-eval/data/nsynth/nsynth-test/audio/organ_electronic_028-102-050.wav,440,organ_electronic_028,6,organ,1,electronic,102,50,16000,bright
organ_electronic_104-070-075,organ_electronic_104-070-075,/root/autodl-tmp/tokenizer-eval/data/nsynth/nsynth-test/audio/organ_electronic_104-070-075.wav,921,organ_electronic_104,6,organ,1,electronic,70,75,16000,
brass_acoustic_059-032-025,brass_acoustic_059-032-025,/root/autodl-tmp/tokenizer-eval/data/nsynth/nsynth-test/audio/brass_acoustic_059-032-025.wav,572,brass_acoustic_059,1,brass,0,acoustic,32,25,16000,reverb
guitar_electronic_028-057-075,guitar_electronic_028-057-075,/root/autodl-tmp/tokenizer-eval/data/nsynth/nsynth-test/audio/guitar_electronic_028-057-075.wav,510,guitar_electronic_028,3,guitar,1,electronic,57,75,16000,dark
reed_acoustic_011-062-075,reed_acoustic_011-062-075,/root/autodl-tmp/tokenizer-eval/data/nsynth/nsynth-test/audio/reed_acoustic_011-062-075.wav,104,reed_acoustic_011,7,reed,0,acoustic,62,75,16000,
mallet_acoustic_056-049-127,mallet_acoustic_056-049-127,/root/autodl-tmp/tokenizer-eval/data/nsynth/nsynth-test/audio/mallet_acoustic_056-049-127.wav,590,mallet_acoustic_056,5,mallet,0,acoustic,49,127,16000,bright|fast_decay|percussive
organ_electronic_104-033-075,organ_electronic_104-033-075,/root/autodl-tmp/tokenizer-eval/data/nsynth/nsynth-test/audio/organ_electronic_104-033-075.wav,921,organ_electronic_104,6,organ,1,electronic,33,75,16000,
string_acoustic_057-079-025,string_acoustic_057-079-025,/root/autodl-tmp/tokenizer-eval/data/nsynth/nsynth-test/audio/string_acoustic_057-079-025.wav,450,string_acoustic_057,8,string,0,acoustic,79,25,16000,bright|nonlinear_env|reverb
brass_acoustic_006-074-025,brass_acoustic_006-074-025,/root/autodl-tmp/tokenizer-eval/data/nsynth/nsynth-test/audio/brass_acoustic_006-074-025.wav,43,brass_acoustic_006,1,brass,0,acoustic,74,25,16000,reverb
reed_acoustic_018-074-100,reed_acoustic_018-074-100,/root/autodl-tmp/tokenizer-eval/data/nsynth/nsynth-test/audio/reed_acoustic_018-074-100.wav,183,reed_acoustic_018,7,reed,0,acoustic,74,100,16000,
keyboard_electronic_003-093-075,keyboard_electronic_003-093-075,/root/autodl-tmp/tokenizer-eval/data/nsynth/nsynth-test/audio/keyboard_electronic_003-093-075.wav,65,keyboard_electronic_003,4,keyboard,1,electronic,93,75,16000,
organ_electronic_028-061-050,organ_electronic_028-061-050,/root/autodl-tmp/tokenizer-eval/data/nsynth/nsynth-test/audio/organ_electronic_028-061-050.wav,440,organ_electronic_028,6,organ,1,electronic,61,50,16000,dark
guitar_acoustic_030-102-127,guitar_acoustic_030-102-127,/root/autodl-tmp/tokenizer-eval/data/nsynth/nsynth-test/audio/guitar_acoustic_030-102-127.wav,642,guitar_acoustic_030,3,guitar,0,acoustic,102,127,16000,fast_decay|percussive|tempo-synced
vocal_synthetic_003-039-127,vocal_synthetic_003-039-127,/root/autodl-tmp/tokenizer-eval/data/nsynth/nsynth-test/audio/vocal_synthetic_003-039-127.wav,37,vocal_synthetic_003,10,vocal,2,synthetic,39,127,16000,bright|distortion|long_release|nonlinear_env
brass_acoustic_059-062-025,brass_acoustic_059-062-025,/root/autodl-tmp/tokenizer-eval/data/nsynth/nsynth-test/audio/brass_acoustic_059-062-025.wav,572,brass_acoustic_059,1,brass,0,acoustic,62,25,16000,dark|reverb
reed_acoustic_037-047-075,reed_acoustic_037-047-075,/root/autodl-tmp/tokenizer-eval/data/nsynth/nsynth-test/audio/reed_acoustic_037-047-075.wav,387,reed_acoustic_037,7,reed,0,acoustic,47,75,16000,reverb
string_acoustic_057-081-127,string_acoustic_057-081-127,/root/autodl-tmp/tokenizer-eval/data/nsynth/nsynth-test/audio/string_acoustic_057-081-127.wav,450,string_acoustic_057,8,string,0,acoustic,81,127,16000,bright|nonlinear_env|reverb
mallet_acoustic_062-053-050,mallet_acoustic_062-053-050,/root/autodl-tmp/tokenizer-eval/data/nsynth/nsynth-test/audio/mallet_acoustic_062-053-050.wav,644,mallet_acoustic_062,5,mallet,0,acoustic,53,50,16000,dark|multiphonic
bass_synthetic_098-027-100,bass_synthetic_098-027-100,/root/autodl-tmp/tokenizer-eval/data/nsynth/nsynth-test/audio/bass_synthetic_098-027-100.wav,803,bass_synthetic_098,0,bass,2,synthetic,27,100,16000,distortion
keyboard_synthetic_000-042-050,keyboard_synthetic_000-042-050,/root/autodl-tmp/tokenizer-eval/data/nsynth/nsynth-test/audio/keyboard_synthetic_000-042-050.wav,577,keyboard_synthetic_000,4,keyboard,2,synthetic,42,50,16000,distortion|fast_decay|nonlinear_env
keyboard_electronic_001-028-050,keyboard_electronic_001-028-050,/root/autodl-tmp/tokenizer-eval/data/nsynth/nsynth-test/audio/keyboard_electronic_001-028-050.wav,40,keyboard_electronic_001,4,keyboard,1,electronic,28,50,16000,dark
organ_electronic_028-047-075,organ_electronic_028-047-075,/root/autodl-tmp/tokenizer-eval/data/nsynth/nsynth-test/audio/organ_electronic_028-047-075.wav,440,organ_electronic_028,6,organ,1,electronic,47,75,16000,dark
organ_electronic_007-022-100,organ_electronic_007-022-100,/root/autodl-tmp/tokenizer-eval/data/nsynth/nsynth-test/audio/organ_electronic_007-022-100.wav,123,organ_electronic_007,6,organ,1,electronic,22,100,16000,distortion|long_release|nonlinear_env
string_acoustic_080-026-025,string_acoustic_080-026-025,/root/autodl-tmp/tokenizer-eval/data/nsynth/nsynth-test/audio/string_acoustic_080-026-025.wav,675,string_acoustic_080,8,string,0,acoustic,26,25,16000,long_release|reverb
mallet_acoustic_062-088-050,mallet_acoustic_062-088-050,/root/autodl-tmp/tokenizer-eval/data/nsynth/nsynth-test/audio/mallet_acoustic_062-088-050.wav,644,mallet_acoustic_062,5,mallet,0,acoustic,88,50,16000,fast_decay|multiphonic
brass_acoustic_016-067-100,brass_acoustic_016-067-100,/root/autodl-tmp/tokenizer-eval/data/nsynth/nsynth-test/audio/brass_acoustic_016-067-100.wav,128,brass_acoustic_016,1,brass,0,acoustic,67,100,16000,bright
reed_acoustic_011-036-127,reed_acoustic_011-036-127,/root/autodl-tmp/tokenizer-eval/data/nsynth/nsynth-test/audio/reed_acoustic_011-036-127.wav,104,reed_acoustic_011,7,reed,0,acoustic,36,127,16000,bright
string_acoustic_071-034-127,string_acoustic_071-034-127,/root/autodl-tmp/tokenizer-eval/data/nsynth/nsynth-test/audio/string_acoustic_071-034-127.wav,609,string_acoustic_071,8,string,0,acoustic,34,127,16000,long_release|reverb
string_acoustic_057-070-100,string_acoustic_057-070-100,/root/autodl-tmp/tokenizer-eval/data/nsynth/nsynth-test/audio/string_acoustic_057-070-100.wav,450,string_acoustic_057,8,string,0,acoustic,70,100,16000,bright|nonlinear_env|reverb
organ_electronic_007-065-025,organ_electronic_007-065-025,/root/autodl-tmp/tokenizer-eval/data/nsynth/nsynth-test/audio/organ_electronic_007-065-025.wav,123,organ_electronic_007,6,organ,1,electronic,65,25,16000,distortion|long_release|nonlinear_env
brass_acoustic_016-059-075,brass_acoustic_016-059-075,/root/autodl-tmp/tokenizer-eval/data/nsynth/nsynth-test/audio/brass_acoustic_016-059-075.wav,128,brass_acoustic_016,1,brass,0,acoustic,59,75,16000,bright
mallet_acoustic_056-048-127,mallet_acoustic_056-048-127,/root/autodl-tmp/tokenizer-eval/data/nsynth/nsynth-test/audio/mallet_acoustic_056-048-127.wav,590,mallet_acoustic_056,5,mallet,0,acoustic,48,127,16000,bright|fast_decay|percussive
mallet_acoustic_062-082-100,mallet_acoustic_062-082-100,/root/autodl-tmp/tokenizer-eval/data/nsynth/nsynth-test/audio/mallet_acoustic_062-082-100.wav,644,mallet_acoustic_062,5,mallet,0,acoustic,82,100,16000,multiphonic
bass_synthetic_098-095-025,bass_synthetic_098-095-025,/root/autodl-tmp/tokenizer-eval/data/nsynth/nsynth-test/audio/bass_synthetic_098-095-025.wav,803,bass_synthetic_098,0,bass,2,synthetic,95,25,16000,
keyboard_electronic_002-075-127,keyboard_electronic_002-075-127,/root/autodl-tmp/tokenizer-eval/data/nsynth/nsynth-test/audio/keyboard_electronic_002-075-127.wav,50,keyboard_electronic_002,4,keyboard,1,electronic,75,127,16000,distortion|fast_decay
organ_electronic_057-082-075,organ_electronic_057-082-075,/root/autodl-tmp/tokenizer-eval/data/nsynth/nsynth-test/audio/organ_electronic_057-082-075.wav,701,organ_electronic_057,6,organ,1,electronic,82,75,16000,
keyboard_acoustic_004-070-050,keyboard_acoustic_004-070-050,/root/autodl-tmp/tokenizer-eval/data/nsynth/nsynth-test/audio/keyboard_acoustic_004-070-050.wav,327,keyboard_acoustic_004,4,keyboard,0,acoustic,70,50,16000,dark|reverb
reed_acoustic_018-062-050,reed_acoustic_018-062-050,/root/autodl-tmp/tokenizer-eval/data/nsynth/nsynth-test/audio/reed_acoustic_018-062-050.wav,183,reed_acoustic_018,7,reed,0,acoustic,62,50,16000,
vocal_acoustic_000-050-050,vocal_acoustic_000-050-050,/root/autodl-tmp/tokenizer-eval/data/nsynth/nsynth-test/audio/vocal_acoustic_000-050-050.wav,46,vocal_acoustic_000,10,vocal,0,acoustic,50,50,16000,reverb
brass_acoustic_006-074-050,brass_acoustic_006-074-050,/root/autodl-tmp/tokenizer-eval/data/nsynth/nsynth-test/audio/brass_acoustic_006-074-050.wav,43,brass_acoustic_006,1,brass,0,acoustic,74,50,16000,reverb
mallet_acoustic_056-044-050,mallet_acoustic_056-044-050,/root/autodl-tmp/tokenizer-eval/data/nsynth/nsynth-test/audio/mallet_acoustic_056-044-050.wav,590,mallet_acoustic_056,5,mallet,0,acoustic,44,50,16000,fast_decay|percussive
string_acoustic_057-062-050,string_acoustic_057-062-050,/root/autodl-tmp/tokenizer-eval/data/nsynth/nsynth-test/audio/string_acoustic_057-062-050.wav,450,string_acoustic_057,8,string,0,acoustic,62,50,16000,bright|nonlinear_env|reverb
bass_synthetic_068-055-050,bass_synthetic_068-055-050,/root/autodl-tmp/tokenizer-eval/data/nsynth/nsynth-test/audio/bass_synthetic_068-055-050.wav,656,bass_synthetic_068,0,bass,2,synthetic,55,50,16000,dark
guitar_electronic_028-099-075,guitar_electronic_028-099-075,/root/autodl-tmp/tokenizer-eval/data/nsynth/nsynth-test/audio/guitar_electronic_028-099-075.wav,510,guitar_electronic_028,3,guitar,1,electronic,99,75,16000,bright
brass_acoustic_046-064-075,brass_acoustic_046-064-075,/root/autodl-tmp/tokenizer-eval/data/nsynth/nsynth-test/audio/brass_acoustic_046-064-075.wav,414,brass_acoustic_046,1,brass,0,acoustic,64,75,16000,bright
organ_electronic_113-082-075,organ_electronic_113-082-075,/root/autodl-tmp/tokenizer-eval/data/nsynth/nsynth-test/audio/organ_electronic_113-082-075.wav,958,organ_electronic_113,6,organ,1,electronic,82,75,16000,
organ_electronic_028-056-100,organ_electronic_028-056-100,/root/autodl-tmp/tokenizer-eval/data/nsynth/nsynth-test/audio/organ_electronic_028-056-100.wav,440,organ_electronic_028,6,organ,1,electronic,56,100,16000,dark
bass_synthetic_033-031-100,bass_synthetic_033-031-100,/root/autodl-tmp/tokenizer-eval/data/nsynth/nsynth-test/audio/bass_synthetic_033-031-100.wav,417,bass_synthetic_033,0,bass,2,synthetic,31,100,16000,dark
reed_acoustic_018-083-127,reed_acoustic_018-083-127,/root/autodl-tmp/tokenizer-eval/data/nsynth/nsynth-test/audio/reed_acoustic_018-083-127.wav,183,reed_acoustic_018,7,reed,0,acoustic,83,127,16000,
bass_synthetic_033-049-050,bass_synthetic_033-049-050,/root/autodl-tmp/tokenizer-eval/data/nsynth/nsynth-test/audio/bass_synthetic_033-049-050.wav,417,bass_synthetic_033,0,bass,2,synthetic,49,50,16000,dark
flute_synthetic_000-106-100,flute_synthetic_000-106-100,/root/autodl-tmp/tokenizer-eval/data/nsynth/nsynth-test/audio/flute_synthetic_000-106-100.wav,82,flute_synthetic_000,2,flute,2,synthetic,106,100,16000,bright|distortion
brass_acoustic_015-061-075,brass_acoustic_015-061-075,/root/autodl-tmp/tokenizer-eval/data/nsynth/nsynth-test/audio/brass_acoustic_015-061-075.wav,121,brass_acoustic_015,1,brass,0,acoustic,61,75,16000,reverb
bass_synthetic_098-026-127,bass_synthetic_098-026-127,/root/autodl-tmp/tokenizer-eval/data/nsynth/nsynth-test/audio/bass_synthetic_098-026-127.wav,803,bass_synthetic_098,0,bass,2,synthetic,26,127,16000,distortion
bass_synthetic_135-079-100,bass_synthetic_135-079-100,/root/autodl-tmp/tokenizer-eval/data/nsynth/nsynth-test/audio/bass_synthetic_135-079-100.wav,927,bass_synthetic_135,0,bass,2,synthetic,79,100,16000,distortion
flute_acoustic_002-079-100,flute_acoustic_002-079-100,/root/autodl-tmp/tokenizer-eval/data/nsynth/nsynth-test/audio/flute_acoustic_002-079-100.wav,86,flute_acoustic_002,2,flute,0,acoustic,79,100,16000,reverb
reed_acoustic_037-038-100,reed_acoustic_037-038-100,/root/autodl-tmp/tokenizer-eval/data/nsynth/nsynth-test/audio/reed_acoustic_037-038-100.wav,387,reed_acoustic_037,7,reed,0,acoustic,38,100,16000,reverb
keyboard_acoustic_004-042-075,keyboard_acoustic_004-042-075,/root/autodl-tmp/tokenizer-eval/data/nsynth/nsynth-test/audio/keyboard_acoustic_004-042-075.wav,327,keyboard_acoustic_004,4,keyboard,0,acoustic,42,75,16000,reverb
mallet_acoustic_056-045-100,mallet_acoustic_056-045-100,/root/autodl-tmp/tokenizer-eval/data/nsynth/nsynth-test/audio/mallet_acoustic_056-045-100.wav,590,mallet_acoustic_056,5,mallet,0,acoustic,45,100,16000,bright|fast_decay|percussive
mallet_acoustic_062-090-127,mallet_acoustic_062-090-127,/root/autodl-tmp/tokenizer-eval/data/nsynth/nsynth-test/audio/mallet_acoustic_062-090-127.wav,644,mallet_acoustic_062,5,mallet,0,acoustic,90,127,16000,multiphonic
mallet_acoustic_062-063-100,mallet_acoustic_062-063-100,/root/autodl-tmp/tokenizer-eval/data/nsynth/nsynth-test/audio/mallet_acoustic_062-063-100.wav,644,mallet_acoustic_062,5,mallet,0,acoustic,63,100,16000,dark|multiphonic
vocal_acoustic_000-067-075,vocal_acoustic_000-067-075,/root/autodl-tmp/tokenizer-eval/data/nsynth/nsynth-test/audio/vocal_acoustic_000-067-075.wav,46,vocal_acoustic_000,10,vocal,0,acoustic,67,75,16000,reverb
guitar_acoustic_010-106-075,guitar_acoustic_010-106-075,/root/autodl-tmp/tokenizer-eval/data/nsynth/nsynth-test/audio/guitar_acoustic_010-106-075.wav,219,guitar_acoustic_010,3,guitar,0,acoustic,106,75,16000,bright|fast_decay
mallet_acoustic_062-035-025,mallet_acoustic_062-035-025,/root/autodl-tmp/tokenizer-eval/data/nsynth/nsynth-test/audio/mallet_acoustic_062-035-025.wav,644,mallet_acoustic_062,5,mallet,0,acoustic,35,25,16000,dark|multiphonic
reed_acoustic_037-068-127,reed_acoustic_037-068-127,/root/autodl-tmp/tokenizer-eval/data/nsynth/nsynth-test/audio/reed_acoustic_037-068-127.wav,387,reed_acoustic_037,7,reed,0,acoustic,68,127,16000,reverb
mallet_acoustic_062-048-025,mallet_acoustic_062-048-025,/root/autodl-tmp/tokenizer-eval/data/nsynth/nsynth-test/audio/mallet_acoustic_062-048-025.wav,644,mallet_acoustic_062,5,mallet,0,acoustic,48,25,16000,dark|fast_decay|multiphonic
guitar_electronic_028-030-025,guitar_electronic_028-030-025,/root/autodl-tmp/tokenizer-eval/data/nsynth/nsynth-test/audio/guitar_electronic_028-030-025.wav,510,guitar_electronic_028,3,guitar,1,electronic,30,25,16000,dark
keyboard_electronic_001-082-025,keyboard_electronic_001-082-025,/root/autodl-tmp/tokenizer-eval/data/nsynth/nsynth-test/audio/keyboard_electronic_001-082-025.wav,40,keyboard_electronic_001,4,keyboard,1,electronic,82,25,16000,long_release
reed_acoustic_018-066-075,reed_acoustic_018-066-075,/root/autodl-tmp/tokenizer-eval/data/nsynth/nsynth-test/audio/reed_acoustic_018-066-075.wav,183,reed_acoustic_018,7,reed,0,acoustic,66,75,16000,
brass_acoustic_006-079-050,brass_acoustic_006-079-050,/root/autodl-tmp/tokenizer-eval/data/nsynth/nsynth-test/audio/brass_acoustic_006-079-050.wav,43,brass_acoustic_006,1,brass,0,acoustic,79,50,16000,reverb
bass_synthetic_009-094-127,bass_synthetic_009-094-127,/root/autodl-tmp/tokenizer-eval/data/nsynth/nsynth-test/audio/bass_synthetic_009-094-127.wav,150,bass_synthetic_009,0,bass,2,synthetic,94,127,16000,long_release
organ_electronic_113-072-075,organ_electronic_113-072-075,/root/autodl-tmp/tokenizer-eval/data/nsynth/nsynth-test/audio/organ_electronic_113-072-075.wav,958,organ_electronic_113,6,organ,1,electronic,72,75,16000,
flute_synthetic_000-040-050,flute_synthetic_000-040-050,/root/autodl-tmp/tokenizer-eval/data/nsynth/nsynth-test/audio/flute_synthetic_000-040-050.wav,82,flute_synthetic_000,2,flute,2,synthetic,40,50,16000,distortion
keyboard_electronic_002-102-050,keyboard_electronic_002-102-050,/root/autodl-tmp/tokenizer-eval/data/nsynth/nsynth-test/audio/keyboard_electronic_002-102-050.wav,50,keyboard_electronic_002,4,keyboard,1,electronic,102,50,16000,bright|fast_decay|percussive
keyboard_synthetic_000-027-127,keyboard_synthetic_000-027-127,/root/autodl-tmp/tokenizer-eval/data/nsynth/nsynth-test/audio/keyboard_synthetic_000-027-127.wav,577,keyboard_synthetic_000,4,keyboard,2,synthetic,27,127,16000,bright|distortion|fast_decay|nonlinear_env
string_acoustic_012-043-127,string_acoustic_012-043-127,/root/autodl-tmp/tokenizer-eval/data/nsynth/nsynth-test/audio/string_acoustic_012-043-127.wav,97,string_acoustic_012,8,string,0,acoustic,43,127,16000,reverb
string_acoustic_080-040-100,string_acoustic_080-040-100,/root/autodl-tmp/tokenizer-eval/data/nsynth/nsynth-test/audio/string_acoustic_080-040-100.wav,675,string_acoustic_080,8,string,0,acoustic,40,100,16000,long_release|reverb
keyboard_synthetic_000-055-075,keyboard_synthetic_000-055-075,/root/autodl-tmp/tokenizer-eval/data/nsynth/nsynth-test/audio/keyboard_synthetic_000-055-075.wav,577,keyboard_synthetic_000,4,keyboard,2,synthetic,55,75,16000,distortion|fast_decay|nonlinear_env
organ_electronic_113-084-100,organ_electronic_113-084-100,/root/autodl-tmp/tokenizer-eval/data/nsynth/nsynth-test/audio/organ_electronic_113-084-100.wav,958,organ_electronic_113,6,organ,1,electronic,84,100,16000,
guitar_acoustic_014-068-050,guitar_acoustic_014-068-050,/root/autodl-tmp/tokenizer-eval/data/nsynth/nsynth-test/audio/guitar_acoustic_014-068-050.wav,263,guitar_acoustic_014,3,guitar,0,acoustic,68,50,16000,
vocal_synthetic_003-079-075,vocal_synthetic_003-079-075,/root/autodl-tmp/tokenizer-eval/data/nsynth/nsynth-test/audio/vocal_synthetic_003-079-075.wav,37,vocal_synthetic_003,10,vocal,2,synthetic,79,75,16000,bright|distortion|long_release|nonlinear_env
keyboard_electronic_001-093-075,keyboard_electronic_001-093-075,/root/autodl-tmp/tokenizer-eval/data/nsynth/nsynth-test/audio/keyboard_electronic_001-093-075.wav,40,keyboard_electronic_001,4,keyboard,1,electronic,93,75,16000,
organ_electronic_007-080-100,organ_electronic_007-080-100,/root/autodl-tmp/tokenizer-eval/data/nsynth/nsynth-test/audio/organ_electronic_007-080-100.wav,123,organ_electronic_007,6,organ,1,electronic,80,100,16000,bright|distortion|long_release|nonlinear_env
brass_acoustic_016-082-100,brass_acoustic_016-082-100,/root/autodl-tmp/tokenizer-eval/data/nsynth/nsynth-test/audio/brass_acoustic_016-082-100.wav,128,brass_acoustic_016,1,brass,0,acoustic,82,100,16000,bright
flute_synthetic_000-035-050,flute_synthetic_000-035-050,/root/autodl-tmp/tokenizer-eval/data/nsynth/nsynth-test/audio/flute_synthetic_000-035-050.wav,82,flute_synthetic_000,2,flute,2,synthetic,35,50,16000,distortion
keyboard_electronic_001-072-100,keyboard_electronic_001-072-100,/root/autodl-tmp/tokenizer-eval/data/nsynth/nsynth-test/audio/keyboard_electronic_001-072-100.wav,40,keyboard_electronic_001,4,keyboard,1,electronic,72,100,16000,
bass_synthetic_098-102-100,bass_synthetic_098-102-100,/root/autodl-tmp/tokenizer-eval/data/nsynth/nsynth-test/audio/bass_synthetic_098-102-100.wav,803,bass_synthetic_098,0,bass,2,synthetic,102,100,16000,
brass_acoustic_046-053-025,brass_acoustic_046-053-025,/root/autodl-tmp/tokenizer-eval/data/nsynth/nsynth-test/audio/brass_acoustic_046-053-025.wav,414,brass_acoustic_046,1,brass,0,acoustic,53,25,16000,
keyboard_electronic_098-102-127,keyboard_electronic_098-102-127,/root/autodl-tmp/tokenizer-eval/data/nsynth/nsynth-test/audio/keyboard_electronic_098-102-127.wav,905,keyboard_electronic_098,4,keyboard,1,electronic,102,127,16000,bright|fast_decay|percussive
keyboard_acoustic_004-075-025,keyboard_acoustic_004-075-025,/root/autodl-tmp/tokenizer-eval/data/nsynth/nsynth-test/audio/keyboard_acoustic_004-075-025.wav,327,keyboard_acoustic_004,4,keyboard,0,acoustic,75,25,16000,dark|reverb
flute_synthetic_000-091-100,flute_synthetic_000-091-100,/root/autodl-tmp/tokenizer-eval/data/nsynth/nsynth-test/audio/flute_synthetic_000-091-100.wav,82,flute_synthetic_000,2,flute,2,synthetic,91,100,16000,distortion
keyboard_acoustic_004-090-025,keyboard_acoustic_004-090-025,/root/autodl-tmp/tokenizer-eval/data/nsynth/nsynth-test/audio/keyboard_acoustic_004-090-025.wav,327,keyboard_acoustic_004,4,keyboard,0,acoustic,90,25,16000,dark|reverb
mallet_acoustic_062-081-127,mallet_acoustic_062-081-127,/root/autodl-tmp/tokenizer-eval/data/nsynth/nsynth-test/audio/mallet_acoustic_062-081-127.wav,644,mallet_acoustic_062,5,mallet,0,acoustic,81,127,16000,multiphonic
guitar_acoustic_021-087-050,guitar_acoustic_021-087-050,/root/autodl-tmp/tokenizer-eval/data/nsynth/nsynth-test/audio/guitar_acoustic_021-087-050.wav,457,guitar_acoustic_021,3,guitar,0,acoustic,87,50,16000,fast_decay|percussive
string_acoustic_014-038-075,string_acoustic_014-038-075,/root/autodl-tmp/tokenizer-eval/data/nsynth/nsynth-test/audio/string_acoustic_014-038-075.wav,100,string_acoustic_014,8,string,0,acoustic,38,75,16000,dark|reverb
string_acoustic_056-047-050,string_acoustic_056-047-050,/root/autodl-tmp/tokenizer-eval/data/nsynth/nsynth-test/audio/string_acoustic_056-047-050.wav,436,string_acoustic_056,8,string,0,acoustic,47,50,16000,fast_decay|reverb
keyboard_electronic_001-098-025,keyboard_electronic_001-098-025,/root/autodl-tmp/tokenizer-eval/data/nsynth/nsynth-test/audio/keyboard_electronic_001-098-025.wav,40,keyboard_electronic_001,4,keyboard,1,electronic,98,25,16000,long_release
keyboard_electronic_002-043-050,keyboard_electronic_002-043-050,/root/autodl-tmp/tokenizer-eval/data/nsynth/nsynth-test/audio/keyboard_electronic_002-043-050.wav,50,keyboard_electronic_002,4,keyboard,1,electronic,43,50,16000,distortion
keyboard_synthetic_000-027-075,keyboard_synthetic_000-027-075,/root/autodl-tmp/tokenizer-eval/data/nsynth/nsynth-test/audio/keyboard_synthetic_000-027-075.wav,577,keyboard_synthetic_000,4,keyboard,2,synthetic,27,75,16000,distortion|fast_decay|nonlinear_env
organ_electronic_001-055-025,organ_electronic_001-055-025,/root/autodl-tmp/tokenizer-eval/data/nsynth/nsynth-test/audio/organ_electronic_001-055-025.wav,8,organ_electronic_001,6,organ,1,electronic,55,25,16000,dark
keyboard_electronic_098-099-127,keyboard_electronic_098-099-127,/root/autodl-tmp/tokenizer-eval/data/nsynth/nsynth-test/audio/keyboard_electronic_098-099-127.wav,905,keyboard_electronic_098,4,keyboard,1,electronic,99,127,16000,bright|fast_decay|percussive
organ_electronic_028-104-025,organ_electronic_028-104-025,/root/autodl-tmp/tokenizer-eval/data/nsynth/nsynth-test/audio/organ_electronic_028-104-025.wav,440,organ_electronic_028,6,organ,1,electronic,104,25,16000,bright
keyboard_electronic_069-074-075,keyboard_electronic_069-074-075,/root/autodl-tmp/tokenizer-eval/data/nsynth/nsynth-test/audio/keyboard_electronic_069-074-075.wav,805,keyboard_electronic_069,4,keyboard,1,electronic,74,75,16000,distortion
mallet_acoustic_062-082-127,mallet_acoustic_062-082-127,/root/autodl-tmp/tokenizer-eval/data/nsynth/nsynth-test/audio/mallet_acoustic_062-082-127.wav,644,mallet_acoustic_062,5,mallet,0,acoustic,82,127,16000,multiphonic
keyboard_electronic_002-039-100,keyboard_electronic_002-039-100,/root/autodl-tmp/tokenizer-eval/data/nsynth/nsynth-test/audio/keyboard_electronic_002-039-100.wav,50,keyboard_electronic_002,4,keyboard,1,electronic,39,100,16000,distortion
vocal_synthetic_003-103-025,vocal_synthetic_003-103-025,/root/autodl-tmp/tokenizer-eval/data/nsynth/nsynth-test/audio/vocal_synthetic_003-103-025.wav,37,vocal_synthetic_003,10,vocal,2,synthetic,103,25,16000,bright|distortion|long_release|nonlinear_env
vocal_synthetic_003-094-050,vocal_synthetic_003-094-050,/root/autodl-tmp/tokenizer-eval/data/nsynth/nsynth-test/audio/vocal_synthetic_003-094-050.wav,37,vocal_synthetic_003,10,vocal,2,synthetic,94,50,16000,bright|distortion|long_release|nonlinear_env
keyboard_synthetic_000-066-127,keyboard_synthetic_000-066-127,/root/autodl-tmp/tokenizer-eval/data/nsynth/nsynth-test/audio/keyboard_synthetic_000-066-127.wav,577,keyboard_synthetic_000,4,keyboard,2,synthetic,66,127,16000,bright|distortion|fast_decay|nonlinear_env
guitar_acoustic_014-084-127,guitar_acoustic_014-084-127,/root/autodl-tmp/tokenizer-eval/data/nsynth/nsynth-test/audio/guitar_acoustic_014-084-127.wav,263,guitar_acoustic_014,3,guitar,0,acoustic,84,127,16000,fast_decay
flute_acoustic_002-075-100,flute_acoustic_002-075-100,/root/autodl-tmp/tokenizer-eval/data/nsynth/nsynth-test/audio/flute_acoustic_002-075-100.wav,86,flute_acoustic_002,2,flute,0,acoustic,75,100,16000,reverb
string_acoustic_056-054-100,string_acoustic_056-054-100,/root/autodl-tmp/tokenizer-eval/data/nsynth/nsynth-test/audio/string_acoustic_056-054-100.wav,436,string_acoustic_056,8,string,0,acoustic,54,100,16000,fast_decay|percussive|reverb
keyboard_acoustic_004-050-025,keyboard_acoustic_004-050-025,/root/autodl-tmp/tokenizer-eval/data/nsynth/nsynth-test/audio/keyboard_acoustic_004-050-025.wav,327,keyboard_acoustic_004,4,keyboard,0,acoustic,50,25,16000,dark|reverb
string_acoustic_080-026-127,string_acoustic_080-026-127,/root/autodl-tmp/tokenizer-eval/data/nsynth/nsynth-test/audio/string_acoustic_080-026-127.wav,675,string_acoustic_080,8,string,0,acoustic,26,127,16000,long_release|reverb
string_acoustic_012-035-127,string_acoustic_012-035-127,/root/autodl-tmp/tokenizer-eval/data/nsynth/nsynth-test/audio/string_acoustic_012-035-127.wav,97,string_acoustic_012,8,string,0,acoustic,35,127,16000,long_release|reverb
string_acoustic_071-037-025,string_acoustic_071-037-025,/root/autodl-tmp/tokenizer-eval/data/nsynth/nsynth-test/audio/string_acoustic_071-037-025.wav,609,string_acoustic_071,8,string,0,acoustic,37,25,16000,long_release|reverb
mallet_acoustic_062-074-075,mallet_acoustic_062-074-075,/root/autodl-tmp/tokenizer-eval/data/nsynth/nsynth-test/audio/mallet_acoustic_062-074-075.wav,644,mallet_acoustic_062,5,mallet,0,acoustic,74,75,16000,dark|fast_decay|multiphonic
mallet_acoustic_047-107-100,mallet_acoustic_047-107-100,/root/autodl-tmp/tokenizer-eval/data/nsynth/nsynth-test/audio/mallet_acoustic_047-107-100.wav,488,mallet_acoustic_047,5,mallet,0,acoustic,107,100,16000,fast_decay|percussive|reverb
guitar_acoustic_010-089-100,guitar_acoustic_010-089-100,/root/autodl-tmp/tokenizer-eval/data/nsynth/nsynth-test/audio/guitar_acoustic_010-089-100.wav,219,guitar_acoustic_010,3,guitar,0,acoustic,89,100,16000,
string_acoustic_014-037-100,string_acoustic_014-037-100,/root/autodl-tmp/tokenizer-eval/data/nsynth/nsynth-test/audio/string_acoustic_014-037-100.wav,100,string_acoustic_014,8,string,0,acoustic,37,100,16000,dark|reverb
guitar_acoustic_010-057-100,guitar_acoustic_010-057-100,/root/autodl-tmp/tokenizer-eval/data/nsynth/nsynth-test/audio/guitar_acoustic_010-057-100.wav,219,guitar_acoustic_010,3,guitar,0,acoustic,57,100,16000,
brass_acoustic_059-045-050,brass_acoustic_059-045-050,/root/autodl-tmp/tokenizer-eval/data/nsynth/nsynth-test/audio/brass_acoustic_059-045-050.wav,572,brass_acoustic_059,1,brass,0,acoustic,45,50,16000,dark|reverb
mallet_acoustic_056-110-050,mallet_acoustic_056-110-050,/root/autodl-tmp/tokenizer-eval/data/nsynth/nsynth-test/audio/mallet_acoustic_056-110-050.wav,590,mallet_acoustic_056,5,mallet,0,acoustic,110,50,16000,bright
vocal_synthetic_003-078-100,vocal_synthetic_003-078-100,/root/autodl-tmp/tokenizer-eval/data/nsynth/nsynth-test/audio/vocal_synthetic_003-078-100.wav,37,vocal_synthetic_003,10,vocal,2,synthetic,78,100,16000,bright|distortion|long_release|nonlinear_env
string_acoustic_014-031-075,string_acoustic_014-031-075,/root/autodl-tmp/tokenizer-eval/data/nsynth/nsynth-test/audio/string_acoustic_014-031-075.wav,100,string_acoustic_014,8,string,0,acoustic,31,75,16000,dark|fast_decay|reverb
mallet_acoustic_062-066-025,mallet_acoustic_062-066-025,/root/autodl-tmp/tokenizer-eval/data/nsynth/nsynth-test/audio/mallet_acoustic_062-066-025.wav,644,mallet_acoustic_062,5,mallet,0,acoustic,66,25,16000,dark|fast_decay|multiphonic
organ_electronic_001-093-075,organ_electronic_001-093-075,/root/autodl-tmp/tokenizer-eval/data/nsynth/nsynth-test/audio/organ_electronic_001-093-075.wav,8,organ_electronic_001,6,organ,1,electronic,93,75,16000,
bass_electronic_018-040-100,bass_electronic_018-040-100,/root/autodl-tmp/tokenizer-eval/data/nsynth/nsynth-test/audio/bass_electronic_018-040-100.wav,759,bass_electronic_018,0,bass,1,electronic,40,100,16000,
guitar_acoustic_015-049-050,guitar_acoustic_015-049-050,/root/autodl-tmp/tokenizer-eval/data/nsynth/nsynth-test/audio/guitar_acoustic_015-049-050.wav,316,guitar_acoustic_015,3,guitar,0,acoustic,49,50,16000,reverb
brass_acoustic_015-045-075,brass_acoustic_015-045-075,/root/autodl-tmp/tokenizer-eval/data/nsynth/nsynth-test/audio/brass_acoustic_015-045-075.wav,121,brass_acoustic_015,1,brass,0,acoustic,45,75,16000,reverb
string_acoustic_080-043-025,string_acoustic_080-043-025,/root/autodl-tmp/tokenizer-eval/data/nsynth/nsynth-test/audio/string_acoustic_080-043-025.wav,675,string_acoustic_080,8,string,0,acoustic,43,25,16000,long_release|reverb
guitar_acoustic_010-024-100,guitar_acoustic_010-024-100,/root/autodl-tmp/tokenizer-eval/data/nsynth/nsynth-test/audio/guitar_acoustic_010-024-100.wav,219,guitar_acoustic_010,3,guitar,0,acoustic,24,100,16000,
keyboard_electronic_001-058-025,keyboard_electronic_001-058-025,/root/autodl-tmp/tokenizer-eval/data/nsynth/nsynth-test/audio/keyboard_electronic_001-058-025.wav,40,keyboard_electronic_001,4,keyboard,1,electronic,58,25,16000,dark
organ_electronic_007-056-100,organ_electronic_007-056-100,/root/autodl-tmp/tokenizer-eval/data/nsynth/nsynth-test/audio/organ_electronic_007-056-100.wav,123,organ_electronic_007,6,organ,1,electronic,56,100,16000,distortion|long_release|nonlinear_env
guitar_acoustic_015-102-100,guitar_acoustic_015-102-100,/root/autodl-tmp/tokenizer-eval/data/nsynth/nsynth-test/audio/guitar_acoustic_015-102-100.wav,316,guitar_acoustic_015,3,guitar,0,acoustic,102,100,16000,fast_decay|percussive|reverb
bass_synthetic_098-038-075,bass_synthetic_098-038-075,/root/autodl-tmp/tokenizer-eval/data/nsynth/nsynth-test/audio/bass_synthetic_098-038-075.wav,803,bass_synthetic_098,0,bass,2,synthetic,38,75,16000,
bass_synthetic_068-030-127,bass_synthetic_068-030-127,/root/autodl-tmp/tokenizer-eval/data/nsynth/nsynth-test/audio/bass_synthetic_068-030-127.wav,656,bass_synthetic_068,0,bass,2,synthetic,30,127,16000,dark|distortion
guitar_acoustic_014-027-050,guitar_acoustic_014-027-050,/root/autodl-tmp/tokenizer-eval/data/nsynth/nsynth-test/audio/guitar_acoustic_014-027-050.wav,263,guitar_acoustic_014,3,guitar,0,acoustic,27,50,16000,
bass_synthetic_068-084-100,bass_synthetic_068-084-100,/root/autodl-tmp/tokenizer-eval/data/nsynth/nsynth-test/audio/bass_synthetic_068-084-100.wav,656,bass_synthetic_068,0,bass,2,synthetic,84,100,16000,fast_decay
vocal_synthetic_003-105-025,vocal_synthetic_003-105-025,/root/autodl-tmp/tokenizer-eval/data/nsynth/nsynth-test/audio/vocal_synthetic_003-105-025.wav,37,vocal_synthetic_003,10,vocal,2,synthetic,105,25,16000,bright|distortion|long_release|nonlinear_env
guitar_electronic_028-040-025,guitar_electronic_028-040-025,/root/autodl-tmp/tokenizer-eval/data/nsynth/nsynth-test/audio/guitar_electronic_028-040-025.wav,510,guitar_electronic_028,3,guitar,1,electronic,40,25,16000,dark
string_acoustic_012-049-050,string_acoustic_012-049-050,/root/autodl-tmp/tokenizer-eval/data/nsynth/nsynth-test/audio/string_acoustic_012-049-050.wav,97,string_acoustic_012,8,string,0,acoustic,49,50,16000,long_release|reverb
keyboard_electronic_001-053-050,keyboard_electronic_001-053-050,/root/autodl-tmp/tokenizer-eval/data/nsynth/nsynth-test/audio/keyboard_electronic_001-053-050.wav,40,keyboard_electronic_001,4,keyboard,1,electronic,53,50,16000,dark
string_acoustic_012-030-075,string_acoustic_012-030-075,/root/autodl-tmp/tokenizer-eval/data/nsynth/nsynth-test/audio/string_acoustic_012-030-075.wav,97,string_acoustic_012,8,string,0,acoustic,30,75,16000,long_release|reverb
guitar_acoustic_015-042-025,guitar_acoustic_015-042-025,/root/autodl-tmp/tokenizer-eval/data/nsynth/nsynth-test/audio/guitar_acoustic_015-042-025.wav,316,guitar_acoustic_015,3,guitar,0,acoustic,42,25,16000,reverb
keyboard_electronic_078-036-025,keyboard_electronic_078-036-025,/root/autodl-tmp/tokenizer-eval/data/nsynth/nsynth-test/audio/keyboard_electronic_078-036-025.wav,838,keyboard_electronic_078,4,keyboard,1,electronic,36,25,16000,bright
string_acoustic_014-039-075,string_acoustic_014-039-075,/root/autodl-tmp/tokenizer-eval/data/nsynth/nsynth-test/audio/string_acoustic_014-039-075.wav,100,string_acoustic_014,8,string,0,acoustic,39,75,16000,dark|reverb
organ_electronic_007-073-075,organ_electronic_007-073-075,/root/autodl-tmp/tokenizer-eval/data/nsynth/nsynth-test/audio/organ_electronic_007-073-075.wav,123,organ_electronic_007,6,organ,1,electronic,73,75,16000,distortion|long_release|nonlinear_env
string_acoustic_014-061-100,string_acoustic_014-061-100,/root/autodl-tmp/tokenizer-eval/data/nsynth/nsynth-test/audio/string_acoustic_014-061-100.wav,100,string_acoustic_014,8,string,0,acoustic,61,100,16000,dark|percussive|reverb
organ_electronic_113-074-025,organ_electronic_113-074-025,/root/autodl-tmp/tokenizer-eval/data/nsynth/nsynth-test/audio/organ_electronic_113-074-025.wav,958,organ_electronic_113,6,organ,1,electronic,74,25,16000,
flute_acoustic_002-091-100,flute_acoustic_002-091-100,/root/autodl-tmp/tokenizer-eval/data/nsynth/nsynth-test/audio/flute_acoustic_002-091-100.wav,86,flute_acoustic_002,2,flute,0,acoustic,91,100,16000,long_release|reverb
mallet_acoustic_056-077-100,mallet_acoustic_056-077-100,/root/autodl-tmp/tokenizer-eval/data/nsynth/nsynth-test/audio/mallet_acoustic_056-077-100.wav,590,mallet_acoustic_056,5,mallet,0,acoustic,77,100,16000,fast_decay
reed_acoustic_011-057-127,reed_acoustic_011-057-127,/root/autodl-tmp/tokenizer-eval/data/nsynth/nsynth-test/audio/reed_acoustic_011-057-127.wav,104,reed_acoustic_011,7,reed,0,acoustic,57,127,16000,bright
brass_acoustic_046-068-050,brass_acoustic_046-068-050,/root/autodl-tmp/tokenizer-eval/data/nsynth/nsynth-test/audio/brass_acoustic_046-068-050.wav,414,brass_acoustic_046,1,brass,0,acoustic,68,50,16000,
flute_synthetic_000-095-050,flute_synthetic_000-095-050,/root/autodl-tmp/tokenizer-eval/data/nsynth/nsynth-test/audio/flute_synthetic_000-095-050.wav,82,flute_synthetic_000,2,flute,2,synthetic,95,50,16000,distortion
organ_electronic_007-011-025,organ_electronic_007-011-025,/root/autodl-tmp/tokenizer-eval/data/nsynth/nsynth-test/audio/organ_electronic_007-011-025.wav,123,organ_electronic_007,6,organ,1,electronic,11,25,16000,distortion|long_release|nonlinear_env
bass_electronic_018-026-127,bass_electronic_018-026-127,/root/autodl-tmp/tokenizer-eval/data/nsynth/nsynth-test/audio/bass_electronic_018-026-127.wav,759,bass_electronic_018,0,bass,1,electronic,26,127,16000,
organ_electronic_113-026-050,organ_electronic_113-026-050,/root/autodl-tmp/tokenizer-eval/data/nsynth/nsynth-test/audio/organ_electronic_113-026-050.wav,958,organ_electronic_113,6,organ,1,electronic,26,50,16000,dark
organ_electronic_057-077-050,organ_electronic_057-077-050,/root/autodl-tmp/tokenizer-eval/data/nsynth/nsynth-test/audio/organ_electronic_057-077-050.wav,701,organ_electronic_057,6,organ,1,electronic,77,50,16000,
reed_acoustic_023-081-100,reed_acoustic_023-081-100,/root/autodl-tmp/tokenizer-eval/data/nsynth/nsynth-test/audio/reed_acoustic_023-081-100.wav,224,reed_acoustic_023,7,reed,0,acoustic,81,100,16000,bright|fast_decay|multiphonic|nonlinear_env
mallet_acoustic_062-039-025,mallet_acoustic_062-039-025,/root/autodl-tmp/tokenizer-eval/data/nsynth/nsynth-test/audio/mallet_acoustic_062-039-025.wav,644,mallet_acoustic_062,5,mallet,0,acoustic,39,25,16000,dark|fast_decay|multiphonic
bass_electronic_027-047-075,bass_electronic_027-047-075,/root/autodl-tmp/tokenizer-eval/data/nsynth/nsynth-test/audio/bass_electronic_027-047-075.wav,880,bass_electronic_027,0,bass,1,electronic,47,75,16000,
reed_acoustic_011-037-075,reed_acoustic_011-037-075,/root/autodl-tmp/tokenizer-eval/data/nsynth/nsynth-test/audio/reed_acoustic_011-037-075.wav,104,reed_acoustic_011,7,reed,0,acoustic,37,75,16000,
brass_acoustic_046-106-075,brass_acoustic_046-106-075,/root/autodl-tmp/tokenizer-eval/data/nsynth/nsynth-test/audio/brass_acoustic_046-106-075.wav,414,brass_acoustic_046,1,brass,0,acoustic,106,75,16000,long_release
mallet_acoustic_047-065-100,mallet_acoustic_047-065-100,/root/autodl-tmp/tokenizer-eval/data/nsynth/nsynth-test/audio/mallet_acoustic_047-065-100.wav,488,mallet_acoustic_047,5,mallet,0,acoustic,65,100,16000,reverb
bass_synthetic_033-052-075,bass_synthetic_033-052-075,/root/autodl-tmp/tokenizer-eval/data/nsynth/nsynth-test/audio/bass_synthetic_033-052-075.wav,417,bass_synthetic_033,0,bass,2,synthetic,52,75,16000,dark
string_acoustic_056-041-127,string_acoustic_056-041-127,/root/autodl-tmp/tokenizer-eval/data/nsynth/nsynth-test/audio/string_acoustic_056-041-127.wav,436,string_acoustic_056,8,string,0,acoustic,41,127,16000,fast_decay|percussive|reverb
keyboard_electronic_002-077-127,keyboard_electronic_002-077-127,/root/autodl-tmp/tokenizer-eval/data/nsynth/nsynth-test/audio/keyboard_electronic_002-077-127.wav,50,keyboard_electronic_002,4,keyboard,1,electronic,77,127,16000,distortion|fast_decay
guitar_acoustic_015-104-100,guitar_acoustic_015-104-100,/root/autodl-tmp/tokenizer-eval/data/nsynth/nsynth-test/audio/guitar_acoustic_015-104-100.wav,316,guitar_acoustic_015,3,guitar,0,acoustic,104,100,16000,fast_decay|percussive|reverb
keyboard_synthetic_000-092-050,keyboard_synthetic_000-092-050,/root/autodl-tmp/tokenizer-eval/data/nsynth/nsynth-test/audio/keyboard_synthetic_000-092-050.wav,577,keyboard_synthetic_000,4,keyboard,2,synthetic,92,50,16000,bright|distortion|fast_decay|nonlinear_env|percussive
string_acoustic_056-052-075,string_acoustic_056-052-075,/root/autodl-tmp/tokenizer-eval/data/nsynth/nsynth-test/audio/string_acoustic_056-052-075.wav,436,string_acoustic_056,8,string,0,acoustic,52,75,16000,fast_decay|reverb
organ_electronic_028-090-025,organ_electronic_028-090-025,/root/autodl-tmp/tokenizer-eval/data/nsynth/nsynth-test/audio/organ_electronic_028-090-025.wav,440,organ_electronic_028,6,organ,1,electronic,90,25,16000,
guitar_acoustic_015-098-050,guitar_acoustic_015-098-050,/root/autodl-tmp/tokenizer-eval/data/nsynth/nsynth-test/audio/guitar_acoustic_015-098-050.wav,316,guitar_acoustic_015,3,guitar,0,acoustic,98,50,16000,fast_decay|percussive|reverb
keyboard_acoustic_004-102-100,keyboard_acoustic_004-102-100,/root/autodl-tmp/tokenizer-eval/data/nsynth/nsynth-test/audio/keyboard_acoustic_004-102-100.wav,327,keyboard_acoustic_004,4,keyboard,0,acoustic,102,100,16000,percussive|reverb
string_acoustic_071-038-050,string_acoustic_071-038-050,/root/autodl-tmp/tokenizer-eval/data/nsynth/nsynth-test/audio/string_acoustic_071-038-050.wav,609,string_acoustic_071,8,string,0,acoustic,38,50,16000,long_release|reverb
bass_electronic_027-026-025,bass_electronic_027-026-025,/root/autodl-tmp/tokenizer-eval/data/nsynth/nsynth-test/audio/bass_electronic_027-026-025.wav,880,bass_electronic_027,0,bass,1,electronic,26,25,16000,
organ_electronic_028-055-100,organ_electronic_028-055-100,/root/autodl-tmp/tokenizer-eval/data/nsynth/nsynth-test/audio/organ_electronic_028-055-100.wav,440,organ_electronic_028,6,organ,1,electronic,55,100,16000,dark
guitar_acoustic_010-049-127,guitar_acoustic_010-049-127,/root/autodl-tmp/tokenizer-eval/data/nsynth/nsynth-test/audio/guitar_acoustic_010-049-127.wav,219,guitar_acoustic_010,3,guitar,0,acoustic,49,127,16000,
brass_acoustic_006-060-100,brass_acoustic_006-060-100,/root/autodl-tmp/tokenizer-eval/data/nsynth/nsynth-test/audio/brass_acoustic_006-060-100.wav,43,brass_acoustic_006,1,brass,0,acoustic,60,100,16000,reverb
bass_synthetic_034-064-075,bass_synthetic_034-064-075,/root/autodl-tmp/tokenizer-eval/data/nsynth/nsynth-test/audio/bass_synthetic_034-064-075.wav,420,bass_synthetic_034,0,bass,2,synthetic,64,75,16000,distortion|tempo-synced
organ_electronic_028-035-127,organ_electronic_028-035-127,/root/autodl-tmp/tokenizer-eval/data/nsynth/nsynth-test/audio/organ_electronic_028-035-127.wav,440,organ_electronic_028,6,organ,1,electronic,35,127,16000,dark
flute_synthetic_000-107-127,flute_synthetic_000-107-127,/root/autodl-tmp/tokenizer-eval/data/nsynth/nsynth-test/audio/flute_synthetic_000-107-127.wav,82,flute_synthetic_000,2,flute,2,synthetic,107,127,16000,bright|distortion
reed_acoustic_023-046-075,reed_acoustic_023-046-075,/root/autodl-tmp/tokenizer-eval/data/nsynth/nsynth-test/audio/reed_acoustic_023-046-075.wav,224,reed_acoustic_023,7,reed,0,acoustic,46,75,16000,bright|fast_decay|multiphonic|nonlinear_env
flute_synthetic_000-061-050,flute_synthetic_000-061-050,/root/autodl-tmp/tokenizer-eval/data/nsynth/nsynth-test/audio/flute_synthetic_000-061-050.wav,82,flute_synthetic_000,2,flute,2,synthetic,61,50,16000,distortion
guitar_acoustic_014-086-025,guitar_acoustic_014-086-025,/root/autodl-tmp/tokenizer-eval/data/nsynth/nsynth-test/audio/guitar_acoustic_014-086-025.wav,263,guitar_acoustic_014,3,guitar,0,acoustic,86,25,16000,fast_decay|percussive
guitar_acoustic_010-021-127,guitar_acoustic_010-021-127,/root/autodl-tmp/tokenizer-eval/data/nsynth/nsynth-test/audio/guitar_acoustic_010-021-127.wav,219,guitar_acoustic_010,3,guitar,0,acoustic,21,127,16000,
bass_synthetic_009-037-025,bass_synthetic_009-037-025,/root/autodl-tmp/tokenizer-eval/data/nsynth/nsynth-test/audio/bass_synthetic_009-037-025.wav,150,bass_synthetic_009,0,bass,2,synthetic,37,25,16000,bright|distortion|long_release
string_acoustic_056-076-025,string_acoustic_056-076-025,/root/autodl-tmp/tokenizer-eval/data/nsynth/nsynth-test/audio/string_acoustic_056-076-025.wav,436,string_acoustic_056,8,string,0,acoustic,76,25,16000,fast_decay|percussive|reverb
reed_acoustic_023-072-127,reed_acoustic_023-072-127,/root/autodl-tmp/tokenizer-eval/data/nsynth/nsynth-test/audio/reed_acoustic_023-072-127.wav,224,reed_acoustic_023,7,reed,0,acoustic,72,127,16000,bright|fast_decay|multiphonic|nonlinear_env
guitar_acoustic_015-077-127,guitar_acoustic_015-077-127,/root/autodl-tmp/tokenizer-eval/data/nsynth/nsynth-test/audio/guitar_acoustic_015-077-127.wav,316,guitar_acoustic_015,3,guitar,0,acoustic,77,127,16000,fast_decay|reverb
keyboard_synthetic_000-056-075,keyboard_synthetic_000-056-075,/root/autodl-tmp/tokenizer-eval/data/nsynth/nsynth-test/audio/keyboard_synthetic_000-056-075.wav,577,keyboard_synthetic_000,4,keyboard,2,synthetic,56,75,16000,distortion|fast_decay|nonlinear_env
brass_acoustic_046-077-100,brass_acoustic_046-077-100,/root/autodl-tmp/tokenizer-eval/data/nsynth/nsynth-test/audio/brass_acoustic_046-077-100.wav,414,brass_acoustic_046,1,brass,0,acoustic,77,100,16000,
flute_synthetic_000-041-025,flute_synthetic_000-041-025,/root/autodl-tmp/tokenizer-eval/data/nsynth/nsynth-test/audio/flute_synthetic_000-041-025.wav,82,flute_synthetic_000,2,flute,2,synthetic,41,25,16000,distortion
reed_acoustic_023-049-050,reed_acoustic_023-049-050,/root/autodl-tmp/tokenizer-eval/data/nsynth/nsynth-test/audio/reed_acoustic_023-049-050.wav,224,reed_acoustic_023,7,reed,0,acoustic,49,50,16000,bright|fast_decay|multiphonic|nonlinear_env
guitar_acoustic_015-037-075,guitar_acoustic_015-037-075,/root/autodl-tmp/tokenizer-eval/data/nsynth/nsynth-test/audio/guitar_acoustic_015-037-075.wav,316,guitar_acoustic_015,3,guitar,0,acoustic,37,75,16000,reverb
organ_electronic_007-060-025,organ_electronic_007-060-025,/root/autodl-tmp/tokenizer-eval/data/nsynth/nsynth-test/audio/organ_electronic_007-060-025.wav,123,organ_electronic_007,6,organ,1,electronic,60,25,16000,distortion|long_release|nonlinear_env
bass_synthetic_033-074-075,bass_synthetic_033-074-075,/root/autodl-tmp/tokenizer-eval/data/nsynth/nsynth-test/audio/bass_synthetic_033-074-075.wav,417,bass_synthetic_033,0,bass,2,synthetic,74,75,16000,
bass_synthetic_098-028-127,bass_synthetic_098-028-127,/root/autodl-tmp/tokenizer-eval/data/nsynth/nsynth-test/audio/bass_synthetic_098-028-127.wav,803,bass_synthetic_098,0,bass,2,synthetic,28,127,16000,distortion
keyboard_electronic_078-062-075,keyboard_electronic_078-062-075,/root/autodl-tmp/tokenizer-eval/data/nsynth/nsynth-test/audio/keyboard_electronic_078-062-075.wav,838,keyboard_electronic_078,4,keyboard,1,electronic,62,75,16000,bright
string_acoustic_071-041-025,string_acoustic_071-041-025,/root/autodl-tmp/tokenizer-eval/data/nsynth/nsynth-test/audio/string_acoustic_071-041-025.wav,609,string_acoustic_071,8,string,0,acoustic,41,25,16000,long_release|reverb
reed_acoustic_023-075-050,reed_acoustic_023-075-050,/root/autodl-tmp/tokenizer-eval/data/nsynth/nsynth-test/audio/reed_acoustic_023-075-050.wav,224,reed_acoustic_023,7,reed,0,acoustic,75,50,16000,bright|fast_decay|multiphonic|nonlinear_env
flute_synthetic_000-042-025,flute_synthetic_000-042-025,/root/autodl-tmp/tokenizer-eval/data/nsynth/nsynth-test/audio/flute_synthetic_000-042-025.wav,82,flute_synthetic_000,2,flute,2,synthetic,42,25,16000,distortion
keyboard_acoustic_004-078-025,keyboard_acoustic_004-078-025,/root/autodl-tmp/tokenizer-eval/data/nsynth/nsynth-test/audio/keyboard_acoustic_004-078-025.wav,327,keyboard_acoustic_004,4,keyboard,0,acoustic,78,25,16000,dark|reverb
guitar_acoustic_010-094-100,guitar_acoustic_010-094-100,/root/autodl-tmp/tokenizer-eval/data/nsynth/nsynth-test/audio/guitar_acoustic_010-094-100.wav,219,guitar_acoustic_010,3,guitar,0,acoustic,94,100,16000,
string_acoustic_014-065-075,string_acoustic_014-065-075,/root/autodl-tmp/tokenizer-eval/data/nsynth/nsynth-test/audio/string_acoustic_014-065-075.wav,100,string_acoustic_014,8,string,0,acoustic,65,75,16000,fast_decay|percussive|reverb
guitar_electronic_028-024-075,guitar_electronic_028-024-075,/root/autodl-tmp/tokenizer-eval/data/nsynth/nsynth-test/audio/guitar_electronic_028-024-075.wav,510,guitar_electronic_028,3,guitar,1,electronic,24,75,16000,dark
keyboard_electronic_003-062-025,keyboard_electronic_003-062-025,/root/autodl-tmp/tokenizer-eval/data/nsynth/nsynth-test/audio/keyboard_electronic_003-062-025.wav,65,keyboard_electronic_003,4,keyboard,1,electronic,62,25,16000,dark
organ_electronic_057-068-127,organ_electronic_057-068-127,/root/autodl-tmp/tokenizer-eval/data/nsynth/nsynth-test/audio/organ_electronic_057-068-127.wav,701,organ_electronic_057,6,organ,1,electronic,68,127,16000,
reed_acoustic_023-083-025,reed_acoustic_023-083-025,/root/autodl-tmp/tokenizer-eval/data/nsynth/nsynth-test/audio/reed_acoustic_023-083-025.wav,224,reed_acoustic_023,7,reed,0,acoustic,83,25,16000,bright|fast_decay|multiphonic|nonlinear_env
bass_synthetic_135-063-025,bass_synthetic_135-063-025,/root/autodl-tmp/tokenizer-eval/data/nsynth/nsynth-test/audio/bass_synthetic_135-063-025.wav,927,bass_synthetic_135,0,bass,2,synthetic,63,25,16000,distortion
flute_acoustic_002-094-127,flute_acoustic_002-094-127,/root/autodl-tmp/tokenizer-eval/data/nsynth/nsynth-test/audio/flute_acoustic_002-094-127.wav,86,flute_acoustic_002,2,flute,0,acoustic,94,127,16000,reverb
string_acoustic_012-055-050,string_acoustic_012-055-050,/root/autodl-tmp/tokenizer-eval/data/nsynth/nsynth-test/audio/string_acoustic_012-055-050.wav,97,string_acoustic_012,8,string,0,acoustic,55,50,16000,long_release|reverb
keyboard_acoustic_004-083-050,keyboard_acoustic_004-083-050,/root/autodl-tmp/tokenizer-eval/data/nsynth/nsynth-test/audio/keyboard_acoustic_004-083-050.wav,327,keyboard_acoustic_004,4,keyboard,0,acoustic,83,50,16000,dark|reverb
keyboard_acoustic_004-071-100,keyboard_acoustic_004-071-100,/root/autodl-tmp/tokenizer-eval/data/nsynth/nsynth-test/audio/keyboard_acoustic_004-071-100.wav,327,keyboard_acoustic_004,4,keyboard,0,acoustic,71,100,16000,reverb
organ_electronic_007-009-075,organ_electronic_007-009-075,/root/autodl-tmp/tokenizer-eval/data/nsynth/nsynth-test/audio/organ_electronic_007-009-075.wav,123,organ_electronic_007,6,organ,1,electronic,9,75,16000,distortion|long_release|nonlinear_env
keyboard_electronic_001-037-075,keyboard_electronic_001-037-075,/root/autodl-tmp/tokenizer-eval/data/nsynth/nsynth-test/audio/keyboard_electronic_001-037-075.wav,40,keyboard_electronic_001,4,keyboard,1,electronic,37,75,16000,dark
string_acoustic_071-030-100,string_acoustic_071-030-100,/root/autodl-tmp/tokenizer-eval/data/nsynth/nsynth-test/audio/string_acoustic_071-030-100.wav,609,string_acoustic_071,8,string,0,acoustic,30,100,16000,long_release|reverb
vocal_synthetic_003-070-075,vocal_synthetic_003-070-075,/root/autodl-tmp/tokenizer-eval/data/nsynth/nsynth-test/audio/vocal_synthetic_003-070-075.wav,37,vocal_synthetic_003,10,vocal,2,synthetic,70,75,16000,bright|distortion|long_release|nonlinear_env
organ_electronic_007-091-100,organ_electronic_007-091-100,/root/autodl-tmp/tokenizer-eval/data/nsynth/nsynth-test/audio/organ_electronic_007-091-100.wav,123,organ_electronic_007,6,organ,1,electronic,91,100,16000,long_release|nonlinear_env
bass_synthetic_135-045-075,bass_synthetic_135-045-075,/root/autodl-tmp/tokenizer-eval/data/nsynth/nsynth-test/audio/bass_synthetic_135-045-075.wav,927,bass_synthetic_135,0,bass,2,synthetic,45,75,16000,distortion
organ_electronic_007-084-025,organ_electronic_007-084-025,/root/autodl-tmp/tokenizer-eval/data/nsynth/nsynth-test/audio/organ_electronic_007-084-025.wav,123,organ_electronic_007,6,organ,1,electronic,84,25,16000,bright|distortion|long_release|nonlinear_env
reed_acoustic_037-049-025,reed_acoustic_037-049-025,/root/autodl-tmp/tokenizer-eval/data/nsynth/nsynth-test/audio/reed_acoustic_037-049-025.wav,387,reed_acoustic_037,7,reed,0,acoustic,49,25,16000,reverb
brass_acoustic_006-069-127,brass_acoustic_006-069-127,/root/autodl-tmp/tokenizer-eval/data/nsynth/nsynth-test/audio/brass_acoustic_006-069-127.wav,43,brass_acoustic_006,1,brass,0,acoustic,69,127,16000,long_release|reverb
reed_acoustic_011-035-127,reed_acoustic_011-035-127,/root/autodl-tmp/tokenizer-eval/data/nsynth/nsynth-test/audio/reed_acoustic_011-035-127.wav,104,reed_acoustic_011,7,reed,0,acoustic,35,127,16000,bright
keyboard_synthetic_000-062-050,keyboard_synthetic_000-062-050,/root/autodl-tmp/tokenizer-eval/data/nsynth/nsynth-test/audio/keyboard_synthetic_000-062-050.wav,577,keyboard_synthetic_000,4,keyboard,2,synthetic,62,50,16000,distortion|fast_decay|nonlinear_env
organ_electronic_001-060-127,organ_electronic_001-060-127,/root/autodl-tmp/tokenizer-eval/data/nsynth/nsynth-test/audio/organ_electronic_001-060-127.wav,8,organ_electronic_001,6,organ,1,electronic,60,127,16000,dark
vocal_synthetic_003-053-050,vocal_synthetic_003-053-050,/root/autodl-tmp/tokenizer-eval/data/nsynth/nsynth-test/audio/vocal_synthetic_003-053-050.wav,37,vocal_synthetic_003,10,vocal,2,synthetic,53,50,16000,distortion|long_release|nonlinear_env
organ_electronic_007-060-127,organ_electronic_007-060-127,/root/autodl-tmp/tokenizer-eval/data/nsynth/nsynth-test/audio/organ_electronic_007-060-127.wav,123,organ_electronic_007,6,organ,1,electronic,60,127,16000,distortion|long_release|nonlinear_env
brass_acoustic_059-047-050,brass_acoustic_059-047-050,/root/autodl-tmp/tokenizer-eval/data/nsynth/nsynth-test/audio/brass_acoustic_059-047-050.wav,572,brass_acoustic_059,1,brass,0,acoustic,47,50,16000,dark|reverb
keyboard_electronic_002-102-075,keyboard_electronic_002-102-075,/root/autodl-tmp/tokenizer-eval/data/nsynth/nsynth-test/audio/keyboard_electronic_002-102-075.wav,50,keyboard_electronic_002,4,keyboard,1,electronic,102,75,16000,bright|fast_decay|percussive
vocal_synthetic_003-022-025,vocal_synthetic_003-022-025,/root/autodl-tmp/tokenizer-eval/data/nsynth/nsynth-test/audio/vocal_synthetic_003-022-025.wav,37,vocal_synthetic_003,10,vocal,2,synthetic,22,25,16000,distortion|long_release|nonlinear_env
keyboard_synthetic_000-076-100,keyboard_synthetic_000-076-100,/root/autodl-tmp/tokenizer-eval/data/nsynth/nsynth-test/audio/keyboard_synthetic_000-076-100.wav,577,keyboard_synthetic_000,4,keyboard,2,synthetic,76,100,16000,bright|distortion|fast_decay|nonlinear_env
organ_electronic_028-052-075,organ_electronic_028-052-075,/root/autodl-tmp/tokenizer-eval/data/nsynth/nsynth-test/audio/organ_electronic_028-052-075.wav,440,organ_electronic_028,6,organ,1,electronic,52,75,16000,dark
brass_acoustic_006-073-075,brass_acoustic_006-073-075,/root/autodl-tmp/tokenizer-eval/data/nsynth/nsynth-test/audio/brass_acoustic_006-073-075.wav,43,brass_acoustic_006,1,brass,0,acoustic,73,75,16000,reverb
string_acoustic_056-072-025,string_acoustic_056-072-025,/root/autodl-tmp/tokenizer-eval/data/nsynth/nsynth-test/audio/string_acoustic_056-072-025.wav,436,string_acoustic_056,8,string,0,acoustic,72,25,16000,fast_decay|percussive|reverb
bass_synthetic_135-096-100,bass_synthetic_135-096-100,/root/autodl-tmp/tokenizer-eval/data/nsynth/nsynth-test/audio/bass_synthetic_135-096-100.wav,927,bass_synthetic_135,0,bass,2,synthetic,96,100,16000,distortion
mallet_acoustic_047-099-100,mallet_acoustic_047-099-100,/root/autodl-tmp/tokenizer-eval/data/nsynth/nsynth-test/audio/mallet_acoustic_047-099-100.wav,488,mallet_acoustic_047,5,mallet,0,acoustic,99,100,16000,fast_decay|percussive|reverb
guitar_electronic_028-068-050,guitar_electronic_028-068-050,/root/autodl-tmp/tokenizer-eval/data/nsynth/nsynth-test/audio/guitar_electronic_028-068-050.wav,510,guitar_electronic_028,3,guitar,1,electronic,68,50,16000,
string_acoustic_012-038-100,string_acoustic_012-038-100,/root/autodl-tmp/tokenizer-eval/data/nsynth/nsynth-test/audio/string_acoustic_012-038-100.wav,97,string_acoustic_012,8,string,0,acoustic,38,100,16000,long_release|reverb
organ_electronic_113-029-127,organ_electronic_113-029-127,/root/autodl-tmp/tokenizer-eval/data/nsynth/nsynth-test/audio/organ_electronic_113-029-127.wav,958,organ_electronic_113,6,organ,1,electronic,29,127,16000,dark
string_acoustic_057-074-050,string_acoustic_057-074-050,/root/autodl-tmp/tokenizer-eval/data/nsynth/nsynth-test/audio/string_acoustic_057-074-050.wav,450,string_acoustic_057,8,string,0,acoustic,74,50,16000,bright|nonlinear_env|reverb
guitar_acoustic_010-047-100,guitar_acoustic_010-047-100,/root/autodl-tmp/tokenizer-eval/data/nsynth/nsynth-test/audio/guitar_acoustic_010-047-100.wav,219,guitar_acoustic_010,3,guitar,0,acoustic,47,100,16000,
brass_acoustic_006-036-025,brass_acoustic_006-036-025,/root/autodl-tmp/tokenizer-eval/data/nsynth/nsynth-test/audio/brass_acoustic_006-036-025.wav,43,brass_acoustic_006,1,brass,0,acoustic,36,25,16000,long_release|reverb
vocal_synthetic_003-083-025,vocal_synthetic_003-083-025,/root/autodl-tmp/tokenizer-eval/data/nsynth/nsynth-test/audio/vocal_synthetic_003-083-025.wav,37,vocal_synthetic_003,10,vocal,2,synthetic,83,25,16000,bright|distortion|long_release|nonlinear_env
flute_acoustic_002-087-075,flute_acoustic_002-087-075,/root/autodl-tmp/tokenizer-eval/data/nsynth/nsynth-test/audio/flute_acoustic_002-087-075.wav,86,flute_acoustic_002,2,flute,0,acoustic,87,75,16000,reverb
reed_acoustic_023-054-075,reed_acoustic_023-054-075,/root/autodl-tmp/tokenizer-eval/data/nsynth/nsynth-test/audio/reed_acoustic_023-054-075.wav,224,reed_acoustic_023,7,reed,0,acoustic,54,75,16000,bright|fast_decay|multiphonic|nonlinear_env
bass_synthetic_135-080-100,bass_synthetic_135-080-100,/root/autodl-tmp/tokenizer-eval/data/nsynth/nsynth-test/audio/bass_synthetic_135-080-100.wav,927,bass_synthetic_135,0,bass,2,synthetic,80,100,16000,distortion
brass_acoustic_046-086-127,brass_acoustic_046-086-127,/root/autodl-tmp/tokenizer-eval/data/nsynth/nsynth-test/audio/brass_acoustic_046-086-127.wav,414,brass_acoustic_046,1,brass,0,acoustic,86,127,16000,long_release
guitar_acoustic_021-082-127,guitar_acoustic_021-082-127,/root/autodl-tmp/tokenizer-eval/data/nsynth/nsynth-test/audio/guitar_acoustic_021-082-127.wav,457,guitar_acoustic_021,3,guitar,0,acoustic,82,127,16000,fast_decay|percussive
reed_acoustic_023-095-127,reed_acoustic_023-095-127,/root/autodl-tmp/tokenizer-eval/data/nsynth/nsynth-test/audio/reed_acoustic_023-095-127.wav,224,reed_acoustic_023,7,reed,0,acoustic,95,127,16000,fast_decay|multiphonic|nonlinear_env
guitar_acoustic_021-094-050,guitar_acoustic_021-094-050,/root/autodl-tmp/tokenizer-eval/data/nsynth/nsynth-test/audio/guitar_acoustic_021-094-050.wav,457,guitar_acoustic_021,3,guitar,0,acoustic,94,50,16000,fast_decay|percussive
guitar_acoustic_010-036-100,guitar_acoustic_010-036-100,/root/autodl-tmp/tokenizer-eval/data/nsynth/nsynth-test/audio/guitar_acoustic_010-036-100.wav,219,guitar_acoustic_010,3,guitar,0,acoustic,36,100,16000,
reed_acoustic_023-090-050,reed_acoustic_023-090-050,/root/autodl-tmp/tokenizer-eval/data/nsynth/nsynth-test/audio/reed_acoustic_023-090-050.wav,224,reed_acoustic_023,7,reed,0,acoustic,90,50,16000,fast_decay|multiphonic|nonlinear_env
vocal_acoustic_000-065-100,vocal_acoustic_000-065-100,/root/autodl-tmp/tokenizer-eval/data/nsynth/nsynth-test/audio/vocal_acoustic_000-065-100.wav,46,vocal_acoustic_000,10,vocal,0,acoustic,65,100,16000,reverb
keyboard_electronic_078-043-100,keyboard_electronic_078-043-100,/root/autodl-tmp/tokenizer-eval/data/nsynth/nsynth-test/audio/keyboard_electronic_078-043-100.wav,838,keyboard_electronic_078,4,keyboard,1,electronic,43,100,16000,bright
reed_acoustic_011-039-100,reed_acoustic_011-039-100,/root/autodl-tmp/tokenizer-eval/data/nsynth/nsynth-test/audio/reed_acoustic_011-039-100.wav,104,reed_acoustic_011,7,reed,0,acoustic,39,100,16000,bright
flute_synthetic_000-079-100,flute_synthetic_000-079-100,/root/autodl-tmp/tokenizer-eval/data/nsynth/nsynth-test/audio/flute_synthetic_000-079-100.wav,82,flute_synthetic_000,2,flute,2,synthetic,79,100,16000,distortion
mallet_acoustic_047-077-100,mallet_acoustic_047-077-100,/root/autodl-tmp/tokenizer-eval/data/nsynth/nsynth-test/audio/mallet_acoustic_047-077-100.wav,488,mallet_acoustic_047,5,mallet,0,acoustic,77,100,16000,percussive|reverb
bass_synthetic_068-040-050,bass_synthetic_068-040-050,/root/autodl-tmp/tokenizer-eval/data/nsynth/nsynth-test/audio/bass_synthetic_068-040-050.wav,656,bass_synthetic_068,0,bass,2,synthetic,40,50,16000,dark
vocal_synthetic_003-065-100,vocal_synthetic_003-065-100,/root/autodl-tmp/tokenizer-eval/data/nsynth/nsynth-test/audio/vocal_synthetic_003-065-100.wav,37,vocal_synthetic_003,10,vocal,2,synthetic,65,100,16000,bright|distortion|long_release|nonlinear_env
organ_electronic_007-084-050,organ_electronic_007-084-050,/root/autodl-tmp/tokenizer-eval/data/nsynth/nsynth-test/audio/organ_electronic_007-084-050.wav,123,organ_electronic_007,6,organ,1,electronic,84,50,16000,bright|distortion|long_release|nonlinear_env
keyboard_acoustic_004-054-075,keyboard_acoustic_004-054-075,/root/autodl-tmp/tokenizer-eval/data/nsynth/nsynth-test/audio/keyboard_acoustic_004-054-075.wav,327,keyboard_acoustic_004,4,keyboard,0,acoustic,54,75,16000,reverb
bass_synthetic_134-045-100,bass_synthetic_134-045-100,/root/autodl-tmp/tokenizer-eval/data/nsynth/nsynth-test/audio/bass_synthetic_134-045-100.wav,914,bass_synthetic_134,0,bass,2,synthetic,45,100,16000,dark|reverb
guitar_acoustic_015-025-075,guitar_acoustic_015-025-075,/root/autodl-tmp/tokenizer-eval/data/nsynth/nsynth-test/audio/guitar_acoustic_015-025-075.wav,316,guitar_acoustic_015,3,guitar,0,acoustic,25,75,16000,reverb
brass_acoustic_059-064-025,brass_acoustic_059-064-025,/root/autodl-tmp/tokenizer-eval/data/nsynth/nsynth-test/audio/brass_acoustic_059-064-025.wav,572,brass_acoustic_059,1,brass,0,acoustic,64,25,16000,reverb
organ_electronic_057-034-100,organ_electronic_057-034-100,/root/autodl-tmp/tokenizer-eval/data/nsynth/nsynth-test/audio/organ_electronic_057-034-100.wav,701,organ_electronic_057,6,organ,1,electronic,34,100,16000,dark
keyboard_acoustic_004-065-025,keyboard_acoustic_004-065-025,/root/autodl-tmp/tokenizer-eval/data/nsynth/nsynth-test/audio/keyboard_acoustic_004-065-025.wav,327,keyboard_acoustic_004,4,keyboard,0,acoustic,65,25,16000,dark|reverb
guitar_acoustic_015-061-075,guitar_acoustic_015-061-075,/root/autodl-tmp/tokenizer-eval/data/nsynth/nsynth-test/audio/guitar_acoustic_015-061-075.wav,316,guitar_acoustic_015,3,guitar,0,acoustic,61,75,16000,reverb
guitar_electronic_028-068-075,guitar_electronic_028-068-075,/root/autodl-tmp/tokenizer-eval/data/nsynth/nsynth-test/audio/guitar_electronic_028-068-075.wav,510,guitar_electronic_028,3,guitar,1,electronic,68,75,16000,
keyboard_acoustic_004-058-100,keyboard_acoustic_004-058-100,/root/autodl-tmp/tokenizer-eval/data/nsynth/nsynth-test/audio/keyboard_acoustic_004-058-100.wav,327,keyboard_acoustic_004,4,keyboard,0,acoustic,58,100,16000,reverb
guitar_acoustic_021-053-025,guitar_acoustic_021-053-025,/root/autodl-tmp/tokenizer-eval/data/nsynth/nsynth-test/audio/guitar_acoustic_021-053-025.wav,457,guitar_acoustic_021,3,guitar,0,acoustic,53,25,16000,
