tsne_x,tsne_y,id,note_str,audio_path,instrument,instrument_str,instrument_family,instrument_family_str,instrument_source,instrument_source_str,pitch,velocity,sample_rate,qualities_str
-0.6404712,-44.432434,organ_electronic_028-091-025,organ_electronic_028-091-025,/root/autodl-tmp/tokenizer-eval/data/nsynth/nsynth-valid/audio/organ_electronic_028-091-025.wav,440,organ_electronic_028,6,organ,1,electronic,91,25,16000,
-16.651695,47.78362,brass_acoustic_006-043-127,brass_acoustic_006-043-127,/root/autodl-tmp/tokenizer-eval/data/nsynth/nsynth-valid/audio/brass_acoustic_006-043-127.wav,43,brass_acoustic_006,1,brass,0,acoustic,43,127,16000,reverb
9.460631,-18.237356,bass_synthetic_068-075-050,bass_synthetic_068-075-050,/root/autodl-tmp/tokenizer-eval/data/nsynth/nsynth-valid/audio/bass_synthetic_068-075-050.wav,656,bass_synthetic_068,0,bass,2,synthetic,75,50,16000,
25.953358,1.5873694,mallet_acoustic_062-061-050,mallet_acoustic_062-061-050,/root/autodl-tmp/tokenizer-eval/data/nsynth/nsynth-valid/audio/mallet_acoustic_062-061-050.wav,644,mallet_acoustic_062,5,mallet,0,acoustic,61,50,16000,dark|fast_decay|multiphonic
-32.44986,-20.070288,reed_acoustic_018-073-025,reed_acoustic_018-073-025,/root/autodl-tmp/tokenizer-eval/data/nsynth/nsynth-valid/audio/reed_acoustic_018-073-025.wav,183,reed_acoustic_018,7,reed,0,acoustic,73,25,16000,
6.0152445,-14.65676,guitar_acoustic_015-073-075,guitar_acoustic_015-073-075,/root/autodl-tmp/tokenizer-eval/data/nsynth/nsynth-valid/audio/guitar_acoustic_015-073-075.wav,316,guitar_acoustic_015,3,guitar,0,acoustic,73,75,16000,reverb
-8.717479,10.994598,organ_electronic_113-062-075,organ_electronic_113-062-075,/root/autodl-tmp/tokenizer-eval/data/nsynth/nsynth-valid/audio/organ_electronic_113-062-075.wav,958,organ_electronic_113,6,organ,1,electronic,62,75,16000,dark
28.474834,-19.891685,guitar_acoustic_014-087-025,guitar_acoustic_014-087-025,/root/autodl-tmp/tokenizer-eval/data/nsynth/nsynth-valid/audio/guitar_acoustic_014-087-025.wav,263,guitar_acoustic_014,3,guitar,0,acoustic,87,25,16000,fast_decay|percussive
-21.752642,54.64914,brass_acoustic_059-033-127,brass_acoustic_059-033-127,/root/autodl-tmp/tokenizer-eval/data/nsynth/nsynth-valid/audio/brass_acoustic_059-033-127.wav,572,brass_acoustic_059,1,brass,0,acoustic,33,127,16000,reverb
-22.379196,-14.788192,reed_acoustic_037-074-050,reed_acoustic_037-074-050,/root/autodl-tmp/tokenizer-eval/data/nsynth/nsynth-valid/audio/reed_acoustic_037-074-050.wav,387,reed_acoustic_037,7,reed,0,acoustic,74,50,16000,reverb
38.07357,18.324432,string_acoustic_014-032-127,string_acoustic_014-032-127,/root/autodl-tmp/tokenizer-eval/data/nsynth/nsynth-valid/audio/string_acoustic_014-032-127.wav,100,string_acoustic_014,8,string,0,acoustic,32,127,16000,dark|fast_decay|reverb
33.21467,-13.841509,string_acoustic_056-073-075,string_acoustic_056-073-075,/root/autodl-tmp/tokenizer-eval/data/nsynth/nsynth-valid/audio/string_acoustic_056-073-075.wav,436,string_acoustic_056,8,string,0,acoustic,73,75,16000,fast_decay|percussive|reverb
-38.480644,-3.3537986,organ_electronic_113-068-025,organ_electronic_113-068-025,/root/autodl-tmp/tokenizer-eval/data/nsynth/nsynth-valid/audio/organ_electronic_113-068-025.wav,958,organ_electronic_113,6,organ,1,electronic,68,25,16000,
-4.789863,39.10286,string_acoustic_012-050-127,string_acoustic_012-050-127,/root/autodl-tmp/tokenizer-eval/data/nsynth/nsynth-valid/audio/string_acoustic_012-050-127.wav,97,string_acoustic_012,8,string,0,acoustic,50,127,16000,reverb
2.3636723,48.586666,string_acoustic_080-043-100,string_acoustic_080-043-100,/root/autodl-tmp/tokenizer-eval/data/nsynth/nsynth-valid/audio/string_acoustic_080-043-100.wav,675,string_acoustic_080,8,string,0,acoustic,43,100,16000,long_release|reverb
-18.16066,49.48384,brass_acoustic_006-040-025,brass_acoustic_006-040-025,/root/autodl-tmp/tokenizer-eval/data/nsynth/nsynth-valid/audio/brass_acoustic_006-040-025.wav,43,brass_acoustic_006,1,brass,0,acoustic,40,25,16000,reverb
9.649473,15.431196,keyboard_electronic_001-056-100,keyboard_electronic_001-056-100,/root/autodl-tmp/tokenizer-eval/data/nsynth/nsynth-valid/audio/keyboard_electronic_001-056-100.wav,40,keyboard_electronic_001,4,keyboard,1,electronic,56,100,16000,
10.1143,62.860188,flute_synthetic_000-035-100,flute_synthetic_000-035-100,/root/autodl-tmp/tokenizer-eval/data/nsynth/nsynth-valid/audio/flute_synthetic_000-035-100.wav,82,flute_synthetic_000,2,flute,2,synthetic,35,100,16000,distortion
17.383818,-26.933239,keyboard_electronic_078-084-075,keyboard_electronic_078-084-075,/root/autodl-tmp/tokenizer-eval/data/nsynth/nsynth-valid/audio/keyboard_electronic_078-084-075.wav,838,keyboard_electronic_078,4,keyboard,1,electronic,84,75,16000,bright
40.63694,8.018307,keyboard_acoustic_004-091-050,keyboard_acoustic_004-091-050,/root/autodl-tmp/tokenizer-eval/data/nsynth/nsynth-valid/audio/keyboard_acoustic_004-091-050.wav,327,keyboard_acoustic_004,4,keyboard,0,acoustic,91,50,16000,dark|reverb
-21.895744,27.792484,string_acoustic_012-053-100,string_acoustic_012-053-100,/root/autodl-tmp/tokenizer-eval/data/nsynth/nsynth-valid/audio/string_acoustic_012-053-100.wav,97,string_acoustic_012,8,string,0,acoustic,53,100,16000,reverb
-27.599594,-26.244581,string_acoustic_057-084-075,string_acoustic_057-084-075,/root/autodl-tmp/tokenizer-eval/data/nsynth/nsynth-valid/audio/string_acoustic_057-084-075.wav,450,string_acoustic_057,8,string,0,acoustic,84,75,16000,bright|nonlinear_env|reverb
21.49556,-1.7990925,bass_synthetic_033-096-050,bass_synthetic_033-096-050,/root/autodl-tmp/tokenizer-eval/data/nsynth/nsynth-valid/audio/bass_synthetic_033-096-050.wav,417,bass_synthetic_033,0,bass,2,synthetic,96,50,16000,
14.231137,-4.7333665,keyboard_acoustic_004-067-050,keyboard_acoustic_004-067-050,/root/autodl-tmp/tokenizer-eval/data/nsynth/nsynth-valid/audio/keyboard_acoustic_004-067-050.wav,327,keyboard_acoustic_004,4,keyboard,0,acoustic,67,50,16000,dark|reverb
25.718855,-59.02609,reed_acoustic_023-093-075,reed_acoustic_023-093-075,/root/autodl-tmp/tokenizer-eval/data/nsynth/nsynth-valid/audio/reed_acoustic_023-093-075.wav,224,reed_acoustic_023,7,reed,0,acoustic,93,75,16000,fast_decay|multiphonic|nonlinear_env
13.967142,51.44346,guitar_acoustic_021-034-025,guitar_acoustic_021-034-025,/root/autodl-tmp/tokenizer-eval/data/nsynth/nsynth-valid/audio/guitar_acoustic_021-034-025.wav,457,guitar_acoustic_021,3,guitar,0,acoustic,34,25,16000,
4.358697,-6.6147604,keyboard_acoustic_004-070-127,keyboard_acoustic_004-070-127,/root/autodl-tmp/tokenizer-eval/data/nsynth/nsynth-valid/audio/keyboard_acoustic_004-070-127.wav,327,keyboard_acoustic_004,4,keyboard,0,acoustic,70,127,16000,reverb
9.875776,2.6857147,keyboard_electronic_078-063-025,keyboard_electronic_078-063-025,/root/autodl-tmp/tokenizer-eval/data/nsynth/nsynth-valid/audio/keyboard_electronic_078-063-025.wav,838,keyboard_electronic_078,4,keyboard,1,electronic,63,25,16000,bright
21.198584,11.592845,bass_electronic_018-058-127,bass_electronic_018-058-127,/root/autodl-tmp/tokenizer-eval/data/nsynth/nsynth-valid/audio/bass_electronic_018-058-127.wav,759,bass_electronic_018,0,bass,1,electronic,58,127,16000,
-29.589794,49.850258,vocal_synthetic_003-031-075,vocal_synthetic_003-031-075,/root/autodl-tmp/tokenizer-eval/data/nsynth/nsynth-valid/audio/vocal_synthetic_003-031-075.wav,37,vocal_synthetic_003,10,vocal,2,synthetic,31,75,16000,distortion|long_release|nonlinear_env
-32.45367,10.569205,vocal_acoustic_000-051-100,vocal_acoustic_000-051-100,/root/autodl-tmp/tokenizer-eval/data/nsynth/nsynth-valid/audio/vocal_acoustic_000-051-100.wav,46,vocal_acoustic_000,10,vocal,0,acoustic,51,100,16000,reverb
37.095978,4.2069306,string_acoustic_014-062-050,string_acoustic_014-062-050,/root/autodl-tmp/tokenizer-eval/data/nsynth/nsynth-valid/audio/string_acoustic_014-062-050.wav,100,string_acoustic_014,8,string,0,acoustic,62,50,16000,dark|percussive|reverb
8.4203005,31.109367,keyboard_electronic_002-050-075,keyboard_electronic_002-050-075,/root/autodl-tmp/tokenizer-eval/data/nsynth/nsynth-valid/audio/keyboard_electronic_002-050-075.wav,50,keyboard_electronic_002,4,keyboard,1,electronic,50,75,16000,
23.490953,6.1535063,mallet_acoustic_062-061-127,mallet_acoustic_062-061-127,/root/autodl-tmp/tokenizer-eval/data/nsynth/nsynth-valid/audio/mallet_acoustic_062-061-127.wav,644,mallet_acoustic_062,5,mallet,0,acoustic,61,127,16000,dark|long_release|multiphonic
13.414109,-3.2609682,guitar_electronic_028-067-127,guitar_electronic_028-067-127,/root/autodl-tmp/tokenizer-eval/data/nsynth/nsynth-valid/audio/guitar_electronic_028-067-127.wav,510,guitar_electronic_028,3,guitar,1,electronic,67,127,16000,
12.297913,43.217957,guitar_acoustic_021-046-075,guitar_acoustic_021-046-075,/root/autodl-tmp/tokenizer-eval/data/nsynth/nsynth-valid/audio/guitar_acoustic_021-046-075.wav,457,guitar_acoustic_021,3,guitar,0,acoustic,46,75,16000,
12.2194195,-27.926876,guitar_electronic_022-083-025,guitar_electronic_022-083-025,/root/autodl-tmp/tokenizer-eval/data/nsynth/nsynth-valid/audio/guitar_electronic_022-083-025.wav,378,guitar_electronic_022,3,guitar,1,electronic,83,25,16000,
-35.750244,-18.126652,reed_acoustic_037-073-100,reed_acoustic_037-073-100,/root/autodl-tmp/tokenizer-eval/data/nsynth/nsynth-valid/audio/reed_acoustic_037-073-100.wav,387,reed_acoustic_037,7,reed,0,acoustic,73,100,16000,reverb
-30.179428,15.625019,flute_synthetic_000-067-127,flute_synthetic_000-067-127,/root/autodl-tmp/tokenizer-eval/data/nsynth/nsynth-valid/audio/flute_synthetic_000-067-127.wav,82,flute_synthetic_000,2,flute,2,synthetic,67,127,16000,distortion
18.076838,46.616997,keyboard_electronic_069-039-075,keyboard_electronic_069-039-075,/root/autodl-tmp/tokenizer-eval/data/nsynth/nsynth-valid/audio/keyboard_electronic_069-039-075.wav,805,keyboard_electronic_069,4,keyboard,1,electronic,39,75,16000,distortion
-22.778845,52.7105,brass_acoustic_006-035-127,brass_acoustic_006-035-127,/root/autodl-tmp/tokenizer-eval/data/nsynth/nsynth-valid/audio/brass_acoustic_006-035-127.wav,43,brass_acoustic_006,1,brass,0,acoustic,35,127,16000,reverb
-54.647953,-32.533833,vocal_synthetic_003-093-025,vocal_synthetic_003-093-025,/root/autodl-tmp/tokenizer-eval/data/nsynth/nsynth-valid/audio/vocal_synthetic_003-093-025.wav,37,vocal_synthetic_003,10,vocal,2,synthetic,93,25,16000,bright|distortion|long_release|nonlinear_env
3.96992,39.153843,guitar_acoustic_015-039-050,guitar_acoustic_015-039-050,/root/autodl-tmp/tokenizer-eval/data/nsynth/nsynth-valid/audio/guitar_acoustic_015-039-050.wav,316,guitar_acoustic_015,3,guitar,0,acoustic,39,50,16000,reverb
32.627094,1.176227,string_acoustic_056-050-075,string_acoustic_056-050-075,/root/autodl-tmp/tokenizer-eval/data/nsynth/nsynth-valid/audio/string_acoustic_056-050-075.wav,436,string_acoustic_056,8,string,0,acoustic,50,75,16000,fast_decay|reverb
-56.58944,-30.915695,vocal_synthetic_003-081-075,vocal_synthetic_003-081-075,/root/autodl-tmp/tokenizer-eval/data/nsynth/nsynth-valid/audio/vocal_synthetic_003-081-075.wav,37,vocal_synthetic_003,10,vocal,2,synthetic,81,75,16000,bright|distortion|long_release|nonlinear_env
-39.786114,-28.865711,brass_acoustic_016-059-100,brass_acoustic_016-059-100,/root/autodl-tmp/tokenizer-eval/data/nsynth/nsynth-valid/audio/brass_acoustic_016-059-100.wav,128,brass_acoustic_016,1,brass,0,acoustic,59,100,16000,bright
-41.0428,43.020805,vocal_synthetic_003-047-075,vocal_synthetic_003-047-075,/root/autodl-tmp/tokenizer-eval/data/nsynth/nsynth-valid/audio/vocal_synthetic_003-047-075.wav,37,vocal_synthetic_003,10,vocal,2,synthetic,47,75,16000,distortion|long_release|nonlinear_env
-32.615883,4.9522147,vocal_acoustic_000-060-100,vocal_acoustic_000-060-100,/root/autodl-tmp/tokenizer-eval/data/nsynth/nsynth-valid/audio/vocal_acoustic_000-060-100.wav,46,vocal_acoustic_000,10,vocal,0,acoustic,60,100,16000,reverb
29.858562,40.391216,guitar_acoustic_030-033-025,guitar_acoustic_030-033-025,/root/autodl-tmp/tokenizer-eval/data/nsynth/nsynth-valid/audio/guitar_acoustic_030-033-025.wav,642,guitar_acoustic_030,3,guitar,0,acoustic,33,25,16000,long_release|tempo-synced
-10.037245,-43.755405,flute_acoustic_002-083-050,flute_acoustic_002-083-050,/root/autodl-tmp/tokenizer-eval/data/nsynth/nsynth-valid/audio/flute_acoustic_002-083-050.wav,86,flute_acoustic_002,2,flute,0,acoustic,83,50,16000,reverb
32.599483,-62.516937,reed_acoustic_023-080-050,reed_acoustic_023-080-050,/root/autodl-tmp/tokenizer-eval/data/nsynth/nsynth-valid/audio/reed_acoustic_023-080-050.wav,224,reed_acoustic_023,7,reed,0,acoustic,80,50,16000,bright|fast_decay|multiphonic|nonlinear_env
5.250926,62.6646,flute_synthetic_000-039-025,flute_synthetic_000-039-025,/root/autodl-tmp/tokenizer-eval/data/nsynth/nsynth-valid/audio/flute_synthetic_000-039-025.wav,82,flute_synthetic_000,2,flute,2,synthetic,39,25,16000,distortion
-32.39832,-47.30821,bass_synthetic_009-078-127,bass_synthetic_009-078-127,/root/autodl-tmp/tokenizer-eval/data/nsynth/nsynth-valid/audio/bass_synthetic_009-078-127.wav,150,bass_synthetic_009,0,bass,2,synthetic,78,127,16000,bright|distortion|long_release
22.228338,43.146416,guitar_acoustic_010-038-050,guitar_acoustic_010-038-050,/root/autodl-tmp/tokenizer-eval/data/nsynth/nsynth-valid/audio/guitar_acoustic_010-038-050.wav,219,guitar_acoustic_010,3,guitar,0,acoustic,38,50,16000,
-36.082706,-16.652328,organ_electronic_007-061-127,organ_electronic_007-061-127,/root/autodl-tmp/tokenizer-eval/data/nsynth/nsynth-valid/audio/organ_electronic_007-061-127.wav,123,organ_electronic_007,6,organ,1,electronic,61,127,16000,distortion|long_release|nonlinear_env
31.102823,-63.16093,reed_acoustic_023-087-050,reed_acoustic_023-087-050,/root/autodl-tmp/tokenizer-eval/data/nsynth/nsynth-valid/audio/reed_acoustic_023-087-050.wav,224,reed_acoustic_023,7,reed,0,acoustic,87,50,16000,fast_decay|multiphonic|nonlinear_env
7.2525287,-11.244034,keyboard_acoustic_004-072-050,keyboard_acoustic_004-072-050,/root/autodl-tmp/tokenizer-eval/data/nsynth/nsynth-valid/audio/keyboard_acoustic_004-072-050.wav,327,keyboard_acoustic_004,4,keyboard,0,acoustic,72,50,16000,dark|reverb
-24.015413,-21.715277,flute_synthetic_000-086-100,flute_synthetic_000-086-100,/root/autodl-tmp/tokenizer-eval/data/nsynth/nsynth-valid/audio/flute_synthetic_000-086-100.wav,82,flute_synthetic_000,2,flute,2,synthetic,86,100,16000,distortion
43.22908,-15.840902,mallet_acoustic_047-070-025,mallet_acoustic_047-070-025,/root/autodl-tmp/tokenizer-eval/data/nsynth/nsynth-valid/audio/mallet_acoustic_047-070-025.wav,488,mallet_acoustic_047,5,mallet,0,acoustic,70,25,16000,fast_decay|percussive|reverb
19.219542,42.543503,guitar_electronic_022-043-100,guitar_electronic_022-043-100,/root/autodl-tmp/tokenizer-eval/data/nsynth/nsynth-valid/audio/guitar_electronic_022-043-100.wav,378,guitar_electronic_022,3,guitar,1,electronic,43,100,16000,dark
34.982338,-62.162727,reed_acoustic_023-078-127,reed_acoustic_023-078-127,/root/autodl-tmp/tokenizer-eval/data/nsynth/nsynth-valid/audio/reed_acoustic_023-078-127.wav,224,reed_acoustic_023,7,reed,0,acoustic,78,127,16000,bright|fast_decay|multiphonic|nonlinear_env
-33.113266,8.436312,vocal_acoustic_000-053-127,vocal_acoustic_000-053-127,/root/autodl-tmp/tokenizer-eval/data/nsynth/nsynth-valid/audio/vocal_acoustic_000-053-127.wav,46,vocal_acoustic_000,10,vocal,0,acoustic,53,127,16000,reverb
27.26938,-64.48444,reed_acoustic_023-083-100,reed_acoustic_023-083-100,/root/autodl-tmp/tokenizer-eval/data/nsynth/nsynth-valid/audio/reed_acoustic_023-083-100.wav,224,reed_acoustic_023,7,reed,0,acoustic,83,100,16000,bright|fast_decay|multiphonic|nonlinear_env
-18.358637,16.815332,organ_electronic_001-067-127,organ_electronic_001-067-127,/root/autodl-tmp/tokenizer-eval/data/nsynth/nsynth-valid/audio/organ_electronic_001-067-127.wav,8,organ_electronic_001,6,organ,1,electronic,67,127,16000,
33.29042,-20.284185,guitar_acoustic_014-096-050,guitar_acoustic_014-096-050,/root/autodl-tmp/tokenizer-eval/data/nsynth/nsynth-valid/audio/guitar_acoustic_014-096-050.wav,263,guitar_acoustic_014,3,guitar,0,acoustic,96,50,16000,fast_decay|percussive
-17.257404,-34.008785,flute_synthetic_000-091-127,flute_synthetic_000-091-127,/root/autodl-tmp/tokenizer-eval/data/nsynth/nsynth-valid/audio/flute_synthetic_000-091-127.wav,82,flute_synthetic_000,2,flute,2,synthetic,91,127,16000,distortion
-35.62143,15.257611,flute_synthetic_000-064-050,flute_synthetic_000-064-050,/root/autodl-tmp/tokenizer-eval/data/nsynth/nsynth-valid/audio/flute_synthetic_000-064-050.wav,82,flute_synthetic_000,2,flute,2,synthetic,64,50,16000,distortion
78.83392,10.326474,bass_synthetic_098-080-127,bass_synthetic_098-080-127,/root/autodl-tmp/tokenizer-eval/data/nsynth/nsynth-valid/audio/bass_synthetic_098-080-127.wav,803,bass_synthetic_098,0,bass,2,synthetic,80,127,16000,
-20.837038,45.363373,reed_acoustic_037-034-050,reed_acoustic_037-034-050,/root/autodl-tmp/tokenizer-eval/data/nsynth/nsynth-valid/audio/reed_acoustic_037-034-050.wav,387,reed_acoustic_037,7,reed,0,acoustic,34,50,16000,reverb
-7.3503485,-23.84578,flute_synthetic_000-079-075,flute_synthetic_000-079-075,/root/autodl-tmp/tokenizer-eval/data/nsynth/nsynth-valid/audio/flute_synthetic_000-079-075.wav,82,flute_synthetic_000,2,flute,2,synthetic,79,75,16000,distortion
-37.5112,-32.76985,brass_acoustic_016-078-025,brass_acoustic_016-078-025,/root/autodl-tmp/tokenizer-eval/data/nsynth/nsynth-valid/audio/brass_acoustic_016-078-025.wav,128,brass_acoustic_016,1,brass,0,acoustic,78,25,16000,bright
2.0668263,21.421217,brass_acoustic_015-044-100,brass_acoustic_015-044-100,/root/autodl-tmp/tokenizer-eval/data/nsynth/nsynth-valid/audio/brass_acoustic_015-044-100.wav,121,brass_acoustic_015,1,brass,0,acoustic,44,100,16000,reverb
-19.812988,-21.205849,organ_electronic_113-076-127,organ_electronic_113-076-127,/root/autodl-tmp/tokenizer-eval/data/nsynth/nsynth-valid/audio/organ_electronic_113-076-127.wav,958,organ_electronic_113,6,organ,1,electronic,76,127,16000,
17.674292,-4.9596453,keyboard_electronic_078-066-075,keyboard_electronic_078-066-075,/root/autodl-tmp/tokenizer-eval/data/nsynth/nsynth-valid/audio/keyboard_electronic_078-066-075.wav,838,keyboard_electronic_078,4,keyboard,1,electronic,66,75,16000,bright
-14.930481,16.038628,organ_electronic_057-056-075,organ_electronic_057-056-075,/root/autodl-tmp/tokenizer-eval/data/nsynth/nsynth-valid/audio/organ_electronic_057-056-075.wav,701,organ_electronic_057,6,organ,1,electronic,56,75,16000,dark
-15.2401085,48.54638,brass_acoustic_006-042-025,brass_acoustic_006-042-025,/root/autodl-tmp/tokenizer-eval/data/nsynth/nsynth-valid/audio/brass_acoustic_006-042-025.wav,43,brass_acoustic_006,1,brass,0,acoustic,42,25,16000,reverb
-10.778821,-43.645885,reed_acoustic_018-083-025,reed_acoustic_018-083-025,/root/autodl-tmp/tokenizer-eval/data/nsynth/nsynth-valid/audio/reed_acoustic_018-083-025.wav,183,reed_acoustic_018,7,reed,0,acoustic,83,25,16000,
-30.92866,-0.20064607,string_acoustic_057-057-127,string_acoustic_057-057-127,/root/autodl-tmp/tokenizer-eval/data/nsynth/nsynth-valid/audio/string_acoustic_057-057-127.wav,450,string_acoustic_057,8,string,0,acoustic,57,127,16000,nonlinear_env|reverb
-8.329358,17.844694,organ_electronic_001-043-050,organ_electronic_001-043-050,/root/autodl-tmp/tokenizer-eval/data/nsynth/nsynth-valid/audio/organ_electronic_001-043-050.wav,8,organ_electronic_001,6,organ,1,electronic,43,50,16000,dark
30.97203,-20.556952,guitar_acoustic_014-090-127,guitar_acoustic_014-090-127,/root/autodl-tmp/tokenizer-eval/data/nsynth/nsynth-valid/audio/guitar_acoustic_014-090-127.wav,263,guitar_acoustic_014,3,guitar,0,acoustic,90,127,16000,fast_decay|percussive
24.58659,46.327602,guitar_electronic_022-033-075,guitar_electronic_022-033-075,/root/autodl-tmp/tokenizer-eval/data/nsynth/nsynth-valid/audio/guitar_electronic_022-033-075.wav,378,guitar_electronic_022,3,guitar,1,electronic,33,75,16000,dark
2.3972926,13.301863,brass_acoustic_015-060-050,brass_acoustic_015-060-050,/root/autodl-tmp/tokenizer-eval/data/nsynth/nsynth-valid/audio/brass_acoustic_015-060-050.wav,121,brass_acoustic_015,1,brass,0,acoustic,60,50,16000,reverb
-4.566953,-30.853428,brass_acoustic_046-079-127,brass_acoustic_046-079-127,/root/autodl-tmp/tokenizer-eval/data/nsynth/nsynth-valid/audio/brass_acoustic_046-079-127.wav,414,brass_acoustic_046,1,brass,0,acoustic,79,127,16000,
37.321198,-17.474798,mallet_acoustic_047-081-025,mallet_acoustic_047-081-025,/root/autodl-tmp/tokenizer-eval/data/nsynth/nsynth-valid/audio/mallet_acoustic_047-081-025.wav,488,mallet_acoustic_047,5,mallet,0,acoustic,81,25,16000,fast_decay|percussive|reverb
22.959078,-25.549683,bass_synthetic_068-086-075,bass_synthetic_068-086-075,/root/autodl-tmp/tokenizer-eval/data/nsynth/nsynth-valid/audio/bass_synthetic_068-086-075.wav,656,bass_synthetic_068,0,bass,2,synthetic,86,75,16000,fast_decay
35.758553,-9.747354,string_acoustic_056-078-025,string_acoustic_056-078-025,/root/autodl-tmp/tokenizer-eval/data/nsynth/nsynth-valid/audio/string_acoustic_056-078-025.wav,436,string_acoustic_056,8,string,0,acoustic,78,25,16000,fast_decay|percussive|reverb
1.3311316,-40.083717,organ_electronic_028-089-127,organ_electronic_028-089-127,/root/autodl-tmp/tokenizer-eval/data/nsynth/nsynth-valid/audio/organ_electronic_028-089-127.wav,440,organ_electronic_028,6,organ,1,electronic,89,127,16000,bright|long_release
-2.8497255,55.881695,flute_synthetic_000-047-025,flute_synthetic_000-047-025,/root/autodl-tmp/tokenizer-eval/data/nsynth/nsynth-valid/audio/flute_synthetic_000-047-025.wav,82,flute_synthetic_000,2,flute,2,synthetic,47,25,16000,distortion
19.923227,43.60569,guitar_electronic_022-040-025,guitar_electronic_022-040-025,/root/autodl-tmp/tokenizer-eval/data/nsynth/nsynth-valid/audio/guitar_electronic_022-040-025.wav,378,guitar_electronic_022,3,guitar,1,electronic,40,25,16000,dark
-23.33773,-27.431341,keyboard_electronic_069-084-075,keyboard_electronic_069-084-075,/root/autodl-tmp/tokenizer-eval/data/nsynth/nsynth-valid/audio/keyboard_electronic_069-084-075.wav,805,keyboard_electronic_069,4,keyboard,1,electronic,84,75,16000,distortion
58.140373,-10.315196,mallet_acoustic_056-081-025,mallet_acoustic_056-081-025,/root/autodl-tmp/tokenizer-eval/data/nsynth/nsynth-valid/audio/mallet_acoustic_056-081-025.wav,590,mallet_acoustic_056,5,mallet,0,acoustic,81,25,16000,fast_decay
13.267021,-33.874798,guitar_electronic_028-087-100,guitar_electronic_028-087-100,/root/autodl-tmp/tokenizer-eval/data/nsynth/nsynth-valid/audio/guitar_electronic_028-087-100.wav,510,guitar_electronic_028,3,guitar,1,electronic,87,100,16000,
2.8363385,64.18622,flute_synthetic_000-038-127,flute_synthetic_000-038-127,/root/autodl-tmp/tokenizer-eval/data/nsynth/nsynth-valid/audio/flute_synthetic_000-038-127.wav,82,flute_synthetic_000,2,flute,2,synthetic,38,127,16000,distortion
-37.053257,49.332645,vocal_synthetic_003-040-100,vocal_synthetic_003-040-100,/root/autodl-tmp/tokenizer-eval/data/nsynth/nsynth-valid/audio/vocal_synthetic_003-040-100.wav,37,vocal_synthetic_003,10,vocal,2,synthetic,40,100,16000,bright|distortion|long_release|nonlinear_env
27.777683,-23.734695,keyboard_electronic_098-092-050,keyboard_electronic_098-092-050,/root/autodl-tmp/tokenizer-eval/data/nsynth/nsynth-valid/audio/keyboard_electronic_098-092-050.wav,905,keyboard_electronic_098,4,keyboard,1,electronic,92,50,16000,fast_decay|percussive
26.886993,-61.578747,reed_acoustic_023-090-100,reed_acoustic_023-090-100,/root/autodl-tmp/tokenizer-eval/data/nsynth/nsynth-valid/audio/reed_acoustic_023-090-100.wav,224,reed_acoustic_023,7,reed,0,acoustic,90,100,16000,fast_decay|multiphonic|nonlinear_env
21.62229,22.958702,bass_electronic_018-053-100,bass_electronic_018-053-100,/root/autodl-tmp/tokenizer-eval/data/nsynth/nsynth-valid/audio/bass_electronic_018-053-100.wav,759,bass_electronic_018,0,bass,1,electronic,53,100,16000,
-36.949852,-29.066517,brass_acoustic_016-072-075,brass_acoustic_016-072-075,/root/autodl-tmp/tokenizer-eval/data/nsynth/nsynth-valid/audio/brass_acoustic_016-072-075.wav,128,brass_acoustic_016,1,brass,0,acoustic,72,75,16000,bright
-3.7579927,-30.234165,reed_acoustic_018-079-025,reed_acoustic_018-079-025,/root/autodl-tmp/tokenizer-eval/data/nsynth/nsynth-valid/audio/reed_acoustic_018-079-025.wav,183,reed_acoustic_018,7,reed,0,acoustic,79,25,16000,
28.701622,-21.968767,bass_synthetic_068-094-050,bass_synthetic_068-094-050,/root/autodl-tmp/tokenizer-eval/data/nsynth/nsynth-valid/audio/bass_synthetic_068-094-050.wav,656,bass_synthetic_068,0,bass,2,synthetic,94,50,16000,fast_decay|percussive
-33.82302,-2.6199129,string_acoustic_057-061-075,string_acoustic_057-061-075,/root/autodl-tmp/tokenizer-eval/data/nsynth/nsynth-valid/audio/string_acoustic_057-061-075.wav,450,string_acoustic_057,8,string,0,acoustic,61,75,16000,bright|nonlinear_env|reverb
34.685913,-50.230267,keyboard_synthetic_000-064-050,keyboard_synthetic_000-064-050,/root/autodl-tmp/tokenizer-eval/data/nsynth/nsynth-valid/audio/keyboard_synthetic_000-064-050.wav,577,keyboard_synthetic_000,4,keyboard,2,synthetic,64,50,16000,distortion|fast_decay|nonlinear_env
14.881582,31.611992,organ_electronic_028-045-025,organ_electronic_028-045-025,/root/autodl-tmp/tokenizer-eval/data/nsynth/nsynth-valid/audio/organ_electronic_028-045-025.wav,440,organ_electronic_028,6,organ,1,electronic,45,25,16000,dark
11.979211,-19.528975,bass_synthetic_068-076-100,bass_synthetic_068-076-100,/root/autodl-tmp/tokenizer-eval/data/nsynth/nsynth-valid/audio/bass_synthetic_068-076-100.wav,656,bass_synthetic_068,0,bass,2,synthetic,76,100,16000,
-35.570324,48.81339,vocal_synthetic_003-038-127,vocal_synthetic_003-038-127,/root/autodl-tmp/tokenizer-eval/data/nsynth/nsynth-valid/audio/vocal_synthetic_003-038-127.wav,37,vocal_synthetic_003,10,vocal,2,synthetic,38,127,16000,bright|distortion|long_release|nonlinear_env
-28.112722,-13.17811,reed_acoustic_037-060-050,reed_acoustic_037-060-050,/root/autodl-tmp/tokenizer-eval/data/nsynth/nsynth-valid/audio/reed_acoustic_037-060-050.wav,387,reed_acoustic_037,7,reed,0,acoustic,60,50,16000,reverb
-22.128704,6.284139,reed_acoustic_037-051-100,reed_acoustic_037-051-100,/root/autodl-tmp/tokenizer-eval/data/nsynth/nsynth-valid/audio/reed_acoustic_037-051-100.wav,387,reed_acoustic_037,7,reed,0,acoustic,51,100,16000,reverb
37.82437,22.529995,mallet_acoustic_062-039-050,mallet_acoustic_062-039-050,/root/autodl-tmp/tokenizer-eval/data/nsynth/nsynth-valid/audio/mallet_acoustic_062-039-050.wav,644,mallet_acoustic_062,5,mallet,0,acoustic,39,50,16000,dark|multiphonic
63.766,-15.1192875,mallet_acoustic_056-051-050,mallet_acoustic_056-051-050,/root/autodl-tmp/tokenizer-eval/data/nsynth/nsynth-valid/audio/mallet_acoustic_056-051-050.wav,590,mallet_acoustic_056,5,mallet,0,acoustic,51,50,16000,fast_decay|percussive
-4.9761257,52.98847,flute_synthetic_000-049-127,flute_synthetic_000-049-127,/root/autodl-tmp/tokenizer-eval/data/nsynth/nsynth-valid/audio/flute_synthetic_000-049-127.wav,82,flute_synthetic_000,2,flute,2,synthetic,49,127,16000,distortion
20.01884,0.366454,bass_synthetic_033-057-025,bass_synthetic_033-057-025,/root/autodl-tmp/tokenizer-eval/data/nsynth/nsynth-valid/audio/bass_synthetic_033-057-025.wav,417,bass_synthetic_033,0,bass,2,synthetic,57,25,16000,dark
-9.542612,-20.073704,flute_synthetic_000-077-127,flute_synthetic_000-077-127,/root/autodl-tmp/tokenizer-eval/data/nsynth/nsynth-valid/audio/flute_synthetic_000-077-127.wav,82,flute_synthetic_000,2,flute,2,synthetic,77,127,16000,distortion
-50.142227,-8.120311,bass_synthetic_009-066-127,bass_synthetic_009-066-127,/root/autodl-tmp/tokenizer-eval/data/nsynth/nsynth-valid/audio/bass_synthetic_009-066-127.wav,150,bass_synthetic_009,0,bass,2,synthetic,66,127,16000,bright|distortion|long_release
30.324478,-20.145456,guitar_acoustic_021-089-075,guitar_acoustic_021-089-075,/root/autodl-tmp/tokenizer-eval/data/nsynth/nsynth-valid/audio/guitar_acoustic_021-089-075.wav,457,guitar_acoustic_021,3,guitar,0,acoustic,89,75,16000,fast_decay|percussive
42.23758,-62.36445,reed_acoustic_023-056-100,reed_acoustic_023-056-100,/root/autodl-tmp/tokenizer-eval/data/nsynth/nsynth-valid/audio/reed_acoustic_023-056-100.wav,224,reed_acoustic_023,7,reed,0,acoustic,56,100,16000,bright|fast_decay|multiphonic|nonlinear_env
23.231604,29.29164,bass_synthetic_134-044-025,bass_synthetic_134-044-025,/root/autodl-tmp/tokenizer-eval/data/nsynth/nsynth-valid/audio/bass_synthetic_134-044-025.wav,914,bass_synthetic_134,0,bass,2,synthetic,44,25,16000,dark|reverb
-27.752258,2.6054134,brass_acoustic_015-068-100,brass_acoustic_015-068-100,/root/autodl-tmp/tokenizer-eval/data/nsynth/nsynth-valid/audio/brass_acoustic_015-068-100.wav,121,brass_acoustic_015,1,brass,0,acoustic,68,100,16000,reverb
-16.276426,-6.25719,reed_acoustic_018-063-100,reed_acoustic_018-063-100,/root/autodl-tmp/tokenizer-eval/data/nsynth/nsynth-valid/audio/reed_acoustic_018-063-100.wav,183,reed_acoustic_018,7,reed,0,acoustic,63,100,16000,
75.67964,10.502847,bass_synthetic_098-043-100,bass_synthetic_098-043-100,/root/autodl-tmp/tokenizer-eval/data/nsynth/nsynth-valid/audio/bass_synthetic_098-043-100.wav,803,bass_synthetic_098,0,bass,2,synthetic,43,100,16000,distortion
-11.174679,-42.73671,brass_acoustic_046-083-050,brass_acoustic_046-083-050,/root/autodl-tmp/tokenizer-eval/data/nsynth/nsynth-valid/audio/brass_acoustic_046-083-050.wav,414,brass_acoustic_046,1,brass,0,acoustic,83,50,16000,
34.544464,-24.49088,mallet_acoustic_062-090-025,mallet_acoustic_062-090-025,/root/autodl-tmp/tokenizer-eval/data/nsynth/nsynth-valid/audio/mallet_acoustic_062-090-025.wav,644,mallet_acoustic_062,5,mallet,0,acoustic,90,25,16000,fast_decay|multiphonic|percussive
-35.750614,5.5535035,string_acoustic_057-065-075,string_acoustic_057-065-075,/root/autodl-tmp/tokenizer-eval/data/nsynth/nsynth-valid/audio/string_acoustic_057-065-075.wav,450,string_acoustic_057,8,string,0,acoustic,65,75,16000,bright|nonlinear_env|reverb
-25.86726,5.9701734,flute_synthetic_000-068-025,flute_synthetic_000-068-025,/root/autodl-tmp/tokenizer-eval/data/nsynth/nsynth-valid/audio/flute_synthetic_000-068-025.wav,82,flute_synthetic_000,2,flute,2,synthetic,68,25,16000,distortion
-10.252944,16.494867,organ_electronic_057-047-025,organ_electronic_057-047-025,/root/autodl-tmp/tokenizer-eval/data/nsynth/nsynth-valid/audio/organ_electronic_057-047-025.wav,701,organ_electronic_057,6,organ,1,electronic,47,25,16000,dark
17.753445,29.668549,keyboard_electronic_003-044-075,keyboard_electronic_003-044-075,/root/autodl-tmp/tokenizer-eval/data/nsynth/nsynth-valid/audio/keyboard_electronic_003-044-075.wav,65,keyboard_electronic_003,4,keyboard,1,electronic,44,75,16000,distortion
-9.823175,-33.544216,flute_acoustic_002-081-100,flute_acoustic_002-081-100,/root/autodl-tmp/tokenizer-eval/data/nsynth/nsynth-valid/audio/flute_acoustic_002-081-100.wav,86,flute_acoustic_002,2,flute,0,acoustic,81,100,16000,reverb
34.86646,11.698677,string_acoustic_056-046-100,string_acoustic_056-046-100,/root/autodl-tmp/tokenizer-eval/data/nsynth/nsynth-valid/audio/string_acoustic_056-046-100.wav,436,string_acoustic_056,8,string,0,acoustic,46,100,16000,reverb
-54.03215,-4.4566474,vocal_synthetic_003-060-025,vocal_synthetic_003-060-025,/root/autodl-tmp/tokenizer-eval/data/nsynth/nsynth-valid/audio/vocal_synthetic_003-060-025.wav,37,vocal_synthetic_003,10,vocal,2,synthetic,60,25,16000,bright|distortion|long_release|nonlinear_env
-29.41205,-2.1902993,string_acoustic_057-070-075,string_acoustic_057-070-075,/root/autodl-tmp/tokenizer-eval/data/nsynth/nsynth-valid/audio/string_acoustic_057-070-075.wav,450,string_acoustic_057,8,string,0,acoustic,70,75,16000,bright|nonlinear_env|reverb
36.127247,21.351336,mallet_acoustic_062-043-050,mallet_acoustic_062-043-050,/root/autodl-tmp/tokenizer-eval/data/nsynth/nsynth-valid/audio/mallet_acoustic_062-043-050.wav,644,mallet_acoustic_062,5,mallet,0,acoustic,43,50,16000,dark|multiphonic
26.803911,-59.44576,reed_acoustic_023-092-127,reed_acoustic_023-092-127,/root/autodl-tmp/tokenizer-eval/data/nsynth/nsynth-valid/audio/reed_acoustic_023-092-127.wav,224,reed_acoustic_023,7,reed,0,acoustic,92,127,16000,fast_decay|multiphonic|nonlinear_env
-88.89749,29.083004,brass_acoustic_046-092-025,brass_acoustic_046-092-025,/root/autodl-tmp/tokenizer-eval/data/nsynth/nsynth-valid/audio/brass_acoustic_046-092-025.wav,414,brass_acoustic_046,1,brass,0,acoustic,92,25,16000,long_release
11.680677,16.693268,guitar_acoustic_014-056-127,guitar_acoustic_014-056-127,/root/autodl-tmp/tokenizer-eval/data/nsynth/nsynth-valid/audio/guitar_acoustic_014-056-127.wav,263,guitar_acoustic_014,3,guitar,0,acoustic,56,127,16000,
-8.430734,33.20242,organ_electronic_007-048-050,organ_electronic_007-048-050,/root/autodl-tmp/tokenizer-eval/data/nsynth/nsynth-valid/audio/organ_electronic_007-048-050.wav,123,organ_electronic_007,6,organ,1,electronic,48,50,16000,distortion|long_release|nonlinear_env
35.57095,-49.861504,keyboard_synthetic_000-058-025,keyboard_synthetic_000-058-025,/root/autodl-tmp/tokenizer-eval/data/nsynth/nsynth-valid/audio/keyboard_synthetic_000-058-025.wav,577,keyboard_synthetic_000,4,keyboard,2,synthetic,58,25,16000,distortion|fast_decay|nonlinear_env
-26.21544,-7.975508,reed_acoustic_011-071-100,reed_acoustic_011-071-100,/root/autodl-tmp/tokenizer-eval/data/nsynth/nsynth-valid/audio/reed_acoustic_011-071-100.wav,104,reed_acoustic_011,7,reed,0,acoustic,71,100,16000,
-56.213455,-34.884583,vocal_synthetic_003-095-050,vocal_synthetic_003-095-050,/root/autodl-tmp/tokenizer-eval/data/nsynth/nsynth-valid/audio/vocal_synthetic_003-095-050.wav,37,vocal_synthetic_003,10,vocal,2,synthetic,95,50,16000,bright|distortion|long_release|nonlinear_env
-88.89749,29.083004,brass_acoustic_046-093-127,brass_acoustic_046-093-127,/root/autodl-tmp/tokenizer-eval/data/nsynth/nsynth-valid/audio/brass_acoustic_046-093-127.wav,414,brass_acoustic_046,1,brass,0,acoustic,93,127,16000,long_release
23.378536,-25.141731,guitar_acoustic_014-086-050,guitar_acoustic_014-086-050,/root/autodl-tmp/tokenizer-eval/data/nsynth/nsynth-valid/audio/guitar_acoustic_014-086-050.wav,263,guitar_acoustic_014,3,guitar,0,acoustic,86,50,16000,fast_decay|percussive
-8.673685,-34.30986,brass_acoustic_016-081-025,brass_acoustic_016-081-025,/root/autodl-tmp/tokenizer-eval/data/nsynth/nsynth-valid/audio/brass_acoustic_016-081-025.wav,128,brass_acoustic_016,1,brass,0,acoustic,81,25,16000,bright
4.7186484,-17.075897,keyboard_electronic_069-074-100,keyboard_electronic_069-074-100,/root/autodl-tmp/tokenizer-eval/data/nsynth/nsynth-valid/audio/keyboard_electronic_069-074-100.wav,805,keyboard_electronic_069,4,keyboard,1,electronic,74,100,16000,distortion
21.764336,32.53491,guitar_acoustic_030-041-100,guitar_acoustic_030-041-100,/root/autodl-tmp/tokenizer-eval/data/nsynth/nsynth-valid/audio/guitar_acoustic_030-041-100.wav,642,guitar_acoustic_030,3,guitar,0,acoustic,41,100,16000,long_release|tempo-synced
-61.423958,-29.69267,vocal_synthetic_003-084-127,vocal_synthetic_003-084-127,/root/autodl-tmp/tokenizer-eval/data/nsynth/nsynth-valid/audio/vocal_synthetic_003-084-127.wav,37,vocal_synthetic_003,10,vocal,2,synthetic,84,127,16000,bright|distortion|long_release|nonlinear_env
6.1339912,9.246895,guitar_acoustic_010-060-075,guitar_acoustic_010-060-075,/root/autodl-tmp/tokenizer-eval/data/nsynth/nsynth-valid/audio/guitar_acoustic_010-060-075.wav,219,guitar_acoustic_010,3,guitar,0,acoustic,60,75,16000,
-11.700684,-34.16059,string_acoustic_057-081-050,string_acoustic_057-081-050,/root/autodl-tmp/tokenizer-eval/data/nsynth/nsynth-valid/audio/string_acoustic_057-081-050.wav,450,string_acoustic_057,8,string,0,acoustic,81,50,16000,bright|nonlinear_env|reverb
-1.0054089,39.99082,organ_electronic_028-048-100,organ_electronic_028-048-100,/root/autodl-tmp/tokenizer-eval/data/nsynth/nsynth-valid/audio/organ_electronic_028-048-100.wav,440,organ_electronic_028,6,organ,1,electronic,48,100,16000,dark
3.8398385,17.753843,brass_acoustic_015-053-100,brass_acoustic_015-053-100,/root/autodl-tmp/tokenizer-eval/data/nsynth/nsynth-valid/audio/brass_acoustic_015-053-100.wav,121,brass_acoustic_015,1,brass,0,acoustic,53,100,16000,reverb
-46.947414,-15.32804,vocal_synthetic_003-072-127,vocal_synthetic_003-072-127,/root/autodl-tmp/tokenizer-eval/data/nsynth/nsynth-valid/audio/vocal_synthetic_003-072-127.wav,37,vocal_synthetic_003,10,vocal,2,synthetic,72,127,16000,bright|distortion|long_release|nonlinear_env
1.3541112,51.40618,string_acoustic_012-038-025,string_acoustic_012-038-025,/root/autodl-tmp/tokenizer-eval/data/nsynth/nsynth-valid/audio/string_acoustic_012-038-025.wav,97,string_acoustic_012,8,string,0,acoustic,38,25,16000,long_release|reverb
28.38629,38.25402,bass_electronic_025-035-075,bass_electronic_025-035-075,/root/autodl-tmp/tokenizer-eval/data/nsynth/nsynth-valid/audio/bass_electronic_025-035-075.wav,872,bass_electronic_025,0,bass,1,electronic,35,75,16000,
7.238848,-33.53684,flute_acoustic_002-086-050,flute_acoustic_002-086-050,/root/autodl-tmp/tokenizer-eval/data/nsynth/nsynth-valid/audio/flute_acoustic_002-086-050.wav,86,flute_acoustic_002,2,flute,0,acoustic,86,50,16000,reverb
-53.71349,-8.014729,vocal_synthetic_003-062-127,vocal_synthetic_003-062-127,/root/autodl-tmp/tokenizer-eval/data/nsynth/nsynth-valid/audio/vocal_synthetic_003-062-127.wav,37,vocal_synthetic_003,10,vocal,2,synthetic,62,127,16000,bright|distortion|long_release|nonlinear_env
-6.3351555,23.300283,organ_electronic_104-051-075,organ_electronic_104-051-075,/root/autodl-tmp/tokenizer-eval/data/nsynth/nsynth-valid/audio/organ_electronic_104-051-075.wav,921,organ_electronic_104,6,organ,1,electronic,51,75,16000,
5.269477,-6.815891,keyboard_electronic_002-070-075,keyboard_electronic_002-070-075,/root/autodl-tmp/tokenizer-eval/data/nsynth/nsynth-valid/audio/keyboard_electronic_002-070-075.wav,50,keyboard_electronic_002,4,keyboard,1,electronic,70,75,16000,
24.955145,32.721043,guitar_acoustic_030-041-050,guitar_acoustic_030-041-050,/root/autodl-tmp/tokenizer-eval/data/nsynth/nsynth-valid/audio/guitar_acoustic_030-041-050.wav,642,guitar_acoustic_030,3,guitar,0,acoustic,41,50,16000,tempo-synced
39.57301,25.942497,mallet_acoustic_062-035-100,mallet_acoustic_062-035-100,/root/autodl-tmp/tokenizer-eval/data/nsynth/nsynth-valid/audio/mallet_acoustic_062-035-100.wav,644,mallet_acoustic_062,5,mallet,0,acoustic,35,100,16000,dark|long_release|multiphonic
-14.691747,42.77364,reed_acoustic_037-049-075,reed_acoustic_037-049-075,/root/autodl-tmp/tokenizer-eval/data/nsynth/nsynth-valid/audio/reed_acoustic_037-049-075.wav,387,reed_acoustic_037,7,reed,0,acoustic,49,75,16000,reverb
-31.158627,-25.881783,brass_acoustic_006-085-075,brass_acoustic_006-085-075,/root/autodl-tmp/tokenizer-eval/data/nsynth/nsynth-valid/audio/brass_acoustic_006-085-075.wav,43,brass_acoustic_006,1,brass,0,acoustic,85,75,16000,reverb
-6.3078585,37.76419,reed_acoustic_037-050-025,reed_acoustic_037-050-025,/root/autodl-tmp/tokenizer-eval/data/nsynth/nsynth-valid/audio/reed_acoustic_037-050-025.wav,387,reed_acoustic_037,7,reed,0,acoustic,50,25,16000,reverb
-27.51433,-22.54339,flute_synthetic_000-084-127,flute_synthetic_000-084-127,/root/autodl-tmp/tokenizer-eval/data/nsynth/nsynth-valid/audio/flute_synthetic_000-084-127.wav,82,flute_synthetic_000,2,flute,2,synthetic,84,127,16000,distortion
-17.579353,21.823978,organ_electronic_001-053-100,organ_electronic_001-053-100,/root/autodl-tmp/tokenizer-eval/data/nsynth/nsynth-valid/audio/organ_electronic_001-053-100.wav,8,organ_electronic_001,6,organ,1,electronic,53,100,16000,dark
3.5271285,8.718481,keyboard_electronic_003-059-100,keyboard_electronic_003-059-100,/root/autodl-tmp/tokenizer-eval/data/nsynth/nsynth-valid/audio/keyboard_electronic_003-059-100.wav,65,keyboard_electronic_003,4,keyboard,1,electronic,59,100,16000,
-12.26279,56.40711,organ_electronic_007-034-100,organ_electronic_007-034-100,/root/autodl-tmp/tokenizer-eval/data/nsynth/nsynth-valid/audio/organ_electronic_007-034-100.wav,123,organ_electronic_007,6,organ,1,electronic,34,100,16000,distortion|long_release|nonlinear_env
-36.962486,-30.544483,brass_acoustic_016-070-075,brass_acoustic_016-070-075,/root/autodl-tmp/tokenizer-eval/data/nsynth/nsynth-valid/audio/brass_acoustic_016-070-075.wav,128,brass_acoustic_016,1,brass,0,acoustic,70,75,16000,bright
-55.310596,-33.979404,vocal_synthetic_003-094-025,vocal_synthetic_003-094-025,/root/autodl-tmp/tokenizer-eval/data/nsynth/nsynth-valid/audio/vocal_synthetic_003-094-025.wav,37,vocal_synthetic_003,10,vocal,2,synthetic,94,25,16000,bright|distortion|long_release|nonlinear_env
17.608042,-14.452049,keyboard_electronic_001-078-100,keyboard_electronic_001-078-100,/root/autodl-tmp/tokenizer-eval/data/nsynth/nsynth-valid/audio/keyboard_electronic_001-078-100.wav,40,keyboard_electronic_001,4,keyboard,1,electronic,78,100,16000,
-22.355711,-22.967415,flute_synthetic_000-087-025,flute_synthetic_000-087-025,/root/autodl-tmp/tokenizer-eval/data/nsynth/nsynth-valid/audio/flute_synthetic_000-087-025.wav,82,flute_synthetic_000,2,flute,2,synthetic,87,25,16000,distortion
1.4481407,-12.867431,keyboard_electronic_069-072-025,keyboard_electronic_069-072-025,/root/autodl-tmp/tokenizer-eval/data/nsynth/nsynth-valid/audio/keyboard_electronic_069-072-025.wav,805,keyboard_electronic_069,4,keyboard,1,electronic,72,25,16000,distortion
3.1238716,64.161804,flute_synthetic_000-038-075,flute_synthetic_000-038-075,/root/autodl-tmp/tokenizer-eval/data/nsynth/nsynth-valid/audio/flute_synthetic_000-038-075.wav,82,flute_synthetic_000,2,flute,2,synthetic,38,75,16000,distortion
41.672596,-9.537774,mallet_acoustic_047-088-025,mallet_acoustic_047-088-025,/root/autodl-tmp/tokenizer-eval/data/nsynth/nsynth-valid/audio/mallet_acoustic_047-088-025.wav,488,mallet_acoustic_047,5,mallet,0,acoustic,88,25,16000,fast_decay|percussive|reverb
-45.93319,-7.2163725,organ_electronic_007-068-100,organ_electronic_007-068-100,/root/autodl-tmp/tokenizer-eval/data/nsynth/nsynth-valid/audio/organ_electronic_007-068-100.wav,123,organ_electronic_007,6,organ,1,electronic,68,100,16000,distortion|long_release|nonlinear_env
-33.049496,8.643044,vocal_acoustic_000-053-025,vocal_acoustic_000-053-025,/root/autodl-tmp/tokenizer-eval/data/nsynth/nsynth-valid/audio/vocal_acoustic_000-053-025.wav,46,vocal_acoustic_000,10,vocal,0,acoustic,53,25,16000,reverb
-16.969278,-39.72957,organ_electronic_001-094-127,organ_electronic_001-094-127,/root/autodl-tmp/tokenizer-eval/data/nsynth/nsynth-valid/audio/organ_electronic_001-094-127.wav,8,organ_electronic_001,6,organ,1,electronic,94,127,16000,
-52.057507,-28.876404,vocal_synthetic_003-090-025,vocal_synthetic_003-090-025,/root/autodl-tmp/tokenizer-eval/data/nsynth/nsynth-valid/audio/vocal_synthetic_003-090-025.wav,37,vocal_synthetic_003,10,vocal,2,synthetic,90,25,16000,bright|distortion|long_release|nonlinear_env
75.13864,8.61205,bass_synthetic_098-045-025,bass_synthetic_098-045-025,/root/autodl-tmp/tokenizer-eval/data/nsynth/nsynth-valid/audio/bass_synthetic_098-045-025.wav,803,bass_synthetic_098,0,bass,2,synthetic,45,25,16000,dark
-21.836437,-16.775597,string_acoustic_057-074-127,string_acoustic_057-074-127,/root/autodl-tmp/tokenizer-eval/data/nsynth/nsynth-valid/audio/string_acoustic_057-074-127.wav,450,string_acoustic_057,8,string,0,acoustic,74,127,16000,bright|nonlinear_env|reverb
-14.6434355,14.983176,organ_electronic_057-057-100,organ_electronic_057-057-100,/root/autodl-tmp/tokenizer-eval/data/nsynth/nsynth-valid/audio/organ_electronic_057-057-100.wav,701,organ_electronic_057,6,organ,1,electronic,57,100,16000,dark
6.9465485,-20.391865,guitar_electronic_022-075-127,guitar_electronic_022-075-127,/root/autodl-tmp/tokenizer-eval/data/nsynth/nsynth-valid/audio/guitar_electronic_022-075-127.wav,378,guitar_electronic_022,3,guitar,1,electronic,75,127,16000,
-30.764618,-13.631526,organ_electronic_007-060-050,organ_electronic_007-060-050,/root/autodl-tmp/tokenizer-eval/data/nsynth/nsynth-valid/audio/organ_electronic_007-060-050.wav,123,organ_electronic_007,6,organ,1,electronic,60,50,16000,distortion|long_release|nonlinear_env
18.591532,-28.44687,mallet_acoustic_062-084-075,mallet_acoustic_062-084-075,/root/autodl-tmp/tokenizer-eval/data/nsynth/nsynth-valid/audio/mallet_acoustic_062-084-075.wav,644,mallet_acoustic_062,5,mallet,0,acoustic,84,75,16000,fast_decay|multiphonic
21.49773,-29.3117,keyboard_electronic_078-073-025,keyboard_electronic_078-073-025,/root/autodl-tmp/tokenizer-eval/data/nsynth/nsynth-valid/audio/keyboard_electronic_078-073-025.wav,838,keyboard_electronic_078,4,keyboard,1,electronic,73,25,16000,bright
-22.910305,5.003853,reed_acoustic_037-057-075,reed_acoustic_037-057-075,/root/autodl-tmp/tokenizer-eval/data/nsynth/nsynth-valid/audio/reed_acoustic_037-057-075.wav,387,reed_acoustic_037,7,reed,0,acoustic,57,75,16000,long_release|reverb
-3.147131,-43.432587,flute_acoustic_002-090-075,flute_acoustic_002-090-075,/root/autodl-tmp/tokenizer-eval/data/nsynth/nsynth-valid/audio/flute_acoustic_002-090-075.wav,86,flute_acoustic_002,2,flute,0,acoustic,90,75,16000,long_release|reverb
-28.211077,-2.1130111,vocal_acoustic_000-070-127,vocal_acoustic_000-070-127,/root/autodl-tmp/tokenizer-eval/data/nsynth/nsynth-valid/audio/vocal_acoustic_000-070-127.wav,46,vocal_acoustic_000,10,vocal,0,acoustic,70,127,16000,reverb
24.552887,7.4889607,mallet_acoustic_062-058-127,mallet_acoustic_062-058-127,/root/autodl-tmp/tokenizer-eval/data/nsynth/nsynth-valid/audio/mallet_acoustic_062-058-127.wav,644,mallet_acoustic_062,5,mallet,0,acoustic,58,127,16000,dark|long_release|multiphonic
62.693344,-13.325798,mallet_acoustic_056-055-127,mallet_acoustic_056-055-127,/root/autodl-tmp/tokenizer-eval/data/nsynth/nsynth-valid/audio/mallet_acoustic_056-055-127.wav,590,mallet_acoustic_056,5,mallet,0,acoustic,55,127,16000,bright|fast_decay|percussive
38.873158,-13.683627,mallet_acoustic_047-096-050,mallet_acoustic_047-096-050,/root/autodl-tmp/tokenizer-eval/data/nsynth/nsynth-valid/audio/mallet_acoustic_047-096-050.wav,488,mallet_acoustic_047,5,mallet,0,acoustic,96,50,16000,fast_decay|percussive|reverb
-24.988955,-27.742922,reed_acoustic_018-084-025,reed_acoustic_018-084-025,/root/autodl-tmp/tokenizer-eval/data/nsynth/nsynth-valid/audio/reed_acoustic_018-084-025.wav,183,reed_acoustic_018,7,reed,0,acoustic,84,25,16000,
-24.909168,-4.2569923,reed_acoustic_018-070-075,reed_acoustic_018-070-075,/root/autodl-tmp/tokenizer-eval/data/nsynth/nsynth-valid/audio/reed_acoustic_018-070-075.wav,183,reed_acoustic_018,7,reed,0,acoustic,70,75,16000,
-32.995884,-6.035546,string_acoustic_057-071-050,string_acoustic_057-071-050,/root/autodl-tmp/tokenizer-eval/data/nsynth/nsynth-valid/audio/string_acoustic_057-071-050.wav,450,string_acoustic_057,8,string,0,acoustic,71,50,16000,bright|nonlinear_env|reverb
9.042828,27.990551,guitar_acoustic_015-051-100,guitar_acoustic_015-051-100,/root/autodl-tmp/tokenizer-eval/data/nsynth/nsynth-valid/audio/guitar_acoustic_015-051-100.wav,316,guitar_acoustic_015,3,guitar,0,acoustic,51,100,16000,reverb
23.937723,36.12348,bass_electronic_025-040-075,bass_electronic_025-040-075,/root/autodl-tmp/tokenizer-eval/data/nsynth/nsynth-valid/audio/bass_electronic_025-040-075.wav,872,bass_electronic_025,0,bass,1,electronic,40,75,16000,
12.96726,-19.573626,guitar_acoustic_015-076-127,guitar_acoustic_015-076-127,/root/autodl-tmp/tokenizer-eval/data/nsynth/nsynth-valid/audio/guitar_acoustic_015-076-127.wav,316,guitar_acoustic_015,3,guitar,0,acoustic,76,127,16000,fast_decay|reverb
44.01177,-53.29755,reed_acoustic_023-038-100,reed_acoustic_023-038-100,/root/autodl-tmp/tokenizer-eval/data/nsynth/nsynth-valid/audio/reed_acoustic_023-038-100.wav,224,reed_acoustic_023,7,reed,0,acoustic,38,100,16000,bright|fast_decay|multiphonic|nonlinear_env
-11.889103,57.71524,organ_electronic_007-032-050,organ_electronic_007-032-050,/root/autodl-tmp/tokenizer-eval/data/nsynth/nsynth-valid/audio/organ_electronic_007-032-050.wav,123,organ_electronic_007,6,organ,1,electronic,32,50,16000,distortion|long_release|nonlinear_env
-17.424158,39.6072,reed_acoustic_037-046-050,reed_acoustic_037-046-050,/root/autodl-tmp/tokenizer-eval/data/nsynth/nsynth-valid/audio/reed_acoustic_037-046-050.wav,387,reed_acoustic_037,7,reed,0,acoustic,46,50,16000,reverb
-19.262484,-1.6882753,brass_acoustic_046-068-075,brass_acoustic_046-068-075,/root/autodl-tmp/tokenizer-eval/data/nsynth/nsynth-valid/audio/brass_acoustic_046-068-075.wav,414,brass_acoustic_046,1,brass,0,acoustic,68,75,16000,bright
2.3972714,13.301924,brass_acoustic_015-060-100,brass_acoustic_015-060-100,/root/autodl-tmp/tokenizer-eval/data/nsynth/nsynth-valid/audio/brass_acoustic_015-060-100.wav,121,brass_acoustic_015,1,brass,0,acoustic,60,100,16000,reverb
18.226551,17.602716,bass_synthetic_134-055-025,bass_synthetic_134-055-025,/root/autodl-tmp/tokenizer-eval/data/nsynth/nsynth-valid/audio/bass_synthetic_134-055-025.wav,914,bass_synthetic_134,0,bass,2,synthetic,55,25,16000,dark|reverb
-6.4977365,-37.201572,guitar_acoustic_010-081-050,guitar_acoustic_010-081-050,/root/autodl-tmp/tokenizer-eval/data/nsynth/nsynth-valid/audio/guitar_acoustic_010-081-050.wav,219,guitar_acoustic_010,3,guitar,0,acoustic,81,50,16000,
80.23025,10.310849,bass_synthetic_098-092-100,bass_synthetic_098-092-100,/root/autodl-tmp/tokenizer-eval/data/nsynth/nsynth-valid/audio/bass_synthetic_098-092-100.wav,803,bass_synthetic_098,0,bass,2,synthetic,92,100,16000,
30.950533,21.081457,mallet_acoustic_062-048-075,mallet_acoustic_062-048-075,/root/autodl-tmp/tokenizer-eval/data/nsynth/nsynth-valid/audio/mallet_acoustic_062-048-075.wav,644,mallet_acoustic_062,5,mallet,0,acoustic,48,75,16000,dark|multiphonic
-21.113022,50.58044,brass_acoustic_006-037-100,brass_acoustic_006-037-100,/root/autodl-tmp/tokenizer-eval/data/nsynth/nsynth-valid/audio/brass_acoustic_006-037-100.wav,43,brass_acoustic_006,1,brass,0,acoustic,37,100,16000,reverb
-20.665987,15.362446,reed_acoustic_037-055-100,reed_acoustic_037-055-100,/root/autodl-tmp/tokenizer-eval/data/nsynth/nsynth-valid/audio/reed_acoustic_037-055-100.wav,387,reed_acoustic_037,7,reed,0,acoustic,55,100,16000,reverb
-13.765974,40.619408,brass_acoustic_006-045-025,brass_acoustic_006-045-025,/root/autodl-tmp/tokenizer-eval/data/nsynth/nsynth-valid/audio/brass_acoustic_006-045-025.wav,43,brass_acoustic_006,1,brass,0,acoustic,45,25,16000,reverb
-34.85246,50.243214,vocal_synthetic_003-038-075,vocal_synthetic_003-038-075,/root/autodl-tmp/tokenizer-eval/data/nsynth/nsynth-valid/audio/vocal_synthetic_003-038-075.wav,37,vocal_synthetic_003,10,vocal,2,synthetic,38,75,16000,distortion|long_release|nonlinear_env
-0.7103514,-41.772896,reed_acoustic_018-078-075,reed_acoustic_018-078-075,/root/autodl-tmp/tokenizer-eval/data/nsynth/nsynth-valid/audio/reed_acoustic_018-078-075.wav,183,reed_acoustic_018,7,reed,0,acoustic,78,75,16000,
-17.667406,-12.882771,brass_acoustic_006-075-025,brass_acoustic_006-075-025,/root/autodl-tmp/tokenizer-eval/data/nsynth/nsynth-valid/audio/brass_acoustic_006-075-025.wav,43,brass_acoustic_006,1,brass,0,acoustic,75,25,16000,reverb
38.16292,-62.57415,reed_acoustic_023-066-025,reed_acoustic_023-066-025,/root/autodl-tmp/tokenizer-eval/data/nsynth/nsynth-valid/audio/reed_acoustic_023-066-025.wav,224,reed_acoustic_023,7,reed,0,acoustic,66,25,16000,bright|fast_decay|multiphonic|nonlinear_env
-21.254864,44.596905,reed_acoustic_037-031-025,reed_acoustic_037-031-025,/root/autodl-tmp/tokenizer-eval/data/nsynth/nsynth-valid/audio/reed_acoustic_037-031-025.wav,387,reed_acoustic_037,7,reed,0,acoustic,31,25,16000,reverb
33.958805,-24.213945,mallet_acoustic_062-088-025,mallet_acoustic_062-088-025,/root/autodl-tmp/tokenizer-eval/data/nsynth/nsynth-valid/audio/mallet_acoustic_062-088-025.wav,644,mallet_acoustic_062,5,mallet,0,acoustic,88,25,16000,fast_decay|multiphonic|percussive
-17.946949,54.314926,brass_acoustic_059-033-050,brass_acoustic_059-033-050,/root/autodl-tmp/tokenizer-eval/data/nsynth/nsynth-valid/audio/brass_acoustic_059-033-050.wav,572,brass_acoustic_059,1,brass,0,acoustic,33,50,16000,reverb
3.1964498,56.573753,organ_electronic_028-040-127,organ_electronic_028-040-127,/root/autodl-tmp/tokenizer-eval/data/nsynth/nsynth-valid/audio/organ_electronic_028-040-127.wav,440,organ_electronic_028,6,organ,1,electronic,40,127,16000,dark
-4.2588253,25.029045,organ_electronic_113-037-127,organ_electronic_113-037-127,/root/autodl-tmp/tokenizer-eval/data/nsynth/nsynth-valid/audio/organ_electronic_113-037-127.wav,958,organ_electronic_113,6,organ,1,electronic,37,127,16000,dark
-27.379269,24.686852,flute_synthetic_000-055-075,flute_synthetic_000-055-075,/root/autodl-tmp/tokenizer-eval/data/nsynth/nsynth-valid/audio/flute_synthetic_000-055-075.wav,82,flute_synthetic_000,2,flute,2,synthetic,55,75,16000,distortion
-88.89749,29.083004,brass_acoustic_046-090-050,brass_acoustic_046-090-050,/root/autodl-tmp/tokenizer-eval/data/nsynth/nsynth-valid/audio/brass_acoustic_046-090-050.wav,414,brass_acoustic_046,1,brass,0,acoustic,90,50,16000,long_release
-26.08645,6.692944,flute_synthetic_000-069-025,flute_synthetic_000-069-025,/root/autodl-tmp/tokenizer-eval/data/nsynth/nsynth-valid/audio/flute_synthetic_000-069-025.wav,82,flute_synthetic_000,2,flute,2,synthetic,69,25,16000,distortion
2.9424267,18.465109,brass_acoustic_015-043-050,brass_acoustic_015-043-050,/root/autodl-tmp/tokenizer-eval/data/nsynth/nsynth-valid/audio/brass_acoustic_015-043-050.wav,121,brass_acoustic_015,1,brass,0,acoustic,43,50,16000,reverb
-0.2453988,58.090233,flute_synthetic_000-045-025,flute_synthetic_000-045-025,/root/autodl-tmp/tokenizer-eval/data/nsynth/nsynth-valid/audio/flute_synthetic_000-045-025.wav,82,flute_synthetic_000,2,flute,2,synthetic,45,25,16000,distortion
44.25452,-15.773533,mallet_acoustic_047-072-127,mallet_acoustic_047-072-127,/root/autodl-tmp/tokenizer-eval/data/nsynth/nsynth-valid/audio/mallet_acoustic_047-072-127.wav,488,mallet_acoustic_047,5,mallet,0,acoustic,72,127,16000,fast_decay|percussive|reverb
25.434162,-4.3916345,guitar_acoustic_030-062-075,guitar_acoustic_030-062-075,/root/autodl-tmp/tokenizer-eval/data/nsynth/nsynth-valid/audio/guitar_acoustic_030-062-075.wav,642,guitar_acoustic_030,3,guitar,0,acoustic,62,75,16000,tempo-synced
32.947014,2.536697,string_acoustic_056-037-075,string_acoustic_056-037-075,/root/autodl-tmp/tokenizer-eval/data/nsynth/nsynth-valid/audio/string_acoustic_056-037-075.wav,436,string_acoustic_056,8,string,0,acoustic,37,75,16000,reverb
-5.78155,21.34727,organ_electronic_057-050-127,organ_electronic_057-050-127,/root/autodl-tmp/tokenizer-eval/data/nsynth/nsynth-valid/audio/organ_electronic_057-050-127.wav,701,organ_electronic_057,6,organ,1,electronic,50,127,16000,dark
-23.897663,1.2919979,brass_acoustic_006-069-050,brass_acoustic_006-069-050,/root/autodl-tmp/tokenizer-eval/data/nsynth/nsynth-valid/audio/brass_acoustic_006-069-050.wav,43,brass_acoustic_006,1,brass,0,acoustic,69,50,16000,reverb
-88.89749,29.083004,brass_acoustic_046-090-075,brass_acoustic_046-090-075,/root/autodl-tmp/tokenizer-eval/data/nsynth/nsynth-valid/audio/brass_acoustic_046-090-075.wav,414,brass_acoustic_046,1,brass,0,acoustic,90,75,16000,long_release
-88.89749,29.083004,brass_acoustic_046-094-050,brass_acoustic_046-094-050,/root/autodl-tmp/tokenizer-eval/data/nsynth/nsynth-valid/audio/brass_acoustic_046-094-050.wav,414,brass_acoustic_046,1,brass,0,acoustic,94,50,16000,long_release
43.130386,-56.643578,reed_acoustic_023-045-025,reed_acoustic_023-045-025,/root/autodl-tmp/tokenizer-eval/data/nsynth/nsynth-valid/audio/reed_acoustic_023-045-025.wav,224,reed_acoustic_023,7,reed,0,acoustic,45,25,16000,bright|fast_decay|multiphonic|nonlinear_env
28.752365,39.955772,guitar_acoustic_030-034-075,guitar_acoustic_030-034-075,/root/autodl-tmp/tokenizer-eval/data/nsynth/nsynth-valid/audio/guitar_acoustic_030-034-075.wav,642,guitar_acoustic_030,3,guitar,0,acoustic,34,75,16000,long_release|tempo-synced
8.998529,-29.15311,organ_electronic_028-084-025,organ_electronic_028-084-025,/root/autodl-tmp/tokenizer-eval/data/nsynth/nsynth-valid/audio/organ_electronic_028-084-025.wav,440,organ_electronic_028,6,organ,1,electronic,84,25,16000,
20.16119,29.073088,keyboard_electronic_002-044-050,keyboard_electronic_002-044-050,/root/autodl-tmp/tokenizer-eval/data/nsynth/nsynth-valid/audio/keyboard_electronic_002-044-050.wav,50,keyboard_electronic_002,4,keyboard,1,electronic,44,50,16000,distortion
-17.934593,-46.388763,flute_acoustic_002-094-025,flute_acoustic_002-094-025,/root/autodl-tmp/tokenizer-eval/data/nsynth/nsynth-valid/audio/flute_acoustic_002-094-025.wav,86,flute_acoustic_002,2,flute,0,acoustic,94,25,16000,reverb
36.32098,26.56377,mallet_acoustic_062-038-100,mallet_acoustic_062-038-100,/root/autodl-tmp/tokenizer-eval/data/nsynth/nsynth-valid/audio/mallet_acoustic_062-038-100.wav,644,mallet_acoustic_062,5,mallet,0,acoustic,38,100,16000,dark|long_release|multiphonic
-28.81879,-21.815947,flute_synthetic_000-085-050,flute_synthetic_000-085-050,/root/autodl-tmp/tokenizer-eval/data/nsynth/nsynth-valid/audio/flute_synthetic_000-085-050.wav,82,flute_synthetic_000,2,flute,2,synthetic,85,50,16000,distortion
27.126242,-27.070984,mallet_acoustic_062-079-050,mallet_acoustic_062-079-050,/root/autodl-tmp/tokenizer-eval/data/nsynth/nsynth-valid/audio/mallet_acoustic_062-079-050.wav,644,mallet_acoustic_062,5,mallet,0,acoustic,79,50,16000,fast_decay|multiphonic
-88.89749,29.083004,brass_acoustic_046-089-127,brass_acoustic_046-089-127,/root/autodl-tmp/tokenizer-eval/data/nsynth/nsynth-valid/audio/brass_acoustic_046-089-127.wav,414,brass_acoustic_046,1,brass,0,acoustic,89,127,16000,long_release
5.294124,48.801826,string_acoustic_080-042-127,string_acoustic_080-042-127,/root/autodl-tmp/tokenizer-eval/data/nsynth/nsynth-valid/audio/string_acoustic_080-042-127.wav,675,string_acoustic_080,8,string,0,acoustic,42,127,16000,long_release|reverb
43.266136,-18.169315,mallet_acoustic_047-065-050,mallet_acoustic_047-065-050,/root/autodl-tmp/tokenizer-eval/data/nsynth/nsynth-valid/audio/mallet_acoustic_047-065-050.wav,488,mallet_acoustic_047,5,mallet,0,acoustic,65,50,16000,fast_decay|percussive|reverb
-54.115215,-4.727264,vocal_synthetic_003-060-075,vocal_synthetic_003-060-075,/root/autodl-tmp/tokenizer-eval/data/nsynth/nsynth-valid/audio/vocal_synthetic_003-060-075.wav,37,vocal_synthetic_003,10,vocal,2,synthetic,60,75,16000,bright|distortion|long_release|nonlinear_env
42.0497,-16.353714,mallet_acoustic_047-075-100,mallet_acoustic_047-075-100,/root/autodl-tmp/tokenizer-eval/data/nsynth/nsynth-valid/audio/mallet_acoustic_047-075-100.wav,488,mallet_acoustic_047,5,mallet,0,acoustic,75,100,16000,fast_decay|percussive|reverb
-4.4822426,23.599585,organ_electronic_104-049-100,organ_electronic_104-049-100,/root/autodl-tmp/tokenizer-eval/data/nsynth/nsynth-valid/audio/organ_electronic_104-049-100.wav,921,organ_electronic_104,6,organ,1,electronic,49,100,16000,
10.754971,-4.1217427,guitar_acoustic_015-056-100,guitar_acoustic_015-056-100,/root/autodl-tmp/tokenizer-eval/data/nsynth/nsynth-valid/audio/guitar_acoustic_015-056-100.wav,316,guitar_acoustic_015,3,guitar,0,acoustic,56,100,16000,reverb
55.451195,-15.440041,bass_synthetic_134-081-127,bass_synthetic_134-081-127,/root/autodl-tmp/tokenizer-eval/data/nsynth/nsynth-valid/audio/bass_synthetic_134-081-127.wav,914,bass_synthetic_134,0,bass,2,synthetic,81,127,16000,fast_decay|percussive|reverb
-38.345276,43.141888,vocal_synthetic_003-048-100,vocal_synthetic_003-048-100,/root/autodl-tmp/tokenizer-eval/data/nsynth/nsynth-valid/audio/vocal_synthetic_003-048-100.wav,37,vocal_synthetic_003,10,vocal,2,synthetic,48,100,16000,bright|distortion|long_release|nonlinear_env
27.364878,0.86388016,mallet_acoustic_062-061-025,mallet_acoustic_062-061-025,/root/autodl-tmp/tokenizer-eval/data/nsynth/nsynth-valid/audio/mallet_acoustic_062-061-025.wav,644,mallet_acoustic_062,5,mallet,0,acoustic,61,25,16000,dark|fast_decay|multiphonic
-21.840078,-38.38057,organ_electronic_057-076-050,organ_electronic_057-076-050,/root/autodl-tmp/tokenizer-eval/data/nsynth/nsynth-valid/audio/organ_electronic_057-076-050.wav,701,organ_electronic_057,6,organ,1,electronic,76,50,16000,
8.986713,51.830887,string_acoustic_012-034-075,string_acoustic_012-034-075,/root/autodl-tmp/tokenizer-eval/data/nsynth/nsynth-valid/audio/string_acoustic_012-034-075.wav,97,string_acoustic_012,8,string,0,acoustic,34,75,16000,long_release|reverb
5.6594787,3.7877579,guitar_electronic_028-059-100,guitar_electronic_028-059-100,/root/autodl-tmp/tokenizer-eval/data/nsynth/nsynth-valid/audio/guitar_electronic_028-059-100.wav,510,guitar_electronic_028,3,guitar,1,electronic,59,100,16000,dark
-15.135923,-39.184162,flute_synthetic_000-094-050,flute_synthetic_000-094-050,/root/autodl-tmp/tokenizer-eval/data/nsynth/nsynth-valid/audio/flute_synthetic_000-094-050.wav,82,flute_synthetic_000,2,flute,2,synthetic,94,50,16000,distortion
-16.746393,12.388664,organ_electronic_001-058-100,organ_electronic_001-058-100,/root/autodl-tmp/tokenizer-eval/data/nsynth/nsynth-valid/audio/organ_electronic_001-058-100.wav,8,organ_electronic_001,6,organ,1,electronic,58,100,16000,dark
6.388782,-17.518372,guitar_acoustic_014-074-050,guitar_acoustic_014-074-050,/root/autodl-tmp/tokenizer-eval/data/nsynth/nsynth-valid/audio/guitar_acoustic_014-074-050.wav,263,guitar_acoustic_014,3,guitar,0,acoustic,74,50,16000,
32.82653,-4.271097,string_acoustic_056-064-025,string_acoustic_056-064-025,/root/autodl-tmp/tokenizer-eval/data/nsynth/nsynth-valid/audio/string_acoustic_056-064-025.wav,436,string_acoustic_056,8,string,0,acoustic,64,25,16000,fast_decay|percussive|reverb
1.6904501,59.585968,flute_synthetic_000-041-050,flute_synthetic_000-041-050,/root/autodl-tmp/tokenizer-eval/data/nsynth/nsynth-valid/audio/flute_synthetic_000-041-050.wav,82,flute_synthetic_000,2,flute,2,synthetic,41,50,16000,distortion
10.243272,-6.082474,bass_synthetic_068-068-100,bass_synthetic_068-068-100,/root/autodl-tmp/tokenizer-eval/data/nsynth/nsynth-valid/audio/bass_synthetic_068-068-100.wav,656,bass_synthetic_068,0,bass,2,synthetic,68,100,16000,
-3.0030282,55.554623,flute_synthetic_000-047-050,flute_synthetic_000-047-050,/root/autodl-tmp/tokenizer-eval/data/nsynth/nsynth-valid/audio/flute_synthetic_000-047-050.wav,82,flute_synthetic_000,2,flute,2,synthetic,47,50,16000,distortion
2.851121,-23.992819,guitar_electronic_028-077-075,guitar_electronic_028-077-075,/root/autodl-tmp/tokenizer-eval/data/nsynth/nsynth-valid/audio/guitar_electronic_028-077-075.wav,510,guitar_electronic_028,3,guitar,1,electronic,77,75,16000,
-31.541233,2.0445025,brass_acoustic_006-067-127,brass_acoustic_006-067-127,/root/autodl-tmp/tokenizer-eval/data/nsynth/nsynth-valid/audio/brass_acoustic_006-067-127.wav,43,brass_acoustic_006,1,brass,0,acoustic,67,127,16000,reverb
7.357597,31.489714,guitar_acoustic_015-050-100,guitar_acoustic_015-050-100,/root/autodl-tmp/tokenizer-eval/data/nsynth/nsynth-valid/audio/guitar_acoustic_015-050-100.wav,316,guitar_acoustic_015,3,guitar,0,acoustic,50,100,16000,reverb
42.75173,-58.407158,reed_acoustic_023-051-050,reed_acoustic_023-051-050,/root/autodl-tmp/tokenizer-eval/data/nsynth/nsynth-valid/audio/reed_acoustic_023-051-050.wav,224,reed_acoustic_023,7,reed,0,acoustic,51,50,16000,bright|fast_decay|multiphonic|nonlinear_env
-53.587536,-30.815973,vocal_synthetic_003-092-075,vocal_synthetic_003-092-075,/root/autodl-tmp/tokenizer-eval/data/nsynth/nsynth-valid/audio/vocal_synthetic_003-092-075.wav,37,vocal_synthetic_003,10,vocal,2,synthetic,92,75,16000,long_release|nonlinear_env
-32.99121,-17.000927,brass_acoustic_015-073-025,brass_acoustic_015-073-025,/root/autodl-tmp/tokenizer-eval/data/nsynth/nsynth-valid/audio/brass_acoustic_015-073-025.wav,121,brass_acoustic_015,1,brass,0,acoustic,73,25,16000,reverb
-12.057196,56.99074,organ_electronic_007-033-100,organ_electronic_007-033-100,/root/autodl-tmp/tokenizer-eval/data/nsynth/nsynth-valid/audio/organ_electronic_007-033-100.wav,123,organ_electronic_007,6,organ,1,electronic,33,100,16000,distortion|long_release|nonlinear_env
33.358086,-21.118763,guitar_acoustic_021-093-075,guitar_acoustic_021-093-075,/root/autodl-tmp/tokenizer-eval/data/nsynth/nsynth-valid/audio/guitar_acoustic_021-093-075.wav,457,guitar_acoustic_021,3,guitar,0,acoustic,93,75,16000,fast_decay|percussive
31.275156,38.074512,bass_synthetic_135-032-100,bass_synthetic_135-032-100,/root/autodl-tmp/tokenizer-eval/data/nsynth/nsynth-valid/audio/bass_synthetic_135-032-100.wav,927,bass_synthetic_135,0,bass,2,synthetic,32,100,16000,distortion
-55.676525,-28.909872,vocal_synthetic_003-080-025,vocal_synthetic_003-080-025,/root/autodl-tmp/tokenizer-eval/data/nsynth/nsynth-valid/audio/vocal_synthetic_003-080-025.wav,37,vocal_synthetic_003,10,vocal,2,synthetic,80,25,16000,bright|distortion|long_release|nonlinear_env
-7.6159286,1.1950693,reed_acoustic_037-065-025,reed_acoustic_037-065-025,/root/autodl-tmp/tokenizer-eval/data/nsynth/nsynth-valid/audio/reed_acoustic_037-065-025.wav,387,reed_acoustic_037,7,reed,0,acoustic,65,25,16000,reverb
30.64798,-60.796818,reed_acoustic_023-081-050,reed_acoustic_023-081-050,/root/autodl-tmp/tokenizer-eval/data/nsynth/nsynth-valid/audio/reed_acoustic_023-081-050.wav,224,reed_acoustic_023,7,reed,0,acoustic,81,50,16000,bright|fast_decay|multiphonic|nonlinear_env
24.98905,28.541601,bass_synthetic_068-043-100,bass_synthetic_068-043-100,/root/autodl-tmp/tokenizer-eval/data/nsynth/nsynth-valid/audio/bass_synthetic_068-043-100.wav,656,bass_synthetic_068,0,bass,2,synthetic,43,100,16000,dark
13.416256,34.5748,organ_electronic_057-036-025,organ_electronic_057-036-025,/root/autodl-tmp/tokenizer-eval/data/nsynth/nsynth-valid/audio/organ_electronic_057-036-025.wav,701,organ_electronic_057,6,organ,1,electronic,36,25,16000,dark
25.65425,36.04095,bass_electronic_027-038-050,bass_electronic_027-038-050,/root/autodl-tmp/tokenizer-eval/data/nsynth/nsynth-valid/audio/bass_electronic_027-038-050.wav,880,bass_electronic_027,0,bass,1,electronic,38,50,16000,
18.33719,-5.613355,keyboard_electronic_001-066-127,keyboard_electronic_001-066-127,/root/autodl-tmp/tokenizer-eval/data/nsynth/nsynth-valid/audio/keyboard_electronic_001-066-127.wav,40,keyboard_electronic_001,4,keyboard,1,electronic,66,127,16000,percussive
-18.215113,-14.771557,string_acoustic_057-075-100,string_acoustic_057-075-100,/root/autodl-tmp/tokenizer-eval/data/nsynth/nsynth-valid/audio/string_acoustic_057-075-100.wav,450,string_acoustic_057,8,string,0,acoustic,75,100,16000,bright|nonlinear_env|reverb
34.61033,-21.139502,guitar_acoustic_015-095-100,guitar_acoustic_015-095-100,/root/autodl-tmp/tokenizer-eval/data/nsynth/nsynth-valid/audio/guitar_acoustic_015-095-100.wav,316,guitar_acoustic_015,3,guitar,0,acoustic,95,100,16000,fast_decay|percussive|reverb
-9.983595,33.40318,organ_electronic_007-047-025,organ_electronic_007-047-025,/root/autodl-tmp/tokenizer-eval/data/nsynth/nsynth-valid/audio/organ_electronic_007-047-025.wav,123,organ_electronic_007,6,organ,1,electronic,47,25,16000,distortion|long_release|nonlinear_env
-14.691081,-43.244823,string_acoustic_057-083-025,string_acoustic_057-083-025,/root/autodl-tmp/tokenizer-eval/data/nsynth/nsynth-valid/audio/string_acoustic_057-083-025.wav,450,string_acoustic_057,8,string,0,acoustic,83,25,16000,bright|nonlinear_env|reverb
-13.395172,-47.458553,flute_acoustic_002-095-100,flute_acoustic_002-095-100,/root/autodl-tmp/tokenizer-eval/data/nsynth/nsynth-valid/audio/flute_acoustic_002-095-100.wav,86,flute_acoustic_002,2,flute,0,acoustic,95,100,16000,reverb
-88.89749,29.083004,brass_acoustic_046-095-025,brass_acoustic_046-095-025,/root/autodl-tmp/tokenizer-eval/data/nsynth/nsynth-valid/audio/brass_acoustic_046-095-025.wav,414,brass_acoustic_046,1,brass,0,acoustic,95,25,16000,long_release
30.215973,18.190292,mallet_acoustic_062-051-075,mallet_acoustic_062-051-075,/root/autodl-tmp/tokenizer-eval/data/nsynth/nsynth-valid/audio/mallet_acoustic_062-051-075.wav,644,mallet_acoustic_062,5,mallet,0,acoustic,51,75,16000,dark|multiphonic
-14.977262,40.659496,reed_acoustic_037-045-075,reed_acoustic_037-045-075,/root/autodl-tmp/tokenizer-eval/data/nsynth/nsynth-valid/audio/reed_acoustic_037-045-075.wav,387,reed_acoustic_037,7,reed,0,acoustic,45,75,16000,long_release|reverb
-1.4944055,-28.539244,guitar_electronic_022-079-050,guitar_electronic_022-079-050,/root/autodl-tmp/tokenizer-eval/data/nsynth/nsynth-valid/audio/guitar_electronic_022-079-050.wav,378,guitar_electronic_022,3,guitar,1,electronic,79,50,16000,
35.469025,27.746313,keyboard_electronic_003-038-025,keyboard_electronic_003-038-025,/root/autodl-tmp/tokenizer-eval/data/nsynth/nsynth-valid/audio/keyboard_electronic_003-038-025.wav,65,keyboard_electronic_003,4,keyboard,1,electronic,38,25,16000,dark
55.999405,-15.256036,bass_synthetic_134-094-075,bass_synthetic_134-094-075,/root/autodl-tmp/tokenizer-eval/data/nsynth/nsynth-valid/audio/bass_synthetic_134-094-075.wav,914,bass_synthetic_134,0,bass,2,synthetic,94,75,16000,fast_decay|percussive|reverb
40.92925,-15.572869,mallet_acoustic_047-078-050,mallet_acoustic_047-078-050,/root/autodl-tmp/tokenizer-eval/data/nsynth/nsynth-valid/audio/mallet_acoustic_047-078-050.wav,488,mallet_acoustic_047,5,mallet,0,acoustic,78,50,16000,fast_decay|percussive|reverb
13.674384,27.245161,bass_synthetic_034-052-127,bass_synthetic_034-052-127,/root/autodl-tmp/tokenizer-eval/data/nsynth/nsynth-valid/audio/bass_synthetic_034-052-127.wav,420,bass_synthetic_034,0,bass,2,synthetic,52,127,16000,distortion|tempo-synced
-10.303973,-18.190262,flute_synthetic_000-076-100,flute_synthetic_000-076-100,/root/autodl-tmp/tokenizer-eval/data/nsynth/nsynth-valid/audio/flute_synthetic_000-076-100.wav,82,flute_synthetic_000,2,flute,2,synthetic,76,100,16000,distortion
-39.9956,-16.92316,bass_synthetic_009-074-050,bass_synthetic_009-074-050,/root/autodl-tmp/tokenizer-eval/data/nsynth/nsynth-valid/audio/bass_synthetic_009-074-050.wav,150,bass_synthetic_009,0,bass,2,synthetic,74,50,16000,bright|distortion|long_release
-30.531137,48.381042,vocal_synthetic_003-032-100,vocal_synthetic_003-032-100,/root/autodl-tmp/tokenizer-eval/data/nsynth/nsynth-valid/audio/vocal_synthetic_003-032-100.wav,37,vocal_synthetic_003,10,vocal,2,synthetic,32,100,16000,bright|distortion|long_release|nonlinear_env
-36.83448,52.501923,vocal_synthetic_003-040-025,vocal_synthetic_003-040-025,/root/autodl-tmp/tokenizer-eval/data/nsynth/nsynth-valid/audio/vocal_synthetic_003-040-025.wav,37,vocal_synthetic_003,10,vocal,2,synthetic,40,25,16000,distortion|long_release|nonlinear_env
7.44989,-34.29171,organ_electronic_028-086-025,organ_electronic_028-086-025,/root/autodl-tmp/tokenizer-eval/data/nsynth/nsynth-valid/audio/organ_electronic_028-086-025.wav,440,organ_electronic_028,6,organ,1,electronic,86,25,16000,
9.136014,46.0753,keyboard_electronic_001-033-127,keyboard_electronic_001-033-127,/root/autodl-tmp/tokenizer-eval/data/nsynth/nsynth-valid/audio/keyboard_electronic_001-033-127.wav,40,keyboard_electronic_001,4,keyboard,1,electronic,33,127,16000,
-9.861985,20.833746,organ_electronic_001-036-127,organ_electronic_001-036-127,/root/autodl-tmp/tokenizer-eval/data/nsynth/nsynth-valid/audio/organ_electronic_001-036-127.wav,8,organ_electronic_001,6,organ,1,electronic,36,127,16000,dark
5.310366,-14.400084,guitar_acoustic_014-073-075,guitar_acoustic_014-073-075,/root/autodl-tmp/tokenizer-eval/data/nsynth/nsynth-valid/audio/guitar_acoustic_014-073-075.wav,263,guitar_acoustic_014,3,guitar,0,acoustic,73,75,16000,
30.30025,-60.256657,reed_acoustic_023-082-100,reed_acoustic_023-082-100,/root/autodl-tmp/tokenizer-eval/data/nsynth/nsynth-valid/audio/reed_acoustic_023-082-100.wav,224,reed_acoustic_023,7,reed,0,acoustic,82,100,16000,bright|fast_decay|multiphonic|nonlinear_env
5.806944,-41.359417,mallet_acoustic_062-077-127,mallet_acoustic_062-077-127,/root/autodl-tmp/tokenizer-eval/data/nsynth/nsynth-valid/audio/mallet_acoustic_062-077-127.wav,644,mallet_acoustic_062,5,mallet,0,acoustic,77,127,16000,multiphonic
14.880052,-26.12671,keyboard_acoustic_004-083-127,keyboard_acoustic_004-083-127,/root/autodl-tmp/tokenizer-eval/data/nsynth/nsynth-valid/audio/keyboard_acoustic_004-083-127.wav,327,keyboard_acoustic_004,4,keyboard,0,acoustic,83,127,16000,reverb
24.7951,20.652029,bass_electronic_025-051-100,bass_electronic_025-051-100,/root/autodl-tmp/tokenizer-eval/data/nsynth/nsynth-valid/audio/bass_electronic_025-051-100.wav,872,bass_electronic_025,0,bass,1,electronic,51,100,16000,
35.130554,-0.20779938,string_acoustic_056-041-100,string_acoustic_056-041-100,/root/autodl-tmp/tokenizer-eval/data/nsynth/nsynth-valid/audio/string_acoustic_056-041-100.wav,436,string_acoustic_056,8,string,0,acoustic,41,100,16000,fast_decay|percussive|reverb
41.46926,23.863377,mallet_acoustic_062-032-050,mallet_acoustic_062-032-050,/root/autodl-tmp/tokenizer-eval/data/nsynth/nsynth-valid/audio/mallet_acoustic_062-032-050.wav,644,mallet_acoustic_062,5,mallet,0,acoustic,32,50,16000,dark|multiphonic
-52.75654,-25.544888,vocal_synthetic_003-086-075,vocal_synthetic_003-086-075,/root/autodl-tmp/tokenizer-eval/data/nsynth/nsynth-valid/audio/vocal_synthetic_003-086-075.wav,37,vocal_synthetic_003,10,vocal,2,synthetic,86,75,16000,long_release|nonlinear_env
26.670935,-62.064743,reed_acoustic_023-090-127,reed_acoustic_023-090-127,/root/autodl-tmp/tokenizer-eval/data/nsynth/nsynth-valid/audio/reed_acoustic_023-090-127.wav,224,reed_acoustic_023,7,reed,0,acoustic,90,127,16000,fast_decay|multiphonic|nonlinear_env
33.035877,23.218918,mallet_acoustic_062-045-100,mallet_acoustic_062-045-100,/root/autodl-tmp/tokenizer-eval/data/nsynth/nsynth-valid/audio/mallet_acoustic_062-045-100.wav,644,mallet_acoustic_062,5,mallet,0,acoustic,45,100,16000,dark|long_release|multiphonic
-14.944899,34.096237,reed_acoustic_011-050-050,reed_acoustic_011-050-050,/root/autodl-tmp/tokenizer-eval/data/nsynth/nsynth-valid/audio/reed_acoustic_011-050-050.wav,104,reed_acoustic_011,7,reed,0,acoustic,50,50,16000,
40.264095,26.923334,mallet_acoustic_062-033-127,mallet_acoustic_062-033-127,/root/autodl-tmp/tokenizer-eval/data/nsynth/nsynth-valid/audio/mallet_acoustic_062-033-127.wav,644,mallet_acoustic_062,5,mallet,0,acoustic,33,127,16000,dark|long_release|multiphonic
3.5780334,-50.241238,mallet_acoustic_062-093-127,mallet_acoustic_062-093-127,/root/autodl-tmp/tokenizer-eval/data/nsynth/nsynth-valid/audio/mallet_acoustic_062-093-127.wav,644,mallet_acoustic_062,5,mallet,0,acoustic,93,127,16000,multiphonic
-14.665382,-23.862017,brass_acoustic_006-077-100,brass_acoustic_006-077-100,/root/autodl-tmp/tokenizer-eval/data/nsynth/nsynth-valid/audio/brass_acoustic_006-077-100.wav,43,brass_acoustic_006,1,brass,0,acoustic,77,100,16000,reverb
25.87343,11.601902,mallet_acoustic_062-057-075,mallet_acoustic_062-057-075,/root/autodl-tmp/tokenizer-eval/data/nsynth/nsynth-valid/audio/mallet_acoustic_062-057-075.wav,644,mallet_acoustic_062,5,mallet,0,acoustic,57,75,16000,dark|multiphonic
-17.884062,-37.838165,organ_electronic_001-093-025,organ_electronic_001-093-025,/root/autodl-tmp/tokenizer-eval/data/nsynth/nsynth-valid/audio/organ_electronic_001-093-025.wav,8,organ_electronic_001,6,organ,1,electronic,93,25,16000,
3.6322353,-5.4298196,guitar_electronic_022-070-025,guitar_electronic_022-070-025,/root/autodl-tmp/tokenizer-eval/data/nsynth/nsynth-valid/audio/guitar_electronic_022-070-025.wav,378,guitar_electronic_022,3,guitar,1,electronic,70,25,16000,
-45.766743,-21.72511,organ_electronic_007-074-075,organ_electronic_007-074-075,/root/autodl-tmp/tokenizer-eval/data/nsynth/nsynth-valid/audio/organ_electronic_007-074-075.wav,123,organ_electronic_007,6,organ,1,electronic,74,75,16000,distortion|long_release|nonlinear_env
25.90952,0.53082204,mallet_acoustic_062-062-050,mallet_acoustic_062-062-050,/root/autodl-tmp/tokenizer-eval/data/nsynth/nsynth-valid/audio/mallet_acoustic_062-062-050.wav,644,mallet_acoustic_062,5,mallet,0,acoustic,62,50,16000,dark|fast_decay|multiphonic
26.59882,43.02703,bass_synthetic_033-032-100,bass_synthetic_033-032-100,/root/autodl-tmp/tokenizer-eval/data/nsynth/nsynth-valid/audio/bass_synthetic_033-032-100.wav,417,bass_synthetic_033,0,bass,2,synthetic,32,100,16000,dark
-18.140102,2.1078417,reed_acoustic_011-067-025,reed_acoustic_011-067-025,/root/autodl-tmp/tokenizer-eval/data/nsynth/nsynth-valid/audio/reed_acoustic_011-067-025.wav,104,reed_acoustic_011,7,reed,0,acoustic,67,25,16000,
39.038452,-15.569937,mallet_acoustic_047-083-127,mallet_acoustic_047-083-127,/root/autodl-tmp/tokenizer-eval/data/nsynth/nsynth-valid/audio/mallet_acoustic_047-083-127.wav,488,mallet_acoustic_047,5,mallet,0,acoustic,83,127,16000,fast_decay|percussive|reverb
-47.77904,-13.3571415,vocal_synthetic_003-071-025,vocal_synthetic_003-071-025,/root/autodl-tmp/tokenizer-eval/data/nsynth/nsynth-valid/audio/vocal_synthetic_003-071-025.wav,37,vocal_synthetic_003,10,vocal,2,synthetic,71,25,16000,bright|distortion|long_release|nonlinear_env
37.115734,3.4620833,string_acoustic_014-063-075,string_acoustic_014-063-075,/root/autodl-tmp/tokenizer-eval/data/nsynth/nsynth-valid/audio/string_acoustic_014-063-075.wav,100,string_acoustic_014,8,string,0,acoustic,63,75,16000,fast_decay|percussive|reverb
33.821594,-50.340626,keyboard_synthetic_000-067-025,keyboard_synthetic_000-067-025,/root/autodl-tmp/tokenizer-eval/data/nsynth/nsynth-valid/audio/keyboard_synthetic_000-067-025.wav,577,keyboard_synthetic_000,4,keyboard,2,synthetic,67,25,16000,distortion|fast_decay|nonlinear_env
2.171775,15.770425,brass_acoustic_015-048-127,brass_acoustic_015-048-127,/root/autodl-tmp/tokenizer-eval/data/nsynth/nsynth-valid/audio/brass_acoustic_015-048-127.wav,121,brass_acoustic_015,1,brass,0,acoustic,48,127,16000,reverb
20.92863,-21.217352,guitar_acoustic_015-081-075,guitar_acoustic_015-081-075,/root/autodl-tmp/tokenizer-eval/data/nsynth/nsynth-valid/audio/guitar_acoustic_015-081-075.wav,316,guitar_acoustic_015,3,guitar,0,acoustic,81,75,16000,fast_decay|percussive|reverb
-56.539852,-30.931566,vocal_synthetic_003-081-100,vocal_synthetic_003-081-100,/root/autodl-tmp/tokenizer-eval/data/nsynth/nsynth-valid/audio/vocal_synthetic_003-081-100.wav,37,vocal_synthetic_003,10,vocal,2,synthetic,81,100,16000,bright|distortion|long_release|nonlinear_env
-31.28294,-48.628162,bass_synthetic_009-090-050,bass_synthetic_009-090-050,/root/autodl-tmp/tokenizer-eval/data/nsynth/nsynth-valid/audio/bass_synthetic_009-090-050.wav,150,bass_synthetic_009,0,bass,2,synthetic,90,50,16000,long_release
-10.071677,-39.64221,brass_acoustic_046-082-025,brass_acoustic_046-082-025,/root/autodl-tmp/tokenizer-eval/data/nsynth/nsynth-valid/audio/brass_acoustic_046-082-025.wav,414,brass_acoustic_046,1,brass,0,acoustic,82,25,16000,
9.091902,46.283077,keyboard_electronic_001-032-100,keyboard_electronic_001-032-100,/root/autodl-tmp/tokenizer-eval/data/nsynth/nsynth-valid/audio/keyboard_electronic_001-032-100.wav,40,keyboard_electronic_001,4,keyboard,1,electronic,32,100,16000,
-30.580933,-26.491617,string_acoustic_057-085-025,string_acoustic_057-085-025,/root/autodl-tmp/tokenizer-eval/data/nsynth/nsynth-valid/audio/string_acoustic_057-085-025.wav,450,string_acoustic_057,8,string,0,acoustic,85,25,16000,bright|nonlinear_env|reverb
-33.082012,50.714287,vocal_synthetic_003-036-075,vocal_synthetic_003-036-075,/root/autodl-tmp/tokenizer-eval/data/nsynth/nsynth-valid/audio/vocal_synthetic_003-036-075.wav,37,vocal_synthetic_003,10,vocal,2,synthetic,36,75,16000,distortion|long_release|nonlinear_env
2.5575414,17.014345,brass_acoustic_015-041-075,brass_acoustic_015-041-075,/root/autodl-tmp/tokenizer-eval/data/nsynth/nsynth-valid/audio/brass_acoustic_015-041-075.wav,121,brass_acoustic_015,1,brass,0,acoustic,41,75,16000,reverb
12.479298,3.4240792,guitar_acoustic_010-064-127,guitar_acoustic_010-064-127,/root/autodl-tmp/tokenizer-eval/data/nsynth/nsynth-valid/audio/guitar_acoustic_010-064-127.wav,219,guitar_acoustic_010,3,guitar,0,acoustic,64,127,16000,
-15.174502,33.877632,reed_acoustic_011-049-100,reed_acoustic_011-049-100,/root/autodl-tmp/tokenizer-eval/data/nsynth/nsynth-valid/audio/reed_acoustic_011-049-100.wav,104,reed_acoustic_011,7,reed,0,acoustic,49,100,16000,bright
-22.019566,-45.723484,string_acoustic_057-093-075,string_acoustic_057-093-075,/root/autodl-tmp/tokenizer-eval/data/nsynth/nsynth-valid/audio/string_acoustic_057-093-075.wav,450,string_acoustic_057,8,string,0,acoustic,93,75,16000,nonlinear_env|reverb
11.290985,27.621597,keyboard_electronic_003-051-075,keyboard_electronic_003-051-075,/root/autodl-tmp/tokenizer-eval/data/nsynth/nsynth-valid/audio/keyboard_electronic_003-051-075.wav,65,keyboard_electronic_003,4,keyboard,1,electronic,51,75,16000,
-18.919205,-41.27109,organ_electronic_104-083-075,organ_electronic_104-083-075,/root/autodl-tmp/tokenizer-eval/data/nsynth/nsynth-valid/audio/organ_electronic_104-083-075.wav,921,organ_electronic_104,6,organ,1,electronic,83,75,16000,
-14.306847,16.671154,organ_electronic_104-056-025,organ_electronic_104-056-025,/root/autodl-tmp/tokenizer-eval/data/nsynth/nsynth-valid/audio/organ_electronic_104-056-025.wav,921,organ_electronic_104,6,organ,1,electronic,56,25,16000,
-38.98411,45.452538,vocal_synthetic_003-045-100,vocal_synthetic_003-045-100,/root/autodl-tmp/tokenizer-eval/data/nsynth/nsynth-valid/audio/vocal_synthetic_003-045-100.wav,37,vocal_synthetic_003,10,vocal,2,synthetic,45,100,16000,bright|distortion|long_release|nonlinear_env
42.45466,-57.116085,reed_acoustic_023-050-075,reed_acoustic_023-050-075,/root/autodl-tmp/tokenizer-eval/data/nsynth/nsynth-valid/audio/reed_acoustic_023-050-075.wav,224,reed_acoustic_023,7,reed,0,acoustic,50,75,16000,bright|fast_decay|multiphonic|nonlinear_env
-7.6199822,-25.516457,flute_synthetic_000-080-075,flute_synthetic_000-080-075,/root/autodl-tmp/tokenizer-eval/data/nsynth/nsynth-valid/audio/flute_synthetic_000-080-075.wav,82,flute_synthetic_000,2,flute,2,synthetic,80,75,16000,distortion
30.43012,21.54116,mallet_acoustic_062-048-127,mallet_acoustic_062-048-127,/root/autodl-tmp/tokenizer-eval/data/nsynth/nsynth-valid/audio/mallet_acoustic_062-048-127.wav,644,mallet_acoustic_062,5,mallet,0,acoustic,48,127,16000,dark|long_release|multiphonic
-17.716932,35.53901,reed_acoustic_011-042-075,reed_acoustic_011-042-075,/root/autodl-tmp/tokenizer-eval/data/nsynth/nsynth-valid/audio/reed_acoustic_011-042-075.wav,104,reed_acoustic_011,7,reed,0,acoustic,42,75,16000,
37.649208,-12.983565,mallet_acoustic_047-087-050,mallet_acoustic_047-087-050,/root/autodl-tmp/tokenizer-eval/data/nsynth/nsynth-valid/audio/mallet_acoustic_047-087-050.wav,488,mallet_acoustic_047,5,mallet,0,acoustic,87,50,16000,fast_decay|percussive|reverb
61.360676,-15.206858,mallet_acoustic_056-043-025,mallet_acoustic_056-043-025,/root/autodl-tmp/tokenizer-eval/data/nsynth/nsynth-valid/audio/mallet_acoustic_056-043-025.wav,590,mallet_acoustic_056,5,mallet,0,acoustic,43,25,16000,bright|fast_decay|percussive
39.03088,22.93746,mallet_acoustic_062-037-050,mallet_acoustic_062-037-050,/root/autodl-tmp/tokenizer-eval/data/nsynth/nsynth-valid/audio/mallet_acoustic_062-037-050.wav,644,mallet_acoustic_062,5,mallet,0,acoustic,37,50,16000,dark|multiphonic
11.235433,-8.396541,mallet_acoustic_062-068-075,mallet_acoustic_062-068-075,/root/autodl-tmp/tokenizer-eval/data/nsynth/nsynth-valid/audio/mallet_acoustic_062-068-075.wav,644,mallet_acoustic_062,5,mallet,0,acoustic,68,75,16000,dark|multiphonic
-88.89749,29.083004,brass_acoustic_046-088-025,brass_acoustic_046-088-025,/root/autodl-tmp/tokenizer-eval/data/nsynth/nsynth-valid/audio/brass_acoustic_046-088-025.wav,414,brass_acoustic_046,1,brass,0,acoustic,88,25,16000,long_release
2.8112526,-24.526133,guitar_electronic_022-077-025,guitar_electronic_022-077-025,/root/autodl-tmp/tokenizer-eval/data/nsynth/nsynth-valid/audio/guitar_electronic_022-077-025.wav,378,guitar_electronic_022,3,guitar,1,electronic,77,25,16000,
28.344677,35.446667,bass_synthetic_135-041-100,bass_synthetic_135-041-100,/root/autodl-tmp/tokenizer-eval/data/nsynth/nsynth-valid/audio/bass_synthetic_135-041-100.wav,927,bass_synthetic_135,0,bass,2,synthetic,41,100,16000,distortion
-88.89749,29.083004,brass_acoustic_046-093-100,brass_acoustic_046-093-100,/root/autodl-tmp/tokenizer-eval/data/nsynth/nsynth-valid/audio/brass_acoustic_046-093-100.wav,414,brass_acoustic_046,1,brass,0,acoustic,93,100,16000,long_release
0.71039313,3.8185165,keyboard_electronic_069-059-050,keyboard_electronic_069-059-050,/root/autodl-tmp/tokenizer-eval/data/nsynth/nsynth-valid/audio/keyboard_electronic_069-059-050.wav,805,keyboard_electronic_069,4,keyboard,1,electronic,59,50,16000,distortion
-14.031525,42.871113,brass_acoustic_006-049-050,brass_acoustic_006-049-050,/root/autodl-tmp/tokenizer-eval/data/nsynth/nsynth-valid/audio/brass_acoustic_006-049-050.wav,43,brass_acoustic_006,1,brass,0,acoustic,49,50,16000,reverb
18.554691,-24.036324,bass_synthetic_068-083-025,bass_synthetic_068-083-025,/root/autodl-tmp/tokenizer-eval/data/nsynth/nsynth-valid/audio/bass_synthetic_068-083-025.wav,656,bass_synthetic_068,0,bass,2,synthetic,83,25,16000,fast_decay
25.029099,28.609058,bass_synthetic_068-043-025,bass_synthetic_068-043-025,/root/autodl-tmp/tokenizer-eval/data/nsynth/nsynth-valid/audio/bass_synthetic_068-043-025.wav,656,bass_synthetic_068,0,bass,2,synthetic,43,25,16000,dark
0.27236828,-49.012432,bass_synthetic_135-094-050,bass_synthetic_135-094-050,/root/autodl-tmp/tokenizer-eval/data/nsynth/nsynth-valid/audio/bass_synthetic_135-094-050.wav,927,bass_synthetic_135,0,bass,2,synthetic,94,50,16000,distortion
19.390133,-19.70638,bass_synthetic_068-080-025,bass_synthetic_068-080-025,/root/autodl-tmp/tokenizer-eval/data/nsynth/nsynth-valid/audio/bass_synthetic_068-080-025.wav,656,bass_synthetic_068,0,bass,2,synthetic,80,25,16000,fast_decay
-35.885086,8.864229,vocal_acoustic_000-063-025,vocal_acoustic_000-063-025,/root/autodl-tmp/tokenizer-eval/data/nsynth/nsynth-valid/audio/vocal_acoustic_000-063-025.wav,46,vocal_acoustic_000,10,vocal,0,acoustic,63,25,16000,reverb
-21.113104,50.580128,brass_acoustic_006-037-075,brass_acoustic_006-037-075,/root/autodl-tmp/tokenizer-eval/data/nsynth/nsynth-valid/audio/brass_acoustic_006-037-075.wav,43,brass_acoustic_006,1,brass,0,acoustic,37,75,16000,reverb
1.36855,29.618912,guitar_acoustic_015-047-075,guitar_acoustic_015-047-075,/root/autodl-tmp/tokenizer-eval/data/nsynth/nsynth-valid/audio/guitar_acoustic_015-047-075.wav,316,guitar_acoustic_015,3,guitar,0,acoustic,47,75,16000,reverb
3.3678608,-25.123304,bass_synthetic_135-077-025,bass_synthetic_135-077-025,/root/autodl-tmp/tokenizer-eval/data/nsynth/nsynth-valid/audio/bass_synthetic_135-077-025.wav,927,bass_synthetic_135,0,bass,2,synthetic,77,25,16000,distortion
11.835118,-28.349705,guitar_acoustic_010-083-100,guitar_acoustic_010-083-100,/root/autodl-tmp/tokenizer-eval/data/nsynth/nsynth-valid/audio/guitar_acoustic_010-083-100.wav,219,guitar_acoustic_010,3,guitar,0,acoustic,83,100,16000,
-21.15688,55.24438,brass_acoustic_059-035-100,brass_acoustic_059-035-100,/root/autodl-tmp/tokenizer-eval/data/nsynth/nsynth-valid/audio/brass_acoustic_059-035-100.wav,572,brass_acoustic_059,1,brass,0,acoustic,35,100,16000,reverb
-6.0729814,47.86899,flute_synthetic_000-051-127,flute_synthetic_000-051-127,/root/autodl-tmp/tokenizer-eval/data/nsynth/nsynth-valid/audio/flute_synthetic_000-051-127.wav,82,flute_synthetic_000,2,flute,2,synthetic,51,127,16000,distortion
22.982275,-13.645616,keyboard_electronic_001-089-050,keyboard_electronic_001-089-050,/root/autodl-tmp/tokenizer-eval/data/nsynth/nsynth-valid/audio/keyboard_electronic_001-089-050.wav,40,keyboard_electronic_001,4,keyboard,1,electronic,89,50,16000,long_release
-30.122684,-34.357254,string_acoustic_057-087-025,string_acoustic_057-087-025,/root/autodl-tmp/tokenizer-eval/data/nsynth/nsynth-valid/audio/string_acoustic_057-087-025.wav,450,string_acoustic_057,8,string,0,acoustic,87,25,16000,bright|nonlinear_env|reverb
-15.112463,-20.212961,flute_acoustic_002-076-025,flute_acoustic_002-076-025,/root/autodl-tmp/tokenizer-eval/data/nsynth/nsynth-valid/audio/flute_acoustic_002-076-025.wav,86,flute_acoustic_002,2,flute,0,acoustic,76,25,16000,reverb
-43.02185,-10.761112,organ_electronic_007-070-050,organ_electronic_007-070-050,/root/autodl-tmp/tokenizer-eval/data/nsynth/nsynth-valid/audio/organ_electronic_007-070-050.wav,123,organ_electronic_007,6,organ,1,electronic,70,50,16000,distortion|long_release|nonlinear_env
3.040027,28.696995,guitar_electronic_028-047-050,guitar_electronic_028-047-050,/root/autodl-tmp/tokenizer-eval/data/nsynth/nsynth-valid/audio/guitar_electronic_028-047-050.wav,510,guitar_electronic_028,3,guitar,1,electronic,47,50,16000,dark
20.910658,33.909794,guitar_electronic_028-042-100,guitar_electronic_028-042-100,/root/autodl-tmp/tokenizer-eval/data/nsynth/nsynth-valid/audio/guitar_electronic_028-042-100.wav,510,guitar_electronic_028,3,guitar,1,electronic,42,100,16000,dark
-29.243767,6.4557614,vocal_acoustic_000-057-100,vocal_acoustic_000-057-100,/root/autodl-tmp/tokenizer-eval/data/nsynth/nsynth-valid/audio/vocal_acoustic_000-057-100.wav,46,vocal_acoustic_000,10,vocal,0,acoustic,57,100,16000,reverb
32.94923,2.2493918,string_acoustic_056-037-100,string_acoustic_056-037-100,/root/autodl-tmp/tokenizer-eval/data/nsynth/nsynth-valid/audio/string_acoustic_056-037-100.wav,436,string_acoustic_056,8,string,0,acoustic,37,100,16000,fast_decay|reverb
10.03847,24.160397,guitar_acoustic_021-052-050,guitar_acoustic_021-052-050,/root/autodl-tmp/tokenizer-eval/data/nsynth/nsynth-valid/audio/guitar_acoustic_021-052-050.wav,457,guitar_acoustic_021,3,guitar,0,acoustic,52,50,16000,
76.66213,9.700082,bass_synthetic_098-047-100,bass_synthetic_098-047-100,/root/autodl-tmp/tokenizer-eval/data/nsynth/nsynth-valid/audio/bass_synthetic_098-047-100.wav,803,bass_synthetic_098,0,bass,2,synthetic,47,100,16000,distortion
31.29842,-58.501106,reed_acoustic_023-086-127,reed_acoustic_023-086-127,/root/autodl-tmp/tokenizer-eval/data/nsynth/nsynth-valid/audio/reed_acoustic_023-086-127.wav,224,reed_acoustic_023,7,reed,0,acoustic,86,127,16000,fast_decay|multiphonic|nonlinear_env
21.457396,33.609024,bass_electronic_018-042-127,bass_electronic_018-042-127,/root/autodl-tmp/tokenizer-eval/data/nsynth/nsynth-valid/audio/bass_electronic_018-042-127.wav,759,bass_electronic_018,0,bass,1,electronic,42,127,16000,
-45.80798,-11.375032,vocal_synthetic_003-070-100,vocal_synthetic_003-070-100,/root/autodl-tmp/tokenizer-eval/data/nsynth/nsynth-valid/audio/vocal_synthetic_003-070-100.wav,37,vocal_synthetic_003,10,vocal,2,synthetic,70,100,16000,bright|distortion|long_release|nonlinear_env
4.0488524,51.76015,string_acoustic_012-039-075,string_acoustic_012-039-075,/root/autodl-tmp/tokenizer-eval/data/nsynth/nsynth-valid/audio/string_acoustic_012-039-075.wav,97,string_acoustic_012,8,string,0,acoustic,39,75,16000,long_release|reverb
-7.9426537,-33.558167,brass_acoustic_046-081-100,brass_acoustic_046-081-100,/root/autodl-tmp/tokenizer-eval/data/nsynth/nsynth-valid/audio/brass_acoustic_046-081-100.wav,414,brass_acoustic_046,1,brass,0,acoustic,81,100,16000,
28.065233,-62.325268,reed_acoustic_023-089-050,reed_acoustic_023-089-050,/root/autodl-tmp/tokenizer-eval/data/nsynth/nsynth-valid/audio/reed_acoustic_023-089-050.wav,224,reed_acoustic_023,7,reed,0,acoustic,89,50,16000,fast_decay|multiphonic|nonlinear_env
10.029931,59.110577,flute_synthetic_000-033-075,flute_synthetic_000-033-075,/root/autodl-tmp/tokenizer-eval/data/nsynth/nsynth-valid/audio/flute_synthetic_000-033-075.wav,82,flute_synthetic_000,2,flute,2,synthetic,33,75,16000,distortion
31.05467,-27.040392,mallet_acoustic_062-087-050,mallet_acoustic_062-087-050,/root/autodl-tmp/tokenizer-eval/data/nsynth/nsynth-valid/audio/mallet_acoustic_062-087-050.wav,644,mallet_acoustic_062,5,mallet,0,acoustic,87,50,16000,fast_decay|multiphonic
-8.417651,-39.894405,reed_acoustic_018-082-075,reed_acoustic_018-082-075,/root/autodl-tmp/tokenizer-eval/data/nsynth/nsynth-valid/audio/reed_acoustic_018-082-075.wav,183,reed_acoustic_018,7,reed,0,acoustic,82,75,16000,
-7.651635,-34.527576,reed_acoustic_018-081-127,reed_acoustic_018-081-127,/root/autodl-tmp/tokenizer-eval/data/nsynth/nsynth-valid/audio/reed_acoustic_018-081-127.wav,183,reed_acoustic_018,7,reed,0,acoustic,81,127,16000,
-3.2973905,55.852493,flute_synthetic_000-047-100,flute_synthetic_000-047-100,/root/autodl-tmp/tokenizer-eval/data/nsynth/nsynth-valid/audio/flute_synthetic_000-047-100.wav,82,flute_synthetic_000,2,flute,2,synthetic,47,100,16000,distortion
2.8013446,-37.008953,flute_acoustic_002-088-100,flute_acoustic_002-088-100,/root/autodl-tmp/tokenizer-eval/data/nsynth/nsynth-valid/audio/flute_acoustic_002-088-100.wav,86,flute_acoustic_002,2,flute,0,acoustic,88,100,16000,reverb
29.19248,-23.245018,keyboard_electronic_002-093-050,keyboard_electronic_002-093-050,/root/autodl-tmp/tokenizer-eval/data/nsynth/nsynth-valid/audio/keyboard_electronic_002-093-050.wav,50,keyboard_electronic_002,4,keyboard,1,electronic,93,50,16000,fast_decay|percussive
-12.880446,-22.3922,reed_acoustic_011-077-050,reed_acoustic_011-077-050,/root/autodl-tmp/tokenizer-eval/data/nsynth/nsynth-valid/audio/reed_acoustic_011-077-050.wav,104,reed_acoustic_011,7,reed,0,acoustic,77,50,16000,
16.261711,-18.051203,guitar_acoustic_021-078-050,guitar_acoustic_021-078-050,/root/autodl-tmp/tokenizer-eval/data/nsynth/nsynth-valid/audio/guitar_acoustic_021-078-050.wav,457,guitar_acoustic_021,3,guitar,0,acoustic,78,50,16000,fast_decay
-54.067127,-4.5710087,vocal_synthetic_003-060-050,vocal_synthetic_003-060-050,/root/autodl-tmp/tokenizer-eval/data/nsynth/nsynth-valid/audio/vocal_synthetic_003-060-050.wav,37,vocal_synthetic_003,10,vocal,2,synthetic,60,50,16000,bright|distortion|long_release|nonlinear_env
6.938492,36.940365,keyboard_electronic_078-045-100,keyboard_electronic_078-045-100,/root/autodl-tmp/tokenizer-eval/data/nsynth/nsynth-valid/audio/keyboard_electronic_078-045-100.wav,838,keyboard_electronic_078,4,keyboard,1,electronic,45,100,16000,bright
-31.26946,-24.808752,flute_acoustic_002-085-075,flute_acoustic_002-085-075,/root/autodl-tmp/tokenizer-eval/data/nsynth/nsynth-valid/audio/flute_acoustic_002-085-075.wav,86,flute_acoustic_002,2,flute,0,acoustic,85,75,16000,long_release|reverb
-55.6484,-15.730418,vocal_synthetic_003-077-050,vocal_synthetic_003-077-050,/root/autodl-tmp/tokenizer-eval/data/nsynth/nsynth-valid/audio/vocal_synthetic_003-077-050.wav,37,vocal_synthetic_003,10,vocal,2,synthetic,77,50,16000,bright|distortion|long_release|nonlinear_env
-35.347446,1.2959783,string_acoustic_057-056-025,string_acoustic_057-056-025,/root/autodl-tmp/tokenizer-eval/data/nsynth/nsynth-valid/audio/string_acoustic_057-056-025.wav,450,string_acoustic_057,8,string,0,acoustic,56,25,16000,nonlinear_env|reverb
3.7340984,30.72184,guitar_acoustic_015-048-050,guitar_acoustic_015-048-050,/root/autodl-tmp/tokenizer-eval/data/nsynth/nsynth-valid/audio/guitar_acoustic_015-048-050.wav,316,guitar_acoustic_015,3,guitar,0,acoustic,48,50,16000,reverb
33.07492,-27.031837,mallet_acoustic_062-077-025,mallet_acoustic_062-077-025,/root/autodl-tmp/tokenizer-eval/data/nsynth/nsynth-valid/audio/mallet_acoustic_062-077-025.wav,644,mallet_acoustic_062,5,mallet,0,acoustic,77,25,16000,fast_decay|multiphonic|percussive
33.690765,16.34106,mallet_acoustic_062-051-025,mallet_acoustic_062-051-025,/root/autodl-tmp/tokenizer-eval/data/nsynth/nsynth-valid/audio/mallet_acoustic_062-051-025.wav,644,mallet_acoustic_062,5,mallet,0,acoustic,51,25,16000,dark|fast_decay|multiphonic
-19.205421,-36.514553,organ_electronic_057-080-025,organ_electronic_057-080-025,/root/autodl-tmp/tokenizer-eval/data/nsynth/nsynth-valid/audio/organ_electronic_057-080-025.wav,701,organ_electronic_057,6,organ,1,electronic,80,25,16000,
79.35488,9.6801605,bass_synthetic_098-089-100,bass_synthetic_098-089-100,/root/autodl-tmp/tokenizer-eval/data/nsynth/nsynth-valid/audio/bass_synthetic_098-089-100.wav,803,bass_synthetic_098,0,bass,2,synthetic,89,100,16000,
-24.788502,-27.593985,reed_acoustic_018-084-127,reed_acoustic_018-084-127,/root/autodl-tmp/tokenizer-eval/data/nsynth/nsynth-valid/audio/reed_acoustic_018-084-127.wav,183,reed_acoustic_018,7,reed,0,acoustic,84,127,16000,
16.087662,29.651377,keyboard_electronic_003-046-075,keyboard_electronic_003-046-075,/root/autodl-tmp/tokenizer-eval/data/nsynth/nsynth-valid/audio/keyboard_electronic_003-046-075.wav,65,keyboard_electronic_003,4,keyboard,1,electronic,46,75,16000,distortion
77.48328,9.877653,bass_synthetic_098-056-127,bass_synthetic_098-056-127,/root/autodl-tmp/tokenizer-eval/data/nsynth/nsynth-valid/audio/bass_synthetic_098-056-127.wav,803,bass_synthetic_098,0,bass,2,synthetic,56,127,16000,distortion
33.44852,1.281339,string_acoustic_056-048-100,string_acoustic_056-048-100,/root/autodl-tmp/tokenizer-eval/data/nsynth/nsynth-valid/audio/string_acoustic_056-048-100.wav,436,string_acoustic_056,8,string,0,acoustic,48,100,16000,fast_decay|reverb
18.07231,3.2722416,mallet_acoustic_062-063-127,mallet_acoustic_062-063-127,/root/autodl-tmp/tokenizer-eval/data/nsynth/nsynth-valid/audio/mallet_acoustic_062-063-127.wav,644,mallet_acoustic_062,5,mallet,0,acoustic,63,127,16000,dark|long_release|multiphonic
-42.59328,-19.230246,organ_electronic_007-073-050,organ_electronic_007-073-050,/root/autodl-tmp/tokenizer-eval/data/nsynth/nsynth-valid/audio/organ_electronic_007-073-050.wav,123,organ_electronic_007,6,organ,1,electronic,73,50,16000,distortion|long_release|nonlinear_env
-48.59319,-22.944447,organ_electronic_007-087-050,organ_electronic_007-087-050,/root/autodl-tmp/tokenizer-eval/data/nsynth/nsynth-valid/audio/organ_electronic_007-087-050.wav,123,organ_electronic_007,6,organ,1,electronic,87,50,16000,long_release|nonlinear_env
-21.28141,41.93464,reed_acoustic_037-039-025,reed_acoustic_037-039-025,/root/autodl-tmp/tokenizer-eval/data/nsynth/nsynth-valid/audio/reed_acoustic_037-039-025.wav,387,reed_acoustic_037,7,reed,0,acoustic,39,25,16000,reverb
-1.8886585,41.497746,string_acoustic_012-048-075,string_acoustic_012-048-075,/root/autodl-tmp/tokenizer-eval/data/nsynth/nsynth-valid/audio/string_acoustic_012-048-075.wav,97,string_acoustic_012,8,string,0,acoustic,48,75,16000,long_release|reverb
-4.140095,9.508864,organ_electronic_028-063-100,organ_electronic_028-063-100,/root/autodl-tmp/tokenizer-eval/data/nsynth/nsynth-valid/audio/organ_electronic_028-063-100.wav,440,organ_electronic_028,6,organ,1,electronic,63,100,16000,dark
24.488115,36.91165,bass_electronic_027-039-075,bass_electronic_027-039-075,/root/autodl-tmp/tokenizer-eval/data/nsynth/nsynth-valid/audio/bass_electronic_027-039-075.wav,880,bass_electronic_027,0,bass,1,electronic,39,75,16000,
-55.514896,-7.880035,vocal_synthetic_003-058-127,vocal_synthetic_003-058-127,/root/autodl-tmp/tokenizer-eval/data/nsynth/nsynth-valid/audio/vocal_synthetic_003-058-127.wav,37,vocal_synthetic_003,10,vocal,2,synthetic,58,127,16000,bright|distortion|long_release|nonlinear_env
17.405602,16.432016,bass_synthetic_068-055-127,bass_synthetic_068-055-127,/root/autodl-tmp/tokenizer-eval/data/nsynth/nsynth-valid/audio/bass_synthetic_068-055-127.wav,656,bass_synthetic_068,0,bass,2,synthetic,55,127,16000,dark|distortion
27.069977,26.103542,guitar_acoustic_030-045-025,guitar_acoustic_030-045-025,/root/autodl-tmp/tokenizer-eval/data/nsynth/nsynth-valid/audio/guitar_acoustic_030-045-025.wav,642,guitar_acoustic_030,3,guitar,0,acoustic,45,25,16000,tempo-synced
43.24482,-14.013703,mallet_acoustic_047-067-025,mallet_acoustic_047-067-025,/root/autodl-tmp/tokenizer-eval/data/nsynth/nsynth-valid/audio/mallet_acoustic_047-067-025.wav,488,mallet_acoustic_047,5,mallet,0,acoustic,67,25,16000,fast_decay|percussive|reverb
-56.0468,-36.569656,vocal_synthetic_003-096-127,vocal_synthetic_003-096-127,/root/autodl-tmp/tokenizer-eval/data/nsynth/nsynth-valid/audio/vocal_synthetic_003-096-127.wav,37,vocal_synthetic_003,10,vocal,2,synthetic,96,127,16000,bright|distortion|long_release|nonlinear_env
34.991726,23.390606,mallet_acoustic_062-043-075,mallet_acoustic_062-043-075,/root/autodl-tmp/tokenizer-eval/data/nsynth/nsynth-valid/audio/mallet_acoustic_062-043-075.wav,644,mallet_acoustic_062,5,mallet,0,acoustic,43,75,16000,dark|multiphonic
14.3043,1.4566559,keyboard_electronic_098-065-025,keyboard_electronic_098-065-025,/root/autodl-tmp/tokenizer-eval/data/nsynth/nsynth-valid/audio/keyboard_electronic_098-065-025.wav,905,keyboard_electronic_098,4,keyboard,1,electronic,65,25,16000,
4.4722776,-11.68302,guitar_acoustic_015-072-075,guitar_acoustic_015-072-075,/root/autodl-tmp/tokenizer-eval/data/nsynth/nsynth-valid/audio/guitar_acoustic_015-072-075.wav,316,guitar_acoustic_015,3,guitar,0,acoustic,72,75,16000,reverb
-31.462076,10.19248,vocal_acoustic_000-050-075,vocal_acoustic_000-050-075,/root/autodl-tmp/tokenizer-eval/data/nsynth/nsynth-valid/audio/vocal_acoustic_000-050-075.wav,46,vocal_acoustic_000,10,vocal,0,acoustic,50,75,16000,reverb
-13.522331,-7.541647,brass_acoustic_059-056-100,brass_acoustic_059-056-100,/root/autodl-tmp/tokenizer-eval/data/nsynth/nsynth-valid/audio/brass_acoustic_059-056-100.wav,572,brass_acoustic_059,1,brass,0,acoustic,56,100,16000,reverb
3.7727468,-38.568756,guitar_acoustic_010-088-075,guitar_acoustic_010-088-075,/root/autodl-tmp/tokenizer-eval/data/nsynth/nsynth-valid/audio/guitar_acoustic_010-088-075.wav,219,guitar_acoustic_010,3,guitar,0,acoustic,88,75,16000,
38.367886,-60.73097,reed_acoustic_023-062-025,reed_acoustic_023-062-025,/root/autodl-tmp/tokenizer-eval/data/nsynth/nsynth-valid/audio/reed_acoustic_023-062-025.wav,224,reed_acoustic_023,7,reed,0,acoustic,62,25,16000,bright|fast_decay|multiphonic|nonlinear_env
24.5866,46.327473,guitar_electronic_022-033-100,guitar_electronic_022-033-100,/root/autodl-tmp/tokenizer-eval/data/nsynth/nsynth-valid/audio/guitar_electronic_022-033-100.wav,378,guitar_electronic_022,3,guitar,1,electronic,33,100,16000,dark
-52.18665,-16.976393,vocal_synthetic_003-076-127,vocal_synthetic_003-076-127,/root/autodl-tmp/tokenizer-eval/data/nsynth/nsynth-valid/audio/vocal_synthetic_003-076-127.wav,37,vocal_synthetic_003,10,vocal,2,synthetic,76,127,16000,bright|distortion|long_release|nonlinear_env
3.135982,56.422626,organ_electronic_028-039-075,organ_electronic_028-039-075,/root/autodl-tmp/tokenizer-eval/data/nsynth/nsynth-valid/audio/organ_electronic_028-039-075.wav,440,organ_electronic_028,6,organ,1,electronic,39,75,16000,dark
-21.798763,45.122692,reed_acoustic_037-032-075,reed_acoustic_037-032-075,/root/autodl-tmp/tokenizer-eval/data/nsynth/nsynth-valid/audio/reed_acoustic_037-032-075.wav,387,reed_acoustic_037,7,reed,0,acoustic,32,75,16000,long_release|reverb
-33.90282,51.93908,vocal_synthetic_003-037-075,vocal_synthetic_003-037-075,/root/autodl-tmp/tokenizer-eval/data/nsynth/nsynth-valid/audio/vocal_synthetic_003-037-075.wav,37,vocal_synthetic_003,10,vocal,2,synthetic,37,75,16000,distortion|long_release|nonlinear_env
0.92339987,-39.915874,flute_acoustic_002-089-075,flute_acoustic_002-089-075,/root/autodl-tmp/tokenizer-eval/data/nsynth/nsynth-valid/audio/flute_acoustic_002-089-075.wav,86,flute_acoustic_002,2,flute,0,acoustic,89,75,16000,long_release|reverb
76.04706,8.440304,bass_synthetic_098-053-025,bass_synthetic_098-053-025,/root/autodl-tmp/tokenizer-eval/data/nsynth/nsynth-valid/audio/bass_synthetic_098-053-025.wav,803,bass_synthetic_098,0,bass,2,synthetic,53,25,16000,dark
23.855951,31.890558,keyboard_acoustic_004-042-025,keyboard_acoustic_004-042-025,/root/autodl-tmp/tokenizer-eval/data/nsynth/nsynth-valid/audio/keyboard_acoustic_004-042-025.wav,327,keyboard_acoustic_004,4,keyboard,0,acoustic,42,25,16000,dark|reverb
-15.05217,-13.11012,reed_acoustic_011-075-127,reed_acoustic_011-075-127,/root/autodl-tmp/tokenizer-eval/data/nsynth/nsynth-valid/audio/reed_acoustic_011-075-127.wav,104,reed_acoustic_011,7,reed,0,acoustic,75,127,16000,
-39.16111,35.995525,bass_synthetic_009-051-075,bass_synthetic_009-051-075,/root/autodl-tmp/tokenizer-eval/data/nsynth/nsynth-valid/audio/bass_synthetic_009-051-075.wav,150,bass_synthetic_009,0,bass,2,synthetic,51,75,16000,bright|distortion|long_release
42.117756,0.52303743,mallet_acoustic_047-076-075,mallet_acoustic_047-076-075,/root/autodl-tmp/tokenizer-eval/data/nsynth/nsynth-valid/audio/mallet_acoustic_047-076-075.wav,488,mallet_acoustic_047,5,mallet,0,acoustic,76,75,16000,percussive|reverb
2.0477579,-40.397697,organ_electronic_028-089-025,organ_electronic_028-089-025,/root/autodl-tmp/tokenizer-eval/data/nsynth/nsynth-valid/audio/organ_electronic_028-089-025.wav,440,organ_electronic_028,6,organ,1,electronic,89,25,16000,
6.883152,-17.163519,keyboard_electronic_002-074-075,keyboard_electronic_002-074-075,/root/autodl-tmp/tokenizer-eval/data/nsynth/nsynth-valid/audio/keyboard_electronic_002-074-075.wav,50,keyboard_electronic_002,4,keyboard,1,electronic,74,75,16000,
7.9717436,-3.5947762,guitar_acoustic_010-068-100,guitar_acoustic_010-068-100,/root/autodl-tmp/tokenizer-eval/data/nsynth/nsynth-valid/audio/guitar_acoustic_010-068-100.wav,219,guitar_acoustic_010,3,guitar,0,acoustic,68,100,16000,
36.999844,2.933941,string_acoustic_014-064-100,string_acoustic_014-064-100,/root/autodl-tmp/tokenizer-eval/data/nsynth/nsynth-valid/audio/string_acoustic_014-064-100.wav,100,string_acoustic_014,8,string,0,acoustic,64,100,16000,fast_decay|percussive|reverb
32.746166,-13.043693,string_acoustic_056-074-127,string_acoustic_056-074-127,/root/autodl-tmp/tokenizer-eval/data/nsynth/nsynth-valid/audio/string_acoustic_056-074-127.wav,436,string_acoustic_056,8,string,0,acoustic,74,127,16000,fast_decay|percussive|reverb
35.087677,20.807722,mallet_acoustic_062-045-050,mallet_acoustic_062-045-050,/root/autodl-tmp/tokenizer-eval/data/nsynth/nsynth-valid/audio/mallet_acoustic_062-045-050.wav,644,mallet_acoustic_062,5,mallet,0,acoustic,45,50,16000,dark|multiphonic
-18.620823,-37.72586,organ_electronic_057-081-075,organ_electronic_057-081-075,/root/autodl-tmp/tokenizer-eval/data/nsynth/nsynth-valid/audio/organ_electronic_057-081-075.wav,701,organ_electronic_057,6,organ,1,electronic,81,75,16000,
32.982483,-14.476362,string_acoustic_056-073-100,string_acoustic_056-073-100,/root/autodl-tmp/tokenizer-eval/data/nsynth/nsynth-valid/audio/string_acoustic_056-073-100.wav,436,string_acoustic_056,8,string,0,acoustic,73,100,16000,fast_decay|percussive|reverb
13.262035,27.2229,bass_synthetic_034-051-050,bass_synthetic_034-051-050,/root/autodl-tmp/tokenizer-eval/data/nsynth/nsynth-valid/audio/bass_synthetic_034-051-050.wav,420,bass_synthetic_034,0,bass,2,synthetic,51,50,16000,distortion|tempo-synced
-55.45089,-33.870255,vocal_synthetic_003-094-075,vocal_synthetic_003-094-075,/root/autodl-tmp/tokenizer-eval/data/nsynth/nsynth-valid/audio/vocal_synthetic_003-094-075.wav,37,vocal_synthetic_003,10,vocal,2,synthetic,94,75,16000,long_release|nonlinear_env
-20.050241,-43.6692,string_acoustic_057-095-100,string_acoustic_057-095-100,/root/autodl-tmp/tokenizer-eval/data/nsynth/nsynth-valid/audio/string_acoustic_057-095-100.wav,450,string_acoustic_057,8,string,0,acoustic,95,100,16000,nonlinear_env|reverb
77.63248,10.680605,bass_synthetic_098-069-127,bass_synthetic_098-069-127,/root/autodl-tmp/tokenizer-eval/data/nsynth/nsynth-valid/audio/bass_synthetic_098-069-127.wav,803,bass_synthetic_098,0,bass,2,synthetic,69,127,16000,
-11.915713,3.628447,brass_acoustic_046-064-025,brass_acoustic_046-064-025,/root/autodl-tmp/tokenizer-eval/data/nsynth/nsynth-valid/audio/brass_acoustic_046-064-025.wav,414,brass_acoustic_046,1,brass,0,acoustic,64,25,16000,
-5.4380026,15.518549,organ_electronic_104-044-075,organ_electronic_104-044-075,/root/autodl-tmp/tokenizer-eval/data/nsynth/nsynth-valid/audio/organ_electronic_104-044-075.wav,921,organ_electronic_104,6,organ,1,electronic,44,75,16000,
54.315693,-15.084719,bass_synthetic_134-080-075,bass_synthetic_134-080-075,/root/autodl-tmp/tokenizer-eval/data/nsynth/nsynth-valid/audio/bass_synthetic_134-080-075.wav,914,bass_synthetic_134,0,bass,2,synthetic,80,75,16000,fast_decay|percussive|reverb
0.63942116,46.949272,string_acoustic_012-045-075,string_acoustic_012-045-075,/root/autodl-tmp/tokenizer-eval/data/nsynth/nsynth-valid/audio/string_acoustic_012-045-075.wav,97,string_acoustic_012,8,string,0,acoustic,45,75,16000,reverb
43.83116,-53.282307,reed_acoustic_023-037-050,reed_acoustic_023-037-050,/root/autodl-tmp/tokenizer-eval/data/nsynth/nsynth-valid/audio/reed_acoustic_023-037-050.wav,224,reed_acoustic_023,7,reed,0,acoustic,37,50,16000,bright|fast_decay|multiphonic|nonlinear_env
-8.070209,1.8659853,organ_electronic_001-077-075,organ_electronic_001-077-075,/root/autodl-tmp/tokenizer-eval/data/nsynth/nsynth-valid/audio/organ_electronic_001-077-075.wav,8,organ_electronic_001,6,organ,1,electronic,77,75,16000,
-6.4947314,44.18878,organ_electronic_028-051-100,organ_electronic_028-051-100,/root/autodl-tmp/tokenizer-eval/data/nsynth/nsynth-valid/audio/organ_electronic_028-051-100.wav,440,organ_electronic_028,6,organ,1,electronic,51,100,16000,dark
29.677631,-50.999065,keyboard_synthetic_000-079-025,keyboard_synthetic_000-079-025,/root/autodl-tmp/tokenizer-eval/data/nsynth/nsynth-valid/audio/keyboard_synthetic_000-079-025.wav,577,keyboard_synthetic_000,4,keyboard,2,synthetic,79,25,16000,distortion|fast_decay|nonlinear_env
29.976204,19.032682,mallet_acoustic_062-050-075,mallet_acoustic_062-050-075,/root/autodl-tmp/tokenizer-eval/data/nsynth/nsynth-valid/audio/mallet_acoustic_062-050-075.wav,644,mallet_acoustic_062,5,mallet,0,acoustic,50,75,16000,dark|multiphonic
-35.608242,15.242531,flute_synthetic_000-064-025,flute_synthetic_000-064-025,/root/autodl-tmp/tokenizer-eval/data/nsynth/nsynth-valid/audio/flute_synthetic_000-064-025.wav,82,flute_synthetic_000,2,flute,2,synthetic,64,25,16000,distortion
36.749676,-13.918368,mallet_acoustic_047-077-050,mallet_acoustic_047-077-050,/root/autodl-tmp/tokenizer-eval/data/nsynth/nsynth-valid/audio/mallet_acoustic_047-077-050.wav,488,mallet_acoustic_047,5,mallet,0,acoustic,77,50,16000,fast_decay|percussive|reverb
19.083025,16.690187,keyboard_electronic_003-055-050,keyboard_electronic_003-055-050,/root/autodl-tmp/tokenizer-eval/data/nsynth/nsynth-valid/audio/keyboard_electronic_003-055-050.wav,65,keyboard_electronic_003,4,keyboard,1,electronic,55,50,16000,dark
-46.69296,-15.083572,vocal_synthetic_003-072-025,vocal_synthetic_003-072-025,/root/autodl-tmp/tokenizer-eval/data/nsynth/nsynth-valid/audio/vocal_synthetic_003-072-025.wav,37,vocal_synthetic_003,10,vocal,2,synthetic,72,25,16000,bright|distortion|long_release|nonlinear_env
-20.151054,44.455776,reed_acoustic_037-035-050,reed_acoustic_037-035-050,/root/autodl-tmp/tokenizer-eval/data/nsynth/nsynth-valid/audio/reed_acoustic_037-035-050.wav,387,reed_acoustic_037,7,reed,0,acoustic,35,50,16000,reverb
-12.701629,-14.68015,organ_electronic_028-075-050,organ_electronic_028-075-050,/root/autodl-tmp/tokenizer-eval/data/nsynth/nsynth-valid/audio/organ_electronic_028-075-050.wav,440,organ_electronic_028,6,organ,1,electronic,75,50,16000,dark
17.119137,36.871216,bass_electronic_027-031-075,bass_electronic_027-031-075,/root/autodl-tmp/tokenizer-eval/data/nsynth/nsynth-valid/audio/bass_electronic_027-031-075.wav,880,bass_electronic_027,0,bass,1,electronic,31,75,16000,
-26.216743,-7.991735,reed_acoustic_011-071-075,reed_acoustic_011-071-075,/root/autodl-tmp/tokenizer-eval/data/nsynth/nsynth-valid/audio/reed_acoustic_011-071-075.wav,104,reed_acoustic_011,7,reed,0,acoustic,71,75,16000,
-52.076756,-29.976757,vocal_synthetic_003-091-100,vocal_synthetic_003-091-100,/root/autodl-tmp/tokenizer-eval/data/nsynth/nsynth-valid/audio/vocal_synthetic_003-091-100.wav,37,vocal_synthetic_003,10,vocal,2,synthetic,91,100,16000,bright|distortion|long_release|nonlinear_env
27.269712,-64.48438,reed_acoustic_023-083-127,reed_acoustic_023-083-127,/root/autodl-tmp/tokenizer-eval/data/nsynth/nsynth-valid/audio/reed_acoustic_023-083-127.wav,224,reed_acoustic_023,7,reed,0,acoustic,83,127,16000,bright|fast_decay|multiphonic|nonlinear_env
-10.213839,22.376984,organ_electronic_057-042-050,organ_electronic_057-042-050,/root/autodl-tmp/tokenizer-eval/data/nsynth/nsynth-valid/audio/organ_electronic_057-042-050.wav,701,organ_electronic_057,6,organ,1,electronic,42,50,16000,dark
-22.313318,-38.69723,organ_electronic_001-088-127,organ_electronic_001-088-127,/root/autodl-tmp/tokenizer-eval/data/nsynth/nsynth-valid/audio/organ_electronic_001-088-127.wav,8,organ_electronic_001,6,organ,1,electronic,88,127,16000,
-13.432956,-32.03367,string_acoustic_057-080-100,string_acoustic_057-080-100,/root/autodl-tmp/tokenizer-eval/data/nsynth/nsynth-valid/audio/string_acoustic_057-080-100.wav,450,string_acoustic_057,8,string,0,acoustic,80,100,16000,bright|nonlinear_env|reverb
3.044077,28.682598,guitar_electronic_028-047-075,guitar_electronic_028-047-075,/root/autodl-tmp/tokenizer-eval/data/nsynth/nsynth-valid/audio/guitar_electronic_028-047-075.wav,510,guitar_electronic_028,3,guitar,1,electronic,47,75,16000,dark
35.283978,1.245235,string_acoustic_056-039-025,string_acoustic_056-039-025,/root/autodl-tmp/tokenizer-eval/data/nsynth/nsynth-valid/audio/string_acoustic_056-039-025.wav,436,string_acoustic_056,8,string,0,acoustic,39,25,16000,fast_decay|reverb
34.519527,-1.6468602,string_acoustic_056-043-127,string_acoustic_056-043-127,/root/autodl-tmp/tokenizer-eval/data/nsynth/nsynth-valid/audio/string_acoustic_056-043-127.wav,436,string_acoustic_056,8,string,0,acoustic,43,127,16000,fast_decay|percussive|reverb
-28.853909,22.513245,flute_synthetic_000-056-025,flute_synthetic_000-056-025,/root/autodl-tmp/tokenizer-eval/data/nsynth/nsynth-valid/audio/flute_synthetic_000-056-025.wav,82,flute_synthetic_000,2,flute,2,synthetic,56,25,16000,distortion
-9.322763,0.03684628,brass_acoustic_006-065-075,brass_acoustic_006-065-075,/root/autodl-tmp/tokenizer-eval/data/nsynth/nsynth-valid/audio/brass_acoustic_006-065-075.wav,43,brass_acoustic_006,1,brass,0,acoustic,65,75,16000,reverb
-38.8972,45.166786,vocal_synthetic_003-045-127,vocal_synthetic_003-045-127,/root/autodl-tmp/tokenizer-eval/data/nsynth/nsynth-valid/audio/vocal_synthetic_003-045-127.wav,37,vocal_synthetic_003,10,vocal,2,synthetic,45,127,16000,bright|distortion|long_release|nonlinear_env
23.634218,36.433834,bass_electronic_025-040-050,bass_electronic_025-040-050,/root/autodl-tmp/tokenizer-eval/data/nsynth/nsynth-valid/audio/bass_electronic_025-040-050.wav,872,bass_electronic_025,0,bass,1,electronic,40,50,16000,
19.56124,46.29079,keyboard_electronic_069-037-075,keyboard_electronic_069-037-075,/root/autodl-tmp/tokenizer-eval/data/nsynth/nsynth-valid/audio/keyboard_electronic_069-037-075.wav,805,keyboard_electronic_069,4,keyboard,1,electronic,37,75,16000,distortion
-8.4670725,11.889006,organ_electronic_057-062-025,organ_electronic_057-062-025,/root/autodl-tmp/tokenizer-eval/data/nsynth/nsynth-valid/audio/organ_electronic_057-062-025.wav,701,organ_electronic_057,6,organ,1,electronic,62,25,16000,dark
-22.566324,49.82639,brass_acoustic_006-039-050,brass_acoustic_006-039-050,/root/autodl-tmp/tokenizer-eval/data/nsynth/nsynth-valid/audio/brass_acoustic_006-039-050.wav,43,brass_acoustic_006,1,brass,0,acoustic,39,50,16000,long_release|reverb
13.101056,6.521082,guitar_acoustic_015-062-127,guitar_acoustic_015-062-127,/root/autodl-tmp/tokenizer-eval/data/nsynth/nsynth-valid/audio/guitar_acoustic_015-062-127.wav,316,guitar_acoustic_015,3,guitar,0,acoustic,62,127,16000,reverb
1.7684879,19.060654,brass_acoustic_015-046-100,brass_acoustic_015-046-100,/root/autodl-tmp/tokenizer-eval/data/nsynth/nsynth-valid/audio/brass_acoustic_015-046-100.wav,121,brass_acoustic_015,1,brass,0,acoustic,46,100,16000,reverb
-9.431753,40.637833,brass_acoustic_006-051-050,brass_acoustic_006-051-050,/root/autodl-tmp/tokenizer-eval/data/nsynth/nsynth-valid/audio/brass_acoustic_006-051-050.wav,43,brass_acoustic_006,1,brass,0,acoustic,51,50,16000,reverb
-56.278675,-8.571147,vocal_synthetic_003-058-025,vocal_synthetic_003-058-025,/root/autodl-tmp/tokenizer-eval/data/nsynth/nsynth-valid/audio/vocal_synthetic_003-058-025.wav,37,vocal_synthetic_003,10,vocal,2,synthetic,58,25,16000,bright|distortion|long_release|nonlinear_env
5.3454347,-14.413011,guitar_acoustic_014-073-025,guitar_acoustic_014-073-025,/root/autodl-tmp/tokenizer-eval/data/nsynth/nsynth-valid/audio/guitar_acoustic_014-073-025.wav,263,guitar_acoustic_014,3,guitar,0,acoustic,73,25,16000,
61.210995,-16.22012,guitar_acoustic_030-085-025,guitar_acoustic_030-085-025,/root/autodl-tmp/tokenizer-eval/data/nsynth/nsynth-valid/audio/guitar_acoustic_030-085-025.wav,642,guitar_acoustic_030,3,guitar,0,acoustic,85,25,16000,fast_decay|percussive|tempo-synced
27.198124,25.065777,keyboard_acoustic_004-047-025,keyboard_acoustic_004-047-025,/root/autodl-tmp/tokenizer-eval/data/nsynth/nsynth-valid/audio/keyboard_acoustic_004-047-025.wav,327,keyboard_acoustic_004,4,keyboard,0,acoustic,47,25,16000,dark|reverb
18.31135,21.935286,bass_synthetic_135-054-127,bass_synthetic_135-054-127,/root/autodl-tmp/tokenizer-eval/data/nsynth/nsynth-valid/audio/bass_synthetic_135-054-127.wav,927,bass_synthetic_135,0,bass,2,synthetic,54,127,16000,distortion
-13.51722,40.434048,brass_acoustic_006-045-075,brass_acoustic_006-045-075,/root/autodl-tmp/tokenizer-eval/data/nsynth/nsynth-valid/audio/brass_acoustic_006-045-075.wav,43,brass_acoustic_006,1,brass,0,acoustic,45,75,16000,reverb
-18.30239,49.43176,brass_acoustic_006-040-100,brass_acoustic_006-040-100,/root/autodl-tmp/tokenizer-eval/data/nsynth/nsynth-valid/audio/brass_acoustic_006-040-100.wav,43,brass_acoustic_006,1,brass,0,acoustic,40,100,16000,reverb
34.982784,-62.162357,reed_acoustic_023-078-050,reed_acoustic_023-078-050,/root/autodl-tmp/tokenizer-eval/data/nsynth/nsynth-valid/audio/reed_acoustic_023-078-050.wav,224,reed_acoustic_023,7,reed,0,acoustic,78,50,16000,bright|fast_decay|multiphonic|nonlinear_env
-48.698627,-31.115856,organ_electronic_007-090-075,organ_electronic_007-090-075,/root/autodl-tmp/tokenizer-eval/data/nsynth/nsynth-valid/audio/organ_electronic_007-090-075.wav,123,organ_electronic_007,6,organ,1,electronic,90,75,16000,long_release|nonlinear_env
-14.747282,-28.161222,brass_acoustic_006-078-025,brass_acoustic_006-078-025,/root/autodl-tmp/tokenizer-eval/data/nsynth/nsynth-valid/audio/brass_acoustic_006-078-025.wav,43,brass_acoustic_006,1,brass,0,acoustic,78,25,16000,reverb
12.772543,46.792732,guitar_acoustic_021-039-050,guitar_acoustic_021-039-050,/root/autodl-tmp/tokenizer-eval/data/nsynth/nsynth-valid/audio/guitar_acoustic_021-039-050.wav,457,guitar_acoustic_021,3,guitar,0,acoustic,39,50,16000,
-13.265506,39.854813,brass_acoustic_059-045-100,brass_acoustic_059-045-100,/root/autodl-tmp/tokenizer-eval/data/nsynth/nsynth-valid/audio/brass_acoustic_059-045-100.wav,572,brass_acoustic_059,1,brass,0,acoustic,45,100,16000,reverb
-13.657879,-20.002794,guitar_acoustic_010-076-100,guitar_acoustic_010-076-100,/root/autodl-tmp/tokenizer-eval/data/nsynth/nsynth-valid/audio/guitar_acoustic_010-076-100.wav,219,guitar_acoustic_010,3,guitar,0,acoustic,76,100,16000,
-9.91456,-14.850539,flute_synthetic_000-074-025,flute_synthetic_000-074-025,/root/autodl-tmp/tokenizer-eval/data/nsynth/nsynth-valid/audio/flute_synthetic_000-074-025.wav,82,flute_synthetic_000,2,flute,2,synthetic,74,25,16000,distortion
-15.590515,17.567083,organ_electronic_057-055-127,organ_electronic_057-055-127,/root/autodl-tmp/tokenizer-eval/data/nsynth/nsynth-valid/audio/organ_electronic_057-055-127.wav,701,organ_electronic_057,6,organ,1,electronic,55,127,16000,dark
60.533524,-15.8143835,mallet_acoustic_056-041-075,mallet_acoustic_056-041-075,/root/autodl-tmp/tokenizer-eval/data/nsynth/nsynth-valid/audio/mallet_acoustic_056-041-075.wav,590,mallet_acoustic_056,5,mallet,0,acoustic,41,75,16000,fast_decay|percussive
-35.380707,18.32068,flute_synthetic_000-062-050,flute_synthetic_000-062-050,/root/autodl-tmp/tokenizer-eval/data/nsynth/nsynth-valid/audio/flute_synthetic_000-062-050.wav,82,flute_synthetic_000,2,flute,2,synthetic,62,50,16000,distortion
24.172934,28.617023,bass_synthetic_068-044-025,bass_synthetic_068-044-025,/root/autodl-tmp/tokenizer-eval/data/nsynth/nsynth-valid/audio/bass_synthetic_068-044-025.wav,656,bass_synthetic_068,0,bass,2,synthetic,44,25,16000,dark
-11.686707,-34.532322,string_acoustic_057-081-100,string_acoustic_057-081-100,/root/autodl-tmp/tokenizer-eval/data/nsynth/nsynth-valid/audio/string_acoustic_057-081-100.wav,450,string_acoustic_057,8,string,0,acoustic,81,100,16000,bright|nonlinear_env|reverb
32.782906,23.398731,mallet_acoustic_062-045-127,mallet_acoustic_062-045-127,/root/autodl-tmp/tokenizer-eval/data/nsynth/nsynth-valid/audio/mallet_acoustic_062-045-127.wav,644,mallet_acoustic_062,5,mallet,0,acoustic,45,127,16000,dark|long_release|multiphonic
-88.89749,29.083004,brass_acoustic_046-092-100,brass_acoustic_046-092-100,/root/autodl-tmp/tokenizer-eval/data/nsynth/nsynth-valid/audio/brass_acoustic_046-092-100.wav,414,brass_acoustic_046,1,brass,0,acoustic,92,100,16000,long_release
41.82469,-57.509117,reed_acoustic_023-048-025,reed_acoustic_023-048-025,/root/autodl-tmp/tokenizer-eval/data/nsynth/nsynth-valid/audio/reed_acoustic_023-048-025.wav,224,reed_acoustic_023,7,reed,0,acoustic,48,25,16000,bright|fast_decay|multiphonic|nonlinear_env
64.113106,-12.407829,mallet_acoustic_056-056-050,mallet_acoustic_056-056-050,/root/autodl-tmp/tokenizer-eval/data/nsynth/nsynth-valid/audio/mallet_acoustic_056-056-050.wav,590,mallet_acoustic_056,5,mallet,0,acoustic,56,50,16000,fast_decay|percussive
34.90234,-4.7800994,string_acoustic_056-056-050,string_acoustic_056-056-050,/root/autodl-tmp/tokenizer-eval/data/nsynth/nsynth-valid/audio/string_acoustic_056-056-050.wav,436,string_acoustic_056,8,string,0,acoustic,56,50,16000,fast_decay|percussive|reverb
-12.700299,-14.666648,organ_electronic_028-075-025,organ_electronic_028-075-025,/root/autodl-tmp/tokenizer-eval/data/nsynth/nsynth-valid/audio/organ_electronic_028-075-025.wav,440,organ_electronic_028,6,organ,1,electronic,75,25,16000,dark
-40.199406,47.33419,vocal_synthetic_003-044-100,vocal_synthetic_003-044-100,/root/autodl-tmp/tokenizer-eval/data/nsynth/nsynth-valid/audio/vocal_synthetic_003-044-100.wav,37,vocal_synthetic_003,10,vocal,2,synthetic,44,100,16000,bright|distortion|long_release|nonlinear_env
14.285755,-27.191938,keyboard_electronic_078-083-127,keyboard_electronic_078-083-127,/root/autodl-tmp/tokenizer-eval/data/nsynth/nsynth-valid/audio/keyboard_electronic_078-083-127.wav,838,keyboard_electronic_078,4,keyboard,1,electronic,83,127,16000,bright
-40.561398,-29.293625,brass_acoustic_016-055-127,brass_acoustic_016-055-127,/root/autodl-tmp/tokenizer-eval/data/nsynth/nsynth-valid/audio/brass_acoustic_016-055-127.wav,128,brass_acoustic_016,1,brass,0,acoustic,55,127,16000,
-48.604,-22.93798,organ_electronic_007-087-025,organ_electronic_007-087-025,/root/autodl-tmp/tokenizer-eval/data/nsynth/nsynth-valid/audio/organ_electronic_007-087-025.wav,123,organ_electronic_007,6,organ,1,electronic,87,25,16000,long_release|nonlinear_env
15.663166,27.065092,keyboard_electronic_003-049-025,keyboard_electronic_003-049-025,/root/autodl-tmp/tokenizer-eval/data/nsynth/nsynth-valid/audio/keyboard_electronic_003-049-025.wav,65,keyboard_electronic_003,4,keyboard,1,electronic,49,25,16000,dark
62.53406,-10.619598,mallet_acoustic_056-062-075,mallet_acoustic_056-062-075,/root/autodl-tmp/tokenizer-eval/data/nsynth/nsynth-valid/audio/mallet_acoustic_056-062-075.wav,590,mallet_acoustic_056,5,mallet,0,acoustic,62,75,16000,fast_decay|percussive
12.312739,-18.984503,keyboard_electronic_002-076-075,keyboard_electronic_002-076-075,/root/autodl-tmp/tokenizer-eval/data/nsynth/nsynth-valid/audio/keyboard_electronic_002-076-075.wav,50,keyboard_electronic_002,4,keyboard,1,electronic,76,75,16000,fast_decay
-11.295348,-28.037365,flute_synthetic_000-083-025,flute_synthetic_000-083-025,/root/autodl-tmp/tokenizer-eval/data/nsynth/nsynth-valid/audio/flute_synthetic_000-083-025.wav,82,flute_synthetic_000,2,flute,2,synthetic,83,25,16000,distortion
0.5413947,-48.74094,guitar_acoustic_010-094-050,guitar_acoustic_010-094-050,/root/autodl-tmp/tokenizer-eval/data/nsynth/nsynth-valid/audio/guitar_acoustic_010-094-050.wav,219,guitar_acoustic_010,3,guitar,0,acoustic,94,50,16000,
-32.704643,-47.599995,bass_synthetic_009-079-100,bass_synthetic_009-079-100,/root/autodl-tmp/tokenizer-eval/data/nsynth/nsynth-valid/audio/bass_synthetic_009-079-100.wav,150,bass_synthetic_009,0,bass,2,synthetic,79,100,16000,bright|distortion|long_release
18.879097,39.829815,keyboard_electronic_002-037-100,keyboard_electronic_002-037-100,/root/autodl-tmp/tokenizer-eval/data/nsynth/nsynth-valid/audio/keyboard_electronic_002-037-100.wav,50,keyboard_electronic_002,4,keyboard,1,electronic,37,100,16000,distortion
0.9259181,-49.39472,guitar_electronic_028-094-050,guitar_electronic_028-094-050,/root/autodl-tmp/tokenizer-eval/data/nsynth/nsynth-valid/audio/guitar_electronic_028-094-050.wav,510,guitar_electronic_028,3,guitar,1,electronic,94,50,16000,
77.723404,7.220426,bass_synthetic_098-070-025,bass_synthetic_098-070-025,/root/autodl-tmp/tokenizer-eval/data/nsynth/nsynth-valid/audio/bass_synthetic_098-070-025.wav,803,bass_synthetic_098,0,bass,2,synthetic,70,25,16000,
29.640059,36.65754,bass_synthetic_135-037-127,bass_synthetic_135-037-127,/root/autodl-tmp/tokenizer-eval/data/nsynth/nsynth-valid/audio/bass_synthetic_135-037-127.wav,927,bass_synthetic_135,0,bass,2,synthetic,37,127,16000,distortion
42.828014,-54.230595,reed_acoustic_023-040-075,reed_acoustic_023-040-075,/root/autodl-tmp/tokenizer-eval/data/nsynth/nsynth-valid/audio/reed_acoustic_023-040-075.wav,224,reed_acoustic_023,7,reed,0,acoustic,40,75,16000,bright|fast_decay|multiphonic|nonlinear_env
25.45051,21.46754,bass_electronic_025-050-127,bass_electronic_025-050-127,/root/autodl-tmp/tokenizer-eval/data/nsynth/nsynth-valid/audio/bass_electronic_025-050-127.wav,872,bass_electronic_025,0,bass,1,electronic,50,127,16000,
-8.237728,-21.950794,flute_synthetic_000-078-075,flute_synthetic_000-078-075,/root/autodl-tmp/tokenizer-eval/data/nsynth/nsynth-valid/audio/flute_synthetic_000-078-075.wav,82,flute_synthetic_000,2,flute,2,synthetic,78,75,16000,distortion
-1.6881652,-45.510338,flute_acoustic_002-092-050,flute_acoustic_002-092-050,/root/autodl-tmp/tokenizer-eval/data/nsynth/nsynth-valid/audio/flute_acoustic_002-092-050.wav,86,flute_acoustic_002,2,flute,0,acoustic,92,50,16000,reverb
37.37251,-15.426719,mallet_acoustic_047-084-050,mallet_acoustic_047-084-050,/root/autodl-tmp/tokenizer-eval/data/nsynth/nsynth-valid/audio/mallet_acoustic_047-084-050.wav,488,mallet_acoustic_047,5,mallet,0,acoustic,84,50,16000,fast_decay|percussive|reverb
-55.242287,-6.842072,vocal_synthetic_003-059-127,vocal_synthetic_003-059-127,/root/autodl-tmp/tokenizer-eval/data/nsynth/nsynth-valid/audio/vocal_synthetic_003-059-127.wav,37,vocal_synthetic_003,10,vocal,2,synthetic,59,127,16000,bright|distortion|long_release|nonlinear_env
24.464363,39.340195,bass_synthetic_033-040-050,bass_synthetic_033-040-050,/root/autodl-tmp/tokenizer-eval/data/nsynth/nsynth-valid/audio/bass_synthetic_033-040-050.wav,417,bass_synthetic_033,0,bass,2,synthetic,40,50,16000,dark
20.509756,-21.245995,guitar_acoustic_021-081-025,guitar_acoustic_021-081-025,/root/autodl-tmp/tokenizer-eval/data/nsynth/nsynth-valid/audio/guitar_acoustic_021-081-025.wav,457,guitar_acoustic_021,3,guitar,0,acoustic,81,25,16000,fast_decay|percussive
33.483635,-4.576101,string_acoustic_056-065-025,string_acoustic_056-065-025,/root/autodl-tmp/tokenizer-eval/data/nsynth/nsynth-valid/audio/string_acoustic_056-065-025.wav,436,string_acoustic_056,8,string,0,acoustic,65,25,16000,fast_decay|reverb
31.142052,-63.457787,reed_acoustic_023-087-025,reed_acoustic_023-087-025,/root/autodl-tmp/tokenizer-eval/data/nsynth/nsynth-valid/audio/reed_acoustic_023-087-025.wav,224,reed_acoustic_023,7,reed,0,acoustic,87,25,16000,fast_decay|multiphonic|nonlinear_env
42.637188,-55.662704,reed_acoustic_023-043-050,reed_acoustic_023-043-050,/root/autodl-tmp/tokenizer-eval/data/nsynth/nsynth-valid/audio/reed_acoustic_023-043-050.wav,224,reed_acoustic_023,7,reed,0,acoustic,43,50,16000,bright|fast_decay|multiphonic|nonlinear_env
-61.33481,-29.678192,vocal_synthetic_003-084-100,vocal_synthetic_003-084-100,/root/autodl-tmp/tokenizer-eval/data/nsynth/nsynth-valid/audio/vocal_synthetic_003-084-100.wav,37,vocal_synthetic_003,10,vocal,2,synthetic,84,100,16000,bright|distortion|long_release|nonlinear_env
40.77359,-58.5421,reed_acoustic_023-055-127,reed_acoustic_023-055-127,/root/autodl-tmp/tokenizer-eval/data/nsynth/nsynth-valid/audio/reed_acoustic_023-055-127.wav,224,reed_acoustic_023,7,reed,0,acoustic,55,127,16000,bright|fast_decay|multiphonic|nonlinear_env
16.656889,18.108673,bass_synthetic_134-056-075,bass_synthetic_134-056-075,/root/autodl-tmp/tokenizer-eval/data/nsynth/nsynth-valid/audio/bass_synthetic_134-056-075.wav,914,bass_synthetic_134,0,bass,2,synthetic,56,75,16000,dark|reverb
7.157939,-0.6815171,guitar_electronic_028-057-100,guitar_electronic_028-057-100,/root/autodl-tmp/tokenizer-eval/data/nsynth/nsynth-valid/audio/guitar_electronic_028-057-100.wav,510,guitar_electronic_028,3,guitar,1,electronic,57,100,16000,dark
-5.0164557,54.657948,flute_synthetic_000-048-075,flute_synthetic_000-048-075,/root/autodl-tmp/tokenizer-eval/data/nsynth/nsynth-valid/audio/flute_synthetic_000-048-075.wav,82,flute_synthetic_000,2,flute,2,synthetic,48,75,16000,distortion
37.250782,-50.564354,keyboard_synthetic_000-042-025,keyboard_synthetic_000-042-025,/root/autodl-tmp/tokenizer-eval/data/nsynth/nsynth-valid/audio/keyboard_synthetic_000-042-025.wav,577,keyboard_synthetic_000,4,keyboard,2,synthetic,42,25,16000,distortion|fast_decay|nonlinear_env
36.175632,-3.435,string_acoustic_056-059-050,string_acoustic_056-059-050,/root/autodl-tmp/tokenizer-eval/data/nsynth/nsynth-valid/audio/string_acoustic_056-059-050.wav,436,string_acoustic_056,8,string,0,acoustic,59,50,16000,fast_decay|percussive|reverb
35.065,-60.120026,reed_acoustic_023-072-025,reed_acoustic_023-072-025,/root/autodl-tmp/tokenizer-eval/data/nsynth/nsynth-valid/audio/reed_acoustic_023-072-025.wav,224,reed_acoustic_023,7,reed,0,acoustic,72,25,16000,bright|fast_decay|multiphonic|nonlinear_env
31.998777,-52.141537,keyboard_synthetic_000-066-075,keyboard_synthetic_000-066-075,/root/autodl-tmp/tokenizer-eval/data/nsynth/nsynth-valid/audio/keyboard_synthetic_000-066-075.wav,577,keyboard_synthetic_000,4,keyboard,2,synthetic,66,75,16000,distortion|fast_decay|nonlinear_env
25.621138,-59.559723,reed_acoustic_023-093-050,reed_acoustic_023-093-050,/root/autodl-tmp/tokenizer-eval/data/nsynth/nsynth-valid/audio/reed_acoustic_023-093-050.wav,224,reed_acoustic_023,7,reed,0,acoustic,93,50,16000,fast_decay|multiphonic|nonlinear_env
41.33403,21.677416,mallet_acoustic_062-031-025,mallet_acoustic_062-031-025,/root/autodl-tmp/tokenizer-eval/data/nsynth/nsynth-valid/audio/mallet_acoustic_062-031-025.wav,644,mallet_acoustic_062,5,mallet,0,acoustic,31,25,16000,dark|multiphonic
14.114476,15.058309,keyboard_electronic_002-055-127,keyboard_electronic_002-055-127,/root/autodl-tmp/tokenizer-eval/data/nsynth/nsynth-valid/audio/keyboard_electronic_002-055-127.wav,50,keyboard_electronic_002,4,keyboard,1,electronic,55,127,16000,distortion
9.408475,6.083906,guitar_electronic_028-061-025,guitar_electronic_028-061-025,/root/autodl-tmp/tokenizer-eval/data/nsynth/nsynth-valid/audio/guitar_electronic_028-061-025.wav,510,guitar_electronic_028,3,guitar,1,electronic,61,25,16000,dark
-56.07893,-35.997086,vocal_synthetic_003-095-127,vocal_synthetic_003-095-127,/root/autodl-tmp/tokenizer-eval/data/nsynth/nsynth-valid/audio/vocal_synthetic_003-095-127.wav,37,vocal_synthetic_003,10,vocal,2,synthetic,95,127,16000,bright|distortion|long_release|nonlinear_env
-5.96823,-8.021771,bass_synthetic_034-082-050,bass_synthetic_034-082-050,/root/autodl-tmp/tokenizer-eval/data/nsynth/nsynth-valid/audio/bass_synthetic_034-082-050.wav,420,bass_synthetic_034,0,bass,2,synthetic,82,50,16000,bright|distortion|tempo-synced
-0.3266695,2.7584534,keyboard_electronic_069-061-075,keyboard_electronic_069-061-075,/root/autodl-tmp/tokenizer-eval/data/nsynth/nsynth-valid/audio/keyboard_electronic_069-061-075.wav,805,keyboard_electronic_069,4,keyboard,1,electronic,61,75,16000,distortion
2.3760655,44.584435,string_acoustic_012-046-075,string_acoustic_012-046-075,/root/autodl-tmp/tokenizer-eval/data/nsynth/nsynth-valid/audio/string_acoustic_012-046-075.wav,97,string_acoustic_012,8,string,0,acoustic,46,75,16000,long_release|reverb
-20.227892,-44.003696,string_acoustic_057-095-075,string_acoustic_057-095-075,/root/autodl-tmp/tokenizer-eval/data/nsynth/nsynth-valid/audio/string_acoustic_057-095-075.wav,450,string_acoustic_057,8,string,0,acoustic,95,75,16000,nonlinear_env|reverb
-33.61583,52.675816,vocal_synthetic_003-037-025,vocal_synthetic_003-037-025,/root/autodl-tmp/tokenizer-eval/data/nsynth/nsynth-valid/audio/vocal_synthetic_003-037-025.wav,37,vocal_synthetic_003,10,vocal,2,synthetic,37,25,16000,distortion|long_release|nonlinear_env
-26.740961,10.104146,flute_synthetic_000-071-050,flute_synthetic_000-071-050,/root/autodl-tmp/tokenizer-eval/data/nsynth/nsynth-valid/audio/flute_synthetic_000-071-050.wav,82,flute_synthetic_000,2,flute,2,synthetic,71,50,16000,distortion
43.15142,-17.932535,mallet_acoustic_047-066-075,mallet_acoustic_047-066-075,/root/autodl-tmp/tokenizer-eval/data/nsynth/nsynth-valid/audio/mallet_acoustic_047-066-075.wav,488,mallet_acoustic_047,5,mallet,0,acoustic,66,75,16000,fast_decay|percussive|reverb
8.542533,-6.344826,bass_synthetic_068-069-100,bass_synthetic_068-069-100,/root/autodl-tmp/tokenizer-eval/data/nsynth/nsynth-valid/audio/bass_synthetic_068-069-100.wav,656,bass_synthetic_068,0,bass,2,synthetic,69,100,16000,
-10.302388,-18.18235,flute_synthetic_000-076-050,flute_synthetic_000-076-050,/root/autodl-tmp/tokenizer-eval/data/nsynth/nsynth-valid/audio/flute_synthetic_000-076-050.wav,82,flute_synthetic_000,2,flute,2,synthetic,76,50,16000,distortion
-51.960144,-14.237767,organ_electronic_007-064-025,organ_electronic_007-064-025,/root/autodl-tmp/tokenizer-eval/data/nsynth/nsynth-valid/audio/organ_electronic_007-064-025.wav,123,organ_electronic_007,6,organ,1,electronic,64,25,16000,distortion|long_release|nonlinear_env
-31.699438,6.77742,vocal_acoustic_000-055-127,vocal_acoustic_000-055-127,/root/autodl-tmp/tokenizer-eval/data/nsynth/nsynth-valid/audio/vocal_acoustic_000-055-127.wav,46,vocal_acoustic_000,10,vocal,0,acoustic,55,127,16000,reverb
29.437403,-63.294266,reed_acoustic_023-088-100,reed_acoustic_023-088-100,/root/autodl-tmp/tokenizer-eval/data/nsynth/nsynth-valid/audio/reed_acoustic_023-088-100.wav,224,reed_acoustic_023,7,reed,0,acoustic,88,100,16000,fast_decay|multiphonic|nonlinear_env
0.7417859,-47.992836,guitar_acoustic_010-093-075,guitar_acoustic_010-093-075,/root/autodl-tmp/tokenizer-eval/data/nsynth/nsynth-valid/audio/guitar_acoustic_010-093-075.wav,219,guitar_acoustic_010,3,guitar,0,acoustic,93,75,16000,
3.1728647,-44.628464,guitar_electronic_028-090-100,guitar_electronic_028-090-100,/root/autodl-tmp/tokenizer-eval/data/nsynth/nsynth-valid/audio/guitar_electronic_028-090-100.wav,510,guitar_electronic_028,3,guitar,1,electronic,90,100,16000,
-5.57105,51.39305,flute_synthetic_000-050-100,flute_synthetic_000-050-100,/root/autodl-tmp/tokenizer-eval/data/nsynth/nsynth-valid/audio/flute_synthetic_000-050-100.wav,82,flute_synthetic_000,2,flute,2,synthetic,50,100,16000,distortion
28.62573,32.941032,keyboard_electronic_003-032-025,keyboard_electronic_003-032-025,/root/autodl-tmp/tokenizer-eval/data/nsynth/nsynth-valid/audio/keyboard_electronic_003-032-025.wav,65,keyboard_electronic_003,4,keyboard,1,electronic,32,25,16000,dark
-19.249243,49.879623,brass_acoustic_059-040-075,brass_acoustic_059-040-075,/root/autodl-tmp/tokenizer-eval/data/nsynth/nsynth-valid/audio/brass_acoustic_059-040-075.wav,572,brass_acoustic_059,1,brass,0,acoustic,40,75,16000,bright|reverb
-32.253944,2.415627,string_acoustic_057-067-050,string_acoustic_057-067-050,/root/autodl-tmp/tokenizer-eval/data/nsynth/nsynth-valid/audio/string_acoustic_057-067-050.wav,450,string_acoustic_057,8,string,0,acoustic,67,50,16000,bright|nonlinear_env|reverb
24.145452,42.066437,guitar_electronic_028-034-050,guitar_electronic_028-034-050,/root/autodl-tmp/tokenizer-eval/data/nsynth/nsynth-valid/audio/guitar_electronic_028-034-050.wav,510,guitar_electronic_028,3,guitar,1,electronic,34,50,16000,dark
24.591906,-8.998602,bass_synthetic_134-072-100,bass_synthetic_134-072-100,/root/autodl-tmp/tokenizer-eval/data/nsynth/nsynth-valid/audio/bass_synthetic_134-072-100.wav,914,bass_synthetic_134,0,bass,2,synthetic,72,100,16000,dark|fast_decay|reverb
-32.35632,-49.776897,bass_synthetic_009-087-127,bass_synthetic_009-087-127,/root/autodl-tmp/tokenizer-eval/data/nsynth/nsynth-valid/audio/bass_synthetic_009-087-127.wav,150,bass_synthetic_009,0,bass,2,synthetic,87,127,16000,long_release
27.178122,-61.118603,reed_acoustic_023-090-025,reed_acoustic_023-090-025,/root/autodl-tmp/tokenizer-eval/data/nsynth/nsynth-valid/audio/reed_acoustic_023-090-025.wav,224,reed_acoustic_023,7,reed,0,acoustic,90,25,16000,fast_decay|multiphonic|nonlinear_env
40.69189,21.257462,mallet_acoustic_062-034-025,mallet_acoustic_062-034-025,/root/autodl-tmp/tokenizer-eval/data/nsynth/nsynth-valid/audio/mallet_acoustic_062-034-025.wav,644,mallet_acoustic_062,5,mallet,0,acoustic,34,25,16000,dark|multiphonic
13.773136,-25.87397,mallet_acoustic_056-083-100,mallet_acoustic_056-083-100,/root/autodl-tmp/tokenizer-eval/data/nsynth/nsynth-valid/audio/mallet_acoustic_056-083-100.wav,590,mallet_acoustic_056,5,mallet,0,acoustic,83,100,16000,
-10.252697,16.535473,organ_electronic_057-047-050,organ_electronic_057-047-050,/root/autodl-tmp/tokenizer-eval/data/nsynth/nsynth-valid/audio/organ_electronic_057-047-050.wav,701,organ_electronic_057,6,organ,1,electronic,47,50,16000,dark
79.71099,11.384575,bass_synthetic_098-096-127,bass_synthetic_098-096-127,/root/autodl-tmp/tokenizer-eval/data/nsynth/nsynth-valid/audio/bass_synthetic_098-096-127.wav,803,bass_synthetic_098,0,bass,2,synthetic,96,127,16000,
39.614838,-61.943268,reed_acoustic_023-060-050,reed_acoustic_023-060-050,/root/autodl-tmp/tokenizer-eval/data/nsynth/nsynth-valid/audio/reed_acoustic_023-060-050.wav,224,reed_acoustic_023,7,reed,0,acoustic,60,50,16000,bright|fast_decay|multiphonic|nonlinear_env
-14.835323,16.012083,organ_electronic_057-056-050,organ_electronic_057-056-050,/root/autodl-tmp/tokenizer-eval/data/nsynth/nsynth-valid/audio/organ_electronic_057-056-050.wav,701,organ_electronic_057,6,organ,1,electronic,56,50,16000,dark
-11.108132,38.13913,reed_acoustic_011-051-025,reed_acoustic_011-051-025,/root/autodl-tmp/tokenizer-eval/data/nsynth/nsynth-valid/audio/reed_acoustic_011-051-025.wav,104,reed_acoustic_011,7,reed,0,acoustic,51,25,16000,
-20.777431,-2.2321754,flute_acoustic_002-068-075,flute_acoustic_002-068-075,/root/autodl-tmp/tokenizer-eval/data/nsynth/nsynth-valid/audio/flute_acoustic_002-068-075.wav,86,flute_acoustic_002,2,flute,0,acoustic,68,75,16000,long_release|reverb
-88.89749,29.083004,brass_acoustic_046-094-075,brass_acoustic_046-094-075,/root/autodl-tmp/tokenizer-eval/data/nsynth/nsynth-valid/audio/brass_acoustic_046-094-075.wav,414,brass_acoustic_046,1,brass,0,acoustic,94,75,16000,long_release
-8.719755,15.605721,organ_electronic_028-058-050,organ_electronic_028-058-050,/root/autodl-tmp/tokenizer-eval/data/nsynth/nsynth-valid/audio/organ_electronic_028-058-050.wav,440,organ_electronic_028,6,organ,1,electronic,58,50,16000,dark
-34.821957,6.6591387,vocal_acoustic_000-065-025,vocal_acoustic_000-065-025,/root/autodl-tmp/tokenizer-eval/data/nsynth/nsynth-valid/audio/vocal_acoustic_000-065-025.wav,46,vocal_acoustic_000,10,vocal,0,acoustic,65,25,16000,reverb
16.278616,36.845608,keyboard_electronic_098-033-025,keyboard_electronic_098-033-025,/root/autodl-tmp/tokenizer-eval/data/nsynth/nsynth-valid/audio/keyboard_electronic_098-033-025.wav,905,keyboard_electronic_098,4,keyboard,1,electronic,33,25,16000,dark
21.572039,-26.928152,mallet_acoustic_062-073-050,mallet_acoustic_062-073-050,/root/autodl-tmp/tokenizer-eval/data/nsynth/nsynth-valid/audio/mallet_acoustic_062-073-050.wav,644,mallet_acoustic_062,5,mallet,0,acoustic,73,50,16000,dark|fast_decay|multiphonic
-34.893692,-18.567228,flute_acoustic_002-073-050,flute_acoustic_002-073-050,/root/autodl-tmp/tokenizer-eval/data/nsynth/nsynth-valid/audio/flute_acoustic_002-073-050.wav,86,flute_acoustic_002,2,flute,0,acoustic,73,50,16000,long_release|reverb
-18.082392,-12.413424,brass_acoustic_006-075-127,brass_acoustic_006-075-127,/root/autodl-tmp/tokenizer-eval/data/nsynth/nsynth-valid/audio/brass_acoustic_006-075-127.wav,43,brass_acoustic_006,1,brass,0,acoustic,75,127,16000,reverb
-8.236103,-21.961895,flute_synthetic_000-078-127,flute_synthetic_000-078-127,/root/autodl-tmp/tokenizer-eval/data/nsynth/nsynth-valid/audio/flute_synthetic_000-078-127.wav,82,flute_synthetic_000,2,flute,2,synthetic,78,127,16000,distortion
-3.3344803,55.953457,flute_synthetic_000-047-127,flute_synthetic_000-047-127,/root/autodl-tmp/tokenizer-eval/data/nsynth/nsynth-valid/audio/flute_synthetic_000-047-127.wav,82,flute_synthetic_000,2,flute,2,synthetic,47,127,16000,distortion
-51.098778,-8.342189,vocal_synthetic_003-066-127,vocal_synthetic_003-066-127,/root/autodl-tmp/tokenizer-eval/data/nsynth/nsynth-valid/audio/vocal_synthetic_003-066-127.wav,37,vocal_synthetic_003,10,vocal,2,synthetic,66,127,16000,bright|distortion|long_release|nonlinear_env
-41.362175,42.546604,vocal_synthetic_003-047-025,vocal_synthetic_003-047-025,/root/autodl-tmp/tokenizer-eval/data/nsynth/nsynth-valid/audio/vocal_synthetic_003-047-025.wav,37,vocal_synthetic_003,10,vocal,2,synthetic,47,25,16000,distortion|long_release|nonlinear_env
-26.978113,10.659353,flute_synthetic_000-072-127,flute_synthetic_000-072-127,/root/autodl-tmp/tokenizer-eval/data/nsynth/nsynth-valid/audio/flute_synthetic_000-072-127.wav,82,flute_synthetic_000,2,flute,2,synthetic,72,127,16000,distortion
25.639423,-61.311424,reed_acoustic_023-091-075,reed_acoustic_023-091-075,/root/autodl-tmp/tokenizer-eval/data/nsynth/nsynth-valid/audio/reed_acoustic_023-091-075.wav,224,reed_acoustic_023,7,reed,0,acoustic,91,75,16000,fast_decay|multiphonic|nonlinear_env
25.971102,-52.643093,keyboard_synthetic_000-096-050,keyboard_synthetic_000-096-050,/root/autodl-tmp/tokenizer-eval/data/nsynth/nsynth-valid/audio/keyboard_synthetic_000-096-050.wav,577,keyboard_synthetic_000,4,keyboard,2,synthetic,96,50,16000,bright|distortion|fast_decay|nonlinear_env|percussive
-16.687536,-27.773996,string_acoustic_057-078-050,string_acoustic_057-078-050,/root/autodl-tmp/tokenizer-eval/data/nsynth/nsynth-valid/audio/string_acoustic_057-078-050.wav,450,string_acoustic_057,8,string,0,acoustic,78,50,16000,bright|nonlinear_env|reverb
-24.955341,-42.56264,string_acoustic_057-091-025,string_acoustic_057-091-025,/root/autodl-tmp/tokenizer-eval/data/nsynth/nsynth-valid/audio/string_acoustic_057-091-025.wav,450,string_acoustic_057,8,string,0,acoustic,91,25,16000,bright|nonlinear_env|reverb
-37.377068,-32.822525,brass_acoustic_016-078-075,brass_acoustic_016-078-075,/root/autodl-tmp/tokenizer-eval/data/nsynth/nsynth-valid/audio/brass_acoustic_016-078-075.wav,128,brass_acoustic_016,1,brass,0,acoustic,78,75,16000,bright
38.12146,19.359577,mallet_acoustic_062-041-025,mallet_acoustic_062-041-025,/root/autodl-tmp/tokenizer-eval/data/nsynth/nsynth-valid/audio/mallet_acoustic_062-041-025.wav,644,mallet_acoustic_062,5,mallet,0,acoustic,41,25,16000,dark|fast_decay|multiphonic
17.667965,5.4042335,keyboard_acoustic_004-063-050,keyboard_acoustic_004-063-050,/root/autodl-tmp/tokenizer-eval/data/nsynth/nsynth-valid/audio/keyboard_acoustic_004-063-050.wav,327,keyboard_acoustic_004,4,keyboard,0,acoustic,63,50,16000,dark|reverb
36.826378,20.840214,string_acoustic_014-044-050,string_acoustic_014-044-050,/root/autodl-tmp/tokenizer-eval/data/nsynth/nsynth-valid/audio/string_acoustic_014-044-050.wav,100,string_acoustic_014,8,string,0,acoustic,44,50,16000,dark|reverb
-4.4594445,-7.9764423,bass_synthetic_034-075-025,bass_synthetic_034-075-025,/root/autodl-tmp/tokenizer-eval/data/nsynth/nsynth-valid/audio/bass_synthetic_034-075-025.wav,420,bass_synthetic_034,0,bass,2,synthetic,75,25,16000,distortion|tempo-synced
-23.337702,-27.431345,keyboard_electronic_069-084-050,keyboard_electronic_069-084-050,/root/autodl-tmp/tokenizer-eval/data/nsynth/nsynth-valid/audio/keyboard_electronic_069-084-050.wav,805,keyboard_electronic_069,4,keyboard,1,electronic,84,50,16000,distortion
18.44277,45.162582,keyboard_electronic_069-041-100,keyboard_electronic_069-041-100,/root/autodl-tmp/tokenizer-eval/data/nsynth/nsynth-valid/audio/keyboard_electronic_069-041-100.wav,805,keyboard_electronic_069,4,keyboard,1,electronic,41,100,16000,distortion
-10.580838,20.004326,organ_electronic_001-038-100,organ_electronic_001-038-100,/root/autodl-tmp/tokenizer-eval/data/nsynth/nsynth-valid/audio/organ_electronic_001-038-100.wav,8,organ_electronic_001,6,organ,1,electronic,38,100,16000,dark
34.68443,-24.06126,mallet_acoustic_062-091-025,mallet_acoustic_062-091-025,/root/autodl-tmp/tokenizer-eval/data/nsynth/nsynth-valid/audio/mallet_acoustic_062-091-025.wav,644,mallet_acoustic_062,5,mallet,0,acoustic,91,25,16000,fast_decay|multiphonic|percussive
63.990276,-13.104445,mallet_acoustic_056-055-075,mallet_acoustic_056-055-075,/root/autodl-tmp/tokenizer-eval/data/nsynth/nsynth-valid/audio/mallet_acoustic_056-055-075.wav,590,mallet_acoustic_056,5,mallet,0,acoustic,55,75,16000,fast_decay|percussive
40.273537,9.12518,keyboard_acoustic_004-094-025,keyboard_acoustic_004-094-025,/root/autodl-tmp/tokenizer-eval/data/nsynth/nsynth-valid/audio/keyboard_acoustic_004-094-025.wav,327,keyboard_acoustic_004,4,keyboard,0,acoustic,94,25,16000,dark|reverb
11.379822,-19.795073,guitar_acoustic_014-076-050,guitar_acoustic_014-076-050,/root/autodl-tmp/tokenizer-eval/data/nsynth/nsynth-valid/audio/guitar_acoustic_014-076-050.wav,263,guitar_acoustic_014,3,guitar,0,acoustic,76,50,16000,
-35.575615,-35.94015,brass_acoustic_016-089-100,brass_acoustic_016-089-100,/root/autodl-tmp/tokenizer-eval/data/nsynth/nsynth-valid/audio/brass_acoustic_016-089-100.wav,128,brass_acoustic_016,1,brass,0,acoustic,89,100,16000,
-33.747894,48.31889,vocal_synthetic_003-035-127,vocal_synthetic_003-035-127,/root/autodl-tmp/tokenizer-eval/data/nsynth/nsynth-valid/audio/vocal_synthetic_003-035-127.wav,37,vocal_synthetic_003,10,vocal,2,synthetic,35,127,16000,bright|distortion|long_release|nonlinear_env
18.38081,-21.715519,keyboard_electronic_098-081-025,keyboard_electronic_098-081-025,/root/autodl-tmp/tokenizer-eval/data/nsynth/nsynth-valid/audio/keyboard_electronic_098-081-025.wav,905,keyboard_electronic_098,4,keyboard,1,electronic,81,25,16000,fast_decay
-20.283268,-45.38892,string_acoustic_057-094-025,string_acoustic_057-094-025,/root/autodl-tmp/tokenizer-eval/data/nsynth/nsynth-valid/audio/string_acoustic_057-094-025.wav,450,string_acoustic_057,8,string,0,acoustic,94,25,16000,bright|nonlinear_env|reverb
-39.44775,-26.947643,brass_acoustic_016-062-100,brass_acoustic_016-062-100,/root/autodl-tmp/tokenizer-eval/data/nsynth/nsynth-valid/audio/brass_acoustic_016-062-100.wav,128,brass_acoustic_016,1,brass,0,acoustic,62,100,16000,bright
-14.572757,-1.0829841,reed_acoustic_011-062-025,reed_acoustic_011-062-025,/root/autodl-tmp/tokenizer-eval/data/nsynth/nsynth-valid/audio/reed_acoustic_011-062-025.wav,104,reed_acoustic_011,7,reed,0,acoustic,62,25,16000,
63.24982,-11.386701,mallet_acoustic_056-059-100,mallet_acoustic_056-059-100,/root/autodl-tmp/tokenizer-eval/data/nsynth/nsynth-valid/audio/mallet_acoustic_056-059-100.wav,590,mallet_acoustic_056,5,mallet,0,acoustic,59,100,16000,fast_decay|percussive
31.182165,18.156483,mallet_acoustic_062-050-050,mallet_acoustic_062-050-050,/root/autodl-tmp/tokenizer-eval/data/nsynth/nsynth-valid/audio/mallet_acoustic_062-050-050.wav,644,mallet_acoustic_062,5,mallet,0,acoustic,50,50,16000,dark|multiphonic
26.941082,22.481905,string_acoustic_014-049-050,string_acoustic_014-049-050,/root/autodl-tmp/tokenizer-eval/data/nsynth/nsynth-valid/audio/string_acoustic_014-049-050.wav,100,string_acoustic_014,8,string,0,acoustic,49,50,16000,dark|reverb
-28.70951,-15.731755,brass_acoustic_015-072-100,brass_acoustic_015-072-100,/root/autodl-tmp/tokenizer-eval/data/nsynth/nsynth-valid/audio/brass_acoustic_015-072-100.wav,121,brass_acoustic_015,1,brass,0,acoustic,72,100,16000,reverb
-17.007816,-12.26118,reed_acoustic_037-075-127,reed_acoustic_037-075-127,/root/autodl-tmp/tokenizer-eval/data/nsynth/nsynth-valid/audio/reed_acoustic_037-075-127.wav,387,reed_acoustic_037,7,reed,0,acoustic,75,127,16000,reverb
8.739588,-18.671295,keyboard_electronic_098-075-025,keyboard_electronic_098-075-025,/root/autodl-tmp/tokenizer-eval/data/nsynth/nsynth-valid/audio/keyboard_electronic_098-075-025.wav,905,keyboard_electronic_098,4,keyboard,1,electronic,75,25,16000,
-5.186349,-7.2510037,bass_synthetic_034-070-025,bass_synthetic_034-070-025,/root/autodl-tmp/tokenizer-eval/data/nsynth/nsynth-valid/audio/bass_synthetic_034-070-025.wav,420,bass_synthetic_034,0,bass,2,synthetic,70,25,16000,distortion|tempo-synced
31.942818,-14.093227,string_acoustic_056-077-127,string_acoustic_056-077-127,/root/autodl-tmp/tokenizer-eval/data/nsynth/nsynth-valid/audio/string_acoustic_056-077-127.wav,436,string_acoustic_056,8,string,0,acoustic,77,127,16000,fast_decay|percussive|reverb
38.62861,19.55721,mallet_acoustic_062-040-025,mallet_acoustic_062-040-025,/root/autodl-tmp/tokenizer-eval/data/nsynth/nsynth-valid/audio/mallet_acoustic_062-040-025.wav,644,mallet_acoustic_062,5,mallet,0,acoustic,40,25,16000,dark|fast_decay|multiphonic
-11.138535,-42.71498,brass_acoustic_046-083-127,brass_acoustic_046-083-127,/root/autodl-tmp/tokenizer-eval/data/nsynth/nsynth-valid/audio/brass_acoustic_046-083-127.wav,414,brass_acoustic_046,1,brass,0,acoustic,83,127,16000,
16.80783,-7.205901,mallet_acoustic_062-066-075,mallet_acoustic_062-066-075,/root/autodl-tmp/tokenizer-eval/data/nsynth/nsynth-valid/audio/mallet_acoustic_062-066-075.wav,644,mallet_acoustic_062,5,mallet,0,acoustic,66,75,16000,dark|multiphonic
-6.182061,47.47769,flute_synthetic_000-051-025,flute_synthetic_000-051-025,/root/autodl-tmp/tokenizer-eval/data/nsynth/nsynth-valid/audio/flute_synthetic_000-051-025.wav,82,flute_synthetic_000,2,flute,2,synthetic,51,25,16000,distortion
-0.54618734,2.8530467,keyboard_electronic_069-062-050,keyboard_electronic_069-062-050,/root/autodl-tmp/tokenizer-eval/data/nsynth/nsynth-valid/audio/keyboard_electronic_069-062-050.wav,805,keyboard_electronic_069,4,keyboard,1,electronic,62,50,16000,distortion
0.9261922,-27.812258,guitar_acoustic_010-078-025,guitar_acoustic_010-078-025,/root/autodl-tmp/tokenizer-eval/data/nsynth/nsynth-valid/audio/guitar_acoustic_010-078-025.wav,219,guitar_acoustic_010,3,guitar,0,acoustic,78,25,16000,
-26.741184,-28.02208,brass_acoustic_006-084-050,brass_acoustic_006-084-050,/root/autodl-tmp/tokenizer-eval/data/nsynth/nsynth-valid/audio/brass_acoustic_006-084-050.wav,43,brass_acoustic_006,1,brass,0,acoustic,84,50,16000,reverb
39.295776,-16.480858,mallet_acoustic_047-082-127,mallet_acoustic_047-082-127,/root/autodl-tmp/tokenizer-eval/data/nsynth/nsynth-valid/audio/mallet_acoustic_047-082-127.wav,488,mallet_acoustic_047,5,mallet,0,acoustic,82,127,16000,fast_decay|percussive|reverb
-4.797077,-6.43914,bass_synthetic_034-066-075,bass_synthetic_034-066-075,/root/autodl-tmp/tokenizer-eval/data/nsynth/nsynth-valid/audio/bass_synthetic_034-066-075.wav,420,bass_synthetic_034,0,bass,2,synthetic,66,75,16000,distortion|tempo-synced
5.7228227,-11.93973,bass_synthetic_134-072-025,bass_synthetic_134-072-025,/root/autodl-tmp/tokenizer-eval/data/nsynth/nsynth-valid/audio/bass_synthetic_134-072-025.wav,914,bass_synthetic_134,0,bass,2,synthetic,72,25,16000,dark|reverb
27.81117,1.676829,mallet_acoustic_062-058-025,mallet_acoustic_062-058-025,/root/autodl-tmp/tokenizer-eval/data/nsynth/nsynth-valid/audio/mallet_acoustic_062-058-025.wav,644,mallet_acoustic_062,5,mallet,0,acoustic,58,25,16000,dark|fast_decay|multiphonic
9.735163,6.5380297,keyboard_electronic_098-061-100,keyboard_electronic_098-061-100,/root/autodl-tmp/tokenizer-eval/data/nsynth/nsynth-valid/audio/keyboard_electronic_098-061-100.wav,905,keyboard_electronic_098,4,keyboard,1,electronic,61,100,16000,dark
21.307922,-26.847242,keyboard_electronic_098-085-075,keyboard_electronic_098-085-075,/root/autodl-tmp/tokenizer-eval/data/nsynth/nsynth-valid/audio/keyboard_electronic_098-085-075.wav,905,keyboard_electronic_098,4,keyboard,1,electronic,85,75,16000,fast_decay
-37.8876,-30.198408,brass_acoustic_016-071-100,brass_acoustic_016-071-100,/root/autodl-tmp/tokenizer-eval/data/nsynth/nsynth-valid/audio/brass_acoustic_016-071-100.wav,128,brass_acoustic_016,1,brass,0,acoustic,71,100,16000,bright
-30.428167,6.5909967,vocal_acoustic_000-056-100,vocal_acoustic_000-056-100,/root/autodl-tmp/tokenizer-eval/data/nsynth/nsynth-valid/audio/vocal_acoustic_000-056-100.wav,46,vocal_acoustic_000,10,vocal,0,acoustic,56,100,16000,reverb
36.947998,-49.504696,keyboard_synthetic_000-051-025,keyboard_synthetic_000-051-025,/root/autodl-tmp/tokenizer-eval/data/nsynth/nsynth-valid/audio/keyboard_synthetic_000-051-025.wav,577,keyboard_synthetic_000,4,keyboard,2,synthetic,51,25,16000,distortion|fast_decay|nonlinear_env
-20.573086,-40.65578,organ_electronic_001-096-100,organ_electronic_001-096-100,/root/autodl-tmp/tokenizer-eval/data/nsynth/nsynth-valid/audio/organ_electronic_001-096-100.wav,8,organ_electronic_001,6,organ,1,electronic,96,100,16000,
-11.904425,-34.172802,string_acoustic_057-081-075,string_acoustic_057-081-075,/root/autodl-tmp/tokenizer-eval/data/nsynth/nsynth-valid/audio/string_acoustic_057-081-075.wav,450,string_acoustic_057,8,string,0,acoustic,81,75,16000,bright|nonlinear_env|reverb
13.167949,-17.802853,guitar_acoustic_014-077-127,guitar_acoustic_014-077-127,/root/autodl-tmp/tokenizer-eval/data/nsynth/nsynth-valid/audio/guitar_acoustic_014-077-127.wav,263,guitar_acoustic_014,3,guitar,0,acoustic,77,127,16000,
14.739885,1.7708294,bass_synthetic_068-065-050,bass_synthetic_068-065-050,/root/autodl-tmp/tokenizer-eval/data/nsynth/nsynth-valid/audio/bass_synthetic_068-065-050.wav,656,bass_synthetic_068,0,bass,2,synthetic,65,50,16000,
62.668617,-15.534702,mallet_acoustic_056-047-025,mallet_acoustic_056-047-025,/root/autodl-tmp/tokenizer-eval/data/nsynth/nsynth-valid/audio/mallet_acoustic_056-047-025.wav,590,mallet_acoustic_056,5,mallet,0,acoustic,47,25,16000,bright|fast_decay|percussive
-20.172712,-32.91418,organ_electronic_057-074-100,organ_electronic_057-074-100,/root/autodl-tmp/tokenizer-eval/data/nsynth/nsynth-valid/audio/organ_electronic_057-074-100.wav,701,organ_electronic_057,6,organ,1,electronic,74,100,16000,
2.9649491,61.069935,flute_synthetic_000-040-127,flute_synthetic_000-040-127,/root/autodl-tmp/tokenizer-eval/data/nsynth/nsynth-valid/audio/flute_synthetic_000-040-127.wav,82,flute_synthetic_000,2,flute,2,synthetic,40,127,16000,distortion
-17.257992,-34.009495,flute_synthetic_000-091-025,flute_synthetic_000-091-025,/root/autodl-tmp/tokenizer-eval/data/nsynth/nsynth-valid/audio/flute_synthetic_000-091-025.wav,82,flute_synthetic_000,2,flute,2,synthetic,91,25,16000,distortion
-0.42282125,60.391144,flute_synthetic_000-043-075,flute_synthetic_000-043-075,/root/autodl-tmp/tokenizer-eval/data/nsynth/nsynth-valid/audio/flute_synthetic_000-043-075.wav,82,flute_synthetic_000,2,flute,2,synthetic,43,75,16000,distortion
10.757922,-5.434506,guitar_acoustic_015-068-025,guitar_acoustic_015-068-025,/root/autodl-tmp/tokenizer-eval/data/nsynth/nsynth-valid/audio/guitar_acoustic_015-068-025.wav,316,guitar_acoustic_015,3,guitar,0,acoustic,68,25,16000,reverb
-34.695927,50.755463,vocal_synthetic_003-038-050,vocal_synthetic_003-038-050,/root/autodl-tmp/tokenizer-eval/data/nsynth/nsynth-valid/audio/vocal_synthetic_003-038-050.wav,37,vocal_synthetic_003,10,vocal,2,synthetic,38,50,16000,distortion|long_release|nonlinear_env
30.218729,20.340267,mallet_acoustic_062-049-075,mallet_acoustic_062-049-075,/root/autodl-tmp/tokenizer-eval/data/nsynth/nsynth-valid/audio/mallet_acoustic_062-049-075.wav,644,mallet_acoustic_062,5,mallet,0,acoustic,49,75,16000,dark|multiphonic
-52.320732,-29.79856,vocal_synthetic_003-091-075,vocal_synthetic_003-091-075,/root/autodl-tmp/tokenizer-eval/data/nsynth/nsynth-valid/audio/vocal_synthetic_003-091-075.wav,37,vocal_synthetic_003,10,vocal,2,synthetic,91,75,16000,long_release|nonlinear_env
1.7589865,-43.90578,bass_synthetic_135-090-050,bass_synthetic_135-090-050,/root/autodl-tmp/tokenizer-eval/data/nsynth/nsynth-valid/audio/bass_synthetic_135-090-050.wav,927,bass_synthetic_135,0,bass,2,synthetic,90,50,16000,distortion
2.9503882,64.52095,flute_synthetic_000-038-050,flute_synthetic_000-038-050,/root/autodl-tmp/tokenizer-eval/data/nsynth/nsynth-valid/audio/flute_synthetic_000-038-050.wav,82,flute_synthetic_000,2,flute,2,synthetic,38,50,16000,distortion
10.258231,-21.721357,keyboard_acoustic_004-076-100,keyboard_acoustic_004-076-100,/root/autodl-tmp/tokenizer-eval/data/nsynth/nsynth-valid/audio/keyboard_acoustic_004-076-100.wav,327,keyboard_acoustic_004,4,keyboard,0,acoustic,76,100,16000,reverb
-21.82358,-48.585945,organ_electronic_113-081-075,organ_electronic_113-081-075,/root/autodl-tmp/tokenizer-eval/data/nsynth/nsynth-valid/audio/organ_electronic_113-081-075.wav,958,organ_electronic_113,6,organ,1,electronic,81,75,16000,
-28.047215,49.407837,vocal_synthetic_003-032-025,vocal_synthetic_003-032-025,/root/autodl-tmp/tokenizer-eval/data/nsynth/nsynth-valid/audio/vocal_synthetic_003-032-025.wav,37,vocal_synthetic_003,10,vocal,2,synthetic,32,25,16000,distortion|long_release|nonlinear_env
-39.386627,36.059143,bass_synthetic_009-052-025,bass_synthetic_009-052-025,/root/autodl-tmp/tokenizer-eval/data/nsynth/nsynth-valid/audio/bass_synthetic_009-052-025.wav,150,bass_synthetic_009,0,bass,2,synthetic,52,25,16000,bright|distortion|long_release
79.569435,8.586431,bass_synthetic_098-095-075,bass_synthetic_098-095-075,/root/autodl-tmp/tokenizer-eval/data/nsynth/nsynth-valid/audio/bass_synthetic_098-095-075.wav,803,bass_synthetic_098,0,bass,2,synthetic,95,75,16000,
-49.51598,-31.371538,organ_electronic_007-091-075,organ_electronic_007-091-075,/root/autodl-tmp/tokenizer-eval/data/nsynth/nsynth-valid/audio/organ_electronic_007-091-075.wav,123,organ_electronic_007,6,organ,1,electronic,91,75,16000,long_release|nonlinear_env
-3.140185,-43.425358,flute_acoustic_002-090-050,flute_acoustic_002-090-050,/root/autodl-tmp/tokenizer-eval/data/nsynth/nsynth-valid/audio/flute_acoustic_002-090-050.wav,86,flute_acoustic_002,2,flute,0,acoustic,90,50,16000,long_release|reverb
18.899885,31.575304,keyboard_electronic_098-043-050,keyboard_electronic_098-043-050,/root/autodl-tmp/tokenizer-eval/data/nsynth/nsynth-valid/audio/keyboard_electronic_098-043-050.wav,905,keyboard_electronic_098,4,keyboard,1,electronic,43,50,16000,dark|distortion
-1.2188041,44.92911,string_acoustic_071-047-075,string_acoustic_071-047-075,/root/autodl-tmp/tokenizer-eval/data/nsynth/nsynth-valid/audio/string_acoustic_071-047-075.wav,609,string_acoustic_071,8,string,0,acoustic,47,75,16000,long_release|reverb
-24.4927,-5.812197,brass_acoustic_046-070-100,brass_acoustic_046-070-100,/root/autodl-tmp/tokenizer-eval/data/nsynth/nsynth-valid/audio/brass_acoustic_046-070-100.wav,414,brass_acoustic_046,1,brass,0,acoustic,70,100,16000,bright
-20.96329,-1.7652798,reed_acoustic_037-068-075,reed_acoustic_037-068-075,/root/autodl-tmp/tokenizer-eval/data/nsynth/nsynth-valid/audio/reed_acoustic_037-068-075.wav,387,reed_acoustic_037,7,reed,0,acoustic,68,75,16000,reverb
-60.906826,-31.852936,vocal_synthetic_003-083-050,vocal_synthetic_003-083-050,/root/autodl-tmp/tokenizer-eval/data/nsynth/nsynth-valid/audio/vocal_synthetic_003-083-050.wav,37,vocal_synthetic_003,10,vocal,2,synthetic,83,50,16000,bright|distortion|long_release|nonlinear_env
59.444565,-9.522614,mallet_acoustic_056-071-050,mallet_acoustic_056-071-050,/root/autodl-tmp/tokenizer-eval/data/nsynth/nsynth-valid/audio/mallet_acoustic_056-071-050.wav,590,mallet_acoustic_056,5,mallet,0,acoustic,71,50,16000,fast_decay
-24.114542,-0.39653453,reed_acoustic_018-069-100,reed_acoustic_018-069-100,/root/autodl-tmp/tokenizer-eval/data/nsynth/nsynth-valid/audio/reed_acoustic_018-069-100.wav,183,reed_acoustic_018,7,reed,0,acoustic,69,100,16000,
29.940819,-6.264631,string_acoustic_056-068-075,string_acoustic_056-068-075,/root/autodl-tmp/tokenizer-eval/data/nsynth/nsynth-valid/audio/string_acoustic_056-068-075.wav,436,string_acoustic_056,8,string,0,acoustic,68,75,16000,fast_decay|percussive|reverb
-12.01481,-38.24754,string_acoustic_057-082-025,string_acoustic_057-082-025,/root/autodl-tmp/tokenizer-eval/data/nsynth/nsynth-valid/audio/string_acoustic_057-082-025.wav,450,string_acoustic_057,8,string,0,acoustic,82,25,16000,bright|nonlinear_env|reverb
-32.09316,49.20787,vocal_synthetic_003-034-100,vocal_synthetic_003-034-100,/root/autodl-tmp/tokenizer-eval/data/nsynth/nsynth-valid/audio/vocal_synthetic_003-034-100.wav,37,vocal_synthetic_003,10,vocal,2,synthetic,34,100,16000,bright|distortion|long_release|nonlinear_env
-35.826054,-6.4922624,organ_electronic_113-072-025,organ_electronic_113-072-025,/root/autodl-tmp/tokenizer-eval/data/nsynth/nsynth-valid/audio/organ_electronic_113-072-025.wav,958,organ_electronic_113,6,organ,1,electronic,72,25,16000,
-13.368401,-47.91093,organ_electronic_028-096-127,organ_electronic_028-096-127,/root/autodl-tmp/tokenizer-eval/data/nsynth/nsynth-valid/audio/organ_electronic_028-096-127.wav,440,organ_electronic_028,6,organ,1,electronic,96,127,16000,bright
8.10017,9.962765,keyboard_electronic_098-048-100,keyboard_electronic_098-048-100,/root/autodl-tmp/tokenizer-eval/data/nsynth/nsynth-valid/audio/keyboard_electronic_098-048-100.wav,905,keyboard_electronic_098,4,keyboard,1,electronic,48,100,16000,dark
-5.3342576,35.305984,brass_acoustic_059-048-075,brass_acoustic_059-048-075,/root/autodl-tmp/tokenizer-eval/data/nsynth/nsynth-valid/audio/brass_acoustic_059-048-075.wav,572,brass_acoustic_059,1,brass,0,acoustic,48,75,16000,bright|reverb
41.575275,-51.923153,reed_acoustic_023-033-050,reed_acoustic_023-033-050,/root/autodl-tmp/tokenizer-eval/data/nsynth/nsynth-valid/audio/reed_acoustic_023-033-050.wav,224,reed_acoustic_023,7,reed,0,acoustic,33,50,16000,bright|fast_decay|multiphonic|nonlinear_env
37.06433,4.7727814,string_acoustic_014-061-050,string_acoustic_014-061-050,/root/autodl-tmp/tokenizer-eval/data/nsynth/nsynth-valid/audio/string_acoustic_014-061-050.wav,100,string_acoustic_014,8,string,0,acoustic,61,50,16000,dark|percussive|reverb
-32.902706,15.420279,flute_synthetic_000-065-025,flute_synthetic_000-065-025,/root/autodl-tmp/tokenizer-eval/data/nsynth/nsynth-valid/audio/flute_synthetic_000-065-025.wav,82,flute_synthetic_000,2,flute,2,synthetic,65,25,16000,distortion
23.680805,28.3105,bass_synthetic_134-044-100,bass_synthetic_134-044-100,/root/autodl-tmp/tokenizer-eval/data/nsynth/nsynth-valid/audio/bass_synthetic_134-044-100.wav,914,bass_synthetic_134,0,bass,2,synthetic,44,100,16000,dark|reverb
-54.8081,-13.648637,organ_electronic_007-065-050,organ_electronic_007-065-050,/root/autodl-tmp/tokenizer-eval/data/nsynth/nsynth-valid/audio/organ_electronic_007-065-050.wav,123,organ_electronic_007,6,organ,1,electronic,65,50,16000,distortion|long_release|nonlinear_env
-59.61215,-27.876545,vocal_synthetic_003-085-025,vocal_synthetic_003-085-025,/root/autodl-tmp/tokenizer-eval/data/nsynth/nsynth-valid/audio/vocal_synthetic_003-085-025.wav,37,vocal_synthetic_003,10,vocal,2,synthetic,85,25,16000,bright|distortion|long_release|nonlinear_env
8.164991,50.089386,string_acoustic_012-033-025,string_acoustic_012-033-025,/root/autodl-tmp/tokenizer-eval/data/nsynth/nsynth-valid/audio/string_acoustic_012-033-025.wav,97,string_acoustic_012,8,string,0,acoustic,33,25,16000,reverb
32.064163,-17.753796,guitar_acoustic_015-085-075,guitar_acoustic_015-085-075,/root/autodl-tmp/tokenizer-eval/data/nsynth/nsynth-valid/audio/guitar_acoustic_015-085-075.wav,316,guitar_acoustic_015,3,guitar,0,acoustic,85,75,16000,fast_decay|percussive|reverb
21.001385,36.054436,guitar_electronic_022-042-050,guitar_electronic_022-042-050,/root/autodl-tmp/tokenizer-eval/data/nsynth/nsynth-valid/audio/guitar_electronic_022-042-050.wav,378,guitar_electronic_022,3,guitar,1,electronic,42,50,16000,dark
11.226885,60.791805,flute_synthetic_000-031-100,flute_synthetic_000-031-100,/root/autodl-tmp/tokenizer-eval/data/nsynth/nsynth-valid/audio/flute_synthetic_000-031-100.wav,82,flute_synthetic_000,2,flute,2,synthetic,31,100,16000,distortion
10.972804,15.253004,guitar_acoustic_010-056-127,guitar_acoustic_010-056-127,/root/autodl-tmp/tokenizer-eval/data/nsynth/nsynth-valid/audio/guitar_acoustic_010-056-127.wav,219,guitar_acoustic_010,3,guitar,0,acoustic,56,127,16000,
-7.380627,-34.601086,keyboard_electronic_069-081-100,keyboard_electronic_069-081-100,/root/autodl-tmp/tokenizer-eval/data/nsynth/nsynth-valid/audio/keyboard_electronic_069-081-100.wav,805,keyboard_electronic_069,4,keyboard,1,electronic,81,100,16000,distortion
-33.780975,-2.6040885,string_acoustic_057-061-025,string_acoustic_057-061-025,/root/autodl-tmp/tokenizer-eval/data/nsynth/nsynth-valid/audio/string_acoustic_057-061-025.wav,450,string_acoustic_057,8,string,0,acoustic,61,25,16000,bright|nonlinear_env|reverb
61.768143,-12.307279,mallet_acoustic_056-060-025,mallet_acoustic_056-060-025,/root/autodl-tmp/tokenizer-eval/data/nsynth/nsynth-valid/audio/mallet_acoustic_056-060-025.wav,590,mallet_acoustic_056,5,mallet,0,acoustic,60,25,16000,fast_decay|percussive
12.643021,42.141747,guitar_electronic_022-046-050,guitar_electronic_022-046-050,/root/autodl-tmp/tokenizer-eval/data/nsynth/nsynth-valid/audio/guitar_electronic_022-046-050.wav,378,guitar_electronic_022,3,guitar,1,electronic,46,50,16000,dark
62.451122,-16.14662,mallet_acoustic_056-047-075,mallet_acoustic_056-047-075,/root/autodl-tmp/tokenizer-eval/data/nsynth/nsynth-valid/audio/mallet_acoustic_056-047-075.wav,590,mallet_acoustic_056,5,mallet,0,acoustic,47,75,16000,fast_decay|percussive
16.390694,-20.652718,bass_synthetic_068-079-050,bass_synthetic_068-079-050,/root/autodl-tmp/tokenizer-eval/data/nsynth/nsynth-valid/audio/bass_synthetic_068-079-050.wav,656,bass_synthetic_068,0,bass,2,synthetic,79,50,16000,fast_decay
36.400158,24.090427,mallet_acoustic_062-040-075,mallet_acoustic_062-040-075,/root/autodl-tmp/tokenizer-eval/data/nsynth/nsynth-valid/audio/mallet_acoustic_062-040-075.wav,644,mallet_acoustic_062,5,mallet,0,acoustic,40,75,16000,dark|multiphonic
-35.390587,9.758122,vocal_acoustic_000-062-075,vocal_acoustic_000-062-075,/root/autodl-tmp/tokenizer-eval/data/nsynth/nsynth-valid/audio/vocal_acoustic_000-062-075.wav,46,vocal_acoustic_000,10,vocal,0,acoustic,62,75,16000,reverb
-21.38963,-41.137283,flute_synthetic_000-096-075,flute_synthetic_000-096-075,/root/autodl-tmp/tokenizer-eval/data/nsynth/nsynth-valid/audio/flute_synthetic_000-096-075.wav,82,flute_synthetic_000,2,flute,2,synthetic,96,75,16000,distortion
-49.685284,-19.453665,vocal_synthetic_003-075-025,vocal_synthetic_003-075-025,/root/autodl-tmp/tokenizer-eval/data/nsynth/nsynth-valid/audio/vocal_synthetic_003-075-025.wav,37,vocal_synthetic_003,10,vocal,2,synthetic,75,25,16000,bright|distortion|long_release|nonlinear_env
10.86315,-9.054147,mallet_acoustic_062-069-075,mallet_acoustic_062-069-075,/root/autodl-tmp/tokenizer-eval/data/nsynth/nsynth-valid/audio/mallet_acoustic_062-069-075.wav,644,mallet_acoustic_062,5,mallet,0,acoustic,69,75,16000,dark|multiphonic
14.342583,15.024299,guitar_electronic_028-055-127,guitar_electronic_028-055-127,/root/autodl-tmp/tokenizer-eval/data/nsynth/nsynth-valid/audio/guitar_electronic_028-055-127.wav,510,guitar_electronic_028,3,guitar,1,electronic,55,127,16000,
3.900813,-34.709362,flute_acoustic_002-087-050,flute_acoustic_002-087-050,/root/autodl-tmp/tokenizer-eval/data/nsynth/nsynth-valid/audio/flute_acoustic_002-087-050.wav,86,flute_acoustic_002,2,flute,0,acoustic,87,50,16000,reverb
9.395701,-33.668095,guitar_electronic_028-086-050,guitar_electronic_028-086-050,/root/autodl-tmp/tokenizer-eval/data/nsynth/nsynth-valid/audio/guitar_electronic_028-086-050.wav,510,guitar_electronic_028,3,guitar,1,electronic,86,50,16000,
-60.854645,-31.86637,vocal_synthetic_003-083-075,vocal_synthetic_003-083-075,/root/autodl-tmp/tokenizer-eval/data/nsynth/nsynth-valid/audio/vocal_synthetic_003-083-075.wav,37,vocal_synthetic_003,10,vocal,2,synthetic,83,75,16000,bright|distortion|long_release|nonlinear_env
-58.907227,-33.02044,vocal_synthetic_003-082-127,vocal_synthetic_003-082-127,/root/autodl-tmp/tokenizer-eval/data/nsynth/nsynth-valid/audio/vocal_synthetic_003-082-127.wav,37,vocal_synthetic_003,10,vocal,2,synthetic,82,127,16000,bright|distortion|long_release|nonlinear_env
-55.393665,-28.873735,vocal_synthetic_003-080-127,vocal_synthetic_003-080-127,/root/autodl-tmp/tokenizer-eval/data/nsynth/nsynth-valid/audio/vocal_synthetic_003-080-127.wav,37,vocal_synthetic_003,10,vocal,2,synthetic,80,127,16000,bright|distortion|long_release|nonlinear_env
-18.11001,-22.01247,string_acoustic_057-076-025,string_acoustic_057-076-025,/root/autodl-tmp/tokenizer-eval/data/nsynth/nsynth-valid/audio/string_acoustic_057-076-025.wav,450,string_acoustic_057,8,string,0,acoustic,76,25,16000,bright|nonlinear_env|reverb
33.220215,-24.629623,mallet_acoustic_062-084-025,mallet_acoustic_062-084-025,/root/autodl-tmp/tokenizer-eval/data/nsynth/nsynth-valid/audio/mallet_acoustic_062-084-025.wav,644,mallet_acoustic_062,5,mallet,0,acoustic,84,25,16000,fast_decay|multiphonic|percussive
0.21356751,62.416397,flute_synthetic_000-042-127,flute_synthetic_000-042-127,/root/autodl-tmp/tokenizer-eval/data/nsynth/nsynth-valid/audio/flute_synthetic_000-042-127.wav,82,flute_synthetic_000,2,flute,2,synthetic,42,127,16000,distortion
21.416016,12.814391,bass_electronic_025-046-025,bass_electronic_025-046-025,/root/autodl-tmp/tokenizer-eval/data/nsynth/nsynth-valid/audio/bass_electronic_025-046-025.wav,872,bass_electronic_025,0,bass,1,electronic,46,25,16000,
-30.754879,22.57708,flute_synthetic_000-057-075,flute_synthetic_000-057-075,/root/autodl-tmp/tokenizer-eval/data/nsynth/nsynth-valid/audio/flute_synthetic_000-057-075.wav,82,flute_synthetic_000,2,flute,2,synthetic,57,75,16000,distortion
61.24911,-9.186158,mallet_acoustic_056-067-100,mallet_acoustic_056-067-100,/root/autodl-tmp/tokenizer-eval/data/nsynth/nsynth-valid/audio/mallet_acoustic_056-067-100.wav,590,mallet_acoustic_056,5,mallet,0,acoustic,67,100,16000,fast_decay
-26.576153,-17.098917,organ_electronic_028-071-100,organ_electronic_028-071-100,/root/autodl-tmp/tokenizer-eval/data/nsynth/nsynth-valid/audio/organ_electronic_028-071-100.wav,440,organ_electronic_028,6,organ,1,electronic,71,100,16000,dark
-38.948006,-34.03288,brass_acoustic_016-084-127,brass_acoustic_016-084-127,/root/autodl-tmp/tokenizer-eval/data/nsynth/nsynth-valid/audio/brass_acoustic_016-084-127.wav,128,brass_acoustic_016,1,brass,0,acoustic,84,127,16000,bright
6.5022044,60.068428,flute_synthetic_000-037-050,flute_synthetic_000-037-050,/root/autodl-tmp/tokenizer-eval/data/nsynth/nsynth-valid/audio/flute_synthetic_000-037-050.wav,82,flute_synthetic_000,2,flute,2,synthetic,37,50,16000,distortion
33.773705,-59.0322,reed_acoustic_023-074-050,reed_acoustic_023-074-050,/root/autodl-tmp/tokenizer-eval/data/nsynth/nsynth-valid/audio/reed_acoustic_023-074-050.wav,224,reed_acoustic_023,7,reed,0,acoustic,74,50,16000,bright|fast_decay|multiphonic|nonlinear_env
13.572854,-2.679572,guitar_acoustic_015-055-100,guitar_acoustic_015-055-100,/root/autodl-tmp/tokenizer-eval/data/nsynth/nsynth-valid/audio/guitar_acoustic_015-055-100.wav,316,guitar_acoustic_015,3,guitar,0,acoustic,55,100,16000,reverb
9.012067,50.50029,string_acoustic_071-033-100,string_acoustic_071-033-100,/root/autodl-tmp/tokenizer-eval/data/nsynth/nsynth-valid/audio/string_acoustic_071-033-100.wav,609,string_acoustic_071,8,string,0,acoustic,33,100,16000,reverb
40.606857,7.7716484,keyboard_acoustic_004-092-100,keyboard_acoustic_004-092-100,/root/autodl-tmp/tokenizer-eval/data/nsynth/nsynth-valid/audio/keyboard_acoustic_004-092-100.wav,327,keyboard_acoustic_004,4,keyboard,0,acoustic,92,100,16000,reverb
40.110912,-13.565876,mallet_acoustic_047-094-127,mallet_acoustic_047-094-127,/root/autodl-tmp/tokenizer-eval/data/nsynth/nsynth-valid/audio/mallet_acoustic_047-094-127.wav,488,mallet_acoustic_047,5,mallet,0,acoustic,94,127,16000,fast_decay|percussive|reverb
34.77085,20.166471,mallet_acoustic_062-046-050,mallet_acoustic_062-046-050,/root/autodl-tmp/tokenizer-eval/data/nsynth/nsynth-valid/audio/mallet_acoustic_062-046-050.wav,644,mallet_acoustic_062,5,mallet,0,acoustic,46,50,16000,dark|multiphonic
-0.46756756,-43.491917,organ_electronic_028-090-050,organ_electronic_028-090-050,/root/autodl-tmp/tokenizer-eval/data/nsynth/nsynth-valid/audio/organ_electronic_028-090-050.wav,440,organ_electronic_028,6,organ,1,electronic,90,50,16000,
6.9549446,52.057747,string_acoustic_080-032-050,string_acoustic_080-032-050,/root/autodl-tmp/tokenizer-eval/data/nsynth/nsynth-valid/audio/string_acoustic_080-032-050.wav,675,string_acoustic_080,8,string,0,acoustic,32,50,16000,reverb
33.740566,-62.86581,reed_acoustic_023-079-025,reed_acoustic_023-079-025,/root/autodl-tmp/tokenizer-eval/data/nsynth/nsynth-valid/audio/reed_acoustic_023-079-025.wav,224,reed_acoustic_023,7,reed,0,acoustic,79,25,16000,bright|fast_decay|multiphonic|nonlinear_env
-14.73514,20.418478,organ_electronic_057-052-050,organ_electronic_057-052-050,/root/autodl-tmp/tokenizer-eval/data/nsynth/nsynth-valid/audio/organ_electronic_057-052-050.wav,701,organ_electronic_057,6,organ,1,electronic,52,50,16000,dark
-33.113224,8.436039,vocal_acoustic_000-053-075,vocal_acoustic_000-053-075,/root/autodl-tmp/tokenizer-eval/data/nsynth/nsynth-valid/audio/vocal_acoustic_000-053-075.wav,46,vocal_acoustic_000,10,vocal,0,acoustic,53,75,16000,reverb
39.593773,19.634878,mallet_acoustic_062-038-025,mallet_acoustic_062-038-025,/root/autodl-tmp/tokenizer-eval/data/nsynth/nsynth-valid/audio/mallet_acoustic_062-038-025.wav,644,mallet_acoustic_062,5,mallet,0,acoustic,38,25,16000,dark|fast_decay|multiphonic
-21.729599,46.098637,reed_acoustic_037-034-127,reed_acoustic_037-034-127,/root/autodl-tmp/tokenizer-eval/data/nsynth/nsynth-valid/audio/reed_acoustic_037-034-127.wav,387,reed_acoustic_037,7,reed,0,acoustic,34,127,16000,long_release|reverb
15.319297,3.4640815,bass_synthetic_068-064-050,bass_synthetic_068-064-050,/root/autodl-tmp/tokenizer-eval/data/nsynth/nsynth-valid/audio/bass_synthetic_068-064-050.wav,656,bass_synthetic_068,0,bass,2,synthetic,64,50,16000,
-47.75029,-13.72742,vocal_synthetic_003-071-127,vocal_synthetic_003-071-127,/root/autodl-tmp/tokenizer-eval/data/nsynth/nsynth-valid/audio/vocal_synthetic_003-071-127.wav,37,vocal_synthetic_003,10,vocal,2,synthetic,71,127,16000,bright|distortion|long_release|nonlinear_env
-51.920906,-14.26237,organ_electronic_007-064-127,organ_electronic_007-064-127,/root/autodl-tmp/tokenizer-eval/data/nsynth/nsynth-valid/audio/organ_electronic_007-064-127.wav,123,organ_electronic_007,6,organ,1,electronic,64,127,16000,distortion|long_release|nonlinear_env
-19.53106,46.86643,brass_acoustic_059-037-050,brass_acoustic_059-037-050,/root/autodl-tmp/tokenizer-eval/data/nsynth/nsynth-valid/audio/brass_acoustic_059-037-050.wav,572,brass_acoustic_059,1,brass,0,acoustic,37,50,16000,reverb
63.27872,-12.54681,mallet_acoustic_056-057-050,mallet_acoustic_056-057-050,/root/autodl-tmp/tokenizer-eval/data/nsynth/nsynth-valid/audio/mallet_acoustic_056-057-050.wav,590,mallet_acoustic_056,5,mallet,0,acoustic,57,50,16000,fast_decay|percussive
-31.461882,10.192815,vocal_acoustic_000-050-100,vocal_acoustic_000-050-100,/root/autodl-tmp/tokenizer-eval/data/nsynth/nsynth-valid/audio/vocal_acoustic_000-050-100.wav,46,vocal_acoustic_000,10,vocal,0,acoustic,50,100,16000,reverb
-21.82632,-48.588436,organ_electronic_113-081-050,organ_electronic_113-081-050,/root/autodl-tmp/tokenizer-eval/data/nsynth/nsynth-valid/audio/organ_electronic_113-081-050.wav,958,organ_electronic_113,6,organ,1,electronic,81,50,16000,
15.728122,34.48488,organ_electronic_113-031-050,organ_electronic_113-031-050,/root/autodl-tmp/tokenizer-eval/data/nsynth/nsynth-valid/audio/organ_electronic_113-031-050.wav,958,organ_electronic_113,6,organ,1,electronic,31,50,16000,dark
7.159197,37.589394,keyboard_electronic_001-045-127,keyboard_electronic_001-045-127,/root/autodl-tmp/tokenizer-eval/data/nsynth/nsynth-valid/audio/keyboard_electronic_001-045-127.wav,40,keyboard_electronic_001,4,keyboard,1,electronic,45,127,16000,
9.875754,-18.105822,guitar_acoustic_015-075-050,guitar_acoustic_015-075-050,/root/autodl-tmp/tokenizer-eval/data/nsynth/nsynth-valid/audio/guitar_acoustic_015-075-050.wav,316,guitar_acoustic_015,3,guitar,0,acoustic,75,50,16000,fast_decay|reverb
37.464584,21.94407,mallet_acoustic_062-040-050,mallet_acoustic_062-040-050,/root/autodl-tmp/tokenizer-eval/data/nsynth/nsynth-valid/audio/mallet_acoustic_062-040-050.wav,644,mallet_acoustic_062,5,mallet,0,acoustic,40,50,16000,dark|multiphonic
20.092205,-11.912789,keyboard_electronic_001-082-127,keyboard_electronic_001-082-127,/root/autodl-tmp/tokenizer-eval/data/nsynth/nsynth-valid/audio/keyboard_electronic_001-082-127.wav,40,keyboard_electronic_001,4,keyboard,1,electronic,82,127,16000,
-11.581985,18.135199,organ_electronic_113-045-075,organ_electronic_113-045-075,/root/autodl-tmp/tokenizer-eval/data/nsynth/nsynth-valid/audio/organ_electronic_113-045-075.wav,958,organ_electronic_113,6,organ,1,electronic,45,75,16000,dark
-55.769142,-20.541481,vocal_synthetic_003-079-127,vocal_synthetic_003-079-127,/root/autodl-tmp/tokenizer-eval/data/nsynth/nsynth-valid/audio/vocal_synthetic_003-079-127.wav,37,vocal_synthetic_003,10,vocal,2,synthetic,79,127,16000,bright|distortion|long_release|nonlinear_env
-21.592579,-19.10481,organ_electronic_113-074-075,organ_electronic_113-074-075,/root/autodl-tmp/tokenizer-eval/data/nsynth/nsynth-valid/audio/organ_electronic_113-074-075.wav,958,organ_electronic_113,6,organ,1,electronic,74,75,16000,
-9.97655,2.7086494,organ_electronic_007-053-100,organ_electronic_007-053-100,/root/autodl-tmp/tokenizer-eval/data/nsynth/nsynth-valid/audio/organ_electronic_007-053-100.wav,123,organ_electronic_007,6,organ,1,electronic,53,100,16000,distortion|long_release|nonlinear_env
-18.62151,61.00242,bass_synthetic_009-032-025,bass_synthetic_009-032-025,/root/autodl-tmp/tokenizer-eval/data/nsynth/nsynth-valid/audio/bass_synthetic_009-032-025.wav,150,bass_synthetic_009,0,bass,2,synthetic,32,25,16000,bright|distortion|long_release
-8.71473,11.002961,organ_electronic_113-062-025,organ_electronic_113-062-025,/root/autodl-tmp/tokenizer-eval/data/nsynth/nsynth-valid/audio/organ_electronic_113-062-025.wav,958,organ_electronic_113,6,organ,1,electronic,62,25,16000,dark
36.619045,15.294007,string_acoustic_014-055-100,string_acoustic_014-055-100,/root/autodl-tmp/tokenizer-eval/data/nsynth/nsynth-valid/audio/string_acoustic_014-055-100.wav,100,string_acoustic_014,8,string,0,acoustic,55,100,16000,dark|fast_decay|reverb
1.4631243,2.6137736,keyboard_electronic_069-064-100,keyboard_electronic_069-064-100,/root/autodl-tmp/tokenizer-eval/data/nsynth/nsynth-valid/audio/keyboard_electronic_069-064-100.wav,805,keyboard_electronic_069,4,keyboard,1,electronic,64,100,16000,distortion
13.691966,47.484,guitar_acoustic_021-038-075,guitar_acoustic_021-038-075,/root/autodl-tmp/tokenizer-eval/data/nsynth/nsynth-valid/audio/guitar_acoustic_021-038-075.wav,457,guitar_acoustic_021,3,guitar,0,acoustic,38,75,16000,
-16.21376,5.225122,reed_acoustic_011-058-075,reed_acoustic_011-058-075,/root/autodl-tmp/tokenizer-eval/data/nsynth/nsynth-valid/audio/reed_acoustic_011-058-075.wav,104,reed_acoustic_011,7,reed,0,acoustic,58,75,16000,
0.2639116,62.36253,flute_synthetic_000-042-050,flute_synthetic_000-042-050,/root/autodl-tmp/tokenizer-eval/data/nsynth/nsynth-valid/audio/flute_synthetic_000-042-050.wav,82,flute_synthetic_000,2,flute,2,synthetic,42,50,16000,distortion
25.754377,21.450006,bass_synthetic_068-050-050,bass_synthetic_068-050-050,/root/autodl-tmp/tokenizer-eval/data/nsynth/nsynth-valid/audio/bass_synthetic_068-050-050.wav,656,bass_synthetic_068,0,bass,2,synthetic,50,50,16000,dark
18.935793,-10.996975,keyboard_electronic_001-068-050,keyboard_electronic_001-068-050,/root/autodl-tmp/tokenizer-eval/data/nsynth/nsynth-valid/audio/keyboard_electronic_001-068-050.wav,40,keyboard_electronic_001,4,keyboard,1,electronic,68,50,16000,dark
-27.184895,24.282017,flute_synthetic_000-055-100,flute_synthetic_000-055-100,/root/autodl-tmp/tokenizer-eval/data/nsynth/nsynth-valid/audio/flute_synthetic_000-055-100.wav,82,flute_synthetic_000,2,flute,2,synthetic,55,100,16000,distortion
-10.470021,-27.764673,flute_synthetic_000-082-075,flute_synthetic_000-082-075,/root/autodl-tmp/tokenizer-eval/data/nsynth/nsynth-valid/audio/flute_synthetic_000-082-075.wav,82,flute_synthetic_000,2,flute,2,synthetic,82,75,16000,distortion
-25.395313,-5.3412232,reed_acoustic_011-070-050,reed_acoustic_011-070-050,/root/autodl-tmp/tokenizer-eval/data/nsynth/nsynth-valid/audio/reed_acoustic_011-070-050.wav,104,reed_acoustic_011,7,reed,0,acoustic,70,50,16000,
-19.442423,40.14046,reed_acoustic_037-042-100,reed_acoustic_037-042-100,/root/autodl-tmp/tokenizer-eval/data/nsynth/nsynth-valid/audio/reed_acoustic_037-042-100.wav,387,reed_acoustic_037,7,reed,0,acoustic,42,100,16000,reverb
-39.632477,39.214245,vocal_synthetic_003-051-050,vocal_synthetic_003-051-050,/root/autodl-tmp/tokenizer-eval/data/nsynth/nsynth-valid/audio/vocal_synthetic_003-051-050.wav,37,vocal_synthetic_003,10,vocal,2,synthetic,51,50,16000,distortion|long_release|nonlinear_env
-33.426598,48.652016,vocal_synthetic_003-035-100,vocal_synthetic_003-035-100,/root/autodl-tmp/tokenizer-eval/data/nsynth/nsynth-valid/audio/vocal_synthetic_003-035-100.wav,37,vocal_synthetic_003,10,vocal,2,synthetic,35,100,16000,bright|distortion|long_release|nonlinear_env
5.535094,-18.156155,guitar_acoustic_030-074-100,guitar_acoustic_030-074-100,/root/autodl-tmp/tokenizer-eval/data/nsynth/nsynth-valid/audio/guitar_acoustic_030-074-100.wav,642,guitar_acoustic_030,3,guitar,0,acoustic,74,100,16000,long_release|tempo-synced
11.9372225,45.816605,guitar_acoustic_021-043-050,guitar_acoustic_021-043-050,/root/autodl-tmp/tokenizer-eval/data/nsynth/nsynth-valid/audio/guitar_acoustic_021-043-050.wav,457,guitar_acoustic_021,3,guitar,0,acoustic,43,50,16000,
41.818275,-51.957962,reed_acoustic_023-033-100,reed_acoustic_023-033-100,/root/autodl-tmp/tokenizer-eval/data/nsynth/nsynth-valid/audio/reed_acoustic_023-033-100.wav,224,reed_acoustic_023,7,reed,0,acoustic,33,100,16000,bright|fast_decay|multiphonic|nonlinear_env
15.187758,33.52013,organ_electronic_057-032-100,organ_electronic_057-032-100,/root/autodl-tmp/tokenizer-eval/data/nsynth/nsynth-valid/audio/organ_electronic_057-032-100.wav,701,organ_electronic_057,6,organ,1,electronic,32,100,16000,dark
-41.10832,45.134064,vocal_synthetic_003-046-127,vocal_synthetic_003-046-127,/root/autodl-tmp/tokenizer-eval/data/nsynth/nsynth-valid/audio/vocal_synthetic_003-046-127.wav,37,vocal_synthetic_003,10,vocal,2,synthetic,46,127,16000,bright|distortion|long_release|nonlinear_env
8.196082,62.337082,flute_synthetic_000-036-025,flute_synthetic_000-036-025,/root/autodl-tmp/tokenizer-eval/data/nsynth/nsynth-valid/audio/flute_synthetic_000-036-025.wav,82,flute_synthetic_000,2,flute,2,synthetic,36,25,16000,distortion
-23.867037,2.9513988,brass_acoustic_006-057-025,brass_acoustic_006-057-025,/root/autodl-tmp/tokenizer-eval/data/nsynth/nsynth-valid/audio/brass_acoustic_006-057-025.wav,43,brass_acoustic_006,1,brass,0,acoustic,57,25,16000,reverb
1.5144215,-11.878716,guitar_acoustic_010-072-100,guitar_acoustic_010-072-100,/root/autodl-tmp/tokenizer-eval/data/nsynth/nsynth-valid/audio/guitar_acoustic_010-072-100.wav,219,guitar_acoustic_010,3,guitar,0,acoustic,72,100,16000,
-34.40029,-47.461914,bass_synthetic_009-071-100,bass_synthetic_009-071-100,/root/autodl-tmp/tokenizer-eval/data/nsynth/nsynth-valid/audio/bass_synthetic_009-071-100.wav,150,bass_synthetic_009,0,bass,2,synthetic,71,100,16000,bright|distortion|long_release
-17.646696,-22.180367,string_acoustic_057-076-127,string_acoustic_057-076-127,/root/autodl-tmp/tokenizer-eval/data/nsynth/nsynth-valid/audio/string_acoustic_057-076-127.wav,450,string_acoustic_057,8,string,0,acoustic,76,127,16000,bright|nonlinear_env|reverb
4.828848,-9.703441,bass_synthetic_068-071-127,bass_synthetic_068-071-127,/root/autodl-tmp/tokenizer-eval/data/nsynth/nsynth-valid/audio/bass_synthetic_068-071-127.wav,656,bass_synthetic_068,0,bass,2,synthetic,71,127,16000,distortion
54.952812,-14.441821,bass_synthetic_134-084-050,bass_synthetic_134-084-050,/root/autodl-tmp/tokenizer-eval/data/nsynth/nsynth-valid/audio/bass_synthetic_134-084-050.wav,914,bass_synthetic_134,0,bass,2,synthetic,84,50,16000,fast_decay|percussive|reverb
43.952003,-57.179493,reed_acoustic_023-047-025,reed_acoustic_023-047-025,/root/autodl-tmp/tokenizer-eval/data/nsynth/nsynth-valid/audio/reed_acoustic_023-047-025.wav,224,reed_acoustic_023,7,reed,0,acoustic,47,25,16000,bright|fast_decay|multiphonic|nonlinear_env
42.009598,7.170284,keyboard_acoustic_004-088-100,keyboard_acoustic_004-088-100,/root/autodl-tmp/tokenizer-eval/data/nsynth/nsynth-valid/audio/keyboard_acoustic_004-088-100.wav,327,keyboard_acoustic_004,4,keyboard,0,acoustic,88,100,16000,reverb
21.239391,45.973404,guitar_electronic_022-037-127,guitar_electronic_022-037-127,/root/autodl-tmp/tokenizer-eval/data/nsynth/nsynth-valid/audio/guitar_electronic_022-037-127.wav,378,guitar_electronic_022,3,guitar,1,electronic,37,127,16000,dark
-31.249104,16.153616,flute_synthetic_000-066-100,flute_synthetic_000-066-100,/root/autodl-tmp/tokenizer-eval/data/nsynth/nsynth-valid/audio/flute_synthetic_000-066-100.wav,82,flute_synthetic_000,2,flute,2,synthetic,66,100,16000,distortion
-88.89749,29.083004,brass_acoustic_046-088-127,brass_acoustic_046-088-127,/root/autodl-tmp/tokenizer-eval/data/nsynth/nsynth-valid/audio/brass_acoustic_046-088-127.wav,414,brass_acoustic_046,1,brass,0,acoustic,88,127,16000,long_release
29.931995,-2.4331596,bass_electronic_027-063-127,bass_electronic_027-063-127,/root/autodl-tmp/tokenizer-eval/data/nsynth/nsynth-valid/audio/bass_electronic_027-063-127.wav,880,bass_electronic_027,0,bass,1,electronic,63,127,16000,fast_decay
41.39214,-17.542591,mallet_acoustic_047-074-127,mallet_acoustic_047-074-127,/root/autodl-tmp/tokenizer-eval/data/nsynth/nsynth-valid/audio/mallet_acoustic_047-074-127.wav,488,mallet_acoustic_047,5,mallet,0,acoustic,74,127,16000,fast_decay|percussive|reverb
-19.034204,-40.93406,organ_electronic_057-083-075,organ_electronic_057-083-075,/root/autodl-tmp/tokenizer-eval/data/nsynth/nsynth-valid/audio/organ_electronic_057-083-075.wav,701,organ_electronic_057,6,organ,1,electronic,83,75,16000,
-8.401535,33.18575,organ_electronic_007-048-127,organ_electronic_007-048-127,/root/autodl-tmp/tokenizer-eval/data/nsynth/nsynth-valid/audio/organ_electronic_007-048-127.wav,123,organ_electronic_007,6,organ,1,electronic,48,127,16000,distortion|long_release|nonlinear_env
5.2791963,48.969055,string_acoustic_071-042-025,string_acoustic_071-042-025,/root/autodl-tmp/tokenizer-eval/data/nsynth/nsynth-valid/audio/string_acoustic_071-042-025.wav,609,string_acoustic_071,8,string,0,acoustic,42,25,16000,long_release|reverb
10.23822,-21.739595,keyboard_acoustic_004-076-127,keyboard_acoustic_004-076-127,/root/autodl-tmp/tokenizer-eval/data/nsynth/nsynth-valid/audio/keyboard_acoustic_004-076-127.wav,327,keyboard_acoustic_004,4,keyboard,0,acoustic,76,127,16000,reverb
-30.946585,-49.478,bass_synthetic_009-095-075,bass_synthetic_009-095-075,/root/autodl-tmp/tokenizer-eval/data/nsynth/nsynth-valid/audio/bass_synthetic_009-095-075.wav,150,bass_synthetic_009,0,bass,2,synthetic,95,75,16000,long_release
16.514357,-4.899137,guitar_acoustic_014-066-025,guitar_acoustic_014-066-025,/root/autodl-tmp/tokenizer-eval/data/nsynth/nsynth-valid/audio/guitar_acoustic_014-066-025.wav,263,guitar_acoustic_014,3,guitar,0,acoustic,66,25,16000,
-17.628534,-41.235046,organ_electronic_001-095-075,organ_electronic_001-095-075,/root/autodl-tmp/tokenizer-eval/data/nsynth/nsynth-valid/audio/organ_electronic_001-095-075.wav,8,organ_electronic_001,6,organ,1,electronic,95,75,16000,
32.811764,-60.647938,reed_acoustic_023-077-100,reed_acoustic_023-077-100,/root/autodl-tmp/tokenizer-eval/data/nsynth/nsynth-valid/audio/reed_acoustic_023-077-100.wav,224,reed_acoustic_023,7,reed,0,acoustic,77,100,16000,bright|fast_decay|multiphonic|nonlinear_env
-6.260295,47.940807,flute_synthetic_000-051-075,flute_synthetic_000-051-075,/root/autodl-tmp/tokenizer-eval/data/nsynth/nsynth-valid/audio/flute_synthetic_000-051-075.wav,82,flute_synthetic_000,2,flute,2,synthetic,51,75,16000,distortion
58.881092,-8.8286085,mallet_acoustic_056-073-050,mallet_acoustic_056-073-050,/root/autodl-tmp/tokenizer-eval/data/nsynth/nsynth-valid/audio/mallet_acoustic_056-073-050.wav,590,mallet_acoustic_056,5,mallet,0,acoustic,73,50,16000,fast_decay
-22.529905,50.265842,brass_acoustic_006-039-075,brass_acoustic_006-039-075,/root/autodl-tmp/tokenizer-eval/data/nsynth/nsynth-valid/audio/brass_acoustic_006-039-075.wav,43,brass_acoustic_006,1,brass,0,acoustic,39,75,16000,reverb
-15.318105,-11.273866,brass_acoustic_046-075-050,brass_acoustic_046-075-050,/root/autodl-tmp/tokenizer-eval/data/nsynth/nsynth-valid/audio/brass_acoustic_046-075-050.wav,414,brass_acoustic_046,1,brass,0,acoustic,75,50,16000,
-34.430553,5.272569,vocal_acoustic_000-066-075,vocal_acoustic_000-066-075,/root/autodl-tmp/tokenizer-eval/data/nsynth/nsynth-valid/audio/vocal_acoustic_000-066-075.wav,46,vocal_acoustic_000,10,vocal,0,acoustic,66,75,16000,reverb
-16.709732,-27.76607,string_acoustic_057-078-100,string_acoustic_057-078-100,/root/autodl-tmp/tokenizer-eval/data/nsynth/nsynth-valid/audio/string_acoustic_057-078-100.wav,450,string_acoustic_057,8,string,0,acoustic,78,100,16000,bright|nonlinear_env|reverb
-8.721445,19.103706,organ_electronic_001-041-100,organ_electronic_001-041-100,/root/autodl-tmp/tokenizer-eval/data/nsynth/nsynth-valid/audio/organ_electronic_001-041-100.wav,8,organ_electronic_001,6,organ,1,electronic,41,100,16000,dark
0.5861854,46.97745,string_acoustic_012-045-127,string_acoustic_012-045-127,/root/autodl-tmp/tokenizer-eval/data/nsynth/nsynth-valid/audio/string_acoustic_012-045-127.wav,97,string_acoustic_012,8,string,0,acoustic,45,127,16000,reverb
-53.474392,-30.942892,vocal_synthetic_003-092-025,vocal_synthetic_003-092-025,/root/autodl-tmp/tokenizer-eval/data/nsynth/nsynth-valid/audio/vocal_synthetic_003-092-025.wav,37,vocal_synthetic_003,10,vocal,2,synthetic,92,25,16000,bright|distortion|long_release|nonlinear_env
-46.22013,-20.276043,vocal_synthetic_003-074-127,vocal_synthetic_003-074-127,/root/autodl-tmp/tokenizer-eval/data/nsynth/nsynth-valid/audio/vocal_synthetic_003-074-127.wav,37,vocal_synthetic_003,10,vocal,2,synthetic,74,127,16000,bright|distortion|long_release|nonlinear_env
19.795364,38.347176,keyboard_electronic_003-041-100,keyboard_electronic_003-041-100,/root/autodl-tmp/tokenizer-eval/data/nsynth/nsynth-valid/audio/keyboard_electronic_003-041-100.wav,65,keyboard_electronic_003,4,keyboard,1,electronic,41,100,16000,distortion
-11.296297,18.876028,organ_electronic_057-045-075,organ_electronic_057-045-075,/root/autodl-tmp/tokenizer-eval/data/nsynth/nsynth-valid/audio/organ_electronic_057-045-075.wav,701,organ_electronic_057,6,organ,1,electronic,45,75,16000,dark
7.401725,21.672865,guitar_electronic_028-053-025,guitar_electronic_028-053-025,/root/autodl-tmp/tokenizer-eval/data/nsynth/nsynth-valid/audio/guitar_electronic_028-053-025.wav,510,guitar_electronic_028,3,guitar,1,electronic,53,25,16000,dark
-5.8208833,15.6125,organ_electronic_104-043-050,organ_electronic_104-043-050,/root/autodl-tmp/tokenizer-eval/data/nsynth/nsynth-valid/audio/organ_electronic_104-043-050.wav,921,organ_electronic_104,6,organ,1,electronic,43,50,16000,
-5.570412,51.3957,flute_synthetic_000-050-025,flute_synthetic_000-050-025,/root/autodl-tmp/tokenizer-eval/data/nsynth/nsynth-valid/audio/flute_synthetic_000-050-025.wav,82,flute_synthetic_000,2,flute,2,synthetic,50,25,16000,distortion
-35.947758,8.680776,vocal_acoustic_000-063-075,vocal_acoustic_000-063-075,/root/autodl-tmp/tokenizer-eval/data/nsynth/nsynth-valid/audio/vocal_acoustic_000-063-075.wav,46,vocal_acoustic_000,10,vocal,0,acoustic,63,75,16000,reverb
22.403093,44.215996,guitar_acoustic_010-037-050,guitar_acoustic_010-037-050,/root/autodl-tmp/tokenizer-eval/data/nsynth/nsynth-valid/audio/guitar_acoustic_010-037-050.wav,219,guitar_acoustic_010,3,guitar,0,acoustic,37,50,16000,
33.270397,-11.968506,string_acoustic_056-075-050,string_acoustic_056-075-050,/root/autodl-tmp/tokenizer-eval/data/nsynth/nsynth-valid/audio/string_acoustic_056-075-050.wav,436,string_acoustic_056,8,string,0,acoustic,75,50,16000,fast_decay|percussive|reverb
42.75233,-58.407722,reed_acoustic_023-051-100,reed_acoustic_023-051-100,/root/autodl-tmp/tokenizer-eval/data/nsynth/nsynth-valid/audio/reed_acoustic_023-051-100.wav,224,reed_acoustic_023,7,reed,0,acoustic,51,100,16000,bright|fast_decay|multiphonic|nonlinear_env
-56.113438,-8.429177,vocal_synthetic_003-058-075,vocal_synthetic_003-058-075,/root/autodl-tmp/tokenizer-eval/data/nsynth/nsynth-valid/audio/vocal_synthetic_003-058-075.wav,37,vocal_synthetic_003,10,vocal,2,synthetic,58,75,16000,bright|distortion|long_release|nonlinear_env
-29.146233,-2.3408031,string_acoustic_057-070-127,string_acoustic_057-070-127,/root/autodl-tmp/tokenizer-eval/data/nsynth/nsynth-valid/audio/string_acoustic_057-070-127.wav,450,string_acoustic_057,8,string,0,acoustic,70,127,16000,bright|nonlinear_env|reverb
16.26586,4.7040496,bass_synthetic_068-063-075,bass_synthetic_068-063-075,/root/autodl-tmp/tokenizer-eval/data/nsynth/nsynth-valid/audio/bass_synthetic_068-063-075.wav,656,bass_synthetic_068,0,bass,2,synthetic,63,75,16000,
-12.31204,-21.638693,flute_acoustic_002-077-075,flute_acoustic_002-077-075,/root/autodl-tmp/tokenizer-eval/data/nsynth/nsynth-valid/audio/flute_acoustic_002-077-075.wav,86,flute_acoustic_002,2,flute,0,acoustic,77,75,16000,reverb
1.333291,-44.528023,bass_synthetic_135-091-100,bass_synthetic_135-091-100,/root/autodl-tmp/tokenizer-eval/data/nsynth/nsynth-valid/audio/bass_synthetic_135-091-100.wav,927,bass_synthetic_135,0,bass,2,synthetic,91,100,16000,distortion
13.806038,8.568765,bass_synthetic_135-062-127,bass_synthetic_135-062-127,/root/autodl-tmp/tokenizer-eval/data/nsynth/nsynth-valid/audio/bass_synthetic_135-062-127.wav,927,bass_synthetic_135,0,bass,2,synthetic,62,127,16000,distortion
-29.209206,2.242307,brass_acoustic_015-067-127,brass_acoustic_015-067-127,/root/autodl-tmp/tokenizer-eval/data/nsynth/nsynth-valid/audio/brass_acoustic_015-067-127.wav,121,brass_acoustic_015,1,brass,0,acoustic,67,127,16000,reverb
34.758118,0.5624022,string_acoustic_056-040-127,string_acoustic_056-040-127,/root/autodl-tmp/tokenizer-eval/data/nsynth/nsynth-valid/audio/string_acoustic_056-040-127.wav,436,string_acoustic_056,8,string,0,acoustic,40,127,16000,fast_decay|percussive|reverb
61.86922,-11.129267,mallet_acoustic_056-063-025,mallet_acoustic_056-063-025,/root/autodl-tmp/tokenizer-eval/data/nsynth/nsynth-valid/audio/mallet_acoustic_056-063-025.wav,590,mallet_acoustic_056,5,mallet,0,acoustic,63,25,16000,fast_decay|percussive
-16.80053,33.725998,reed_acoustic_011-046-075,reed_acoustic_011-046-075,/root/autodl-tmp/tokenizer-eval/data/nsynth/nsynth-valid/audio/reed_acoustic_011-046-075.wav,104,reed_acoustic_011,7,reed,0,acoustic,46,75,16000,
-4.5495987,-8.523815,bass_synthetic_034-074-025,bass_synthetic_034-074-025,/root/autodl-tmp/tokenizer-eval/data/nsynth/nsynth-valid/audio/bass_synthetic_034-074-025.wav,420,bass_synthetic_034,0,bass,2,synthetic,74,25,16000,distortion|tempo-synced
2.4938335,-5.185535,keyboard_electronic_069-070-050,keyboard_electronic_069-070-050,/root/autodl-tmp/tokenizer-eval/data/nsynth/nsynth-valid/audio/keyboard_electronic_069-070-050.wav,805,keyboard_electronic_069,4,keyboard,1,electronic,70,50,16000,distortion
-37.685226,47.264343,vocal_synthetic_003-043-127,vocal_synthetic_003-043-127,/root/autodl-tmp/tokenizer-eval/data/nsynth/nsynth-valid/audio/vocal_synthetic_003-043-127.wav,37,vocal_synthetic_003,10,vocal,2,synthetic,43,127,16000,bright|distortion|long_release|nonlinear_env
-32.05506,23.585724,flute_synthetic_000-058-075,flute_synthetic_000-058-075,/root/autodl-tmp/tokenizer-eval/data/nsynth/nsynth-valid/audio/flute_synthetic_000-058-075.wav,82,flute_synthetic_000,2,flute,2,synthetic,58,75,16000,distortion
10.203981,-6.1524496,bass_synthetic_068-068-127,bass_synthetic_068-068-127,/root/autodl-tmp/tokenizer-eval/data/nsynth/nsynth-valid/audio/bass_synthetic_068-068-127.wav,656,bass_synthetic_068,0,bass,2,synthetic,68,127,16000,distortion
60.183125,-14.492556,mallet_acoustic_056-034-127,mallet_acoustic_056-034-127,/root/autodl-tmp/tokenizer-eval/data/nsynth/nsynth-valid/audio/mallet_acoustic_056-034-127.wav,590,mallet_acoustic_056,5,mallet,0,acoustic,34,127,16000,bright|fast_decay|percussive
10.309028,62.870255,flute_synthetic_000-035-127,flute_synthetic_000-035-127,/root/autodl-tmp/tokenizer-eval/data/nsynth/nsynth-valid/audio/flute_synthetic_000-035-127.wav,82,flute_synthetic_000,2,flute,2,synthetic,35,127,16000,distortion
23.49584,-59.839825,reed_acoustic_023-096-075,reed_acoustic_023-096-075,/root/autodl-tmp/tokenizer-eval/data/nsynth/nsynth-valid/audio/reed_acoustic_023-096-075.wav,224,reed_acoustic_023,7,reed,0,acoustic,96,75,16000,fast_decay|multiphonic|nonlinear_env|percussive
-11.140191,13.569982,organ_electronic_057-059-075,organ_electronic_057-059-075,/root/autodl-tmp/tokenizer-eval/data/nsynth/nsynth-valid/audio/organ_electronic_057-059-075.wav,701,organ_electronic_057,6,organ,1,electronic,59,75,16000,dark
-17.165823,45.775253,brass_acoustic_059-043-050,brass_acoustic_059-043-050,/root/autodl-tmp/tokenizer-eval/data/nsynth/nsynth-valid/audio/brass_acoustic_059-043-050.wav,572,brass_acoustic_059,1,brass,0,acoustic,43,50,16000,dark|reverb
32.80374,-25.18823,mallet_acoustic_062-083-025,mallet_acoustic_062-083-025,/root/autodl-tmp/tokenizer-eval/data/nsynth/nsynth-valid/audio/mallet_acoustic_062-083-025.wav,644,mallet_acoustic_062,5,mallet,0,acoustic,83,25,16000,fast_decay|multiphonic|percussive
-27.07987,26.692041,flute_synthetic_000-054-100,flute_synthetic_000-054-100,/root/autodl-tmp/tokenizer-eval/data/nsynth/nsynth-valid/audio/flute_synthetic_000-054-100.wav,82,flute_synthetic_000,2,flute,2,synthetic,54,100,16000,distortion
-21.3355,6.1305904,reed_acoustic_037-058-050,reed_acoustic_037-058-050,/root/autodl-tmp/tokenizer-eval/data/nsynth/nsynth-valid/audio/reed_acoustic_037-058-050.wav,387,reed_acoustic_037,7,reed,0,acoustic,58,50,16000,reverb
30.312487,-27.440477,mallet_acoustic_062-085-050,mallet_acoustic_062-085-050,/root/autodl-tmp/tokenizer-eval/data/nsynth/nsynth-valid/audio/mallet_acoustic_062-085-050.wav,644,mallet_acoustic_062,5,mallet,0,acoustic,85,50,16000,fast_decay|multiphonic
3.2597027,64.391045,flute_synthetic_000-038-025,flute_synthetic_000-038-025,/root/autodl-tmp/tokenizer-eval/data/nsynth/nsynth-valid/audio/flute_synthetic_000-038-025.wav,82,flute_synthetic_000,2,flute,2,synthetic,38,25,16000,distortion
19.32763,-12.996041,keyboard_electronic_001-079-025,keyboard_electronic_001-079-025,/root/autodl-tmp/tokenizer-eval/data/nsynth/nsynth-valid/audio/keyboard_electronic_001-079-025.wav,40,keyboard_electronic_001,4,keyboard,1,electronic,79,25,16000,
13.407575,32.922207,organ_electronic_057-035-127,organ_electronic_057-035-127,/root/autodl-tmp/tokenizer-eval/data/nsynth/nsynth-valid/audio/organ_electronic_057-035-127.wav,701,organ_electronic_057,6,organ,1,electronic,35,127,16000,dark
23.956656,-60.9404,reed_acoustic_023-095-075,reed_acoustic_023-095-075,/root/autodl-tmp/tokenizer-eval/data/nsynth/nsynth-valid/audio/reed_acoustic_023-095-075.wav,224,reed_acoustic_023,7,reed,0,acoustic,95,75,16000,fast_decay|multiphonic|nonlinear_env
-10.914897,-15.850716,flute_synthetic_000-075-100,flute_synthetic_000-075-100,/root/autodl-tmp/tokenizer-eval/data/nsynth/nsynth-valid/audio/flute_synthetic_000-075-100.wav,82,flute_synthetic_000,2,flute,2,synthetic,75,100,16000,distortion
6.8888254,-42.57954,mallet_acoustic_056-089-050,mallet_acoustic_056-089-050,/root/autodl-tmp/tokenizer-eval/data/nsynth/nsynth-valid/audio/mallet_acoustic_056-089-050.wav,590,mallet_acoustic_056,5,mallet,0,acoustic,89,50,16000,
-36.434467,-31.15339,brass_acoustic_016-082-075,brass_acoustic_016-082-075,/root/autodl-tmp/tokenizer-eval/data/nsynth/nsynth-valid/audio/brass_acoustic_016-082-075.wav,128,brass_acoustic_016,1,brass,0,acoustic,82,75,16000,bright
43.020542,-16.376688,mallet_acoustic_047-070-100,mallet_acoustic_047-070-100,/root/autodl-tmp/tokenizer-eval/data/nsynth/nsynth-valid/audio/mallet_acoustic_047-070-100.wav,488,mallet_acoustic_047,5,mallet,0,acoustic,70,100,16000,fast_decay|percussive|reverb
42.117577,0.52298576,mallet_acoustic_047-076-100,mallet_acoustic_047-076-100,/root/autodl-tmp/tokenizer-eval/data/nsynth/nsynth-valid/audio/mallet_acoustic_047-076-100.wav,488,mallet_acoustic_047,5,mallet,0,acoustic,76,100,16000,percussive|reverb
-88.89749,29.083004,brass_acoustic_046-090-100,brass_acoustic_046-090-100,/root/autodl-tmp/tokenizer-eval/data/nsynth/nsynth-valid/audio/brass_acoustic_046-090-100.wav,414,brass_acoustic_046,1,brass,0,acoustic,90,100,16000,long_release
26.45374,13.569313,mallet_acoustic_062-055-075,mallet_acoustic_062-055-075,/root/autodl-tmp/tokenizer-eval/data/nsynth/nsynth-valid/audio/mallet_acoustic_062-055-075.wav,644,mallet_acoustic_062,5,mallet,0,acoustic,55,75,16000,dark|multiphonic
25.173435,-22.515785,keyboard_electronic_098-089-025,keyboard_electronic_098-089-025,/root/autodl-tmp/tokenizer-eval/data/nsynth/nsynth-valid/audio/keyboard_electronic_098-089-025.wav,905,keyboard_electronic_098,4,keyboard,1,electronic,89,25,16000,fast_decay
19.451406,8.947245,bass_electronic_025-061-025,bass_electronic_025-061-025,/root/autodl-tmp/tokenizer-eval/data/nsynth/nsynth-valid/audio/bass_electronic_025-061-025.wav,872,bass_electronic_025,0,bass,1,electronic,61,25,16000,
-35.2354,22.151682,flute_synthetic_000-060-050,flute_synthetic_000-060-050,/root/autodl-tmp/tokenizer-eval/data/nsynth/nsynth-valid/audio/flute_synthetic_000-060-050.wav,82,flute_synthetic_000,2,flute,2,synthetic,60,50,16000,distortion
25.738523,45.92506,guitar_electronic_022-031-100,guitar_electronic_022-031-100,/root/autodl-tmp/tokenizer-eval/data/nsynth/nsynth-valid/audio/guitar_electronic_022-031-100.wav,378,guitar_electronic_022,3,guitar,1,electronic,31,100,16000,dark
-88.89749,29.083004,brass_acoustic_046-086-100,brass_acoustic_046-086-100,/root/autodl-tmp/tokenizer-eval/data/nsynth/nsynth-valid/audio/brass_acoustic_046-086-100.wav,414,brass_acoustic_046,1,brass,0,acoustic,86,100,16000,long_release
1.8075336,-24.126947,keyboard_electronic_069-077-075,keyboard_electronic_069-077-075,/root/autodl-tmp/tokenizer-eval/data/nsynth/nsynth-valid/audio/keyboard_electronic_069-077-075.wav,805,keyboard_electronic_069,4,keyboard,1,electronic,77,75,16000,distortion
8.426969,45.012638,keyboard_electronic_001-040-100,keyboard_electronic_001-040-100,/root/autodl-tmp/tokenizer-eval/data/nsynth/nsynth-valid/audio/keyboard_electronic_001-040-100.wav,40,keyboard_electronic_001,4,keyboard,1,electronic,40,100,16000,
-16.734806,12.409607,organ_electronic_001-058-025,organ_electronic_001-058-025,/root/autodl-tmp/tokenizer-eval/data/nsynth/nsynth-valid/audio/organ_electronic_001-058-025.wav,8,organ_electronic_001,6,organ,1,electronic,58,25,16000,dark
-15.736308,-12.780812,flute_acoustic_002-075-050,flute_acoustic_002-075-050,/root/autodl-tmp/tokenizer-eval/data/nsynth/nsynth-valid/audio/flute_acoustic_002-075-050.wav,86,flute_acoustic_002,2,flute,0,acoustic,75,50,16000,reverb
42.82872,-54.23114,reed_acoustic_023-040-025,reed_acoustic_023-040-025,/root/autodl-tmp/tokenizer-eval/data/nsynth/nsynth-valid/audio/reed_acoustic_023-040-025.wav,224,reed_acoustic_023,7,reed,0,acoustic,40,25,16000,bright|fast_decay|multiphonic|nonlinear_env
-16.671154,15.169837,organ_electronic_001-056-075,organ_electronic_001-056-075,/root/autodl-tmp/tokenizer-eval/data/nsynth/nsynth-valid/audio/organ_electronic_001-056-075.wav,8,organ_electronic_001,6,organ,1,electronic,56,75,16000,dark
-39.998127,39.632885,vocal_synthetic_003-051-127,vocal_synthetic_003-051-127,/root/autodl-tmp/tokenizer-eval/data/nsynth/nsynth-valid/audio/vocal_synthetic_003-051-127.wav,37,vocal_synthetic_003,10,vocal,2,synthetic,51,127,16000,bright|distortion|long_release|nonlinear_env
38.368256,-60.73103,reed_acoustic_023-062-050,reed_acoustic_023-062-050,/root/autodl-tmp/tokenizer-eval/data/nsynth/nsynth-valid/audio/reed_acoustic_023-062-050.wav,224,reed_acoustic_023,7,reed,0,acoustic,62,50,16000,bright|fast_decay|multiphonic|nonlinear_env
-35.46208,22.52808,flute_synthetic_000-060-127,flute_synthetic_000-060-127,/root/autodl-tmp/tokenizer-eval/data/nsynth/nsynth-valid/audio/flute_synthetic_000-060-127.wav,82,flute_synthetic_000,2,flute,2,synthetic,60,127,16000,distortion
12.461664,51.818516,guitar_acoustic_014-035-075,guitar_acoustic_014-035-075,/root/autodl-tmp/tokenizer-eval/data/nsynth/nsynth-valid/audio/guitar_acoustic_014-035-075.wav,263,guitar_acoustic_014,3,guitar,0,acoustic,35,75,16000,
3.7241828,-6.44886,guitar_electronic_028-070-100,guitar_electronic_028-070-100,/root/autodl-tmp/tokenizer-eval/data/nsynth/nsynth-valid/audio/guitar_electronic_028-070-100.wav,510,guitar_electronic_028,3,guitar,1,electronic,70,100,16000,
-15.932371,48.116554,brass_acoustic_006-042-127,brass_acoustic_006-042-127,/root/autodl-tmp/tokenizer-eval/data/nsynth/nsynth-valid/audio/brass_acoustic_006-042-127.wav,43,brass_acoustic_006,1,brass,0,acoustic,42,127,16000,reverb
-38.49501,-2.698383,organ_electronic_113-067-025,organ_electronic_113-067-025,/root/autodl-tmp/tokenizer-eval/data/nsynth/nsynth-valid/audio/organ_electronic_113-067-025.wav,958,organ_electronic_113,6,organ,1,electronic,67,25,16000,
-12.912996,30.287615,reed_acoustic_037-059-127,reed_acoustic_037-059-127,/root/autodl-tmp/tokenizer-eval/data/nsynth/nsynth-valid/audio/reed_acoustic_037-059-127.wav,387,reed_acoustic_037,7,reed,0,acoustic,59,127,16000,reverb
11.755125,9.106859,keyboard_electronic_003-063-050,keyboard_electronic_003-063-050,/root/autodl-tmp/tokenizer-eval/data/nsynth/nsynth-valid/audio/keyboard_electronic_003-063-050.wav,65,keyboard_electronic_003,4,keyboard,1,electronic,63,50,16000,
-25.139,-43.01289,string_acoustic_057-091-100,string_acoustic_057-091-100,/root/autodl-tmp/tokenizer-eval/data/nsynth/nsynth-valid/audio/string_acoustic_057-091-100.wav,450,string_acoustic_057,8,string,0,acoustic,91,100,16000,nonlinear_env|reverb
7.504257,7.9648337,guitar_acoustic_021-060-025,guitar_acoustic_021-060-025,/root/autodl-tmp/tokenizer-eval/data/nsynth/nsynth-valid/audio/guitar_acoustic_021-060-025.wav,457,guitar_acoustic_021,3,guitar,0,acoustic,60,25,16000,
13.736148,6.9841065,bass_synthetic_068-062-127,bass_synthetic_068-062-127,/root/autodl-tmp/tokenizer-eval/data/nsynth/nsynth-valid/audio/bass_synthetic_068-062-127.wav,656,bass_synthetic_068,0,bass,2,synthetic,62,127,16000,dark|distortion
4.7551255,16.79653,brass_acoustic_015-055-075,brass_acoustic_015-055-075,/root/autodl-tmp/tokenizer-eval/data/nsynth/nsynth-valid/audio/brass_acoustic_015-055-075.wav,121,brass_acoustic_015,1,brass,0,acoustic,55,75,16000,reverb
23.146624,41.58533,guitar_electronic_028-038-050,guitar_electronic_028-038-050,/root/autodl-tmp/tokenizer-eval/data/nsynth/nsynth-valid/audio/guitar_electronic_028-038-050.wav,510,guitar_electronic_028,3,guitar,1,electronic,38,50,16000,dark
4.1817565,-41.190895,bass_synthetic_135-089-050,bass_synthetic_135-089-050,/root/autodl-tmp/tokenizer-eval/data/nsynth/nsynth-valid/audio/bass_synthetic_135-089-050.wav,927,bass_synthetic_135,0,bass,2,synthetic,89,50,16000,distortion
78.00324,9.075413,bass_synthetic_098-073-075,bass_synthetic_098-073-075,/root/autodl-tmp/tokenizer-eval/data/nsynth/nsynth-valid/audio/bass_synthetic_098-073-075.wav,803,bass_synthetic_098,0,bass,2,synthetic,73,75,16000,
7.198385,44.69009,keyboard_electronic_001-036-075,keyboard_electronic_001-036-075,/root/autodl-tmp/tokenizer-eval/data/nsynth/nsynth-valid/audio/keyboard_electronic_001-036-075.wav,40,keyboard_electronic_001,4,keyboard,1,electronic,36,75,16000,dark
-18.048904,19.85042,organ_electronic_001-066-075,organ_electronic_001-066-075,/root/autodl-tmp/tokenizer-eval/data/nsynth/nsynth-valid/audio/organ_electronic_001-066-075.wav,8,organ_electronic_001,6,organ,1,electronic,66,75,16000,
-35.57203,15.303718,flute_synthetic_000-064-075,flute_synthetic_000-064-075,/root/autodl-tmp/tokenizer-eval/data/nsynth/nsynth-valid/audio/flute_synthetic_000-064-075.wav,82,flute_synthetic_000,2,flute,2,synthetic,64,75,16000,distortion
39.893047,-58.95734,reed_acoustic_023-059-075,reed_acoustic_023-059-075,/root/autodl-tmp/tokenizer-eval/data/nsynth/nsynth-valid/audio/reed_acoustic_023-059-075.wav,224,reed_acoustic_023,7,reed,0,acoustic,59,75,16000,bright|fast_decay|multiphonic|nonlinear_env
-7.8510075,49.37238,flute_synthetic_000-052-100,flute_synthetic_000-052-100,/root/autodl-tmp/tokenizer-eval/data/nsynth/nsynth-valid/audio/flute_synthetic_000-052-100.wav,82,flute_synthetic_000,2,flute,2,synthetic,52,100,16000,distortion
-5.026054,54.666523,flute_synthetic_000-048-050,flute_synthetic_000-048-050,/root/autodl-tmp/tokenizer-eval/data/nsynth/nsynth-valid/audio/flute_synthetic_000-048-050.wav,82,flute_synthetic_000,2,flute,2,synthetic,48,50,16000,distortion
13.745143,-18.191898,keyboard_electronic_002-077-025,keyboard_electronic_002-077-025,/root/autodl-tmp/tokenizer-eval/data/nsynth/nsynth-valid/audio/keyboard_electronic_002-077-025.wav,50,keyboard_electronic_002,4,keyboard,1,electronic,77,25,16000,fast_decay
-54.98876,-25.682962,vocal_synthetic_003-087-025,vocal_synthetic_003-087-025,/root/autodl-tmp/tokenizer-eval/data/nsynth/nsynth-valid/audio/vocal_synthetic_003-087-025.wav,37,vocal_synthetic_003,10,vocal,2,synthetic,87,25,16000,bright|distortion|long_release|nonlinear_env
-9.690315,40.07038,brass_acoustic_059-051-050,brass_acoustic_059-051-050,/root/autodl-tmp/tokenizer-eval/data/nsynth/nsynth-valid/audio/brass_acoustic_059-051-050.wav,572,brass_acoustic_059,1,brass,0,acoustic,51,50,16000,dark|reverb
6.771772,54.52261,string_acoustic_080-037-050,string_acoustic_080-037-050,/root/autodl-tmp/tokenizer-eval/data/nsynth/nsynth-valid/audio/string_acoustic_080-037-050.wav,675,string_acoustic_080,8,string,0,acoustic,37,50,16000,long_release|reverb
-35.58443,-35.892033,brass_acoustic_016-089-075,brass_acoustic_016-089-075,/root/autodl-tmp/tokenizer-eval/data/nsynth/nsynth-valid/audio/brass_acoustic_016-089-075.wav,128,brass_acoustic_016,1,brass,0,acoustic,89,75,16000,
7.5905495,8.590424,keyboard_electronic_002-060-075,keyboard_electronic_002-060-075,/root/autodl-tmp/tokenizer-eval/data/nsynth/nsynth-valid/audio/keyboard_electronic_002-060-075.wav,50,keyboard_electronic_002,4,keyboard,1,electronic,60,75,16000,
25.802286,27.536594,bass_synthetic_134-045-127,bass_synthetic_134-045-127,/root/autodl-tmp/tokenizer-eval/data/nsynth/nsynth-valid/audio/bass_synthetic_134-045-127.wav,914,bass_synthetic_134,0,bass,2,synthetic,45,127,16000,dark|fast_decay|reverb
9.247175,60.694298,flute_synthetic_000-034-127,flute_synthetic_000-034-127,/root/autodl-tmp/tokenizer-eval/data/nsynth/nsynth-valid/audio/flute_synthetic_000-034-127.wav,82,flute_synthetic_000,2,flute,2,synthetic,34,127,16000,distortion
-7.0509925,7.442468,organ_electronic_001-064-050,organ_electronic_001-064-050,/root/autodl-tmp/tokenizer-eval/data/nsynth/nsynth-valid/audio/organ_electronic_001-064-050.wav,8,organ_electronic_001,6,organ,1,electronic,64,50,16000,
-15.59829,-30.035816,string_acoustic_057-079-100,string_acoustic_057-079-100,/root/autodl-tmp/tokenizer-eval/data/nsynth/nsynth-valid/audio/string_acoustic_057-079-100.wav,450,string_acoustic_057,8,string,0,acoustic,79,100,16000,bright|nonlinear_env|reverb
23.493986,44.207134,guitar_acoustic_010-036-075,guitar_acoustic_010-036-075,/root/autodl-tmp/tokenizer-eval/data/nsynth/nsynth-valid/audio/guitar_acoustic_010-036-075.wav,219,guitar_acoustic_010,3,guitar,0,acoustic,36,75,16000,
9.025648,35.79553,guitar_electronic_028-045-100,guitar_electronic_028-045-100,/root/autodl-tmp/tokenizer-eval/data/nsynth/nsynth-valid/audio/guitar_electronic_028-045-100.wav,510,guitar_electronic_028,3,guitar,1,electronic,45,100,16000,dark
28.408943,-61.55637,reed_acoustic_023-089-127,reed_acoustic_023-089-127,/root/autodl-tmp/tokenizer-eval/data/nsynth/nsynth-valid/audio/reed_acoustic_023-089-127.wav,224,reed_acoustic_023,7,reed,0,acoustic,89,127,16000,fast_decay|multiphonic|nonlinear_env
1.3031845,16.961956,brass_acoustic_015-047-075,brass_acoustic_015-047-075,/root/autodl-tmp/tokenizer-eval/data/nsynth/nsynth-valid/audio/brass_acoustic_015-047-075.wav,121,brass_acoustic_015,1,brass,0,acoustic,47,75,16000,reverb
38.88439,-11.998455,mallet_acoustic_047-091-075,mallet_acoustic_047-091-075,/root/autodl-tmp/tokenizer-eval/data/nsynth/nsynth-valid/audio/mallet_acoustic_047-091-075.wav,488,mallet_acoustic_047,5,mallet,0,acoustic,91,75,16000,percussive|reverb
-15.515553,19.868557,organ_electronic_113-053-100,organ_electronic_113-053-100,/root/autodl-tmp/tokenizer-eval/data/nsynth/nsynth-valid/audio/organ_electronic_113-053-100.wav,958,organ_electronic_113,6,organ,1,electronic,53,100,16000,dark
-13.278174,-23.38603,brass_acoustic_046-077-127,brass_acoustic_046-077-127,/root/autodl-tmp/tokenizer-eval/data/nsynth/nsynth-valid/audio/brass_acoustic_046-077-127.wav,414,brass_acoustic_046,1,brass,0,acoustic,77,127,16000,
28.048216,-22.226265,bass_synthetic_068-092-050,bass_synthetic_068-092-050,/root/autodl-tmp/tokenizer-eval/data/nsynth/nsynth-valid/audio/bass_synthetic_068-092-050.wav,656,bass_synthetic_068,0,bass,2,synthetic,92,50,16000,fast_decay
-44.220055,-17.326448,vocal_synthetic_003-073-075,vocal_synthetic_003-073-075,/root/autodl-tmp/tokenizer-eval/data/nsynth/nsynth-valid/audio/vocal_synthetic_003-073-075.wav,37,vocal_synthetic_003,10,vocal,2,synthetic,73,75,16000,bright|distortion|long_release|nonlinear_env
-3.0242565,57.955276,flute_synthetic_000-046-050,flute_synthetic_000-046-050,/root/autodl-tmp/tokenizer-eval/data/nsynth/nsynth-valid/audio/flute_synthetic_000-046-050.wav,82,flute_synthetic_000,2,flute,2,synthetic,46,50,16000,distortion
-6.352834,20.050814,organ_electronic_057-049-075,organ_electronic_057-049-075,/root/autodl-tmp/tokenizer-eval/data/nsynth/nsynth-valid/audio/organ_electronic_057-049-075.wav,701,organ_electronic_057,6,organ,1,electronic,49,75,16000,dark
6.469231,60.09652,flute_synthetic_000-037-100,flute_synthetic_000-037-100,/root/autodl-tmp/tokenizer-eval/data/nsynth/nsynth-valid/audio/flute_synthetic_000-037-100.wav,82,flute_synthetic_000,2,flute,2,synthetic,37,100,16000,distortion
19.809101,27.605753,guitar_acoustic_021-044-100,guitar_acoustic_021-044-100,/root/autodl-tmp/tokenizer-eval/data/nsynth/nsynth-valid/audio/guitar_acoustic_021-044-100.wav,457,guitar_acoustic_021,3,guitar,0,acoustic,44,100,16000,
-5.1919036,23.137444,organ_electronic_104-050-127,organ_electronic_104-050-127,/root/autodl-tmp/tokenizer-eval/data/nsynth/nsynth-valid/audio/organ_electronic_104-050-127.wav,921,organ_electronic_104,6,organ,1,electronic,50,127,16000,
-57.08705,-18.186161,vocal_synthetic_003-078-025,vocal_synthetic_003-078-025,/root/autodl-tmp/tokenizer-eval/data/nsynth/nsynth-valid/audio/vocal_synthetic_003-078-025.wav,37,vocal_synthetic_003,10,vocal,2,synthetic,78,25,16000,bright|distortion|long_release|nonlinear_env
19.950375,-32.416084,mallet_acoustic_056-086-127,mallet_acoustic_056-086-127,/root/autodl-tmp/tokenizer-eval/data/nsynth/nsynth-valid/audio/mallet_acoustic_056-086-127.wav,590,mallet_acoustic_056,5,mallet,0,acoustic,86,127,16000,
-42.609184,-19.221653,organ_electronic_007-073-025,organ_electronic_007-073-025,/root/autodl-tmp/tokenizer-eval/data/nsynth/nsynth-valid/audio/organ_electronic_007-073-025.wav,123,organ_electronic_007,6,organ,1,electronic,73,25,16000,distortion|long_release|nonlinear_env
9.756534,-28.855305,guitar_electronic_022-084-127,guitar_electronic_022-084-127,/root/autodl-tmp/tokenizer-eval/data/nsynth/nsynth-valid/audio/guitar_electronic_022-084-127.wav,378,guitar_electronic_022,3,guitar,1,electronic,84,127,16000,
11.552726,0.34084362,keyboard_electronic_078-065-025,keyboard_electronic_078-065-025,/root/autodl-tmp/tokenizer-eval/data/nsynth/nsynth-valid/audio/keyboard_electronic_078-065-025.wav,838,keyboard_electronic_078,4,keyboard,1,electronic,65,25,16000,bright
19.503965,11.512937,bass_synthetic_068-059-025,bass_synthetic_068-059-025,/root/autodl-tmp/tokenizer-eval/data/nsynth/nsynth-valid/audio/bass_synthetic_068-059-025.wav,656,bass_synthetic_068,0,bass,2,synthetic,59,25,16000,dark
5.097633,-44.2596,keyboard_electronic_003-090-050,keyboard_electronic_003-090-050,/root/autodl-tmp/tokenizer-eval/data/nsynth/nsynth-valid/audio/keyboard_electronic_003-090-050.wav,65,keyboard_electronic_003,4,keyboard,1,electronic,90,50,16000,
-12.706384,3.3702886,brass_acoustic_046-064-100,brass_acoustic_046-064-100,/root/autodl-tmp/tokenizer-eval/data/nsynth/nsynth-valid/audio/brass_acoustic_046-064-100.wav,414,brass_acoustic_046,1,brass,0,acoustic,64,100,16000,bright
-15.737098,-12.781388,flute_acoustic_002-075-025,flute_acoustic_002-075-025,/root/autodl-tmp/tokenizer-eval/data/nsynth/nsynth-valid/audio/flute_acoustic_002-075-025.wav,86,flute_acoustic_002,2,flute,0,acoustic,75,25,16000,reverb
6.4231467,24.099504,keyboard_electronic_069-053-025,keyboard_electronic_069-053-025,/root/autodl-tmp/tokenizer-eval/data/nsynth/nsynth-valid/audio/keyboard_electronic_069-053-025.wav,805,keyboard_electronic_069,4,keyboard,1,electronic,53,25,16000,distortion
-21.194698,57.68757,reed_acoustic_011-035-025,reed_acoustic_011-035-025,/root/autodl-tmp/tokenizer-eval/data/nsynth/nsynth-valid/audio/reed_acoustic_011-035-025.wav,104,reed_acoustic_011,7,reed,0,acoustic,35,25,16000,
-6.721338,-29.893438,flute_acoustic_002-080-100,flute_acoustic_002-080-100,/root/autodl-tmp/tokenizer-eval/data/nsynth/nsynth-valid/audio/flute_acoustic_002-080-100.wav,86,flute_acoustic_002,2,flute,0,acoustic,80,100,16000,reverb
1.8075573,-24.126947,keyboard_electronic_069-077-127,keyboard_electronic_069-077-127,/root/autodl-tmp/tokenizer-eval/data/nsynth/nsynth-valid/audio/keyboard_electronic_069-077-127.wav,805,keyboard_electronic_069,4,keyboard,1,electronic,77,127,16000,distortion
5.9937005,9.722503,guitar_electronic_022-060-050,guitar_electronic_022-060-050,/root/autodl-tmp/tokenizer-eval/data/nsynth/nsynth-valid/audio/guitar_electronic_022-060-050.wav,378,guitar_electronic_022,3,guitar,1,electronic,60,50,16000,dark
8.11588,36.672146,guitar_acoustic_010-045-075,guitar_acoustic_010-045-075,/root/autodl-tmp/tokenizer-eval/data/nsynth/nsynth-valid/audio/guitar_acoustic_010-045-075.wav,219,guitar_acoustic_010,3,guitar,0,acoustic,45,75,16000,
10.093725,23.887127,guitar_electronic_022-052-025,guitar_electronic_022-052-025,/root/autodl-tmp/tokenizer-eval/data/nsynth/nsynth-valid/audio/guitar_electronic_022-052-025.wav,378,guitar_electronic_022,3,guitar,1,electronic,52,25,16000,dark
-52.322086,-16.98385,vocal_synthetic_003-076-100,vocal_synthetic_003-076-100,/root/autodl-tmp/tokenizer-eval/data/nsynth/nsynth-valid/audio/vocal_synthetic_003-076-100.wav,37,vocal_synthetic_003,10,vocal,2,synthetic,76,100,16000,bright|distortion|long_release|nonlinear_env
6.067655,0.88355225,guitar_electronic_028-058-100,guitar_electronic_028-058-100,/root/autodl-tmp/tokenizer-eval/data/nsynth/nsynth-valid/audio/guitar_electronic_028-058-100.wav,510,guitar_electronic_028,3,guitar,1,electronic,58,100,16000,dark
33.616405,-12.98604,string_acoustic_056-076-100,string_acoustic_056-076-100,/root/autodl-tmp/tokenizer-eval/data/nsynth/nsynth-valid/audio/string_acoustic_056-076-100.wav,436,string_acoustic_056,8,string,0,acoustic,76,100,16000,fast_decay|percussive|reverb
-14.256919,22.6125,organ_electronic_001-051-127,organ_electronic_001-051-127,/root/autodl-tmp/tokenizer-eval/data/nsynth/nsynth-valid/audio/organ_electronic_001-051-127.wav,8,organ_electronic_001,6,organ,1,electronic,51,127,16000,dark
38.345863,21.217598,string_acoustic_014-040-075,string_acoustic_014-040-075,/root/autodl-tmp/tokenizer-eval/data/nsynth/nsynth-valid/audio/string_acoustic_014-040-075.wav,100,string_acoustic_014,8,string,0,acoustic,40,75,16000,dark|reverb
-39.450092,-26.942791,brass_acoustic_016-062-075,brass_acoustic_016-062-075,/root/autodl-tmp/tokenizer-eval/data/nsynth/nsynth-valid/audio/brass_acoustic_016-062-075.wav,128,brass_acoustic_016,1,brass,0,acoustic,62,75,16000,bright
-35.04233,-18.587357,flute_acoustic_002-073-075,flute_acoustic_002-073-075,/root/autodl-tmp/tokenizer-eval/data/nsynth/nsynth-valid/audio/flute_acoustic_002-073-075.wav,86,flute_acoustic_002,2,flute,0,acoustic,73,75,16000,long_release|reverb
78.76498,7.950046,bass_synthetic_098-093-050,bass_synthetic_098-093-050,/root/autodl-tmp/tokenizer-eval/data/nsynth/nsynth-valid/audio/bass_synthetic_098-093-050.wav,803,bass_synthetic_098,0,bass,2,synthetic,93,50,16000,
-28.305258,50.447815,vocal_synthetic_003-033-025,vocal_synthetic_003-033-025,/root/autodl-tmp/tokenizer-eval/data/nsynth/nsynth-valid/audio/vocal_synthetic_003-033-025.wav,37,vocal_synthetic_003,10,vocal,2,synthetic,33,25,16000,distortion|long_release|nonlinear_env
3.9652443,39.161064,guitar_acoustic_015-032-025,guitar_acoustic_015-032-025,/root/autodl-tmp/tokenizer-eval/data/nsynth/nsynth-valid/audio/guitar_acoustic_015-032-025.wav,316,guitar_acoustic_015,3,guitar,0,acoustic,32,25,16000,reverb
28.291359,-61.945248,reed_acoustic_023-089-100,reed_acoustic_023-089-100,/root/autodl-tmp/tokenizer-eval/data/nsynth/nsynth-valid/audio/reed_acoustic_023-089-100.wav,224,reed_acoustic_023,7,reed,0,acoustic,89,100,16000,fast_decay|multiphonic|nonlinear_env
-88.89749,29.083004,brass_acoustic_046-094-025,brass_acoustic_046-094-025,/root/autodl-tmp/tokenizer-eval/data/nsynth/nsynth-valid/audio/brass_acoustic_046-094-025.wav,414,brass_acoustic_046,1,brass,0,acoustic,94,25,16000,long_release
23.927958,41.995987,guitar_electronic_028-035-025,guitar_electronic_028-035-025,/root/autodl-tmp/tokenizer-eval/data/nsynth/nsynth-valid/audio/guitar_electronic_028-035-025.wav,510,guitar_electronic_028,3,guitar,1,electronic,35,25,16000,dark
40.935093,-60.5287,reed_acoustic_023-064-100,reed_acoustic_023-064-100,/root/autodl-tmp/tokenizer-eval/data/nsynth/nsynth-valid/audio/reed_acoustic_023-064-100.wav,224,reed_acoustic_023,7,reed,0,acoustic,64,100,16000,bright|fast_decay|multiphonic|nonlinear_env
-47.798706,-9.936642,vocal_synthetic_003-069-100,vocal_synthetic_003-069-100,/root/autodl-tmp/tokenizer-eval/data/nsynth/nsynth-valid/audio/vocal_synthetic_003-069-100.wav,37,vocal_synthetic_003,10,vocal,2,synthetic,69,100,16000,bright|distortion|long_release|nonlinear_env
31.23216,-8.970111,string_acoustic_056-067-100,string_acoustic_056-067-100,/root/autodl-tmp/tokenizer-eval/data/nsynth/nsynth-valid/audio/string_acoustic_056-067-100.wav,436,string_acoustic_056,8,string,0,acoustic,67,100,16000,fast_decay|percussive|reverb
26.451769,-53.187588,keyboard_synthetic_000-091-127,keyboard_synthetic_000-091-127,/root/autodl-tmp/tokenizer-eval/data/nsynth/nsynth-valid/audio/keyboard_synthetic_000-091-127.wav,577,keyboard_synthetic_000,4,keyboard,2,synthetic,91,127,16000,bright|distortion|fast_decay|nonlinear_env
6.9465485,-20.391912,guitar_electronic_022-075-075,guitar_electronic_022-075-075,/root/autodl-tmp/tokenizer-eval/data/nsynth/nsynth-valid/audio/guitar_electronic_022-075-075.wav,378,guitar_electronic_022,3,guitar,1,electronic,75,75,16000,
-49.7601,-31.10362,organ_electronic_007-079-050,organ_electronic_007-079-050,/root/autodl-tmp/tokenizer-eval/data/nsynth/nsynth-valid/audio/organ_electronic_007-079-050.wav,123,organ_electronic_007,6,organ,1,electronic,79,50,16000,bright|distortion|long_release|nonlinear_env
-21.715477,57.90731,reed_acoustic_011-036-050,reed_acoustic_011-036-050,/root/autodl-tmp/tokenizer-eval/data/nsynth/nsynth-valid/audio/reed_acoustic_011-036-050.wav,104,reed_acoustic_011,7,reed,0,acoustic,36,50,16000,
-33.82972,0.9570982,string_acoustic_057-055-075,string_acoustic_057-055-075,/root/autodl-tmp/tokenizer-eval/data/nsynth/nsynth-valid/audio/string_acoustic_057-055-075.wav,450,string_acoustic_057,8,string,0,acoustic,55,75,16000,nonlinear_env|reverb
-9.940475,18.21719,organ_electronic_001-040-025,organ_electronic_001-040-025,/root/autodl-tmp/tokenizer-eval/data/nsynth/nsynth-valid/audio/organ_electronic_001-040-025.wav,8,organ_electronic_001,6,organ,1,electronic,40,25,16000,dark
-29.63392,-9.017028,flute_acoustic_002-071-025,flute_acoustic_002-071-025,/root/autodl-tmp/tokenizer-eval/data/nsynth/nsynth-valid/audio/flute_acoustic_002-071-025.wav,86,flute_acoustic_002,2,flute,0,acoustic,71,25,16000,long_release|reverb
-8.565946,-38.16403,organ_electronic_028-082-075,organ_electronic_028-082-075,/root/autodl-tmp/tokenizer-eval/data/nsynth/nsynth-valid/audio/organ_electronic_028-082-075.wav,440,organ_electronic_028,6,organ,1,electronic,82,75,16000,
-23.783772,-44.069252,string_acoustic_057-092-025,string_acoustic_057-092-025,/root/autodl-tmp/tokenizer-eval/data/nsynth/nsynth-valid/audio/string_acoustic_057-092-025.wav,450,string_acoustic_057,8,string,0,acoustic,92,25,16000,bright|nonlinear_env|reverb
-25.663418,-26.596601,flute_acoustic_002-084-100,flute_acoustic_002-084-100,/root/autodl-tmp/tokenizer-eval/data/nsynth/nsynth-valid/audio/flute_acoustic_002-084-100.wav,86,flute_acoustic_002,2,flute,0,acoustic,84,100,16000,long_release|reverb
-17.036148,-12.539518,reed_acoustic_037-075-100,reed_acoustic_037-075-100,/root/autodl-tmp/tokenizer-eval/data/nsynth/nsynth-valid/audio/reed_acoustic_037-075-100.wav,387,reed_acoustic_037,7,reed,0,acoustic,75,100,16000,reverb
7.1317887,-0.719472,keyboard_electronic_098-057-100,keyboard_electronic_098-057-100,/root/autodl-tmp/tokenizer-eval/data/nsynth/nsynth-valid/audio/keyboard_electronic_098-057-100.wav,905,keyboard_electronic_098,4,keyboard,1,electronic,57,100,16000,dark
-11.139345,14.688319,organ_electronic_104-059-127,organ_electronic_104-059-127,/root/autodl-tmp/tokenizer-eval/data/nsynth/nsynth-valid/audio/organ_electronic_104-059-127.wav,921,organ_electronic_104,6,organ,1,electronic,59,127,16000,
-39.333275,50.020824,vocal_synthetic_003-042-075,vocal_synthetic_003-042-075,/root/autodl-tmp/tokenizer-eval/data/nsynth/nsynth-valid/audio/vocal_synthetic_003-042-075.wav,37,vocal_synthetic_003,10,vocal,2,synthetic,42,75,16000,distortion|long_release|nonlinear_env
29.258932,-23.944773,keyboard_electronic_098-094-025,keyboard_electronic_098-094-025,/root/autodl-tmp/tokenizer-eval/data/nsynth/nsynth-valid/audio/keyboard_electronic_098-094-025.wav,905,keyboard_electronic_098,4,keyboard,1,electronic,94,25,16000,fast_decay|percussive
8.41635,31.847492,guitar_electronic_022-050-050,guitar_electronic_022-050-050,/root/autodl-tmp/tokenizer-eval/data/nsynth/nsynth-valid/audio/guitar_electronic_022-050-050.wav,378,guitar_electronic_022,3,guitar,1,electronic,50,50,16000,dark
-53.258663,-6.91944,vocal_synthetic_003-061-127,vocal_synthetic_003-061-127,/root/autodl-tmp/tokenizer-eval/data/nsynth/nsynth-valid/audio/vocal_synthetic_003-061-127.wav,37,vocal_synthetic_003,10,vocal,2,synthetic,61,127,16000,bright|distortion|long_release|nonlinear_env
-34.036266,-0.73489463,string_acoustic_057-063-025,string_acoustic_057-063-025,/root/autodl-tmp/tokenizer-eval/data/nsynth/nsynth-valid/audio/string_acoustic_057-063-025.wav,450,string_acoustic_057,8,string,0,acoustic,63,25,16000,bright|nonlinear_env|reverb
28.697338,-23.78009,keyboard_electronic_098-093-100,keyboard_electronic_098-093-100,/root/autodl-tmp/tokenizer-eval/data/nsynth/nsynth-valid/audio/keyboard_electronic_098-093-100.wav,905,keyboard_electronic_098,4,keyboard,1,electronic,93,100,16000,fast_decay|percussive
-21.506315,-35.941082,organ_electronic_057-078-025,organ_electronic_057-078-025,/root/autodl-tmp/tokenizer-eval/data/nsynth/nsynth-valid/audio/organ_electronic_057-078-025.wav,701,organ_electronic_057,6,organ,1,electronic,78,25,16000,
-8.4020605,-39.931427,reed_acoustic_018-082-100,reed_acoustic_018-082-100,/root/autodl-tmp/tokenizer-eval/data/nsynth/nsynth-valid/audio/reed_acoustic_018-082-100.wav,183,reed_acoustic_018,7,reed,0,acoustic,82,100,16000,
40.907593,-17.574608,mallet_acoustic_047-074-050,mallet_acoustic_047-074-050,/root/autodl-tmp/tokenizer-eval/data/nsynth/nsynth-valid/audio/mallet_acoustic_047-074-050.wav,488,mallet_acoustic_047,5,mallet,0,acoustic,74,50,16000,fast_decay|percussive|reverb
-88.89749,29.083004,brass_acoustic_046-091-100,brass_acoustic_046-091-100,/root/autodl-tmp/tokenizer-eval/data/nsynth/nsynth-valid/audio/brass_acoustic_046-091-100.wav,414,brass_acoustic_046,1,brass,0,acoustic,91,100,16000,long_release
40.39595,23.367338,mallet_acoustic_062-035-050,mallet_acoustic_062-035-050,/root/autodl-tmp/tokenizer-eval/data/nsynth/nsynth-valid/audio/mallet_acoustic_062-035-050.wav,644,mallet_acoustic_062,5,mallet,0,acoustic,35,50,16000,dark|multiphonic
-10.275596,33.946354,organ_electronic_007-046-050,organ_electronic_007-046-050,/root/autodl-tmp/tokenizer-eval/data/nsynth/nsynth-valid/audio/organ_electronic_007-046-050.wav,123,organ_electronic_007,6,organ,1,electronic,46,50,16000,distortion|long_release|nonlinear_env
2.3837843,48.646946,string_acoustic_071-043-100,string_acoustic_071-043-100,/root/autodl-tmp/tokenizer-eval/data/nsynth/nsynth-valid/audio/string_acoustic_071-043-100.wav,609,string_acoustic_071,8,string,0,acoustic,43,100,16000,reverb
8.902806,-18.8588,guitar_acoustic_014-075-075,guitar_acoustic_014-075-075,/root/autodl-tmp/tokenizer-eval/data/nsynth/nsynth-valid/audio/guitar_acoustic_014-075-075.wav,263,guitar_acoustic_014,3,guitar,0,acoustic,75,75,16000,
19.934465,35.723343,keyboard_electronic_002-042-100,keyboard_electronic_002-042-100,/root/autodl-tmp/tokenizer-eval/data/nsynth/nsynth-valid/audio/keyboard_electronic_002-042-100.wav,50,keyboard_electronic_002,4,keyboard,1,electronic,42,100,16000,distortion
-27.163471,5.3702044,vocal_acoustic_000-069-025,vocal_acoustic_000-069-025,/root/autodl-tmp/tokenizer-eval/data/nsynth/nsynth-valid/audio/vocal_acoustic_000-069-025.wav,46,vocal_acoustic_000,10,vocal,0,acoustic,69,25,16000,reverb
3.7462757,-38.60015,guitar_acoustic_010-088-050,guitar_acoustic_010-088-050,/root/autodl-tmp/tokenizer-eval/data/nsynth/nsynth-valid/audio/guitar_acoustic_010-088-050.wav,219,guitar_acoustic_010,3,guitar,0,acoustic,88,50,16000,
-8.236917,-21.961443,flute_synthetic_000-078-050,flute_synthetic_000-078-050,/root/autodl-tmp/tokenizer-eval/data/nsynth/nsynth-valid/audio/flute_synthetic_000-078-050.wav,82,flute_synthetic_000,2,flute,2,synthetic,78,50,16000,distortion
35.892765,-3.940929,string_acoustic_056-058-075,string_acoustic_056-058-075,/root/autodl-tmp/tokenizer-eval/data/nsynth/nsynth-valid/audio/string_acoustic_056-058-075.wav,436,string_acoustic_056,8,string,0,acoustic,58,75,16000,fast_decay|percussive|reverb
13.428291,-6.4997087,keyboard_acoustic_004-068-050,keyboard_acoustic_004-068-050,/root/autodl-tmp/tokenizer-eval/data/nsynth/nsynth-valid/audio/keyboard_acoustic_004-068-050.wav,327,keyboard_acoustic_004,4,keyboard,0,acoustic,68,50,16000,dark|reverb
32.18334,-4.043905,string_acoustic_056-064-127,string_acoustic_056-064-127,/root/autodl-tmp/tokenizer-eval/data/nsynth/nsynth-valid/audio/string_acoustic_056-064-127.wav,436,string_acoustic_056,8,string,0,acoustic,64,127,16000,fast_decay|reverb
4.5447364,-46.88903,mallet_acoustic_062-091-127,mallet_acoustic_062-091-127,/root/autodl-tmp/tokenizer-eval/data/nsynth/nsynth-valid/audio/mallet_acoustic_062-091-127.wav,644,mallet_acoustic_062,5,mallet,0,acoustic,91,127,16000,multiphonic
-20.083525,-45.645077,string_acoustic_057-094-127,string_acoustic_057-094-127,/root/autodl-tmp/tokenizer-eval/data/nsynth/nsynth-valid/audio/string_acoustic_057-094-127.wav,450,string_acoustic_057,8,string,0,acoustic,94,127,16000,nonlinear_env|reverb
2.3021019,-45.004513,guitar_electronic_028-091-050,guitar_electronic_028-091-050,/root/autodl-tmp/tokenizer-eval/data/nsynth/nsynth-valid/audio/guitar_electronic_028-091-050.wav,510,guitar_electronic_028,3,guitar,1,electronic,91,50,16000,
-8.592385,13.1599865,organ_electronic_057-061-075,organ_electronic_057-061-075,/root/autodl-tmp/tokenizer-eval/data/nsynth/nsynth-valid/audio/organ_electronic_057-061-075.wav,701,organ_electronic_057,6,organ,1,electronic,61,75,16000,dark
-54.492176,-32.572968,vocal_synthetic_003-093-100,vocal_synthetic_003-093-100,/root/autodl-tmp/tokenizer-eval/data/nsynth/nsynth-valid/audio/vocal_synthetic_003-093-100.wav,37,vocal_synthetic_003,10,vocal,2,synthetic,93,100,16000,bright|distortion|long_release|nonlinear_env
31.443981,-7.294224,string_acoustic_056-068-100,string_acoustic_056-068-100,/root/autodl-tmp/tokenizer-eval/data/nsynth/nsynth-valid/audio/string_acoustic_056-068-100.wav,436,string_acoustic_056,8,string,0,acoustic,68,100,16000,fast_decay|percussive|reverb
0.268786,62.38432,flute_synthetic_000-042-075,flute_synthetic_000-042-075,/root/autodl-tmp/tokenizer-eval/data/nsynth/nsynth-valid/audio/flute_synthetic_000-042-075.wav,82,flute_synthetic_000,2,flute,2,synthetic,42,75,16000,distortion
1.1773895,-15.083879,mallet_acoustic_062-072-127,mallet_acoustic_062-072-127,/root/autodl-tmp/tokenizer-eval/data/nsynth/nsynth-valid/audio/mallet_acoustic_062-072-127.wav,644,mallet_acoustic_062,5,mallet,0,acoustic,72,127,16000,dark|multiphonic
-38.16692,52.195026,vocal_synthetic_003-041-050,vocal_synthetic_003-041-050,/root/autodl-tmp/tokenizer-eval/data/nsynth/nsynth-valid/audio/vocal_synthetic_003-041-050.wav,37,vocal_synthetic_003,10,vocal,2,synthetic,41,50,16000,distortion|long_release|nonlinear_env
-59.61103,-27.87937,vocal_synthetic_003-085-075,vocal_synthetic_003-085-075,/root/autodl-tmp/tokenizer-eval/data/nsynth/nsynth-valid/audio/vocal_synthetic_003-085-075.wav,37,vocal_synthetic_003,10,vocal,2,synthetic,85,75,16000,bright|distortion|long_release|nonlinear_env
-16.272743,-10.76582,reed_acoustic_018-075-050,reed_acoustic_018-075-050,/root/autodl-tmp/tokenizer-eval/data/nsynth/nsynth-valid/audio/reed_acoustic_018-075-050.wav,183,reed_acoustic_018,7,reed,0,acoustic,75,50,16000,
14.138133,-33.65189,keyboard_electronic_078-087-127,keyboard_electronic_078-087-127,/root/autodl-tmp/tokenizer-eval/data/nsynth/nsynth-valid/audio/keyboard_electronic_078-087-127.wav,838,keyboard_electronic_078,4,keyboard,1,electronic,87,127,16000,fast_decay
8.569431,53.306828,string_acoustic_071-036-100,string_acoustic_071-036-100,/root/autodl-tmp/tokenizer-eval/data/nsynth/nsynth-valid/audio/string_acoustic_071-036-100.wav,609,string_acoustic_071,8,string,0,acoustic,36,100,16000,long_release|reverb
26.134201,46.524628,keyboard_electronic_069-031-075,keyboard_electronic_069-031-075,/root/autodl-tmp/tokenizer-eval/data/nsynth/nsynth-valid/audio/keyboard_electronic_069-031-075.wav,805,keyboard_electronic_069,4,keyboard,1,electronic,31,75,16000,distortion
-22.169052,-45.88397,string_acoustic_057-093-025,string_acoustic_057-093-025,/root/autodl-tmp/tokenizer-eval/data/nsynth/nsynth-valid/audio/string_acoustic_057-093-025.wav,450,string_acoustic_057,8,string,0,acoustic,93,25,16000,bright|nonlinear_env|reverb
28.647535,36.786278,bass_electronic_025-037-100,bass_electronic_025-037-100,/root/autodl-tmp/tokenizer-eval/data/nsynth/nsynth-valid/audio/bass_electronic_025-037-100.wav,872,bass_electronic_025,0,bass,1,electronic,37,100,16000,
-40.90757,39.244656,vocal_synthetic_003-052-127,vocal_synthetic_003-052-127,/root/autodl-tmp/tokenizer-eval/data/nsynth/nsynth-valid/audio/vocal_synthetic_003-052-127.wav,37,vocal_synthetic_003,10,vocal,2,synthetic,52,127,16000,bright|distortion|long_release|nonlinear_env
38.034195,-62.30175,reed_acoustic_023-066-075,reed_acoustic_023-066-075,/root/autodl-tmp/tokenizer-eval/data/nsynth/nsynth-valid/audio/reed_acoustic_023-066-075.wav,224,reed_acoustic_023,7,reed,0,acoustic,66,75,16000,bright|fast_decay|multiphonic|nonlinear_env
-6.338216,25.499851,organ_electronic_057-039-025,organ_electronic_057-039-025,/root/autodl-tmp/tokenizer-eval/data/nsynth/nsynth-valid/audio/organ_electronic_057-039-025.wav,701,organ_electronic_057,6,organ,1,electronic,39,25,16000,dark
-49.033436,-19.920374,vocal_synthetic_003-075-100,vocal_synthetic_003-075-100,/root/autodl-tmp/tokenizer-eval/data/nsynth/nsynth-valid/audio/vocal_synthetic_003-075-100.wav,37,vocal_synthetic_003,10,vocal,2,synthetic,75,100,16000,bright|distortion|long_release|nonlinear_env
-9.82387,-33.54422,flute_acoustic_002-081-050,flute_acoustic_002-081-050,/root/autodl-tmp/tokenizer-eval/data/nsynth/nsynth-valid/audio/flute_acoustic_002-081-050.wav,86,flute_acoustic_002,2,flute,0,acoustic,81,50,16000,reverb
9.663011,6.8221188,guitar_acoustic_015-061-025,guitar_acoustic_015-061-025,/root/autodl-tmp/tokenizer-eval/data/nsynth/nsynth-valid/audio/guitar_acoustic_015-061-025.wav,316,guitar_acoustic_015,3,guitar,0,acoustic,61,25,16000,reverb
-16.753405,30.571562,reed_acoustic_011-053-127,reed_acoustic_011-053-127,/root/autodl-tmp/tokenizer-eval/data/nsynth/nsynth-valid/audio/reed_acoustic_011-053-127.wav,104,reed_acoustic_011,7,reed,0,acoustic,53,127,16000,bright
-9.786955,19.319004,organ_electronic_001-039-100,organ_electronic_001-039-100,/root/autodl-tmp/tokenizer-eval/data/nsynth/nsynth-valid/audio/organ_electronic_001-039-100.wav,8,organ_electronic_001,6,organ,1,electronic,39,100,16000,dark
34.988976,6.543294,string_acoustic_014-059-025,string_acoustic_014-059-025,/root/autodl-tmp/tokenizer-eval/data/nsynth/nsynth-valid/audio/string_acoustic_014-059-025.wav,100,string_acoustic_014,8,string,0,acoustic,59,25,16000,dark|reverb
6.41204,6.9573894,keyboard_electronic_001-060-050,keyboard_electronic_001-060-050,/root/autodl-tmp/tokenizer-eval/data/nsynth/nsynth-valid/audio/keyboard_electronic_001-060-050.wav,40,keyboard_electronic_001,4,keyboard,1,electronic,60,50,16000,dark
-23.246796,-37.019722,organ_electronic_001-089-050,organ_electronic_001-089-050,/root/autodl-tmp/tokenizer-eval/data/nsynth/nsynth-valid/audio/organ_electronic_001-089-050.wav,8,organ_electronic_001,6,organ,1,electronic,89,50,16000,
13.424607,32.91713,organ_electronic_057-035-075,organ_electronic_057-035-075,/root/autodl-tmp/tokenizer-eval/data/nsynth/nsynth-valid/audio/organ_electronic_057-035-075.wav,701,organ_electronic_057,6,organ,1,electronic,35,75,16000,dark
-38.358604,-27.927757,brass_acoustic_016-061-100,brass_acoustic_016-061-100,/root/autodl-tmp/tokenizer-eval/data/nsynth/nsynth-valid/audio/brass_acoustic_016-061-100.wav,128,brass_acoustic_016,1,brass,0,acoustic,61,100,16000,bright
-60.602356,-22.05131,vocal_synthetic_003-090-100,vocal_synthetic_003-090-100,/root/autodl-tmp/tokenizer-eval/data/nsynth/nsynth-valid/audio/vocal_synthetic_003-090-100.wav,37,vocal_synthetic_003,10,vocal,2,synthetic,90,100,16000,bright|distortion|long_release|nonlinear_env
10.560394,39.178005,keyboard_electronic_069-049-025,keyboard_electronic_069-049-025,/root/autodl-tmp/tokenizer-eval/data/nsynth/nsynth-valid/audio/keyboard_electronic_069-049-025.wav,805,keyboard_electronic_069,4,keyboard,1,electronic,49,25,16000,distortion
-38.169006,52.30478,vocal_synthetic_003-041-025,vocal_synthetic_003-041-025,/root/autodl-tmp/tokenizer-eval/data/nsynth/nsynth-valid/audio/vocal_synthetic_003-041-025.wav,37,vocal_synthetic_003,10,vocal,2,synthetic,41,25,16000,distortion|long_release|nonlinear_env
33.78363,-25.946135,mallet_acoustic_062-080-025,mallet_acoustic_062-080-025,/root/autodl-tmp/tokenizer-eval/data/nsynth/nsynth-valid/audio/mallet_acoustic_062-080-025.wav,644,mallet_acoustic_062,5,mallet,0,acoustic,80,25,16000,fast_decay|multiphonic|percussive
-27.742334,-38.98378,string_acoustic_057-089-100,string_acoustic_057-089-100,/root/autodl-tmp/tokenizer-eval/data/nsynth/nsynth-valid/audio/string_acoustic_057-089-100.wav,450,string_acoustic_057,8,string,0,acoustic,89,100,16000,nonlinear_env|reverb
32.30864,-51.049515,keyboard_synthetic_000-070-050,keyboard_synthetic_000-070-050,/root/autodl-tmp/tokenizer-eval/data/nsynth/nsynth-valid/audio/keyboard_synthetic_000-070-050.wav,577,keyboard_synthetic_000,4,keyboard,2,synthetic,70,50,16000,distortion|fast_decay|nonlinear_env
-39.239338,41.57316,vocal_synthetic_003-049-100,vocal_synthetic_003-049-100,/root/autodl-tmp/tokenizer-eval/data/nsynth/nsynth-valid/audio/vocal_synthetic_003-049-100.wav,37,vocal_synthetic_003,10,vocal,2,synthetic,49,100,16000,bright|distortion|long_release|nonlinear_env
-10.107837,23.357447,organ_electronic_104-035-100,organ_electronic_104-035-100,/root/autodl-tmp/tokenizer-eval/data/nsynth/nsynth-valid/audio/organ_electronic_104-035-100.wav,921,organ_electronic_104,6,organ,1,electronic,35,100,16000,
12.552813,-34.32884,keyboard_electronic_069-087-025,keyboard_electronic_069-087-025,/root/autodl-tmp/tokenizer-eval/data/nsynth/nsynth-valid/audio/keyboard_electronic_069-087-025.wav,805,keyboard_electronic_069,4,keyboard,1,electronic,87,25,16000,
41.823128,-57.50889,reed_acoustic_023-048-075,reed_acoustic_023-048-075,/root/autodl-tmp/tokenizer-eval/data/nsynth/nsynth-valid/audio/reed_acoustic_023-048-075.wav,224,reed_acoustic_023,7,reed,0,acoustic,48,75,16000,bright|fast_decay|multiphonic|nonlinear_env
-5.736732,25.749365,organ_electronic_057-038-050,organ_electronic_057-038-050,/root/autodl-tmp/tokenizer-eval/data/nsynth/nsynth-valid/audio/organ_electronic_057-038-050.wav,701,organ_electronic_057,6,organ,1,electronic,38,50,16000,dark
-24.008095,22.988077,string_acoustic_012-055-075,string_acoustic_012-055-075,/root/autodl-tmp/tokenizer-eval/data/nsynth/nsynth-valid/audio/string_acoustic_012-055-075.wav,97,string_acoustic_012,8,string,0,acoustic,55,75,16000,long_release|reverb
22.464985,10.98909,string_acoustic_014-057-075,string_acoustic_014-057-075,/root/autodl-tmp/tokenizer-eval/data/nsynth/nsynth-valid/audio/string_acoustic_014-057-075.wav,100,string_acoustic_014,8,string,0,acoustic,57,75,16000,dark|reverb
-52.772453,-25.548714,vocal_synthetic_003-086-127,vocal_synthetic_003-086-127,/root/autodl-tmp/tokenizer-eval/data/nsynth/nsynth-valid/audio/vocal_synthetic_003-086-127.wav,37,vocal_synthetic_003,10,vocal,2,synthetic,86,127,16000,bright|distortion|long_release|nonlinear_env
-35.68377,7.5666184,vocal_acoustic_000-064-100,vocal_acoustic_000-064-100,/root/autodl-tmp/tokenizer-eval/data/nsynth/nsynth-valid/audio/vocal_acoustic_000-064-100.wav,46,vocal_acoustic_000,10,vocal,0,acoustic,64,100,16000,reverb
-40.449203,47.537663,vocal_synthetic_003-044-075,vocal_synthetic_003-044-075,/root/autodl-tmp/tokenizer-eval/data/nsynth/nsynth-valid/audio/vocal_synthetic_003-044-075.wav,37,vocal_synthetic_003,10,vocal,2,synthetic,44,75,16000,distortion|long_release|nonlinear_env
4.2497115,19.006062,brass_acoustic_015-042-025,brass_acoustic_015-042-025,/root/autodl-tmp/tokenizer-eval/data/nsynth/nsynth-valid/audio/brass_acoustic_015-042-025.wav,121,brass_acoustic_015,1,brass,0,acoustic,42,25,16000,reverb
41.67258,-9.53763,mallet_acoustic_047-088-050,mallet_acoustic_047-088-050,/root/autodl-tmp/tokenizer-eval/data/nsynth/nsynth-valid/audio/mallet_acoustic_047-088-050.wav,488,mallet_acoustic_047,5,mallet,0,acoustic,88,50,16000,fast_decay|percussive|reverb
-37.190983,49.953556,vocal_synthetic_003-040-075,vocal_synthetic_003-040-075,/root/autodl-tmp/tokenizer-eval/data/nsynth/nsynth-valid/audio/vocal_synthetic_003-040-075.wav,37,vocal_synthetic_003,10,vocal,2,synthetic,40,75,16000,distortion|long_release|nonlinear_env
-39.45676,-17.268757,bass_synthetic_009-073-100,bass_synthetic_009-073-100,/root/autodl-tmp/tokenizer-eval/data/nsynth/nsynth-valid/audio/bass_synthetic_009-073-100.wav,150,bass_synthetic_009,0,bass,2,synthetic,73,100,16000,bright|distortion|long_release
3.1093671,-50.25611,mallet_acoustic_062-094-127,mallet_acoustic_062-094-127,/root/autodl-tmp/tokenizer-eval/data/nsynth/nsynth-valid/audio/mallet_acoustic_062-094-127.wav,644,mallet_acoustic_062,5,mallet,0,acoustic,94,127,16000,multiphonic
6.8133173,50.887844,string_acoustic_071-031-025,string_acoustic_071-031-025,/root/autodl-tmp/tokenizer-eval/data/nsynth/nsynth-valid/audio/string_acoustic_071-031-025.wav,609,string_acoustic_071,8,string,0,acoustic,31,25,16000,reverb
-1.0439539,-44.256588,organ_electronic_028-091-075,organ_electronic_028-091-075,/root/autodl-tmp/tokenizer-eval/data/nsynth/nsynth-valid/audio/organ_electronic_028-091-075.wav,440,organ_electronic_028,6,organ,1,electronic,91,75,16000,
-14.956979,17.602058,organ_electronic_104-055-025,organ_electronic_104-055-025,/root/autodl-tmp/tokenizer-eval/data/nsynth/nsynth-valid/audio/organ_electronic_104-055-025.wav,921,organ_electronic_104,6,organ,1,electronic,55,25,16000,
-53.01684,-10.539442,vocal_synthetic_003-064-100,vocal_synthetic_003-064-100,/root/autodl-tmp/tokenizer-eval/data/nsynth/nsynth-valid/audio/vocal_synthetic_003-064-100.wav,37,vocal_synthetic_003,10,vocal,2,synthetic,64,100,16000,bright|distortion|long_release|nonlinear_env
-19.774233,45.967888,reed_acoustic_037-037-025,reed_acoustic_037-037-025,/root/autodl-tmp/tokenizer-eval/data/nsynth/nsynth-valid/audio/reed_acoustic_037-037-025.wav,387,reed_acoustic_037,7,reed,0,acoustic,37,25,16000,reverb
26.543467,26.329845,bass_synthetic_134-046-100,bass_synthetic_134-046-100,/root/autodl-tmp/tokenizer-eval/data/nsynth/nsynth-valid/audio/bass_synthetic_134-046-100.wav,914,bass_synthetic_134,0,bass,2,synthetic,46,100,16000,dark|reverb
38.918503,-48.966553,keyboard_synthetic_000-050-127,keyboard_synthetic_000-050-127,/root/autodl-tmp/tokenizer-eval/data/nsynth/nsynth-valid/audio/keyboard_synthetic_000-050-127.wav,577,keyboard_synthetic_000,4,keyboard,2,synthetic,50,127,16000,bright|distortion|fast_decay|nonlinear_env
-33.528076,-1.12737,string_acoustic_057-062-025,string_acoustic_057-062-025,/root/autodl-tmp/tokenizer-eval/data/nsynth/nsynth-valid/audio/string_acoustic_057-062-025.wav,450,string_acoustic_057,8,string,0,acoustic,62,25,16000,bright|nonlinear_env|reverb
62.19179,-10.079428,mallet_acoustic_056-064-075,mallet_acoustic_056-064-075,/root/autodl-tmp/tokenizer-eval/data/nsynth/nsynth-valid/audio/mallet_acoustic_056-064-075.wav,590,mallet_acoustic_056,5,mallet,0,acoustic,64,75,16000,fast_decay
-1.206001,44.903255,string_acoustic_071-047-127,string_acoustic_071-047-127,/root/autodl-tmp/tokenizer-eval/data/nsynth/nsynth-valid/audio/string_acoustic_071-047-127.wav,609,string_acoustic_071,8,string,0,acoustic,47,127,16000,long_release|reverb
9.419044,27.868591,guitar_electronic_028-051-127,guitar_electronic_028-051-127,/root/autodl-tmp/tokenizer-eval/data/nsynth/nsynth-valid/audio/guitar_electronic_028-051-127.wav,510,guitar_electronic_028,3,guitar,1,electronic,51,127,16000,
-30.671293,-31.092257,string_acoustic_057-086-075,string_acoustic_057-086-075,/root/autodl-tmp/tokenizer-eval/data/nsynth/nsynth-valid/audio/string_acoustic_057-086-075.wav,450,string_acoustic_057,8,string,0,acoustic,86,75,16000,nonlinear_env|reverb
4.247197,-5.0803304,bass_synthetic_135-070-100,bass_synthetic_135-070-100,/root/autodl-tmp/tokenizer-eval/data/nsynth/nsynth-valid/audio/bass_synthetic_135-070-100.wav,927,bass_synthetic_135,0,bass,2,synthetic,70,100,16000,distortion
-25.614326,-36.088657,flute_synthetic_000-089-100,flute_synthetic_000-089-100,/root/autodl-tmp/tokenizer-eval/data/nsynth/nsynth-valid/audio/flute_synthetic_000-089-100.wav,82,flute_synthetic_000,2,flute,2,synthetic,89,100,16000,distortion
34.989017,6.5433044,string_acoustic_014-059-100,string_acoustic_014-059-100,/root/autodl-tmp/tokenizer-eval/data/nsynth/nsynth-valid/audio/string_acoustic_014-059-100.wav,100,string_acoustic_014,8,string,0,acoustic,59,100,16000,dark|reverb
-19.009388,54.57167,brass_acoustic_059-031-075,brass_acoustic_059-031-075,/root/autodl-tmp/tokenizer-eval/data/nsynth/nsynth-valid/audio/brass_acoustic_059-031-075.wav,572,brass_acoustic_059,1,brass,0,acoustic,31,75,16000,bright|reverb
-20.842781,-32.284424,organ_electronic_057-073-025,organ_electronic_057-073-025,/root/autodl-tmp/tokenizer-eval/data/nsynth/nsynth-valid/audio/organ_electronic_057-073-025.wav,701,organ_electronic_057,6,organ,1,electronic,73,25,16000,
-29.616467,-8.715576,reed_acoustic_037-071-075,reed_acoustic_037-071-075,/root/autodl-tmp/tokenizer-eval/data/nsynth/nsynth-valid/audio/reed_acoustic_037-071-075.wav,387,reed_acoustic_037,7,reed,0,acoustic,71,75,16000,reverb
-41.529633,45.40504,vocal_synthetic_003-046-075,vocal_synthetic_003-046-075,/root/autodl-tmp/tokenizer-eval/data/nsynth/nsynth-valid/audio/vocal_synthetic_003-046-075.wav,37,vocal_synthetic_003,10,vocal,2,synthetic,46,75,16000,distortion|long_release|nonlinear_env
22.932163,33.185364,bass_electronic_025-042-075,bass_electronic_025-042-075,/root/autodl-tmp/tokenizer-eval/data/nsynth/nsynth-valid/audio/bass_electronic_025-042-075.wav,872,bass_electronic_025,0,bass,1,electronic,42,75,16000,
-17.708584,54.75133,brass_acoustic_059-031-025,brass_acoustic_059-031-025,/root/autodl-tmp/tokenizer-eval/data/nsynth/nsynth-valid/audio/brass_acoustic_059-031-025.wav,572,brass_acoustic_059,1,brass,0,acoustic,31,25,16000,reverb
36.3764,26.503872,mallet_acoustic_062-038-075,mallet_acoustic_062-038-075,/root/autodl-tmp/tokenizer-eval/data/nsynth/nsynth-valid/audio/mallet_acoustic_062-038-075.wav,644,mallet_acoustic_062,5,mallet,0,acoustic,38,75,16000,dark|multiphonic
-38.397675,-31.613165,brass_acoustic_016-076-100,brass_acoustic_016-076-100,/root/autodl-tmp/tokenizer-eval/data/nsynth/nsynth-valid/audio/brass_acoustic_016-076-100.wav,128,brass_acoustic_016,1,brass,0,acoustic,76,100,16000,bright
4.3428626,34.04358,guitar_acoustic_014-049-100,guitar_acoustic_014-049-100,/root/autodl-tmp/tokenizer-eval/data/nsynth/nsynth-valid/audio/guitar_acoustic_014-049-100.wav,263,guitar_acoustic_014,3,guitar,0,acoustic,49,100,16000,
-22.632963,57.461357,reed_acoustic_011-038-025,reed_acoustic_011-038-025,/root/autodl-tmp/tokenizer-eval/data/nsynth/nsynth-valid/audio/reed_acoustic_011-038-025.wav,104,reed_acoustic_011,7,reed,0,acoustic,38,25,16000,
14.349086,50.90721,guitar_acoustic_021-032-100,guitar_acoustic_021-032-100,/root/autodl-tmp/tokenizer-eval/data/nsynth/nsynth-valid/audio/guitar_acoustic_021-032-100.wav,457,guitar_acoustic_021,3,guitar,0,acoustic,32,100,16000,
-16.194298,42.689224,brass_acoustic_059-049-050,brass_acoustic_059-049-050,/root/autodl-tmp/tokenizer-eval/data/nsynth/nsynth-valid/audio/brass_acoustic_059-049-050.wav,572,brass_acoustic_059,1,brass,0,acoustic,49,50,16000,dark|reverb
24.257317,36.95763,bass_electronic_025-039-050,bass_electronic_025-039-050,/root/autodl-tmp/tokenizer-eval/data/nsynth/nsynth-valid/audio/bass_electronic_025-039-050.wav,872,bass_electronic_025,0,bass,1,electronic,39,50,16000,
-36.698166,20.517311,flute_synthetic_000-061-100,flute_synthetic_000-061-100,/root/autodl-tmp/tokenizer-eval/data/nsynth/nsynth-valid/audio/flute_synthetic_000-061-100.wav,82,flute_synthetic_000,2,flute,2,synthetic,61,100,16000,distortion
-25.965534,1.3391274,brass_acoustic_015-069-100,brass_acoustic_015-069-100,/root/autodl-tmp/tokenizer-eval/data/nsynth/nsynth-valid/audio/brass_acoustic_015-069-100.wav,121,brass_acoustic_015,1,brass,0,acoustic,69,100,16000,reverb
-55.360573,-15.795952,vocal_synthetic_003-077-075,vocal_synthetic_003-077-075,/root/autodl-tmp/tokenizer-eval/data/nsynth/nsynth-valid/audio/vocal_synthetic_003-077-075.wav,37,vocal_synthetic_003,10,vocal,2,synthetic,77,75,16000,bright|distortion|long_release|nonlinear_env
-52.471687,-29.690878,vocal_synthetic_003-091-050,vocal_synthetic_003-091-050,/root/autodl-tmp/tokenizer-eval/data/nsynth/nsynth-valid/audio/vocal_synthetic_003-091-050.wav,37,vocal_synthetic_003,10,vocal,2,synthetic,91,50,16000,bright|distortion|long_release|nonlinear_env
-13.831119,-4.9351673,reed_acoustic_018-059-075,reed_acoustic_018-059-075,/root/autodl-tmp/tokenizer-eval/data/nsynth/nsynth-valid/audio/reed_acoustic_018-059-075.wav,183,reed_acoustic_018,7,reed,0,acoustic,59,75,16000,
-9.554507,-20.068703,flute_synthetic_000-077-050,flute_synthetic_000-077-050,/root/autodl-tmp/tokenizer-eval/data/nsynth/nsynth-valid/audio/flute_synthetic_000-077-050.wav,82,flute_synthetic_000,2,flute,2,synthetic,77,50,16000,distortion
18.09823,-28.997488,mallet_acoustic_062-084-127,mallet_acoustic_062-084-127,/root/autodl-tmp/tokenizer-eval/data/nsynth/nsynth-valid/audio/mallet_acoustic_062-084-127.wav,644,mallet_acoustic_062,5,mallet,0,acoustic,84,127,16000,multiphonic
30.030005,-22.774696,keyboard_electronic_002-095-025,keyboard_electronic_002-095-025,/root/autodl-tmp/tokenizer-eval/data/nsynth/nsynth-valid/audio/keyboard_electronic_002-095-025.wav,50,keyboard_electronic_002,4,keyboard,1,electronic,95,25,16000,fast_decay|percussive
7.2813373,21.409906,guitar_acoustic_015-053-050,guitar_acoustic_015-053-050,/root/autodl-tmp/tokenizer-eval/data/nsynth/nsynth-valid/audio/guitar_acoustic_015-053-050.wav,316,guitar_acoustic_015,3,guitar,0,acoustic,53,50,16000,reverb
2.9185123,-8.525956,guitar_electronic_028-071-127,guitar_electronic_028-071-127,/root/autodl-tmp/tokenizer-eval/data/nsynth/nsynth-valid/audio/guitar_electronic_028-071-127.wav,510,guitar_electronic_028,3,guitar,1,electronic,71,127,16000,
-11.640012,53.802113,reed_acoustic_011-041-025,reed_acoustic_011-041-025,/root/autodl-tmp/tokenizer-eval/data/nsynth/nsynth-valid/audio/reed_acoustic_011-041-025.wav,104,reed_acoustic_011,7,reed,0,acoustic,41,25,16000,
17.528069,16.359232,bass_electronic_018-055-100,bass_electronic_018-055-100,/root/autodl-tmp/tokenizer-eval/data/nsynth/nsynth-valid/audio/bass_electronic_018-055-100.wav,759,bass_electronic_018,0,bass,1,electronic,55,100,16000,
33.739536,-62.860695,reed_acoustic_023-079-127,reed_acoustic_023-079-127,/root/autodl-tmp/tokenizer-eval/data/nsynth/nsynth-valid/audio/reed_acoustic_023-079-127.wav,224,reed_acoustic_023,7,reed,0,acoustic,79,127,16000,bright|fast_decay|multiphonic|nonlinear_env
7.1063733,36.843964,keyboard_electronic_078-045-025,keyboard_electronic_078-045-025,/root/autodl-tmp/tokenizer-eval/data/nsynth/nsynth-valid/audio/keyboard_electronic_078-045-025.wav,838,keyboard_electronic_078,4,keyboard,1,electronic,45,25,16000,bright
-9.959968,39.915955,brass_acoustic_059-051-075,brass_acoustic_059-051-075,/root/autodl-tmp/tokenizer-eval/data/nsynth/nsynth-valid/audio/brass_acoustic_059-051-075.wav,572,brass_acoustic_059,1,brass,0,acoustic,51,75,16000,bright|reverb
-88.89749,29.083004,brass_acoustic_046-095-127,brass_acoustic_046-095-127,/root/autodl-tmp/tokenizer-eval/data/nsynth/nsynth-valid/audio/brass_acoustic_046-095-127.wav,414,brass_acoustic_046,1,brass,0,acoustic,95,127,16000,long_release
-7.627965,42.45295,string_acoustic_071-051-075,string_acoustic_071-051-075,/root/autodl-tmp/tokenizer-eval/data/nsynth/nsynth-valid/audio/string_acoustic_071-051-075.wav,609,string_acoustic_071,8,string,0,acoustic,51,75,16000,reverb
-26.053545,8.508791,flute_synthetic_000-070-025,flute_synthetic_000-070-025,/root/autodl-tmp/tokenizer-eval/data/nsynth/nsynth-valid/audio/flute_synthetic_000-070-025.wav,82,flute_synthetic_000,2,flute,2,synthetic,70,25,16000,distortion
-11.656088,1.1471426,brass_acoustic_046-066-025,brass_acoustic_046-066-025,/root/autodl-tmp/tokenizer-eval/data/nsynth/nsynth-valid/audio/brass_acoustic_046-066-025.wav,414,brass_acoustic_046,1,brass,0,acoustic,66,25,16000,
-13.805499,55.271824,organ_electronic_007-038-100,organ_electronic_007-038-100,/root/autodl-tmp/tokenizer-eval/data/nsynth/nsynth-valid/audio/organ_electronic_007-038-100.wav,123,organ_electronic_007,6,organ,1,electronic,38,100,16000,distortion|long_release|nonlinear_env
44.109737,-14.742492,mallet_acoustic_047-068-050,mallet_acoustic_047-068-050,/root/autodl-tmp/tokenizer-eval/data/nsynth/nsynth-valid/audio/mallet_acoustic_047-068-050.wav,488,mallet_acoustic_047,5,mallet,0,acoustic,68,50,16000,fast_decay|percussive|reverb
78.76183,9.031518,bass_synthetic_098-075-100,bass_synthetic_098-075-100,/root/autodl-tmp/tokenizer-eval/data/nsynth/nsynth-valid/audio/bass_synthetic_098-075-100.wav,803,bass_synthetic_098,0,bass,2,synthetic,75,100,16000,
41.01222,-17.60279,mallet_acoustic_047-074-100,mallet_acoustic_047-074-100,/root/autodl-tmp/tokenizer-eval/data/nsynth/nsynth-valid/audio/mallet_acoustic_047-074-100.wav,488,mallet_acoustic_047,5,mallet,0,acoustic,74,100,16000,fast_decay|percussive|reverb
9.988423,58.957413,flute_synthetic_000-033-050,flute_synthetic_000-033-050,/root/autodl-tmp/tokenizer-eval/data/nsynth/nsynth-valid/audio/flute_synthetic_000-033-050.wav,82,flute_synthetic_000,2,flute,2,synthetic,33,50,16000,distortion
7.289452,50.583393,string_acoustic_012-031-127,string_acoustic_012-031-127,/root/autodl-tmp/tokenizer-eval/data/nsynth/nsynth-valid/audio/string_acoustic_012-031-127.wav,97,string_acoustic_012,8,string,0,acoustic,31,127,16000,reverb
9.020829,53.635677,string_acoustic_012-035-025,string_acoustic_012-035-025,/root/autodl-tmp/tokenizer-eval/data/nsynth/nsynth-valid/audio/string_acoustic_012-035-025.wav,97,string_acoustic_012,8,string,0,acoustic,35,25,16000,long_release|reverb
-1.9201527,41.467648,string_acoustic_071-048-100,string_acoustic_071-048-100,/root/autodl-tmp/tokenizer-eval/data/nsynth/nsynth-valid/audio/string_acoustic_071-048-100.wav,609,string_acoustic_071,8,string,0,acoustic,48,100,16000,long_release|reverb
39.901443,-59.2768,reed_acoustic_023-058-100,reed_acoustic_023-058-100,/root/autodl-tmp/tokenizer-eval/data/nsynth/nsynth-valid/audio/reed_acoustic_023-058-100.wav,224,reed_acoustic_023,7,reed,0,acoustic,58,100,16000,bright|fast_decay|multiphonic|nonlinear_env
40.569298,-16.14257,mallet_acoustic_047-078-127,mallet_acoustic_047-078-127,/root/autodl-tmp/tokenizer-eval/data/nsynth/nsynth-valid/audio/mallet_acoustic_047-078-127.wav,488,mallet_acoustic_047,5,mallet,0,acoustic,78,127,16000,fast_decay|percussive|reverb
8.486237,50.46241,string_acoustic_080-033-050,string_acoustic_080-033-050,/root/autodl-tmp/tokenizer-eval/data/nsynth/nsynth-valid/audio/string_acoustic_080-033-050.wav,675,string_acoustic_080,8,string,0,acoustic,33,50,16000,reverb
32.415333,-58.858852,reed_acoustic_023-084-025,reed_acoustic_023-084-025,/root/autodl-tmp/tokenizer-eval/data/nsynth/nsynth-valid/audio/reed_acoustic_023-084-025.wav,224,reed_acoustic_023,7,reed,0,acoustic,84,25,16000,bright|fast_decay|multiphonic|nonlinear_env
10.163243,-28.847141,guitar_electronic_028-084-100,guitar_electronic_028-084-100,/root/autodl-tmp/tokenizer-eval/data/nsynth/nsynth-valid/audio/guitar_electronic_028-084-100.wav,510,guitar_electronic_028,3,guitar,1,electronic,84,100,16000,
-27.507935,-39.06139,string_acoustic_057-089-050,string_acoustic_057-089-050,/root/autodl-tmp/tokenizer-eval/data/nsynth/nsynth-valid/audio/string_acoustic_057-089-050.wav,450,string_acoustic_057,8,string,0,acoustic,89,50,16000,bright|nonlinear_env|reverb
-3.1462216,-43.431328,flute_acoustic_002-090-100,flute_acoustic_002-090-100,/root/autodl-tmp/tokenizer-eval/data/nsynth/nsynth-valid/audio/flute_acoustic_002-090-100.wav,86,flute_acoustic_002,2,flute,0,acoustic,90,100,16000,long_release|reverb
-10.145991,-37.938526,flute_acoustic_002-082-127,flute_acoustic_002-082-127,/root/autodl-tmp/tokenizer-eval/data/nsynth/nsynth-valid/audio/flute_acoustic_002-082-127.wav,86,flute_acoustic_002,2,flute,0,acoustic,82,127,16000,long_release|reverb
8.542999,-6.331983,keyboard_electronic_002-069-075,keyboard_electronic_002-069-075,/root/autodl-tmp/tokenizer-eval/data/nsynth/nsynth-valid/audio/keyboard_electronic_002-069-075.wav,50,keyboard_electronic_002,4,keyboard,1,electronic,69,75,16000,
17.350147,29.876581,keyboard_electronic_003-043-050,keyboard_electronic_003-043-050,/root/autodl-tmp/tokenizer-eval/data/nsynth/nsynth-valid/audio/keyboard_electronic_003-043-050.wav,65,keyboard_electronic_003,4,keyboard,1,electronic,43,50,16000,dark
12.64409,-27.754848,guitar_electronic_028-083-127,guitar_electronic_028-083-127,/root/autodl-tmp/tokenizer-eval/data/nsynth/nsynth-valid/audio/guitar_electronic_028-083-127.wav,510,guitar_electronic_028,3,guitar,1,electronic,83,127,16000,
-25.109636,-43.030983,string_acoustic_057-091-127,string_acoustic_057-091-127,/root/autodl-tmp/tokenizer-eval/data/nsynth/nsynth-valid/audio/string_acoustic_057-091-127.wav,450,string_acoustic_057,8,string,0,acoustic,91,127,16000,nonlinear_env|reverb
42.557903,0.06903942,mallet_acoustic_047-065-075,mallet_acoustic_047-065-075,/root/autodl-tmp/tokenizer-eval/data/nsynth/nsynth-valid/audio/mallet_acoustic_047-065-075.wav,488,mallet_acoustic_047,5,mallet,0,acoustic,65,75,16000,reverb
-17.595278,21.840828,organ_electronic_001-065-050,organ_electronic_001-065-050,/root/autodl-tmp/tokenizer-eval/data/nsynth/nsynth-valid/audio/organ_electronic_001-065-050.wav,8,organ_electronic_001,6,organ,1,electronic,65,50,16000,
-23.390978,-15.245301,brass_acoustic_046-074-127,brass_acoustic_046-074-127,/root/autodl-tmp/tokenizer-eval/data/nsynth/nsynth-valid/audio/brass_acoustic_046-074-127.wav,414,brass_acoustic_046,1,brass,0,acoustic,74,127,16000,bright
-48.93279,-21.363169,organ_electronic_007-075-100,organ_electronic_007-075-100,/root/autodl-tmp/tokenizer-eval/data/nsynth/nsynth-valid/audio/organ_electronic_007-075-100.wav,123,organ_electronic_007,6,organ,1,electronic,75,100,16000,distortion|long_release|nonlinear_env
14.246434,-33.680344,guitar_acoustic_030-087-127,guitar_acoustic_030-087-127,/root/autodl-tmp/tokenizer-eval/data/nsynth/nsynth-valid/audio/guitar_acoustic_030-087-127.wav,642,guitar_acoustic_030,3,guitar,0,acoustic,87,127,16000,fast_decay|tempo-synced
63.514786,-13.965177,mallet_acoustic_056-053-100,mallet_acoustic_056-053-100,/root/autodl-tmp/tokenizer-eval/data/nsynth/nsynth-valid/audio/mallet_acoustic_056-053-100.wav,590,mallet_acoustic_056,5,mallet,0,acoustic,53,100,16000,bright|fast_decay|percussive
18.826298,31.775017,keyboard_electronic_098-043-025,keyboard_electronic_098-043-025,/root/autodl-tmp/tokenizer-eval/data/nsynth/nsynth-valid/audio/keyboard_electronic_098-043-025.wav,905,keyboard_electronic_098,4,keyboard,1,electronic,43,25,16000,dark
40.950764,23.860735,mallet_acoustic_062-033-050,mallet_acoustic_062-033-050,/root/autodl-tmp/tokenizer-eval/data/nsynth/nsynth-valid/audio/mallet_acoustic_062-033-050.wav,644,mallet_acoustic_062,5,mallet,0,acoustic,33,50,16000,dark|multiphonic
-31.644672,48.273643,vocal_synthetic_003-031-127,vocal_synthetic_003-031-127,/root/autodl-tmp/tokenizer-eval/data/nsynth/nsynth-valid/audio/vocal_synthetic_003-031-127.wav,37,vocal_synthetic_003,10,vocal,2,synthetic,31,127,16000,bright|distortion|long_release|nonlinear_env
-23.106133,-34.618137,organ_electronic_113-077-127,organ_electronic_113-077-127,/root/autodl-tmp/tokenizer-eval/data/nsynth/nsynth-valid/audio/organ_electronic_113-077-127.wav,958,organ_electronic_113,6,organ,1,electronic,77,127,16000,
62.22952,-14.946699,mallet_acoustic_056-048-025,mallet_acoustic_056-048-025,/root/autodl-tmp/tokenizer-eval/data/nsynth/nsynth-valid/audio/mallet_acoustic_056-048-025.wav,590,mallet_acoustic_056,5,mallet,0,acoustic,48,25,16000,bright|fast_decay|percussive
-26.404526,-42.362617,string_acoustic_057-090-127,string_acoustic_057-090-127,/root/autodl-tmp/tokenizer-eval/data/nsynth/nsynth-valid/audio/string_acoustic_057-090-127.wav,450,string_acoustic_057,8,string,0,acoustic,90,127,16000,nonlinear_env|reverb
7.09616,51.94108,string_acoustic_080-032-025,string_acoustic_080-032-025,/root/autodl-tmp/tokenizer-eval/data/nsynth/nsynth-valid/audio/string_acoustic_080-032-025.wav,675,string_acoustic_080,8,string,0,acoustic,32,25,16000,long_release|reverb
10.081585,22.557547,keyboard_electronic_098-052-127,keyboard_electronic_098-052-127,/root/autodl-tmp/tokenizer-eval/data/nsynth/nsynth-valid/audio/keyboard_electronic_098-052-127.wav,905,keyboard_electronic_098,4,keyboard,1,electronic,52,127,16000,
2.5575202,17.01436,brass_acoustic_015-041-127,brass_acoustic_015-041-127,/root/autodl-tmp/tokenizer-eval/data/nsynth/nsynth-valid/audio/brass_acoustic_015-041-127.wav,121,brass_acoustic_015,1,brass,0,acoustic,41,127,16000,reverb
-17.635584,3.3649776,reed_acoustic_011-055-025,reed_acoustic_011-055-025,/root/autodl-tmp/tokenizer-eval/data/nsynth/nsynth-valid/audio/reed_acoustic_011-055-025.wav,104,reed_acoustic_011,7,reed,0,acoustic,55,25,16000,
-7.700465,42.336872,string_acoustic_012-051-050,string_acoustic_012-051-050,/root/autodl-tmp/tokenizer-eval/data/nsynth/nsynth-valid/audio/string_acoustic_012-051-050.wav,97,string_acoustic_012,8,string,0,acoustic,51,50,16000,reverb
11.23007,60.813103,flute_synthetic_000-031-127,flute_synthetic_000-031-127,/root/autodl-tmp/tokenizer-eval/data/nsynth/nsynth-valid/audio/flute_synthetic_000-031-127.wav,82,flute_synthetic_000,2,flute,2,synthetic,31,127,16000,distortion
19.577696,14.709849,keyboard_electronic_003-058-025,keyboard_electronic_003-058-025,/root/autodl-tmp/tokenizer-eval/data/nsynth/nsynth-valid/audio/keyboard_electronic_003-058-025.wav,65,keyboard_electronic_003,4,keyboard,1,electronic,58,25,16000,dark
16.75425,-6.392425,guitar_acoustic_021-066-025,guitar_acoustic_021-066-025,/root/autodl-tmp/tokenizer-eval/data/nsynth/nsynth-valid/audio/guitar_acoustic_021-066-025.wav,457,guitar_acoustic_021,3,guitar,0,acoustic,66,25,16000,
33.836857,24.637888,mallet_acoustic_062-042-127,mallet_acoustic_062-042-127,/root/autodl-tmp/tokenizer-eval/data/nsynth/nsynth-valid/audio/mallet_acoustic_062-042-127.wav,644,mallet_acoustic_062,5,mallet,0,acoustic,42,127,16000,dark|long_release|multiphonic
41.132034,21.992525,mallet_acoustic_062-032-025,mallet_acoustic_062-032-025,/root/autodl-tmp/tokenizer-eval/data/nsynth/nsynth-valid/audio/mallet_acoustic_062-032-025.wav,644,mallet_acoustic_062,5,mallet,0,acoustic,32,25,16000,dark|multiphonic
7.372249,-38.98291,keyboard_electronic_003-088-100,keyboard_electronic_003-088-100,/root/autodl-tmp/tokenizer-eval/data/nsynth/nsynth-valid/audio/keyboard_electronic_003-088-100.wav,65,keyboard_electronic_003,4,keyboard,1,electronic,88,100,16000,
40.049786,25.074791,mallet_acoustic_062-034-075,mallet_acoustic_062-034-075,/root/autodl-tmp/tokenizer-eval/data/nsynth/nsynth-valid/audio/mallet_acoustic_062-034-075.wav,644,mallet_acoustic_062,5,mallet,0,acoustic,34,75,16000,dark|multiphonic
-39.14573,49.643906,vocal_synthetic_003-042-100,vocal_synthetic_003-042-100,/root/autodl-tmp/tokenizer-eval/data/nsynth/nsynth-valid/audio/vocal_synthetic_003-042-100.wav,37,vocal_synthetic_003,10,vocal,2,synthetic,42,100,16000,bright|distortion|long_release|nonlinear_env
13.406021,-3.328119,guitar_electronic_028-067-075,guitar_electronic_028-067-075,/root/autodl-tmp/tokenizer-eval/data/nsynth/nsynth-valid/audio/guitar_electronic_028-067-075.wav,510,guitar_electronic_028,3,guitar,1,electronic,67,75,16000,
-35.277267,49.331985,vocal_synthetic_003-038-100,vocal_synthetic_003-038-100,/root/autodl-tmp/tokenizer-eval/data/nsynth/nsynth-valid/audio/vocal_synthetic_003-038-100.wav,37,vocal_synthetic_003,10,vocal,2,synthetic,38,100,16000,bright|distortion|long_release|nonlinear_env
13.724368,47.495457,guitar_acoustic_021-038-100,guitar_acoustic_021-038-100,/root/autodl-tmp/tokenizer-eval/data/nsynth/nsynth-valid/audio/guitar_acoustic_021-038-100.wav,457,guitar_acoustic_021,3,guitar,0,acoustic,38,100,16000,
-28.630829,-36.506973,string_acoustic_057-088-127,string_acoustic_057-088-127,/root/autodl-tmp/tokenizer-eval/data/nsynth/nsynth-valid/audio/string_acoustic_057-088-127.wav,450,string_acoustic_057,8,string,0,acoustic,88,127,16000,nonlinear_env|reverb
-26.074427,6.713339,flute_synthetic_000-069-050,flute_synthetic_000-069-050,/root/autodl-tmp/tokenizer-eval/data/nsynth/nsynth-valid/audio/flute_synthetic_000-069-050.wav,82,flute_synthetic_000,2,flute,2,synthetic,69,50,16000,distortion
-39.580276,-28.753782,brass_acoustic_016-058-050,brass_acoustic_016-058-050,/root/autodl-tmp/tokenizer-eval/data/nsynth/nsynth-valid/audio/brass_acoustic_016-058-050.wav,128,brass_acoustic_016,1,brass,0,acoustic,58,50,16000,bright
33.259884,-25.22551,mallet_acoustic_062-082-025,mallet_acoustic_062-082-025,/root/autodl-tmp/tokenizer-eval/data/nsynth/nsynth-valid/audio/mallet_acoustic_062-082-025.wav,644,mallet_acoustic_062,5,mallet,0,acoustic,82,25,16000,fast_decay|multiphonic|percussive
28.606567,-52.723484,keyboard_synthetic_000-082-100,keyboard_synthetic_000-082-100,/root/autodl-tmp/tokenizer-eval/data/nsynth/nsynth-valid/audio/keyboard_synthetic_000-082-100.wav,577,keyboard_synthetic_000,4,keyboard,2,synthetic,82,100,16000,bright|distortion|fast_decay|nonlinear_env
-32.24359,-48.749355,bass_synthetic_009-085-127,bass_synthetic_009-085-127,/root/autodl-tmp/tokenizer-eval/data/nsynth/nsynth-valid/audio/bass_synthetic_009-085-127.wav,150,bass_synthetic_009,0,bass,2,synthetic,85,127,16000,bright|distortion|long_release
37.588215,-49.499893,keyboard_synthetic_000-048-050,keyboard_synthetic_000-048-050,/root/autodl-tmp/tokenizer-eval/data/nsynth/nsynth-valid/audio/keyboard_synthetic_000-048-050.wav,577,keyboard_synthetic_000,4,keyboard,2,synthetic,48,50,16000,distortion|fast_decay|nonlinear_env
1.0130091,51.822315,string_acoustic_080-038-127,string_acoustic_080-038-127,/root/autodl-tmp/tokenizer-eval/data/nsynth/nsynth-valid/audio/string_acoustic_080-038-127.wav,675,string_acoustic_080,8,string,0,acoustic,38,127,16000,long_release|reverb
-12.643301,5.471677,reed_acoustic_018-052-050,reed_acoustic_018-052-050,/root/autodl-tmp/tokenizer-eval/data/nsynth/nsynth-valid/audio/reed_acoustic_018-052-050.wav,183,reed_acoustic_018,7,reed,0,acoustic,52,50,16000,
-55.791813,-20.575722,vocal_synthetic_003-079-100,vocal_synthetic_003-079-100,/root/autodl-tmp/tokenizer-eval/data/nsynth/nsynth-valid/audio/vocal_synthetic_003-079-100.wav,37,vocal_synthetic_003,10,vocal,2,synthetic,79,100,16000,bright|distortion|long_release|nonlinear_env
-5.186962,35.484657,reed_acoustic_037-048-025,reed_acoustic_037-048-025,/root/autodl-tmp/tokenizer-eval/data/nsynth/nsynth-valid/audio/reed_acoustic_037-048-025.wav,387,reed_acoustic_037,7,reed,0,acoustic,48,25,16000,reverb
1.0938424,-50.68137,guitar_acoustic_030-094-100,guitar_acoustic_030-094-100,/root/autodl-tmp/tokenizer-eval/data/nsynth/nsynth-valid/audio/guitar_acoustic_030-094-100.wav,642,guitar_acoustic_030,3,guitar,0,acoustic,94,100,16000,tempo-synced
7.8229895,28.38788,guitar_acoustic_014-051-050,guitar_acoustic_014-051-050,/root/autodl-tmp/tokenizer-eval/data/nsynth/nsynth-valid/audio/guitar_acoustic_014-051-050.wav,263,guitar_acoustic_014,3,guitar,0,acoustic,51,50,16000,
-46.21707,-20.180847,vocal_synthetic_003-074-075,vocal_synthetic_003-074-075,/root/autodl-tmp/tokenizer-eval/data/nsynth/nsynth-valid/audio/vocal_synthetic_003-074-075.wav,37,vocal_synthetic_003,10,vocal,2,synthetic,74,75,16000,bright|distortion|long_release|nonlinear_env
-16.87918,1.0423805,brass_acoustic_046-067-050,brass_acoustic_046-067-050,/root/autodl-tmp/tokenizer-eval/data/nsynth/nsynth-valid/audio/brass_acoustic_046-067-050.wav,414,brass_acoustic_046,1,brass,0,acoustic,67,50,16000,
-22.406301,-17.246305,brass_acoustic_015-074-100,brass_acoustic_015-074-100,/root/autodl-tmp/tokenizer-eval/data/nsynth/nsynth-valid/audio/brass_acoustic_015-074-100.wav,121,brass_acoustic_015,1,brass,0,acoustic,74,100,16000,reverb
30.761684,38.150658,bass_synthetic_135-033-127,bass_synthetic_135-033-127,/root/autodl-tmp/tokenizer-eval/data/nsynth/nsynth-valid/audio/bass_synthetic_135-033-127.wav,927,bass_synthetic_135,0,bass,2,synthetic,33,127,16000,distortion
77.81244,11.683327,bass_synthetic_098-073-127,bass_synthetic_098-073-127,/root/autodl-tmp/tokenizer-eval/data/nsynth/nsynth-valid/audio/bass_synthetic_098-073-127.wav,803,bass_synthetic_098,0,bass,2,synthetic,73,127,16000,
-18.640467,60.953186,bass_synthetic_009-034-050,bass_synthetic_009-034-050,/root/autodl-tmp/tokenizer-eval/data/nsynth/nsynth-valid/audio/bass_synthetic_009-034-050.wav,150,bass_synthetic_009,0,bass,2,synthetic,34,50,16000,bright|distortion|long_release
28.112572,17.658285,mallet_acoustic_062-053-100,mallet_acoustic_062-053-100,/root/autodl-tmp/tokenizer-eval/data/nsynth/nsynth-valid/audio/mallet_acoustic_062-053-100.wav,644,mallet_acoustic_062,5,mallet,0,acoustic,53,100,16000,dark|multiphonic
12.189536,48.976677,guitar_acoustic_014-040-127,guitar_acoustic_014-040-127,/root/autodl-tmp/tokenizer-eval/data/nsynth/nsynth-valid/audio/guitar_acoustic_014-040-127.wav,263,guitar_acoustic_014,3,guitar,0,acoustic,40,127,16000,
9.885661,-5.526073,keyboard_electronic_002-068-025,keyboard_electronic_002-068-025,/root/autodl-tmp/tokenizer-eval/data/nsynth/nsynth-valid/audio/keyboard_electronic_002-068-025.wav,50,keyboard_electronic_002,4,keyboard,1,electronic,68,25,16000,
11.841286,45.850983,guitar_acoustic_021-043-025,guitar_acoustic_021-043-025,/root/autodl-tmp/tokenizer-eval/data/nsynth/nsynth-valid/audio/guitar_acoustic_021-043-025.wav,457,guitar_acoustic_021,3,guitar,0,acoustic,43,25,16000,
-47.374874,-8.029209,vocal_synthetic_003-068-127,vocal_synthetic_003-068-127,/root/autodl-tmp/tokenizer-eval/data/nsynth/nsynth-valid/audio/vocal_synthetic_003-068-127.wav,37,vocal_synthetic_003,10,vocal,2,synthetic,68,127,16000,bright|distortion|long_release|nonlinear_env
-26.780579,-4.18475,flute_acoustic_002-070-025,flute_acoustic_002-070-025,/root/autodl-tmp/tokenizer-eval/data/nsynth/nsynth-valid/audio/flute_acoustic_002-070-025.wav,86,flute_acoustic_002,2,flute,0,acoustic,70,25,16000,long_release|reverb
-55.250313,-6.752087,vocal_synthetic_003-059-100,vocal_synthetic_003-059-100,/root/autodl-tmp/tokenizer-eval/data/nsynth/nsynth-valid/audio/vocal_synthetic_003-059-100.wav,37,vocal_synthetic_003,10,vocal,2,synthetic,59,100,16000,bright|distortion|long_release|nonlinear_env
-0.15449372,-30.377733,guitar_electronic_028-080-025,guitar_electronic_028-080-025,/root/autodl-tmp/tokenizer-eval/data/nsynth/nsynth-valid/audio/guitar_electronic_028-080-025.wav,510,guitar_electronic_028,3,guitar,1,electronic,80,25,16000,
14.167552,33.219254,organ_electronic_057-034-075,organ_electronic_057-034-075,/root/autodl-tmp/tokenizer-eval/data/nsynth/nsynth-valid/audio/organ_electronic_057-034-075.wav,701,organ_electronic_057,6,organ,1,electronic,34,75,16000,dark
14.780729,49.951252,keyboard_electronic_078-032-050,keyboard_electronic_078-032-050,/root/autodl-tmp/tokenizer-eval/data/nsynth/nsynth-valid/audio/keyboard_electronic_078-032-050.wav,838,keyboard_electronic_078,4,keyboard,1,electronic,32,50,16000,bright
-22.698875,52.807594,brass_acoustic_006-035-075,brass_acoustic_006-035-075,/root/autodl-tmp/tokenizer-eval/data/nsynth/nsynth-valid/audio/brass_acoustic_006-035-075.wav,43,brass_acoustic_006,1,brass,0,acoustic,35,75,16000,reverb
-15.364821,54.582542,brass_acoustic_059-038-025,brass_acoustic_059-038-025,/root/autodl-tmp/tokenizer-eval/data/nsynth/nsynth-valid/audio/brass_acoustic_059-038-025.wav,572,brass_acoustic_059,1,brass,0,acoustic,38,25,16000,long_release|reverb
42.243027,-51.182068,reed_acoustic_023-032-100,reed_acoustic_023-032-100,/root/autodl-tmp/tokenizer-eval/data/nsynth/nsynth-valid/audio/reed_acoustic_023-032-100.wav,224,reed_acoustic_023,7,reed,0,acoustic,32,100,16000,bright|fast_decay|multiphonic|nonlinear_env
-4.987476,52.9532,flute_synthetic_000-049-075,flute_synthetic_000-049-075,/root/autodl-tmp/tokenizer-eval/data/nsynth/nsynth-valid/audio/flute_synthetic_000-049-075.wav,82,flute_synthetic_000,2,flute,2,synthetic,49,75,16000,distortion
10.032977,58.845406,flute_synthetic_000-033-025,flute_synthetic_000-033-025,/root/autodl-tmp/tokenizer-eval/data/nsynth/nsynth-valid/audio/flute_synthetic_000-033-025.wav,82,flute_synthetic_000,2,flute,2,synthetic,33,25,16000,distortion
4.0013304,-34.76391,organ_electronic_028-087-025,organ_electronic_028-087-025,/root/autodl-tmp/tokenizer-eval/data/nsynth/nsynth-valid/audio/organ_electronic_028-087-025.wav,440,organ_electronic_028,6,organ,1,electronic,87,25,16000,
-10.01025,-33.90468,flute_acoustic_002-081-127,flute_acoustic_002-081-127,/root/autodl-tmp/tokenizer-eval/data/nsynth/nsynth-valid/audio/flute_acoustic_002-081-127.wav,86,flute_acoustic_002,2,flute,0,acoustic,81,127,16000,long_release|reverb
19.561188,46.290783,keyboard_electronic_069-037-025,keyboard_electronic_069-037-025,/root/autodl-tmp/tokenizer-eval/data/nsynth/nsynth-valid/audio/keyboard_electronic_069-037-025.wav,805,keyboard_electronic_069,4,keyboard,1,electronic,37,25,16000,distortion
60.899845,-13.926044,mallet_acoustic_056-035-100,mallet_acoustic_056-035-100,/root/autodl-tmp/tokenizer-eval/data/nsynth/nsynth-valid/audio/mallet_acoustic_056-035-100.wav,590,mallet_acoustic_056,5,mallet,0,acoustic,35,100,16000,bright|fast_decay|percussive
9.443183,6.7745643,guitar_acoustic_021-061-100,guitar_acoustic_021-061-100,/root/autodl-tmp/tokenizer-eval/data/nsynth/nsynth-valid/audio/guitar_acoustic_021-061-100.wav,457,guitar_acoustic_021,3,guitar,0,acoustic,61,100,16000,
-32.102863,23.60307,flute_synthetic_000-058-050,flute_synthetic_000-058-050,/root/autodl-tmp/tokenizer-eval/data/nsynth/nsynth-valid/audio/flute_synthetic_000-058-050.wav,82,flute_synthetic_000,2,flute,2,synthetic,58,50,16000,distortion
10.193894,45.745117,keyboard_acoustic_004-035-127,keyboard_acoustic_004-035-127,/root/autodl-tmp/tokenizer-eval/data/nsynth/nsynth-valid/audio/keyboard_acoustic_004-035-127.wav,327,keyboard_acoustic_004,4,keyboard,0,acoustic,35,127,16000,reverb
14.963767,34.886787,organ_electronic_113-033-050,organ_electronic_113-033-050,/root/autodl-tmp/tokenizer-eval/data/nsynth/nsynth-valid/audio/organ_electronic_113-033-050.wav,958,organ_electronic_113,6,organ,1,electronic,33,50,16000,dark
32.900417,-19.961294,guitar_acoustic_021-096-075,guitar_acoustic_021-096-075,/root/autodl-tmp/tokenizer-eval/data/nsynth/nsynth-valid/audio/guitar_acoustic_021-096-075.wav,457,guitar_acoustic_021,3,guitar,0,acoustic,96,75,16000,fast_decay|percussive
18.922728,-21.91865,bass_synthetic_068-081-025,bass_synthetic_068-081-025,/root/autodl-tmp/tokenizer-eval/data/nsynth/nsynth-valid/audio/bass_synthetic_068-081-025.wav,656,bass_synthetic_068,0,bass,2,synthetic,81,25,16000,fast_decay
14.226944,27.45541,bass_synthetic_034-049-100,bass_synthetic_034-049-100,/root/autodl-tmp/tokenizer-eval/data/nsynth/nsynth-valid/audio/bass_synthetic_034-049-100.wav,420,bass_synthetic_034,0,bass,2,synthetic,49,100,16000,distortion|tempo-synced
-61.119926,-29.274729,vocal_synthetic_003-084-025,vocal_synthetic_003-084-025,/root/autodl-tmp/tokenizer-eval/data/nsynth/nsynth-valid/audio/vocal_synthetic_003-084-025.wav,37,vocal_synthetic_003,10,vocal,2,synthetic,84,25,16000,bright|distortion|long_release|nonlinear_env
-16.384016,-17.944653,brass_acoustic_006-064-050,brass_acoustic_006-064-050,/root/autodl-tmp/tokenizer-eval/data/nsynth/nsynth-valid/audio/brass_acoustic_006-064-050.wav,43,brass_acoustic_006,1,brass,0,acoustic,64,50,16000,reverb
-19.39319,44.10377,reed_acoustic_037-036-050,reed_acoustic_037-036-050,/root/autodl-tmp/tokenizer-eval/data/nsynth/nsynth-valid/audio/reed_acoustic_037-036-050.wav,387,reed_acoustic_037,7,reed,0,acoustic,36,50,16000,reverb
5.2329054,62.631897,flute_synthetic_000-039-075,flute_synthetic_000-039-075,/root/autodl-tmp/tokenizer-eval/data/nsynth/nsynth-valid/audio/flute_synthetic_000-039-075.wav,82,flute_synthetic_000,2,flute,2,synthetic,39,75,16000,distortion
-2.9608822,57.941444,flute_synthetic_000-046-100,flute_synthetic_000-046-100,/root/autodl-tmp/tokenizer-eval/data/nsynth/nsynth-valid/audio/flute_synthetic_000-046-100.wav,82,flute_synthetic_000,2,flute,2,synthetic,46,100,16000,distortion
-36.419327,-32.32944,brass_acoustic_016-080-127,brass_acoustic_016-080-127,/root/autodl-tmp/tokenizer-eval/data/nsynth/nsynth-valid/audio/brass_acoustic_016-080-127.wav,128,brass_acoustic_016,1,brass,0,acoustic,80,127,16000,bright
-35.194572,22.231455,flute_synthetic_000-060-100,flute_synthetic_000-060-100,/root/autodl-tmp/tokenizer-eval/data/nsynth/nsynth-valid/audio/flute_synthetic_000-060-100.wav,82,flute_synthetic_000,2,flute,2,synthetic,60,100,16000,distortion
4.7323194,-9.551443,guitar_acoustic_015-071-075,guitar_acoustic_015-071-075,/root/autodl-tmp/tokenizer-eval/data/nsynth/nsynth-valid/audio/guitar_acoustic_015-071-075.wav,316,guitar_acoustic_015,3,guitar,0,acoustic,71,75,16000,reverb
9.121199,60.656887,flute_synthetic_000-034-025,flute_synthetic_000-034-025,/root/autodl-tmp/tokenizer-eval/data/nsynth/nsynth-valid/audio/flute_synthetic_000-034-025.wav,82,flute_synthetic_000,2,flute,2,synthetic,34,25,16000,distortion
-17.653881,-41.213463,organ_electronic_001-095-025,organ_electronic_001-095-025,/root/autodl-tmp/tokenizer-eval/data/nsynth/nsynth-valid/audio/organ_electronic_001-095-025.wav,8,organ_electronic_001,6,organ,1,electronic,95,25,16000,
-40.55061,-29.40313,brass_acoustic_016-056-127,brass_acoustic_016-056-127,/root/autodl-tmp/tokenizer-eval/data/nsynth/nsynth-valid/audio/brass_acoustic_016-056-127.wav,128,brass_acoustic_016,1,brass,0,acoustic,56,127,16000,
34.628742,-11.023557,string_acoustic_056-072-075,string_acoustic_056-072-075,/root/autodl-tmp/tokenizer-eval/data/nsynth/nsynth-valid/audio/string_acoustic_056-072-075.wav,436,string_acoustic_056,8,string,0,acoustic,72,75,16000,fast_decay|percussive|reverb
8.84819,47.685627,keyboard_electronic_001-034-075,keyboard_electronic_001-034-075,/root/autodl-tmp/tokenizer-eval/data/nsynth/nsynth-valid/audio/keyboard_electronic_001-034-075.wav,40,keyboard_electronic_001,4,keyboard,1,electronic,34,75,16000,dark
0.75200474,47.027443,string_acoustic_012-045-025,string_acoustic_012-045-025,/root/autodl-tmp/tokenizer-eval/data/nsynth/nsynth-valid/audio/string_acoustic_012-045-025.wav,97,string_acoustic_012,8,string,0,acoustic,45,25,16000,long_release|reverb
16.11615,36.566143,keyboard_electronic_098-033-050,keyboard_electronic_098-033-050,/root/autodl-tmp/tokenizer-eval/data/nsynth/nsynth-valid/audio/keyboard_electronic_098-033-050.wav,905,keyboard_electronic_098,4,keyboard,1,electronic,33,50,16000,dark|distortion
3.255528,-41.258247,guitar_acoustic_010-089-025,guitar_acoustic_010-089-025,/root/autodl-tmp/tokenizer-eval/data/nsynth/nsynth-valid/audio/guitar_acoustic_010-089-025.wav,219,guitar_acoustic_010,3,guitar,0,acoustic,89,25,16000,
-30.467522,-15.375853,brass_acoustic_006-072-127,brass_acoustic_006-072-127,/root/autodl-tmp/tokenizer-eval/data/nsynth/nsynth-valid/audio/brass_acoustic_006-072-127.wav,43,brass_acoustic_006,1,brass,0,acoustic,72,127,16000,reverb
-52.789463,-6.1549764,vocal_synthetic_003-061-050,vocal_synthetic_003-061-050,/root/autodl-tmp/tokenizer-eval/data/nsynth/nsynth-valid/audio/vocal_synthetic_003-061-050.wav,37,vocal_synthetic_003,10,vocal,2,synthetic,61,50,16000,bright|distortion|long_release|nonlinear_env
7.068555,-32.895782,reed_acoustic_018-086-075,reed_acoustic_018-086-075,/root/autodl-tmp/tokenizer-eval/data/nsynth/nsynth-valid/audio/reed_acoustic_018-086-075.wav,183,reed_acoustic_018,7,reed,0,acoustic,86,75,16000,
78.277084,9.767415,bass_synthetic_098-085-075,bass_synthetic_098-085-075,/root/autodl-tmp/tokenizer-eval/data/nsynth/nsynth-valid/audio/bass_synthetic_098-085-075.wav,803,bass_synthetic_098,0,bass,2,synthetic,85,75,16000,
-46.30353,-27.461224,organ_electronic_007-083-075,organ_electronic_007-083-075,/root/autodl-tmp/tokenizer-eval/data/nsynth/nsynth-valid/audio/organ_electronic_007-083-075.wav,123,organ_electronic_007,6,organ,1,electronic,83,75,16000,bright|distortion|long_release|nonlinear_env
-35.64649,1.4031913,string_acoustic_057-056-100,string_acoustic_057-056-100,/root/autodl-tmp/tokenizer-eval/data/nsynth/nsynth-valid/audio/string_acoustic_057-056-100.wav,450,string_acoustic_057,8,string,0,acoustic,56,100,16000,nonlinear_env|reverb
12.754521,3.1115112,guitar_acoustic_014-064-050,guitar_acoustic_014-064-050,/root/autodl-tmp/tokenizer-eval/data/nsynth/nsynth-valid/audio/guitar_acoustic_014-064-050.wav,263,guitar_acoustic_014,3,guitar,0,acoustic,64,50,16000,
-2.3873417,60.99516,flute_synthetic_000-044-075,flute_synthetic_000-044-075,/root/autodl-tmp/tokenizer-eval/data/nsynth/nsynth-valid/audio/flute_synthetic_000-044-075.wav,82,flute_synthetic_000,2,flute,2,synthetic,44,75,16000,distortion
1.0190779,51.28378,string_acoustic_080-038-025,string_acoustic_080-038-025,/root/autodl-tmp/tokenizer-eval/data/nsynth/nsynth-valid/audio/string_acoustic_080-038-025.wav,675,string_acoustic_080,8,string,0,acoustic,38,25,16000,long_release|reverb
-15.593481,-30.03117,string_acoustic_057-079-127,string_acoustic_057-079-127,/root/autodl-tmp/tokenizer-eval/data/nsynth/nsynth-valid/audio/string_acoustic_057-079-127.wav,450,string_acoustic_057,8,string,0,acoustic,79,127,16000,bright|nonlinear_env|reverb
-36.226547,50.981514,vocal_synthetic_003-039-075,vocal_synthetic_003-039-075,/root/autodl-tmp/tokenizer-eval/data/nsynth/nsynth-valid/audio/vocal_synthetic_003-039-075.wav,37,vocal_synthetic_003,10,vocal,2,synthetic,39,75,16000,distortion|long_release|nonlinear_env
-24.182568,-32.80771,organ_electronic_104-070-025,organ_electronic_104-070-025,/root/autodl-tmp/tokenizer-eval/data/nsynth/nsynth-valid/audio/organ_electronic_104-070-025.wav,921,organ_electronic_104,6,organ,1,electronic,70,25,16000,
-31.447842,50.223587,vocal_synthetic_003-034-075,vocal_synthetic_003-034-075,/root/autodl-tmp/tokenizer-eval/data/nsynth/nsynth-valid/audio/vocal_synthetic_003-034-075.wav,37,vocal_synthetic_003,10,vocal,2,synthetic,34,75,16000,distortion|long_release|nonlinear_env
-10.03696,-43.755432,flute_acoustic_002-083-025,flute_acoustic_002-083-025,/root/autodl-tmp/tokenizer-eval/data/nsynth/nsynth-valid/audio/flute_acoustic_002-083-025.wav,86,flute_acoustic_002,2,flute,0,acoustic,83,25,16000,reverb
-20.67836,27.510086,reed_acoustic_037-053-075,reed_acoustic_037-053-075,/root/autodl-tmp/tokenizer-eval/data/nsynth/nsynth-valid/audio/reed_acoustic_037-053-075.wav,387,reed_acoustic_037,7,reed,0,acoustic,53,75,16000,reverb
11.683719,49.063454,guitar_acoustic_014-039-100,guitar_acoustic_014-039-100,/root/autodl-tmp/tokenizer-eval/data/nsynth/nsynth-valid/audio/guitar_acoustic_014-039-100.wav,263,guitar_acoustic_014,3,guitar,0,acoustic,39,100,16000,
1.5058104,-27.335054,bass_synthetic_135-078-025,bass_synthetic_135-078-025,/root/autodl-tmp/tokenizer-eval/data/nsynth/nsynth-valid/audio/bass_synthetic_135-078-025.wav,927,bass_synthetic_135,0,bass,2,synthetic,78,25,16000,distortion
23.320656,-60.539295,reed_acoustic_023-096-025,reed_acoustic_023-096-025,/root/autodl-tmp/tokenizer-eval/data/nsynth/nsynth-valid/audio/reed_acoustic_023-096-025.wav,224,reed_acoustic_023,7,reed,0,acoustic,96,25,16000,fast_decay|multiphonic|nonlinear_env|percussive
-20.13151,54.463516,brass_acoustic_059-034-075,brass_acoustic_059-034-075,/root/autodl-tmp/tokenizer-eval/data/nsynth/nsynth-valid/audio/brass_acoustic_059-034-075.wav,572,brass_acoustic_059,1,brass,0,acoustic,34,75,16000,bright|reverb
-18.909689,54.04342,brass_acoustic_059-032-075,brass_acoustic_059-032-075,/root/autodl-tmp/tokenizer-eval/data/nsynth/nsynth-valid/audio/brass_acoustic_059-032-075.wav,572,brass_acoustic_059,1,brass,0,acoustic,32,75,16000,bright|reverb
17.263063,-14.502813,keyboard_acoustic_004-078-075,keyboard_acoustic_004-078-075,/root/autodl-tmp/tokenizer-eval/data/nsynth/nsynth-valid/audio/keyboard_acoustic_004-078-075.wav,327,keyboard_acoustic_004,4,keyboard,0,acoustic,78,75,16000,reverb
-61.00604,-29.520805,vocal_synthetic_003-084-050,vocal_synthetic_003-084-050,/root/autodl-tmp/tokenizer-eval/data/nsynth/nsynth-valid/audio/vocal_synthetic_003-084-050.wav,37,vocal_synthetic_003,10,vocal,2,synthetic,84,50,16000,bright|distortion|long_release|nonlinear_env
-2.937086,57.962143,flute_synthetic_000-046-127,flute_synthetic_000-046-127,/root/autodl-tmp/tokenizer-eval/data/nsynth/nsynth-valid/audio/flute_synthetic_000-046-127.wav,82,flute_synthetic_000,2,flute,2,synthetic,46,127,16000,distortion
-18.045958,16.771072,organ_electronic_001-055-050,organ_electronic_001-055-050,/root/autodl-tmp/tokenizer-eval/data/nsynth/nsynth-valid/audio/organ_electronic_001-055-050.wav,8,organ_electronic_001,6,organ,1,electronic,55,50,16000,dark
-58.778473,-24.030025,vocal_synthetic_003-089-050,vocal_synthetic_003-089-050,/root/autodl-tmp/tokenizer-eval/data/nsynth/nsynth-valid/audio/vocal_synthetic_003-089-050.wav,37,vocal_synthetic_003,10,vocal,2,synthetic,89,50,16000,bright|distortion|long_release|nonlinear_env
-7.620961,-25.512238,flute_synthetic_000-080-127,flute_synthetic_000-080-127,/root/autodl-tmp/tokenizer-eval/data/nsynth/nsynth-valid/audio/flute_synthetic_000-080-127.wav,82,flute_synthetic_000,2,flute,2,synthetic,80,127,16000,distortion
26.979847,42.396835,bass_synthetic_033-031-050,bass_synthetic_033-031-050,/root/autodl-tmp/tokenizer-eval/data/nsynth/nsynth-valid/audio/bass_synthetic_033-031-050.wav,417,bass_synthetic_033,0,bass,2,synthetic,31,50,16000,dark
-16.59233,-20.387045,brass_acoustic_006-076-050,brass_acoustic_006-076-050,/root/autodl-tmp/tokenizer-eval/data/nsynth/nsynth-valid/audio/brass_acoustic_006-076-050.wav,43,brass_acoustic_006,1,brass,0,acoustic,76,50,16000,reverb
-46.450787,-7.3510046,bass_synthetic_009-068-025,bass_synthetic_009-068-025,/root/autodl-tmp/tokenizer-eval/data/nsynth/nsynth-valid/audio/bass_synthetic_009-068-025.wav,150,bass_synthetic_009,0,bass,2,synthetic,68,25,16000,bright|distortion|long_release
-20.58695,-2.3944807,flute_acoustic_002-068-127,flute_acoustic_002-068-127,/root/autodl-tmp/tokenizer-eval/data/nsynth/nsynth-valid/audio/flute_acoustic_002-068-127.wav,86,flute_acoustic_002,2,flute,0,acoustic,68,127,16000,long_release|reverb
34.294895,-11.538613,string_acoustic_056-071-025,string_acoustic_056-071-025,/root/autodl-tmp/tokenizer-eval/data/nsynth/nsynth-valid/audio/string_acoustic_056-071-025.wav,436,string_acoustic_056,8,string,0,acoustic,71,25,16000,fast_decay|percussive|reverb
-20.799961,45.474552,reed_acoustic_037-033-025,reed_acoustic_037-033-025,/root/autodl-tmp/tokenizer-eval/data/nsynth/nsynth-valid/audio/reed_acoustic_037-033-025.wav,387,reed_acoustic_037,7,reed,0,acoustic,33,25,16000,reverb
-33.612976,-19.730558,reed_acoustic_011-073-050,reed_acoustic_011-073-050,/root/autodl-tmp/tokenizer-eval/data/nsynth/nsynth-valid/audio/reed_acoustic_011-073-050.wav,104,reed_acoustic_011,7,reed,0,acoustic,73,50,16000,
-21.88077,27.779186,string_acoustic_071-053-100,string_acoustic_071-053-100,/root/autodl-tmp/tokenizer-eval/data/nsynth/nsynth-valid/audio/string_acoustic_071-053-100.wav,609,string_acoustic_071,8,string,0,acoustic,53,100,16000,reverb
-51.022854,-33.620296,organ_electronic_007-093-127,organ_electronic_007-093-127,/root/autodl-tmp/tokenizer-eval/data/nsynth/nsynth-valid/audio/organ_electronic_007-093-127.wav,123,organ_electronic_007,6,organ,1,electronic,93,127,16000,long_release|nonlinear_env
-31.251562,16.160585,flute_synthetic_000-066-050,flute_synthetic_000-066-050,/root/autodl-tmp/tokenizer-eval/data/nsynth/nsynth-valid/audio/flute_synthetic_000-066-050.wav,82,flute_synthetic_000,2,flute,2,synthetic,66,50,16000,distortion
17.679289,19.486387,bass_synthetic_135-057-050,bass_synthetic_135-057-050,/root/autodl-tmp/tokenizer-eval/data/nsynth/nsynth-valid/audio/bass_synthetic_135-057-050.wav,927,bass_synthetic_135,0,bass,2,synthetic,57,50,16000,distortion
40.79526,-13.900315,mallet_acoustic_047-094-100,mallet_acoustic_047-094-100,/root/autodl-tmp/tokenizer-eval/data/nsynth/nsynth-valid/audio/mallet_acoustic_047-094-100.wav,488,mallet_acoustic_047,5,mallet,0,acoustic,94,100,16000,fast_decay|percussive|reverb
1.7552282,-16.95793,mallet_acoustic_062-073-100,mallet_acoustic_062-073-100,/root/autodl-tmp/tokenizer-eval/data/nsynth/nsynth-valid/audio/mallet_acoustic_062-073-100.wav,644,mallet_acoustic_062,5,mallet,0,acoustic,73,100,16000,dark|multiphonic
29.350761,-18.012203,guitar_acoustic_015-082-075,guitar_acoustic_015-082-075,/root/autodl-tmp/tokenizer-eval/data/nsynth/nsynth-valid/audio/guitar_acoustic_015-082-075.wav,316,guitar_acoustic_015,3,guitar,0,acoustic,82,75,16000,fast_decay|percussive|reverb
-4.8492565,-28.689577,flute_acoustic_002-079-050,flute_acoustic_002-079-050,/root/autodl-tmp/tokenizer-eval/data/nsynth/nsynth-valid/audio/flute_acoustic_002-079-050.wav,86,flute_acoustic_002,2,flute,0,acoustic,79,50,16000,reverb
31.214977,5.3013396,string_acoustic_056-044-100,string_acoustic_056-044-100,/root/autodl-tmp/tokenizer-eval/data/nsynth/nsynth-valid/audio/string_acoustic_056-044-100.wav,436,string_acoustic_056,8,string,0,acoustic,44,100,16000,reverb
-22.355867,-22.966448,flute_synthetic_000-087-100,flute_synthetic_000-087-100,/root/autodl-tmp/tokenizer-eval/data/nsynth/nsynth-valid/audio/flute_synthetic_000-087-100.wav,82,flute_synthetic_000,2,flute,2,synthetic,87,100,16000,distortion
-44.5563,-17.533257,vocal_synthetic_003-073-127,vocal_synthetic_003-073-127,/root/autodl-tmp/tokenizer-eval/data/nsynth/nsynth-valid/audio/vocal_synthetic_003-073-127.wav,37,vocal_synthetic_003,10,vocal,2,synthetic,73,127,16000,bright|distortion|long_release|nonlinear_env
-10.890529,-15.854078,flute_synthetic_000-075-050,flute_synthetic_000-075-050,/root/autodl-tmp/tokenizer-eval/data/nsynth/nsynth-valid/audio/flute_synthetic_000-075-050.wav,82,flute_synthetic_000,2,flute,2,synthetic,75,50,16000,distortion
28.336966,33.068794,keyboard_electronic_003-034-050,keyboard_electronic_003-034-050,/root/autodl-tmp/tokenizer-eval/data/nsynth/nsynth-valid/audio/keyboard_electronic_003-034-050.wav,65,keyboard_electronic_003,4,keyboard,1,electronic,34,50,16000,dark
-21.996449,26.163637,string_acoustic_071-054-050,string_acoustic_071-054-050,/root/autodl-tmp/tokenizer-eval/data/nsynth/nsynth-valid/audio/string_acoustic_071-054-050.wav,609,string_acoustic_071,8,string,0,acoustic,54,50,16000,reverb
-22.406296,-17.246346,brass_acoustic_015-074-075,brass_acoustic_015-074-075,/root/autodl-tmp/tokenizer-eval/data/nsynth/nsynth-valid/audio/brass_acoustic_015-074-075.wav,121,brass_acoustic_015,1,brass,0,acoustic,74,75,16000,reverb
-33.862213,24.088768,flute_synthetic_000-059-100,flute_synthetic_000-059-100,/root/autodl-tmp/tokenizer-eval/data/nsynth/nsynth-valid/audio/flute_synthetic_000-059-100.wav,82,flute_synthetic_000,2,flute,2,synthetic,59,100,16000,distortion
31.272234,37.52993,bass_synthetic_135-033-025,bass_synthetic_135-033-025,/root/autodl-tmp/tokenizer-eval/data/nsynth/nsynth-valid/audio/bass_synthetic_135-033-025.wav,927,bass_synthetic_135,0,bass,2,synthetic,33,25,16000,distortion
19.64143,9.521811,bass_electronic_025-060-075,bass_electronic_025-060-075,/root/autodl-tmp/tokenizer-eval/data/nsynth/nsynth-valid/audio/bass_electronic_025-060-075.wav,872,bass_electronic_025,0,bass,1,electronic,60,75,16000,
7.17607,-21.988358,mallet_acoustic_062-075-127,mallet_acoustic_062-075-127,/root/autodl-tmp/tokenizer-eval/data/nsynth/nsynth-valid/audio/mallet_acoustic_062-075-127.wav,644,mallet_acoustic_062,5,mallet,0,acoustic,75,127,16000,dark|multiphonic
60.262012,-15.167796,mallet_acoustic_056-038-100,mallet_acoustic_056-038-100,/root/autodl-tmp/tokenizer-eval/data/nsynth/nsynth-valid/audio/mallet_acoustic_056-038-100.wav,590,mallet_acoustic_056,5,mallet,0,acoustic,38,100,16000,bright|fast_decay|percussive
9.308975,53.7261,string_acoustic_071-035-127,string_acoustic_071-035-127,/root/autodl-tmp/tokenizer-eval/data/nsynth/nsynth-valid/audio/string_acoustic_071-035-127.wav,609,string_acoustic_071,8,string,0,acoustic,35,127,16000,long_release|reverb
-18.412252,16.782078,organ_electronic_001-067-100,organ_electronic_001-067-100,/root/autodl-tmp/tokenizer-eval/data/nsynth/nsynth-valid/audio/organ_electronic_001-067-100.wav,8,organ_electronic_001,6,organ,1,electronic,67,100,16000,
42.636528,-55.66198,reed_acoustic_023-043-100,reed_acoustic_023-043-100,/root/autodl-tmp/tokenizer-eval/data/nsynth/nsynth-valid/audio/reed_acoustic_023-043-100.wav,224,reed_acoustic_023,7,reed,0,acoustic,43,100,16000,bright|fast_decay|multiphonic|nonlinear_env
-12.47267,-21.827051,flute_acoustic_002-077-127,flute_acoustic_002-077-127,/root/autodl-tmp/tokenizer-eval/data/nsynth/nsynth-valid/audio/flute_acoustic_002-077-127.wav,86,flute_acoustic_002,2,flute,0,acoustic,77,127,16000,reverb
32.286938,-51.075512,keyboard_synthetic_000-069-050,keyboard_synthetic_000-069-050,/root/autodl-tmp/tokenizer-eval/data/nsynth/nsynth-valid/audio/keyboard_synthetic_000-069-050.wav,577,keyboard_synthetic_000,4,keyboard,2,synthetic,69,50,16000,distortion|fast_decay|nonlinear_env
6.6491303,-43.66977,mallet_acoustic_056-090-050,mallet_acoustic_056-090-050,/root/autodl-tmp/tokenizer-eval/data/nsynth/nsynth-valid/audio/mallet_acoustic_056-090-050.wav,590,mallet_acoustic_056,5,mallet,0,acoustic,90,50,16000,fast_decay
-2.2179604,-29.204857,keyboard_electronic_069-079-127,keyboard_electronic_069-079-127,/root/autodl-tmp/tokenizer-eval/data/nsynth/nsynth-valid/audio/keyboard_electronic_069-079-127.wav,805,keyboard_electronic_069,4,keyboard,1,electronic,79,127,16000,distortion
-32.941895,-48.851288,bass_synthetic_009-083-127,bass_synthetic_009-083-127,/root/autodl-tmp/tokenizer-eval/data/nsynth/nsynth-valid/audio/bass_synthetic_009-083-127.wav,150,bass_synthetic_009,0,bass,2,synthetic,83,127,16000,bright|distortion|long_release
-34.872505,-18.085476,flute_acoustic_002-073-025,flute_acoustic_002-073-025,/root/autodl-tmp/tokenizer-eval/data/nsynth/nsynth-valid/audio/flute_acoustic_002-073-025.wav,86,flute_acoustic_002,2,flute,0,acoustic,73,25,16000,long_release|reverb
12.25501,52.05386,guitar_acoustic_014-031-050,guitar_acoustic_014-031-050,/root/autodl-tmp/tokenizer-eval/data/nsynth/nsynth-valid/audio/guitar_acoustic_014-031-050.wav,263,guitar_acoustic_014,3,guitar,0,acoustic,31,50,16000,
12.341096,43.10896,guitar_acoustic_021-046-025,guitar_acoustic_021-046-025,/root/autodl-tmp/tokenizer-eval/data/nsynth/nsynth-valid/audio/guitar_acoustic_021-046-025.wav,457,guitar_acoustic_021,3,guitar,0,acoustic,46,25,16000,
15.897956,15.257978,keyboard_acoustic_004-055-050,keyboard_acoustic_004-055-050,/root/autodl-tmp/tokenizer-eval/data/nsynth/nsynth-valid/audio/keyboard_acoustic_004-055-050.wav,327,keyboard_acoustic_004,4,keyboard,0,acoustic,55,50,16000,dark|reverb
36.905457,24.580967,mallet_acoustic_062-039-075,mallet_acoustic_062-039-075,/root/autodl-tmp/tokenizer-eval/data/nsynth/nsynth-valid/audio/mallet_acoustic_062-039-075.wav,644,mallet_acoustic_062,5,mallet,0,acoustic,39,75,16000,dark|multiphonic
-33.045193,-2.9181676,string_acoustic_057-060-050,string_acoustic_057-060-050,/root/autodl-tmp/tokenizer-eval/data/nsynth/nsynth-valid/audio/string_acoustic_057-060-050.wav,450,string_acoustic_057,8,string,0,acoustic,60,50,16000,bright|nonlinear_env|reverb
20.530571,29.02159,guitar_acoustic_010-044-050,guitar_acoustic_010-044-050,/root/autodl-tmp/tokenizer-eval/data/nsynth/nsynth-valid/audio/guitar_acoustic_010-044-050.wav,219,guitar_acoustic_010,3,guitar,0,acoustic,44,50,16000,
-8.196255,13.641706,organ_electronic_001-061-127,organ_electronic_001-061-127,/root/autodl-tmp/tokenizer-eval/data/nsynth/nsynth-valid/audio/organ_electronic_001-061-127.wav,8,organ_electronic_001,6,organ,1,electronic,61,127,16000,dark
-22.674425,-13.43881,brass_acoustic_006-062-075,brass_acoustic_006-062-075,/root/autodl-tmp/tokenizer-eval/data/nsynth/nsynth-valid/audio/brass_acoustic_006-062-075.wav,43,brass_acoustic_006,1,brass,0,acoustic,62,75,16000,reverb
28.043737,-51.155342,keyboard_synthetic_000-086-025,keyboard_synthetic_000-086-025,/root/autodl-tmp/tokenizer-eval/data/nsynth/nsynth-valid/audio/keyboard_synthetic_000-086-025.wav,577,keyboard_synthetic_000,4,keyboard,2,synthetic,86,25,16000,distortion|fast_decay|nonlinear_env
4.6666584,-11.733512,bass_synthetic_068-072-025,bass_synthetic_068-072-025,/root/autodl-tmp/tokenizer-eval/data/nsynth/nsynth-valid/audio/bass_synthetic_068-072-025.wav,656,bass_synthetic_068,0,bass,2,synthetic,72,25,16000,
13.360635,30.704348,organ_electronic_028-046-100,organ_electronic_028-046-100,/root/autodl-tmp/tokenizer-eval/data/nsynth/nsynth-valid/audio/organ_electronic_028-046-100.wav,440,organ_electronic_028,6,organ,1,electronic,46,100,16000,dark
-34.668114,-18.248592,flute_acoustic_002-073-100,flute_acoustic_002-073-100,/root/autodl-tmp/tokenizer-eval/data/nsynth/nsynth-valid/audio/flute_acoustic_002-073-100.wav,86,flute_acoustic_002,2,flute,0,acoustic,73,100,16000,long_release|reverb
29.816715,-19.996822,guitar_acoustic_021-088-050,guitar_acoustic_021-088-050,/root/autodl-tmp/tokenizer-eval/data/nsynth/nsynth-valid/audio/guitar_acoustic_021-088-050.wav,457,guitar_acoustic_021,3,guitar,0,acoustic,88,50,16000,fast_decay|percussive
-26.056744,8.4985285,flute_synthetic_000-070-075,flute_synthetic_000-070-075,/root/autodl-tmp/tokenizer-eval/data/nsynth/nsynth-valid/audio/flute_synthetic_000-070-075.wav,82,flute_synthetic_000,2,flute,2,synthetic,70,75,16000,distortion
-36.665035,16.653286,flute_synthetic_000-063-127,flute_synthetic_000-063-127,/root/autodl-tmp/tokenizer-eval/data/nsynth/nsynth-valid/audio/flute_synthetic_000-063-127.wav,82,flute_synthetic_000,2,flute,2,synthetic,63,127,16000,distortion
-13.095506,31.017813,reed_acoustic_037-047-127,reed_acoustic_037-047-127,/root/autodl-tmp/tokenizer-eval/data/nsynth/nsynth-valid/audio/reed_acoustic_037-047-127.wav,387,reed_acoustic_037,7,reed,0,acoustic,47,127,16000,reverb
-28.598682,22.608948,flute_synthetic_000-056-127,flute_synthetic_000-056-127,/root/autodl-tmp/tokenizer-eval/data/nsynth/nsynth-valid/audio/flute_synthetic_000-056-127.wav,82,flute_synthetic_000,2,flute,2,synthetic,56,127,16000,distortion
35.005043,-19.143644,guitar_acoustic_015-091-075,guitar_acoustic_015-091-075,/root/autodl-tmp/tokenizer-eval/data/nsynth/nsynth-valid/audio/guitar_acoustic_015-091-075.wav,316,guitar_acoustic_015,3,guitar,0,acoustic,91,75,16000,fast_decay|percussive|reverb
6.938764,7.4575605,keyboard_acoustic_004-060-050,keyboard_acoustic_004-060-050,/root/autodl-tmp/tokenizer-eval/data/nsynth/nsynth-valid/audio/keyboard_acoustic_004-060-050.wav,327,keyboard_acoustic_004,4,keyboard,0,acoustic,60,50,16000,dark|reverb
9.706614,16.882982,bass_synthetic_033-056-100,bass_synthetic_033-056-100,/root/autodl-tmp/tokenizer-eval/data/nsynth/nsynth-valid/audio/bass_synthetic_033-056-100.wav,417,bass_synthetic_033,0,bass,2,synthetic,56,100,16000,dark
-38.061756,42.609043,vocal_synthetic_003-048-050,vocal_synthetic_003-048-050,/root/autodl-tmp/tokenizer-eval/data/nsynth/nsynth-valid/audio/vocal_synthetic_003-048-050.wav,37,vocal_synthetic_003,10,vocal,2,synthetic,48,50,16000,distortion|long_release|nonlinear_env
20.494839,-1.2079107,bass_synthetic_033-071-050,bass_synthetic_033-071-050,/root/autodl-tmp/tokenizer-eval/data/nsynth/nsynth-valid/audio/bass_synthetic_033-071-050.wav,417,bass_synthetic_033,0,bass,2,synthetic,71,50,16000,
-14.74237,2.689187,brass_acoustic_046-055-025,brass_acoustic_046-055-025,/root/autodl-tmp/tokenizer-eval/data/nsynth/nsynth-valid/audio/brass_acoustic_046-055-025.wav,414,brass_acoustic_046,1,brass,0,acoustic,55,25,16000,
33.037384,-27.271387,mallet_acoustic_062-076-025,mallet_acoustic_062-076-025,/root/autodl-tmp/tokenizer-eval/data/nsynth/nsynth-valid/audio/mallet_acoustic_062-076-025.wav,644,mallet_acoustic_062,5,mallet,0,acoustic,76,25,16000,dark|fast_decay|multiphonic|percussive
-16.508032,-21.247887,brass_acoustic_015-076-075,brass_acoustic_015-076-075,/root/autodl-tmp/tokenizer-eval/data/nsynth/nsynth-valid/audio/brass_acoustic_015-076-075.wav,121,brass_acoustic_015,1,brass,0,acoustic,76,75,16000,reverb
42.555664,-17.262066,mallet_acoustic_047-069-100,mallet_acoustic_047-069-100,/root/autodl-tmp/tokenizer-eval/data/nsynth/nsynth-valid/audio/mallet_acoustic_047-069-100.wav,488,mallet_acoustic_047,5,mallet,0,acoustic,69,100,16000,fast_decay|percussive|reverb
41.695877,-60.77423,reed_acoustic_023-065-075,reed_acoustic_023-065-075,/root/autodl-tmp/tokenizer-eval/data/nsynth/nsynth-valid/audio/reed_acoustic_023-065-075.wav,224,reed_acoustic_023,7,reed,0,acoustic,65,75,16000,bright|fast_decay|multiphonic|nonlinear_env
-17.47724,34.997375,reed_acoustic_011-043-100,reed_acoustic_011-043-100,/root/autodl-tmp/tokenizer-eval/data/nsynth/nsynth-valid/audio/reed_acoustic_011-043-100.wav,104,reed_acoustic_011,7,reed,0,acoustic,43,100,16000,bright
63.06842,-14.341574,mallet_acoustic_056-053-127,mallet_acoustic_056-053-127,/root/autodl-tmp/tokenizer-eval/data/nsynth/nsynth-valid/audio/mallet_acoustic_056-053-127.wav,590,mallet_acoustic_056,5,mallet,0,acoustic,53,127,16000,bright|fast_decay|percussive
19.365608,-18.384085,mallet_acoustic_056-080-127,mallet_acoustic_056-080-127,/root/autodl-tmp/tokenizer-eval/data/nsynth/nsynth-valid/audio/mallet_acoustic_056-080-127.wav,590,mallet_acoustic_056,5,mallet,0,acoustic,80,127,16000,fast_decay
-0.4293784,60.407036,flute_synthetic_000-043-100,flute_synthetic_000-043-100,/root/autodl-tmp/tokenizer-eval/data/nsynth/nsynth-valid/audio/flute_synthetic_000-043-100.wav,82,flute_synthetic_000,2,flute,2,synthetic,43,100,16000,distortion
25.643158,-0.103775024,mallet_acoustic_062-063-050,mallet_acoustic_062-063-050,/root/autodl-tmp/tokenizer-eval/data/nsynth/nsynth-valid/audio/mallet_acoustic_062-063-050.wav,644,mallet_acoustic_062,5,mallet,0,acoustic,63,50,16000,dark|fast_decay|multiphonic
-14.105714,14.883952,organ_electronic_113-057-050,organ_electronic_113-057-050,/root/autodl-tmp/tokenizer-eval/data/nsynth/nsynth-valid/audio/organ_electronic_113-057-050.wav,958,organ_electronic_113,6,organ,1,electronic,57,50,16000,dark
8.146998,16.155535,brass_acoustic_015-056-100,brass_acoustic_015-056-100,/root/autodl-tmp/tokenizer-eval/data/nsynth/nsynth-valid/audio/brass_acoustic_015-056-100.wav,121,brass_acoustic_015,1,brass,0,acoustic,56,100,16000,reverb
33.483807,-4.575572,string_acoustic_056-065-075,string_acoustic_056-065-075,/root/autodl-tmp/tokenizer-eval/data/nsynth/nsynth-valid/audio/string_acoustic_056-065-075.wav,436,string_acoustic_056,8,string,0,acoustic,65,75,16000,fast_decay|reverb
-4.1500845,9.522177,organ_electronic_028-063-075,organ_electronic_028-063-075,/root/autodl-tmp/tokenizer-eval/data/nsynth/nsynth-valid/audio/organ_electronic_028-063-075.wav,440,organ_electronic_028,6,organ,1,electronic,63,75,16000,dark
28.961128,-51.799145,keyboard_synthetic_000-080-075,keyboard_synthetic_000-080-075,/root/autodl-tmp/tokenizer-eval/data/nsynth/nsynth-valid/audio/keyboard_synthetic_000-080-075.wav,577,keyboard_synthetic_000,4,keyboard,2,synthetic,80,75,16000,bright|distortion|fast_decay|nonlinear_env
-7.357365,-23.84596,flute_synthetic_000-079-050,flute_synthetic_000-079-050,/root/autodl-tmp/tokenizer-eval/data/nsynth/nsynth-valid/audio/flute_synthetic_000-079-050.wav,82,flute_synthetic_000,2,flute,2,synthetic,79,50,16000,distortion
41.219357,9.259878,keyboard_acoustic_004-080-050,keyboard_acoustic_004-080-050,/root/autodl-tmp/tokenizer-eval/data/nsynth/nsynth-valid/audio/keyboard_acoustic_004-080-050.wav,327,keyboard_acoustic_004,4,keyboard,0,acoustic,80,50,16000,dark|reverb
16.78095,-20.469154,guitar_acoustic_015-079-127,guitar_acoustic_015-079-127,/root/autodl-tmp/tokenizer-eval/data/nsynth/nsynth-valid/audio/guitar_acoustic_015-079-127.wav,316,guitar_acoustic_015,3,guitar,0,acoustic,79,127,16000,fast_decay|reverb
31.006332,-18.537558,guitar_acoustic_015-084-100,guitar_acoustic_015-084-100,/root/autodl-tmp/tokenizer-eval/data/nsynth/nsynth-valid/audio/guitar_acoustic_015-084-100.wav,316,guitar_acoustic_015,3,guitar,0,acoustic,84,100,16000,fast_decay|percussive|reverb
-29.769257,-17.102798,reed_acoustic_011-072-050,reed_acoustic_011-072-050,/root/autodl-tmp/tokenizer-eval/data/nsynth/nsynth-valid/audio/reed_acoustic_011-072-050.wav,104,reed_acoustic_011,7,reed,0,acoustic,72,50,16000,
-36.6321,-34.494038,brass_acoustic_016-086-050,brass_acoustic_016-086-050,/root/autodl-tmp/tokenizer-eval/data/nsynth/nsynth-valid/audio/brass_acoustic_016-086-050.wav,128,brass_acoustic_016,1,brass,0,acoustic,86,50,16000,
-54.98927,-25.656096,vocal_synthetic_003-087-050,vocal_synthetic_003-087-050,/root/autodl-tmp/tokenizer-eval/data/nsynth/nsynth-valid/audio/vocal_synthetic_003-087-050.wav,37,vocal_synthetic_003,10,vocal,2,synthetic,87,50,16000,bright|distortion|long_release|nonlinear_env
-29.843351,-15.600057,flute_acoustic_002-072-075,flute_acoustic_002-072-075,/root/autodl-tmp/tokenizer-eval/data/nsynth/nsynth-valid/audio/flute_acoustic_002-072-075.wav,86,flute_acoustic_002,2,flute,0,acoustic,72,75,16000,long_release|reverb
36.40985,4.951958,string_acoustic_014-060-100,string_acoustic_014-060-100,/root/autodl-tmp/tokenizer-eval/data/nsynth/nsynth-valid/audio/string_acoustic_014-060-100.wav,100,string_acoustic_014,8,string,0,acoustic,60,100,16000,dark|reverb
-12.044222,57.0242,organ_electronic_007-033-050,organ_electronic_007-033-050,/root/autodl-tmp/tokenizer-eval/data/nsynth/nsynth-valid/audio/organ_electronic_007-033-050.wav,123,organ_electronic_007,6,organ,1,electronic,33,50,16000,distortion|long_release|nonlinear_env
25.265486,-5.16608,guitar_acoustic_030-070-075,guitar_acoustic_030-070-075,/root/autodl-tmp/tokenizer-eval/data/nsynth/nsynth-valid/audio/guitar_acoustic_030-070-075.wav,642,guitar_acoustic_030,3,guitar,0,acoustic,70,75,16000,fast_decay|tempo-synced
22.483295,11.254036,string_acoustic_014-058-127,string_acoustic_014-058-127,/root/autodl-tmp/tokenizer-eval/data/nsynth/nsynth-valid/audio/string_acoustic_014-058-127.wav,100,string_acoustic_014,8,string,0,acoustic,58,127,16000,dark|reverb
-21.030195,-32.231926,organ_electronic_104-073-127,organ_electronic_104-073-127,/root/autodl-tmp/tokenizer-eval/data/nsynth/nsynth-valid/audio/organ_electronic_104-073-127.wav,921,organ_electronic_104,6,organ,1,electronic,73,127,16000,
-16.808323,30.309668,reed_acoustic_018-053-127,reed_acoustic_018-053-127,/root/autodl-tmp/tokenizer-eval/data/nsynth/nsynth-valid/audio/reed_acoustic_018-053-127.wav,183,reed_acoustic_018,7,reed,0,acoustic,53,127,16000,
32.60023,-62.516663,reed_acoustic_023-080-025,reed_acoustic_023-080-025,/root/autodl-tmp/tokenizer-eval/data/nsynth/nsynth-valid/audio/reed_acoustic_023-080-025.wav,224,reed_acoustic_023,7,reed,0,acoustic,80,25,16000,bright|fast_decay|multiphonic|nonlinear_env
-29.640976,48.763264,vocal_synthetic_003-032-075,vocal_synthetic_003-032-075,/root/autodl-tmp/tokenizer-eval/data/nsynth/nsynth-valid/audio/vocal_synthetic_003-032-075.wav,37,vocal_synthetic_003,10,vocal,2,synthetic,32,75,16000,distortion|long_release|nonlinear_env
19.972355,39.593636,keyboard_electronic_003-035-100,keyboard_electronic_003-035-100,/root/autodl-tmp/tokenizer-eval/data/nsynth/nsynth-valid/audio/keyboard_electronic_003-035-100.wav,65,keyboard_electronic_003,4,keyboard,1,electronic,35,100,16000,distortion
9.049412,-6.9274745,guitar_acoustic_015-069-127,guitar_acoustic_015-069-127,/root/autodl-tmp/tokenizer-eval/data/nsynth/nsynth-valid/audio/guitar_acoustic_015-069-127.wav,316,guitar_acoustic_015,3,guitar,0,acoustic,69,127,16000,reverb
12.05731,8.471029,keyboard_electronic_003-062-075,keyboard_electronic_003-062-075,/root/autodl-tmp/tokenizer-eval/data/nsynth/nsynth-valid/audio/keyboard_electronic_003-062-075.wav,65,keyboard_electronic_003,4,keyboard,1,electronic,62,75,16000,
32.093178,-58.689266,reed_acoustic_023-085-050,reed_acoustic_023-085-050,/root/autodl-tmp/tokenizer-eval/data/nsynth/nsynth-valid/audio/reed_acoustic_023-085-050.wav,224,reed_acoustic_023,7,reed,0,acoustic,85,50,16000,bright|fast_decay|multiphonic|nonlinear_env
2.136498,12.359202,brass_acoustic_015-059-100,brass_acoustic_015-059-100,/root/autodl-tmp/tokenizer-eval/data/nsynth/nsynth-valid/audio/brass_acoustic_015-059-100.wav,121,brass_acoustic_015,1,brass,0,acoustic,59,100,16000,reverb
5.839594,-9.6501,keyboard_electronic_003-071-025,keyboard_electronic_003-071-025,/root/autodl-tmp/tokenizer-eval/data/nsynth/nsynth-valid/audio/keyboard_electronic_003-071-025.wav,65,keyboard_electronic_003,4,keyboard,1,electronic,71,25,16000,
37.920395,17.24216,string_acoustic_014-047-100,string_acoustic_014-047-100,/root/autodl-tmp/tokenizer-eval/data/nsynth/nsynth-valid/audio/string_acoustic_014-047-100.wav,100,string_acoustic_014,8,string,0,acoustic,47,100,16000,dark|fast_decay|reverb
-28.572971,-36.395977,string_acoustic_057-088-075,string_acoustic_057-088-075,/root/autodl-tmp/tokenizer-eval/data/nsynth/nsynth-valid/audio/string_acoustic_057-088-075.wav,450,string_acoustic_057,8,string,0,acoustic,88,75,16000,nonlinear_env|reverb
-39.538128,50.73248,vocal_synthetic_003-042-025,vocal_synthetic_003-042-025,/root/autodl-tmp/tokenizer-eval/data/nsynth/nsynth-valid/audio/vocal_synthetic_003-042-025.wav,37,vocal_synthetic_003,10,vocal,2,synthetic,42,25,16000,distortion|long_release|nonlinear_env
-2.345825,60.946438,flute_synthetic_000-044-100,flute_synthetic_000-044-100,/root/autodl-tmp/tokenizer-eval/data/nsynth/nsynth-valid/audio/flute_synthetic_000-044-100.wav,82,flute_synthetic_000,2,flute,2,synthetic,44,100,16000,distortion
11.567468,0.42813966,keyboard_electronic_078-065-050,keyboard_electronic_078-065-050,/root/autodl-tmp/tokenizer-eval/data/nsynth/nsynth-valid/audio/keyboard_electronic_078-065-050.wav,838,keyboard_electronic_078,4,keyboard,1,electronic,65,50,16000,bright
-38.422672,-27.996296,brass_acoustic_016-061-127,brass_acoustic_016-061-127,/root/autodl-tmp/tokenizer-eval/data/nsynth/nsynth-valid/audio/brass_acoustic_016-061-127.wav,128,brass_acoustic_016,1,brass,0,acoustic,61,127,16000,bright
-33.851524,24.110012,flute_synthetic_000-059-050,flute_synthetic_000-059-050,/root/autodl-tmp/tokenizer-eval/data/nsynth/nsynth-valid/audio/flute_synthetic_000-059-050.wav,82,flute_synthetic_000,2,flute,2,synthetic,59,50,16000,distortion
26.956285,-59.978214,reed_acoustic_023-092-050,reed_acoustic_023-092-050,/root/autodl-tmp/tokenizer-eval/data/nsynth/nsynth-valid/audio/reed_acoustic_023-092-050.wav,224,reed_acoustic_023,7,reed,0,acoustic,92,50,16000,fast_decay|multiphonic|nonlinear_env
1.3033866,16.962786,brass_acoustic_015-047-025,brass_acoustic_015-047-025,/root/autodl-tmp/tokenizer-eval/data/nsynth/nsynth-valid/audio/brass_acoustic_015-047-025.wav,121,brass_acoustic_015,1,brass,0,acoustic,47,25,16000,reverb
-22.799854,-34.575867,organ_electronic_113-078-075,organ_electronic_113-078-075,/root/autodl-tmp/tokenizer-eval/data/nsynth/nsynth-valid/audio/organ_electronic_113-078-075.wav,958,organ_electronic_113,6,organ,1,electronic,78,75,16000,
-55.28384,-16.168827,vocal_synthetic_003-077-127,vocal_synthetic_003-077-127,/root/autodl-tmp/tokenizer-eval/data/nsynth/nsynth-valid/audio/vocal_synthetic_003-077-127.wav,37,vocal_synthetic_003,10,vocal,2,synthetic,77,127,16000,bright|distortion|long_release|nonlinear_env
19.36829,-23.394598,guitar_acoustic_014-082-127,guitar_acoustic_014-082-127,/root/autodl-tmp/tokenizer-eval/data/nsynth/nsynth-valid/audio/guitar_acoustic_014-082-127.wav,263,guitar_acoustic_014,3,guitar,0,acoustic,82,127,16000,fast_decay
21.605934,22.95998,bass_electronic_018-053-050,bass_electronic_018-053-050,/root/autodl-tmp/tokenizer-eval/data/nsynth/nsynth-valid/audio/bass_electronic_018-053-050.wav,759,bass_electronic_018,0,bass,1,electronic,53,50,16000,
29.90436,36.37933,bass_synthetic_135-037-025,bass_synthetic_135-037-025,/root/autodl-tmp/tokenizer-eval/data/nsynth/nsynth-valid/audio/bass_synthetic_135-037-025.wav,927,bass_synthetic_135,0,bass,2,synthetic,37,25,16000,distortion
-37.564114,-4.1282163,organ_electronic_113-069-050,organ_electronic_113-069-050,/root/autodl-tmp/tokenizer-eval/data/nsynth/nsynth-valid/audio/organ_electronic_113-069-050.wav,958,organ_electronic_113,6,organ,1,electronic,69,50,16000,
11.719024,59.197983,flute_synthetic_000-032-025,flute_synthetic_000-032-025,/root/autodl-tmp/tokenizer-eval/data/nsynth/nsynth-valid/audio/flute_synthetic_000-032-025.wav,82,flute_synthetic_000,2,flute,2,synthetic,32,25,16000,distortion
26.58131,13.646347,mallet_acoustic_062-055-100,mallet_acoustic_062-055-100,/root/autodl-tmp/tokenizer-eval/data/nsynth/nsynth-valid/audio/mallet_acoustic_062-055-100.wav,644,mallet_acoustic_062,5,mallet,0,acoustic,55,100,16000,dark|multiphonic
30.316046,37.865013,bass_synthetic_135-034-127,bass_synthetic_135-034-127,/root/autodl-tmp/tokenizer-eval/data/nsynth/nsynth-valid/audio/bass_synthetic_135-034-127.wav,927,bass_synthetic_135,0,bass,2,synthetic,34,127,16000,distortion
-15.135821,-39.184105,flute_synthetic_000-094-127,flute_synthetic_000-094-127,/root/autodl-tmp/tokenizer-eval/data/nsynth/nsynth-valid/audio/flute_synthetic_000-094-127.wav,82,flute_synthetic_000,2,flute,2,synthetic,94,127,16000,distortion
-29.658554,-9.058912,brass_acoustic_006-071-100,brass_acoustic_006-071-100,/root/autodl-tmp/tokenizer-eval/data/nsynth/nsynth-valid/audio/brass_acoustic_006-071-100.wav,43,brass_acoustic_006,1,brass,0,acoustic,71,100,16000,reverb
-8.50136,15.373137,organ_electronic_028-060-050,organ_electronic_028-060-050,/root/autodl-tmp/tokenizer-eval/data/nsynth/nsynth-valid/audio/organ_electronic_028-060-050.wav,440,organ_electronic_028,6,organ,1,electronic,60,50,16000,dark
57.47105,-8.29387,mallet_acoustic_056-075-127,mallet_acoustic_056-075-127,/root/autodl-tmp/tokenizer-eval/data/nsynth/nsynth-valid/audio/mallet_acoustic_056-075-127.wav,590,mallet_acoustic_056,5,mallet,0,acoustic,75,127,16000,fast_decay
-50.158928,-32.179733,organ_electronic_007-092-075,organ_electronic_007-092-075,/root/autodl-tmp/tokenizer-eval/data/nsynth/nsynth-valid/audio/organ_electronic_007-092-075.wav,123,organ_electronic_007,6,organ,1,electronic,92,75,16000,long_release|nonlinear_env
-17.83308,0.7406114,reed_acoustic_018-067-127,reed_acoustic_018-067-127,/root/autodl-tmp/tokenizer-eval/data/nsynth/nsynth-valid/audio/reed_acoustic_018-067-127.wav,183,reed_acoustic_018,7,reed,0,acoustic,67,127,16000,
33.641384,-9.474156,string_acoustic_056-069-075,string_acoustic_056-069-075,/root/autodl-tmp/tokenizer-eval/data/nsynth/nsynth-valid/audio/string_acoustic_056-069-075.wav,436,string_acoustic_056,8,string,0,acoustic,69,75,16000,fast_decay|percussive|reverb
25.234844,-22.389872,bass_synthetic_068-089-127,bass_synthetic_068-089-127,/root/autodl-tmp/tokenizer-eval/data/nsynth/nsynth-valid/audio/bass_synthetic_068-089-127.wav,656,bass_synthetic_068,0,bass,2,synthetic,89,127,16000,fast_decay
-55.620544,-33.762398,vocal_synthetic_003-094-100,vocal_synthetic_003-094-100,/root/autodl-tmp/tokenizer-eval/data/nsynth/nsynth-valid/audio/vocal_synthetic_003-094-100.wav,37,vocal_synthetic_003,10,vocal,2,synthetic,94,100,16000,bright|distortion|long_release|nonlinear_env
-15.197065,33.04157,reed_acoustic_011-047-075,reed_acoustic_011-047-075,/root/autodl-tmp/tokenizer-eval/data/nsynth/nsynth-valid/audio/reed_acoustic_011-047-075.wav,104,reed_acoustic_011,7,reed,0,acoustic,47,75,16000,
-10.3920145,22.361494,organ_electronic_113-042-100,organ_electronic_113-042-100,/root/autodl-tmp/tokenizer-eval/data/nsynth/nsynth-valid/audio/organ_electronic_113-042-100.wav,958,organ_electronic_113,6,organ,1,electronic,42,100,16000,dark
-25.345324,-5.867471,reed_acoustic_011-070-127,reed_acoustic_011-070-127,/root/autodl-tmp/tokenizer-eval/data/nsynth/nsynth-valid/audio/reed_acoustic_011-070-127.wav,104,reed_acoustic_011,7,reed,0,acoustic,70,127,16000,
-29.14585,50.188816,vocal_synthetic_003-031-050,vocal_synthetic_003-031-050,/root/autodl-tmp/tokenizer-eval/data/nsynth/nsynth-valid/audio/vocal_synthetic_003-031-050.wav,37,vocal_synthetic_003,10,vocal,2,synthetic,31,50,16000,distortion|long_release|nonlinear_env
43.047237,-14.884016,mallet_acoustic_047-071-075,mallet_acoustic_047-071-075,/root/autodl-tmp/tokenizer-eval/data/nsynth/nsynth-valid/audio/mallet_acoustic_047-071-075.wav,488,mallet_acoustic_047,5,mallet,0,acoustic,71,75,16000,fast_decay|percussive|reverb
33.864437,-61.053795,reed_acoustic_023-076-100,reed_acoustic_023-076-100,/root/autodl-tmp/tokenizer-eval/data/nsynth/nsynth-valid/audio/reed_acoustic_023-076-100.wav,224,reed_acoustic_023,7,reed,0,acoustic,76,100,16000,bright|fast_decay|multiphonic|nonlinear_env
31.183184,-20.367798,guitar_acoustic_021-090-100,guitar_acoustic_021-090-100,/root/autodl-tmp/tokenizer-eval/data/nsynth/nsynth-valid/audio/guitar_acoustic_021-090-100.wav,457,guitar_acoustic_021,3,guitar,0,acoustic,90,100,16000,fast_decay|percussive
-33.48297,-1.1605005,string_acoustic_057-062-075,string_acoustic_057-062-075,/root/autodl-tmp/tokenizer-eval/data/nsynth/nsynth-valid/audio/string_acoustic_057-062-075.wav,450,string_acoustic_057,8,string,0,acoustic,62,75,16000,bright|nonlinear_env|reverb
-32.897156,51.246994,vocal_synthetic_003-036-050,vocal_synthetic_003-036-050,/root/autodl-tmp/tokenizer-eval/data/nsynth/nsynth-valid/audio/vocal_synthetic_003-036-050.wav,37,vocal_synthetic_003,10,vocal,2,synthetic,36,50,16000,distortion|long_release|nonlinear_env
-17.685001,-21.964554,string_acoustic_057-076-050,string_acoustic_057-076-050,/root/autodl-tmp/tokenizer-eval/data/nsynth/nsynth-valid/audio/string_acoustic_057-076-050.wav,450,string_acoustic_057,8,string,0,acoustic,76,50,16000,bright|nonlinear_env|reverb
-45.791233,-11.388163,vocal_synthetic_003-070-025,vocal_synthetic_003-070-025,/root/autodl-tmp/tokenizer-eval/data/nsynth/nsynth-valid/audio/vocal_synthetic_003-070-025.wav,37,vocal_synthetic_003,10,vocal,2,synthetic,70,25,16000,bright|distortion|long_release|nonlinear_env
-29.627878,-17.392864,reed_acoustic_011-072-025,reed_acoustic_011-072-025,/root/autodl-tmp/tokenizer-eval/data/nsynth/nsynth-valid/audio/reed_acoustic_011-072-025.wav,104,reed_acoustic_011,7,reed,0,acoustic,72,25,16000,
14.095397,-27.169641,keyboard_electronic_078-083-050,keyboard_electronic_078-083-050,/root/autodl-tmp/tokenizer-eval/data/nsynth/nsynth-valid/audio/keyboard_electronic_078-083-050.wav,838,keyboard_electronic_078,4,keyboard,1,electronic,83,50,16000,bright
-13.577133,-1.4969834,reed_acoustic_011-061-075,reed_acoustic_011-061-075,/root/autodl-tmp/tokenizer-eval/data/nsynth/nsynth-valid/audio/reed_acoustic_011-061-075.wav,104,reed_acoustic_011,7,reed,0,acoustic,61,75,16000,
31.240688,21.656078,mallet_acoustic_062-047-100,mallet_acoustic_062-047-100,/root/autodl-tmp/tokenizer-eval/data/nsynth/nsynth-valid/audio/mallet_acoustic_062-047-100.wav,644,mallet_acoustic_062,5,mallet,0,acoustic,47,100,16000,dark|long_release|multiphonic
-17.727737,-8.037374,brass_acoustic_059-063-127,brass_acoustic_059-063-127,/root/autodl-tmp/tokenizer-eval/data/nsynth/nsynth-valid/audio/brass_acoustic_059-063-127.wav,572,brass_acoustic_059,1,brass,0,acoustic,63,127,16000,reverb
-31.08514,4.011241,vocal_acoustic_000-067-050,vocal_acoustic_000-067-050,/root/autodl-tmp/tokenizer-eval/data/nsynth/nsynth-valid/audio/vocal_acoustic_000-067-050.wav,46,vocal_acoustic_000,10,vocal,0,acoustic,67,50,16000,reverb
41.696014,-60.77397,reed_acoustic_023-065-100,reed_acoustic_023-065-100,/root/autodl-tmp/tokenizer-eval/data/nsynth/nsynth-valid/audio/reed_acoustic_023-065-100.wav,224,reed_acoustic_023,7,reed,0,acoustic,65,100,16000,bright|fast_decay|multiphonic|nonlinear_env
-40.64404,40.267452,vocal_synthetic_003-050-127,vocal_synthetic_003-050-127,/root/autodl-tmp/tokenizer-eval/data/nsynth/nsynth-valid/audio/vocal_synthetic_003-050-127.wav,37,vocal_synthetic_003,10,vocal,2,synthetic,50,127,16000,bright|distortion|long_release|nonlinear_env
26.461975,12.210154,mallet_acoustic_062-056-075,mallet_acoustic_062-056-075,/root/autodl-tmp/tokenizer-eval/data/nsynth/nsynth-valid/audio/mallet_acoustic_062-056-075.wav,644,mallet_acoustic_062,5,mallet,0,acoustic,56,75,16000,dark|multiphonic
-26.61851,28.209946,flute_synthetic_000-053-075,flute_synthetic_000-053-075,/root/autodl-tmp/tokenizer-eval/data/nsynth/nsynth-valid/audio/flute_synthetic_000-053-075.wav,82,flute_synthetic_000,2,flute,2,synthetic,53,75,16000,distortion
1.1274686,51.297836,string_acoustic_080-038-100,string_acoustic_080-038-100,/root/autodl-tmp/tokenizer-eval/data/nsynth/nsynth-valid/audio/string_acoustic_080-038-100.wav,675,string_acoustic_080,8,string,0,acoustic,38,100,16000,long_release|reverb
17.397188,19.029842,bass_synthetic_135-056-050,bass_synthetic_135-056-050,/root/autodl-tmp/tokenizer-eval/data/nsynth/nsynth-valid/audio/bass_synthetic_135-056-050.wav,927,bass_synthetic_135,0,bass,2,synthetic,56,50,16000,distortion
42.615345,2.5346367,keyboard_electronic_001-096-075,keyboard_electronic_001-096-075,/root/autodl-tmp/tokenizer-eval/data/nsynth/nsynth-valid/audio/keyboard_electronic_001-096-075.wav,40,keyboard_electronic_001,4,keyboard,1,electronic,96,75,16000,
19.299994,-25.93995,bass_synthetic_068-084-075,bass_synthetic_068-084-075,/root/autodl-tmp/tokenizer-eval/data/nsynth/nsynth-valid/audio/bass_synthetic_068-084-075.wav,656,bass_synthetic_068,0,bass,2,synthetic,84,75,16000,fast_decay
34.119114,-8.440692,string_acoustic_056-069-127,string_acoustic_056-069-127,/root/autodl-tmp/tokenizer-eval/data/nsynth/nsynth-valid/audio/string_acoustic_056-069-127.wav,436,string_acoustic_056,8,string,0,acoustic,69,127,16000,fast_decay|percussive|reverb
-21.196907,-35.95267,organ_electronic_104-078-025,organ_electronic_104-078-025,/root/autodl-tmp/tokenizer-eval/data/nsynth/nsynth-valid/audio/organ_electronic_104-078-025.wav,921,organ_electronic_104,6,organ,1,electronic,78,25,16000,
14.213591,-18.52944,guitar_acoustic_015-077-025,guitar_acoustic_015-077-025,/root/autodl-tmp/tokenizer-eval/data/nsynth/nsynth-valid/audio/guitar_acoustic_015-077-025.wav,316,guitar_acoustic_015,3,guitar,0,acoustic,77,25,16000,fast_decay|reverb
-60.79114,-31.906052,vocal_synthetic_003-083-127,vocal_synthetic_003-083-127,/root/autodl-tmp/tokenizer-eval/data/nsynth/nsynth-valid/audio/vocal_synthetic_003-083-127.wav,37,vocal_synthetic_003,10,vocal,2,synthetic,83,127,16000,bright|distortion|long_release|nonlinear_env
13.165719,7.3902845,keyboard_electronic_098-062-025,keyboard_electronic_098-062-025,/root/autodl-tmp/tokenizer-eval/data/nsynth/nsynth-valid/audio/keyboard_electronic_098-062-025.wav,905,keyboard_electronic_098,4,keyboard,1,electronic,62,25,16000,dark
2.6838107,-8.021351,guitar_electronic_022-071-075,guitar_electronic_022-071-075,/root/autodl-tmp/tokenizer-eval/data/nsynth/nsynth-valid/audio/guitar_electronic_022-071-075.wav,378,guitar_electronic_022,3,guitar,1,electronic,71,75,16000,
-34.45836,4.004714,string_acoustic_057-066-127,string_acoustic_057-066-127,/root/autodl-tmp/tokenizer-eval/data/nsynth/nsynth-valid/audio/string_acoustic_057-066-127.wav,450,string_acoustic_057,8,string,0,acoustic,66,127,16000,bright|nonlinear_env|reverb
-9.790985,24.017141,organ_electronic_104-034-025,organ_electronic_104-034-025,/root/autodl-tmp/tokenizer-eval/data/nsynth/nsynth-valid/audio/organ_electronic_104-034-025.wav,921,organ_electronic_104,6,organ,1,electronic,34,25,16000,
18.94034,-21.752266,bass_synthetic_068-081-075,bass_synthetic_068-081-075,/root/autodl-tmp/tokenizer-eval/data/nsynth/nsynth-valid/audio/bass_synthetic_068-081-075.wav,656,bass_synthetic_068,0,bass,2,synthetic,81,75,16000,fast_decay
-5.5930786,51.39093,flute_synthetic_000-050-075,flute_synthetic_000-050-075,/root/autodl-tmp/tokenizer-eval/data/nsynth/nsynth-valid/audio/flute_synthetic_000-050-075.wav,82,flute_synthetic_000,2,flute,2,synthetic,50,75,16000,distortion
-27.066055,-0.75881064,brass_acoustic_015-070-075,brass_acoustic_015-070-075,/root/autodl-tmp/tokenizer-eval/data/nsynth/nsynth-valid/audio/brass_acoustic_015-070-075.wav,121,brass_acoustic_015,1,brass,0,acoustic,70,75,16000,reverb
2.4149852,-5.6250467,guitar_acoustic_010-070-100,guitar_acoustic_010-070-100,/root/autodl-tmp/tokenizer-eval/data/nsynth/nsynth-valid/audio/guitar_acoustic_010-070-100.wav,219,guitar_acoustic_010,3,guitar,0,acoustic,70,100,16000,
14.72086,9.804966,bass_synthetic_135-061-127,bass_synthetic_135-061-127,/root/autodl-tmp/tokenizer-eval/data/nsynth/nsynth-valid/audio/bass_synthetic_135-061-127.wav,927,bass_synthetic_135,0,bass,2,synthetic,61,127,16000,distortion
-35.329308,9.86823,vocal_acoustic_000-062-050,vocal_acoustic_000-062-050,/root/autodl-tmp/tokenizer-eval/data/nsynth/nsynth-valid/audio/vocal_acoustic_000-062-050.wav,46,vocal_acoustic_000,10,vocal,0,acoustic,62,50,16000,reverb
-31.24751,16.1191,flute_synthetic_000-066-127,flute_synthetic_000-066-127,/root/autodl-tmp/tokenizer-eval/data/nsynth/nsynth-valid/audio/flute_synthetic_000-066-127.wav,82,flute_synthetic_000,2,flute,2,synthetic,66,127,16000,distortion
57.435818,-8.26551,mallet_acoustic_056-075-100,mallet_acoustic_056-075-100,/root/autodl-tmp/tokenizer-eval/data/nsynth/nsynth-valid/audio/mallet_acoustic_056-075-100.wav,590,mallet_acoustic_056,5,mallet,0,acoustic,75,100,16000,fast_decay
-56.738247,-24.584654,vocal_synthetic_003-088-075,vocal_synthetic_003-088-075,/root/autodl-tmp/tokenizer-eval/data/nsynth/nsynth-valid/audio/vocal_synthetic_003-088-075.wav,37,vocal_synthetic_003,10,vocal,2,synthetic,88,75,16000,long_release|nonlinear_env
-55.500244,-16.109198,vocal_synthetic_003-077-100,vocal_synthetic_003-077-100,/root/autodl-tmp/tokenizer-eval/data/nsynth/nsynth-valid/audio/vocal_synthetic_003-077-100.wav,37,vocal_synthetic_003,10,vocal,2,synthetic,77,100,16000,bright|distortion|long_release|nonlinear_env
36.524418,-0.50926155,string_acoustic_014-060-127,string_acoustic_014-060-127,/root/autodl-tmp/tokenizer-eval/data/nsynth/nsynth-valid/audio/string_acoustic_014-060-127.wav,100,string_acoustic_014,8,string,0,acoustic,60,127,16000,dark|percussive|reverb
-37.79084,-34.13367,brass_acoustic_016-085-100,brass_acoustic_016-085-100,/root/autodl-tmp/tokenizer-eval/data/nsynth/nsynth-valid/audio/brass_acoustic_016-085-100.wav,128,brass_acoustic_016,1,brass,0,acoustic,85,100,16000,bright
-4.5158243,-5.7216735,bass_synthetic_034-060-025,bass_synthetic_034-060-025,/root/autodl-tmp/tokenizer-eval/data/nsynth/nsynth-valid/audio/bass_synthetic_034-060-025.wav,420,bass_synthetic_034,0,bass,2,synthetic,60,25,16000,distortion|tempo-synced
8.14696,16.155546,brass_acoustic_015-056-127,brass_acoustic_015-056-127,/root/autodl-tmp/tokenizer-eval/data/nsynth/nsynth-valid/audio/brass_acoustic_015-056-127.wav,121,brass_acoustic_015,1,brass,0,acoustic,56,127,16000,reverb
-15.855361,1.4720415,organ_electronic_007-055-100,organ_electronic_007-055-100,/root/autodl-tmp/tokenizer-eval/data/nsynth/nsynth-valid/audio/organ_electronic_007-055-100.wav,123,organ_electronic_007,6,organ,1,electronic,55,100,16000,distortion|long_release|nonlinear_env
12.012347,40.679188,keyboard_electronic_069-046-075,keyboard_electronic_069-046-075,/root/autodl-tmp/tokenizer-eval/data/nsynth/nsynth-valid/audio/keyboard_electronic_069-046-075.wav,805,keyboard_electronic_069,4,keyboard,1,electronic,46,75,16000,distortion
4.0671334,51.815228,string_acoustic_012-039-100,string_acoustic_012-039-100,/root/autodl-tmp/tokenizer-eval/data/nsynth/nsynth-valid/audio/string_acoustic_012-039-100.wav,97,string_acoustic_012,8,string,0,acoustic,39,100,16000,long_release|reverb
40.51847,25.20807,mallet_acoustic_062-033-075,mallet_acoustic_062-033-075,/root/autodl-tmp/tokenizer-eval/data/nsynth/nsynth-valid/audio/mallet_acoustic_062-033-075.wav,644,mallet_acoustic_062,5,mallet,0,acoustic,33,75,16000,dark|multiphonic
-20.15762,-40.747696,organ_electronic_057-084-075,organ_electronic_057-084-075,/root/autodl-tmp/tokenizer-eval/data/nsynth/nsynth-valid/audio/organ_electronic_057-084-075.wav,701,organ_electronic_057,6,organ,1,electronic,84,75,16000,
1.7684991,19.06059,brass_acoustic_015-046-127,brass_acoustic_015-046-127,/root/autodl-tmp/tokenizer-eval/data/nsynth/nsynth-valid/audio/brass_acoustic_015-046-127.wav,121,brass_acoustic_015,1,brass,0,acoustic,46,127,16000,reverb
35.455456,21.429005,mallet_acoustic_062-044-050,mallet_acoustic_062-044-050,/root/autodl-tmp/tokenizer-eval/data/nsynth/nsynth-valid/audio/mallet_acoustic_062-044-050.wav,644,mallet_acoustic_062,5,mallet,0,acoustic,44,50,16000,dark|multiphonic
6.543231,60.032467,flute_synthetic_000-037-025,flute_synthetic_000-037-025,/root/autodl-tmp/tokenizer-eval/data/nsynth/nsynth-valid/audio/flute_synthetic_000-037-025.wav,82,flute_synthetic_000,2,flute,2,synthetic,37,25,16000,distortion
15.609791,-0.67083323,bass_synthetic_135-066-025,bass_synthetic_135-066-025,/root/autodl-tmp/tokenizer-eval/data/nsynth/nsynth-valid/audio/bass_synthetic_135-066-025.wav,927,bass_synthetic_135,0,bass,2,synthetic,66,25,16000,distortion
14.906441,-34.158276,mallet_acoustic_062-087-100,mallet_acoustic_062-087-100,/root/autodl-tmp/tokenizer-eval/data/nsynth/nsynth-valid/audio/mallet_acoustic_062-087-100.wav,644,mallet_acoustic_062,5,mallet,0,acoustic,87,100,16000,multiphonic
33.86452,-61.053543,reed_acoustic_023-076-025,reed_acoustic_023-076-025,/root/autodl-tmp/tokenizer-eval/data/nsynth/nsynth-valid/audio/reed_acoustic_023-076-025.wav,224,reed_acoustic_023,7,reed,0,acoustic,76,25,16000,bright|fast_decay|multiphonic|nonlinear_env
-10.301937,-18.193739,flute_synthetic_000-076-075,flute_synthetic_000-076-075,/root/autodl-tmp/tokenizer-eval/data/nsynth/nsynth-valid/audio/flute_synthetic_000-076-075.wav,82,flute_synthetic_000,2,flute,2,synthetic,76,75,16000,distortion
-10.776101,39.156265,brass_acoustic_059-051-100,brass_acoustic_059-051-100,/root/autodl-tmp/tokenizer-eval/data/nsynth/nsynth-valid/audio/brass_acoustic_059-051-100.wav,572,brass_acoustic_059,1,brass,0,acoustic,51,100,16000,reverb
27.157888,42.176785,bass_synthetic_033-033-025,bass_synthetic_033-033-025,/root/autodl-tmp/tokenizer-eval/data/nsynth/nsynth-valid/audio/bass_synthetic_033-033-025.wav,417,bass_synthetic_033,0,bass,2,synthetic,33,25,16000,dark
-43.877747,-17.23798,vocal_synthetic_003-073-025,vocal_synthetic_003-073-025,/root/autodl-tmp/tokenizer-eval/data/nsynth/nsynth-valid/audio/vocal_synthetic_003-073-025.wav,37,vocal_synthetic_003,10,vocal,2,synthetic,73,25,16000,bright|distortion|long_release|nonlinear_env
27.582474,1.2668843,mallet_acoustic_062-060-025,mallet_acoustic_062-060-025,/root/autodl-tmp/tokenizer-eval/data/nsynth/nsynth-valid/audio/mallet_acoustic_062-060-025.wav,644,mallet_acoustic_062,5,mallet,0,acoustic,60,25,16000,dark|fast_decay|multiphonic
16.219202,-20.770521,guitar_acoustic_014-079-075,guitar_acoustic_014-079-075,/root/autodl-tmp/tokenizer-eval/data/nsynth/nsynth-valid/audio/guitar_acoustic_014-079-075.wav,263,guitar_acoustic_014,3,guitar,0,acoustic,79,75,16000,
-16.763147,-35.38123,flute_synthetic_000-092-050,flute_synthetic_000-092-050,/root/autodl-tmp/tokenizer-eval/data/nsynth/nsynth-valid/audio/flute_synthetic_000-092-050.wav,82,flute_synthetic_000,2,flute,2,synthetic,92,50,16000,distortion
2.89367,61.107937,flute_synthetic_000-040-075,flute_synthetic_000-040-075,/root/autodl-tmp/tokenizer-eval/data/nsynth/nsynth-valid/audio/flute_synthetic_000-040-075.wav,82,flute_synthetic_000,2,flute,2,synthetic,40,75,16000,distortion
11.81847,58.929295,flute_synthetic_000-032-127,flute_synthetic_000-032-127,/root/autodl-tmp/tokenizer-eval/data/nsynth/nsynth-valid/audio/flute_synthetic_000-032-127.wav,82,flute_synthetic_000,2,flute,2,synthetic,32,127,16000,distortion
24.029171,-61.492786,reed_acoustic_023-095-100,reed_acoustic_023-095-100,/root/autodl-tmp/tokenizer-eval/data/nsynth/nsynth-valid/audio/reed_acoustic_023-095-100.wav,224,reed_acoustic_023,7,reed,0,acoustic,95,100,16000,fast_decay|multiphonic|nonlinear_env
16.263968,26.167376,keyboard_electronic_003-053-025,keyboard_electronic_003-053-025,/root/autodl-tmp/tokenizer-eval/data/nsynth/nsynth-valid/audio/keyboard_electronic_003-053-025.wav,65,keyboard_electronic_003,4,keyboard,1,electronic,53,25,16000,dark
24.560545,-59.127556,reed_acoustic_023-094-025,reed_acoustic_023-094-025,/root/autodl-tmp/tokenizer-eval/data/nsynth/nsynth-valid/audio/reed_acoustic_023-094-025.wav,224,reed_acoustic_023,7,reed,0,acoustic,94,25,16000,fast_decay|multiphonic|nonlinear_env
35.750645,-9.112736,string_acoustic_056-077-075,string_acoustic_056-077-075,/root/autodl-tmp/tokenizer-eval/data/nsynth/nsynth-valid/audio/string_acoustic_056-077-075.wav,436,string_acoustic_056,8,string,0,acoustic,77,75,16000,fast_decay|percussive|reverb
-53.25767,-9.735295,vocal_synthetic_003-063-075,vocal_synthetic_003-063-075,/root/autodl-tmp/tokenizer-eval/data/nsynth/nsynth-valid/audio/vocal_synthetic_003-063-075.wav,37,vocal_synthetic_003,10,vocal,2,synthetic,63,75,16000,bright|distortion|long_release|nonlinear_env
19.385458,-23.285847,bass_synthetic_068-082-127,bass_synthetic_068-082-127,/root/autodl-tmp/tokenizer-eval/data/nsynth/nsynth-valid/audio/bass_synthetic_068-082-127.wav,656,bass_synthetic_068,0,bass,2,synthetic,82,127,16000,distortion|fast_decay
-28.835537,22.932348,flute_synthetic_000-056-100,flute_synthetic_000-056-100,/root/autodl-tmp/tokenizer-eval/data/nsynth/nsynth-valid/audio/flute_synthetic_000-056-100.wav,82,flute_synthetic_000,2,flute,2,synthetic,56,100,16000,distortion
-19.15669,45.698944,reed_acoustic_037-037-127,reed_acoustic_037-037-127,/root/autodl-tmp/tokenizer-eval/data/nsynth/nsynth-valid/audio/reed_acoustic_037-037-127.wav,387,reed_acoustic_037,7,reed,0,acoustic,37,127,16000,long_release|reverb
-52.851128,-6.253565,vocal_synthetic_003-061-075,vocal_synthetic_003-061-075,/root/autodl-tmp/tokenizer-eval/data/nsynth/nsynth-valid/audio/vocal_synthetic_003-061-075.wav,37,vocal_synthetic_003,10,vocal,2,synthetic,61,75,16000,bright|distortion|long_release|nonlinear_env
36.585392,18.477264,mallet_acoustic_062-046-025,mallet_acoustic_062-046-025,/root/autodl-tmp/tokenizer-eval/data/nsynth/nsynth-valid/audio/mallet_acoustic_062-046-025.wav,644,mallet_acoustic_062,5,mallet,0,acoustic,46,25,16000,dark|fast_decay|multiphonic
-21.243639,27.278204,string_acoustic_080-053-075,string_acoustic_080-053-075,/root/autodl-tmp/tokenizer-eval/data/nsynth/nsynth-valid/audio/string_acoustic_080-053-075.wav,675,string_acoustic_080,8,string,0,acoustic,53,75,16000,reverb
-13.242383,-6.7162814,reed_acoustic_018-056-100,reed_acoustic_018-056-100,/root/autodl-tmp/tokenizer-eval/data/nsynth/nsynth-valid/audio/reed_acoustic_018-056-100.wav,183,reed_acoustic_018,7,reed,0,acoustic,56,100,16000,
-58.705856,-24.12964,vocal_synthetic_003-089-025,vocal_synthetic_003-089-025,/root/autodl-tmp/tokenizer-eval/data/nsynth/nsynth-valid/audio/vocal_synthetic_003-089-025.wav,37,vocal_synthetic_003,10,vocal,2,synthetic,89,25,16000,bright|distortion|long_release|nonlinear_env
-6.100242,-8.147613,bass_synthetic_034-083-127,bass_synthetic_034-083-127,/root/autodl-tmp/tokenizer-eval/data/nsynth/nsynth-valid/audio/bass_synthetic_034-083-127.wav,420,bass_synthetic_034,0,bass,2,synthetic,83,127,16000,bright|distortion|tempo-synced
-50.660328,-3.104197,vocal_synthetic_003-055-025,vocal_synthetic_003-055-025,/root/autodl-tmp/tokenizer-eval/data/nsynth/nsynth-valid/audio/vocal_synthetic_003-055-025.wav,37,vocal_synthetic_003,10,vocal,2,synthetic,55,25,16000,distortion|long_release|nonlinear_env
24.228598,29.938698,bass_electronic_027-045-100,bass_electronic_027-045-100,/root/autodl-tmp/tokenizer-eval/data/nsynth/nsynth-valid/audio/bass_electronic_027-045-100.wav,880,bass_electronic_027,0,bass,1,electronic,45,100,16000,
-49.467464,-6.271018,vocal_synthetic_003-067-050,vocal_synthetic_003-067-050,/root/autodl-tmp/tokenizer-eval/data/nsynth/nsynth-valid/audio/vocal_synthetic_003-067-050.wav,37,vocal_synthetic_003,10,vocal,2,synthetic,67,50,16000,bright|distortion|long_release|nonlinear_env
-28.26047,-10.634251,brass_acoustic_006-059-075,brass_acoustic_006-059-075,/root/autodl-tmp/tokenizer-eval/data/nsynth/nsynth-valid/audio/brass_acoustic_006-059-075.wav,43,brass_acoustic_006,1,brass,0,acoustic,59,75,16000,reverb
-27.518995,-22.53673,flute_synthetic_000-084-075,flute_synthetic_000-084-075,/root/autodl-tmp/tokenizer-eval/data/nsynth/nsynth-valid/audio/flute_synthetic_000-084-075.wav,82,flute_synthetic_000,2,flute,2,synthetic,84,75,16000,distortion
-6.345815,23.298903,organ_electronic_104-051-127,organ_electronic_104-051-127,/root/autodl-tmp/tokenizer-eval/data/nsynth/nsynth-valid/audio/organ_electronic_104-051-127.wav,921,organ_electronic_104,6,organ,1,electronic,51,127,16000,
9.888694,53.278843,string_acoustic_080-034-127,string_acoustic_080-034-127,/root/autodl-tmp/tokenizer-eval/data/nsynth/nsynth-valid/audio/string_acoustic_080-034-127.wav,675,string_acoustic_080,8,string,0,acoustic,34,127,16000,long_release|reverb
-0.29704252,58.14427,flute_synthetic_000-045-075,flute_synthetic_000-045-075,/root/autodl-tmp/tokenizer-eval/data/nsynth/nsynth-valid/audio/flute_synthetic_000-045-075.wav,82,flute_synthetic_000,2,flute,2,synthetic,45,75,16000,distortion
60.97544,-17.2023,guitar_acoustic_030-093-025,guitar_acoustic_030-093-025,/root/autodl-tmp/tokenizer-eval/data/nsynth/nsynth-valid/audio/guitar_acoustic_030-093-025.wav,642,guitar_acoustic_030,3,guitar,0,acoustic,93,25,16000,fast_decay|percussive|tempo-synced
-6.9504433,7.673207,organ_electronic_001-063-025,organ_electronic_001-063-025,/root/autodl-tmp/tokenizer-eval/data/nsynth/nsynth-valid/audio/organ_electronic_001-063-025.wav,8,organ_electronic_001,6,organ,1,electronic,63,25,16000,
7.8156796,28.388643,guitar_acoustic_014-051-100,guitar_acoustic_014-051-100,/root/autodl-tmp/tokenizer-eval/data/nsynth/nsynth-valid/audio/guitar_acoustic_014-051-100.wav,263,guitar_acoustic_014,3,guitar,0,acoustic,51,100,16000,
-16.500158,-46.786007,organ_electronic_028-093-100,organ_electronic_028-093-100,/root/autodl-tmp/tokenizer-eval/data/nsynth/nsynth-valid/audio/organ_electronic_028-093-100.wav,440,organ_electronic_028,6,organ,1,electronic,93,100,16000,bright
-30.423933,49.45559,vocal_synthetic_003-033-075,vocal_synthetic_003-033-075,/root/autodl-tmp/tokenizer-eval/data/nsynth/nsynth-valid/audio/vocal_synthetic_003-033-075.wav,37,vocal_synthetic_003,10,vocal,2,synthetic,33,75,16000,distortion|long_release|nonlinear_env
-32.52771,5.214447,vocal_acoustic_000-059-075,vocal_acoustic_000-059-075,/root/autodl-tmp/tokenizer-eval/data/nsynth/nsynth-valid/audio/vocal_acoustic_000-059-075.wav,46,vocal_acoustic_000,10,vocal,0,acoustic,59,75,16000,reverb
19.85646,-19.863932,guitar_acoustic_021-080-127,guitar_acoustic_021-080-127,/root/autodl-tmp/tokenizer-eval/data/nsynth/nsynth-valid/audio/guitar_acoustic_021-080-127.wav,457,guitar_acoustic_021,3,guitar,0,acoustic,80,127,16000,fast_decay|percussive
39.420452,-12.947329,mallet_acoustic_047-093-075,mallet_acoustic_047-093-075,/root/autodl-tmp/tokenizer-eval/data/nsynth/nsynth-valid/audio/mallet_acoustic_047-093-075.wav,488,mallet_acoustic_047,5,mallet,0,acoustic,93,75,16000,fast_decay|percussive|reverb
26.877098,12.398281,mallet_acoustic_062-056-100,mallet_acoustic_062-056-100,/root/autodl-tmp/tokenizer-eval/data/nsynth/nsynth-valid/audio/mallet_acoustic_062-056-100.wav,644,mallet_acoustic_062,5,mallet,0,acoustic,56,100,16000,dark|multiphonic
43.952423,-57.180073,reed_acoustic_023-047-100,reed_acoustic_023-047-100,/root/autodl-tmp/tokenizer-eval/data/nsynth/nsynth-valid/audio/reed_acoustic_023-047-100.wav,224,reed_acoustic_023,7,reed,0,acoustic,47,100,16000,bright|fast_decay|multiphonic|nonlinear_env
7.392561,-13.961682,keyboard_acoustic_004-073-100,keyboard_acoustic_004-073-100,/root/autodl-tmp/tokenizer-eval/data/nsynth/nsynth-valid/audio/keyboard_acoustic_004-073-100.wav,327,keyboard_acoustic_004,4,keyboard,0,acoustic,73,100,16000,reverb
32.632595,-12.401902,string_acoustic_056-074-050,string_acoustic_056-074-050,/root/autodl-tmp/tokenizer-eval/data/nsynth/nsynth-valid/audio/string_acoustic_056-074-050.wav,436,string_acoustic_056,8,string,0,acoustic,74,50,16000,fast_decay|percussive|reverb
25.738554,45.925148,guitar_electronic_022-031-075,guitar_electronic_022-031-075,/root/autodl-tmp/tokenizer-eval/data/nsynth/nsynth-valid/audio/guitar_electronic_022-031-075.wav,378,guitar_electronic_022,3,guitar,1,electronic,31,75,16000,dark
37.26341,19.034079,mallet_acoustic_062-044-025,mallet_acoustic_062-044-025,/root/autodl-tmp/tokenizer-eval/data/nsynth/nsynth-valid/audio/mallet_acoustic_062-044-025.wav,644,mallet_acoustic_062,5,mallet,0,acoustic,44,25,16000,dark|fast_decay|multiphonic
22.748722,36.659,keyboard_electronic_098-040-075,keyboard_electronic_098-040-075,/root/autodl-tmp/tokenizer-eval/data/nsynth/nsynth-valid/audio/keyboard_electronic_098-040-075.wav,905,keyboard_electronic_098,4,keyboard,1,electronic,40,75,16000,dark|distortion
31.840889,-10.172137,string_acoustic_056-066-025,string_acoustic_056-066-025,/root/autodl-tmp/tokenizer-eval/data/nsynth/nsynth-valid/audio/string_acoustic_056-066-025.wav,436,string_acoustic_056,8,string,0,acoustic,66,25,16000,fast_decay|percussive|reverb
-25.098143,-4.670733,reed_acoustic_018-070-127,reed_acoustic_018-070-127,/root/autodl-tmp/tokenizer-eval/data/nsynth/nsynth-valid/audio/reed_acoustic_018-070-127.wav,183,reed_acoustic_018,7,reed,0,acoustic,70,127,16000,
-30.356125,-34.317196,string_acoustic_057-087-127,string_acoustic_057-087-127,/root/autodl-tmp/tokenizer-eval/data/nsynth/nsynth-valid/audio/string_acoustic_057-087-127.wav,450,string_acoustic_057,8,string,0,acoustic,87,127,16000,nonlinear_env|reverb
17.897997,17.162504,bass_electronic_027-055-075,bass_electronic_027-055-075,/root/autodl-tmp/tokenizer-eval/data/nsynth/nsynth-valid/audio/bass_electronic_027-055-075.wav,880,bass_electronic_027,0,bass,1,electronic,55,75,16000,
-31.706743,-49.808117,bass_synthetic_009-088-050,bass_synthetic_009-088-050,/root/autodl-tmp/tokenizer-eval/data/nsynth/nsynth-valid/audio/bass_synthetic_009-088-050.wav,150,bass_synthetic_009,0,bass,2,synthetic,88,50,16000,long_release
-88.89749,29.083004,brass_acoustic_046-092-127,brass_acoustic_046-092-127,/root/autodl-tmp/tokenizer-eval/data/nsynth/nsynth-valid/audio/brass_acoustic_046-092-127.wav,414,brass_acoustic_046,1,brass,0,acoustic,92,127,16000,long_release
-51.390705,-1.9492118,vocal_synthetic_003-054-025,vocal_synthetic_003-054-025,/root/autodl-tmp/tokenizer-eval/data/nsynth/nsynth-valid/audio/vocal_synthetic_003-054-025.wav,37,vocal_synthetic_003,10,vocal,2,synthetic,54,25,16000,distortion|long_release|nonlinear_env
76.64566,7.888328,bass_synthetic_098-060-025,bass_synthetic_098-060-025,/root/autodl-tmp/tokenizer-eval/data/nsynth/nsynth-valid/audio/bass_synthetic_098-060-025.wav,803,bass_synthetic_098,0,bass,2,synthetic,60,25,16000,dark
7.2163167,44.66718,keyboard_electronic_001-036-100,keyboard_electronic_001-036-100,/root/autodl-tmp/tokenizer-eval/data/nsynth/nsynth-valid/audio/keyboard_electronic_001-036-100.wav,40,keyboard_electronic_001,4,keyboard,1,electronic,36,100,16000,
-35.097946,-14.144245,brass_acoustic_006-061-050,brass_acoustic_006-061-050,/root/autodl-tmp/tokenizer-eval/data/nsynth/nsynth-valid/audio/brass_acoustic_006-061-050.wav,43,brass_acoustic_006,1,brass,0,acoustic,61,50,16000,reverb
-10.048627,-39.809193,brass_acoustic_046-082-050,brass_acoustic_046-082-050,/root/autodl-tmp/tokenizer-eval/data/nsynth/nsynth-valid/audio/brass_acoustic_046-082-050.wav,414,brass_acoustic_046,1,brass,0,acoustic,82,50,16000,
36.68706,25.063898,mallet_acoustic_062-039-100,mallet_acoustic_062-039-100,/root/autodl-tmp/tokenizer-eval/data/nsynth/nsynth-valid/audio/mallet_acoustic_062-039-100.wav,644,mallet_acoustic_062,5,mallet,0,acoustic,39,100,16000,dark|long_release|multiphonic
35.111523,23.964544,mallet_acoustic_062-042-075,mallet_acoustic_062-042-075,/root/autodl-tmp/tokenizer-eval/data/nsynth/nsynth-valid/audio/mallet_acoustic_062-042-075.wav,644,mallet_acoustic_062,5,mallet,0,acoustic,42,75,16000,dark|multiphonic
33.424343,-19.430424,guitar_acoustic_015-092-050,guitar_acoustic_015-092-050,/root/autodl-tmp/tokenizer-eval/data/nsynth/nsynth-valid/audio/guitar_acoustic_015-092-050.wav,316,guitar_acoustic_015,3,guitar,0,acoustic,92,50,16000,fast_decay|percussive|reverb
-34.95894,6.553485,vocal_acoustic_000-065-075,vocal_acoustic_000-065-075,/root/autodl-tmp/tokenizer-eval/data/nsynth/nsynth-valid/audio/vocal_acoustic_000-065-075.wav,46,vocal_acoustic_000,10,vocal,0,acoustic,65,75,16000,reverb
-4.659367,36.54836,brass_acoustic_006-048-050,brass_acoustic_006-048-050,/root/autodl-tmp/tokenizer-eval/data/nsynth/nsynth-valid/audio/brass_acoustic_006-048-050.wav,43,brass_acoustic_006,1,brass,0,acoustic,48,50,16000,reverb
8.248217,-19.763056,keyboard_acoustic_004-075-127,keyboard_acoustic_004-075-127,/root/autodl-tmp/tokenizer-eval/data/nsynth/nsynth-valid/audio/keyboard_acoustic_004-075-127.wav,327,keyboard_acoustic_004,4,keyboard,0,acoustic,75,127,16000,reverb
-10.088361,1.8418609,brass_acoustic_046-065-050,brass_acoustic_046-065-050,/root/autodl-tmp/tokenizer-eval/data/nsynth/nsynth-valid/audio/brass_acoustic_046-065-050.wav,414,brass_acoustic_046,1,brass,0,acoustic,65,50,16000,
-49.919666,-3.7302468,vocal_synthetic_003-056-075,vocal_synthetic_003-056-075,/root/autodl-tmp/tokenizer-eval/data/nsynth/nsynth-valid/audio/vocal_synthetic_003-056-075.wav,37,vocal_synthetic_003,10,vocal,2,synthetic,56,75,16000,distortion|long_release|nonlinear_env
-30.365078,-34.232327,string_acoustic_057-087-075,string_acoustic_057-087-075,/root/autodl-tmp/tokenizer-eval/data/nsynth/nsynth-valid/audio/string_acoustic_057-087-075.wav,450,string_acoustic_057,8,string,0,acoustic,87,75,16000,nonlinear_env|reverb
-13.2387295,-6.7444158,reed_acoustic_018-056-127,reed_acoustic_018-056-127,/root/autodl-tmp/tokenizer-eval/data/nsynth/nsynth-valid/audio/reed_acoustic_018-056-127.wav,183,reed_acoustic_018,7,reed,0,acoustic,56,127,16000,
59.359528,-9.613029,mallet_acoustic_056-072-050,mallet_acoustic_056-072-050,/root/autodl-tmp/tokenizer-eval/data/nsynth/nsynth-valid/audio/mallet_acoustic_056-072-050.wav,590,mallet_acoustic_056,5,mallet,0,acoustic,72,50,16000,fast_decay|percussive
-37.905396,-30.131784,brass_acoustic_016-071-050,brass_acoustic_016-071-050,/root/autodl-tmp/tokenizer-eval/data/nsynth/nsynth-valid/audio/brass_acoustic_016-071-050.wav,128,brass_acoustic_016,1,brass,0,acoustic,71,50,16000,bright
26.869787,-27.134212,mallet_acoustic_062-078-050,mallet_acoustic_062-078-050,/root/autodl-tmp/tokenizer-eval/data/nsynth/nsynth-valid/audio/mallet_acoustic_062-078-050.wav,644,mallet_acoustic_062,5,mallet,0,acoustic,78,50,16000,fast_decay|multiphonic
-88.89749,29.083004,brass_acoustic_046-096-075,brass_acoustic_046-096-075,/root/autodl-tmp/tokenizer-eval/data/nsynth/nsynth-valid/audio/brass_acoustic_046-096-075.wav,414,brass_acoustic_046,1,brass,0,acoustic,96,75,16000,long_release
4.1245227,33.550266,guitar_acoustic_014-048-025,guitar_acoustic_014-048-025,/root/autodl-tmp/tokenizer-eval/data/nsynth/nsynth-valid/audio/guitar_acoustic_014-048-025.wav,263,guitar_acoustic_014,3,guitar,0,acoustic,48,25,16000,
41.466633,-50.839554,reed_acoustic_023-031-127,reed_acoustic_023-031-127,/root/autodl-tmp/tokenizer-eval/data/nsynth/nsynth-valid/audio/reed_acoustic_023-031-127.wav,224,reed_acoustic_023,7,reed,0,acoustic,31,127,16000,bright|fast_decay|multiphonic|nonlinear_env
-0.37781924,60.456234,flute_synthetic_000-043-127,flute_synthetic_000-043-127,/root/autodl-tmp/tokenizer-eval/data/nsynth/nsynth-valid/audio/flute_synthetic_000-043-127.wav,82,flute_synthetic_000,2,flute,2,synthetic,43,127,16000,distortion
7.1931214,-14.31216,keyboard_electronic_001-073-127,keyboard_electronic_001-073-127,/root/autodl-tmp/tokenizer-eval/data/nsynth/nsynth-valid/audio/keyboard_electronic_001-073-127.wav,40,keyboard_electronic_001,4,keyboard,1,electronic,73,127,16000,
30.732372,-51.60407,keyboard_synthetic_000-074-050,keyboard_synthetic_000-074-050,/root/autodl-tmp/tokenizer-eval/data/nsynth/nsynth-valid/audio/keyboard_synthetic_000-074-050.wav,577,keyboard_synthetic_000,4,keyboard,2,synthetic,74,50,16000,distortion|fast_decay|nonlinear_env
-31.5523,-20.263033,organ_electronic_001-085-050,organ_electronic_001-085-050,/root/autodl-tmp/tokenizer-eval/data/nsynth/nsynth-valid/audio/organ_electronic_001-085-050.wav,8,organ_electronic_001,6,organ,1,electronic,85,50,16000,
-8.103084,18.938797,organ_electronic_001-042-075,organ_electronic_001-042-075,/root/autodl-tmp/tokenizer-eval/data/nsynth/nsynth-valid/audio/organ_electronic_001-042-075.wav,8,organ_electronic_001,6,organ,1,electronic,42,75,16000,dark
-16.50903,35.361755,reed_acoustic_011-045-100,reed_acoustic_011-045-100,/root/autodl-tmp/tokenizer-eval/data/nsynth/nsynth-valid/audio/reed_acoustic_011-045-100.wav,104,reed_acoustic_011,7,reed,0,acoustic,45,100,16000,bright
14.288374,27.994253,bass_synthetic_034-047-050,bass_synthetic_034-047-050,/root/autodl-tmp/tokenizer-eval/data/nsynth/nsynth-valid/audio/bass_synthetic_034-047-050.wav,420,bass_synthetic_034,0,bass,2,synthetic,47,50,16000,distortion|tempo-synced
38.57187,-52.40862,keyboard_synthetic_000-038-127,keyboard_synthetic_000-038-127,/root/autodl-tmp/tokenizer-eval/data/nsynth/nsynth-valid/audio/keyboard_synthetic_000-038-127.wav,577,keyboard_synthetic_000,4,keyboard,2,synthetic,38,127,16000,bright|distortion|fast_decay|nonlinear_env
39.113167,-60.696117,reed_acoustic_023-061-025,reed_acoustic_023-061-025,/root/autodl-tmp/tokenizer-eval/data/nsynth/nsynth-valid/audio/reed_acoustic_023-061-025.wav,224,reed_acoustic_023,7,reed,0,acoustic,61,25,16000,bright|fast_decay|multiphonic|nonlinear_env
-47.76214,-13.465492,vocal_synthetic_003-071-050,vocal_synthetic_003-071-050,/root/autodl-tmp/tokenizer-eval/data/nsynth/nsynth-valid/audio/vocal_synthetic_003-071-050.wav,37,vocal_synthetic_003,10,vocal,2,synthetic,71,50,16000,bright|distortion|long_release|nonlinear_env
-11.586335,-38.06033,string_acoustic_057-082-127,string_acoustic_057-082-127,/root/autodl-tmp/tokenizer-eval/data/nsynth/nsynth-valid/audio/string_acoustic_057-082-127.wav,450,string_acoustic_057,8,string,0,acoustic,82,127,16000,bright|nonlinear_env|reverb
15.187953,0.33551714,bass_synthetic_135-065-127,bass_synthetic_135-065-127,/root/autodl-tmp/tokenizer-eval/data/nsynth/nsynth-valid/audio/bass_synthetic_135-065-127.wav,927,bass_synthetic_135,0,bass,2,synthetic,65,127,16000,distortion
-17.168312,-39.703396,organ_electronic_001-094-025,organ_electronic_001-094-025,/root/autodl-tmp/tokenizer-eval/data/nsynth/nsynth-valid/audio/organ_electronic_001-094-025.wav,8,organ_electronic_001,6,organ,1,electronic,94,25,16000,
-21.74283,53.077972,brass_acoustic_006-034-075,brass_acoustic_006-034-075,/root/autodl-tmp/tokenizer-eval/data/nsynth/nsynth-valid/audio/brass_acoustic_006-034-075.wav,43,brass_acoustic_006,1,brass,0,acoustic,34,75,16000,reverb
-53.025158,-10.604845,vocal_synthetic_003-064-075,vocal_synthetic_003-064-075,/root/autodl-tmp/tokenizer-eval/data/nsynth/nsynth-valid/audio/vocal_synthetic_003-064-075.wav,37,vocal_synthetic_003,10,vocal,2,synthetic,64,75,16000,bright|distortion|long_release|nonlinear_env
-48.775402,-6.8795795,bass_synthetic_009-067-050,bass_synthetic_009-067-050,/root/autodl-tmp/tokenizer-eval/data/nsynth/nsynth-valid/audio/bass_synthetic_009-067-050.wav,150,bass_synthetic_009,0,bass,2,synthetic,67,50,16000,bright|distortion|long_release
-17.931973,0.72351867,reed_acoustic_018-067-075,reed_acoustic_018-067-075,/root/autodl-tmp/tokenizer-eval/data/nsynth/nsynth-valid/audio/reed_acoustic_018-067-075.wav,183,reed_acoustic_018,7,reed,0,acoustic,67,75,16000,
28.647688,-23.965326,keyboard_electronic_098-093-075,keyboard_electronic_098-093-075,/root/autodl-tmp/tokenizer-eval/data/nsynth/nsynth-valid/audio/keyboard_electronic_098-093-075.wav,905,keyboard_electronic_098,4,keyboard,1,electronic,93,75,16000,fast_decay|percussive
-22.849762,-15.076408,flute_acoustic_002-074-100,flute_acoustic_002-074-100,/root/autodl-tmp/tokenizer-eval/data/nsynth/nsynth-valid/audio/flute_acoustic_002-074-100.wav,86,flute_acoustic_002,2,flute,0,acoustic,74,100,16000,reverb
-14.262166,3.007194,brass_acoustic_046-055-100,brass_acoustic_046-055-100,/root/autodl-tmp/tokenizer-eval/data/nsynth/nsynth-valid/audio/brass_acoustic_046-055-100.wav,414,brass_acoustic_046,1,brass,0,acoustic,55,100,16000,
4.3089204,-44.419548,mallet_acoustic_056-090-100,mallet_acoustic_056-090-100,/root/autodl-tmp/tokenizer-eval/data/nsynth/nsynth-valid/audio/mallet_acoustic_056-090-100.wav,590,mallet_acoustic_056,5,mallet,0,acoustic,90,100,16000,
17.29023,2.8957624,mallet_acoustic_062-064-100,mallet_acoustic_062-064-100,/root/autodl-tmp/tokenizer-eval/data/nsynth/nsynth-valid/audio/mallet_acoustic_062-064-100.wav,644,mallet_acoustic_062,5,mallet,0,acoustic,64,100,16000,dark|multiphonic
-20.983118,51.67204,brass_acoustic_006-036-127,brass_acoustic_006-036-127,/root/autodl-tmp/tokenizer-eval/data/nsynth/nsynth-valid/audio/brass_acoustic_006-036-127.wav,43,brass_acoustic_006,1,brass,0,acoustic,36,127,16000,reverb
-49.48234,-6.2944574,vocal_synthetic_003-067-075,vocal_synthetic_003-067-075,/root/autodl-tmp/tokenizer-eval/data/nsynth/nsynth-valid/audio/vocal_synthetic_003-067-075.wav,37,vocal_synthetic_003,10,vocal,2,synthetic,67,75,16000,bright|distortion|long_release|nonlinear_env
-52.768333,-25.548296,vocal_synthetic_003-086-100,vocal_synthetic_003-086-100,/root/autodl-tmp/tokenizer-eval/data/nsynth/nsynth-valid/audio/vocal_synthetic_003-086-100.wav,37,vocal_synthetic_003,10,vocal,2,synthetic,86,100,16000,bright|distortion|long_release|nonlinear_env
-20.887564,-42.885242,string_acoustic_057-096-127,string_acoustic_057-096-127,/root/autodl-tmp/tokenizer-eval/data/nsynth/nsynth-valid/audio/string_acoustic_057-096-127.wav,450,string_acoustic_057,8,string,0,acoustic,96,127,16000,nonlinear_env|reverb
-29.16214,6.602321,vocal_acoustic_000-057-050,vocal_acoustic_000-057-050,/root/autodl-tmp/tokenizer-eval/data/nsynth/nsynth-valid/audio/vocal_acoustic_000-057-050.wav,46,vocal_acoustic_000,10,vocal,0,acoustic,57,50,16000,reverb
-5.522544,21.77121,organ_electronic_113-050-100,organ_electronic_113-050-100,/root/autodl-tmp/tokenizer-eval/data/nsynth/nsynth-valid/audio/organ_electronic_113-050-100.wav,958,organ_electronic_113,6,organ,1,electronic,50,100,16000,dark
13.6903715,17.038252,guitar_acoustic_014-055-050,guitar_acoustic_014-055-050,/root/autodl-tmp/tokenizer-eval/data/nsynth/nsynth-valid/audio/guitar_acoustic_014-055-050.wav,263,guitar_acoustic_014,3,guitar,0,acoustic,55,50,16000,
7.5646195,-10.988768,keyboard_acoustic_004-071-025,keyboard_acoustic_004-071-025,/root/autodl-tmp/tokenizer-eval/data/nsynth/nsynth-valid/audio/keyboard_acoustic_004-071-025.wav,327,keyboard_acoustic_004,4,keyboard,0,acoustic,71,25,16000,dark|reverb
-34.06235,-9.141785,string_acoustic_057-073-100,string_acoustic_057-073-100,/root/autodl-tmp/tokenizer-eval/data/nsynth/nsynth-valid/audio/string_acoustic_057-073-100.wav,450,string_acoustic_057,8,string,0,acoustic,73,100,16000,bright|nonlinear_env|reverb
-27.517784,-26.435732,string_acoustic_057-084-050,string_acoustic_057-084-050,/root/autodl-tmp/tokenizer-eval/data/nsynth/nsynth-valid/audio/string_acoustic_057-084-050.wav,450,string_acoustic_057,8,string,0,acoustic,84,50,16000,bright|nonlinear_env|reverb
6.2324486,-13.590411,bass_synthetic_134-073-050,bass_synthetic_134-073-050,/root/autodl-tmp/tokenizer-eval/data/nsynth/nsynth-valid/audio/bass_synthetic_134-073-050.wav,914,bass_synthetic_134,0,bass,2,synthetic,73,50,16000,dark|reverb
1.2884189,30.221737,keyboard_electronic_078-047-050,keyboard_electronic_078-047-050,/root/autodl-tmp/tokenizer-eval/data/nsynth/nsynth-valid/audio/keyboard_electronic_078-047-050.wav,838,keyboard_electronic_078,4,keyboard,1,electronic,47,50,16000,bright
-38.878635,41.341354,vocal_synthetic_003-049-025,vocal_synthetic_003-049-025,/root/autodl-tmp/tokenizer-eval/data/nsynth/nsynth-valid/audio/vocal_synthetic_003-049-025.wav,37,vocal_synthetic_003,10,vocal,2,synthetic,49,25,16000,distortion|long_release|nonlinear_env
7.798366,-5.5749354,guitar_acoustic_014-069-127,guitar_acoustic_014-069-127,/root/autodl-tmp/tokenizer-eval/data/nsynth/nsynth-valid/audio/guitar_acoustic_014-069-127.wav,263,guitar_acoustic_014,3,guitar,0,acoustic,69,127,16000,
-38.488064,-3.3429232,organ_electronic_113-068-075,organ_electronic_113-068-075,/root/autodl-tmp/tokenizer-eval/data/nsynth/nsynth-valid/audio/organ_electronic_113-068-075.wav,958,organ_electronic_113,6,organ,1,electronic,68,75,16000,
6.177642,1.4910984,guitar_acoustic_015-058-025,guitar_acoustic_015-058-025,/root/autodl-tmp/tokenizer-eval/data/nsynth/nsynth-valid/audio/guitar_acoustic_015-058-025.wav,316,guitar_acoustic_015,3,guitar,0,acoustic,58,25,16000,reverb
18.478657,9.820684,bass_electronic_027-048-100,bass_electronic_027-048-100,/root/autodl-tmp/tokenizer-eval/data/nsynth/nsynth-valid/audio/bass_electronic_027-048-100.wav,880,bass_electronic_027,0,bass,1,electronic,48,100,16000,
-13.495084,4.2319074,brass_acoustic_046-052-075,brass_acoustic_046-052-075,/root/autodl-tmp/tokenizer-eval/data/nsynth/nsynth-valid/audio/brass_acoustic_046-052-075.wav,414,brass_acoustic_046,1,brass,0,acoustic,52,75,16000,
25.503866,-60.097298,reed_acoustic_023-093-025,reed_acoustic_023-093-025,/root/autodl-tmp/tokenizer-eval/data/nsynth/nsynth-valid/audio/reed_acoustic_023-093-025.wav,224,reed_acoustic_023,7,reed,0,acoustic,93,25,16000,fast_decay|multiphonic|nonlinear_env
-25.615038,-36.08948,flute_synthetic_000-089-127,flute_synthetic_000-089-127,/root/autodl-tmp/tokenizer-eval/data/nsynth/nsynth-valid/audio/flute_synthetic_000-089-127.wav,82,flute_synthetic_000,2,flute,2,synthetic,89,127,16000,distortion
-10.675485,-34.351677,brass_acoustic_006-081-050,brass_acoustic_006-081-050,/root/autodl-tmp/tokenizer-eval/data/nsynth/nsynth-valid/audio/brass_acoustic_006-081-050.wav,43,brass_acoustic_006,1,brass,0,acoustic,81,50,16000,reverb
-37.568058,-4.140746,organ_electronic_113-069-100,organ_electronic_113-069-100,/root/autodl-tmp/tokenizer-eval/data/nsynth/nsynth-valid/audio/organ_electronic_113-069-100.wav,958,organ_electronic_113,6,organ,1,electronic,69,100,16000,
75.77715,7.5882397,bass_synthetic_098-058-025,bass_synthetic_098-058-025,/root/autodl-tmp/tokenizer-eval/data/nsynth/nsynth-valid/audio/bass_synthetic_098-058-025.wav,803,bass_synthetic_098,0,bass,2,synthetic,58,25,16000,dark
8.301254,51.29763,string_acoustic_012-034-100,string_acoustic_012-034-100,/root/autodl-tmp/tokenizer-eval/data/nsynth/nsynth-valid/audio/string_acoustic_012-034-100.wav,97,string_acoustic_012,8,string,0,acoustic,34,100,16000,long_release|reverb
-28.930485,22.937963,flute_synthetic_000-056-050,flute_synthetic_000-056-050,/root/autodl-tmp/tokenizer-eval/data/nsynth/nsynth-valid/audio/flute_synthetic_000-056-050.wav,82,flute_synthetic_000,2,flute,2,synthetic,56,50,16000,distortion
8.837916,-33.943855,bass_synthetic_135-086-025,bass_synthetic_135-086-025,/root/autodl-tmp/tokenizer-eval/data/nsynth/nsynth-valid/audio/bass_synthetic_135-086-025.wav,927,bass_synthetic_135,0,bass,2,synthetic,86,25,16000,distortion
14.244867,-3.4152746,guitar_acoustic_015-067-025,guitar_acoustic_015-067-025,/root/autodl-tmp/tokenizer-eval/data/nsynth/nsynth-valid/audio/guitar_acoustic_015-067-025.wav,316,guitar_acoustic_015,3,guitar,0,acoustic,67,25,16000,reverb
5.7123346,4.28287,guitar_acoustic_021-059-075,guitar_acoustic_021-059-075,/root/autodl-tmp/tokenizer-eval/data/nsynth/nsynth-valid/audio/guitar_acoustic_021-059-075.wav,457,guitar_acoustic_021,3,guitar,0,acoustic,59,75,16000,
-31.094515,50.859318,vocal_synthetic_003-034-050,vocal_synthetic_003-034-050,/root/autodl-tmp/tokenizer-eval/data/nsynth/nsynth-valid/audio/vocal_synthetic_003-034-050.wav,37,vocal_synthetic_003,10,vocal,2,synthetic,34,50,16000,distortion|long_release|nonlinear_env
-26.614948,28.237768,flute_synthetic_000-053-050,flute_synthetic_000-053-050,/root/autodl-tmp/tokenizer-eval/data/nsynth/nsynth-valid/audio/flute_synthetic_000-053-050.wav,82,flute_synthetic_000,2,flute,2,synthetic,53,50,16000,distortion
-15.6050415,-37.45196,flute_synthetic_000-093-075,flute_synthetic_000-093-075,/root/autodl-tmp/tokenizer-eval/data/nsynth/nsynth-valid/audio/flute_synthetic_000-093-075.wav,82,flute_synthetic_000,2,flute,2,synthetic,93,75,16000,distortion
-7.833272,49.37088,flute_synthetic_000-052-075,flute_synthetic_000-052-075,/root/autodl-tmp/tokenizer-eval/data/nsynth/nsynth-valid/audio/flute_synthetic_000-052-075.wav,82,flute_synthetic_000,2,flute,2,synthetic,52,75,16000,distortion
-8.30809,17.870602,organ_electronic_001-043-100,organ_electronic_001-043-100,/root/autodl-tmp/tokenizer-eval/data/nsynth/nsynth-valid/audio/organ_electronic_001-043-100.wav,8,organ_electronic_001,6,organ,1,electronic,43,100,16000,dark
-36.12029,52.409832,vocal_synthetic_003-039-025,vocal_synthetic_003-039-025,/root/autodl-tmp/tokenizer-eval/data/nsynth/nsynth-valid/audio/vocal_synthetic_003-039-025.wav,37,vocal_synthetic_003,10,vocal,2,synthetic,39,25,16000,distortion|long_release|nonlinear_env
-17.556963,29.506094,brass_acoustic_016-053-050,brass_acoustic_016-053-050,/root/autodl-tmp/tokenizer-eval/data/nsynth/nsynth-valid/audio/brass_acoustic_016-053-050.wav,128,brass_acoustic_016,1,brass,0,acoustic,53,50,16000,
27.247328,0.36728838,mallet_acoustic_062-062-025,mallet_acoustic_062-062-025,/root/autodl-tmp/tokenizer-eval/data/nsynth/nsynth-valid/audio/mallet_acoustic_062-062-025.wav,644,mallet_acoustic_062,5,mallet,0,acoustic,62,25,16000,dark|fast_decay|multiphonic
20.20763,11.102895,bass_electronic_018-059-075,bass_electronic_018-059-075,/root/autodl-tmp/tokenizer-eval/data/nsynth/nsynth-valid/audio/bass_electronic_018-059-075.wav,759,bass_electronic_018,0,bass,1,electronic,59,75,16000,
7.837406,8.743545,keyboard_electronic_002-060-025,keyboard_electronic_002-060-025,/root/autodl-tmp/tokenizer-eval/data/nsynth/nsynth-valid/audio/keyboard_electronic_002-060-025.wav,50,keyboard_electronic_002,4,keyboard,1,electronic,60,25,16000,
40.66505,26.198502,mallet_acoustic_062-032-100,mallet_acoustic_062-032-100,/root/autodl-tmp/tokenizer-eval/data/nsynth/nsynth-valid/audio/mallet_acoustic_062-032-100.wav,644,mallet_acoustic_062,5,mallet,0,acoustic,32,100,16000,dark|long_release|multiphonic
1.8121419,-21.434439,bass_synthetic_033-076-100,bass_synthetic_033-076-100,/root/autodl-tmp/tokenizer-eval/data/nsynth/nsynth-valid/audio/bass_synthetic_033-076-100.wav,417,bass_synthetic_033,0,bass,2,synthetic,76,100,16000,
-46.023235,-23.070349,organ_electronic_007-086-100,organ_electronic_007-086-100,/root/autodl-tmp/tokenizer-eval/data/nsynth/nsynth-valid/audio/organ_electronic_007-086-100.wav,123,organ_electronic_007,6,organ,1,electronic,86,100,16000,long_release|nonlinear_env
11.228788,2.8819854,guitar_electronic_028-064-100,guitar_electronic_028-064-100,/root/autodl-tmp/tokenizer-eval/data/nsynth/nsynth-valid/audio/guitar_electronic_028-064-100.wav,510,guitar_electronic_028,3,guitar,1,electronic,64,100,16000,
-10.742589,12.704252,organ_electronic_113-060-127,organ_electronic_113-060-127,/root/autodl-tmp/tokenizer-eval/data/nsynth/nsynth-valid/audio/organ_electronic_113-060-127.wav,958,organ_electronic_113,6,organ,1,electronic,60,127,16000,dark
-13.470797,2.6221864,brass_acoustic_046-057-127,brass_acoustic_046-057-127,/root/autodl-tmp/tokenizer-eval/data/nsynth/nsynth-valid/audio/brass_acoustic_046-057-127.wav,414,brass_acoustic_046,1,brass,0,acoustic,57,127,16000,
-36.21213,-6.0147743,organ_electronic_113-071-050,organ_electronic_113-071-050,/root/autodl-tmp/tokenizer-eval/data/nsynth/nsynth-valid/audio/organ_electronic_113-071-050.wav,958,organ_electronic_113,6,organ,1,electronic,71,50,16000,
-56.553516,-35.111916,vocal_synthetic_003-096-025,vocal_synthetic_003-096-025,/root/autodl-tmp/tokenizer-eval/data/nsynth/nsynth-valid/audio/vocal_synthetic_003-096-025.wav,37,vocal_synthetic_003,10,vocal,2,synthetic,96,25,16000,bright|distortion|long_release|nonlinear_env
-21.9909,53.283062,brass_acoustic_006-031-100,brass_acoustic_006-031-100,/root/autodl-tmp/tokenizer-eval/data/nsynth/nsynth-valid/audio/brass_acoustic_006-031-100.wav,43,brass_acoustic_006,1,brass,0,acoustic,31,100,16000,reverb
-15.984779,-18.297659,reed_acoustic_037-064-127,reed_acoustic_037-064-127,/root/autodl-tmp/tokenizer-eval/data/nsynth/nsynth-valid/audio/reed_acoustic_037-064-127.wav,387,reed_acoustic_037,7,reed,0,acoustic,64,127,16000,long_release|reverb
-88.89749,29.083004,brass_acoustic_046-087-100,brass_acoustic_046-087-100,/root/autodl-tmp/tokenizer-eval/data/nsynth/nsynth-valid/audio/brass_acoustic_046-087-100.wav,414,brass_acoustic_046,1,brass,0,acoustic,87,100,16000,long_release
-21.281424,41.934643,reed_acoustic_037-039-050,reed_acoustic_037-039-050,/root/autodl-tmp/tokenizer-eval/data/nsynth/nsynth-valid/audio/reed_acoustic_037-039-050.wav,387,reed_acoustic_037,7,reed,0,acoustic,39,50,16000,reverb
-56.72725,-30.89504,vocal_synthetic_003-081-025,vocal_synthetic_003-081-025,/root/autodl-tmp/tokenizer-eval/data/nsynth/nsynth-valid/audio/vocal_synthetic_003-081-025.wav,37,vocal_synthetic_003,10,vocal,2,synthetic,81,25,16000,bright|distortion|long_release|nonlinear_env
-0.87894887,-43.428616,organ_electronic_028-090-075,organ_electronic_028-090-075,/root/autodl-tmp/tokenizer-eval/data/nsynth/nsynth-valid/audio/organ_electronic_028-090-075.wav,440,organ_electronic_028,6,organ,1,electronic,90,75,16000,
-14.021488,46.45677,brass_acoustic_006-046-100,brass_acoustic_006-046-100,/root/autodl-tmp/tokenizer-eval/data/nsynth/nsynth-valid/audio/brass_acoustic_006-046-100.wav,43,brass_acoustic_006,1,brass,0,acoustic,46,100,16000,long_release|reverb
40.935295,-60.528545,reed_acoustic_023-064-050,reed_acoustic_023-064-050,/root/autodl-tmp/tokenizer-eval/data/nsynth/nsynth-valid/audio/reed_acoustic_023-064-050.wav,224,reed_acoustic_023,7,reed,0,acoustic,64,50,16000,bright|fast_decay|multiphonic|nonlinear_env
-19.93224,1.5676209,flute_acoustic_002-067-127,flute_acoustic_002-067-127,/root/autodl-tmp/tokenizer-eval/data/nsynth/nsynth-valid/audio/flute_acoustic_002-067-127.wav,86,flute_acoustic_002,2,flute,0,acoustic,67,127,16000,long_release|reverb
24.319994,7.11473,mallet_acoustic_062-059-100,mallet_acoustic_062-059-100,/root/autodl-tmp/tokenizer-eval/data/nsynth/nsynth-valid/audio/mallet_acoustic_062-059-100.wav,644,mallet_acoustic_062,5,mallet,0,acoustic,59,100,16000,dark|multiphonic
3.7701967,-41.766613,guitar_electronic_028-089-025,guitar_electronic_028-089-025,/root/autodl-tmp/tokenizer-eval/data/nsynth/nsynth-valid/audio/guitar_electronic_028-089-025.wav,510,guitar_electronic_028,3,guitar,1,electronic,89,25,16000,
1.6750396,59.603046,flute_synthetic_000-041-127,flute_synthetic_000-041-127,/root/autodl-tmp/tokenizer-eval/data/nsynth/nsynth-valid/audio/flute_synthetic_000-041-127.wav,82,flute_synthetic_000,2,flute,2,synthetic,41,127,16000,distortion
33.270294,-11.968511,string_acoustic_056-075-075,string_acoustic_056-075-075,/root/autodl-tmp/tokenizer-eval/data/nsynth/nsynth-valid/audio/string_acoustic_056-075-075.wav,436,string_acoustic_056,8,string,0,acoustic,75,75,16000,fast_decay|percussive|reverb
28.578976,-26.681002,mallet_acoustic_062-081-050,mallet_acoustic_062-081-050,/root/autodl-tmp/tokenizer-eval/data/nsynth/nsynth-valid/audio/mallet_acoustic_062-081-050.wav,644,mallet_acoustic_062,5,mallet,0,acoustic,81,50,16000,fast_decay|multiphonic
-6.713069,15.646631,organ_electronic_104-041-050,organ_electronic_104-041-050,/root/autodl-tmp/tokenizer-eval/data/nsynth/nsynth-valid/audio/organ_electronic_104-041-050.wav,921,organ_electronic_104,6,organ,1,electronic,41,50,16000,
-31.39569,52.032715,vocal_synthetic_003-035-025,vocal_synthetic_003-035-025,/root/autodl-tmp/tokenizer-eval/data/nsynth/nsynth-valid/audio/vocal_synthetic_003-035-025.wav,37,vocal_synthetic_003,10,vocal,2,synthetic,35,25,16000,distortion|long_release|nonlinear_env
-16.340248,14.001275,organ_electronic_001-069-025,organ_electronic_001-069-025,/root/autodl-tmp/tokenizer-eval/data/nsynth/nsynth-valid/audio/organ_electronic_001-069-025.wav,8,organ_electronic_001,6,organ,1,electronic,69,25,16000,
3.4945557,-9.016122,keyboard_electronic_001-071-127,keyboard_electronic_001-071-127,/root/autodl-tmp/tokenizer-eval/data/nsynth/nsynth-valid/audio/keyboard_electronic_001-071-127.wav,40,keyboard_electronic_001,4,keyboard,1,electronic,71,127,16000,
6.8451595,31.542547,keyboard_electronic_001-050-100,keyboard_electronic_001-050-100,/root/autodl-tmp/tokenizer-eval/data/nsynth/nsynth-valid/audio/keyboard_electronic_001-050-100.wav,40,keyboard_electronic_001,4,keyboard,1,electronic,50,100,16000,
15.239383,34.42404,organ_electronic_113-032-075,organ_electronic_113-032-075,/root/autodl-tmp/tokenizer-eval/data/nsynth/nsynth-valid/audio/organ_electronic_113-032-075.wav,958,organ_electronic_113,6,organ,1,electronic,32,75,16000,dark
19.661325,-12.140402,keyboard_electronic_001-081-050,keyboard_electronic_001-081-050,/root/autodl-tmp/tokenizer-eval/data/nsynth/nsynth-valid/audio/keyboard_electronic_001-081-050.wav,40,keyboard_electronic_001,4,keyboard,1,electronic,81,50,16000,
-31.74542,6.6793265,vocal_acoustic_000-055-050,vocal_acoustic_000-055-050,/root/autodl-tmp/tokenizer-eval/data/nsynth/nsynth-valid/audio/vocal_acoustic_000-055-050.wav,46,vocal_acoustic_000,10,vocal,0,acoustic,55,50,16000,reverb
5.4363008,5.338013,keyboard_electronic_001-059-075,keyboard_electronic_001-059-075,/root/autodl-tmp/tokenizer-eval/data/nsynth/nsynth-valid/audio/keyboard_electronic_001-059-075.wav,40,keyboard_electronic_001,4,keyboard,1,electronic,59,75,16000,dark
-16.508009,-21.247854,brass_acoustic_015-076-050,brass_acoustic_015-076-050,/root/autodl-tmp/tokenizer-eval/data/nsynth/nsynth-valid/audio/brass_acoustic_015-076-050.wav,121,brass_acoustic_015,1,brass,0,acoustic,76,50,16000,reverb
43.744514,-16.62479,mallet_acoustic_047-068-075,mallet_acoustic_047-068-075,/root/autodl-tmp/tokenizer-eval/data/nsynth/nsynth-valid/audio/mallet_acoustic_047-068-075.wav,488,mallet_acoustic_047,5,mallet,0,acoustic,68,75,16000,fast_decay|percussive|reverb
-24.530071,-5.9537153,brass_acoustic_046-070-127,brass_acoustic_046-070-127,/root/autodl-tmp/tokenizer-eval/data/nsynth/nsynth-valid/audio/brass_acoustic_046-070-127.wav,414,brass_acoustic_046,1,brass,0,acoustic,70,127,16000,bright
76.00705,9.270895,bass_synthetic_098-047-075,bass_synthetic_098-047-075,/root/autodl-tmp/tokenizer-eval/data/nsynth/nsynth-valid/audio/bass_synthetic_098-047-075.wav,803,bass_synthetic_098,0,bass,2,synthetic,47,75,16000,
-16.274775,-6.315513,reed_acoustic_018-063-025,reed_acoustic_018-063-025,/root/autodl-tmp/tokenizer-eval/data/nsynth/nsynth-valid/audio/reed_acoustic_018-063-025.wav,183,reed_acoustic_018,7,reed,0,acoustic,63,25,16000,
-17.550882,29.50641,brass_acoustic_016-053-127,brass_acoustic_016-053-127,/root/autodl-tmp/tokenizer-eval/data/nsynth/nsynth-valid/audio/brass_acoustic_016-053-127.wav,128,brass_acoustic_016,1,brass,0,acoustic,53,127,16000,
15.534247,31.585566,organ_electronic_028-044-050,organ_electronic_028-044-050,/root/autodl-tmp/tokenizer-eval/data/nsynth/nsynth-valid/audio/organ_electronic_028-044-050.wav,440,organ_electronic_028,6,organ,1,electronic,44,50,16000,dark
26.778212,23.097353,bass_synthetic_068-048-025,bass_synthetic_068-048-025,/root/autodl-tmp/tokenizer-eval/data/nsynth/nsynth-valid/audio/bass_synthetic_068-048-025.wav,656,bass_synthetic_068,0,bass,2,synthetic,48,25,16000,dark
22.930609,33.169067,bass_electronic_025-042-100,bass_electronic_025-042-100,/root/autodl-tmp/tokenizer-eval/data/nsynth/nsynth-valid/audio/bass_electronic_025-042-100.wav,872,bass_electronic_025,0,bass,1,electronic,42,100,16000,
-5.436986,26.07913,organ_electronic_104-031-075,organ_electronic_104-031-075,/root/autodl-tmp/tokenizer-eval/data/nsynth/nsynth-valid/audio/organ_electronic_104-031-075.wav,921,organ_electronic_104,6,organ,1,electronic,31,75,16000,
15.131578,21.561975,keyboard_electronic_098-054-050,keyboard_electronic_098-054-050,/root/autodl-tmp/tokenizer-eval/data/nsynth/nsynth-valid/audio/keyboard_electronic_098-054-050.wav,905,keyboard_electronic_098,4,keyboard,1,electronic,54,50,16000,dark
-17.751871,52.313942,brass_acoustic_006-032-050,brass_acoustic_006-032-050,/root/autodl-tmp/tokenizer-eval/data/nsynth/nsynth-valid/audio/brass_acoustic_006-032-050.wav,43,brass_acoustic_006,1,brass,0,acoustic,32,50,16000,long_release|reverb
11.015625,8.011359,keyboard_electronic_003-061-100,keyboard_electronic_003-061-100,/root/autodl-tmp/tokenizer-eval/data/nsynth/nsynth-valid/audio/keyboard_electronic_003-061-100.wav,65,keyboard_electronic_003,4,keyboard,1,electronic,61,100,16000,
-56.6745,-24.650742,vocal_synthetic_003-088-050,vocal_synthetic_003-088-050,/root/autodl-tmp/tokenizer-eval/data/nsynth/nsynth-valid/audio/vocal_synthetic_003-088-050.wav,37,vocal_synthetic_003,10,vocal,2,synthetic,88,50,16000,bright|distortion|long_release|nonlinear_env
-33.85977,23.977327,flute_synthetic_000-059-127,flute_synthetic_000-059-127,/root/autodl-tmp/tokenizer-eval/data/nsynth/nsynth-valid/audio/flute_synthetic_000-059-127.wav,82,flute_synthetic_000,2,flute,2,synthetic,59,127,16000,distortion
27.149345,-23.70627,keyboard_electronic_098-091-025,keyboard_electronic_098-091-025,/root/autodl-tmp/tokenizer-eval/data/nsynth/nsynth-valid/audio/keyboard_electronic_098-091-025.wav,905,keyboard_electronic_098,4,keyboard,1,electronic,91,25,16000,fast_decay|percussive
-40.969173,47.943226,vocal_synthetic_003-044-025,vocal_synthetic_003-044-025,/root/autodl-tmp/tokenizer-eval/data/nsynth/nsynth-valid/audio/vocal_synthetic_003-044-025.wav,37,vocal_synthetic_003,10,vocal,2,synthetic,44,25,16000,distortion|long_release|nonlinear_env
-40.7889,-16.108484,bass_synthetic_009-062-025,bass_synthetic_009-062-025,/root/autodl-tmp/tokenizer-eval/data/nsynth/nsynth-valid/audio/bass_synthetic_009-062-025.wav,150,bass_synthetic_009,0,bass,2,synthetic,62,25,16000,bright|distortion|long_release
-38.163815,42.874393,vocal_synthetic_003-048-075,vocal_synthetic_003-048-075,/root/autodl-tmp/tokenizer-eval/data/nsynth/nsynth-valid/audio/vocal_synthetic_003-048-075.wav,37,vocal_synthetic_003,10,vocal,2,synthetic,48,75,16000,distortion|long_release|nonlinear_env
-14.048665,-8.970493,reed_acoustic_037-056-075,reed_acoustic_037-056-075,/root/autodl-tmp/tokenizer-eval/data/nsynth/nsynth-valid/audio/reed_acoustic_037-056-075.wav,387,reed_acoustic_037,7,reed,0,acoustic,56,75,16000,reverb
-88.89749,29.083004,brass_acoustic_046-093-025,brass_acoustic_046-093-025,/root/autodl-tmp/tokenizer-eval/data/nsynth/nsynth-valid/audio/brass_acoustic_046-093-025.wav,414,brass_acoustic_046,1,brass,0,acoustic,93,25,16000,long_release
38.02653,-62.102173,reed_acoustic_023-066-127,reed_acoustic_023-066-127,/root/autodl-tmp/tokenizer-eval/data/nsynth/nsynth-valid/audio/reed_acoustic_023-066-127.wav,224,reed_acoustic_023,7,reed,0,acoustic,66,127,16000,bright|fast_decay|multiphonic|nonlinear_env
-28.33218,-1.9963126,vocal_acoustic_000-070-050,vocal_acoustic_000-070-050,/root/autodl-tmp/tokenizer-eval/data/nsynth/nsynth-valid/audio/vocal_acoustic_000-070-050.wav,46,vocal_acoustic_000,10,vocal,0,acoustic,70,50,16000,reverb
-23.320704,50.73219,brass_acoustic_059-039-100,brass_acoustic_059-039-100,/root/autodl-tmp/tokenizer-eval/data/nsynth/nsynth-valid/audio/brass_acoustic_059-039-100.wav,572,brass_acoustic_059,1,brass,0,acoustic,39,100,16000,reverb
-15.104183,-23.536596,brass_acoustic_015-077-127,brass_acoustic_015-077-127,/root/autodl-tmp/tokenizer-eval/data/nsynth/nsynth-valid/audio/brass_acoustic_015-077-127.wav,121,brass_acoustic_015,1,brass,0,acoustic,77,127,16000,reverb
-29.40054,4.6478686,vocal_acoustic_000-068-025,vocal_acoustic_000-068-025,/root/autodl-tmp/tokenizer-eval/data/nsynth/nsynth-valid/audio/vocal_acoustic_000-068-025.wav,46,vocal_acoustic_000,10,vocal,0,acoustic,68,25,16000,reverb
-22.910305,5.003846,reed_acoustic_037-057-100,reed_acoustic_037-057-100,/root/autodl-tmp/tokenizer-eval/data/nsynth/nsynth-valid/audio/reed_acoustic_037-057-100.wav,387,reed_acoustic_037,7,reed,0,acoustic,57,100,16000,long_release|reverb
31.160639,-63.629227,reed_acoustic_023-087-127,reed_acoustic_023-087-127,/root/autodl-tmp/tokenizer-eval/data/nsynth/nsynth-valid/audio/reed_acoustic_023-087-127.wav,224,reed_acoustic_023,7,reed,0,acoustic,87,127,16000,fast_decay|multiphonic|nonlinear_env
10.859498,39.488743,keyboard_electronic_069-047-075,keyboard_electronic_069-047-075,/root/autodl-tmp/tokenizer-eval/data/nsynth/nsynth-valid/audio/keyboard_electronic_069-047-075.wav,805,keyboard_electronic_069,4,keyboard,1,electronic,47,75,16000,distortion
8.171067,62.353935,flute_synthetic_000-036-050,flute_synthetic_000-036-050,/root/autodl-tmp/tokenizer-eval/data/nsynth/nsynth-valid/audio/flute_synthetic_000-036-050.wav,82,flute_synthetic_000,2,flute,2,synthetic,36,50,16000,distortion
9.998019,-17.48668,guitar_acoustic_030-063-050,guitar_acoustic_030-063-050,/root/autodl-tmp/tokenizer-eval/data/nsynth/nsynth-valid/audio/guitar_acoustic_030-063-050.wav,642,guitar_acoustic_030,3,guitar,0,acoustic,63,50,16000,fast_decay|tempo-synced
14.410764,10.512597,bass_synthetic_135-060-100,bass_synthetic_135-060-100,/root/autodl-tmp/tokenizer-eval/data/nsynth/nsynth-valid/audio/bass_synthetic_135-060-100.wav,927,bass_synthetic_135,0,bass,2,synthetic,60,100,16000,distortion
6.480157,-17.51818,guitar_acoustic_014-074-100,guitar_acoustic_014-074-100,/root/autodl-tmp/tokenizer-eval/data/nsynth/nsynth-valid/audio/guitar_acoustic_014-074-100.wav,263,guitar_acoustic_014,3,guitar,0,acoustic,74,100,16000,
32.5322,0.35789976,string_acoustic_056-051-075,string_acoustic_056-051-075,/root/autodl-tmp/tokenizer-eval/data/nsynth/nsynth-valid/audio/string_acoustic_056-051-075.wav,436,string_acoustic_056,8,string,0,acoustic,51,75,16000,fast_decay|reverb
62.35417,-13.960777,mallet_acoustic_056-054-127,mallet_acoustic_056-054-127,/root/autodl-tmp/tokenizer-eval/data/nsynth/nsynth-valid/audio/mallet_acoustic_056-054-127.wav,590,mallet_acoustic_056,5,mallet,0,acoustic,54,127,16000,bright|fast_decay|percussive
30.648027,-60.796333,reed_acoustic_023-081-025,reed_acoustic_023-081-025,/root/autodl-tmp/tokenizer-eval/data/nsynth/nsynth-valid/audio/reed_acoustic_023-081-025.wav,224,reed_acoustic_023,7,reed,0,acoustic,81,25,16000,bright|fast_decay|multiphonic|nonlinear_env
8.858692,30.913961,guitar_acoustic_010-050-025,guitar_acoustic_010-050-025,/root/autodl-tmp/tokenizer-eval/data/nsynth/nsynth-valid/audio/guitar_acoustic_010-050-025.wav,219,guitar_acoustic_010,3,guitar,0,acoustic,50,25,16000,
-17.301102,-46.730274,flute_acoustic_002-093-075,flute_acoustic_002-093-075,/root/autodl-tmp/tokenizer-eval/data/nsynth/nsynth-valid/audio/flute_acoustic_002-093-075.wav,86,flute_acoustic_002,2,flute,0,acoustic,93,75,16000,reverb
41.228786,25.118109,mallet_acoustic_062-031-075,mallet_acoustic_062-031-075,/root/autodl-tmp/tokenizer-eval/data/nsynth/nsynth-valid/audio/mallet_acoustic_062-031-075.wav,644,mallet_acoustic_062,5,mallet,0,acoustic,31,75,16000,dark|multiphonic
10.187401,62.755165,flute_synthetic_000-035-075,flute_synthetic_000-035-075,/root/autodl-tmp/tokenizer-eval/data/nsynth/nsynth-valid/audio/flute_synthetic_000-035-075.wav,82,flute_synthetic_000,2,flute,2,synthetic,35,75,16000,distortion
30.645042,-51.977074,keyboard_synthetic_000-075-100,keyboard_synthetic_000-075-100,/root/autodl-tmp/tokenizer-eval/data/nsynth/nsynth-valid/audio/keyboard_synthetic_000-075-100.wav,577,keyboard_synthetic_000,4,keyboard,2,synthetic,75,100,16000,bright|distortion|fast_decay|nonlinear_env
3.2712533,-14.386591,keyboard_electronic_069-073-050,keyboard_electronic_069-073-050,/root/autodl-tmp/tokenizer-eval/data/nsynth/nsynth-valid/audio/keyboard_electronic_069-073-050.wav,805,keyboard_electronic_069,4,keyboard,1,electronic,73,50,16000,distortion
42.57039,2.784253,keyboard_electronic_001-095-127,keyboard_electronic_001-095-127,/root/autodl-tmp/tokenizer-eval/data/nsynth/nsynth-valid/audio/keyboard_electronic_001-095-127.wav,40,keyboard_electronic_001,4,keyboard,1,electronic,95,127,16000,percussive
-35.38985,18.317318,flute_synthetic_000-062-100,flute_synthetic_000-062-100,/root/autodl-tmp/tokenizer-eval/data/nsynth/nsynth-valid/audio/flute_synthetic_000-062-100.wav,82,flute_synthetic_000,2,flute,2,synthetic,62,100,16000,distortion
-51.85356,-12.919139,bass_synthetic_009-064-075,bass_synthetic_009-064-075,/root/autodl-tmp/tokenizer-eval/data/nsynth/nsynth-valid/audio/bass_synthetic_009-064-075.wav,150,bass_synthetic_009,0,bass,2,synthetic,64,75,16000,bright|distortion|long_release
-15.860242,-41.352097,flute_synthetic_000-095-127,flute_synthetic_000-095-127,/root/autodl-tmp/tokenizer-eval/data/nsynth/nsynth-valid/audio/flute_synthetic_000-095-127.wav,82,flute_synthetic_000,2,flute,2,synthetic,95,127,16000,distortion
-11.9231415,20.366362,organ_electronic_104-037-025,organ_electronic_104-037-025,/root/autodl-tmp/tokenizer-eval/data/nsynth/nsynth-valid/audio/organ_electronic_104-037-025.wav,921,organ_electronic_104,6,organ,1,electronic,37,25,16000,
6.9140835,-4.576552,guitar_electronic_022-069-127,guitar_electronic_022-069-127,/root/autodl-tmp/tokenizer-eval/data/nsynth/nsynth-valid/audio/guitar_electronic_022-069-127.wav,378,guitar_electronic_022,3,guitar,1,electronic,69,127,16000,
11.235194,2.924023,keyboard_electronic_002-064-127,keyboard_electronic_002-064-127,/root/autodl-tmp/tokenizer-eval/data/nsynth/nsynth-valid/audio/keyboard_electronic_002-064-127.wav,50,keyboard_electronic_002,4,keyboard,1,electronic,64,127,16000,distortion
-20.42096,-45.445564,string_acoustic_057-094-075,string_acoustic_057-094-075,/root/autodl-tmp/tokenizer-eval/data/nsynth/nsynth-valid/audio/string_acoustic_057-094-075.wav,450,string_acoustic_057,8,string,0,acoustic,94,75,16000,nonlinear_env|reverb
-45.57423,-26.409271,organ_electronic_007-084-100,organ_electronic_007-084-100,/root/autodl-tmp/tokenizer-eval/data/nsynth/nsynth-valid/audio/organ_electronic_007-084-100.wav,123,organ_electronic_007,6,organ,1,electronic,84,100,16000,bright|distortion|long_release|nonlinear_env
38.37011,-49.044895,keyboard_synthetic_000-051-075,keyboard_synthetic_000-051-075,/root/autodl-tmp/tokenizer-eval/data/nsynth/nsynth-valid/audio/keyboard_synthetic_000-051-075.wav,577,keyboard_synthetic_000,4,keyboard,2,synthetic,51,75,16000,distortion|fast_decay|nonlinear_env
21.23944,45.972946,guitar_electronic_022-037-025,guitar_electronic_022-037-025,/root/autodl-tmp/tokenizer-eval/data/nsynth/nsynth-valid/audio/guitar_electronic_022-037-025.wav,378,guitar_electronic_022,3,guitar,1,electronic,37,25,16000,dark
23.28272,33.6831,bass_electronic_025-041-075,bass_electronic_025-041-075,/root/autodl-tmp/tokenizer-eval/data/nsynth/nsynth-valid/audio/bass_electronic_025-041-075.wav,872,bass_electronic_025,0,bass,1,electronic,41,75,16000,
14.071486,31.31225,organ_electronic_028-047-025,organ_electronic_028-047-025,/root/autodl-tmp/tokenizer-eval/data/nsynth/nsynth-valid/audio/organ_electronic_028-047-025.wav,440,organ_electronic_028,6,organ,1,electronic,47,25,16000,dark
56.461224,-15.103719,bass_synthetic_134-087-100,bass_synthetic_134-087-100,/root/autodl-tmp/tokenizer-eval/data/nsynth/nsynth-valid/audio/bass_synthetic_134-087-100.wav,914,bass_synthetic_134,0,bass,2,synthetic,87,100,16000,fast_decay|percussive|reverb
7.3373666,-34.19919,organ_electronic_028-086-100,organ_electronic_028-086-100,/root/autodl-tmp/tokenizer-eval/data/nsynth/nsynth-valid/audio/organ_electronic_028-086-100.wav,440,organ_electronic_028,6,organ,1,electronic,86,100,16000,bright
39.56263,-11.952236,mallet_acoustic_047-092-025,mallet_acoustic_047-092-025,/root/autodl-tmp/tokenizer-eval/data/nsynth/nsynth-valid/audio/mallet_acoustic_047-092-025.wav,488,mallet_acoustic_047,5,mallet,0,acoustic,92,25,16000,fast_decay|percussive|reverb
38.872963,-13.683829,mallet_acoustic_047-096-025,mallet_acoustic_047-096-025,/root/autodl-tmp/tokenizer-eval/data/nsynth/nsynth-valid/audio/mallet_acoustic_047-096-025.wav,488,mallet_acoustic_047,5,mallet,0,acoustic,96,25,16000,fast_decay|percussive|reverb
-5.064326,54.57102,flute_synthetic_000-048-025,flute_synthetic_000-048-025,/root/autodl-tmp/tokenizer-eval/data/nsynth/nsynth-valid/audio/flute_synthetic_000-048-025.wav,82,flute_synthetic_000,2,flute,2,synthetic,48,25,16000,distortion
-13.424596,-47.84909,flute_acoustic_002-096-100,flute_acoustic_002-096-100,/root/autodl-tmp/tokenizer-eval/data/nsynth/nsynth-valid/audio/flute_acoustic_002-096-100.wav,86,flute_acoustic_002,2,flute,0,acoustic,96,100,16000,long_release|reverb
-51.018696,-8.330931,vocal_synthetic_003-066-075,vocal_synthetic_003-066-075,/root/autodl-tmp/tokenizer-eval/data/nsynth/nsynth-valid/audio/vocal_synthetic_003-066-075.wav,37,vocal_synthetic_003,10,vocal,2,synthetic,66,75,16000,bright|distortion|long_release|nonlinear_env
-13.358857,32.014782,brass_acoustic_059-047-100,brass_acoustic_059-047-100,/root/autodl-tmp/tokenizer-eval/data/nsynth/nsynth-valid/audio/brass_acoustic_059-047-100.wav,572,brass_acoustic_059,1,brass,0,acoustic,47,100,16000,reverb
23.23629,44.105812,guitar_acoustic_010-036-050,guitar_acoustic_010-036-050,/root/autodl-tmp/tokenizer-eval/data/nsynth/nsynth-valid/audio/guitar_acoustic_010-036-050.wav,219,guitar_acoustic_010,3,guitar,0,acoustic,36,50,16000,
4.0842457,-11.737575,keyboard_electronic_098-072-127,keyboard_electronic_098-072-127,/root/autodl-tmp/tokenizer-eval/data/nsynth/nsynth-valid/audio/keyboard_electronic_098-072-127.wav,905,keyboard_electronic_098,4,keyboard,1,electronic,72,127,16000,
33.952366,-10.132439,string_acoustic_056-070-075,string_acoustic_056-070-075,/root/autodl-tmp/tokenizer-eval/data/nsynth/nsynth-valid/audio/string_acoustic_056-070-075.wav,436,string_acoustic_056,8,string,0,acoustic,70,75,16000,fast_decay|percussive|reverb
41.157043,25.905157,mallet_acoustic_062-031-100,mallet_acoustic_062-031-100,/root/autodl-tmp/tokenizer-eval/data/nsynth/nsynth-valid/audio/mallet_acoustic_062-031-100.wav,644,mallet_acoustic_062,5,mallet,0,acoustic,31,100,16000,dark|long_release|multiphonic
-13.780433,-32.0568,string_acoustic_057-080-050,string_acoustic_057-080-050,/root/autodl-tmp/tokenizer-eval/data/nsynth/nsynth-valid/audio/string_acoustic_057-080-050.wav,450,string_acoustic_057,8,string,0,acoustic,80,50,16000,bright|nonlinear_env|reverb
15.360077,-1.3064473,bass_synthetic_135-067-050,bass_synthetic_135-067-050,/root/autodl-tmp/tokenizer-eval/data/nsynth/nsynth-valid/audio/bass_synthetic_135-067-050.wav,927,bass_synthetic_135,0,bass,2,synthetic,67,50,16000,distortion
41.26287,-12.432492,mallet_acoustic_047-095-025,mallet_acoustic_047-095-025,/root/autodl-tmp/tokenizer-eval/data/nsynth/nsynth-valid/audio/mallet_acoustic_047-095-025.wav,488,mallet_acoustic_047,5,mallet,0,acoustic,95,25,16000,fast_decay|percussive|reverb
5.811089,33.04711,guitar_acoustic_021-049-100,guitar_acoustic_021-049-100,/root/autodl-tmp/tokenizer-eval/data/nsynth/nsynth-valid/audio/guitar_acoustic_021-049-100.wav,457,guitar_acoustic_021,3,guitar,0,acoustic,49,100,16000,
-55.505318,-28.871895,vocal_synthetic_003-080-075,vocal_synthetic_003-080-075,/root/autodl-tmp/tokenizer-eval/data/nsynth/nsynth-valid/audio/vocal_synthetic_003-080-075.wav,37,vocal_synthetic_003,10,vocal,2,synthetic,80,75,16000,bright|distortion|long_release|nonlinear_env
-26.658916,28.153961,flute_synthetic_000-053-100,flute_synthetic_000-053-100,/root/autodl-tmp/tokenizer-eval/data/nsynth/nsynth-valid/audio/flute_synthetic_000-053-100.wav,82,flute_synthetic_000,2,flute,2,synthetic,53,100,16000,distortion
-14.491654,-43.197155,string_acoustic_057-083-050,string_acoustic_057-083-050,/root/autodl-tmp/tokenizer-eval/data/nsynth/nsynth-valid/audio/string_acoustic_057-083-050.wav,450,string_acoustic_057,8,string,0,acoustic,83,50,16000,bright|nonlinear_env|reverb
12.122313,0.7865401,guitar_electronic_028-065-025,guitar_electronic_028-065-025,/root/autodl-tmp/tokenizer-eval/data/nsynth/nsynth-valid/audio/guitar_electronic_028-065-025.wav,510,guitar_electronic_028,3,guitar,1,electronic,65,25,16000,
-27.89557,-26.42111,string_acoustic_057-084-100,string_acoustic_057-084-100,/root/autodl-tmp/tokenizer-eval/data/nsynth/nsynth-valid/audio/string_acoustic_057-084-100.wav,450,string_acoustic_057,8,string,0,acoustic,84,100,16000,bright|nonlinear_env|reverb
33.96405,-14.183237,string_acoustic_056-079-100,string_acoustic_056-079-100,/root/autodl-tmp/tokenizer-eval/data/nsynth/nsynth-valid/audio/string_acoustic_056-079-100.wav,436,string_acoustic_056,8,string,0,acoustic,79,100,16000,fast_decay|percussive|reverb
15.734557,5.744737,guitar_acoustic_030-063-100,guitar_acoustic_030-063-100,/root/autodl-tmp/tokenizer-eval/data/nsynth/nsynth-valid/audio/guitar_acoustic_030-063-100.wav,642,guitar_acoustic_030,3,guitar,0,acoustic,63,100,16000,long_release|tempo-synced
32.273468,-20.161732,guitar_acoustic_014-092-050,guitar_acoustic_014-092-050,/root/autodl-tmp/tokenizer-eval/data/nsynth/nsynth-valid/audio/guitar_acoustic_014-092-050.wav,263,guitar_acoustic_014,3,guitar,0,acoustic,92,50,16000,fast_decay|percussive
18.483454,45.54127,keyboard_electronic_069-040-025,keyboard_electronic_069-040-025,/root/autodl-tmp/tokenizer-eval/data/nsynth/nsynth-valid/audio/keyboard_electronic_069-040-025.wav,805,keyboard_electronic_069,4,keyboard,1,electronic,40,25,16000,distortion
-32.088505,23.49449,flute_synthetic_000-058-127,flute_synthetic_000-058-127,/root/autodl-tmp/tokenizer-eval/data/nsynth/nsynth-valid/audio/flute_synthetic_000-058-127.wav,82,flute_synthetic_000,2,flute,2,synthetic,58,127,16000,distortion
-14.422719,-43.187317,string_acoustic_057-083-075,string_acoustic_057-083-075,/root/autodl-tmp/tokenizer-eval/data/nsynth/nsynth-valid/audio/string_acoustic_057-083-075.wav,450,string_acoustic_057,8,string,0,acoustic,83,75,16000,bright|nonlinear_env|reverb
-10.557026,19.974167,organ_electronic_001-038-050,organ_electronic_001-038-050,/root/autodl-tmp/tokenizer-eval/data/nsynth/nsynth-valid/audio/organ_electronic_001-038-050.wav,8,organ_electronic_001,6,organ,1,electronic,38,50,16000,dark
6.9779863,50.510532,string_acoustic_012-031-050,string_acoustic_012-031-050,/root/autodl-tmp/tokenizer-eval/data/nsynth/nsynth-valid/audio/string_acoustic_012-031-050.wav,97,string_acoustic_012,8,string,0,acoustic,31,50,16000,long_release|reverb
3.248053,-37.99949,organ_electronic_028-088-050,organ_electronic_028-088-050,/root/autodl-tmp/tokenizer-eval/data/nsynth/nsynth-valid/audio/organ_electronic_028-088-050.wav,440,organ_electronic_028,6,organ,1,electronic,88,50,16000,
-39.108032,45.626102,vocal_synthetic_003-045-075,vocal_synthetic_003-045-075,/root/autodl-tmp/tokenizer-eval/data/nsynth/nsynth-valid/audio/vocal_synthetic_003-045-075.wav,37,vocal_synthetic_003,10,vocal,2,synthetic,45,75,16000,distortion|long_release|nonlinear_env
-17.18027,-39.57323,organ_electronic_001-094-075,organ_electronic_001-094-075,/root/autodl-tmp/tokenizer-eval/data/nsynth/nsynth-valid/audio/organ_electronic_001-094-075.wav,8,organ_electronic_001,6,organ,1,electronic,94,75,16000,
11.249014,-20.791588,keyboard_electronic_003-076-127,keyboard_electronic_003-076-127,/root/autodl-tmp/tokenizer-eval/data/nsynth/nsynth-valid/audio/keyboard_electronic_003-076-127.wav,65,keyboard_electronic_003,4,keyboard,1,electronic,76,127,16000,
-18.647974,43.363243,reed_acoustic_037-038-127,reed_acoustic_037-038-127,/root/autodl-tmp/tokenizer-eval/data/nsynth/nsynth-valid/audio/reed_acoustic_037-038-127.wav,387,reed_acoustic_037,7,reed,0,acoustic,38,127,16000,long_release|reverb
11.781758,59.188976,flute_synthetic_000-032-050,flute_synthetic_000-032-050,/root/autodl-tmp/tokenizer-eval/data/nsynth/nsynth-valid/audio/flute_synthetic_000-032-050.wav,82,flute_synthetic_000,2,flute,2,synthetic,32,50,16000,distortion
16.156097,18.052437,keyboard_electronic_098-056-025,keyboard_electronic_098-056-025,/root/autodl-tmp/tokenizer-eval/data/nsynth/nsynth-valid/audio/keyboard_electronic_098-056-025.wav,905,keyboard_electronic_098,4,keyboard,1,electronic,56,25,16000,dark
-5.066332,3.392544,brass_acoustic_015-066-075,brass_acoustic_015-066-075,/root/autodl-tmp/tokenizer-eval/data/nsynth/nsynth-valid/audio/brass_acoustic_015-066-075.wav,121,brass_acoustic_015,1,brass,0,acoustic,66,75,16000,reverb
-15.975796,-20.207657,reed_acoustic_037-076-025,reed_acoustic_037-076-025,/root/autodl-tmp/tokenizer-eval/data/nsynth/nsynth-valid/audio/reed_acoustic_037-076-025.wav,387,reed_acoustic_037,7,reed,0,acoustic,76,25,16000,reverb
-41.31462,45.36056,vocal_synthetic_003-046-100,vocal_synthetic_003-046-100,/root/autodl-tmp/tokenizer-eval/data/nsynth/nsynth-valid/audio/vocal_synthetic_003-046-100.wav,37,vocal_synthetic_003,10,vocal,2,synthetic,46,100,16000,bright|distortion|long_release|nonlinear_env
10.014678,-33.42005,bass_synthetic_033-086-127,bass_synthetic_033-086-127,/root/autodl-tmp/tokenizer-eval/data/nsynth/nsynth-valid/audio/bass_synthetic_033-086-127.wav,417,bass_synthetic_033,0,bass,2,synthetic,86,127,16000,
34.42299,-20.879679,guitar_acoustic_015-095-050,guitar_acoustic_015-095-050,/root/autodl-tmp/tokenizer-eval/data/nsynth/nsynth-valid/audio/guitar_acoustic_015-095-050.wav,316,guitar_acoustic_015,3,guitar,0,acoustic,95,50,16000,fast_decay|percussive|reverb
-17.47485,3.7772105,reed_acoustic_011-054-050,reed_acoustic_011-054-050,/root/autodl-tmp/tokenizer-eval/data/nsynth/nsynth-valid/audio/reed_acoustic_011-054-050.wav,104,reed_acoustic_011,7,reed,0,acoustic,54,50,16000,
-88.89749,29.083004,brass_acoustic_046-091-050,brass_acoustic_046-091-050,/root/autodl-tmp/tokenizer-eval/data/nsynth/nsynth-valid/audio/brass_acoustic_046-091-050.wav,414,brass_acoustic_046,1,brass,0,acoustic,91,50,16000,long_release
10.086408,22.57317,keyboard_electronic_098-052-100,keyboard_electronic_098-052-100,/root/autodl-tmp/tokenizer-eval/data/nsynth/nsynth-valid/audio/keyboard_electronic_098-052-100.wav,905,keyboard_electronic_098,4,keyboard,1,electronic,52,100,16000,dark
31.298431,-58.501045,reed_acoustic_023-086-075,reed_acoustic_023-086-075,/root/autodl-tmp/tokenizer-eval/data/nsynth/nsynth-valid/audio/reed_acoustic_023-086-075.wav,224,reed_acoustic_023,7,reed,0,acoustic,86,75,16000,fast_decay|multiphonic|nonlinear_env
-24.04563,-32.823338,organ_electronic_104-071-127,organ_electronic_104-071-127,/root/autodl-tmp/tokenizer-eval/data/nsynth/nsynth-valid/audio/organ_electronic_104-071-127.wav,921,organ_electronic_104,6,organ,1,electronic,71,127,16000,
-47.79337,-10.014778,vocal_synthetic_003-069-050,vocal_synthetic_003-069-050,/root/autodl-tmp/tokenizer-eval/data/nsynth/nsynth-valid/audio/vocal_synthetic_003-069-050.wav,37,vocal_synthetic_003,10,vocal,2,synthetic,69,50,16000,bright|distortion|long_release|nonlinear_env
-38.386433,-32.087025,brass_acoustic_016-077-127,brass_acoustic_016-077-127,/root/autodl-tmp/tokenizer-eval/data/nsynth/nsynth-valid/audio/brass_acoustic_016-077-127.wav,128,brass_acoustic_016,1,brass,0,acoustic,77,127,16000,bright
39.348866,-17.280369,mallet_acoustic_047-080-127,mallet_acoustic_047-080-127,/root/autodl-tmp/tokenizer-eval/data/nsynth/nsynth-valid/audio/mallet_acoustic_047-080-127.wav,488,mallet_acoustic_047,5,mallet,0,acoustic,80,127,16000,fast_decay|percussive|reverb
-29.458559,-18.90759,organ_electronic_001-084-100,organ_electronic_001-084-100,/root/autodl-tmp/tokenizer-eval/data/nsynth/nsynth-valid/audio/organ_electronic_001-084-100.wav,8,organ_electronic_001,6,organ,1,electronic,84,100,16000,
77.88238,8.090524,bass_synthetic_098-074-050,bass_synthetic_098-074-050,/root/autodl-tmp/tokenizer-eval/data/nsynth/nsynth-valid/audio/bass_synthetic_098-074-050.wav,803,bass_synthetic_098,0,bass,2,synthetic,74,50,16000,
27.32538,-53.241673,keyboard_synthetic_000-090-127,keyboard_synthetic_000-090-127,/root/autodl-tmp/tokenizer-eval/data/nsynth/nsynth-valid/audio/keyboard_synthetic_000-090-127.wav,577,keyboard_synthetic_000,4,keyboard,2,synthetic,90,127,16000,bright|distortion|fast_decay|nonlinear_env
6.1536975,1.4776671,guitar_acoustic_015-058-050,guitar_acoustic_015-058-050,/root/autodl-tmp/tokenizer-eval/data/nsynth/nsynth-valid/audio/guitar_acoustic_015-058-050.wav,316,guitar_acoustic_015,3,guitar,0,acoustic,58,50,16000,reverb
-12.9517565,-43.58373,brass_acoustic_006-083-075,brass_acoustic_006-083-075,/root/autodl-tmp/tokenizer-eval/data/nsynth/nsynth-valid/audio/brass_acoustic_006-083-075.wav,43,brass_acoustic_006,1,brass,0,acoustic,83,75,16000,reverb
39.75135,23.179052,mallet_acoustic_062-036-050,mallet_acoustic_062-036-050,/root/autodl-tmp/tokenizer-eval/data/nsynth/nsynth-valid/audio/mallet_acoustic_062-036-050.wav,644,mallet_acoustic_062,5,mallet,0,acoustic,36,50,16000,dark|multiphonic
-36.71523,16.677788,flute_synthetic_000-063-100,flute_synthetic_000-063-100,/root/autodl-tmp/tokenizer-eval/data/nsynth/nsynth-valid/audio/flute_synthetic_000-063-100.wav,82,flute_synthetic_000,2,flute,2,synthetic,63,100,16000,distortion
-36.968716,-5.1025615,organ_electronic_113-070-025,organ_electronic_113-070-025,/root/autodl-tmp/tokenizer-eval/data/nsynth/nsynth-valid/audio/organ_electronic_113-070-025.wav,958,organ_electronic_113,6,organ,1,electronic,70,25,16000,
20.01897,11.352364,bass_electronic_025-059-100,bass_electronic_025-059-100,/root/autodl-tmp/tokenizer-eval/data/nsynth/nsynth-valid/audio/bass_electronic_025-059-100.wav,872,bass_electronic_025,0,bass,1,electronic,59,100,16000,
40.314144,-11.128176,mallet_acoustic_047-085-025,mallet_acoustic_047-085-025,/root/autodl-tmp/tokenizer-eval/data/nsynth/nsynth-valid/audio/mallet_acoustic_047-085-025.wav,488,mallet_acoustic_047,5,mallet,0,acoustic,85,25,16000,fast_decay|percussive|reverb
-10.383775,13.013444,organ_electronic_057-060-050,organ_electronic_057-060-050,/root/autodl-tmp/tokenizer-eval/data/nsynth/nsynth-valid/audio/organ_electronic_057-060-050.wav,701,organ_electronic_057,6,organ,1,electronic,60,50,16000,dark
-34.90512,-14.630455,reed_acoustic_037-061-075,reed_acoustic_037-061-075,/root/autodl-tmp/tokenizer-eval/data/nsynth/nsynth-valid/audio/reed_acoustic_037-061-075.wav,387,reed_acoustic_037,7,reed,0,acoustic,61,75,16000,long_release|reverb
-19.216736,55.506298,brass_acoustic_059-036-050,brass_acoustic_059-036-050,/root/autodl-tmp/tokenizer-eval/data/nsynth/nsynth-valid/audio/brass_acoustic_059-036-050.wav,572,brass_acoustic_059,1,brass,0,acoustic,36,50,16000,reverb
-31.60955,-48.95599,bass_synthetic_009-092-127,bass_synthetic_009-092-127,/root/autodl-tmp/tokenizer-eval/data/nsynth/nsynth-valid/audio/bass_synthetic_009-092-127.wav,150,bass_synthetic_009,0,bass,2,synthetic,92,127,16000,long_release
-28.680801,-36.615517,string_acoustic_057-088-025,string_acoustic_057-088-025,/root/autodl-tmp/tokenizer-eval/data/nsynth/nsynth-valid/audio/string_acoustic_057-088-025.wav,450,string_acoustic_057,8,string,0,acoustic,88,25,16000,bright|nonlinear_env|reverb
-40.740936,43.390057,vocal_synthetic_003-047-100,vocal_synthetic_003-047-100,/root/autodl-tmp/tokenizer-eval/data/nsynth/nsynth-valid/audio/vocal_synthetic_003-047-100.wav,37,vocal_synthetic_003,10,vocal,2,synthetic,47,100,16000,bright|distortion|long_release|nonlinear_env
-25.96554,1.3390976,brass_acoustic_015-069-075,brass_acoustic_015-069-075,/root/autodl-tmp/tokenizer-eval/data/nsynth/nsynth-valid/audio/brass_acoustic_015-069-075.wav,121,brass_acoustic_015,1,brass,0,acoustic,69,75,16000,reverb
-27.147694,-16.733393,organ_electronic_028-072-050,organ_electronic_028-072-050,/root/autodl-tmp/tokenizer-eval/data/nsynth/nsynth-valid/audio/organ_electronic_028-072-050.wav,440,organ_electronic_028,6,organ,1,electronic,72,50,16000,dark
-45.16166,-24.165848,organ_electronic_007-085-127,organ_electronic_007-085-127,/root/autodl-tmp/tokenizer-eval/data/nsynth/nsynth-valid/audio/organ_electronic_007-085-127.wav,123,organ_electronic_007,6,organ,1,electronic,85,127,16000,bright|distortion|long_release|nonlinear_env
38.534554,-51.72607,keyboard_synthetic_000-034-100,keyboard_synthetic_000-034-100,/root/autodl-tmp/tokenizer-eval/data/nsynth/nsynth-valid/audio/keyboard_synthetic_000-034-100.wav,577,keyboard_synthetic_000,4,keyboard,2,synthetic,34,100,16000,distortion|fast_decay|nonlinear_env
35.750473,-9.112558,string_acoustic_056-077-025,string_acoustic_056-077-025,/root/autodl-tmp/tokenizer-eval/data/nsynth/nsynth-valid/audio/string_acoustic_056-077-025.wav,436,string_acoustic_056,8,string,0,acoustic,77,25,16000,fast_decay|percussive|reverb
-16.930227,-25.506884,string_acoustic_057-077-127,string_acoustic_057-077-127,/root/autodl-tmp/tokenizer-eval/data/nsynth/nsynth-valid/audio/string_acoustic_057-077-127.wav,450,string_acoustic_057,8,string,0,acoustic,77,127,16000,bright|nonlinear_env|reverb
27.218344,20.875784,string_acoustic_014-050-050,string_acoustic_014-050-050,/root/autodl-tmp/tokenizer-eval/data/nsynth/nsynth-valid/audio/string_acoustic_014-050-050.wav,100,string_acoustic_014,8,string,0,acoustic,50,50,16000,dark|reverb
-22.300167,-38.693813,organ_electronic_001-088-025,organ_electronic_001-088-025,/root/autodl-tmp/tokenizer-eval/data/nsynth/nsynth-valid/audio/organ_electronic_001-088-025.wav,8,organ_electronic_001,6,organ,1,electronic,88,25,16000,
6.1057043,-3.9627445,keyboard_electronic_069-069-075,keyboard_electronic_069-069-075,/root/autodl-tmp/tokenizer-eval/data/nsynth/nsynth-valid/audio/keyboard_electronic_069-069-075.wav,805,keyboard_electronic_069,4,keyboard,1,electronic,69,75,16000,distortion
42.257587,-51.272,reed_acoustic_023-032-127,reed_acoustic_023-032-127,/root/autodl-tmp/tokenizer-eval/data/nsynth/nsynth-valid/audio/reed_acoustic_023-032-127.wav,224,reed_acoustic_023,7,reed,0,acoustic,32,127,16000,bright|fast_decay|multiphonic|nonlinear_env
30.59807,36.65854,bass_synthetic_135-036-050,bass_synthetic_135-036-050,/root/autodl-tmp/tokenizer-eval/data/nsynth/nsynth-valid/audio/bass_synthetic_135-036-050.wav,927,bass_synthetic_135,0,bass,2,synthetic,36,50,16000,distortion
41.400295,-55.466175,reed_acoustic_023-044-100,reed_acoustic_023-044-100,/root/autodl-tmp/tokenizer-eval/data/nsynth/nsynth-valid/audio/reed_acoustic_023-044-100.wav,224,reed_acoustic_023,7,reed,0,acoustic,44,100,16000,bright|fast_decay|multiphonic|nonlinear_env
43.07866,2.9468534,keyboard_electronic_001-094-100,keyboard_electronic_001-094-100,/root/autodl-tmp/tokenizer-eval/data/nsynth/nsynth-valid/audio/keyboard_electronic_001-094-100.wav,40,keyboard_electronic_001,4,keyboard,1,electronic,94,100,16000,
-15.36424,54.58285,brass_acoustic_059-038-050,brass_acoustic_059-038-050,/root/autodl-tmp/tokenizer-eval/data/nsynth/nsynth-valid/audio/brass_acoustic_059-038-050.wav,572,brass_acoustic_059,1,brass,0,acoustic,38,50,16000,reverb
-24.294878,-44.13659,string_acoustic_057-092-127,string_acoustic_057-092-127,/root/autodl-tmp/tokenizer-eval/data/nsynth/nsynth-valid/audio/string_acoustic_057-092-127.wav,450,string_acoustic_057,8,string,0,acoustic,92,127,16000,nonlinear_env|reverb
-20.339375,-0.9469636,reed_acoustic_011-068-127,reed_acoustic_011-068-127,/root/autodl-tmp/tokenizer-eval/data/nsynth/nsynth-valid/audio/reed_acoustic_011-068-127.wav,104,reed_acoustic_011,7,reed,0,acoustic,68,127,16000,
-18.607935,-36.35592,organ_electronic_001-092-050,organ_electronic_001-092-050,/root/autodl-tmp/tokenizer-eval/data/nsynth/nsynth-valid/audio/organ_electronic_001-092-050.wav,8,organ_electronic_001,6,organ,1,electronic,92,50,16000,
11.115781,60.677113,flute_synthetic_000-031-075,flute_synthetic_000-031-075,/root/autodl-tmp/tokenizer-eval/data/nsynth/nsynth-valid/audio/flute_synthetic_000-031-075.wav,82,flute_synthetic_000,2,flute,2,synthetic,31,75,16000,distortion
-4.946735,3.1845984,brass_acoustic_015-065-050,brass_acoustic_015-065-050,/root/autodl-tmp/tokenizer-eval/data/nsynth/nsynth-valid/audio/brass_acoustic_015-065-050.wav,121,brass_acoustic_015,1,brass,0,acoustic,65,50,16000,reverb
-15.604979,-37.451874,flute_synthetic_000-093-025,flute_synthetic_000-093-025,/root/autodl-tmp/tokenizer-eval/data/nsynth/nsynth-valid/audio/flute_synthetic_000-093-025.wav,82,flute_synthetic_000,2,flute,2,synthetic,93,25,16000,distortion
-18.041195,19.87233,organ_electronic_001-066-050,organ_electronic_001-066-050,/root/autodl-tmp/tokenizer-eval/data/nsynth/nsynth-valid/audio/organ_electronic_001-066-050.wav,8,organ_electronic_001,6,organ,1,electronic,66,50,16000,
12.012357,40.679207,keyboard_electronic_069-046-050,keyboard_electronic_069-046-050,/root/autodl-tmp/tokenizer-eval/data/nsynth/nsynth-valid/audio/keyboard_electronic_069-046-050.wav,805,keyboard_electronic_069,4,keyboard,1,electronic,46,50,16000,distortion
18.076832,46.616962,keyboard_electronic_069-039-050,keyboard_electronic_069-039-050,/root/autodl-tmp/tokenizer-eval/data/nsynth/nsynth-valid/audio/keyboard_electronic_069-039-050.wav,805,keyboard_electronic_069,4,keyboard,1,electronic,39,50,16000,distortion
-46.220848,-20.232964,vocal_synthetic_003-074-100,vocal_synthetic_003-074-100,/root/autodl-tmp/tokenizer-eval/data/nsynth/nsynth-valid/audio/vocal_synthetic_003-074-100.wav,37,vocal_synthetic_003,10,vocal,2,synthetic,74,100,16000,bright|distortion|long_release|nonlinear_env
-36.756767,20.511497,flute_synthetic_000-061-127,flute_synthetic_000-061-127,/root/autodl-tmp/tokenizer-eval/data/nsynth/nsynth-valid/audio/flute_synthetic_000-061-127.wav,82,flute_synthetic_000,2,flute,2,synthetic,61,127,16000,distortion
42.49833,6.781558,keyboard_acoustic_004-087-127,keyboard_acoustic_004-087-127,/root/autodl-tmp/tokenizer-eval/data/nsynth/nsynth-valid/audio/keyboard_acoustic_004-087-127.wav,327,keyboard_acoustic_004,4,keyboard,0,acoustic,87,127,16000,reverb
39.676273,-62.283405,reed_acoustic_023-060-100,reed_acoustic_023-060-100,/root/autodl-tmp/tokenizer-eval/data/nsynth/nsynth-valid/audio/reed_acoustic_023-060-100.wav,224,reed_acoustic_023,7,reed,0,acoustic,60,100,16000,bright|fast_decay|multiphonic|nonlinear_env
-11.630463,-38.050945,string_acoustic_057-082-100,string_acoustic_057-082-100,/root/autodl-tmp/tokenizer-eval/data/nsynth/nsynth-valid/audio/string_acoustic_057-082-100.wav,450,string_acoustic_057,8,string,0,acoustic,82,100,16000,bright|nonlinear_env|reverb
-18.649307,-36.370544,organ_electronic_001-092-025,organ_electronic_001-092-025,/root/autodl-tmp/tokenizer-eval/data/nsynth/nsynth-valid/audio/organ_electronic_001-092-025.wav,8,organ_electronic_001,6,organ,1,electronic,92,25,16000,
-7.9432,42.051468,string_acoustic_071-051-025,string_acoustic_071-051-025,/root/autodl-tmp/tokenizer-eval/data/nsynth/nsynth-valid/audio/string_acoustic_071-051-025.wav,609,string_acoustic_071,8,string,0,acoustic,51,25,16000,long_release|reverb
34.619846,-1.5345424,string_acoustic_056-042-127,string_acoustic_056-042-127,/root/autodl-tmp/tokenizer-eval/data/nsynth/nsynth-valid/audio/string_acoustic_056-042-127.wav,436,string_acoustic_056,8,string,0,acoustic,42,127,16000,fast_decay|percussive|reverb
43.912254,2.2004771,keyboard_electronic_001-086-100,keyboard_electronic_001-086-100,/root/autodl-tmp/tokenizer-eval/data/nsynth/nsynth-valid/audio/keyboard_electronic_001-086-100.wav,40,keyboard_electronic_001,4,keyboard,1,electronic,86,100,16000,percussive
-20.514668,40.966328,reed_acoustic_037-039-127,reed_acoustic_037-039-127,/root/autodl-tmp/tokenizer-eval/data/nsynth/nsynth-valid/audio/reed_acoustic_037-039-127.wav,387,reed_acoustic_037,7,reed,0,acoustic,39,127,16000,long_release|reverb
-39.03697,-34.049633,brass_acoustic_016-084-050,brass_acoustic_016-084-050,/root/autodl-tmp/tokenizer-eval/data/nsynth/nsynth-valid/audio/brass_acoustic_016-084-050.wav,128,brass_acoustic_016,1,brass,0,acoustic,84,50,16000,bright
-22.367413,-14.784785,reed_acoustic_037-074-127,reed_acoustic_037-074-127,/root/autodl-tmp/tokenizer-eval/data/nsynth/nsynth-valid/audio/reed_acoustic_037-074-127.wav,387,reed_acoustic_037,7,reed,0,acoustic,74,127,16000,reverb
32.700863,-60.908154,reed_acoustic_023-077-127,reed_acoustic_023-077-127,/root/autodl-tmp/tokenizer-eval/data/nsynth/nsynth-valid/audio/reed_acoustic_023-077-127.wav,224,reed_acoustic_023,7,reed,0,acoustic,77,127,16000,bright|fast_decay|multiphonic|nonlinear_env
25.4313,44.557053,bass_synthetic_033-036-127,bass_synthetic_033-036-127,/root/autodl-tmp/tokenizer-eval/data/nsynth/nsynth-valid/audio/bass_synthetic_033-036-127.wav,417,bass_synthetic_033,0,bass,2,synthetic,36,127,16000,distortion
76.62612,11.174728,bass_synthetic_098-047-127,bass_synthetic_098-047-127,/root/autodl-tmp/tokenizer-eval/data/nsynth/nsynth-valid/audio/bass_synthetic_098-047-127.wav,803,bass_synthetic_098,0,bass,2,synthetic,47,127,16000,distortion
63.95283,-14.416484,mallet_acoustic_056-052-075,mallet_acoustic_056-052-075,/root/autodl-tmp/tokenizer-eval/data/nsynth/nsynth-valid/audio/mallet_acoustic_056-052-075.wav,590,mallet_acoustic_056,5,mallet,0,acoustic,52,75,16000,fast_decay|percussive
-88.89749,29.083004,brass_acoustic_046-096-100,brass_acoustic_046-096-100,/root/autodl-tmp/tokenizer-eval/data/nsynth/nsynth-valid/audio/brass_acoustic_046-096-100.wav,414,brass_acoustic_046,1,brass,0,acoustic,96,100,16000,long_release
26.603773,-52.2691,keyboard_synthetic_000-092-025,keyboard_synthetic_000-092-025,/root/autodl-tmp/tokenizer-eval/data/nsynth/nsynth-valid/audio/keyboard_synthetic_000-092-025.wav,577,keyboard_synthetic_000,4,keyboard,2,synthetic,92,25,16000,distortion|fast_decay|nonlinear_env|percussive
30.040588,20.509104,mallet_acoustic_062-049-100,mallet_acoustic_062-049-100,/root/autodl-tmp/tokenizer-eval/data/nsynth/nsynth-valid/audio/mallet_acoustic_062-049-100.wav,644,mallet_acoustic_062,5,mallet,0,acoustic,49,100,16000,dark|multiphonic
-56.931854,-24.34657,vocal_synthetic_003-088-127,vocal_synthetic_003-088-127,/root/autodl-tmp/tokenizer-eval/data/nsynth/nsynth-valid/audio/vocal_synthetic_003-088-127.wav,37,vocal_synthetic_003,10,vocal,2,synthetic,88,127,16000,bright|distortion|long_release|nonlinear_env
-35.38255,18.33193,flute_synthetic_000-062-127,flute_synthetic_000-062-127,/root/autodl-tmp/tokenizer-eval/data/nsynth/nsynth-valid/audio/flute_synthetic_000-062-127.wav,82,flute_synthetic_000,2,flute,2,synthetic,62,127,16000,distortion
2.6625338,27.183466,keyboard_acoustic_004-047-075,keyboard_acoustic_004-047-075,/root/autodl-tmp/tokenizer-eval/data/nsynth/nsynth-valid/audio/keyboard_acoustic_004-047-075.wav,327,keyboard_acoustic_004,4,keyboard,0,acoustic,47,75,16000,reverb
3.281663,-46.19638,bass_synthetic_033-090-127,bass_synthetic_033-090-127,/root/autodl-tmp/tokenizer-eval/data/nsynth/nsynth-valid/audio/bass_synthetic_033-090-127.wav,417,bass_synthetic_033,0,bass,2,synthetic,90,127,16000,
-26.725662,-4.2192307,flute_acoustic_002-070-127,flute_acoustic_002-070-127,/root/autodl-tmp/tokenizer-eval/data/nsynth/nsynth-valid/audio/flute_acoustic_002-070-127.wav,86,flute_acoustic_002,2,flute,0,acoustic,70,127,16000,long_release|reverb
8.826762,54.245415,string_acoustic_080-035-075,string_acoustic_080-035-075,/root/autodl-tmp/tokenizer-eval/data/nsynth/nsynth-valid/audio/string_acoustic_080-035-075.wav,675,string_acoustic_080,8,string,0,acoustic,35,75,16000,long_release|reverb
20.868105,-29.825098,keyboard_electronic_078-086-025,keyboard_electronic_078-086-025,/root/autodl-tmp/tokenizer-eval/data/nsynth/nsynth-valid/audio/keyboard_electronic_078-086-025.wav,838,keyboard_electronic_078,4,keyboard,1,electronic,86,25,16000,
-54.17484,-32.704567,vocal_synthetic_003-093-127,vocal_synthetic_003-093-127,/root/autodl-tmp/tokenizer-eval/data/nsynth/nsynth-valid/audio/vocal_synthetic_003-093-127.wav,37,vocal_synthetic_003,10,vocal,2,synthetic,93,127,16000,bright|distortion|long_release|nonlinear_env
-17.42273,34.75456,reed_acoustic_011-044-100,reed_acoustic_011-044-100,/root/autodl-tmp/tokenizer-eval/data/nsynth/nsynth-valid/audio/reed_acoustic_011-044-100.wav,104,reed_acoustic_011,7,reed,0,acoustic,44,100,16000,bright
-17.512913,-8.0562525,brass_acoustic_059-063-100,brass_acoustic_059-063-100,/root/autodl-tmp/tokenizer-eval/data/nsynth/nsynth-valid/audio/brass_acoustic_059-063-100.wav,572,brass_acoustic_059,1,brass,0,acoustic,63,100,16000,reverb
-16.762486,-35.38098,flute_synthetic_000-092-025,flute_synthetic_000-092-025,/root/autodl-tmp/tokenizer-eval/data/nsynth/nsynth-valid/audio/flute_synthetic_000-092-025.wav,82,flute_synthetic_000,2,flute,2,synthetic,92,25,16000,distortion
7.5644774,22.728971,guitar_electronic_022-053-025,guitar_electronic_022-053-025,/root/autodl-tmp/tokenizer-eval/data/nsynth/nsynth-valid/audio/guitar_electronic_022-053-025.wav,378,guitar_electronic_022,3,guitar,1,electronic,53,25,16000,dark
11.994602,-19.745865,bass_synthetic_068-076-050,bass_synthetic_068-076-050,/root/autodl-tmp/tokenizer-eval/data/nsynth/nsynth-valid/audio/bass_synthetic_068-076-050.wav,656,bass_synthetic_068,0,bass,2,synthetic,76,50,16000,
-17.46379,39.610596,reed_acoustic_037-046-127,reed_acoustic_037-046-127,/root/autodl-tmp/tokenizer-eval/data/nsynth/nsynth-valid/audio/reed_acoustic_037-046-127.wav,387,reed_acoustic_037,7,reed,0,acoustic,46,127,16000,reverb
9.283733,-17.918264,keyboard_electronic_002-075-025,keyboard_electronic_002-075-025,/root/autodl-tmp/tokenizer-eval/data/nsynth/nsynth-valid/audio/keyboard_electronic_002-075-025.wav,50,keyboard_electronic_002,4,keyboard,1,electronic,75,25,16000,
61.127846,-14.484937,mallet_acoustic_056-037-100,mallet_acoustic_056-037-100,/root/autodl-tmp/tokenizer-eval/data/nsynth/nsynth-valid/audio/mallet_acoustic_056-037-100.wav,590,mallet_acoustic_056,5,mallet,0,acoustic,37,100,16000,bright|fast_decay|percussive
60.308994,-9.126023,mallet_acoustic_056-069-100,mallet_acoustic_056-069-100,/root/autodl-tmp/tokenizer-eval/data/nsynth/nsynth-valid/audio/mallet_acoustic_056-069-100.wav,590,mallet_acoustic_056,5,mallet,0,acoustic,69,100,16000,fast_decay
-32.96724,-6.0240684,string_acoustic_057-071-127,string_acoustic_057-071-127,/root/autodl-tmp/tokenizer-eval/data/nsynth/nsynth-valid/audio/string_acoustic_057-071-127.wav,450,string_acoustic_057,8,string,0,acoustic,71,127,16000,bright|nonlinear_env|reverb
10.794419,27.682924,keyboard_electronic_003-051-127,keyboard_electronic_003-051-127,/root/autodl-tmp/tokenizer-eval/data/nsynth/nsynth-valid/audio/keyboard_electronic_003-051-127.wav,65,keyboard_electronic_003,4,keyboard,1,electronic,51,127,16000,
-21.347525,57.6904,reed_acoustic_011-035-075,reed_acoustic_011-035-075,/root/autodl-tmp/tokenizer-eval/data/nsynth/nsynth-valid/audio/reed_acoustic_011-035-075.wav,104,reed_acoustic_011,7,reed,0,acoustic,35,75,16000,
27.094559,12.375545,mallet_acoustic_062-056-127,mallet_acoustic_062-056-127,/root/autodl-tmp/tokenizer-eval/data/nsynth/nsynth-valid/audio/mallet_acoustic_062-056-127.wav,644,mallet_acoustic_062,5,mallet,0,acoustic,56,127,16000,dark|long_release|multiphonic
-13.805131,-32.04157,string_acoustic_057-080-075,string_acoustic_057-080-075,/root/autodl-tmp/tokenizer-eval/data/nsynth/nsynth-valid/audio/string_acoustic_057-080-075.wav,450,string_acoustic_057,8,string,0,acoustic,80,75,16000,bright|nonlinear_env|reverb
19.839304,-0.16603304,bass_synthetic_033-064-050,bass_synthetic_033-064-050,/root/autodl-tmp/tokenizer-eval/data/nsynth/nsynth-valid/audio/bass_synthetic_033-064-050.wav,417,bass_synthetic_033,0,bass,2,synthetic,64,50,16000,
-34.86197,48.34488,vocal_synthetic_003-037-127,vocal_synthetic_003-037-127,/root/autodl-tmp/tokenizer-eval/data/nsynth/nsynth-valid/audio/vocal_synthetic_003-037-127.wav,37,vocal_synthetic_003,10,vocal,2,synthetic,37,127,16000,bright|distortion|long_release|nonlinear_env
54.78756,-14.154163,bass_synthetic_134-084-025,bass_synthetic_134-084-025,/root/autodl-tmp/tokenizer-eval/data/nsynth/nsynth-valid/audio/bass_synthetic_134-084-025.wav,914,bass_synthetic_134,0,bass,2,synthetic,84,25,16000,fast_decay|percussive|reverb
36.414875,4.957461,string_acoustic_014-060-050,string_acoustic_014-060-050,/root/autodl-tmp/tokenizer-eval/data/nsynth/nsynth-valid/audio/string_acoustic_014-060-050.wav,100,string_acoustic_014,8,string,0,acoustic,60,50,16000,dark|reverb
22.72106,40.976776,guitar_electronic_028-040-050,guitar_electronic_028-040-050,/root/autodl-tmp/tokenizer-eval/data/nsynth/nsynth-valid/audio/guitar_electronic_028-040-050.wav,510,guitar_electronic_028,3,guitar,1,electronic,40,50,16000,dark
-20.451845,42.798138,reed_acoustic_037-040-050,reed_acoustic_037-040-050,/root/autodl-tmp/tokenizer-eval/data/nsynth/nsynth-valid/audio/reed_acoustic_037-040-050.wav,387,reed_acoustic_037,7,reed,0,acoustic,40,50,16000,reverb
27.324776,-52.763443,keyboard_synthetic_000-090-050,keyboard_synthetic_000-090-050,/root/autodl-tmp/tokenizer-eval/data/nsynth/nsynth-valid/audio/keyboard_synthetic_000-090-050.wav,577,keyboard_synthetic_000,4,keyboard,2,synthetic,90,50,16000,bright|distortion|fast_decay|nonlinear_env
-11.804034,18.840002,organ_electronic_057-044-025,organ_electronic_057-044-025,/root/autodl-tmp/tokenizer-eval/data/nsynth/nsynth-valid/audio/organ_electronic_057-044-025.wav,701,organ_electronic_057,6,organ,1,electronic,44,25,16000,dark
30.455097,37.31176,bass_synthetic_135-035-127,bass_synthetic_135-035-127,/root/autodl-tmp/tokenizer-eval/data/nsynth/nsynth-valid/audio/bass_synthetic_135-035-127.wav,927,bass_synthetic_135,0,bass,2,synthetic,35,127,16000,distortion
-26.742125,10.111672,flute_synthetic_000-071-025,flute_synthetic_000-071-025,/root/autodl-tmp/tokenizer-eval/data/nsynth/nsynth-valid/audio/flute_synthetic_000-071-025.wav,82,flute_synthetic_000,2,flute,2,synthetic,71,25,16000,distortion
25.66102,36.01082,bass_electronic_027-038-075,bass_electronic_027-038-075,/root/autodl-tmp/tokenizer-eval/data/nsynth/nsynth-valid/audio/bass_electronic_027-038-075.wav,880,bass_electronic_027,0,bass,1,electronic,38,75,16000,
17.049028,-15.698066,keyboard_electronic_003-078-100,keyboard_electronic_003-078-100,/root/autodl-tmp/tokenizer-eval/data/nsynth/nsynth-valid/audio/keyboard_electronic_003-078-100.wav,65,keyboard_electronic_003,4,keyboard,1,electronic,78,100,16000,
27.175896,2.7245517,mallet_acoustic_062-059-050,mallet_acoustic_062-059-050,/root/autodl-tmp/tokenizer-eval/data/nsynth/nsynth-valid/audio/mallet_acoustic_062-059-050.wav,644,mallet_acoustic_062,5,mallet,0,acoustic,59,50,16000,dark|fast_decay|multiphonic
5.2816863,62.64268,flute_synthetic_000-039-050,flute_synthetic_000-039-050,/root/autodl-tmp/tokenizer-eval/data/nsynth/nsynth-valid/audio/flute_synthetic_000-039-050.wav,82,flute_synthetic_000,2,flute,2,synthetic,39,50,16000,distortion
32.700737,-60.90788,reed_acoustic_023-077-050,reed_acoustic_023-077-050,/root/autodl-tmp/tokenizer-eval/data/nsynth/nsynth-valid/audio/reed_acoustic_023-077-050.wav,224,reed_acoustic_023,7,reed,0,acoustic,77,50,16000,bright|fast_decay|multiphonic|nonlinear_env
-35.228497,-34.35549,brass_acoustic_016-088-075,brass_acoustic_016-088-075,/root/autodl-tmp/tokenizer-eval/data/nsynth/nsynth-valid/audio/brass_acoustic_016-088-075.wav,128,brass_acoustic_016,1,brass,0,acoustic,88,75,16000,
2.4532604,-48.188267,bass_synthetic_033-093-127,bass_synthetic_033-093-127,/root/autodl-tmp/tokenizer-eval/data/nsynth/nsynth-valid/audio/bass_synthetic_033-093-127.wav,417,bass_synthetic_033,0,bass,2,synthetic,93,127,16000,
19.999353,-32.531075,mallet_acoustic_056-086-025,mallet_acoustic_056-086-025,/root/autodl-tmp/tokenizer-eval/data/nsynth/nsynth-valid/audio/mallet_acoustic_056-086-025.wav,590,mallet_acoustic_056,5,mallet,0,acoustic,86,25,16000,fast_decay
0.83445793,-46.59305,guitar_acoustic_010-092-050,guitar_acoustic_010-092-050,/root/autodl-tmp/tokenizer-eval/data/nsynth/nsynth-valid/audio/guitar_acoustic_010-092-050.wav,219,guitar_acoustic_010,3,guitar,0,acoustic,92,50,16000,
-24.968332,1.7555145,reed_acoustic_037-069-050,reed_acoustic_037-069-050,/root/autodl-tmp/tokenizer-eval/data/nsynth/nsynth-valid/audio/reed_acoustic_037-069-050.wav,387,reed_acoustic_037,7,reed,0,acoustic,69,50,16000,reverb
-24.680676,-27.218721,reed_acoustic_018-084-100,reed_acoustic_018-084-100,/root/autodl-tmp/tokenizer-eval/data/nsynth/nsynth-valid/audio/reed_acoustic_018-084-100.wav,183,reed_acoustic_018,7,reed,0,acoustic,84,100,16000,
41.178158,10.703354,keyboard_acoustic_004-077-050,keyboard_acoustic_004-077-050,/root/autodl-tmp/tokenizer-eval/data/nsynth/nsynth-valid/audio/keyboard_acoustic_004-077-050.wav,327,keyboard_acoustic_004,4,keyboard,0,acoustic,77,50,16000,dark|reverb
1.9060651,22.258368,brass_acoustic_059-044-025,brass_acoustic_059-044-025,/root/autodl-tmp/tokenizer-eval/data/nsynth/nsynth-valid/audio/brass_acoustic_059-044-025.wav,572,brass_acoustic_059,1,brass,0,acoustic,44,25,16000,dark|reverb
2.8006976,-37.00846,flute_acoustic_002-088-025,flute_acoustic_002-088-025,/root/autodl-tmp/tokenizer-eval/data/nsynth/nsynth-valid/audio/flute_acoustic_002-088-025.wav,86,flute_acoustic_002,2,flute,0,acoustic,88,25,16000,reverb
-28.90128,-12.652138,brass_acoustic_006-060-050,brass_acoustic_006-060-050,/root/autodl-tmp/tokenizer-eval/data/nsynth/nsynth-valid/audio/brass_acoustic_006-060-050.wav,43,brass_acoustic_006,1,brass,0,acoustic,60,50,16000,reverb
-18.128927,-39.61726,organ_electronic_057-082-127,organ_electronic_057-082-127,/root/autodl-tmp/tokenizer-eval/data/nsynth/nsynth-valid/audio/organ_electronic_057-082-127.wav,701,organ_electronic_057,6,organ,1,electronic,82,127,16000,
-16.355501,56.108833,keyboard_electronic_078-038-100,keyboard_electronic_078-038-100,/root/autodl-tmp/tokenizer-eval/data/nsynth/nsynth-valid/audio/keyboard_electronic_078-038-100.wav,838,keyboard_electronic_078,4,keyboard,1,electronic,38,100,16000,bright
33.89213,16.19156,mallet_acoustic_062-052-025,mallet_acoustic_062-052-025,/root/autodl-tmp/tokenizer-eval/data/nsynth/nsynth-valid/audio/mallet_acoustic_062-052-025.wav,644,mallet_acoustic_062,5,mallet,0,acoustic,52,25,16000,dark|fast_decay|multiphonic
-18.67742,60.93984,bass_synthetic_009-031-075,bass_synthetic_009-031-075,/root/autodl-tmp/tokenizer-eval/data/nsynth/nsynth-valid/audio/bass_synthetic_009-031-075.wav,150,bass_synthetic_009,0,bass,2,synthetic,31,75,16000,bright|distortion|long_release
-21.776533,45.982548,reed_acoustic_037-034-100,reed_acoustic_037-034-100,/root/autodl-tmp/tokenizer-eval/data/nsynth/nsynth-valid/audio/reed_acoustic_037-034-100.wav,387,reed_acoustic_037,7,reed,0,acoustic,34,100,16000,reverb
-27.523975,24.515541,flute_synthetic_000-055-127,flute_synthetic_000-055-127,/root/autodl-tmp/tokenizer-eval/data/nsynth/nsynth-valid/audio/flute_synthetic_000-055-127.wav,82,flute_synthetic_000,2,flute,2,synthetic,55,127,16000,distortion
3.6804543,-50.223003,mallet_acoustic_062-093-100,mallet_acoustic_062-093-100,/root/autodl-tmp/tokenizer-eval/data/nsynth/nsynth-valid/audio/mallet_acoustic_062-093-100.wav,644,mallet_acoustic_062,5,mallet,0,acoustic,93,100,16000,multiphonic
29.963615,-2.4559667,bass_electronic_018-063-100,bass_electronic_018-063-100,/root/autodl-tmp/tokenizer-eval/data/nsynth/nsynth-valid/audio/bass_electronic_018-063-100.wav,759,bass_electronic_018,0,bass,1,electronic,63,100,16000,fast_decay
19.297735,-26.201067,keyboard_electronic_098-084-075,keyboard_electronic_098-084-075,/root/autodl-tmp/tokenizer-eval/data/nsynth/nsynth-valid/audio/keyboard_electronic_098-084-075.wav,905,keyboard_electronic_098,4,keyboard,1,electronic,84,75,16000,fast_decay
-26.741278,-28.021744,brass_acoustic_006-084-025,brass_acoustic_006-084-025,/root/autodl-tmp/tokenizer-eval/data/nsynth/nsynth-valid/audio/brass_acoustic_006-084-025.wav,43,brass_acoustic_006,1,brass,0,acoustic,84,25,16000,reverb
35.29378,-25.08289,mallet_acoustic_062-092-050,mallet_acoustic_062-092-050,/root/autodl-tmp/tokenizer-eval/data/nsynth/nsynth-valid/audio/mallet_acoustic_062-092-050.wav,644,mallet_acoustic_062,5,mallet,0,acoustic,92,50,16000,fast_decay|multiphonic
1.7532529,-22.208878,bass_synthetic_033-077-127,bass_synthetic_033-077-127,/root/autodl-tmp/tokenizer-eval/data/nsynth/nsynth-valid/audio/bass_synthetic_033-077-127.wav,417,bass_synthetic_033,0,bass,2,synthetic,77,127,16000,
-52.64009,-16.985523,vocal_synthetic_003-076-050,vocal_synthetic_003-076-050,/root/autodl-tmp/tokenizer-eval/data/nsynth/nsynth-valid/audio/vocal_synthetic_003-076-050.wav,37,vocal_synthetic_003,10,vocal,2,synthetic,76,50,16000,bright|distortion|long_release|nonlinear_env
-6.2124248,-30.686855,reed_acoustic_018-080-050,reed_acoustic_018-080-050,/root/autodl-tmp/tokenizer-eval/data/nsynth/nsynth-valid/audio/reed_acoustic_018-080-050.wav,183,reed_acoustic_018,7,reed,0,acoustic,80,50,16000,
34.466408,-59.506325,reed_acoustic_023-073-025,reed_acoustic_023-073-025,/root/autodl-tmp/tokenizer-eval/data/nsynth/nsynth-valid/audio/reed_acoustic_023-073-025.wav,224,reed_acoustic_023,7,reed,0,acoustic,73,25,16000,bright|fast_decay|multiphonic|nonlinear_env
-59.042603,-23.730291,vocal_synthetic_003-089-075,vocal_synthetic_003-089-075,/root/autodl-tmp/tokenizer-eval/data/nsynth/nsynth-valid/audio/vocal_synthetic_003-089-075.wav,37,vocal_synthetic_003,10,vocal,2,synthetic,89,75,16000,long_release|nonlinear_env
21.306517,12.74634,bass_electronic_018-046-127,bass_electronic_018-046-127,/root/autodl-tmp/tokenizer-eval/data/nsynth/nsynth-valid/audio/bass_electronic_018-046-127.wav,759,bass_electronic_018,0,bass,1,electronic,46,127,16000,
-0.20883276,-30.250069,guitar_electronic_022-080-025,guitar_electronic_022-080-025,/root/autodl-tmp/tokenizer-eval/data/nsynth/nsynth-valid/audio/guitar_electronic_022-080-025.wav,378,guitar_electronic_022,3,guitar,1,electronic,80,25,16000,
-23.837345,1.0808817,flute_acoustic_002-069-100,flute_acoustic_002-069-100,/root/autodl-tmp/tokenizer-eval/data/nsynth/nsynth-valid/audio/flute_acoustic_002-069-100.wav,86,flute_acoustic_002,2,flute,0,acoustic,69,100,16000,long_release|reverb
-30.590605,-31.195238,string_acoustic_057-086-050,string_acoustic_057-086-050,/root/autodl-tmp/tokenizer-eval/data/nsynth/nsynth-valid/audio/string_acoustic_057-086-050.wav,450,string_acoustic_057,8,string,0,acoustic,86,50,16000,bright|nonlinear_env|reverb
34.332294,-12.669758,string_acoustic_056-072-127,string_acoustic_056-072-127,/root/autodl-tmp/tokenizer-eval/data/nsynth/nsynth-valid/audio/string_acoustic_056-072-127.wav,436,string_acoustic_056,8,string,0,acoustic,72,127,16000,fast_decay|percussive|reverb
26.025745,-61.031086,reed_acoustic_023-091-050,reed_acoustic_023-091-050,/root/autodl-tmp/tokenizer-eval/data/nsynth/nsynth-valid/audio/reed_acoustic_023-091-050.wav,224,reed_acoustic_023,7,reed,0,acoustic,91,50,16000,fast_decay|multiphonic|nonlinear_env
78.77284,11.633645,bass_synthetic_098-084-127,bass_synthetic_098-084-127,/root/autodl-tmp/tokenizer-eval/data/nsynth/nsynth-valid/audio/bass_synthetic_098-084-127.wav,803,bass_synthetic_098,0,bass,2,synthetic,84,127,16000,
-31.172604,-30.530977,brass_acoustic_006-086-100,brass_acoustic_006-086-100,/root/autodl-tmp/tokenizer-eval/data/nsynth/nsynth-valid/audio/brass_acoustic_006-086-100.wav,43,brass_acoustic_006,1,brass,0,acoustic,86,100,16000,reverb
-21.317667,-38.830284,organ_electronic_104-076-127,organ_electronic_104-076-127,/root/autodl-tmp/tokenizer-eval/data/nsynth/nsynth-valid/audio/organ_electronic_104-076-127.wav,921,organ_electronic_104,6,organ,1,electronic,76,127,16000,
7.272691,23.066298,keyboard_electronic_001-053-100,keyboard_electronic_001-053-100,/root/autodl-tmp/tokenizer-eval/data/nsynth/nsynth-valid/audio/keyboard_electronic_001-053-100.wav,40,keyboard_electronic_001,4,keyboard,1,electronic,53,100,16000,
-26.282175,-42.111526,string_acoustic_057-090-075,string_acoustic_057-090-075,/root/autodl-tmp/tokenizer-eval/data/nsynth/nsynth-valid/audio/string_acoustic_057-090-075.wav,450,string_acoustic_057,8,string,0,acoustic,90,75,16000,nonlinear_env|reverb
-46.897194,-15.294625,vocal_synthetic_003-072-100,vocal_synthetic_003-072-100,/root/autodl-tmp/tokenizer-eval/data/nsynth/nsynth-valid/audio/vocal_synthetic_003-072-100.wav,37,vocal_synthetic_003,10,vocal,2,synthetic,72,100,16000,bright|distortion|long_release|nonlinear_env
29.445467,-62.9529,reed_acoustic_023-088-025,reed_acoustic_023-088-025,/root/autodl-tmp/tokenizer-eval/data/nsynth/nsynth-valid/audio/reed_acoustic_023-088-025.wav,224,reed_acoustic_023,7,reed,0,acoustic,88,25,16000,fast_decay|multiphonic|nonlinear_env
32.179913,-18.082787,guitar_acoustic_015-086-025,guitar_acoustic_015-086-025,/root/autodl-tmp/tokenizer-eval/data/nsynth/nsynth-valid/audio/guitar_acoustic_015-086-025.wav,316,guitar_acoustic_015,3,guitar,0,acoustic,86,25,16000,fast_decay|percussive|reverb
35.412743,0.3205698,string_acoustic_056-041-075,string_acoustic_056-041-075,/root/autodl-tmp/tokenizer-eval/data/nsynth/nsynth-valid/audio/string_acoustic_056-041-075.wav,436,string_acoustic_056,8,string,0,acoustic,41,75,16000,fast_decay|percussive|reverb
-40.482014,38.21767,vocal_synthetic_003-052-025,vocal_synthetic_003-052-025,/root/autodl-tmp/tokenizer-eval/data/nsynth/nsynth-valid/audio/vocal_synthetic_003-052-025.wav,37,vocal_synthetic_003,10,vocal,2,synthetic,52,25,16000,distortion|long_release|nonlinear_env
-8.0989275,1.8615597,organ_electronic_001-077-127,organ_electronic_001-077-127,/root/autodl-tmp/tokenizer-eval/data/nsynth/nsynth-valid/audio/organ_electronic_001-077-127.wav,8,organ_electronic_001,6,organ,1,electronic,77,127,16000,
-57.088886,-18.164524,vocal_synthetic_003-078-050,vocal_synthetic_003-078-050,/root/autodl-tmp/tokenizer-eval/data/nsynth/nsynth-valid/audio/vocal_synthetic_003-078-050.wav,37,vocal_synthetic_003,10,vocal,2,synthetic,78,50,16000,bright|distortion|long_release|nonlinear_env
14.752566,15.167745,keyboard_electronic_098-055-100,keyboard_electronic_098-055-100,/root/autodl-tmp/tokenizer-eval/data/nsynth/nsynth-valid/audio/keyboard_electronic_098-055-100.wav,905,keyboard_electronic_098,4,keyboard,1,electronic,55,100,16000,dark
13.219344,-19.714792,guitar_acoustic_015-076-100,guitar_acoustic_015-076-100,/root/autodl-tmp/tokenizer-eval/data/nsynth/nsynth-valid/audio/guitar_acoustic_015-076-100.wav,316,guitar_acoustic_015,3,guitar,0,acoustic,76,100,16000,fast_decay|reverb
1.7459484,-16.934288,mallet_acoustic_062-073-127,mallet_acoustic_062-073-127,/root/autodl-tmp/tokenizer-eval/data/nsynth/nsynth-valid/audio/mallet_acoustic_062-073-127.wav,644,mallet_acoustic_062,5,mallet,0,acoustic,73,127,16000,dark|multiphonic
-13.095345,-13.91788,reed_acoustic_037-063-025,reed_acoustic_037-063-025,/root/autodl-tmp/tokenizer-eval/data/nsynth/nsynth-valid/audio/reed_acoustic_037-063-025.wav,387,reed_acoustic_037,7,reed,0,acoustic,63,25,16000,reverb
-32.453632,10.569207,vocal_acoustic_000-051-075,vocal_acoustic_000-051-075,/root/autodl-tmp/tokenizer-eval/data/nsynth/nsynth-valid/audio/vocal_acoustic_000-051-075.wav,46,vocal_acoustic_000,10,vocal,0,acoustic,51,75,16000,reverb
-10.012715,47.177364,brass_acoustic_006-052-075,brass_acoustic_006-052-075,/root/autodl-tmp/tokenizer-eval/data/nsynth/nsynth-valid/audio/brass_acoustic_006-052-075.wav,43,brass_acoustic_006,1,brass,0,acoustic,52,75,16000,reverb
-9.91124,-14.846948,flute_synthetic_000-074-075,flute_synthetic_000-074-075,/root/autodl-tmp/tokenizer-eval/data/nsynth/nsynth-valid/audio/flute_synthetic_000-074-075.wav,82,flute_synthetic_000,2,flute,2,synthetic,74,75,16000,distortion
-14.02704,-20.383,reed_acoustic_011-076-025,reed_acoustic_011-076-025,/root/autodl-tmp/tokenizer-eval/data/nsynth/nsynth-valid/audio/reed_acoustic_011-076-025.wav,104,reed_acoustic_011,7,reed,0,acoustic,76,25,16000,
-52.734703,-17.26353,vocal_synthetic_003-076-025,vocal_synthetic_003-076-025,/root/autodl-tmp/tokenizer-eval/data/nsynth/nsynth-valid/audio/vocal_synthetic_003-076-025.wav,37,vocal_synthetic_003,10,vocal,2,synthetic,76,25,16000,bright|distortion|long_release|nonlinear_env
-27.275644,-16.874138,organ_electronic_028-072-127,organ_electronic_028-072-127,/root/autodl-tmp/tokenizer-eval/data/nsynth/nsynth-valid/audio/organ_electronic_028-072-127.wav,440,organ_electronic_028,6,organ,1,electronic,72,127,16000,dark
24.529247,-59.764133,reed_acoustic_023-094-127,reed_acoustic_023-094-127,/root/autodl-tmp/tokenizer-eval/data/nsynth/nsynth-valid/audio/reed_acoustic_023-094-127.wav,224,reed_acoustic_023,7,reed,0,acoustic,94,127,16000,fast_decay|multiphonic|nonlinear_env
-33.727757,-7.294047,string_acoustic_057-072-075,string_acoustic_057-072-075,/root/autodl-tmp/tokenizer-eval/data/nsynth/nsynth-valid/audio/string_acoustic_057-072-075.wav,450,string_acoustic_057,8,string,0,acoustic,72,75,16000,bright|nonlinear_env|reverb
33.600365,-26.130516,mallet_acoustic_062-079-025,mallet_acoustic_062-079-025,/root/autodl-tmp/tokenizer-eval/data/nsynth/nsynth-valid/audio/mallet_acoustic_062-079-025.wav,644,mallet_acoustic_062,5,mallet,0,acoustic,79,25,16000,fast_decay|multiphonic|percussive
78.32569,10.848763,bass_synthetic_098-076-127,bass_synthetic_098-076-127,/root/autodl-tmp/tokenizer-eval/data/nsynth/nsynth-valid/audio/bass_synthetic_098-076-127.wav,803,bass_synthetic_098,0,bass,2,synthetic,76,127,16000,
-6.8154283,-29.224834,organ_electronic_028-080-127,organ_electronic_028-080-127,/root/autodl-tmp/tokenizer-eval/data/nsynth/nsynth-valid/audio/organ_electronic_028-080-127.wav,440,organ_electronic_028,6,organ,1,electronic,80,127,16000,
-27.79089,-26.87371,string_acoustic_057-084-025,string_acoustic_057-084-025,/root/autodl-tmp/tokenizer-eval/data/nsynth/nsynth-valid/audio/string_acoustic_057-084-025.wav,450,string_acoustic_057,8,string,0,acoustic,84,25,16000,bright|nonlinear_env|reverb
-20.739761,-20.271204,organ_electronic_113-075-075,organ_electronic_113-075-075,/root/autodl-tmp/tokenizer-eval/data/nsynth/nsynth-valid/audio/organ_electronic_113-075-075.wav,958,organ_electronic_113,6,organ,1,electronic,75,75,16000,
-21.87938,-45.630478,string_acoustic_057-093-127,string_acoustic_057-093-127,/root/autodl-tmp/tokenizer-eval/data/nsynth/nsynth-valid/audio/string_acoustic_057-093-127.wav,450,string_acoustic_057,8,string,0,acoustic,93,127,16000,nonlinear_env|reverb
79.46793,10.634327,bass_synthetic_098-093-100,bass_synthetic_098-093-100,/root/autodl-tmp/tokenizer-eval/data/nsynth/nsynth-valid/audio/bass_synthetic_098-093-100.wav,803,bass_synthetic_098,0,bass,2,synthetic,93,100,16000,
30.80174,-18.56288,guitar_acoustic_015-084-025,guitar_acoustic_015-084-025,/root/autodl-tmp/tokenizer-eval/data/nsynth/nsynth-valid/audio/guitar_acoustic_015-084-025.wav,316,guitar_acoustic_015,3,guitar,0,acoustic,84,25,16000,fast_decay|percussive|reverb
-2.514175,-44.279667,flute_acoustic_002-091-025,flute_acoustic_002-091-025,/root/autodl-tmp/tokenizer-eval/data/nsynth/nsynth-valid/audio/flute_acoustic_002-091-025.wav,86,flute_acoustic_002,2,flute,0,acoustic,91,25,16000,long_release|reverb
-14.478059,4.2049913,brass_acoustic_046-058-050,brass_acoustic_046-058-050,/root/autodl-tmp/tokenizer-eval/data/nsynth/nsynth-valid/audio/brass_acoustic_046-058-050.wav,414,brass_acoustic_046,1,brass,0,acoustic,58,50,16000,
41.725853,-59.066704,reed_acoustic_023-052-050,reed_acoustic_023-052-050,/root/autodl-tmp/tokenizer-eval/data/nsynth/nsynth-valid/audio/reed_acoustic_023-052-050.wav,224,reed_acoustic_023,7,reed,0,acoustic,52,50,16000,bright|fast_decay|multiphonic|nonlinear_env
76.79657,7.1298766,bass_synthetic_098-065-025,bass_synthetic_098-065-025,/root/autodl-tmp/tokenizer-eval/data/nsynth/nsynth-valid/audio/bass_synthetic_098-065-025.wav,803,bass_synthetic_098,0,bass,2,synthetic,65,25,16000,
-60.65588,-21.973278,vocal_synthetic_003-090-127,vocal_synthetic_003-090-127,/root/autodl-tmp/tokenizer-eval/data/nsynth/nsynth-valid/audio/vocal_synthetic_003-090-127.wav,37,vocal_synthetic_003,10,vocal,2,synthetic,90,127,16000,bright|distortion|long_release|nonlinear_env
3.9052668,35.164997,string_acoustic_071-049-127,string_acoustic_071-049-127,/root/autodl-tmp/tokenizer-eval/data/nsynth/nsynth-valid/audio/string_acoustic_071-049-127.wav,609,string_acoustic_071,8,string,0,acoustic,49,127,16000,long_release|reverb
4.420892,18.182055,brass_acoustic_015-054-025,brass_acoustic_015-054-025,/root/autodl-tmp/tokenizer-eval/data/nsynth/nsynth-valid/audio/brass_acoustic_015-054-025.wav,121,brass_acoustic_015,1,brass,0,acoustic,54,25,16000,reverb
29.663992,19.18374,mallet_acoustic_062-050-100,mallet_acoustic_062-050-100,/root/autodl-tmp/tokenizer-eval/data/nsynth/nsynth-valid/audio/mallet_acoustic_062-050-100.wav,644,mallet_acoustic_062,5,mallet,0,acoustic,50,100,16000,dark|multiphonic
10.914772,-5.529884,guitar_acoustic_015-068-050,guitar_acoustic_015-068-050,/root/autodl-tmp/tokenizer-eval/data/nsynth/nsynth-valid/audio/guitar_acoustic_015-068-050.wav,316,guitar_acoustic_015,3,guitar,0,acoustic,68,50,16000,reverb
-33.71292,-20.174244,brass_acoustic_046-073-127,brass_acoustic_046-073-127,/root/autodl-tmp/tokenizer-eval/data/nsynth/nsynth-valid/audio/brass_acoustic_046-073-127.wav,414,brass_acoustic_046,1,brass,0,acoustic,73,127,16000,bright
55.937317,-14.612626,bass_synthetic_134-087-050,bass_synthetic_134-087-050,/root/autodl-tmp/tokenizer-eval/data/nsynth/nsynth-valid/audio/bass_synthetic_134-087-050.wav,914,bass_synthetic_134,0,bass,2,synthetic,87,50,16000,fast_decay|percussive|reverb
11.446009,-10.97976,mallet_acoustic_062-070-100,mallet_acoustic_062-070-100,/root/autodl-tmp/tokenizer-eval/data/nsynth/nsynth-valid/audio/mallet_acoustic_062-070-100.wav,644,mallet_acoustic_062,5,mallet,0,acoustic,70,100,16000,dark|multiphonic
3.8760993,32.083366,keyboard_electronic_001-048-100,keyboard_electronic_001-048-100,/root/autodl-tmp/tokenizer-eval/data/nsynth/nsynth-valid/audio/keyboard_electronic_001-048-100.wav,40,keyboard_electronic_001,4,keyboard,1,electronic,48,100,16000,
-6.743821,3.4767845,organ_electronic_057-066-100,organ_electronic_057-066-100,/root/autodl-tmp/tokenizer-eval/data/nsynth/nsynth-valid/audio/organ_electronic_057-066-100.wav,701,organ_electronic_057,6,organ,1,electronic,66,100,16000,
18.741428,8.911475,bass_electronic_025-049-127,bass_electronic_025-049-127,/root/autodl-tmp/tokenizer-eval/data/nsynth/nsynth-valid/audio/bass_electronic_025-049-127.wav,872,bass_electronic_025,0,bass,1,electronic,49,127,16000,
34.446217,-8.8960085,string_acoustic_056-070-127,string_acoustic_056-070-127,/root/autodl-tmp/tokenizer-eval/data/nsynth/nsynth-valid/audio/string_acoustic_056-070-127.wav,436,string_acoustic_056,8,string,0,acoustic,70,127,16000,fast_decay|percussive|reverb
21.635897,-28.53932,keyboard_electronic_001-085-127,keyboard_electronic_001-085-127,/root/autodl-tmp/tokenizer-eval/data/nsynth/nsynth-valid/audio/keyboard_electronic_001-085-127.wav,40,keyboard_electronic_001,4,keyboard,1,electronic,85,127,16000,percussive
9.909706,14.371108,keyboard_electronic_078-056-100,keyboard_electronic_078-056-100,/root/autodl-tmp/tokenizer-eval/data/nsynth/nsynth-valid/audio/keyboard_electronic_078-056-100.wav,838,keyboard_electronic_078,4,keyboard,1,electronic,56,100,16000,bright
0.9137834,-45.246674,guitar_acoustic_010-091-050,guitar_acoustic_010-091-050,/root/autodl-tmp/tokenizer-eval/data/nsynth/nsynth-valid/audio/guitar_acoustic_010-091-050.wav,219,guitar_acoustic_010,3,guitar,0,acoustic,91,50,16000,
36.74978,-13.918263,mallet_acoustic_047-077-025,mallet_acoustic_047-077-025,/root/autodl-tmp/tokenizer-eval/data/nsynth/nsynth-valid/audio/mallet_acoustic_047-077-025.wav,488,mallet_acoustic_047,5,mallet,0,acoustic,77,25,16000,fast_decay|percussive|reverb
1.362362,29.645723,guitar_acoustic_015-047-127,guitar_acoustic_015-047-127,/root/autodl-tmp/tokenizer-eval/data/nsynth/nsynth-valid/audio/guitar_acoustic_015-047-127.wav,316,guitar_acoustic_015,3,guitar,0,acoustic,47,127,16000,reverb
-26.93054,-35.775925,flute_synthetic_000-088-050,flute_synthetic_000-088-050,/root/autodl-tmp/tokenizer-eval/data/nsynth/nsynth-valid/audio/flute_synthetic_000-088-050.wav,82,flute_synthetic_000,2,flute,2,synthetic,88,50,16000,distortion
-16.792927,51.517086,brass_acoustic_006-034-050,brass_acoustic_006-034-050,/root/autodl-tmp/tokenizer-eval/data/nsynth/nsynth-valid/audio/brass_acoustic_006-034-050.wav,43,brass_acoustic_006,1,brass,0,acoustic,34,50,16000,reverb
13.439507,1.4950624,guitar_acoustic_014-065-050,guitar_acoustic_014-065-050,/root/autodl-tmp/tokenizer-eval/data/nsynth/nsynth-valid/audio/guitar_acoustic_014-065-050.wav,263,guitar_acoustic_014,3,guitar,0,acoustic,65,50,16000,
-0.007129799,19.02224,brass_acoustic_015-050-025,brass_acoustic_015-050-025,/root/autodl-tmp/tokenizer-eval/data/nsynth/nsynth-valid/audio/brass_acoustic_015-050-025.wav,121,brass_acoustic_015,1,brass,0,acoustic,50,25,16000,reverb
-37.10849,-28.542267,brass_acoustic_016-073-100,brass_acoustic_016-073-100,/root/autodl-tmp/tokenizer-eval/data/nsynth/nsynth-valid/audio/brass_acoustic_016-073-100.wav,128,brass_acoustic_016,1,brass,0,acoustic,73,100,16000,bright
11.815361,16.719933,guitar_acoustic_014-056-050,guitar_acoustic_014-056-050,/root/autodl-tmp/tokenizer-eval/data/nsynth/nsynth-valid/audio/guitar_acoustic_014-056-050.wav,263,guitar_acoustic_014,3,guitar,0,acoustic,56,50,16000,
5.649237,8.7792425,guitar_acoustic_014-060-025,guitar_acoustic_014-060-025,/root/autodl-tmp/tokenizer-eval/data/nsynth/nsynth-valid/audio/guitar_acoustic_014-060-025.wav,263,guitar_acoustic_014,3,guitar,0,acoustic,60,25,16000,
-59.02268,-33.03064,vocal_synthetic_003-082-050,vocal_synthetic_003-082-050,/root/autodl-tmp/tokenizer-eval/data/nsynth/nsynth-valid/audio/vocal_synthetic_003-082-050.wav,37,vocal_synthetic_003,10,vocal,2,synthetic,82,50,16000,bright|distortion|long_release|nonlinear_env
-30.454088,-31.351301,string_acoustic_057-086-025,string_acoustic_057-086-025,/root/autodl-tmp/tokenizer-eval/data/nsynth/nsynth-valid/audio/string_acoustic_057-086-025.wav,450,string_acoustic_057,8,string,0,acoustic,86,25,16000,bright|nonlinear_env|reverb
-4.2960896,-30.660763,brass_acoustic_046-079-025,brass_acoustic_046-079-025,/root/autodl-tmp/tokenizer-eval/data/nsynth/nsynth-valid/audio/brass_acoustic_046-079-025.wav,414,brass_acoustic_046,1,brass,0,acoustic,79,25,16000,
14.72831,9.799908,bass_synthetic_135-061-075,bass_synthetic_135-061-075,/root/autodl-tmp/tokenizer-eval/data/nsynth/nsynth-valid/audio/bass_synthetic_135-061-075.wav,927,bass_synthetic_135,0,bass,2,synthetic,61,75,16000,distortion
-10.462974,-27.762712,flute_synthetic_000-082-127,flute_synthetic_000-082-127,/root/autodl-tmp/tokenizer-eval/data/nsynth/nsynth-valid/audio/flute_synthetic_000-082-127.wav,82,flute_synthetic_000,2,flute,2,synthetic,82,127,16000,distortion
-54.370655,-12.11035,vocal_synthetic_003-065-025,vocal_synthetic_003-065-025,/root/autodl-tmp/tokenizer-eval/data/nsynth/nsynth-valid/audio/vocal_synthetic_003-065-025.wav,37,vocal_synthetic_003,10,vocal,2,synthetic,65,25,16000,bright|distortion|long_release|nonlinear_env
-20.122253,53.259026,brass_acoustic_059-038-075,brass_acoustic_059-038-075,/root/autodl-tmp/tokenizer-eval/data/nsynth/nsynth-valid/audio/brass_acoustic_059-038-075.wav,572,brass_acoustic_059,1,brass,0,acoustic,38,75,16000,bright|reverb
22.031244,28.342155,keyboard_acoustic_004-044-075,keyboard_acoustic_004-044-075,/root/autodl-tmp/tokenizer-eval/data/nsynth/nsynth-valid/audio/keyboard_acoustic_004-044-075.wav,327,keyboard_acoustic_004,4,keyboard,0,acoustic,44,75,16000,reverb
-16.660608,6.2349105,brass_acoustic_059-058-075,brass_acoustic_059-058-075,/root/autodl-tmp/tokenizer-eval/data/nsynth/nsynth-valid/audio/brass_acoustic_059-058-075.wav,572,brass_acoustic_059,1,brass,0,acoustic,58,75,16000,reverb
23.931604,6.6222806,mallet_acoustic_062-060-100,mallet_acoustic_062-060-100,/root/autodl-tmp/tokenizer-eval/data/nsynth/nsynth-valid/audio/mallet_acoustic_062-060-100.wav,644,mallet_acoustic_062,5,mallet,0,acoustic,60,100,16000,dark|multiphonic
34.348198,22.855661,mallet_acoustic_062-044-075,mallet_acoustic_062-044-075,/root/autodl-tmp/tokenizer-eval/data/nsynth/nsynth-valid/audio/mallet_acoustic_062-044-075.wav,644,mallet_acoustic_062,5,mallet,0,acoustic,44,75,16000,dark|multiphonic
-30.428205,6.5911045,vocal_acoustic_000-056-075,vocal_acoustic_000-056-075,/root/autodl-tmp/tokenizer-eval/data/nsynth/nsynth-valid/audio/vocal_acoustic_000-056-075.wav,46,vocal_acoustic_000,10,vocal,0,acoustic,56,75,16000,reverb
56.127617,-15.54798,bass_synthetic_134-091-100,bass_synthetic_134-091-100,/root/autodl-tmp/tokenizer-eval/data/nsynth/nsynth-valid/audio/bass_synthetic_134-091-100.wav,914,bass_synthetic_134,0,bass,2,synthetic,91,100,16000,fast_decay|percussive|reverb
2.5484898,-11.787675,guitar_electronic_028-072-100,guitar_electronic_028-072-100,/root/autodl-tmp/tokenizer-eval/data/nsynth/nsynth-valid/audio/guitar_electronic_028-072-100.wav,510,guitar_electronic_028,3,guitar,1,electronic,72,100,16000,
-7.152466,3.0402353,organ_electronic_057-065-100,organ_electronic_057-065-100,/root/autodl-tmp/tokenizer-eval/data/nsynth/nsynth-valid/audio/organ_electronic_057-065-100.wav,701,organ_electronic_057,6,organ,1,electronic,65,100,16000,
27.598427,-53.79251,keyboard_synthetic_000-089-100,keyboard_synthetic_000-089-100,/root/autodl-tmp/tokenizer-eval/data/nsynth/nsynth-valid/audio/keyboard_synthetic_000-089-100.wav,577,keyboard_synthetic_000,4,keyboard,2,synthetic,89,100,16000,bright|distortion|fast_decay|nonlinear_env
-12.018093,5.3049417,organ_electronic_007-052-127,organ_electronic_007-052-127,/root/autodl-tmp/tokenizer-eval/data/nsynth/nsynth-valid/audio/organ_electronic_007-052-127.wav,123,organ_electronic_007,6,organ,1,electronic,52,127,16000,distortion|long_release|nonlinear_env
26.481129,-60.141987,reed_acoustic_023-092-075,reed_acoustic_023-092-075,/root/autodl-tmp/tokenizer-eval/data/nsynth/nsynth-valid/audio/reed_acoustic_023-092-075.wav,224,reed_acoustic_023,7,reed,0,acoustic,92,75,16000,fast_decay|multiphonic|nonlinear_env
31.323153,17.75288,mallet_acoustic_062-051-050,mallet_acoustic_062-051-050,/root/autodl-tmp/tokenizer-eval/data/nsynth/nsynth-valid/audio/mallet_acoustic_062-051-050.wav,644,mallet_acoustic_062,5,mallet,0,acoustic,51,50,16000,dark|multiphonic
41.845356,7.4190545,keyboard_acoustic_004-088-050,keyboard_acoustic_004-088-050,/root/autodl-tmp/tokenizer-eval/data/nsynth/nsynth-valid/audio/keyboard_acoustic_004-088-050.wav,327,keyboard_acoustic_004,4,keyboard,0,acoustic,88,50,16000,dark|reverb
16.334692,4.9642296,guitar_acoustic_021-063-025,guitar_acoustic_021-063-025,/root/autodl-tmp/tokenizer-eval/data/nsynth/nsynth-valid/audio/guitar_acoustic_021-063-025.wav,457,guitar_acoustic_021,3,guitar,0,acoustic,63,25,16000,
21.39091,-1.7330776,bass_synthetic_033-082-025,bass_synthetic_033-082-025,/root/autodl-tmp/tokenizer-eval/data/nsynth/nsynth-valid/audio/bass_synthetic_033-082-025.wav,417,bass_synthetic_033,0,bass,2,synthetic,82,25,16000,
-24.135813,23.046625,string_acoustic_080-055-075,string_acoustic_080-055-075,/root/autodl-tmp/tokenizer-eval/data/nsynth/nsynth-valid/audio/string_acoustic_080-055-075.wav,675,string_acoustic_080,8,string,0,acoustic,55,75,16000,long_release|reverb
14.670487,21.72664,guitar_electronic_022-054-075,guitar_electronic_022-054-075,/root/autodl-tmp/tokenizer-eval/data/nsynth/nsynth-valid/audio/guitar_electronic_022-054-075.wav,378,guitar_electronic_022,3,guitar,1,electronic,54,75,16000,dark
9.283324,60.63079,flute_synthetic_000-034-050,flute_synthetic_000-034-050,/root/autodl-tmp/tokenizer-eval/data/nsynth/nsynth-valid/audio/flute_synthetic_000-034-050.wav,82,flute_synthetic_000,2,flute,2,synthetic,34,50,16000,distortion
6.037467,0.448539,keyboard_electronic_098-058-127,keyboard_electronic_098-058-127,/root/autodl-tmp/tokenizer-eval/data/nsynth/nsynth-valid/audio/keyboard_electronic_098-058-127.wav,905,keyboard_electronic_098,4,keyboard,1,electronic,58,127,16000,
4.8272424,-38.686012,bass_synthetic_135-088-100,bass_synthetic_135-088-100,/root/autodl-tmp/tokenizer-eval/data/nsynth/nsynth-valid/audio/bass_synthetic_135-088-100.wav,927,bass_synthetic_135,0,bass,2,synthetic,88,100,16000,distortion
-58.94774,-33.017597,vocal_synthetic_003-082-100,vocal_synthetic_003-082-100,/root/autodl-tmp/tokenizer-eval/data/nsynth/nsynth-valid/audio/vocal_synthetic_003-082-100.wav,37,vocal_synthetic_003,10,vocal,2,synthetic,82,100,16000,bright|distortion|long_release|nonlinear_env
4.9169664,47.735664,string_acoustic_071-044-025,string_acoustic_071-044-025,/root/autodl-tmp/tokenizer-eval/data/nsynth/nsynth-valid/audio/string_acoustic_071-044-025.wav,609,string_acoustic_071,8,string,0,acoustic,44,25,16000,long_release|reverb
37.92027,17.242283,string_acoustic_014-047-025,string_acoustic_014-047-025,/root/autodl-tmp/tokenizer-eval/data/nsynth/nsynth-valid/audio/string_acoustic_014-047-025.wav,100,string_acoustic_014,8,string,0,acoustic,47,25,16000,dark|fast_decay|reverb
19.432383,-0.78079337,bass_synthetic_033-067-075,bass_synthetic_033-067-075,/root/autodl-tmp/tokenizer-eval/data/nsynth/nsynth-valid/audio/bass_synthetic_033-067-075.wav,417,bass_synthetic_033,0,bass,2,synthetic,67,75,16000,
61.69108,-9.456982,mallet_acoustic_056-066-050,mallet_acoustic_056-066-050,/root/autodl-tmp/tokenizer-eval/data/nsynth/nsynth-valid/audio/mallet_acoustic_056-066-050.wav,590,mallet_acoustic_056,5,mallet,0,acoustic,66,50,16000,fast_decay|percussive
12.758691,7.4364743,guitar_acoustic_014-062-100,guitar_acoustic_014-062-100,/root/autodl-tmp/tokenizer-eval/data/nsynth/nsynth-valid/audio/guitar_acoustic_014-062-100.wav,263,guitar_acoustic_014,3,guitar,0,acoustic,62,100,16000,
0.50596076,2.249507,keyboard_electronic_069-057-127,keyboard_electronic_069-057-127,/root/autodl-tmp/tokenizer-eval/data/nsynth/nsynth-valid/audio/keyboard_electronic_069-057-127.wav,805,keyboard_electronic_069,4,keyboard,1,electronic,57,127,16000,distortion
30.069105,27.842258,bass_synthetic_068-038-025,bass_synthetic_068-038-025,/root/autodl-tmp/tokenizer-eval/data/nsynth/nsynth-valid/audio/bass_synthetic_068-038-025.wav,656,bass_synthetic_068,0,bass,2,synthetic,38,25,16000,dark
20.299553,38.988987,keyboard_electronic_003-035-075,keyboard_electronic_003-035-075,/root/autodl-tmp/tokenizer-eval/data/nsynth/nsynth-valid/audio/keyboard_electronic_003-035-075.wav,65,keyboard_electronic_003,4,keyboard,1,electronic,35,75,16000,distortion
16.760384,-6.3825984,guitar_acoustic_021-066-075,guitar_acoustic_021-066-075,/root/autodl-tmp/tokenizer-eval/data/nsynth/nsynth-valid/audio/guitar_acoustic_021-066-075.wav,457,guitar_acoustic_021,3,guitar,0,acoustic,66,75,16000,
14.26404,51.11639,guitar_acoustic_021-032-050,guitar_acoustic_021-032-050,/root/autodl-tmp/tokenizer-eval/data/nsynth/nsynth-valid/audio/guitar_acoustic_021-032-050.wav,457,guitar_acoustic_021,3,guitar,0,acoustic,32,50,16000,
-32.914864,15.368888,flute_synthetic_000-065-127,flute_synthetic_000-065-127,/root/autodl-tmp/tokenizer-eval/data/nsynth/nsynth-valid/audio/flute_synthetic_000-065-127.wav,82,flute_synthetic_000,2,flute,2,synthetic,65,127,16000,distortion
-22.65986,57.717823,reed_acoustic_011-038-100,reed_acoustic_011-038-100,/root/autodl-tmp/tokenizer-eval/data/nsynth/nsynth-valid/audio/reed_acoustic_011-038-100.wav,104,reed_acoustic_011,7,reed,0,acoustic,38,100,16000,bright
-6.7802253,-31.664824,brass_acoustic_046-080-075,brass_acoustic_046-080-075,/root/autodl-tmp/tokenizer-eval/data/nsynth/nsynth-valid/audio/brass_acoustic_046-080-075.wav,414,brass_acoustic_046,1,brass,0,acoustic,80,75,16000,
38.105324,-11.849083,mallet_acoustic_047-089-100,mallet_acoustic_047-089-100,/root/autodl-tmp/tokenizer-eval/data/nsynth/nsynth-valid/audio/mallet_acoustic_047-089-100.wav,488,mallet_acoustic_047,5,mallet,0,acoustic,89,100,16000,fast_decay|percussive|reverb
-38.546646,47.89533,vocal_synthetic_003-043-050,vocal_synthetic_003-043-050,/root/autodl-tmp/tokenizer-eval/data/nsynth/nsynth-valid/audio/vocal_synthetic_003-043-050.wav,37,vocal_synthetic_003,10,vocal,2,synthetic,43,50,16000,distortion|long_release|nonlinear_env
-6.9518924,25.367231,organ_electronic_113-040-100,organ_electronic_113-040-100,/root/autodl-tmp/tokenizer-eval/data/nsynth/nsynth-valid/audio/organ_electronic_113-040-100.wav,958,organ_electronic_113,6,organ,1,electronic,40,100,16000,dark
-0.3272291,58.12799,flute_synthetic_000-045-050,flute_synthetic_000-045-050,/root/autodl-tmp/tokenizer-eval/data/nsynth/nsynth-valid/audio/flute_synthetic_000-045-050.wav,82,flute_synthetic_000,2,flute,2,synthetic,45,50,16000,distortion
-24.014917,-21.715878,flute_synthetic_000-086-127,flute_synthetic_000-086-127,/root/autodl-tmp/tokenizer-eval/data/nsynth/nsynth-valid/audio/flute_synthetic_000-086-127.wav,82,flute_synthetic_000,2,flute,2,synthetic,86,127,16000,distortion
19.812498,27.587091,guitar_acoustic_021-044-127,guitar_acoustic_021-044-127,/root/autodl-tmp/tokenizer-eval/data/nsynth/nsynth-valid/audio/guitar_acoustic_021-044-127.wav,457,guitar_acoustic_021,3,guitar,0,acoustic,44,127,16000,distortion
24.796198,20.621145,bass_electronic_027-051-050,bass_electronic_027-051-050,/root/autodl-tmp/tokenizer-eval/data/nsynth/nsynth-valid/audio/bass_electronic_027-051-050.wav,880,bass_electronic_027,0,bass,1,electronic,51,50,16000,
18.987074,-17.215395,keyboard_electronic_003-080-050,keyboard_electronic_003-080-050,/root/autodl-tmp/tokenizer-eval/data/nsynth/nsynth-valid/audio/keyboard_electronic_003-080-050.wav,65,keyboard_electronic_003,4,keyboard,1,electronic,80,50,16000,
-42.116447,-10.632454,bass_synthetic_009-070-075,bass_synthetic_009-070-075,/root/autodl-tmp/tokenizer-eval/data/nsynth/nsynth-valid/audio/bass_synthetic_009-070-075.wav,150,bass_synthetic_009,0,bass,2,synthetic,70,75,16000,bright|distortion|long_release
42.67588,0.59955126,mallet_acoustic_047-067-100,mallet_acoustic_047-067-100,/root/autodl-tmp/tokenizer-eval/data/nsynth/nsynth-valid/audio/mallet_acoustic_047-067-100.wav,488,mallet_acoustic_047,5,mallet,0,acoustic,67,100,16000,reverb
38.187885,-18.625984,mallet_acoustic_047-079-075,mallet_acoustic_047-079-075,/root/autodl-tmp/tokenizer-eval/data/nsynth/nsynth-valid/audio/mallet_acoustic_047-079-075.wav,488,mallet_acoustic_047,5,mallet,0,acoustic,79,75,16000,fast_decay|percussive|reverb
-38.973522,13.2160845,string_acoustic_080-052-100,string_acoustic_080-052-100,/root/autodl-tmp/tokenizer-eval/data/nsynth/nsynth-valid/audio/string_acoustic_080-052-100.wav,675,string_acoustic_080,8,string,0,acoustic,52,100,16000,reverb
36.883232,-61.601414,reed_acoustic_023-069-050,reed_acoustic_023-069-050,/root/autodl-tmp/tokenizer-eval/data/nsynth/nsynth-valid/audio/reed_acoustic_023-069-050.wav,224,reed_acoustic_023,7,reed,0,acoustic,69,50,16000,bright|fast_decay|multiphonic|nonlinear_env
-49.155827,-19.78036,vocal_synthetic_003-075-075,vocal_synthetic_003-075-075,/root/autodl-tmp/tokenizer-eval/data/nsynth/nsynth-valid/audio/vocal_synthetic_003-075-075.wav,37,vocal_synthetic_003,10,vocal,2,synthetic,75,75,16000,bright|distortion|long_release|nonlinear_env
3.6678584,29.591188,guitar_electronic_028-048-075,guitar_electronic_028-048-075,/root/autodl-tmp/tokenizer-eval/data/nsynth/nsynth-valid/audio/guitar_electronic_028-048-075.wav,510,guitar_electronic_028,3,guitar,1,electronic,48,75,16000,dark
25.572823,-61.84029,reed_acoustic_023-091-100,reed_acoustic_023-091-100,/root/autodl-tmp/tokenizer-eval/data/nsynth/nsynth-valid/audio/reed_acoustic_023-091-100.wav,224,reed_acoustic_023,7,reed,0,acoustic,91,100,16000,fast_decay|multiphonic|nonlinear_env
-16.914597,51.747513,brass_acoustic_006-033-050,brass_acoustic_006-033-050,/root/autodl-tmp/tokenizer-eval/data/nsynth/nsynth-valid/audio/brass_acoustic_006-033-050.wav,43,brass_acoustic_006,1,brass,0,acoustic,33,50,16000,reverb
-26.351015,-41.96953,string_acoustic_057-090-050,string_acoustic_057-090-050,/root/autodl-tmp/tokenizer-eval/data/nsynth/nsynth-valid/audio/string_acoustic_057-090-050.wav,450,string_acoustic_057,8,string,0,acoustic,90,50,16000,bright|nonlinear_env|reverb
16.688576,37.36472,keyboard_electronic_098-031-025,keyboard_electronic_098-031-025,/root/autodl-tmp/tokenizer-eval/data/nsynth/nsynth-valid/audio/keyboard_electronic_098-031-025.wav,905,keyboard_electronic_098,4,keyboard,1,electronic,31,25,16000,dark
11.455023,-10.93164,mallet_acoustic_062-070-075,mallet_acoustic_062-070-075,/root/autodl-tmp/tokenizer-eval/data/nsynth/nsynth-valid/audio/mallet_acoustic_062-070-075.wav,644,mallet_acoustic_062,5,mallet,0,acoustic,70,75,16000,dark|multiphonic
31.668388,-10.016171,string_acoustic_056-066-127,string_acoustic_056-066-127,/root/autodl-tmp/tokenizer-eval/data/nsynth/nsynth-valid/audio/string_acoustic_056-066-127.wav,436,string_acoustic_056,8,string,0,acoustic,66,127,16000,fast_decay|percussive|reverb
34.49735,19.65572,mallet_acoustic_062-047-050,mallet_acoustic_062-047-050,/root/autodl-tmp/tokenizer-eval/data/nsynth/nsynth-valid/audio/mallet_acoustic_062-047-050.wav,644,mallet_acoustic_062,5,mallet,0,acoustic,47,50,16000,dark|multiphonic
-37.890163,47.53962,vocal_synthetic_003-043-100,vocal_synthetic_003-043-100,/root/autodl-tmp/tokenizer-eval/data/nsynth/nsynth-valid/audio/vocal_synthetic_003-043-100.wav,37,vocal_synthetic_003,10,vocal,2,synthetic,43,100,16000,bright|distortion|long_release|nonlinear_env
39.798405,20.352701,mallet_acoustic_062-037-025,mallet_acoustic_062-037-025,/root/autodl-tmp/tokenizer-eval/data/nsynth/nsynth-valid/audio/mallet_acoustic_062-037-025.wav,644,mallet_acoustic_062,5,mallet,0,acoustic,37,25,16000,dark|fast_decay|multiphonic
-35.62295,1.4117378,string_acoustic_057-056-075,string_acoustic_057-056-075,/root/autodl-tmp/tokenizer-eval/data/nsynth/nsynth-valid/audio/string_acoustic_057-056-075.wav,450,string_acoustic_057,8,string,0,acoustic,56,75,16000,nonlinear_env|reverb
37.693428,-50.793873,keyboard_synthetic_000-038-050,keyboard_synthetic_000-038-050,/root/autodl-tmp/tokenizer-eval/data/nsynth/nsynth-valid/audio/keyboard_synthetic_000-038-050.wav,577,keyboard_synthetic_000,4,keyboard,2,synthetic,38,50,16000,distortion|fast_decay|nonlinear_env
76.927216,8.970447,bass_synthetic_098-058-075,bass_synthetic_098-058-075,/root/autodl-tmp/tokenizer-eval/data/nsynth/nsynth-valid/audio/bass_synthetic_098-058-075.wav,803,bass_synthetic_098,0,bass,2,synthetic,58,75,16000,
-20.109253,1.589597,flute_acoustic_002-067-075,flute_acoustic_002-067-075,/root/autodl-tmp/tokenizer-eval/data/nsynth/nsynth-valid/audio/flute_acoustic_002-067-075.wav,86,flute_acoustic_002,2,flute,0,acoustic,67,75,16000,long_release|reverb
39.54682,-61.781082,reed_acoustic_023-060-025,reed_acoustic_023-060-025,/root/autodl-tmp/tokenizer-eval/data/nsynth/nsynth-valid/audio/reed_acoustic_023-060-025.wav,224,reed_acoustic_023,7,reed,0,acoustic,60,25,16000,bright|fast_decay|multiphonic|nonlinear_env
36.37929,21.894901,mallet_acoustic_062-042-050,mallet_acoustic_062-042-050,/root/autodl-tmp/tokenizer-eval/data/nsynth/nsynth-valid/audio/mallet_acoustic_062-042-050.wav,644,mallet_acoustic_062,5,mallet,0,acoustic,42,50,16000,dark|multiphonic
29.63696,-62.65043,reed_acoustic_023-088-075,reed_acoustic_023-088-075,/root/autodl-tmp/tokenizer-eval/data/nsynth/nsynth-valid/audio/reed_acoustic_023-088-075.wav,224,reed_acoustic_023,7,reed,0,acoustic,88,75,16000,fast_decay|multiphonic|nonlinear_env
-20.457983,15.536562,reed_acoustic_037-055-025,reed_acoustic_037-055-025,/root/autodl-tmp/tokenizer-eval/data/nsynth/nsynth-valid/audio/reed_acoustic_037-055-025.wav,387,reed_acoustic_037,7,reed,0,acoustic,55,25,16000,reverb
-54.981106,-25.627502,vocal_synthetic_003-087-100,vocal_synthetic_003-087-100,/root/autodl-tmp/tokenizer-eval/data/nsynth/nsynth-valid/audio/vocal_synthetic_003-087-100.wav,37,vocal_synthetic_003,10,vocal,2,synthetic,87,100,16000,bright|distortion|long_release|nonlinear_env
3.1568706,49.774136,string_acoustic_071-040-025,string_acoustic_071-040-025,/root/autodl-tmp/tokenizer-eval/data/nsynth/nsynth-valid/audio/string_acoustic_071-040-025.wav,609,string_acoustic_071,8,string,0,acoustic,40,25,16000,long_release|reverb
-35.258865,-33.91829,brass_acoustic_016-087-127,brass_acoustic_016-087-127,/root/autodl-tmp/tokenizer-eval/data/nsynth/nsynth-valid/audio/brass_acoustic_016-087-127.wav,128,brass_acoustic_016,1,brass,0,acoustic,87,127,16000,
-32.91104,15.378945,flute_synthetic_000-065-100,flute_synthetic_000-065-100,/root/autodl-tmp/tokenizer-eval/data/nsynth/nsynth-valid/audio/flute_synthetic_000-065-100.wav,82,flute_synthetic_000,2,flute,2,synthetic,65,100,16000,distortion
3.850951,-14.381515,guitar_electronic_022-073-025,guitar_electronic_022-073-025,/root/autodl-tmp/tokenizer-eval/data/nsynth/nsynth-valid/audio/guitar_electronic_022-073-025.wav,378,guitar_electronic_022,3,guitar,1,electronic,73,25,16000,
-31.705877,-49.81011,bass_synthetic_009-088-127,bass_synthetic_009-088-127,/root/autodl-tmp/tokenizer-eval/data/nsynth/nsynth-valid/audio/bass_synthetic_009-088-127.wav,150,bass_synthetic_009,0,bass,2,synthetic,88,127,16000,long_release
-14.579104,-29.276009,brass_acoustic_006-079-100,brass_acoustic_006-079-100,/root/autodl-tmp/tokenizer-eval/data/nsynth/nsynth-valid/audio/brass_acoustic_006-079-100.wav,43,brass_acoustic_006,1,brass,0,acoustic,79,100,16000,reverb
61.578465,-15.623335,mallet_acoustic_056-046-127,mallet_acoustic_056-046-127,/root/autodl-tmp/tokenizer-eval/data/nsynth/nsynth-valid/audio/mallet_acoustic_056-046-127.wav,590,mallet_acoustic_056,5,mallet,0,acoustic,46,127,16000,bright|fast_decay|percussive
-20.995462,-43.25076,string_acoustic_057-096-050,string_acoustic_057-096-050,/root/autodl-tmp/tokenizer-eval/data/nsynth/nsynth-valid/audio/string_acoustic_057-096-050.wav,450,string_acoustic_057,8,string,0,acoustic,96,50,16000,bright|nonlinear_env|reverb
-31.37047,-0.7370615,string_acoustic_057-058-100,string_acoustic_057-058-100,/root/autodl-tmp/tokenizer-eval/data/nsynth/nsynth-valid/audio/string_acoustic_057-058-100.wav,450,string_acoustic_057,8,string,0,acoustic,58,100,16000,bright|nonlinear_env|reverb
35.04995,-24.090082,mallet_acoustic_062-092-025,mallet_acoustic_062-092-025,/root/autodl-tmp/tokenizer-eval/data/nsynth/nsynth-valid/audio/mallet_acoustic_062-092-025.wav,644,mallet_acoustic_062,5,mallet,0,acoustic,92,25,16000,fast_decay|multiphonic|percussive
-36.204155,50.37557,vocal_synthetic_003-039-100,vocal_synthetic_003-039-100,/root/autodl-tmp/tokenizer-eval/data/nsynth/nsynth-valid/audio/vocal_synthetic_003-039-100.wav,37,vocal_synthetic_003,10,vocal,2,synthetic,39,100,16000,bright|distortion|long_release|nonlinear_env
27.514368,-0.25542316,mallet_acoustic_062-064-025,mallet_acoustic_062-064-025,/root/autodl-tmp/tokenizer-eval/data/nsynth/nsynth-valid/audio/mallet_acoustic_062-064-025.wav,644,mallet_acoustic_062,5,mallet,0,acoustic,64,25,16000,dark|fast_decay|multiphonic
30.07758,27.446198,bass_synthetic_134-038-127,bass_synthetic_134-038-127,/root/autodl-tmp/tokenizer-eval/data/nsynth/nsynth-valid/audio/bass_synthetic_134-038-127.wav,914,bass_synthetic_134,0,bass,2,synthetic,38,127,16000,dark|fast_decay|reverb
38.895668,26.464169,mallet_acoustic_062-036-127,mallet_acoustic_062-036-127,/root/autodl-tmp/tokenizer-eval/data/nsynth/nsynth-valid/audio/mallet_acoustic_062-036-127.wav,644,mallet_acoustic_062,5,mallet,0,acoustic,36,127,16000,dark|long_release|multiphonic
-7.0413346,-37.849968,guitar_acoustic_010-082-075,guitar_acoustic_010-082-075,/root/autodl-tmp/tokenizer-eval/data/nsynth/nsynth-valid/audio/guitar_acoustic_010-082-075.wav,219,guitar_acoustic_010,3,guitar,0,acoustic,82,75,16000,
-50.64133,-3.1338603,vocal_synthetic_003-055-075,vocal_synthetic_003-055-075,/root/autodl-tmp/tokenizer-eval/data/nsynth/nsynth-valid/audio/vocal_synthetic_003-055-075.wav,37,vocal_synthetic_003,10,vocal,2,synthetic,55,75,16000,distortion|long_release|nonlinear_env
41.39986,-55.465557,reed_acoustic_023-044-025,reed_acoustic_023-044-025,/root/autodl-tmp/tokenizer-eval/data/nsynth/nsynth-valid/audio/reed_acoustic_023-044-025.wav,224,reed_acoustic_023,7,reed,0,acoustic,44,25,16000,bright|fast_decay|multiphonic|nonlinear_env
13.692884,17.047958,guitar_acoustic_014-055-025,guitar_acoustic_014-055-025,/root/autodl-tmp/tokenizer-eval/data/nsynth/nsynth-valid/audio/guitar_acoustic_014-055-025.wav,263,guitar_acoustic_014,3,guitar,0,acoustic,55,25,16000,
-20.423462,-35.691067,organ_electronic_104-079-025,organ_electronic_104-079-025,/root/autodl-tmp/tokenizer-eval/data/nsynth/nsynth-valid/audio/organ_electronic_104-079-025.wav,921,organ_electronic_104,6,organ,1,electronic,79,25,16000,
-88.89749,29.083004,brass_acoustic_046-091-075,brass_acoustic_046-091-075,/root/autodl-tmp/tokenizer-eval/data/nsynth/nsynth-valid/audio/brass_acoustic_046-091-075.wav,414,brass_acoustic_046,1,brass,0,acoustic,91,75,16000,long_release
7.0677004,-42.842293,mallet_acoustic_056-089-075,mallet_acoustic_056-089-075,/root/autodl-tmp/tokenizer-eval/data/nsynth/nsynth-valid/audio/mallet_acoustic_056-089-075.wav,590,mallet_acoustic_056,5,mallet,0,acoustic,89,75,16000,fast_decay
-29.659576,4.691237,vocal_acoustic_000-068-127,vocal_acoustic_000-068-127,/root/autodl-tmp/tokenizer-eval/data/nsynth/nsynth-valid/audio/vocal_acoustic_000-068-127.wav,46,vocal_acoustic_000,10,vocal,0,acoustic,68,127,16000,reverb
-0.007102543,19.02222,brass_acoustic_015-050-050,brass_acoustic_015-050-050,/root/autodl-tmp/tokenizer-eval/data/nsynth/nsynth-valid/audio/brass_acoustic_015-050-050.wav,121,brass_acoustic_015,1,brass,0,acoustic,50,50,16000,reverb
-32.05561,-46.868084,bass_synthetic_009-077-050,bass_synthetic_009-077-050,/root/autodl-tmp/tokenizer-eval/data/nsynth/nsynth-valid/audio/bass_synthetic_009-077-050.wav,150,bass_synthetic_009,0,bass,2,synthetic,77,50,16000,bright|distortion|long_release
12.997835,1.2195225,guitar_acoustic_010-065-050,guitar_acoustic_010-065-050,/root/autodl-tmp/tokenizer-eval/data/nsynth/nsynth-valid/audio/guitar_acoustic_010-065-050.wav,219,guitar_acoustic_010,3,guitar,0,acoustic,65,50,16000,
26.835957,-0.9209695,mallet_acoustic_062-065-050,mallet_acoustic_062-065-050,/root/autodl-tmp/tokenizer-eval/data/nsynth/nsynth-valid/audio/mallet_acoustic_062-065-050.wav,644,mallet_acoustic_062,5,mallet,0,acoustic,65,50,16000,dark|fast_decay|multiphonic
1.760723,-21.936634,bass_synthetic_033-077-100,bass_synthetic_033-077-100,/root/autodl-tmp/tokenizer-eval/data/nsynth/nsynth-valid/audio/bass_synthetic_033-077-100.wav,417,bass_synthetic_033,0,bass,2,synthetic,77,100,16000,
-24.058428,-44.100082,string_acoustic_057-092-075,string_acoustic_057-092-075,/root/autodl-tmp/tokenizer-eval/data/nsynth/nsynth-valid/audio/string_acoustic_057-092-075.wav,450,string_acoustic_057,8,string,0,acoustic,92,75,16000,nonlinear_env|reverb
28.667301,-26.597918,mallet_acoustic_062-082-050,mallet_acoustic_062-082-050,/root/autodl-tmp/tokenizer-eval/data/nsynth/nsynth-valid/audio/mallet_acoustic_062-082-050.wav,644,mallet_acoustic_062,5,mallet,0,acoustic,82,50,16000,fast_decay|multiphonic
-27.752407,2.6054523,brass_acoustic_015-068-025,brass_acoustic_015-068-025,/root/autodl-tmp/tokenizer-eval/data/nsynth/nsynth-valid/audio/brass_acoustic_015-068-025.wav,121,brass_acoustic_015,1,brass,0,acoustic,68,25,16000,reverb
-20.300266,51.83834,brass_acoustic_006-038-075,brass_acoustic_006-038-075,/root/autodl-tmp/tokenizer-eval/data/nsynth/nsynth-valid/audio/brass_acoustic_006-038-075.wav,43,brass_acoustic_006,1,brass,0,acoustic,38,75,16000,reverb
-17.752264,52.313942,brass_acoustic_006-032-025,brass_acoustic_006-032-025,/root/autodl-tmp/tokenizer-eval/data/nsynth/nsynth-valid/audio/brass_acoustic_006-032-025.wav,43,brass_acoustic_006,1,brass,0,acoustic,32,25,16000,long_release|reverb
-30.75396,22.58432,flute_synthetic_000-057-127,flute_synthetic_000-057-127,/root/autodl-tmp/tokenizer-eval/data/nsynth/nsynth-valid/audio/flute_synthetic_000-057-127.wav,82,flute_synthetic_000,2,flute,2,synthetic,57,127,16000,distortion
-40.471214,43.510757,vocal_synthetic_003-047-127,vocal_synthetic_003-047-127,/root/autodl-tmp/tokenizer-eval/data/nsynth/nsynth-valid/audio/vocal_synthetic_003-047-127.wav,37,vocal_synthetic_003,10,vocal,2,synthetic,47,127,16000,bright|distortion|long_release|nonlinear_env
16.216852,-17.844055,bass_synthetic_068-078-127,bass_synthetic_068-078-127,/root/autodl-tmp/tokenizer-eval/data/nsynth/nsynth-valid/audio/bass_synthetic_068-078-127.wav,656,bass_synthetic_068,0,bass,2,synthetic,78,127,16000,distortion|fast_decay
-57.081383,-18.152672,vocal_synthetic_003-078-075,vocal_synthetic_003-078-075,/root/autodl-tmp/tokenizer-eval/data/nsynth/nsynth-valid/audio/vocal_synthetic_003-078-075.wav,37,vocal_synthetic_003,10,vocal,2,synthetic,78,75,16000,bright|distortion|long_release|nonlinear_env
40.223774,-12.981724,mallet_acoustic_047-095-075,mallet_acoustic_047-095-075,/root/autodl-tmp/tokenizer-eval/data/nsynth/nsynth-valid/audio/mallet_acoustic_047-095-075.wav,488,mallet_acoustic_047,5,mallet,0,acoustic,95,75,16000,fast_decay|percussive|reverb
6.6117516,-38.58474,mallet_acoustic_062-076-127,mallet_acoustic_062-076-127,/root/autodl-tmp/tokenizer-eval/data/nsynth/nsynth-valid/audio/mallet_acoustic_062-076-127.wav,644,mallet_acoustic_062,5,mallet,0,acoustic,76,127,16000,dark|multiphonic
27.317438,39.671703,bass_electronic_018-034-025,bass_electronic_018-034-025,/root/autodl-tmp/tokenizer-eval/data/nsynth/nsynth-valid/audio/bass_electronic_018-034-025.wav,759,bass_electronic_018,0,bass,1,electronic,34,25,16000,
-18.237776,-14.802531,string_acoustic_057-075-127,string_acoustic_057-075-127,/root/autodl-tmp/tokenizer-eval/data/nsynth/nsynth-valid/audio/string_acoustic_057-075-127.wav,450,string_acoustic_057,8,string,0,acoustic,75,127,16000,bright|nonlinear_env|reverb
-36.71979,20.530918,flute_synthetic_000-061-025,flute_synthetic_000-061-025,/root/autodl-tmp/tokenizer-eval/data/nsynth/nsynth-valid/audio/flute_synthetic_000-061-025.wav,82,flute_synthetic_000,2,flute,2,synthetic,61,25,16000,distortion
-5.0829115,38.71066,brass_acoustic_006-050-050,brass_acoustic_006-050-050,/root/autodl-tmp/tokenizer-eval/data/nsynth/nsynth-valid/audio/brass_acoustic_006-050-050.wav,43,brass_acoustic_006,1,brass,0,acoustic,50,50,16000,reverb
-49.369007,-19.609404,vocal_synthetic_003-075-050,vocal_synthetic_003-075-050,/root/autodl-tmp/tokenizer-eval/data/nsynth/nsynth-valid/audio/vocal_synthetic_003-075-050.wav,37,vocal_synthetic_003,10,vocal,2,synthetic,75,50,16000,bright|distortion|long_release|nonlinear_env
23.968588,-5.057651,guitar_acoustic_030-057-075,guitar_acoustic_030-057-075,/root/autodl-tmp/tokenizer-eval/data/nsynth/nsynth-valid/audio/guitar_acoustic_030-057-075.wav,642,guitar_acoustic_030,3,guitar,0,acoustic,57,75,16000,tempo-synced
24.477707,39.39661,bass_synthetic_033-039-075,bass_synthetic_033-039-075,/root/autodl-tmp/tokenizer-eval/data/nsynth/nsynth-valid/audio/bass_synthetic_033-039-075.wav,417,bass_synthetic_033,0,bass,2,synthetic,39,75,16000,dark
20.724632,40.997265,keyboard_electronic_098-031-100,keyboard_electronic_098-031-100,/root/autodl-tmp/tokenizer-eval/data/nsynth/nsynth-valid/audio/keyboard_electronic_098-031-100.wav,905,keyboard_electronic_098,4,keyboard,1,electronic,31,100,16000,dark|distortion
-17.911226,43.86541,reed_acoustic_037-041-127,reed_acoustic_037-041-127,/root/autodl-tmp/tokenizer-eval/data/nsynth/nsynth-valid/audio/reed_acoustic_037-041-127.wav,387,reed_acoustic_037,7,reed,0,acoustic,41,127,16000,long_release|reverb
-6.4589386,47.66201,flute_synthetic_000-051-050,flute_synthetic_000-051-050,/root/autodl-tmp/tokenizer-eval/data/nsynth/nsynth-valid/audio/flute_synthetic_000-051-050.wav,82,flute_synthetic_000,2,flute,2,synthetic,51,50,16000,distortion
-2.3526213,61.006744,flute_synthetic_000-044-127,flute_synthetic_000-044-127,/root/autodl-tmp/tokenizer-eval/data/nsynth/nsynth-valid/audio/flute_synthetic_000-044-127.wav,82,flute_synthetic_000,2,flute,2,synthetic,44,127,16000,distortion
-44.40884,-17.443054,vocal_synthetic_003-073-100,vocal_synthetic_003-073-100,/root/autodl-tmp/tokenizer-eval/data/nsynth/nsynth-valid/audio/vocal_synthetic_003-073-100.wav,37,vocal_synthetic_003,10,vocal,2,synthetic,73,100,16000,bright|distortion|long_release|nonlinear_env
39.59619,21.255142,string_acoustic_014-036-050,string_acoustic_014-036-050,/root/autodl-tmp/tokenizer-eval/data/nsynth/nsynth-valid/audio/string_acoustic_014-036-050.wav,100,string_acoustic_014,8,string,0,acoustic,36,50,16000,dark|reverb
-11.374681,13.015804,organ_electronic_113-059-075,organ_electronic_113-059-075,/root/autodl-tmp/tokenizer-eval/data/nsynth/nsynth-valid/audio/organ_electronic_113-059-075.wav,958,organ_electronic_113,6,organ,1,electronic,59,75,16000,dark
16.14619,33.215557,organ_electronic_057-031-100,organ_electronic_057-031-100,/root/autodl-tmp/tokenizer-eval/data/nsynth/nsynth-valid/audio/organ_electronic_057-031-100.wav,701,organ_electronic_057,6,organ,1,electronic,31,100,16000,dark
-38.97571,13.234706,string_acoustic_080-052-025,string_acoustic_080-052-025,/root/autodl-tmp/tokenizer-eval/data/nsynth/nsynth-valid/audio/string_acoustic_080-052-025.wav,675,string_acoustic_080,8,string,0,acoustic,52,25,16000,long_release|reverb
80.13868,9.3809,bass_synthetic_098-091-100,bass_synthetic_098-091-100,/root/autodl-tmp/tokenizer-eval/data/nsynth/nsynth-valid/audio/bass_synthetic_098-091-100.wav,803,bass_synthetic_098,0,bass,2,synthetic,91,100,16000,
-55.876034,-20.790241,vocal_synthetic_003-079-025,vocal_synthetic_003-079-025,/root/autodl-tmp/tokenizer-eval/data/nsynth/nsynth-valid/audio/vocal_synthetic_003-079-025.wav,37,vocal_synthetic_003,10,vocal,2,synthetic,79,25,16000,bright|distortion|long_release|nonlinear_env
-30.234087,0.02968827,string_acoustic_057-069-100,string_acoustic_057-069-100,/root/autodl-tmp/tokenizer-eval/data/nsynth/nsynth-valid/audio/string_acoustic_057-069-100.wav,450,string_acoustic_057,8,string,0,acoustic,69,100,16000,bright|nonlinear_env|reverb
-19.534307,-3.2544518,organ_electronic_001-080-127,organ_electronic_001-080-127,/root/autodl-tmp/tokenizer-eval/data/nsynth/nsynth-valid/audio/organ_electronic_001-080-127.wav,8,organ_electronic_001,6,organ,1,electronic,80,127,16000,
4.524304,8.336452,guitar_acoustic_014-059-075,guitar_acoustic_014-059-075,/root/autodl-tmp/tokenizer-eval/data/nsynth/nsynth-valid/audio/guitar_acoustic_014-059-075.wav,263,guitar_acoustic_014,3,guitar,0,acoustic,59,75,16000,
-32.991203,-17.000921,brass_acoustic_015-073-127,brass_acoustic_015-073-127,/root/autodl-tmp/tokenizer-eval/data/nsynth/nsynth-valid/audio/brass_acoustic_015-073-127.wav,121,brass_acoustic_015,1,brass,0,acoustic,73,127,16000,reverb
-9.151495,-38.204655,organ_electronic_028-082-127,organ_electronic_028-082-127,/root/autodl-tmp/tokenizer-eval/data/nsynth/nsynth-valid/audio/organ_electronic_028-082-127.wav,440,organ_electronic_028,6,organ,1,electronic,82,127,16000,
-53.706932,-30.575453,vocal_synthetic_003-092-127,vocal_synthetic_003-092-127,/root/autodl-tmp/tokenizer-eval/data/nsynth/nsynth-valid/audio/vocal_synthetic_003-092-127.wav,37,vocal_synthetic_003,10,vocal,2,synthetic,92,127,16000,bright|distortion|long_release|nonlinear_env
76.5513,10.349166,bass_synthetic_098-050-100,bass_synthetic_098-050-100,/root/autodl-tmp/tokenizer-eval/data/nsynth/nsynth-valid/audio/bass_synthetic_098-050-100.wav,803,bass_synthetic_098,0,bass,2,synthetic,50,100,16000,distortion
24.684887,-60.398655,reed_acoustic_023-094-050,reed_acoustic_023-094-050,/root/autodl-tmp/tokenizer-eval/data/nsynth/nsynth-valid/audio/reed_acoustic_023-094-050.wav,224,reed_acoustic_023,7,reed,0,acoustic,94,50,16000,fast_decay|multiphonic|nonlinear_env
-15.880289,19.367773,organ_electronic_057-054-127,organ_electronic_057-054-127,/root/autodl-tmp/tokenizer-eval/data/nsynth/nsynth-valid/audio/organ_electronic_057-054-127.wav,701,organ_electronic_057,6,organ,1,electronic,54,127,16000,dark
-36.70531,16.661299,flute_synthetic_000-063-050,flute_synthetic_000-063-050,/root/autodl-tmp/tokenizer-eval/data/nsynth/nsynth-valid/audio/flute_synthetic_000-063-050.wav,82,flute_synthetic_000,2,flute,2,synthetic,63,50,16000,distortion
4.041137,56.880787,organ_electronic_028-037-127,organ_electronic_028-037-127,/root/autodl-tmp/tokenizer-eval/data/nsynth/nsynth-valid/audio/organ_electronic_028-037-127.wav,440,organ_electronic_028,6,organ,1,electronic,37,127,16000,dark
-27.746735,-38.99351,string_acoustic_057-089-127,string_acoustic_057-089-127,/root/autodl-tmp/tokenizer-eval/data/nsynth/nsynth-valid/audio/string_acoustic_057-089-127.wav,450,string_acoustic_057,8,string,0,acoustic,89,127,16000,nonlinear_env|reverb
36.90532,3.461417,string_acoustic_014-063-100,string_acoustic_014-063-100,/root/autodl-tmp/tokenizer-eval/data/nsynth/nsynth-valid/audio/string_acoustic_014-063-100.wav,100,string_acoustic_014,8,string,0,acoustic,63,100,16000,fast_decay|percussive|reverb
-27.05904,24.483177,flute_synthetic_000-055-025,flute_synthetic_000-055-025,/root/autodl-tmp/tokenizer-eval/data/nsynth/nsynth-valid/audio/flute_synthetic_000-055-025.wav,82,flute_synthetic_000,2,flute,2,synthetic,55,25,16000,distortion
-5.2121553,-28.548141,organ_electronic_028-079-127,organ_electronic_028-079-127,/root/autodl-tmp/tokenizer-eval/data/nsynth/nsynth-valid/audio/organ_electronic_028-079-127.wav,440,organ_electronic_028,6,organ,1,electronic,79,127,16000,
30.779427,-27.23157,mallet_acoustic_062-086-050,mallet_acoustic_062-086-050,/root/autodl-tmp/tokenizer-eval/data/nsynth/nsynth-valid/audio/mallet_acoustic_062-086-050.wav,644,mallet_acoustic_062,5,mallet,0,acoustic,86,50,16000,fast_decay|multiphonic
75.33371,9.653505,bass_synthetic_098-048-075,bass_synthetic_098-048-075,/root/autodl-tmp/tokenizer-eval/data/nsynth/nsynth-valid/audio/bass_synthetic_098-048-075.wav,803,bass_synthetic_098,0,bass,2,synthetic,48,75,16000,
14.17533,-3.6918547,keyboard_electronic_098-067-127,keyboard_electronic_098-067-127,/root/autodl-tmp/tokenizer-eval/data/nsynth/nsynth-valid/audio/keyboard_electronic_098-067-127.wav,905,keyboard_electronic_098,4,keyboard,1,electronic,67,127,16000,
-13.657317,32.160896,brass_acoustic_059-047-127,brass_acoustic_059-047-127,/root/autodl-tmp/tokenizer-eval/data/nsynth/nsynth-valid/audio/brass_acoustic_059-047-127.wav,572,brass_acoustic_059,1,brass,0,acoustic,47,127,16000,reverb
28.750374,-52.514427,keyboard_synthetic_000-082-075,keyboard_synthetic_000-082-075,/root/autodl-tmp/tokenizer-eval/data/nsynth/nsynth-valid/audio/keyboard_synthetic_000-082-075.wav,577,keyboard_synthetic_000,4,keyboard,2,synthetic,82,75,16000,bright|distortion|fast_decay|nonlinear_env
-27.379253,-12.828476,brass_acoustic_059-060-025,brass_acoustic_059-060-025,/root/autodl-tmp/tokenizer-eval/data/nsynth/nsynth-valid/audio/brass_acoustic_059-060-025.wav,572,brass_acoustic_059,1,brass,0,acoustic,60,25,16000,dark|reverb
9.901741,14.381318,keyboard_electronic_078-056-075,keyboard_electronic_078-056-075,/root/autodl-tmp/tokenizer-eval/data/nsynth/nsynth-valid/audio/keyboard_electronic_078-056-075.wav,838,keyboard_electronic_078,4,keyboard,1,electronic,56,75,16000,bright
4.1620216,53.035137,keyboard_electronic_001-039-050,keyboard_electronic_001-039-050,/root/autodl-tmp/tokenizer-eval/data/nsynth/nsynth-valid/audio/keyboard_electronic_001-039-050.wav,40,keyboard_electronic_001,4,keyboard,1,electronic,39,50,16000,dark
41.28263,-51.054413,reed_acoustic_023-031-050,reed_acoustic_023-031-050,/root/autodl-tmp/tokenizer-eval/data/nsynth/nsynth-valid/audio/reed_acoustic_023-031-050.wav,224,reed_acoustic_023,7,reed,0,acoustic,31,50,16000,bright|fast_decay|multiphonic|nonlinear_env
-15.308954,-11.296285,brass_acoustic_046-075-100,brass_acoustic_046-075-100,/root/autodl-tmp/tokenizer-eval/data/nsynth/nsynth-valid/audio/brass_acoustic_046-075-100.wav,414,brass_acoustic_046,1,brass,0,acoustic,75,100,16000,bright
-9.020819,17.456213,organ_electronic_001-046-127,organ_electronic_001-046-127,/root/autodl-tmp/tokenizer-eval/data/nsynth/nsynth-valid/audio/organ_electronic_001-046-127.wav,8,organ_electronic_001,6,organ,1,electronic,46,127,16000,dark
-43.038746,-10.763261,organ_electronic_007-070-100,organ_electronic_007-070-100,/root/autodl-tmp/tokenizer-eval/data/nsynth/nsynth-valid/audio/organ_electronic_007-070-100.wav,123,organ_electronic_007,6,organ,1,electronic,70,100,16000,distortion|long_release|nonlinear_env
2.9813063,61.08327,flute_synthetic_000-040-100,flute_synthetic_000-040-100,/root/autodl-tmp/tokenizer-eval/data/nsynth/nsynth-valid/audio/flute_synthetic_000-040-100.wav,82,flute_synthetic_000,2,flute,2,synthetic,40,100,16000,distortion
-0.09103819,9.390271,brass_acoustic_015-063-025,brass_acoustic_015-063-025,/root/autodl-tmp/tokenizer-eval/data/nsynth/nsynth-valid/audio/brass_acoustic_015-063-025.wav,121,brass_acoustic_015,1,brass,0,acoustic,63,25,16000,reverb
13.555743,-25.420149,mallet_acoustic_062-071-075,mallet_acoustic_062-071-075,/root/autodl-tmp/tokenizer-eval/data/nsynth/nsynth-valid/audio/mallet_acoustic_062-071-075.wav,644,mallet_acoustic_062,5,mallet,0,acoustic,71,75,16000,dark|multiphonic
2.0667763,21.421143,brass_acoustic_015-044-075,brass_acoustic_015-044-075,/root/autodl-tmp/tokenizer-eval/data/nsynth/nsynth-valid/audio/brass_acoustic_015-044-075.wav,121,brass_acoustic_015,1,brass,0,acoustic,44,75,16000,reverb
62.718998,-12.3967705,mallet_acoustic_056-058-025,mallet_acoustic_056-058-025,/root/autodl-tmp/tokenizer-eval/data/nsynth/nsynth-valid/audio/mallet_acoustic_056-058-025.wav,590,mallet_acoustic_056,5,mallet,0,acoustic,58,25,16000,fast_decay|percussive
-22.882208,-36.74012,organ_electronic_057-077-100,organ_electronic_057-077-100,/root/autodl-tmp/tokenizer-eval/data/nsynth/nsynth-valid/audio/organ_electronic_057-077-100.wav,701,organ_electronic_057,6,organ,1,electronic,77,100,16000,
-6.8338466,-31.738995,brass_acoustic_046-080-127,brass_acoustic_046-080-127,/root/autodl-tmp/tokenizer-eval/data/nsynth/nsynth-valid/audio/brass_acoustic_046-080-127.wav,414,brass_acoustic_046,1,brass,0,acoustic,80,127,16000,
-19.518919,40.275146,reed_acoustic_037-042-025,reed_acoustic_037-042-025,/root/autodl-tmp/tokenizer-eval/data/nsynth/nsynth-valid/audio/reed_acoustic_037-042-025.wav,387,reed_acoustic_037,7,reed,0,acoustic,42,25,16000,reverb
-30.161476,7.2211895,vocal_acoustic_000-056-050,vocal_acoustic_000-056-050,/root/autodl-tmp/tokenizer-eval/data/nsynth/nsynth-valid/audio/vocal_acoustic_000-056-050.wav,46,vocal_acoustic_000,10,vocal,0,acoustic,56,50,16000,reverb
-4.4559884,-7.9746356,bass_synthetic_034-075-075,bass_synthetic_034-075-075,/root/autodl-tmp/tokenizer-eval/data/nsynth/nsynth-valid/audio/bass_synthetic_034-075-075.wav,420,bass_synthetic_034,0,bass,2,synthetic,75,75,16000,distortion|tempo-synced
-31.226643,-24.88596,reed_acoustic_018-085-075,reed_acoustic_018-085-075,/root/autodl-tmp/tokenizer-eval/data/nsynth/nsynth-valid/audio/reed_acoustic_018-085-075.wav,183,reed_acoustic_018,7,reed,0,acoustic,85,75,16000,
27.35465,40.567795,guitar_acoustic_030-035-100,guitar_acoustic_030-035-100,/root/autodl-tmp/tokenizer-eval/data/nsynth/nsynth-valid/audio/guitar_acoustic_030-035-100.wav,642,guitar_acoustic_030,3,guitar,0,acoustic,35,100,16000,long_release|tempo-synced
-30.545847,-26.747648,string_acoustic_057-085-050,string_acoustic_057-085-050,/root/autodl-tmp/tokenizer-eval/data/nsynth/nsynth-valid/audio/string_acoustic_057-085-050.wav,450,string_acoustic_057,8,string,0,acoustic,85,50,16000,bright|nonlinear_env|reverb
62.025593,-12.131582,mallet_acoustic_056-060-127,mallet_acoustic_056-060-127,/root/autodl-tmp/tokenizer-eval/data/nsynth/nsynth-valid/audio/mallet_acoustic_056-060-127.wav,590,mallet_acoustic_056,5,mallet,0,acoustic,60,127,16000,fast_decay|percussive
-19.055166,-3.369359,reed_acoustic_018-068-050,reed_acoustic_018-068-050,/root/autodl-tmp/tokenizer-eval/data/nsynth/nsynth-valid/audio/reed_acoustic_018-068-050.wav,183,reed_acoustic_018,7,reed,0,acoustic,68,50,16000,
-51.624393,-15.942858,organ_electronic_007-076-075,organ_electronic_007-076-075,/root/autodl-tmp/tokenizer-eval/data/nsynth/nsynth-valid/audio/organ_electronic_007-076-075.wav,123,organ_electronic_007,6,organ,1,electronic,76,75,16000,bright|distortion|long_release|nonlinear_env
-31.060732,48.850113,vocal_synthetic_003-033-100,vocal_synthetic_003-033-100,/root/autodl-tmp/tokenizer-eval/data/nsynth/nsynth-valid/audio/vocal_synthetic_003-033-100.wav,37,vocal_synthetic_003,10,vocal,2,synthetic,33,100,16000,bright|distortion|long_release|nonlinear_env
-1.3651689,-28.214363,bass_synthetic_135-079-025,bass_synthetic_135-079-025,/root/autodl-tmp/tokenizer-eval/data/nsynth/nsynth-valid/audio/bass_synthetic_135-079-025.wav,927,bass_synthetic_135,0,bass,2,synthetic,79,25,16000,distortion
21.155,34.79384,guitar_acoustic_010-042-075,guitar_acoustic_010-042-075,/root/autodl-tmp/tokenizer-eval/data/nsynth/nsynth-valid/audio/guitar_acoustic_010-042-075.wav,219,guitar_acoustic_010,3,guitar,0,acoustic,42,75,16000,
-29.843433,-15.599458,flute_acoustic_002-072-050,flute_acoustic_002-072-050,/root/autodl-tmp/tokenizer-eval/data/nsynth/nsynth-valid/audio/flute_acoustic_002-072-050.wav,86,flute_acoustic_002,2,flute,0,acoustic,72,50,16000,long_release|reverb
2.3968863,44.570408,string_acoustic_071-046-050,string_acoustic_071-046-050,/root/autodl-tmp/tokenizer-eval/data/nsynth/nsynth-valid/audio/string_acoustic_071-046-050.wav,609,string_acoustic_071,8,string,0,acoustic,46,50,16000,long_release|reverb
28.054947,38.959774,bass_synthetic_068-035-075,bass_synthetic_068-035-075,/root/autodl-tmp/tokenizer-eval/data/nsynth/nsynth-valid/audio/bass_synthetic_068-035-075.wav,656,bass_synthetic_068,0,bass,2,synthetic,35,75,16000,dark
-26.059418,-27.0178,flute_acoustic_002-084-127,flute_acoustic_002-084-127,/root/autodl-tmp/tokenizer-eval/data/nsynth/nsynth-valid/audio/flute_acoustic_002-084-127.wav,86,flute_acoustic_002,2,flute,0,acoustic,84,127,16000,long_release|reverb
-12.259932,1.1931338,brass_acoustic_046-066-127,brass_acoustic_046-066-127,/root/autodl-tmp/tokenizer-eval/data/nsynth/nsynth-valid/audio/brass_acoustic_046-066-127.wav,414,brass_acoustic_046,1,brass,0,acoustic,66,127,16000,bright
-31.068588,-34.10614,brass_acoustic_006-087-075,brass_acoustic_006-087-075,/root/autodl-tmp/tokenizer-eval/data/nsynth/nsynth-valid/audio/brass_acoustic_006-087-075.wav,43,brass_acoustic_006,1,brass,0,acoustic,87,75,16000,reverb
-32.341133,2.3888476,string_acoustic_057-067-025,string_acoustic_057-067-025,/root/autodl-tmp/tokenizer-eval/data/nsynth/nsynth-valid/audio/string_acoustic_057-067-025.wav,450,string_acoustic_057,8,string,0,acoustic,67,25,16000,bright|nonlinear_env|reverb
77.27272,8.448132,bass_synthetic_098-069-050,bass_synthetic_098-069-050,/root/autodl-tmp/tokenizer-eval/data/nsynth/nsynth-valid/audio/bass_synthetic_098-069-050.wav,803,bass_synthetic_098,0,bass,2,synthetic,69,50,16000,
-34.080463,-9.228024,string_acoustic_057-073-075,string_acoustic_057-073-075,/root/autodl-tmp/tokenizer-eval/data/nsynth/nsynth-valid/audio/string_acoustic_057-073-075.wav,450,string_acoustic_057,8,string,0,acoustic,73,75,16000,bright|nonlinear_env|reverb
-35.552746,22.402033,flute_synthetic_000-060-075,flute_synthetic_000-060-075,/root/autodl-tmp/tokenizer-eval/data/nsynth/nsynth-valid/audio/flute_synthetic_000-060-075.wav,82,flute_synthetic_000,2,flute,2,synthetic,60,75,16000,distortion
16.194809,-18.381727,guitar_acoustic_015-078-127,guitar_acoustic_015-078-127,/root/autodl-tmp/tokenizer-eval/data/nsynth/nsynth-valid/audio/guitar_acoustic_015-078-127.wav,316,guitar_acoustic_015,3,guitar,0,acoustic,78,127,16000,fast_decay|reverb
29.94023,-6.2648726,string_acoustic_056-068-050,string_acoustic_056-068-050,/root/autodl-tmp/tokenizer-eval/data/nsynth/nsynth-valid/audio/string_acoustic_056-068-050.wav,436,string_acoustic_056,8,string,0,acoustic,68,50,16000,fast_decay|percussive|reverb
