tsne_x,tsne_y,id,note_str,audio_path,instrument,instrument_str,instrument_family,instrument_family_str,instrument_source,instrument_source_str,pitch,velocity,sample_rate,qualities_str
-33.773357,-5.897545,organ_electronic_028-091-025,organ_electronic_028-091-025,/root/autodl-tmp/tokenizer-eval/data/nsynth/nsynth-valid/audio/organ_electronic_028-091-025.wav,440,organ_electronic_028,6,organ,1,electronic,91,25,16000,
-29.611166,10.651561,brass_acoustic_006-043-127,brass_acoustic_006-043-127,/root/autodl-tmp/tokenizer-eval/data/nsynth/nsynth-valid/audio/brass_acoustic_006-043-127.wav,43,brass_acoustic_006,1,brass,0,acoustic,43,127,16000,reverb
-2.5631552,73.67192,bass_synthetic_068-075-050,bass_synthetic_068-075-050,/root/autodl-tmp/tokenizer-eval/data/nsynth/nsynth-valid/audio/bass_synthetic_068-075-050.wav,656,bass_synthetic_068,0,bass,2,synthetic,75,50,16000,
45.47501,4.206712,mallet_acoustic_062-061-050,mallet_acoustic_062-061-050,/root/autodl-tmp/tokenizer-eval/data/nsynth/nsynth-valid/audio/mallet_acoustic_062-061-050.wav,644,mallet_acoustic_062,5,mallet,0,acoustic,61,50,16000,dark|fast_decay|multiphonic
-32.94612,41.764572,reed_acoustic_018-073-025,reed_acoustic_018-073-025,/root/autodl-tmp/tokenizer-eval/data/nsynth/nsynth-valid/audio/reed_acoustic_018-073-025.wav,183,reed_acoustic_018,7,reed,0,acoustic,73,25,16000,
40.63609,-9.199204,guitar_acoustic_015-073-075,guitar_acoustic_015-073-075,/root/autodl-tmp/tokenizer-eval/data/nsynth/nsynth-valid/audio/guitar_acoustic_015-073-075.wav,316,guitar_acoustic_015,3,guitar,0,acoustic,73,75,16000,reverb
-12.092806,-22.451073,organ_electronic_113-062-075,organ_electronic_113-062-075,/root/autodl-tmp/tokenizer-eval/data/nsynth/nsynth-valid/audio/organ_electronic_113-062-075.wav,958,organ_electronic_113,6,organ,1,electronic,62,75,16000,dark
59.648952,-8.2724695,guitar_acoustic_014-087-025,guitar_acoustic_014-087-025,/root/autodl-tmp/tokenizer-eval/data/nsynth/nsynth-valid/audio/guitar_acoustic_014-087-025.wav,263,guitar_acoustic_014,3,guitar,0,acoustic,87,25,16000,fast_decay|percussive
-12.736558,18.552113,brass_acoustic_059-033-127,brass_acoustic_059-033-127,/root/autodl-tmp/tokenizer-eval/data/nsynth/nsynth-valid/audio/brass_acoustic_059-033-127.wav,572,brass_acoustic_059,1,brass,0,acoustic,33,127,16000,reverb
-8.5429,-27.127733,reed_acoustic_037-074-050,reed_acoustic_037-074-050,/root/autodl-tmp/tokenizer-eval/data/nsynth/nsynth-valid/audio/reed_acoustic_037-074-050.wav,387,reed_acoustic_037,7,reed,0,acoustic,74,50,16000,reverb
44.198193,27.99553,string_acoustic_014-032-127,string_acoustic_014-032-127,/root/autodl-tmp/tokenizer-eval/data/nsynth/nsynth-valid/audio/string_acoustic_014-032-127.wav,100,string_acoustic_014,8,string,0,acoustic,32,127,16000,dark|fast_decay|reverb
62.56202,-15.294084,string_acoustic_056-073-075,string_acoustic_056-073-075,/root/autodl-tmp/tokenizer-eval/data/nsynth/nsynth-valid/audio/string_acoustic_056-073-075.wav,436,string_acoustic_056,8,string,0,acoustic,73,75,16000,fast_decay|percussive|reverb
-12.4131975,58.444855,organ_electronic_113-068-025,organ_electronic_113-068-025,/root/autodl-tmp/tokenizer-eval/data/nsynth/nsynth-valid/audio/organ_electronic_113-068-025.wav,958,organ_electronic_113,6,organ,1,electronic,68,25,16000,
-15.012463,-15.803373,string_acoustic_012-050-127,string_acoustic_012-050-127,/root/autodl-tmp/tokenizer-eval/data/nsynth/nsynth-valid/audio/string_acoustic_012-050-127.wav,97,string_acoustic_012,8,string,0,acoustic,50,127,16000,reverb
-3.6797402,40.03307,string_acoustic_080-043-100,string_acoustic_080-043-100,/root/autodl-tmp/tokenizer-eval/data/nsynth/nsynth-valid/audio/string_acoustic_080-043-100.wav,675,string_acoustic_080,8,string,0,acoustic,43,100,16000,long_release|reverb
-3.209967,-68.20769,brass_acoustic_006-040-025,brass_acoustic_006-040-025,/root/autodl-tmp/tokenizer-eval/data/nsynth/nsynth-valid/audio/brass_acoustic_006-040-025.wav,43,brass_acoustic_006,1,brass,0,acoustic,40,25,16000,reverb
-9.918401,45.525146,keyboard_electronic_001-056-100,keyboard_electronic_001-056-100,/root/autodl-tmp/tokenizer-eval/data/nsynth/nsynth-valid/audio/keyboard_electronic_001-056-100.wav,40,keyboard_electronic_001,4,keyboard,1,electronic,56,100,16000,
23.784388,39.446144,flute_synthetic_000-035-100,flute_synthetic_000-035-100,/root/autodl-tmp/tokenizer-eval/data/nsynth/nsynth-valid/audio/flute_synthetic_000-035-100.wav,82,flute_synthetic_000,2,flute,2,synthetic,35,100,16000,distortion
-10.725771,-1.6679347,keyboard_electronic_078-084-075,keyboard_electronic_078-084-075,/root/autodl-tmp/tokenizer-eval/data/nsynth/nsynth-valid/audio/keyboard_electronic_078-084-075.wav,838,keyboard_electronic_078,4,keyboard,1,electronic,84,75,16000,bright
56.30005,-23.22732,keyboard_acoustic_004-091-050,keyboard_acoustic_004-091-050,/root/autodl-tmp/tokenizer-eval/data/nsynth/nsynth-valid/audio/keyboard_acoustic_004-091-050.wav,327,keyboard_acoustic_004,4,keyboard,0,acoustic,91,50,16000,dark|reverb
-41.1417,-20.45242,string_acoustic_012-053-100,string_acoustic_012-053-100,/root/autodl-tmp/tokenizer-eval/data/nsynth/nsynth-valid/audio/string_acoustic_012-053-100.wav,97,string_acoustic_012,8,string,0,acoustic,53,100,16000,reverb
-59.456886,-16.009481,string_acoustic_057-084-075,string_acoustic_057-084-075,/root/autodl-tmp/tokenizer-eval/data/nsynth/nsynth-valid/audio/string_acoustic_057-084-075.wav,450,string_acoustic_057,8,string,0,acoustic,84,75,16000,bright|nonlinear_env|reverb
3.801516,18.617147,bass_synthetic_033-096-050,bass_synthetic_033-096-050,/root/autodl-tmp/tokenizer-eval/data/nsynth/nsynth-valid/audio/bass_synthetic_033-096-050.wav,417,bass_synthetic_033,0,bass,2,synthetic,96,50,16000,
14.207419,8.805039,keyboard_acoustic_004-067-050,keyboard_acoustic_004-067-050,/root/autodl-tmp/tokenizer-eval/data/nsynth/nsynth-valid/audio/keyboard_acoustic_004-067-050.wav,327,keyboard_acoustic_004,4,keyboard,0,acoustic,67,50,16000,dark|reverb
65.63006,-45.819168,reed_acoustic_023-093-075,reed_acoustic_023-093-075,/root/autodl-tmp/tokenizer-eval/data/nsynth/nsynth-valid/audio/reed_acoustic_023-093-075.wav,224,reed_acoustic_023,7,reed,0,acoustic,93,75,16000,fast_decay|multiphonic|nonlinear_env
27.423471,39.158054,guitar_acoustic_021-034-025,guitar_acoustic_021-034-025,/root/autodl-tmp/tokenizer-eval/data/nsynth/nsynth-valid/audio/guitar_acoustic_021-034-025.wav,457,guitar_acoustic_021,3,guitar,0,acoustic,34,25,16000,
-56.30074,26.927723,keyboard_acoustic_004-070-127,keyboard_acoustic_004-070-127,/root/autodl-tmp/tokenizer-eval/data/nsynth/nsynth-valid/audio/keyboard_acoustic_004-070-127.wav,327,keyboard_acoustic_004,4,keyboard,0,acoustic,70,127,16000,reverb
-5.5963326,73.26741,keyboard_electronic_078-063-025,keyboard_electronic_078-063-025,/root/autodl-tmp/tokenizer-eval/data/nsynth/nsynth-valid/audio/keyboard_electronic_078-063-025.wav,838,keyboard_electronic_078,4,keyboard,1,electronic,63,25,16000,bright
29.65288,1.4019456,bass_electronic_018-058-127,bass_electronic_018-058-127,/root/autodl-tmp/tokenizer-eval/data/nsynth/nsynth-valid/audio/bass_electronic_018-058-127.wav,759,bass_electronic_018,0,bass,1,electronic,58,127,16000,
-59.302658,8.849948,vocal_synthetic_003-031-075,vocal_synthetic_003-031-075,/root/autodl-tmp/tokenizer-eval/data/nsynth/nsynth-valid/audio/vocal_synthetic_003-031-075.wav,37,vocal_synthetic_003,10,vocal,2,synthetic,31,75,16000,distortion|long_release|nonlinear_env
-10.867295,77.26462,vocal_acoustic_000-051-100,vocal_acoustic_000-051-100,/root/autodl-tmp/tokenizer-eval/data/nsynth/nsynth-valid/audio/vocal_acoustic_000-051-100.wav,46,vocal_acoustic_000,10,vocal,0,acoustic,51,100,16000,reverb
49.576412,4.8562384,string_acoustic_014-062-050,string_acoustic_014-062-050,/root/autodl-tmp/tokenizer-eval/data/nsynth/nsynth-valid/audio/string_acoustic_014-062-050.wav,100,string_acoustic_014,8,string,0,acoustic,62,50,16000,dark|percussive|reverb
-9.799829,-13.806464,keyboard_electronic_002-050-075,keyboard_electronic_002-050-075,/root/autodl-tmp/tokenizer-eval/data/nsynth/nsynth-valid/audio/keyboard_electronic_002-050-075.wav,50,keyboard_electronic_002,4,keyboard,1,electronic,50,75,16000,
-30.77242,28.858965,mallet_acoustic_062-061-127,mallet_acoustic_062-061-127,/root/autodl-tmp/tokenizer-eval/data/nsynth/nsynth-valid/audio/mallet_acoustic_062-061-127.wav,644,mallet_acoustic_062,5,mallet,0,acoustic,61,127,16000,dark|long_release|multiphonic
-28.218155,0.5891434,guitar_electronic_028-067-127,guitar_electronic_028-067-127,/root/autodl-tmp/tokenizer-eval/data/nsynth/nsynth-valid/audio/guitar_electronic_028-067-127.wav,510,guitar_electronic_028,3,guitar,1,electronic,67,127,16000,
12.311434,28.184767,guitar_acoustic_021-046-075,guitar_acoustic_021-046-075,/root/autodl-tmp/tokenizer-eval/data/nsynth/nsynth-valid/audio/guitar_acoustic_021-046-075.wav,457,guitar_acoustic_021,3,guitar,0,acoustic,46,75,16000,
27.514826,-13.820317,guitar_electronic_022-083-025,guitar_electronic_022-083-025,/root/autodl-tmp/tokenizer-eval/data/nsynth/nsynth-valid/audio/guitar_electronic_022-083-025.wav,378,guitar_electronic_022,3,guitar,1,electronic,83,25,16000,
-34.307957,39.76631,reed_acoustic_037-073-100,reed_acoustic_037-073-100,/root/autodl-tmp/tokenizer-eval/data/nsynth/nsynth-valid/audio/reed_acoustic_037-073-100.wav,387,reed_acoustic_037,7,reed,0,acoustic,73,100,16000,reverb
-31.199413,5.87374,flute_synthetic_000-067-127,flute_synthetic_000-067-127,/root/autodl-tmp/tokenizer-eval/data/nsynth/nsynth-valid/audio/flute_synthetic_000-067-127.wav,82,flute_synthetic_000,2,flute,2,synthetic,67,127,16000,distortion
38.37478,14.120779,keyboard_electronic_069-039-075,keyboard_electronic_069-039-075,/root/autodl-tmp/tokenizer-eval/data/nsynth/nsynth-valid/audio/keyboard_electronic_069-039-075.wav,805,keyboard_electronic_069,4,keyboard,1,electronic,39,75,16000,distortion
-11.046067,19.18665,brass_acoustic_006-035-127,brass_acoustic_006-035-127,/root/autodl-tmp/tokenizer-eval/data/nsynth/nsynth-valid/audio/brass_acoustic_006-035-127.wav,43,brass_acoustic_006,1,brass,0,acoustic,35,127,16000,reverb
-14.034025,-43.98194,vocal_synthetic_003-093-025,vocal_synthetic_003-093-025,/root/autodl-tmp/tokenizer-eval/data/nsynth/nsynth-valid/audio/vocal_synthetic_003-093-025.wav,37,vocal_synthetic_003,10,vocal,2,synthetic,93,25,16000,bright|distortion|long_release|nonlinear_env
-25.023376,2.2561827,guitar_acoustic_015-039-050,guitar_acoustic_015-039-050,/root/autodl-tmp/tokenizer-eval/data/nsynth/nsynth-valid/audio/guitar_acoustic_015-039-050.wav,316,guitar_acoustic_015,3,guitar,0,acoustic,39,50,16000,reverb
45.488625,17.773844,string_acoustic_056-050-075,string_acoustic_056-050-075,/root/autodl-tmp/tokenizer-eval/data/nsynth/nsynth-valid/audio/string_acoustic_056-050-075.wav,436,string_acoustic_056,8,string,0,acoustic,50,75,16000,fast_decay|reverb
-11.734803,-44.780308,vocal_synthetic_003-081-075,vocal_synthetic_003-081-075,/root/autodl-tmp/tokenizer-eval/data/nsynth/nsynth-valid/audio/vocal_synthetic_003-081-075.wav,37,vocal_synthetic_003,10,vocal,2,synthetic,81,75,16000,bright|distortion|long_release|nonlinear_env
-46.308178,-51.33564,brass_acoustic_016-059-100,brass_acoustic_016-059-100,/root/autodl-tmp/tokenizer-eval/data/nsynth/nsynth-valid/audio/brass_acoustic_016-059-100.wav,128,brass_acoustic_016,1,brass,0,acoustic,59,100,16000,bright
-71.724144,4.737701,vocal_synthetic_003-047-075,vocal_synthetic_003-047-075,/root/autodl-tmp/tokenizer-eval/data/nsynth/nsynth-valid/audio/vocal_synthetic_003-047-075.wav,37,vocal_synthetic_003,10,vocal,2,synthetic,47,75,16000,distortion|long_release|nonlinear_env
-53.06156,-6.497953,vocal_acoustic_000-060-100,vocal_acoustic_000-060-100,/root/autodl-tmp/tokenizer-eval/data/nsynth/nsynth-valid/audio/vocal_acoustic_000-060-100.wav,46,vocal_acoustic_000,10,vocal,0,acoustic,60,100,16000,reverb
30.194145,40.8385,guitar_acoustic_030-033-025,guitar_acoustic_030-033-025,/root/autodl-tmp/tokenizer-eval/data/nsynth/nsynth-valid/audio/guitar_acoustic_030-033-025.wav,642,guitar_acoustic_030,3,guitar,0,acoustic,33,25,16000,long_release|tempo-synced
-15.402932,-61.526295,flute_acoustic_002-083-050,flute_acoustic_002-083-050,/root/autodl-tmp/tokenizer-eval/data/nsynth/nsynth-valid/audio/flute_acoustic_002-083-050.wav,86,flute_acoustic_002,2,flute,0,acoustic,83,50,16000,reverb
49.89409,-51.397743,reed_acoustic_023-080-050,reed_acoustic_023-080-050,/root/autodl-tmp/tokenizer-eval/data/nsynth/nsynth-valid/audio/reed_acoustic_023-080-050.wav,224,reed_acoustic_023,7,reed,0,acoustic,80,50,16000,bright|fast_decay|multiphonic|nonlinear_env
13.879756,71.65487,flute_synthetic_000-039-025,flute_synthetic_000-039-025,/root/autodl-tmp/tokenizer-eval/data/nsynth/nsynth-valid/audio/flute_synthetic_000-039-025.wav,82,flute_synthetic_000,2,flute,2,synthetic,39,25,16000,distortion
-32.098736,-53.748455,bass_synthetic_009-078-127,bass_synthetic_009-078-127,/root/autodl-tmp/tokenizer-eval/data/nsynth/nsynth-valid/audio/bass_synthetic_009-078-127.wav,150,bass_synthetic_009,0,bass,2,synthetic,78,127,16000,bright|distortion|long_release
37.8553,18.398249,guitar_acoustic_010-038-050,guitar_acoustic_010-038-050,/root/autodl-tmp/tokenizer-eval/data/nsynth/nsynth-valid/audio/guitar_acoustic_010-038-050.wav,219,guitar_acoustic_010,3,guitar,0,acoustic,38,50,16000,
-33.749554,42.981567,organ_electronic_007-061-127,organ_electronic_007-061-127,/root/autodl-tmp/tokenizer-eval/data/nsynth/nsynth-valid/audio/organ_electronic_007-061-127.wav,123,organ_electronic_007,6,organ,1,electronic,61,127,16000,distortion|long_release|nonlinear_env
43.92248,-35.052082,reed_acoustic_023-087-050,reed_acoustic_023-087-050,/root/autodl-tmp/tokenizer-eval/data/nsynth/nsynth-valid/audio/reed_acoustic_023-087-050.wav,224,reed_acoustic_023,7,reed,0,acoustic,87,50,16000,fast_decay|multiphonic|nonlinear_env
-9.3758,1.0826162,keyboard_acoustic_004-072-050,keyboard_acoustic_004-072-050,/root/autodl-tmp/tokenizer-eval/data/nsynth/nsynth-valid/audio/keyboard_acoustic_004-072-050.wav,327,keyboard_acoustic_004,4,keyboard,0,acoustic,72,50,16000,dark|reverb
-7.3377824,-26.33884,flute_synthetic_000-086-100,flute_synthetic_000-086-100,/root/autodl-tmp/tokenizer-eval/data/nsynth/nsynth-valid/audio/flute_synthetic_000-086-100.wav,82,flute_synthetic_000,2,flute,2,synthetic,86,100,16000,distortion
76.90877,-19.482048,mallet_acoustic_047-070-025,mallet_acoustic_047-070-025,/root/autodl-tmp/tokenizer-eval/data/nsynth/nsynth-valid/audio/mallet_acoustic_047-070-025.wav,488,mallet_acoustic_047,5,mallet,0,acoustic,70,25,16000,fast_decay|percussive|reverb
4.990512,37.98614,guitar_electronic_022-043-100,guitar_electronic_022-043-100,/root/autodl-tmp/tokenizer-eval/data/nsynth/nsynth-valid/audio/guitar_electronic_022-043-100.wav,378,guitar_electronic_022,3,guitar,1,electronic,43,100,16000,dark
46.24399,-47.151855,reed_acoustic_023-078-127,reed_acoustic_023-078-127,/root/autodl-tmp/tokenizer-eval/data/nsynth/nsynth-valid/audio/reed_acoustic_023-078-127.wav,224,reed_acoustic_023,7,reed,0,acoustic,78,127,16000,bright|fast_decay|multiphonic|nonlinear_env
-36.655106,-19.119366,vocal_acoustic_000-053-127,vocal_acoustic_000-053-127,/root/autodl-tmp/tokenizer-eval/data/nsynth/nsynth-valid/audio/vocal_acoustic_000-053-127.wav,46,vocal_acoustic_000,10,vocal,0,acoustic,53,127,16000,reverb
61.068768,-41.151005,reed_acoustic_023-083-100,reed_acoustic_023-083-100,/root/autodl-tmp/tokenizer-eval/data/nsynth/nsynth-valid/audio/reed_acoustic_023-083-100.wav,224,reed_acoustic_023,7,reed,0,acoustic,83,100,16000,bright|fast_decay|multiphonic|nonlinear_env
-36.691563,9.821266,organ_electronic_001-067-127,organ_electronic_001-067-127,/root/autodl-tmp/tokenizer-eval/data/nsynth/nsynth-valid/audio/organ_electronic_001-067-127.wav,8,organ_electronic_001,6,organ,1,electronic,67,127,16000,
69.30034,-15.138127,guitar_acoustic_014-096-050,guitar_acoustic_014-096-050,/root/autodl-tmp/tokenizer-eval/data/nsynth/nsynth-valid/audio/guitar_acoustic_014-096-050.wav,263,guitar_acoustic_014,3,guitar,0,acoustic,96,50,16000,fast_decay|percussive
-33.373333,-3.5033257,flute_synthetic_000-091-127,flute_synthetic_000-091-127,/root/autodl-tmp/tokenizer-eval/data/nsynth/nsynth-valid/audio/flute_synthetic_000-091-127.wav,82,flute_synthetic_000,2,flute,2,synthetic,91,127,16000,distortion
6.2559953,-78.36775,flute_synthetic_000-064-050,flute_synthetic_000-064-050,/root/autodl-tmp/tokenizer-eval/data/nsynth/nsynth-valid/audio/flute_synthetic_000-064-050.wav,82,flute_synthetic_000,2,flute,2,synthetic,64,50,16000,distortion
3.1320086,13.771387,bass_synthetic_098-080-127,bass_synthetic_098-080-127,/root/autodl-tmp/tokenizer-eval/data/nsynth/nsynth-valid/audio/bass_synthetic_098-080-127.wav,803,bass_synthetic_098,0,bass,2,synthetic,80,127,16000,
-50.724705,31.398817,reed_acoustic_037-034-050,reed_acoustic_037-034-050,/root/autodl-tmp/tokenizer-eval/data/nsynth/nsynth-valid/audio/reed_acoustic_037-034-050.wav,387,reed_acoustic_037,7,reed,0,acoustic,34,50,16000,reverb
-32.188427,-1.501602,flute_synthetic_000-079-075,flute_synthetic_000-079-075,/root/autodl-tmp/tokenizer-eval/data/nsynth/nsynth-valid/audio/flute_synthetic_000-079-075.wav,82,flute_synthetic_000,2,flute,2,synthetic,79,75,16000,distortion
-38.63778,-52.750927,brass_acoustic_016-078-025,brass_acoustic_016-078-025,/root/autodl-tmp/tokenizer-eval/data/nsynth/nsynth-valid/audio/brass_acoustic_016-078-025.wav,128,brass_acoustic_016,1,brass,0,acoustic,78,25,16000,bright
-10.822959,29.525785,brass_acoustic_015-044-100,brass_acoustic_015-044-100,/root/autodl-tmp/tokenizer-eval/data/nsynth/nsynth-valid/audio/brass_acoustic_015-044-100.wav,121,brass_acoustic_015,1,brass,0,acoustic,44,100,16000,reverb
-3.8083508,-78.51367,organ_electronic_113-076-127,organ_electronic_113-076-127,/root/autodl-tmp/tokenizer-eval/data/nsynth/nsynth-valid/audio/organ_electronic_113-076-127.wav,958,organ_electronic_113,6,organ,1,electronic,76,127,16000,
21.433708,-26.686197,keyboard_electronic_078-066-075,keyboard_electronic_078-066-075,/root/autodl-tmp/tokenizer-eval/data/nsynth/nsynth-valid/audio/keyboard_electronic_078-066-075.wav,838,keyboard_electronic_078,4,keyboard,1,electronic,66,75,16000,bright
-8.738131,56.70933,organ_electronic_057-056-075,organ_electronic_057-056-075,/root/autodl-tmp/tokenizer-eval/data/nsynth/nsynth-valid/audio/organ_electronic_057-056-075.wav,701,organ_electronic_057,6,organ,1,electronic,56,75,16000,dark
10.688518,-21.718693,brass_acoustic_006-042-025,brass_acoustic_006-042-025,/root/autodl-tmp/tokenizer-eval/data/nsynth/nsynth-valid/audio/brass_acoustic_006-042-025.wav,43,brass_acoustic_006,1,brass,0,acoustic,42,25,16000,reverb
-17.955318,-62.161438,reed_acoustic_018-083-025,reed_acoustic_018-083-025,/root/autodl-tmp/tokenizer-eval/data/nsynth/nsynth-valid/audio/reed_acoustic_018-083-025.wav,183,reed_acoustic_018,7,reed,0,acoustic,83,25,16000,
8.781184,-45.380642,string_acoustic_057-057-127,string_acoustic_057-057-127,/root/autodl-tmp/tokenizer-eval/data/nsynth/nsynth-valid/audio/string_acoustic_057-057-127.wav,450,string_acoustic_057,8,string,0,acoustic,57,127,16000,nonlinear_env|reverb
-1.0209823,32.44781,organ_electronic_001-043-050,organ_electronic_001-043-050,/root/autodl-tmp/tokenizer-eval/data/nsynth/nsynth-valid/audio/organ_electronic_001-043-050.wav,8,organ_electronic_001,6,organ,1,electronic,43,50,16000,dark
56.97758,-15.370812,guitar_acoustic_014-090-127,guitar_acoustic_014-090-127,/root/autodl-tmp/tokenizer-eval/data/nsynth/nsynth-valid/audio/guitar_acoustic_014-090-127.wav,263,guitar_acoustic_014,3,guitar,0,acoustic,90,127,16000,fast_decay|percussive
32.859184,43.868713,guitar_electronic_022-033-075,guitar_electronic_022-033-075,/root/autodl-tmp/tokenizer-eval/data/nsynth/nsynth-valid/audio/guitar_electronic_022-033-075.wav,378,guitar_electronic_022,3,guitar,1,electronic,33,75,16000,dark
-11.853117,3.6730516,brass_acoustic_015-060-050,brass_acoustic_015-060-050,/root/autodl-tmp/tokenizer-eval/data/nsynth/nsynth-valid/audio/brass_acoustic_015-060-050.wav,121,brass_acoustic_015,1,brass,0,acoustic,60,50,16000,reverb
-36.784927,-3.7630203,brass_acoustic_046-079-127,brass_acoustic_046-079-127,/root/autodl-tmp/tokenizer-eval/data/nsynth/nsynth-valid/audio/brass_acoustic_046-079-127.wav,414,brass_acoustic_046,1,brass,0,acoustic,79,127,16000,
83.36362,-15.226201,mallet_acoustic_047-081-025,mallet_acoustic_047-081-025,/root/autodl-tmp/tokenizer-eval/data/nsynth/nsynth-valid/audio/mallet_acoustic_047-081-025.wav,488,mallet_acoustic_047,5,mallet,0,acoustic,81,25,16000,fast_decay|percussive|reverb
45.704678,-11.904168,bass_synthetic_068-086-075,bass_synthetic_068-086-075,/root/autodl-tmp/tokenizer-eval/data/nsynth/nsynth-valid/audio/bass_synthetic_068-086-075.wav,656,bass_synthetic_068,0,bass,2,synthetic,86,75,16000,fast_decay
57.908424,-16.264881,string_acoustic_056-078-025,string_acoustic_056-078-025,/root/autodl-tmp/tokenizer-eval/data/nsynth/nsynth-valid/audio/string_acoustic_056-078-025.wav,436,string_acoustic_056,8,string,0,acoustic,78,25,16000,fast_decay|percussive|reverb
-46.57264,-32.214287,organ_electronic_028-089-127,organ_electronic_028-089-127,/root/autodl-tmp/tokenizer-eval/data/nsynth/nsynth-valid/audio/organ_electronic_028-089-127.wav,440,organ_electronic_028,6,organ,1,electronic,89,127,16000,bright|long_release
23.78736,34.434704,flute_synthetic_000-047-025,flute_synthetic_000-047-025,/root/autodl-tmp/tokenizer-eval/data/nsynth/nsynth-valid/audio/flute_synthetic_000-047-025.wav,82,flute_synthetic_000,2,flute,2,synthetic,47,25,16000,distortion
31.803246,12.196916,guitar_electronic_022-040-025,guitar_electronic_022-040-025,/root/autodl-tmp/tokenizer-eval/data/nsynth/nsynth-valid/audio/guitar_electronic_022-040-025.wav,378,guitar_electronic_022,3,guitar,1,electronic,40,25,16000,dark
-13.729675,-3.4177608,keyboard_electronic_069-084-075,keyboard_electronic_069-084-075,/root/autodl-tmp/tokenizer-eval/data/nsynth/nsynth-valid/audio/keyboard_electronic_069-084-075.wav,805,keyboard_electronic_069,4,keyboard,1,electronic,84,75,16000,distortion
65.24379,-2.4020193,mallet_acoustic_056-081-025,mallet_acoustic_056-081-025,/root/autodl-tmp/tokenizer-eval/data/nsynth/nsynth-valid/audio/mallet_acoustic_056-081-025.wav,590,mallet_acoustic_056,5,mallet,0,acoustic,81,25,16000,fast_decay
41.24605,-30.995674,guitar_electronic_028-087-100,guitar_electronic_028-087-100,/root/autodl-tmp/tokenizer-eval/data/nsynth/nsynth-valid/audio/guitar_electronic_028-087-100.wav,510,guitar_electronic_028,3,guitar,1,electronic,87,100,16000,
17.163818,68.87392,flute_synthetic_000-038-127,flute_synthetic_000-038-127,/root/autodl-tmp/tokenizer-eval/data/nsynth/nsynth-valid/audio/flute_synthetic_000-038-127.wav,82,flute_synthetic_000,2,flute,2,synthetic,38,127,16000,distortion
-66.64528,3.8869889,vocal_synthetic_003-040-100,vocal_synthetic_003-040-100,/root/autodl-tmp/tokenizer-eval/data/nsynth/nsynth-valid/audio/vocal_synthetic_003-040-100.wav,37,vocal_synthetic_003,10,vocal,2,synthetic,40,100,16000,bright|distortion|long_release|nonlinear_env
56.861736,-26.29964,keyboard_electronic_098-092-050,keyboard_electronic_098-092-050,/root/autodl-tmp/tokenizer-eval/data/nsynth/nsynth-valid/audio/keyboard_electronic_098-092-050.wav,905,keyboard_electronic_098,4,keyboard,1,electronic,92,50,16000,fast_decay|percussive
45.22595,-50.90055,reed_acoustic_023-090-100,reed_acoustic_023-090-100,/root/autodl-tmp/tokenizer-eval/data/nsynth/nsynth-valid/audio/reed_acoustic_023-090-100.wav,224,reed_acoustic_023,7,reed,0,acoustic,90,100,16000,fast_decay|multiphonic|nonlinear_env
16.453049,1.9302475,bass_electronic_018-053-100,bass_electronic_018-053-100,/root/autodl-tmp/tokenizer-eval/data/nsynth/nsynth-valid/audio/bass_electronic_018-053-100.wav,759,bass_electronic_018,0,bass,1,electronic,53,100,16000,
-50.4676,-45.012295,brass_acoustic_016-072-075,brass_acoustic_016-072-075,/root/autodl-tmp/tokenizer-eval/data/nsynth/nsynth-valid/audio/brass_acoustic_016-072-075.wav,128,brass_acoustic_016,1,brass,0,acoustic,72,75,16000,bright
-33.014877,-2.5389993,reed_acoustic_018-079-025,reed_acoustic_018-079-025,/root/autodl-tmp/tokenizer-eval/data/nsynth/nsynth-valid/audio/reed_acoustic_018-079-025.wav,183,reed_acoustic_018,7,reed,0,acoustic,79,25,16000,
63.2056,-29.066973,bass_synthetic_068-094-050,bass_synthetic_068-094-050,/root/autodl-tmp/tokenizer-eval/data/nsynth/nsynth-valid/audio/bass_synthetic_068-094-050.wav,656,bass_synthetic_068,0,bass,2,synthetic,94,50,16000,fast_decay|percussive
-32.27939,35.33228,string_acoustic_057-061-075,string_acoustic_057-061-075,/root/autodl-tmp/tokenizer-eval/data/nsynth/nsynth-valid/audio/string_acoustic_057-061-075.wav,450,string_acoustic_057,8,string,0,acoustic,61,75,16000,bright|nonlinear_env|reverb
51.504158,-5.8427043,keyboard_synthetic_000-064-050,keyboard_synthetic_000-064-050,/root/autodl-tmp/tokenizer-eval/data/nsynth/nsynth-valid/audio/keyboard_synthetic_000-064-050.wav,577,keyboard_synthetic_000,4,keyboard,2,synthetic,64,50,16000,distortion|fast_decay|nonlinear_env
34.618916,49.43834,organ_electronic_028-045-025,organ_electronic_028-045-025,/root/autodl-tmp/tokenizer-eval/data/nsynth/nsynth-valid/audio/organ_electronic_028-045-025.wav,440,organ_electronic_028,6,organ,1,electronic,45,25,16000,dark
7.448266,-69.37858,bass_synthetic_068-076-100,bass_synthetic_068-076-100,/root/autodl-tmp/tokenizer-eval/data/nsynth/nsynth-valid/audio/bass_synthetic_068-076-100.wav,656,bass_synthetic_068,0,bass,2,synthetic,76,100,16000,
-65.97887,6.527384,vocal_synthetic_003-038-127,vocal_synthetic_003-038-127,/root/autodl-tmp/tokenizer-eval/data/nsynth/nsynth-valid/audio/vocal_synthetic_003-038-127.wav,37,vocal_synthetic_003,10,vocal,2,synthetic,38,127,16000,bright|distortion|long_release|nonlinear_env
-54.79719,-9.200765,reed_acoustic_037-060-050,reed_acoustic_037-060-050,/root/autodl-tmp/tokenizer-eval/data/nsynth/nsynth-valid/audio/reed_acoustic_037-060-050.wav,387,reed_acoustic_037,7,reed,0,acoustic,60,50,16000,reverb
-58.692276,42.5041,reed_acoustic_037-051-100,reed_acoustic_037-051-100,/root/autodl-tmp/tokenizer-eval/data/nsynth/nsynth-valid/audio/reed_acoustic_037-051-100.wav,387,reed_acoustic_037,7,reed,0,acoustic,51,100,16000,reverb
37.910637,11.567159,mallet_acoustic_062-039-050,mallet_acoustic_062-039-050,/root/autodl-tmp/tokenizer-eval/data/nsynth/nsynth-valid/audio/mallet_acoustic_062-039-050.wav,644,mallet_acoustic_062,5,mallet,0,acoustic,39,50,16000,dark|multiphonic
75.18188,-6.7593036,mallet_acoustic_056-051-050,mallet_acoustic_056-051-050,/root/autodl-tmp/tokenizer-eval/data/nsynth/nsynth-valid/audio/mallet_acoustic_056-051-050.wav,590,mallet_acoustic_056,5,mallet,0,acoustic,51,50,16000,fast_decay|percussive
15.404279,38.759598,flute_synthetic_000-049-127,flute_synthetic_000-049-127,/root/autodl-tmp/tokenizer-eval/data/nsynth/nsynth-valid/audio/flute_synthetic_000-049-127.wav,82,flute_synthetic_000,2,flute,2,synthetic,49,127,16000,distortion
38.588013,43.91453,bass_synthetic_033-057-025,bass_synthetic_033-057-025,/root/autodl-tmp/tokenizer-eval/data/nsynth/nsynth-valid/audio/bass_synthetic_033-057-025.wav,417,bass_synthetic_033,0,bass,2,synthetic,57,25,16000,dark
-35.150967,-26.523495,flute_synthetic_000-077-127,flute_synthetic_000-077-127,/root/autodl-tmp/tokenizer-eval/data/nsynth/nsynth-valid/audio/flute_synthetic_000-077-127.wav,82,flute_synthetic_000,2,flute,2,synthetic,77,127,16000,distortion
-32.037834,-52.73415,bass_synthetic_009-066-127,bass_synthetic_009-066-127,/root/autodl-tmp/tokenizer-eval/data/nsynth/nsynth-valid/audio/bass_synthetic_009-066-127.wav,150,bass_synthetic_009,0,bass,2,synthetic,66,127,16000,bright|distortion|long_release
57.272495,-13.771366,guitar_acoustic_021-089-075,guitar_acoustic_021-089-075,/root/autodl-tmp/tokenizer-eval/data/nsynth/nsynth-valid/audio/guitar_acoustic_021-089-075.wav,457,guitar_acoustic_021,3,guitar,0,acoustic,89,75,16000,fast_decay|percussive
51.0633,-40.058773,reed_acoustic_023-056-100,reed_acoustic_023-056-100,/root/autodl-tmp/tokenizer-eval/data/nsynth/nsynth-valid/audio/reed_acoustic_023-056-100.wav,224,reed_acoustic_023,7,reed,0,acoustic,56,100,16000,bright|fast_decay|multiphonic|nonlinear_env
37.256104,31.104797,bass_synthetic_134-044-025,bass_synthetic_134-044-025,/root/autodl-tmp/tokenizer-eval/data/nsynth/nsynth-valid/audio/bass_synthetic_134-044-025.wav,914,bass_synthetic_134,0,bass,2,synthetic,44,25,16000,dark|reverb
-11.503868,51.571045,brass_acoustic_015-068-100,brass_acoustic_015-068-100,/root/autodl-tmp/tokenizer-eval/data/nsynth/nsynth-valid/audio/brass_acoustic_015-068-100.wav,121,brass_acoustic_015,1,brass,0,acoustic,68,100,16000,reverb
-11.151084,83.24678,reed_acoustic_018-063-100,reed_acoustic_018-063-100,/root/autodl-tmp/tokenizer-eval/data/nsynth/nsynth-valid/audio/reed_acoustic_018-063-100.wav,183,reed_acoustic_018,7,reed,0,acoustic,63,100,16000,
8.576823,15.588118,bass_synthetic_098-043-100,bass_synthetic_098-043-100,/root/autodl-tmp/tokenizer-eval/data/nsynth/nsynth-valid/audio/bass_synthetic_098-043-100.wav,803,bass_synthetic_098,0,bass,2,synthetic,43,100,16000,distortion
-17.077538,-61.732456,brass_acoustic_046-083-050,brass_acoustic_046-083-050,/root/autodl-tmp/tokenizer-eval/data/nsynth/nsynth-valid/audio/brass_acoustic_046-083-050.wav,414,brass_acoustic_046,1,brass,0,acoustic,83,50,16000,
76.163605,-17.22803,mallet_acoustic_062-090-025,mallet_acoustic_062-090-025,/root/autodl-tmp/tokenizer-eval/data/nsynth/nsynth-valid/audio/mallet_acoustic_062-090-025.wav,644,mallet_acoustic_062,5,mallet,0,acoustic,90,25,16000,fast_decay|multiphonic|percussive
-36.456543,-20.795156,string_acoustic_057-065-075,string_acoustic_057-065-075,/root/autodl-tmp/tokenizer-eval/data/nsynth/nsynth-valid/audio/string_acoustic_057-065-075.wav,450,string_acoustic_057,8,string,0,acoustic,65,75,16000,bright|nonlinear_env|reverb
-10.937245,53.182575,flute_synthetic_000-068-025,flute_synthetic_000-068-025,/root/autodl-tmp/tokenizer-eval/data/nsynth/nsynth-valid/audio/flute_synthetic_000-068-025.wav,82,flute_synthetic_000,2,flute,2,synthetic,68,25,16000,distortion
19.624022,-15.516401,organ_electronic_057-047-025,organ_electronic_057-047-025,/root/autodl-tmp/tokenizer-eval/data/nsynth/nsynth-valid/audio/organ_electronic_057-047-025.wav,701,organ_electronic_057,6,organ,1,electronic,47,25,16000,dark
1.0239805,52.557865,keyboard_electronic_003-044-075,keyboard_electronic_003-044-075,/root/autodl-tmp/tokenizer-eval/data/nsynth/nsynth-valid/audio/keyboard_electronic_003-044-075.wav,65,keyboard_electronic_003,4,keyboard,1,electronic,44,75,16000,distortion
-1.1710167,-45.574074,flute_acoustic_002-081-100,flute_acoustic_002-081-100,/root/autodl-tmp/tokenizer-eval/data/nsynth/nsynth-valid/audio/flute_acoustic_002-081-100.wav,86,flute_acoustic_002,2,flute,0,acoustic,81,100,16000,reverb
31.699844,1.0833589,string_acoustic_056-046-100,string_acoustic_056-046-100,/root/autodl-tmp/tokenizer-eval/data/nsynth/nsynth-valid/audio/string_acoustic_056-046-100.wav,436,string_acoustic_056,8,string,0,acoustic,46,100,16000,reverb
-61.86085,-6.7547665,vocal_synthetic_003-060-025,vocal_synthetic_003-060-025,/root/autodl-tmp/tokenizer-eval/data/nsynth/nsynth-valid/audio/vocal_synthetic_003-060-025.wav,37,vocal_synthetic_003,10,vocal,2,synthetic,60,25,16000,bright|distortion|long_release|nonlinear_env
-63.883446,29.393349,string_acoustic_057-070-075,string_acoustic_057-070-075,/root/autodl-tmp/tokenizer-eval/data/nsynth/nsynth-valid/audio/string_acoustic_057-070-075.wav,450,string_acoustic_057,8,string,0,acoustic,70,75,16000,bright|nonlinear_env|reverb
44.19511,28.982883,mallet_acoustic_062-043-050,mallet_acoustic_062-043-050,/root/autodl-tmp/tokenizer-eval/data/nsynth/nsynth-valid/audio/mallet_acoustic_062-043-050.wav,644,mallet_acoustic_062,5,mallet,0,acoustic,43,50,16000,dark|multiphonic
51.144688,-53.051575,reed_acoustic_023-092-127,reed_acoustic_023-092-127,/root/autodl-tmp/tokenizer-eval/data/nsynth/nsynth-valid/audio/reed_acoustic_023-092-127.wav,224,reed_acoustic_023,7,reed,0,acoustic,92,127,16000,fast_decay|multiphonic|nonlinear_env
-87.22748,-2.552317,brass_acoustic_046-092-025,brass_acoustic_046-092-025,/root/autodl-tmp/tokenizer-eval/data/nsynth/nsynth-valid/audio/brass_acoustic_046-092-025.wav,414,brass_acoustic_046,1,brass,0,acoustic,92,25,16000,long_release
-6.2454176,54.42259,guitar_acoustic_014-056-127,guitar_acoustic_014-056-127,/root/autodl-tmp/tokenizer-eval/data/nsynth/nsynth-valid/audio/guitar_acoustic_014-056-127.wav,263,guitar_acoustic_014,3,guitar,0,acoustic,56,127,16000,
-55.62273,-3.4653685,organ_electronic_007-048-050,organ_electronic_007-048-050,/root/autodl-tmp/tokenizer-eval/data/nsynth/nsynth-valid/audio/organ_electronic_007-048-050.wav,123,organ_electronic_007,6,organ,1,electronic,48,50,16000,distortion|long_release|nonlinear_env
29.331287,0.98899585,keyboard_synthetic_000-058-025,keyboard_synthetic_000-058-025,/root/autodl-tmp/tokenizer-eval/data/nsynth/nsynth-valid/audio/keyboard_synthetic_000-058-025.wav,577,keyboard_synthetic_000,4,keyboard,2,synthetic,58,25,16000,distortion|fast_decay|nonlinear_env
-23.979351,-61.649933,reed_acoustic_011-071-100,reed_acoustic_011-071-100,/root/autodl-tmp/tokenizer-eval/data/nsynth/nsynth-valid/audio/reed_acoustic_011-071-100.wav,104,reed_acoustic_011,7,reed,0,acoustic,71,100,16000,
-26.589626,-67.77478,vocal_synthetic_003-095-050,vocal_synthetic_003-095-050,/root/autodl-tmp/tokenizer-eval/data/nsynth/nsynth-valid/audio/vocal_synthetic_003-095-050.wav,37,vocal_synthetic_003,10,vocal,2,synthetic,95,50,16000,bright|distortion|long_release|nonlinear_env
-85.30473,-1.4894016,brass_acoustic_046-093-127,brass_acoustic_046-093-127,/root/autodl-tmp/tokenizer-eval/data/nsynth/nsynth-valid/audio/brass_acoustic_046-093-127.wav,414,brass_acoustic_046,1,brass,0,acoustic,93,127,16000,long_release
45.6859,-11.908815,guitar_acoustic_014-086-050,guitar_acoustic_014-086-050,/root/autodl-tmp/tokenizer-eval/data/nsynth/nsynth-valid/audio/guitar_acoustic_014-086-050.wav,263,guitar_acoustic_014,3,guitar,0,acoustic,86,50,16000,fast_decay|percussive
-5.882238,-43.683277,brass_acoustic_016-081-025,brass_acoustic_016-081-025,/root/autodl-tmp/tokenizer-eval/data/nsynth/nsynth-valid/audio/brass_acoustic_016-081-025.wav,128,brass_acoustic_016,1,brass,0,acoustic,81,25,16000,bright
-6.314408,-21.387293,keyboard_electronic_069-074-100,keyboard_electronic_069-074-100,/root/autodl-tmp/tokenizer-eval/data/nsynth/nsynth-valid/audio/keyboard_electronic_069-074-100.wav,805,keyboard_electronic_069,4,keyboard,1,electronic,74,100,16000,distortion
1.4050243,-1.2953022,guitar_acoustic_030-041-100,guitar_acoustic_030-041-100,/root/autodl-tmp/tokenizer-eval/data/nsynth/nsynth-valid/audio/guitar_acoustic_030-041-100.wav,642,guitar_acoustic_030,3,guitar,0,acoustic,41,100,16000,long_release|tempo-synced
-60.396297,-22.979706,vocal_synthetic_003-084-127,vocal_synthetic_003-084-127,/root/autodl-tmp/tokenizer-eval/data/nsynth/nsynth-valid/audio/vocal_synthetic_003-084-127.wav,37,vocal_synthetic_003,10,vocal,2,synthetic,84,127,16000,bright|distortion|long_release|nonlinear_env
-18.678623,7.1276217,guitar_acoustic_010-060-075,guitar_acoustic_010-060-075,/root/autodl-tmp/tokenizer-eval/data/nsynth/nsynth-valid/audio/guitar_acoustic_010-060-075.wav,219,guitar_acoustic_010,3,guitar,0,acoustic,60,75,16000,
-4.722994,-44.453968,string_acoustic_057-081-050,string_acoustic_057-081-050,/root/autodl-tmp/tokenizer-eval/data/nsynth/nsynth-valid/audio/string_acoustic_057-081-050.wav,450,string_acoustic_057,8,string,0,acoustic,81,50,16000,bright|nonlinear_env|reverb
-18.417221,10.161544,organ_electronic_028-048-100,organ_electronic_028-048-100,/root/autodl-tmp/tokenizer-eval/data/nsynth/nsynth-valid/audio/organ_electronic_028-048-100.wav,440,organ_electronic_028,6,organ,1,electronic,48,100,16000,dark
-6.3774896,3.3351316,brass_acoustic_015-053-100,brass_acoustic_015-053-100,/root/autodl-tmp/tokenizer-eval/data/nsynth/nsynth-valid/audio/brass_acoustic_015-053-100.wav,121,brass_acoustic_015,1,brass,0,acoustic,53,100,16000,reverb
-52.70828,-43.418465,vocal_synthetic_003-072-127,vocal_synthetic_003-072-127,/root/autodl-tmp/tokenizer-eval/data/nsynth/nsynth-valid/audio/vocal_synthetic_003-072-127.wav,37,vocal_synthetic_003,10,vocal,2,synthetic,72,127,16000,bright|distortion|long_release|nonlinear_env
21.842264,70.44715,string_acoustic_012-038-025,string_acoustic_012-038-025,/root/autodl-tmp/tokenizer-eval/data/nsynth/nsynth-valid/audio/string_acoustic_012-038-025.wav,97,string_acoustic_012,8,string,0,acoustic,38,25,16000,long_release|reverb
27.96139,35.477646,bass_electronic_025-035-075,bass_electronic_025-035-075,/root/autodl-tmp/tokenizer-eval/data/nsynth/nsynth-valid/audio/bass_electronic_025-035-075.wav,872,bass_electronic_025,0,bass,1,electronic,35,75,16000,
-7.338682,-28.462473,flute_acoustic_002-086-050,flute_acoustic_002-086-050,/root/autodl-tmp/tokenizer-eval/data/nsynth/nsynth-valid/audio/flute_acoustic_002-086-050.wav,86,flute_acoustic_002,2,flute,0,acoustic,86,50,16000,reverb
-16.893673,-37.72061,vocal_synthetic_003-062-127,vocal_synthetic_003-062-127,/root/autodl-tmp/tokenizer-eval/data/nsynth/nsynth-valid/audio/vocal_synthetic_003-062-127.wav,37,vocal_synthetic_003,10,vocal,2,synthetic,62,127,16000,bright|distortion|long_release|nonlinear_env
5.1110783,80.4124,organ_electronic_104-051-075,organ_electronic_104-051-075,/root/autodl-tmp/tokenizer-eval/data/nsynth/nsynth-valid/audio/organ_electronic_104-051-075.wav,921,organ_electronic_104,6,organ,1,electronic,51,75,16000,
-56.311058,26.3829,keyboard_electronic_002-070-075,keyboard_electronic_002-070-075,/root/autodl-tmp/tokenizer-eval/data/nsynth/nsynth-valid/audio/keyboard_electronic_002-070-075.wav,50,keyboard_electronic_002,4,keyboard,1,electronic,70,75,16000,
10.286832,-2.5746489,guitar_acoustic_030-041-050,guitar_acoustic_030-041-050,/root/autodl-tmp/tokenizer-eval/data/nsynth/nsynth-valid/audio/guitar_acoustic_030-041-050.wav,642,guitar_acoustic_030,3,guitar,0,acoustic,41,50,16000,tempo-synced
30.362509,34.454918,mallet_acoustic_062-035-100,mallet_acoustic_062-035-100,/root/autodl-tmp/tokenizer-eval/data/nsynth/nsynth-valid/audio/mallet_acoustic_062-035-100.wav,644,mallet_acoustic_062,5,mallet,0,acoustic,35,100,16000,dark|long_release|multiphonic
-28.44246,36.949562,reed_acoustic_037-049-075,reed_acoustic_037-049-075,/root/autodl-tmp/tokenizer-eval/data/nsynth/nsynth-valid/audio/reed_acoustic_037-049-075.wav,387,reed_acoustic_037,7,reed,0,acoustic,49,75,16000,reverb
-37.276848,40.376663,brass_acoustic_006-085-075,brass_acoustic_006-085-075,/root/autodl-tmp/tokenizer-eval/data/nsynth/nsynth-valid/audio/brass_acoustic_006-085-075.wav,43,brass_acoustic_006,1,brass,0,acoustic,85,75,16000,reverb
-13.254158,-20.164585,reed_acoustic_037-050-025,reed_acoustic_037-050-025,/root/autodl-tmp/tokenizer-eval/data/nsynth/nsynth-valid/audio/reed_acoustic_037-050-025.wav,387,reed_acoustic_037,7,reed,0,acoustic,50,25,16000,reverb
-53.88092,-11.712202,flute_synthetic_000-084-127,flute_synthetic_000-084-127,/root/autodl-tmp/tokenizer-eval/data/nsynth/nsynth-valid/audio/flute_synthetic_000-084-127.wav,82,flute_synthetic_000,2,flute,2,synthetic,84,127,16000,distortion
-38.680454,-22.49301,organ_electronic_001-053-100,organ_electronic_001-053-100,/root/autodl-tmp/tokenizer-eval/data/nsynth/nsynth-valid/audio/organ_electronic_001-053-100.wav,8,organ_electronic_001,6,organ,1,electronic,53,100,16000,dark
24.81072,-11.237213,keyboard_electronic_003-059-100,keyboard_electronic_003-059-100,/root/autodl-tmp/tokenizer-eval/data/nsynth/nsynth-valid/audio/keyboard_electronic_003-059-100.wav,65,keyboard_electronic_003,4,keyboard,1,electronic,59,100,16000,
-50.926117,37.264847,organ_electronic_007-034-100,organ_electronic_007-034-100,/root/autodl-tmp/tokenizer-eval/data/nsynth/nsynth-valid/audio/organ_electronic_007-034-100.wav,123,organ_electronic_007,6,organ,1,electronic,34,100,16000,distortion|long_release|nonlinear_env
-46.301292,-47.67026,brass_acoustic_016-070-075,brass_acoustic_016-070-075,/root/autodl-tmp/tokenizer-eval/data/nsynth/nsynth-valid/audio/brass_acoustic_016-070-075.wav,128,brass_acoustic_016,1,brass,0,acoustic,70,75,16000,bright
-78.166,25.474735,vocal_synthetic_003-094-025,vocal_synthetic_003-094-025,/root/autodl-tmp/tokenizer-eval/data/nsynth/nsynth-valid/audio/vocal_synthetic_003-094-025.wav,37,vocal_synthetic_003,10,vocal,2,synthetic,94,25,16000,bright|distortion|long_release|nonlinear_env
25.321468,-24.57654,keyboard_electronic_001-078-100,keyboard_electronic_001-078-100,/root/autodl-tmp/tokenizer-eval/data/nsynth/nsynth-valid/audio/keyboard_electronic_001-078-100.wav,40,keyboard_electronic_001,4,keyboard,1,electronic,78,100,16000,
-9.630853,82.72225,flute_synthetic_000-087-025,flute_synthetic_000-087-025,/root/autodl-tmp/tokenizer-eval/data/nsynth/nsynth-valid/audio/flute_synthetic_000-087-025.wav,82,flute_synthetic_000,2,flute,2,synthetic,87,25,16000,distortion
-16.385715,3.48497,keyboard_electronic_069-072-025,keyboard_electronic_069-072-025,/root/autodl-tmp/tokenizer-eval/data/nsynth/nsynth-valid/audio/keyboard_electronic_069-072-025.wav,805,keyboard_electronic_069,4,keyboard,1,electronic,72,25,16000,distortion
17.581789,68.78379,flute_synthetic_000-038-075,flute_synthetic_000-038-075,/root/autodl-tmp/tokenizer-eval/data/nsynth/nsynth-valid/audio/flute_synthetic_000-038-075.wav,82,flute_synthetic_000,2,flute,2,synthetic,38,75,16000,distortion
72.70735,-24.125647,mallet_acoustic_047-088-025,mallet_acoustic_047-088-025,/root/autodl-tmp/tokenizer-eval/data/nsynth/nsynth-valid/audio/mallet_acoustic_047-088-025.wav,488,mallet_acoustic_047,5,mallet,0,acoustic,88,25,16000,fast_decay|percussive|reverb
-22.7746,59.46633,organ_electronic_007-068-100,organ_electronic_007-068-100,/root/autodl-tmp/tokenizer-eval/data/nsynth/nsynth-valid/audio/organ_electronic_007-068-100.wav,123,organ_electronic_007,6,organ,1,electronic,68,100,16000,distortion|long_release|nonlinear_env
-37.402912,-20.134592,vocal_acoustic_000-053-025,vocal_acoustic_000-053-025,/root/autodl-tmp/tokenizer-eval/data/nsynth/nsynth-valid/audio/vocal_acoustic_000-053-025.wav,46,vocal_acoustic_000,10,vocal,0,acoustic,53,25,16000,reverb
-69.82784,35.00053,organ_electronic_001-094-127,organ_electronic_001-094-127,/root/autodl-tmp/tokenizer-eval/data/nsynth/nsynth-valid/audio/organ_electronic_001-094-127.wav,8,organ_electronic_001,6,organ,1,electronic,94,127,16000,
-31.937943,-56.26711,vocal_synthetic_003-090-025,vocal_synthetic_003-090-025,/root/autodl-tmp/tokenizer-eval/data/nsynth/nsynth-valid/audio/vocal_synthetic_003-090-025.wav,37,vocal_synthetic_003,10,vocal,2,synthetic,90,25,16000,bright|distortion|long_release|nonlinear_env
7.352382,19.141783,bass_synthetic_098-045-025,bass_synthetic_098-045-025,/root/autodl-tmp/tokenizer-eval/data/nsynth/nsynth-valid/audio/bass_synthetic_098-045-025.wav,803,bass_synthetic_098,0,bass,2,synthetic,45,25,16000,dark
-8.626357,-24.056923,string_acoustic_057-074-127,string_acoustic_057-074-127,/root/autodl-tmp/tokenizer-eval/data/nsynth/nsynth-valid/audio/string_acoustic_057-074-127.wav,450,string_acoustic_057,8,string,0,acoustic,74,127,16000,bright|nonlinear_env|reverb
9.366162,-52.627342,organ_electronic_057-057-100,organ_electronic_057-057-100,/root/autodl-tmp/tokenizer-eval/data/nsynth/nsynth-valid/audio/organ_electronic_057-057-100.wav,701,organ_electronic_057,6,organ,1,electronic,57,100,16000,dark
-5.748678,79.46125,guitar_electronic_022-075-127,guitar_electronic_022-075-127,/root/autodl-tmp/tokenizer-eval/data/nsynth/nsynth-valid/audio/guitar_electronic_022-075-127.wav,378,guitar_electronic_022,3,guitar,1,electronic,75,127,16000,
-59.747086,-8.746977,organ_electronic_007-060-050,organ_electronic_007-060-050,/root/autodl-tmp/tokenizer-eval/data/nsynth/nsynth-valid/audio/organ_electronic_007-060-050.wav,123,organ_electronic_007,6,organ,1,electronic,60,50,16000,distortion|long_release|nonlinear_env
-9.22213,-2.9421053,mallet_acoustic_062-084-075,mallet_acoustic_062-084-075,/root/autodl-tmp/tokenizer-eval/data/nsynth/nsynth-valid/audio/mallet_acoustic_062-084-075.wav,644,mallet_acoustic_062,5,mallet,0,acoustic,84,75,16000,fast_decay|multiphonic
43.77574,-41.300842,keyboard_electronic_078-073-025,keyboard_electronic_078-073-025,/root/autodl-tmp/tokenizer-eval/data/nsynth/nsynth-valid/audio/keyboard_electronic_078-073-025.wav,838,keyboard_electronic_078,4,keyboard,1,electronic,73,25,16000,bright
5.952004,-51.67871,reed_acoustic_037-057-075,reed_acoustic_037-057-075,/root/autodl-tmp/tokenizer-eval/data/nsynth/nsynth-valid/audio/reed_acoustic_037-057-075.wav,387,reed_acoustic_037,7,reed,0,acoustic,57,75,16000,long_release|reverb
-27.2929,-53.972607,flute_acoustic_002-090-075,flute_acoustic_002-090-075,/root/autodl-tmp/tokenizer-eval/data/nsynth/nsynth-valid/audio/flute_acoustic_002-090-075.wav,86,flute_acoustic_002,2,flute,0,acoustic,90,75,16000,long_release|reverb
-64.16696,30.357462,vocal_acoustic_000-070-127,vocal_acoustic_000-070-127,/root/autodl-tmp/tokenizer-eval/data/nsynth/nsynth-valid/audio/vocal_acoustic_000-070-127.wav,46,vocal_acoustic_000,10,vocal,0,acoustic,70,127,16000,reverb
-55.374134,29.372908,mallet_acoustic_062-058-127,mallet_acoustic_062-058-127,/root/autodl-tmp/tokenizer-eval/data/nsynth/nsynth-valid/audio/mallet_acoustic_062-058-127.wav,644,mallet_acoustic_062,5,mallet,0,acoustic,58,127,16000,dark|long_release|multiphonic
73.87894,-8.38616,mallet_acoustic_056-055-127,mallet_acoustic_056-055-127,/root/autodl-tmp/tokenizer-eval/data/nsynth/nsynth-valid/audio/mallet_acoustic_056-055-127.wav,590,mallet_acoustic_056,5,mallet,0,acoustic,55,127,16000,bright|fast_decay|percussive
67.719086,-28.84854,mallet_acoustic_047-096-050,mallet_acoustic_047-096-050,/root/autodl-tmp/tokenizer-eval/data/nsynth/nsynth-valid/audio/mallet_acoustic_047-096-050.wav,488,mallet_acoustic_047,5,mallet,0,acoustic,96,50,16000,fast_decay|percussive|reverb
-56.69298,-13.9189005,reed_acoustic_018-084-025,reed_acoustic_018-084-025,/root/autodl-tmp/tokenizer-eval/data/nsynth/nsynth-valid/audio/reed_acoustic_018-084-025.wav,183,reed_acoustic_018,7,reed,0,acoustic,84,25,16000,
-60.76122,35.64965,reed_acoustic_018-070-075,reed_acoustic_018-070-075,/root/autodl-tmp/tokenizer-eval/data/nsynth/nsynth-valid/audio/reed_acoustic_018-070-075.wav,183,reed_acoustic_018,7,reed,0,acoustic,70,75,16000,
-17.410084,-57.408066,string_acoustic_057-071-050,string_acoustic_057-071-050,/root/autodl-tmp/tokenizer-eval/data/nsynth/nsynth-valid/audio/string_acoustic_057-071-050.wav,450,string_acoustic_057,8,string,0,acoustic,71,50,16000,bright|nonlinear_env|reverb
-5.170299,71.35763,guitar_acoustic_015-051-100,guitar_acoustic_015-051-100,/root/autodl-tmp/tokenizer-eval/data/nsynth/nsynth-valid/audio/guitar_acoustic_015-051-100.wav,316,guitar_acoustic_015,3,guitar,0,acoustic,51,100,16000,reverb
28.70365,11.617611,bass_electronic_025-040-075,bass_electronic_025-040-075,/root/autodl-tmp/tokenizer-eval/data/nsynth/nsynth-valid/audio/bass_electronic_025-040-075.wav,872,bass_electronic_025,0,bass,1,electronic,40,75,16000,
53.309814,-7.471073,guitar_acoustic_015-076-127,guitar_acoustic_015-076-127,/root/autodl-tmp/tokenizer-eval/data/nsynth/nsynth-valid/audio/guitar_acoustic_015-076-127.wav,316,guitar_acoustic_015,3,guitar,0,acoustic,76,127,16000,fast_decay|reverb
65.99181,-13.364982,reed_acoustic_023-038-100,reed_acoustic_023-038-100,/root/autodl-tmp/tokenizer-eval/data/nsynth/nsynth-valid/audio/reed_acoustic_023-038-100.wav,224,reed_acoustic_023,7,reed,0,acoustic,38,100,16000,bright|fast_decay|multiphonic|nonlinear_env
0.7462454,56.186428,organ_electronic_007-032-050,organ_electronic_007-032-050,/root/autodl-tmp/tokenizer-eval/data/nsynth/nsynth-valid/audio/organ_electronic_007-032-050.wav,123,organ_electronic_007,6,organ,1,electronic,32,50,16000,distortion|long_release|nonlinear_env
-56.760178,34.585796,reed_acoustic_037-046-050,reed_acoustic_037-046-050,/root/autodl-tmp/tokenizer-eval/data/nsynth/nsynth-valid/audio/reed_acoustic_037-046-050.wav,387,reed_acoustic_037,7,reed,0,acoustic,46,50,16000,reverb
-20.426233,58.74266,brass_acoustic_046-068-075,brass_acoustic_046-068-075,/root/autodl-tmp/tokenizer-eval/data/nsynth/nsynth-valid/audio/brass_acoustic_046-068-075.wav,414,brass_acoustic_046,1,brass,0,acoustic,68,75,16000,bright
-11.855483,3.672066,brass_acoustic_015-060-100,brass_acoustic_015-060-100,/root/autodl-tmp/tokenizer-eval/data/nsynth/nsynth-valid/audio/brass_acoustic_015-060-100.wav,121,brass_acoustic_015,1,brass,0,acoustic,60,100,16000,reverb
13.494013,13.38513,bass_synthetic_134-055-025,bass_synthetic_134-055-025,/root/autodl-tmp/tokenizer-eval/data/nsynth/nsynth-valid/audio/bass_synthetic_134-055-025.wav,914,bass_synthetic_134,0,bass,2,synthetic,55,25,16000,dark|reverb
4.682253,-50.78236,guitar_acoustic_010-081-050,guitar_acoustic_010-081-050,/root/autodl-tmp/tokenizer-eval/data/nsynth/nsynth-valid/audio/guitar_acoustic_010-081-050.wav,219,guitar_acoustic_010,3,guitar,0,acoustic,81,50,16000,
4.1709075,13.335474,bass_synthetic_098-092-100,bass_synthetic_098-092-100,/root/autodl-tmp/tokenizer-eval/data/nsynth/nsynth-valid/audio/bass_synthetic_098-092-100.wav,803,bass_synthetic_098,0,bass,2,synthetic,92,100,16000,
20.488688,19.763954,mallet_acoustic_062-048-075,mallet_acoustic_062-048-075,/root/autodl-tmp/tokenizer-eval/data/nsynth/nsynth-valid/audio/mallet_acoustic_062-048-075.wav,644,mallet_acoustic_062,5,mallet,0,acoustic,48,75,16000,dark|multiphonic
-14.890029,19.807373,brass_acoustic_006-037-100,brass_acoustic_006-037-100,/root/autodl-tmp/tokenizer-eval/data/nsynth/nsynth-valid/audio/brass_acoustic_006-037-100.wav,43,brass_acoustic_006,1,brass,0,acoustic,37,100,16000,reverb
-37.089497,5.2522264,reed_acoustic_037-055-100,reed_acoustic_037-055-100,/root/autodl-tmp/tokenizer-eval/data/nsynth/nsynth-valid/audio/reed_acoustic_037-055-100.wav,387,reed_acoustic_037,7,reed,0,acoustic,55,100,16000,reverb
7.921374,-42.637543,brass_acoustic_006-045-025,brass_acoustic_006-045-025,/root/autodl-tmp/tokenizer-eval/data/nsynth/nsynth-valid/audio/brass_acoustic_006-045-025.wav,43,brass_acoustic_006,1,brass,0,acoustic,45,25,16000,reverb
-64.40462,6.045801,vocal_synthetic_003-038-075,vocal_synthetic_003-038-075,/root/autodl-tmp/tokenizer-eval/data/nsynth/nsynth-valid/audio/vocal_synthetic_003-038-075.wav,37,vocal_synthetic_003,10,vocal,2,synthetic,38,75,16000,distortion|long_release|nonlinear_env
14.677355,-30.935896,reed_acoustic_018-078-075,reed_acoustic_018-078-075,/root/autodl-tmp/tokenizer-eval/data/nsynth/nsynth-valid/audio/reed_acoustic_018-078-075.wav,183,reed_acoustic_018,7,reed,0,acoustic,78,75,16000,
-12.116783,84.82191,brass_acoustic_006-075-025,brass_acoustic_006-075-025,/root/autodl-tmp/tokenizer-eval/data/nsynth/nsynth-valid/audio/brass_acoustic_006-075-025.wav,43,brass_acoustic_006,1,brass,0,acoustic,75,25,16000,reverb
46.588673,-45.300823,reed_acoustic_023-066-025,reed_acoustic_023-066-025,/root/autodl-tmp/tokenizer-eval/data/nsynth/nsynth-valid/audio/reed_acoustic_023-066-025.wav,224,reed_acoustic_023,7,reed,0,acoustic,66,25,16000,bright|fast_decay|multiphonic|nonlinear_env
-15.639345,26.75639,reed_acoustic_037-031-025,reed_acoustic_037-031-025,/root/autodl-tmp/tokenizer-eval/data/nsynth/nsynth-valid/audio/reed_acoustic_037-031-025.wav,387,reed_acoustic_037,7,reed,0,acoustic,31,25,16000,reverb
77.27792,-15.717911,mallet_acoustic_062-088-025,mallet_acoustic_062-088-025,/root/autodl-tmp/tokenizer-eval/data/nsynth/nsynth-valid/audio/mallet_acoustic_062-088-025.wav,644,mallet_acoustic_062,5,mallet,0,acoustic,88,25,16000,fast_decay|multiphonic|percussive
-6.8705764,22.974678,brass_acoustic_059-033-050,brass_acoustic_059-033-050,/root/autodl-tmp/tokenizer-eval/data/nsynth/nsynth-valid/audio/brass_acoustic_059-033-050.wav,572,brass_acoustic_059,1,brass,0,acoustic,33,50,16000,reverb
28.130838,12.786738,organ_electronic_028-040-127,organ_electronic_028-040-127,/root/autodl-tmp/tokenizer-eval/data/nsynth/nsynth-valid/audio/organ_electronic_028-040-127.wav,440,organ_electronic_028,6,organ,1,electronic,40,127,16000,dark
12.525043,40.162918,organ_electronic_113-037-127,organ_electronic_113-037-127,/root/autodl-tmp/tokenizer-eval/data/nsynth/nsynth-valid/audio/organ_electronic_113-037-127.wav,958,organ_electronic_113,6,organ,1,electronic,37,127,16000,dark
5.455345,35.497253,flute_synthetic_000-055-075,flute_synthetic_000-055-075,/root/autodl-tmp/tokenizer-eval/data/nsynth/nsynth-valid/audio/flute_synthetic_000-055-075.wav,82,flute_synthetic_000,2,flute,2,synthetic,55,75,16000,distortion
-84.88234,-0.119749494,brass_acoustic_046-090-050,brass_acoustic_046-090-050,/root/autodl-tmp/tokenizer-eval/data/nsynth/nsynth-valid/audio/brass_acoustic_046-090-050.wav,414,brass_acoustic_046,1,brass,0,acoustic,90,50,16000,long_release
9.094624,-48.28017,flute_synthetic_000-069-025,flute_synthetic_000-069-025,/root/autodl-tmp/tokenizer-eval/data/nsynth/nsynth-valid/audio/flute_synthetic_000-069-025.wav,82,flute_synthetic_000,2,flute,2,synthetic,69,25,16000,distortion
-1.9954225,-8.541483,brass_acoustic_015-043-050,brass_acoustic_015-043-050,/root/autodl-tmp/tokenizer-eval/data/nsynth/nsynth-valid/audio/brass_acoustic_015-043-050.wav,121,brass_acoustic_015,1,brass,0,acoustic,43,50,16000,reverb
32.29523,46.4677,flute_synthetic_000-045-025,flute_synthetic_000-045-025,/root/autodl-tmp/tokenizer-eval/data/nsynth/nsynth-valid/audio/flute_synthetic_000-045-025.wav,82,flute_synthetic_000,2,flute,2,synthetic,45,25,16000,distortion
76.62556,-20.760494,mallet_acoustic_047-072-127,mallet_acoustic_047-072-127,/root/autodl-tmp/tokenizer-eval/data/nsynth/nsynth-valid/audio/mallet_acoustic_047-072-127.wav,488,mallet_acoustic_047,5,mallet,0,acoustic,72,127,16000,fast_decay|percussive|reverb
2.2185407,-16.349499,guitar_acoustic_030-062-075,guitar_acoustic_030-062-075,/root/autodl-tmp/tokenizer-eval/data/nsynth/nsynth-valid/audio/guitar_acoustic_030-062-075.wav,642,guitar_acoustic_030,3,guitar,0,acoustic,62,75,16000,tempo-synced
43.744396,2.9554257,string_acoustic_056-037-075,string_acoustic_056-037-075,/root/autodl-tmp/tokenizer-eval/data/nsynth/nsynth-valid/audio/string_acoustic_056-037-075.wav,436,string_acoustic_056,8,string,0,acoustic,37,75,16000,reverb
-8.092359,-13.756042,organ_electronic_057-050-127,organ_electronic_057-050-127,/root/autodl-tmp/tokenizer-eval/data/nsynth/nsynth-valid/audio/organ_electronic_057-050-127.wav,701,organ_electronic_057,6,organ,1,electronic,50,127,16000,dark
5.42754,-46.776436,brass_acoustic_006-069-050,brass_acoustic_006-069-050,/root/autodl-tmp/tokenizer-eval/data/nsynth/nsynth-valid/audio/brass_acoustic_006-069-050.wav,43,brass_acoustic_006,1,brass,0,acoustic,69,50,16000,reverb
-86.31678,-4.221954,brass_acoustic_046-090-075,brass_acoustic_046-090-075,/root/autodl-tmp/tokenizer-eval/data/nsynth/nsynth-valid/audio/brass_acoustic_046-090-075.wav,414,brass_acoustic_046,1,brass,0,acoustic,90,75,16000,long_release
-87.63623,-3.280997,brass_acoustic_046-094-050,brass_acoustic_046-094-050,/root/autodl-tmp/tokenizer-eval/data/nsynth/nsynth-valid/audio/brass_acoustic_046-094-050.wav,414,brass_acoustic_046,1,brass,0,acoustic,94,50,16000,long_release
55.947304,-42.452923,reed_acoustic_023-045-025,reed_acoustic_023-045-025,/root/autodl-tmp/tokenizer-eval/data/nsynth/nsynth-valid/audio/reed_acoustic_023-045-025.wav,224,reed_acoustic_023,7,reed,0,acoustic,45,25,16000,bright|fast_decay|multiphonic|nonlinear_env
28.64119,36.161728,guitar_acoustic_030-034-075,guitar_acoustic_030-034-075,/root/autodl-tmp/tokenizer-eval/data/nsynth/nsynth-valid/audio/guitar_acoustic_030-034-075.wav,642,guitar_acoustic_030,3,guitar,0,acoustic,34,75,16000,long_release|tempo-synced
-56.57792,-10.339484,organ_electronic_028-084-025,organ_electronic_028-084-025,/root/autodl-tmp/tokenizer-eval/data/nsynth/nsynth-valid/audio/organ_electronic_028-084-025.wav,440,organ_electronic_028,6,organ,1,electronic,84,25,16000,
-0.096822344,54.036293,keyboard_electronic_002-044-050,keyboard_electronic_002-044-050,/root/autodl-tmp/tokenizer-eval/data/nsynth/nsynth-valid/audio/keyboard_electronic_002-044-050.wav,50,keyboard_electronic_002,4,keyboard,1,electronic,44,50,16000,distortion
-73.23356,32.72241,flute_acoustic_002-094-025,flute_acoustic_002-094-025,/root/autodl-tmp/tokenizer-eval/data/nsynth/nsynth-valid/audio/flute_acoustic_002-094-025.wav,86,flute_acoustic_002,2,flute,0,acoustic,94,25,16000,reverb
37.533424,17.37243,mallet_acoustic_062-038-100,mallet_acoustic_062-038-100,/root/autodl-tmp/tokenizer-eval/data/nsynth/nsynth-valid/audio/mallet_acoustic_062-038-100.wav,644,mallet_acoustic_062,5,mallet,0,acoustic,38,100,16000,dark|long_release|multiphonic
-31.093134,32.292374,flute_synthetic_000-085-050,flute_synthetic_000-085-050,/root/autodl-tmp/tokenizer-eval/data/nsynth/nsynth-valid/audio/flute_synthetic_000-085-050.wav,82,flute_synthetic_000,2,flute,2,synthetic,85,50,16000,distortion
58.248486,-20.46513,mallet_acoustic_062-079-050,mallet_acoustic_062-079-050,/root/autodl-tmp/tokenizer-eval/data/nsynth/nsynth-valid/audio/mallet_acoustic_062-079-050.wav,644,mallet_acoustic_062,5,mallet,0,acoustic,79,50,16000,fast_decay|multiphonic
-89.26742,-0.68483883,brass_acoustic_046-089-127,brass_acoustic_046-089-127,/root/autodl-tmp/tokenizer-eval/data/nsynth/nsynth-valid/audio/brass_acoustic_046-089-127.wav,414,brass_acoustic_046,1,brass,0,acoustic,89,127,16000,long_release
8.793391,-1.9985776,string_acoustic_080-042-127,string_acoustic_080-042-127,/root/autodl-tmp/tokenizer-eval/data/nsynth/nsynth-valid/audio/string_acoustic_080-042-127.wav,675,string_acoustic_080,8,string,0,acoustic,42,127,16000,long_release|reverb
80.2371,-16.267302,mallet_acoustic_047-065-050,mallet_acoustic_047-065-050,/root/autodl-tmp/tokenizer-eval/data/nsynth/nsynth-valid/audio/mallet_acoustic_047-065-050.wav,488,mallet_acoustic_047,5,mallet,0,acoustic,65,50,16000,fast_decay|percussive|reverb
-62.39897,-6.225865,vocal_synthetic_003-060-075,vocal_synthetic_003-060-075,/root/autodl-tmp/tokenizer-eval/data/nsynth/nsynth-valid/audio/vocal_synthetic_003-060-075.wav,37,vocal_synthetic_003,10,vocal,2,synthetic,60,75,16000,bright|distortion|long_release|nonlinear_env
79.37527,-22.177408,mallet_acoustic_047-075-100,mallet_acoustic_047-075-100,/root/autodl-tmp/tokenizer-eval/data/nsynth/nsynth-valid/audio/mallet_acoustic_047-075-100.wav,488,mallet_acoustic_047,5,mallet,0,acoustic,75,100,16000,fast_decay|percussive|reverb
12.4397135,39.927235,organ_electronic_104-049-100,organ_electronic_104-049-100,/root/autodl-tmp/tokenizer-eval/data/nsynth/nsynth-valid/audio/organ_electronic_104-049-100.wav,921,organ_electronic_104,6,organ,1,electronic,49,100,16000,
-10.23515,47.067036,guitar_acoustic_015-056-100,guitar_acoustic_015-056-100,/root/autodl-tmp/tokenizer-eval/data/nsynth/nsynth-valid/audio/guitar_acoustic_015-056-100.wav,316,guitar_acoustic_015,3,guitar,0,acoustic,56,100,16000,reverb
63.038425,-1.6612383,bass_synthetic_134-081-127,bass_synthetic_134-081-127,/root/autodl-tmp/tokenizer-eval/data/nsynth/nsynth-valid/audio/bass_synthetic_134-081-127.wav,914,bass_synthetic_134,0,bass,2,synthetic,81,127,16000,fast_decay|percussive|reverb
-62.74612,0.42580178,vocal_synthetic_003-048-100,vocal_synthetic_003-048-100,/root/autodl-tmp/tokenizer-eval/data/nsynth/nsynth-valid/audio/vocal_synthetic_003-048-100.wav,37,vocal_synthetic_003,10,vocal,2,synthetic,48,100,16000,bright|distortion|long_release|nonlinear_env
46.846867,3.5030537,mallet_acoustic_062-061-025,mallet_acoustic_062-061-025,/root/autodl-tmp/tokenizer-eval/data/nsynth/nsynth-valid/audio/mallet_acoustic_062-061-025.wav,644,mallet_acoustic_062,5,mallet,0,acoustic,61,25,16000,dark|fast_decay|multiphonic
-15.591727,-67.61244,organ_electronic_057-076-050,organ_electronic_057-076-050,/root/autodl-tmp/tokenizer-eval/data/nsynth/nsynth-valid/audio/organ_electronic_057-076-050.wav,701,organ_electronic_057,6,organ,1,electronic,76,50,16000,
15.180464,32.33303,string_acoustic_012-034-075,string_acoustic_012-034-075,/root/autodl-tmp/tokenizer-eval/data/nsynth/nsynth-valid/audio/string_acoustic_012-034-075.wav,97,string_acoustic_012,8,string,0,acoustic,34,75,16000,long_release|reverb
24.335785,-10.148639,guitar_electronic_028-059-100,guitar_electronic_028-059-100,/root/autodl-tmp/tokenizer-eval/data/nsynth/nsynth-valid/audio/guitar_electronic_028-059-100.wav,510,guitar_electronic_028,3,guitar,1,electronic,59,100,16000,dark
-66.32062,34.112534,flute_synthetic_000-094-050,flute_synthetic_000-094-050,/root/autodl-tmp/tokenizer-eval/data/nsynth/nsynth-valid/audio/flute_synthetic_000-094-050.wav,82,flute_synthetic_000,2,flute,2,synthetic,94,50,16000,distortion
-55.93355,36.870747,organ_electronic_001-058-100,organ_electronic_001-058-100,/root/autodl-tmp/tokenizer-eval/data/nsynth/nsynth-valid/audio/organ_electronic_001-058-100.wav,8,organ_electronic_001,6,organ,1,electronic,58,100,16000,dark
-2.875863,-21.362633,guitar_acoustic_014-074-050,guitar_acoustic_014-074-050,/root/autodl-tmp/tokenizer-eval/data/nsynth/nsynth-valid/audio/guitar_acoustic_014-074-050.wav,263,guitar_acoustic_014,3,guitar,0,acoustic,74,50,16000,
53.045216,-5.3408203,string_acoustic_056-064-025,string_acoustic_056-064-025,/root/autodl-tmp/tokenizer-eval/data/nsynth/nsynth-valid/audio/string_acoustic_056-064-025.wav,436,string_acoustic_056,8,string,0,acoustic,64,25,16000,fast_decay|percussive|reverb
6.669516,1.2982695,flute_synthetic_000-041-050,flute_synthetic_000-041-050,/root/autodl-tmp/tokenizer-eval/data/nsynth/nsynth-valid/audio/flute_synthetic_000-041-050.wav,82,flute_synthetic_000,2,flute,2,synthetic,41,50,16000,distortion
-9.284524,48.788578,bass_synthetic_068-068-100,bass_synthetic_068-068-100,/root/autodl-tmp/tokenizer-eval/data/nsynth/nsynth-valid/audio/bass_synthetic_068-068-100.wav,656,bass_synthetic_068,0,bass,2,synthetic,68,100,16000,
23.793716,34.775646,flute_synthetic_000-047-050,flute_synthetic_000-047-050,/root/autodl-tmp/tokenizer-eval/data/nsynth/nsynth-valid/audio/flute_synthetic_000-047-050.wav,82,flute_synthetic_000,2,flute,2,synthetic,47,50,16000,distortion
-30.052248,-27.193607,guitar_electronic_028-077-075,guitar_electronic_028-077-075,/root/autodl-tmp/tokenizer-eval/data/nsynth/nsynth-valid/audio/guitar_electronic_028-077-075.wav,510,guitar_electronic_028,3,guitar,1,electronic,77,75,16000,
-35.44966,-0.20743889,brass_acoustic_006-067-127,brass_acoustic_006-067-127,/root/autodl-tmp/tokenizer-eval/data/nsynth/nsynth-valid/audio/brass_acoustic_006-067-127.wav,43,brass_acoustic_006,1,brass,0,acoustic,67,127,16000,reverb
-0.6934918,-16.779766,guitar_acoustic_015-050-100,guitar_acoustic_015-050-100,/root/autodl-tmp/tokenizer-eval/data/nsynth/nsynth-valid/audio/guitar_acoustic_015-050-100.wav,316,guitar_acoustic_015,3,guitar,0,acoustic,50,100,16000,reverb
50.28043,-36.40845,reed_acoustic_023-051-050,reed_acoustic_023-051-050,/root/autodl-tmp/tokenizer-eval/data/nsynth/nsynth-valid/audio/reed_acoustic_023-051-050.wav,224,reed_acoustic_023,7,reed,0,acoustic,51,50,16000,bright|fast_decay|multiphonic|nonlinear_env
-28.475878,62.673405,vocal_synthetic_003-092-075,vocal_synthetic_003-092-075,/root/autodl-tmp/tokenizer-eval/data/nsynth/nsynth-valid/audio/vocal_synthetic_003-092-075.wav,37,vocal_synthetic_003,10,vocal,2,synthetic,92,75,16000,long_release|nonlinear_env
-30.691252,31.096281,brass_acoustic_015-073-025,brass_acoustic_015-073-025,/root/autodl-tmp/tokenizer-eval/data/nsynth/nsynth-valid/audio/brass_acoustic_015-073-025.wav,121,brass_acoustic_015,1,brass,0,acoustic,73,25,16000,reverb
35.508083,53.590683,organ_electronic_007-033-100,organ_electronic_007-033-100,/root/autodl-tmp/tokenizer-eval/data/nsynth/nsynth-valid/audio/organ_electronic_007-033-100.wav,123,organ_electronic_007,6,organ,1,electronic,33,100,16000,distortion|long_release|nonlinear_env
70.912415,-11.24938,guitar_acoustic_021-093-075,guitar_acoustic_021-093-075,/root/autodl-tmp/tokenizer-eval/data/nsynth/nsynth-valid/audio/guitar_acoustic_021-093-075.wav,457,guitar_acoustic_021,3,guitar,0,acoustic,93,75,16000,fast_decay|percussive
37.067604,34.603035,bass_synthetic_135-032-100,bass_synthetic_135-032-100,/root/autodl-tmp/tokenizer-eval/data/nsynth/nsynth-valid/audio/bass_synthetic_135-032-100.wav,927,bass_synthetic_135,0,bass,2,synthetic,32,100,16000,distortion
-26.252056,62.39045,vocal_synthetic_003-080-025,vocal_synthetic_003-080-025,/root/autodl-tmp/tokenizer-eval/data/nsynth/nsynth-valid/audio/vocal_synthetic_003-080-025.wav,37,vocal_synthetic_003,10,vocal,2,synthetic,80,25,16000,bright|distortion|long_release|nonlinear_env
-38.6045,-25.886843,reed_acoustic_037-065-025,reed_acoustic_037-065-025,/root/autodl-tmp/tokenizer-eval/data/nsynth/nsynth-valid/audio/reed_acoustic_037-065-025.wav,387,reed_acoustic_037,7,reed,0,acoustic,65,25,16000,reverb
62.370354,-45.584362,reed_acoustic_023-081-050,reed_acoustic_023-081-050,/root/autodl-tmp/tokenizer-eval/data/nsynth/nsynth-valid/audio/reed_acoustic_023-081-050.wav,224,reed_acoustic_023,7,reed,0,acoustic,81,50,16000,bright|fast_decay|multiphonic|nonlinear_env
42.305523,31.482658,bass_synthetic_068-043-100,bass_synthetic_068-043-100,/root/autodl-tmp/tokenizer-eval/data/nsynth/nsynth-valid/audio/bass_synthetic_068-043-100.wav,656,bass_synthetic_068,0,bass,2,synthetic,43,100,16000,dark
17.506403,42.926243,organ_electronic_057-036-025,organ_electronic_057-036-025,/root/autodl-tmp/tokenizer-eval/data/nsynth/nsynth-valid/audio/organ_electronic_057-036-025.wav,701,organ_electronic_057,6,organ,1,electronic,36,25,16000,dark
22.720545,67.60557,bass_electronic_027-038-050,bass_electronic_027-038-050,/root/autodl-tmp/tokenizer-eval/data/nsynth/nsynth-valid/audio/bass_electronic_027-038-050.wav,880,bass_electronic_027,0,bass,1,electronic,38,50,16000,
25.830317,-24.66669,keyboard_electronic_001-066-127,keyboard_electronic_001-066-127,/root/autodl-tmp/tokenizer-eval/data/nsynth/nsynth-valid/audio/keyboard_electronic_001-066-127.wav,40,keyboard_electronic_001,4,keyboard,1,electronic,66,127,16000,percussive
-15.13414,83.74086,string_acoustic_057-075-100,string_acoustic_057-075-100,/root/autodl-tmp/tokenizer-eval/data/nsynth/nsynth-valid/audio/string_acoustic_057-075-100.wav,450,string_acoustic_057,8,string,0,acoustic,75,100,16000,bright|nonlinear_env|reverb
71.020584,-13.905568,guitar_acoustic_015-095-100,guitar_acoustic_015-095-100,/root/autodl-tmp/tokenizer-eval/data/nsynth/nsynth-valid/audio/guitar_acoustic_015-095-100.wav,316,guitar_acoustic_015,3,guitar,0,acoustic,95,100,16000,fast_decay|percussive|reverb
-12.419245,-57.34506,organ_electronic_007-047-025,organ_electronic_007-047-025,/root/autodl-tmp/tokenizer-eval/data/nsynth/nsynth-valid/audio/organ_electronic_007-047-025.wav,123,organ_electronic_007,6,organ,1,electronic,47,25,16000,distortion|long_release|nonlinear_env
-20.597546,-62.380257,string_acoustic_057-083-025,string_acoustic_057-083-025,/root/autodl-tmp/tokenizer-eval/data/nsynth/nsynth-valid/audio/string_acoustic_057-083-025.wav,450,string_acoustic_057,8,string,0,acoustic,83,25,16000,bright|nonlinear_env|reverb
-17.97503,-65.811516,flute_acoustic_002-095-100,flute_acoustic_002-095-100,/root/autodl-tmp/tokenizer-eval/data/nsynth/nsynth-valid/audio/flute_acoustic_002-095-100.wav,86,flute_acoustic_002,2,flute,0,acoustic,95,100,16000,reverb
-85.720955,-2.692283,brass_acoustic_046-095-025,brass_acoustic_046-095-025,/root/autodl-tmp/tokenizer-eval/data/nsynth/nsynth-valid/audio/brass_acoustic_046-095-025.wav,414,brass_acoustic_046,1,brass,0,acoustic,95,25,16000,long_release
41.852207,12.643527,mallet_acoustic_062-051-075,mallet_acoustic_062-051-075,/root/autodl-tmp/tokenizer-eval/data/nsynth/nsynth-valid/audio/mallet_acoustic_062-051-075.wav,644,mallet_acoustic_062,5,mallet,0,acoustic,51,75,16000,dark|multiphonic
6.0394154,-52.523933,reed_acoustic_037-045-075,reed_acoustic_037-045-075,/root/autodl-tmp/tokenizer-eval/data/nsynth/nsynth-valid/audio/reed_acoustic_037-045-075.wav,387,reed_acoustic_037,7,reed,0,acoustic,45,75,16000,long_release|reverb
-28.56255,-1.7153993,guitar_electronic_022-079-050,guitar_electronic_022-079-050,/root/autodl-tmp/tokenizer-eval/data/nsynth/nsynth-valid/audio/guitar_electronic_022-079-050.wav,378,guitar_electronic_022,3,guitar,1,electronic,79,50,16000,
22.485394,67.68578,keyboard_electronic_003-038-025,keyboard_electronic_003-038-025,/root/autodl-tmp/tokenizer-eval/data/nsynth/nsynth-valid/audio/keyboard_electronic_003-038-025.wav,65,keyboard_electronic_003,4,keyboard,1,electronic,38,25,16000,dark
61.88997,-0.56523967,bass_synthetic_134-094-075,bass_synthetic_134-094-075,/root/autodl-tmp/tokenizer-eval/data/nsynth/nsynth-valid/audio/bass_synthetic_134-094-075.wav,914,bass_synthetic_134,0,bass,2,synthetic,94,75,16000,fast_decay|percussive|reverb
82.68785,-20.5759,mallet_acoustic_047-078-050,mallet_acoustic_047-078-050,/root/autodl-tmp/tokenizer-eval/data/nsynth/nsynth-valid/audio/mallet_acoustic_047-078-050.wav,488,mallet_acoustic_047,5,mallet,0,acoustic,78,50,16000,fast_decay|percussive|reverb
32.894264,11.600141,bass_synthetic_034-052-127,bass_synthetic_034-052-127,/root/autodl-tmp/tokenizer-eval/data/nsynth/nsynth-valid/audio/bass_synthetic_034-052-127.wav,420,bass_synthetic_034,0,bass,2,synthetic,52,127,16000,distortion|tempo-synced
-0.16511612,-76.175575,flute_synthetic_000-076-100,flute_synthetic_000-076-100,/root/autodl-tmp/tokenizer-eval/data/nsynth/nsynth-valid/audio/flute_synthetic_000-076-100.wav,82,flute_synthetic_000,2,flute,2,synthetic,76,100,16000,distortion
-14.328106,-34.511528,bass_synthetic_009-074-050,bass_synthetic_009-074-050,/root/autodl-tmp/tokenizer-eval/data/nsynth/nsynth-valid/audio/bass_synthetic_009-074-050.wav,150,bass_synthetic_009,0,bass,2,synthetic,74,50,16000,bright|distortion|long_release
-62.392952,8.842401,vocal_synthetic_003-032-100,vocal_synthetic_003-032-100,/root/autodl-tmp/tokenizer-eval/data/nsynth/nsynth-valid/audio/vocal_synthetic_003-032-100.wav,37,vocal_synthetic_003,10,vocal,2,synthetic,32,100,16000,bright|distortion|long_release|nonlinear_env
24.913897,13.481012,vocal_synthetic_003-040-025,vocal_synthetic_003-040-025,/root/autodl-tmp/tokenizer-eval/data/nsynth/nsynth-valid/audio/vocal_synthetic_003-040-025.wav,37,vocal_synthetic_003,10,vocal,2,synthetic,40,25,16000,distortion|long_release|nonlinear_env
-6.981533,-28.458838,organ_electronic_028-086-025,organ_electronic_028-086-025,/root/autodl-tmp/tokenizer-eval/data/nsynth/nsynth-valid/audio/organ_electronic_028-086-025.wav,440,organ_electronic_028,6,organ,1,electronic,86,25,16000,
-6.819051,26.078358,keyboard_electronic_001-033-127,keyboard_electronic_001-033-127,/root/autodl-tmp/tokenizer-eval/data/nsynth/nsynth-valid/audio/keyboard_electronic_001-033-127.wav,40,keyboard_electronic_001,4,keyboard,1,electronic,33,127,16000,
-37.402233,12.230453,organ_electronic_001-036-127,organ_electronic_001-036-127,/root/autodl-tmp/tokenizer-eval/data/nsynth/nsynth-valid/audio/organ_electronic_001-036-127.wav,8,organ_electronic_001,6,organ,1,electronic,36,127,16000,dark
-30.014818,29.533974,guitar_acoustic_014-073-075,guitar_acoustic_014-073-075,/root/autodl-tmp/tokenizer-eval/data/nsynth/nsynth-valid/audio/guitar_acoustic_014-073-075.wav,263,guitar_acoustic_014,3,guitar,0,acoustic,73,75,16000,
61.005363,-38.277527,reed_acoustic_023-082-100,reed_acoustic_023-082-100,/root/autodl-tmp/tokenizer-eval/data/nsynth/nsynth-valid/audio/reed_acoustic_023-082-100.wav,224,reed_acoustic_023,7,reed,0,acoustic,82,100,16000,bright|fast_decay|multiphonic|nonlinear_env
-30.551893,-28.184649,mallet_acoustic_062-077-127,mallet_acoustic_062-077-127,/root/autodl-tmp/tokenizer-eval/data/nsynth/nsynth-valid/audio/mallet_acoustic_062-077-127.wav,644,mallet_acoustic_062,5,mallet,0,acoustic,77,127,16000,multiphonic
64.09854,-8.940123,keyboard_acoustic_004-083-127,keyboard_acoustic_004-083-127,/root/autodl-tmp/tokenizer-eval/data/nsynth/nsynth-valid/audio/keyboard_acoustic_004-083-127.wav,327,keyboard_acoustic_004,4,keyboard,0,acoustic,83,127,16000,reverb
42.347237,12.365531,bass_electronic_025-051-100,bass_electronic_025-051-100,/root/autodl-tmp/tokenizer-eval/data/nsynth/nsynth-valid/audio/bass_electronic_025-051-100.wav,872,bass_electronic_025,0,bass,1,electronic,51,100,16000,
57.21343,0.054567598,string_acoustic_056-041-100,string_acoustic_056-041-100,/root/autodl-tmp/tokenizer-eval/data/nsynth/nsynth-valid/audio/string_acoustic_056-041-100.wav,436,string_acoustic_056,8,string,0,acoustic,41,100,16000,fast_decay|percussive|reverb
41.39204,28.002552,mallet_acoustic_062-032-050,mallet_acoustic_062-032-050,/root/autodl-tmp/tokenizer-eval/data/nsynth/nsynth-valid/audio/mallet_acoustic_062-032-050.wav,644,mallet_acoustic_062,5,mallet,0,acoustic,32,50,16000,dark|multiphonic
-16.558792,-33.542717,vocal_synthetic_003-086-075,vocal_synthetic_003-086-075,/root/autodl-tmp/tokenizer-eval/data/nsynth/nsynth-valid/audio/vocal_synthetic_003-086-075.wav,37,vocal_synthetic_003,10,vocal,2,synthetic,86,75,16000,long_release|nonlinear_env
45.224365,-50.899437,reed_acoustic_023-090-127,reed_acoustic_023-090-127,/root/autodl-tmp/tokenizer-eval/data/nsynth/nsynth-valid/audio/reed_acoustic_023-090-127.wav,224,reed_acoustic_023,7,reed,0,acoustic,90,127,16000,fast_decay|multiphonic|nonlinear_env
37.029488,42.183506,mallet_acoustic_062-045-100,mallet_acoustic_062-045-100,/root/autodl-tmp/tokenizer-eval/data/nsynth/nsynth-valid/audio/mallet_acoustic_062-045-100.wav,644,mallet_acoustic_062,5,mallet,0,acoustic,45,100,16000,dark|long_release|multiphonic
-13.792471,-16.624561,reed_acoustic_011-050-050,reed_acoustic_011-050-050,/root/autodl-tmp/tokenizer-eval/data/nsynth/nsynth-valid/audio/reed_acoustic_011-050-050.wav,104,reed_acoustic_011,7,reed,0,acoustic,50,50,16000,
32.559742,41.946175,mallet_acoustic_062-033-127,mallet_acoustic_062-033-127,/root/autodl-tmp/tokenizer-eval/data/nsynth/nsynth-valid/audio/mallet_acoustic_062-033-127.wav,644,mallet_acoustic_062,5,mallet,0,acoustic,33,127,16000,dark|long_release|multiphonic
34.120686,-44.17123,mallet_acoustic_062-093-127,mallet_acoustic_062-093-127,/root/autodl-tmp/tokenizer-eval/data/nsynth/nsynth-valid/audio/mallet_acoustic_062-093-127.wav,644,mallet_acoustic_062,5,mallet,0,acoustic,93,127,16000,multiphonic
-41.22482,-31.092285,brass_acoustic_006-077-100,brass_acoustic_006-077-100,/root/autodl-tmp/tokenizer-eval/data/nsynth/nsynth-valid/audio/brass_acoustic_006-077-100.wav,43,brass_acoustic_006,1,brass,0,acoustic,77,100,16000,reverb
17.72978,-45.22498,mallet_acoustic_062-057-075,mallet_acoustic_062-057-075,/root/autodl-tmp/tokenizer-eval/data/nsynth/nsynth-valid/audio/mallet_acoustic_062-057-075.wav,644,mallet_acoustic_062,5,mallet,0,acoustic,57,75,16000,dark|multiphonic
-2.123922,-42.101295,organ_electronic_001-093-025,organ_electronic_001-093-025,/root/autodl-tmp/tokenizer-eval/data/nsynth/nsynth-valid/audio/organ_electronic_001-093-025.wav,8,organ_electronic_001,6,organ,1,electronic,93,25,16000,
-58.378998,30.873238,guitar_electronic_022-070-025,guitar_electronic_022-070-025,/root/autodl-tmp/tokenizer-eval/data/nsynth/nsynth-valid/audio/guitar_electronic_022-070-025.wav,378,guitar_electronic_022,3,guitar,1,electronic,70,25,16000,
-9.874902,-35.85627,organ_electronic_007-074-075,organ_electronic_007-074-075,/root/autodl-tmp/tokenizer-eval/data/nsynth/nsynth-valid/audio/organ_electronic_007-074-075.wav,123,organ_electronic_007,6,organ,1,electronic,74,75,16000,distortion|long_release|nonlinear_env
48.877197,5.5460467,mallet_acoustic_062-062-050,mallet_acoustic_062-062-050,/root/autodl-tmp/tokenizer-eval/data/nsynth/nsynth-valid/audio/mallet_acoustic_062-062-050.wav,644,mallet_acoustic_062,5,mallet,0,acoustic,62,50,16000,dark|fast_decay|multiphonic
38.73639,31.12467,bass_synthetic_033-032-100,bass_synthetic_033-032-100,/root/autodl-tmp/tokenizer-eval/data/nsynth/nsynth-valid/audio/bass_synthetic_033-032-100.wav,417,bass_synthetic_033,0,bass,2,synthetic,32,100,16000,dark
-39.681904,4.60429,reed_acoustic_011-067-025,reed_acoustic_011-067-025,/root/autodl-tmp/tokenizer-eval/data/nsynth/nsynth-valid/audio/reed_acoustic_011-067-025.wav,104,reed_acoustic_011,7,reed,0,acoustic,67,25,16000,
82.08446,-12.4000225,mallet_acoustic_047-083-127,mallet_acoustic_047-083-127,/root/autodl-tmp/tokenizer-eval/data/nsynth/nsynth-valid/audio/mallet_acoustic_047-083-127.wav,488,mallet_acoustic_047,5,mallet,0,acoustic,83,127,16000,fast_decay|percussive|reverb
-28.292904,-63.82318,vocal_synthetic_003-071-025,vocal_synthetic_003-071-025,/root/autodl-tmp/tokenizer-eval/data/nsynth/nsynth-valid/audio/vocal_synthetic_003-071-025.wav,37,vocal_synthetic_003,10,vocal,2,synthetic,71,25,16000,bright|distortion|long_release|nonlinear_env
50.64837,7.51229,string_acoustic_014-063-075,string_acoustic_014-063-075,/root/autodl-tmp/tokenizer-eval/data/nsynth/nsynth-valid/audio/string_acoustic_014-063-075.wav,100,string_acoustic_014,8,string,0,acoustic,63,75,16000,fast_decay|percussive|reverb
14.2624235,8.405092,keyboard_synthetic_000-067-025,keyboard_synthetic_000-067-025,/root/autodl-tmp/tokenizer-eval/data/nsynth/nsynth-valid/audio/keyboard_synthetic_000-067-025.wav,577,keyboard_synthetic_000,4,keyboard,2,synthetic,67,25,16000,distortion|fast_decay|nonlinear_env
-9.291345,4.595915,brass_acoustic_015-048-127,brass_acoustic_015-048-127,/root/autodl-tmp/tokenizer-eval/data/nsynth/nsynth-valid/audio/brass_acoustic_015-048-127.wav,121,brass_acoustic_015,1,brass,0,acoustic,48,127,16000,reverb
66.65042,-1.1074735,guitar_acoustic_015-081-075,guitar_acoustic_015-081-075,/root/autodl-tmp/tokenizer-eval/data/nsynth/nsynth-valid/audio/guitar_acoustic_015-081-075.wav,316,guitar_acoustic_015,3,guitar,0,acoustic,81,75,16000,fast_decay|percussive|reverb
-11.827163,-44.788223,vocal_synthetic_003-081-100,vocal_synthetic_003-081-100,/root/autodl-tmp/tokenizer-eval/data/nsynth/nsynth-valid/audio/vocal_synthetic_003-081-100.wav,37,vocal_synthetic_003,10,vocal,2,synthetic,81,100,16000,bright|distortion|long_release|nonlinear_env
-34.24753,-54.427185,bass_synthetic_009-090-050,bass_synthetic_009-090-050,/root/autodl-tmp/tokenizer-eval/data/nsynth/nsynth-valid/audio/bass_synthetic_009-090-050.wav,150,bass_synthetic_009,0,bass,2,synthetic,90,50,16000,long_release
-64.00845,35.157417,brass_acoustic_046-082-025,brass_acoustic_046-082-025,/root/autodl-tmp/tokenizer-eval/data/nsynth/nsynth-valid/audio/brass_acoustic_046-082-025.wav,414,brass_acoustic_046,1,brass,0,acoustic,82,25,16000,
-7.444036,27.693712,keyboard_electronic_001-032-100,keyboard_electronic_001-032-100,/root/autodl-tmp/tokenizer-eval/data/nsynth/nsynth-valid/audio/keyboard_electronic_001-032-100.wav,40,keyboard_electronic_001,4,keyboard,1,electronic,32,100,16000,
-37.64541,41.058537,string_acoustic_057-085-025,string_acoustic_057-085-025,/root/autodl-tmp/tokenizer-eval/data/nsynth/nsynth-valid/audio/string_acoustic_057-085-025.wav,450,string_acoustic_057,8,string,0,acoustic,85,25,16000,bright|nonlinear_env|reverb
-60.612843,3.692738,vocal_synthetic_003-036-075,vocal_synthetic_003-036-075,/root/autodl-tmp/tokenizer-eval/data/nsynth/nsynth-valid/audio/vocal_synthetic_003-036-075.wav,37,vocal_synthetic_003,10,vocal,2,synthetic,36,75,16000,distortion|long_release|nonlinear_env
-6.650753,4.136301,brass_acoustic_015-041-075,brass_acoustic_015-041-075,/root/autodl-tmp/tokenizer-eval/data/nsynth/nsynth-valid/audio/brass_acoustic_015-041-075.wav,121,brass_acoustic_015,1,brass,0,acoustic,41,75,16000,reverb
-0.7452863,-77.86415,guitar_acoustic_010-064-127,guitar_acoustic_010-064-127,/root/autodl-tmp/tokenizer-eval/data/nsynth/nsynth-valid/audio/guitar_acoustic_010-064-127.wav,219,guitar_acoustic_010,3,guitar,0,acoustic,64,127,16000,
-29.886427,39.1328,reed_acoustic_011-049-100,reed_acoustic_011-049-100,/root/autodl-tmp/tokenizer-eval/data/nsynth/nsynth-valid/audio/reed_acoustic_011-049-100.wav,104,reed_acoustic_011,7,reed,0,acoustic,49,100,16000,bright
-7.02176,-41.0959,string_acoustic_057-093-075,string_acoustic_057-093-075,/root/autodl-tmp/tokenizer-eval/data/nsynth/nsynth-valid/audio/string_acoustic_057-093-075.wav,450,string_acoustic_057,8,string,0,acoustic,93,75,16000,nonlinear_env|reverb
6.6831865,71.33067,keyboard_electronic_003-051-075,keyboard_electronic_003-051-075,/root/autodl-tmp/tokenizer-eval/data/nsynth/nsynth-valid/audio/keyboard_electronic_003-051-075.wav,65,keyboard_electronic_003,4,keyboard,1,electronic,51,75,16000,
-22.323648,-59.228775,organ_electronic_104-083-075,organ_electronic_104-083-075,/root/autodl-tmp/tokenizer-eval/data/nsynth/nsynth-valid/audio/organ_electronic_104-083-075.wav,921,organ_electronic_104,6,organ,1,electronic,83,75,16000,
-7.8657546,57.017918,organ_electronic_104-056-025,organ_electronic_104-056-025,/root/autodl-tmp/tokenizer-eval/data/nsynth/nsynth-valid/audio/organ_electronic_104-056-025.wav,921,organ_electronic_104,6,organ,1,electronic,56,25,16000,
-71.13422,8.618625,vocal_synthetic_003-045-100,vocal_synthetic_003-045-100,/root/autodl-tmp/tokenizer-eval/data/nsynth/nsynth-valid/audio/vocal_synthetic_003-045-100.wav,37,vocal_synthetic_003,10,vocal,2,synthetic,45,100,16000,bright|distortion|long_release|nonlinear_env
56.99902,-45.251213,reed_acoustic_023-050-075,reed_acoustic_023-050-075,/root/autodl-tmp/tokenizer-eval/data/nsynth/nsynth-valid/audio/reed_acoustic_023-050-075.wav,224,reed_acoustic_023,7,reed,0,acoustic,50,75,16000,bright|fast_decay|multiphonic|nonlinear_env
-15.751278,54.22895,flute_synthetic_000-080-075,flute_synthetic_000-080-075,/root/autodl-tmp/tokenizer-eval/data/nsynth/nsynth-valid/audio/flute_synthetic_000-080-075.wav,82,flute_synthetic_000,2,flute,2,synthetic,80,75,16000,distortion
-14.327337,7.471375,mallet_acoustic_062-048-127,mallet_acoustic_062-048-127,/root/autodl-tmp/tokenizer-eval/data/nsynth/nsynth-valid/audio/mallet_acoustic_062-048-127.wav,644,mallet_acoustic_062,5,mallet,0,acoustic,48,127,16000,dark|long_release|multiphonic
-11.406486,16.243898,reed_acoustic_011-042-075,reed_acoustic_011-042-075,/root/autodl-tmp/tokenizer-eval/data/nsynth/nsynth-valid/audio/reed_acoustic_011-042-075.wav,104,reed_acoustic_011,7,reed,0,acoustic,42,75,16000,
60.798855,-9.506988,mallet_acoustic_047-087-050,mallet_acoustic_047-087-050,/root/autodl-tmp/tokenizer-eval/data/nsynth/nsynth-valid/audio/mallet_acoustic_047-087-050.wav,488,mallet_acoustic_047,5,mallet,0,acoustic,87,50,16000,fast_decay|percussive|reverb
77.30405,-9.402508,mallet_acoustic_056-043-025,mallet_acoustic_056-043-025,/root/autodl-tmp/tokenizer-eval/data/nsynth/nsynth-valid/audio/mallet_acoustic_056-043-025.wav,590,mallet_acoustic_056,5,mallet,0,acoustic,43,25,16000,bright|fast_decay|percussive
30.7663,25.36999,mallet_acoustic_062-037-050,mallet_acoustic_062-037-050,/root/autodl-tmp/tokenizer-eval/data/nsynth/nsynth-valid/audio/mallet_acoustic_062-037-050.wav,644,mallet_acoustic_062,5,mallet,0,acoustic,37,50,16000,dark|multiphonic
39.95738,-2.3952653,mallet_acoustic_062-068-075,mallet_acoustic_062-068-075,/root/autodl-tmp/tokenizer-eval/data/nsynth/nsynth-valid/audio/mallet_acoustic_062-068-075.wav,644,mallet_acoustic_062,5,mallet,0,acoustic,68,75,16000,dark|multiphonic
-88.48116,-1.7428954,brass_acoustic_046-088-025,brass_acoustic_046-088-025,/root/autodl-tmp/tokenizer-eval/data/nsynth/nsynth-valid/audio/brass_acoustic_046-088-025.wav,414,brass_acoustic_046,1,brass,0,acoustic,88,25,16000,long_release
-33.24412,-25.845947,guitar_electronic_022-077-025,guitar_electronic_022-077-025,/root/autodl-tmp/tokenizer-eval/data/nsynth/nsynth-valid/audio/guitar_electronic_022-077-025.wav,378,guitar_electronic_022,3,guitar,1,electronic,77,25,16000,
11.929509,0.94537616,bass_synthetic_135-041-100,bass_synthetic_135-041-100,/root/autodl-tmp/tokenizer-eval/data/nsynth/nsynth-valid/audio/bass_synthetic_135-041-100.wav,927,bass_synthetic_135,0,bass,2,synthetic,41,100,16000,distortion
-84.242805,-0.09752801,brass_acoustic_046-093-100,brass_acoustic_046-093-100,/root/autodl-tmp/tokenizer-eval/data/nsynth/nsynth-valid/audio/brass_acoustic_046-093-100.wav,414,brass_acoustic_046,1,brass,0,acoustic,93,100,16000,long_release
29.168045,-10.694109,keyboard_electronic_069-059-050,keyboard_electronic_069-059-050,/root/autodl-tmp/tokenizer-eval/data/nsynth/nsynth-valid/audio/keyboard_electronic_069-059-050.wav,805,keyboard_electronic_069,4,keyboard,1,electronic,59,50,16000,distortion
-28.661768,37.03014,brass_acoustic_006-049-050,brass_acoustic_006-049-050,/root/autodl-tmp/tokenizer-eval/data/nsynth/nsynth-valid/audio/brass_acoustic_006-049-050.wav,43,brass_acoustic_006,1,brass,0,acoustic,49,50,16000,reverb
33.381786,-9.907234,bass_synthetic_068-083-025,bass_synthetic_068-083-025,/root/autodl-tmp/tokenizer-eval/data/nsynth/nsynth-valid/audio/bass_synthetic_068-083-025.wav,656,bass_synthetic_068,0,bass,2,synthetic,83,25,16000,fast_decay
42.10057,31.608915,bass_synthetic_068-043-025,bass_synthetic_068-043-025,/root/autodl-tmp/tokenizer-eval/data/nsynth/nsynth-valid/audio/bass_synthetic_068-043-025.wav,656,bass_synthetic_068,0,bass,2,synthetic,43,25,16000,dark
29.940857,-34.84969,bass_synthetic_135-094-050,bass_synthetic_135-094-050,/root/autodl-tmp/tokenizer-eval/data/nsynth/nsynth-valid/audio/bass_synthetic_135-094-050.wav,927,bass_synthetic_135,0,bass,2,synthetic,94,50,16000,distortion
41.550644,-3.3978693,bass_synthetic_068-080-025,bass_synthetic_068-080-025,/root/autodl-tmp/tokenizer-eval/data/nsynth/nsynth-valid/audio/bass_synthetic_068-080-025.wav,656,bass_synthetic_068,0,bass,2,synthetic,80,25,16000,fast_decay
-9.647813,79.31921,vocal_acoustic_000-063-025,vocal_acoustic_000-063-025,/root/autodl-tmp/tokenizer-eval/data/nsynth/nsynth-valid/audio/vocal_acoustic_000-063-025.wav,46,vocal_acoustic_000,10,vocal,0,acoustic,63,25,16000,reverb
-14.889565,19.807264,brass_acoustic_006-037-075,brass_acoustic_006-037-075,/root/autodl-tmp/tokenizer-eval/data/nsynth/nsynth-valid/audio/brass_acoustic_006-037-075.wav,43,brass_acoustic_006,1,brass,0,acoustic,37,75,16000,reverb
21.750982,-8.355442,guitar_acoustic_015-047-075,guitar_acoustic_015-047-075,/root/autodl-tmp/tokenizer-eval/data/nsynth/nsynth-valid/audio/guitar_acoustic_015-047-075.wav,316,guitar_acoustic_015,3,guitar,0,acoustic,47,75,16000,reverb
-30.051441,-26.277584,bass_synthetic_135-077-025,bass_synthetic_135-077-025,/root/autodl-tmp/tokenizer-eval/data/nsynth/nsynth-valid/audio/bass_synthetic_135-077-025.wav,927,bass_synthetic_135,0,bass,2,synthetic,77,25,16000,distortion
-14.743476,-61.198048,guitar_acoustic_010-083-100,guitar_acoustic_010-083-100,/root/autodl-tmp/tokenizer-eval/data/nsynth/nsynth-valid/audio/guitar_acoustic_010-083-100.wav,219,guitar_acoustic_010,3,guitar,0,acoustic,83,100,16000,
-11.106863,24.825087,brass_acoustic_059-035-100,brass_acoustic_059-035-100,/root/autodl-tmp/tokenizer-eval/data/nsynth/nsynth-valid/audio/brass_acoustic_059-035-100.wav,572,brass_acoustic_059,1,brass,0,acoustic,35,100,16000,reverb
10.589866,72.28343,flute_synthetic_000-051-127,flute_synthetic_000-051-127,/root/autodl-tmp/tokenizer-eval/data/nsynth/nsynth-valid/audio/flute_synthetic_000-051-127.wav,82,flute_synthetic_000,2,flute,2,synthetic,51,127,16000,distortion
51.878357,-20.927277,keyboard_electronic_001-089-050,keyboard_electronic_001-089-050,/root/autodl-tmp/tokenizer-eval/data/nsynth/nsynth-valid/audio/keyboard_electronic_001-089-050.wav,40,keyboard_electronic_001,4,keyboard,1,electronic,89,50,16000,long_release
-17.61347,83.68897,string_acoustic_057-087-025,string_acoustic_057-087-025,/root/autodl-tmp/tokenizer-eval/data/nsynth/nsynth-valid/audio/string_acoustic_057-087-025.wav,450,string_acoustic_057,8,string,0,acoustic,87,25,16000,bright|nonlinear_env|reverb
-2.2488592,-81.161644,flute_acoustic_002-076-025,flute_acoustic_002-076-025,/root/autodl-tmp/tokenizer-eval/data/nsynth/nsynth-valid/audio/flute_acoustic_002-076-025.wav,86,flute_acoustic_002,2,flute,0,acoustic,76,25,16000,reverb
-71.33075,27.800602,organ_electronic_007-070-050,organ_electronic_007-070-050,/root/autodl-tmp/tokenizer-eval/data/nsynth/nsynth-valid/audio/organ_electronic_007-070-050.wav,123,organ_electronic_007,6,organ,1,electronic,70,50,16000,distortion|long_release|nonlinear_env
24.077599,-8.15623,guitar_electronic_028-047-050,guitar_electronic_028-047-050,/root/autodl-tmp/tokenizer-eval/data/nsynth/nsynth-valid/audio/guitar_electronic_028-047-050.wav,510,guitar_electronic_028,3,guitar,1,electronic,47,50,16000,dark
14.595956,-5.6284995,guitar_electronic_028-042-100,guitar_electronic_028-042-100,/root/autodl-tmp/tokenizer-eval/data/nsynth/nsynth-valid/audio/guitar_electronic_028-042-100.wav,510,guitar_electronic_028,3,guitar,1,electronic,42,100,16000,dark
7.7280736,-46.118988,vocal_acoustic_000-057-100,vocal_acoustic_000-057-100,/root/autodl-tmp/tokenizer-eval/data/nsynth/nsynth-valid/audio/vocal_acoustic_000-057-100.wav,46,vocal_acoustic_000,10,vocal,0,acoustic,57,100,16000,reverb
43.65502,3.0233371,string_acoustic_056-037-100,string_acoustic_056-037-100,/root/autodl-tmp/tokenizer-eval/data/nsynth/nsynth-valid/audio/string_acoustic_056-037-100.wav,436,string_acoustic_056,8,string,0,acoustic,37,100,16000,fast_decay|reverb
30.769312,9.549978,guitar_acoustic_021-052-050,guitar_acoustic_021-052-050,/root/autodl-tmp/tokenizer-eval/data/nsynth/nsynth-valid/audio/guitar_acoustic_021-052-050.wav,457,guitar_acoustic_021,3,guitar,0,acoustic,52,50,16000,
10.104015,19.401653,bass_synthetic_098-047-100,bass_synthetic_098-047-100,/root/autodl-tmp/tokenizer-eval/data/nsynth/nsynth-valid/audio/bass_synthetic_098-047-100.wav,803,bass_synthetic_098,0,bass,2,synthetic,47,100,16000,distortion
57.741375,-48.35555,reed_acoustic_023-086-127,reed_acoustic_023-086-127,/root/autodl-tmp/tokenizer-eval/data/nsynth/nsynth-valid/audio/reed_acoustic_023-086-127.wav,224,reed_acoustic_023,7,reed,0,acoustic,86,127,16000,fast_decay|multiphonic|nonlinear_env
11.262995,-4.472472,bass_electronic_018-042-127,bass_electronic_018-042-127,/root/autodl-tmp/tokenizer-eval/data/nsynth/nsynth-valid/audio/bass_electronic_018-042-127.wav,759,bass_electronic_018,0,bass,1,electronic,42,127,16000,
-73.2715,25.049082,vocal_synthetic_003-070-100,vocal_synthetic_003-070-100,/root/autodl-tmp/tokenizer-eval/data/nsynth/nsynth-valid/audio/vocal_synthetic_003-070-100.wav,37,vocal_synthetic_003,10,vocal,2,synthetic,70,100,16000,bright|distortion|long_release|nonlinear_env
9.330774,76.02016,string_acoustic_012-039-075,string_acoustic_012-039-075,/root/autodl-tmp/tokenizer-eval/data/nsynth/nsynth-valid/audio/string_acoustic_012-039-075.wav,97,string_acoustic_012,8,string,0,acoustic,39,75,16000,long_release|reverb
-2.3270602,-42.87153,brass_acoustic_046-081-100,brass_acoustic_046-081-100,/root/autodl-tmp/tokenizer-eval/data/nsynth/nsynth-valid/audio/brass_acoustic_046-081-100.wav,414,brass_acoustic_046,1,brass,0,acoustic,81,100,16000,
50.354343,-58.58875,reed_acoustic_023-089-050,reed_acoustic_023-089-050,/root/autodl-tmp/tokenizer-eval/data/nsynth/nsynth-valid/audio/reed_acoustic_023-089-050.wav,224,reed_acoustic_023,7,reed,0,acoustic,89,50,16000,fast_decay|multiphonic|nonlinear_env
28.098072,42.635674,flute_synthetic_000-033-075,flute_synthetic_000-033-075,/root/autodl-tmp/tokenizer-eval/data/nsynth/nsynth-valid/audio/flute_synthetic_000-033-075.wav,82,flute_synthetic_000,2,flute,2,synthetic,33,75,16000,distortion
60.976425,-11.748413,mallet_acoustic_062-087-050,mallet_acoustic_062-087-050,/root/autodl-tmp/tokenizer-eval/data/nsynth/nsynth-valid/audio/mallet_acoustic_062-087-050.wav,644,mallet_acoustic_062,5,mallet,0,acoustic,87,50,16000,fast_decay|multiphonic
-64.52791,34.449078,reed_acoustic_018-082-075,reed_acoustic_018-082-075,/root/autodl-tmp/tokenizer-eval/data/nsynth/nsynth-valid/audio/reed_acoustic_018-082-075.wav,183,reed_acoustic_018,7,reed,0,acoustic,82,75,16000,
-0.42876923,-45.362206,reed_acoustic_018-081-127,reed_acoustic_018-081-127,/root/autodl-tmp/tokenizer-eval/data/nsynth/nsynth-valid/audio/reed_acoustic_018-081-127.wav,183,reed_acoustic_018,7,reed,0,acoustic,81,127,16000,
23.380424,34.466515,flute_synthetic_000-047-100,flute_synthetic_000-047-100,/root/autodl-tmp/tokenizer-eval/data/nsynth/nsynth-valid/audio/flute_synthetic_000-047-100.wav,82,flute_synthetic_000,2,flute,2,synthetic,47,100,16000,distortion
-6.232664,-80.01948,flute_acoustic_002-088-100,flute_acoustic_002-088-100,/root/autodl-tmp/tokenizer-eval/data/nsynth/nsynth-valid/audio/flute_acoustic_002-088-100.wav,86,flute_acoustic_002,2,flute,0,acoustic,88,100,16000,reverb
60.121777,-25.659315,keyboard_electronic_002-093-050,keyboard_electronic_002-093-050,/root/autodl-tmp/tokenizer-eval/data/nsynth/nsynth-valid/audio/keyboard_electronic_002-093-050.wav,50,keyboard_electronic_002,4,keyboard,1,electronic,93,50,16000,fast_decay|percussive
-44.29009,-30.256178,reed_acoustic_011-077-050,reed_acoustic_011-077-050,/root/autodl-tmp/tokenizer-eval/data/nsynth/nsynth-valid/audio/reed_acoustic_011-077-050.wav,104,reed_acoustic_011,7,reed,0,acoustic,77,50,16000,
23.4888,-24.442976,guitar_acoustic_021-078-050,guitar_acoustic_021-078-050,/root/autodl-tmp/tokenizer-eval/data/nsynth/nsynth-valid/audio/guitar_acoustic_021-078-050.wav,457,guitar_acoustic_021,3,guitar,0,acoustic,78,50,16000,fast_decay
-62.143803,-6.488838,vocal_synthetic_003-060-050,vocal_synthetic_003-060-050,/root/autodl-tmp/tokenizer-eval/data/nsynth/nsynth-valid/audio/vocal_synthetic_003-060-050.wav,37,vocal_synthetic_003,10,vocal,2,synthetic,60,50,16000,bright|distortion|long_release|nonlinear_env
-5.457393,25.057278,keyboard_electronic_078-045-100,keyboard_electronic_078-045-100,/root/autodl-tmp/tokenizer-eval/data/nsynth/nsynth-valid/audio/keyboard_electronic_078-045-100.wav,838,keyboard_electronic_078,4,keyboard,1,electronic,45,100,16000,bright
-35.742977,39.376686,flute_acoustic_002-085-075,flute_acoustic_002-085-075,/root/autodl-tmp/tokenizer-eval/data/nsynth/nsynth-valid/audio/flute_acoustic_002-085-075.wav,86,flute_acoustic_002,2,flute,0,acoustic,85,75,16000,long_release|reverb
-48.039272,-31.86878,vocal_synthetic_003-077-050,vocal_synthetic_003-077-050,/root/autodl-tmp/tokenizer-eval/data/nsynth/nsynth-valid/audio/vocal_synthetic_003-077-050.wav,37,vocal_synthetic_003,10,vocal,2,synthetic,77,50,16000,bright|distortion|long_release|nonlinear_env
-15.123889,44.211468,string_acoustic_057-056-025,string_acoustic_057-056-025,/root/autodl-tmp/tokenizer-eval/data/nsynth/nsynth-valid/audio/string_acoustic_057-056-025.wav,450,string_acoustic_057,8,string,0,acoustic,56,25,16000,nonlinear_env|reverb
-26.965605,2.679773,guitar_acoustic_015-048-050,guitar_acoustic_015-048-050,/root/autodl-tmp/tokenizer-eval/data/nsynth/nsynth-valid/audio/guitar_acoustic_015-048-050.wav,316,guitar_acoustic_015,3,guitar,0,acoustic,48,50,16000,reverb
53.39484,-14.322412,mallet_acoustic_062-077-025,mallet_acoustic_062-077-025,/root/autodl-tmp/tokenizer-eval/data/nsynth/nsynth-valid/audio/mallet_acoustic_062-077-025.wav,644,mallet_acoustic_062,5,mallet,0,acoustic,77,25,16000,fast_decay|multiphonic|percussive
51.458996,6.765276,mallet_acoustic_062-051-025,mallet_acoustic_062-051-025,/root/autodl-tmp/tokenizer-eval/data/nsynth/nsynth-valid/audio/mallet_acoustic_062-051-025.wav,644,mallet_acoustic_062,5,mallet,0,acoustic,51,25,16000,dark|fast_decay|multiphonic
-20.431755,55.974346,organ_electronic_057-080-025,organ_electronic_057-080-025,/root/autodl-tmp/tokenizer-eval/data/nsynth/nsynth-valid/audio/organ_electronic_057-080-025.wav,701,organ_electronic_057,6,organ,1,electronic,80,25,16000,
4.9879355,12.733467,bass_synthetic_098-089-100,bass_synthetic_098-089-100,/root/autodl-tmp/tokenizer-eval/data/nsynth/nsynth-valid/audio/bass_synthetic_098-089-100.wav,803,bass_synthetic_098,0,bass,2,synthetic,89,100,16000,
-56.792522,-14.876773,reed_acoustic_018-084-127,reed_acoustic_018-084-127,/root/autodl-tmp/tokenizer-eval/data/nsynth/nsynth-valid/audio/reed_acoustic_018-084-127.wav,183,reed_acoustic_018,7,reed,0,acoustic,84,127,16000,
13.348258,28.506752,keyboard_electronic_003-046-075,keyboard_electronic_003-046-075,/root/autodl-tmp/tokenizer-eval/data/nsynth/nsynth-valid/audio/keyboard_electronic_003-046-075.wav,65,keyboard_electronic_003,4,keyboard,1,electronic,46,75,16000,distortion
2.917709,14.60795,bass_synthetic_098-056-127,bass_synthetic_098-056-127,/root/autodl-tmp/tokenizer-eval/data/nsynth/nsynth-valid/audio/bass_synthetic_098-056-127.wav,803,bass_synthetic_098,0,bass,2,synthetic,56,127,16000,distortion
53.08513,3.2141151,string_acoustic_056-048-100,string_acoustic_056-048-100,/root/autodl-tmp/tokenizer-eval/data/nsynth/nsynth-valid/audio/string_acoustic_056-048-100.wav,436,string_acoustic_056,8,string,0,acoustic,48,100,16000,fast_decay|reverb
-4.447817,79.248344,mallet_acoustic_062-063-127,mallet_acoustic_062-063-127,/root/autodl-tmp/tokenizer-eval/data/nsynth/nsynth-valid/audio/mallet_acoustic_062-063-127.wav,644,mallet_acoustic_062,5,mallet,0,acoustic,63,127,16000,dark|long_release|multiphonic
-38.919266,44.269394,organ_electronic_007-073-050,organ_electronic_007-073-050,/root/autodl-tmp/tokenizer-eval/data/nsynth/nsynth-valid/audio/organ_electronic_007-073-050.wav,123,organ_electronic_007,6,organ,1,electronic,73,50,16000,distortion|long_release|nonlinear_env
-21.630764,85.43342,organ_electronic_007-087-050,organ_electronic_007-087-050,/root/autodl-tmp/tokenizer-eval/data/nsynth/nsynth-valid/audio/organ_electronic_007-087-050.wav,123,organ_electronic_007,6,organ,1,electronic,87,50,16000,long_release|nonlinear_env
-57.47461,42.774143,reed_acoustic_037-039-025,reed_acoustic_037-039-025,/root/autodl-tmp/tokenizer-eval/data/nsynth/nsynth-valid/audio/reed_acoustic_037-039-025.wav,387,reed_acoustic_037,7,reed,0,acoustic,39,25,16000,reverb
-18.68856,12.370219,string_acoustic_012-048-075,string_acoustic_012-048-075,/root/autodl-tmp/tokenizer-eval/data/nsynth/nsynth-valid/audio/string_acoustic_012-048-075.wav,97,string_acoustic_012,8,string,0,acoustic,48,75,16000,long_release|reverb
-4.529889,82.5346,organ_electronic_028-063-100,organ_electronic_028-063-100,/root/autodl-tmp/tokenizer-eval/data/nsynth/nsynth-valid/audio/organ_electronic_028-063-100.wav,440,organ_electronic_028,6,organ,1,electronic,63,100,16000,dark
12.496774,75.6133,bass_electronic_027-039-075,bass_electronic_027-039-075,/root/autodl-tmp/tokenizer-eval/data/nsynth/nsynth-valid/audio/bass_electronic_027-039-075.wav,880,bass_electronic_027,0,bass,1,electronic,39,75,16000,
-71.64935,22.95196,vocal_synthetic_003-058-127,vocal_synthetic_003-058-127,/root/autodl-tmp/tokenizer-eval/data/nsynth/nsynth-valid/audio/vocal_synthetic_003-058-127.wav,37,vocal_synthetic_003,10,vocal,2,synthetic,58,127,16000,bright|distortion|long_release|nonlinear_env
15.251997,10.186831,bass_synthetic_068-055-127,bass_synthetic_068-055-127,/root/autodl-tmp/tokenizer-eval/data/nsynth/nsynth-valid/audio/bass_synthetic_068-055-127.wav,656,bass_synthetic_068,0,bass,2,synthetic,55,127,16000,dark|distortion
28.489573,5.007681,guitar_acoustic_030-045-025,guitar_acoustic_030-045-025,/root/autodl-tmp/tokenizer-eval/data/nsynth/nsynth-valid/audio/guitar_acoustic_030-045-025.wav,642,guitar_acoustic_030,3,guitar,0,acoustic,45,25,16000,tempo-synced
80.59237,-17.756079,mallet_acoustic_047-067-025,mallet_acoustic_047-067-025,/root/autodl-tmp/tokenizer-eval/data/nsynth/nsynth-valid/audio/mallet_acoustic_047-067-025.wav,488,mallet_acoustic_047,5,mallet,0,acoustic,67,25,16000,fast_decay|percussive|reverb
-51.137756,-42.587517,vocal_synthetic_003-096-127,vocal_synthetic_003-096-127,/root/autodl-tmp/tokenizer-eval/data/nsynth/nsynth-valid/audio/vocal_synthetic_003-096-127.wav,37,vocal_synthetic_003,10,vocal,2,synthetic,96,127,16000,bright|distortion|long_release|nonlinear_env
40.708344,32.111996,mallet_acoustic_062-043-075,mallet_acoustic_062-043-075,/root/autodl-tmp/tokenizer-eval/data/nsynth/nsynth-valid/audio/mallet_acoustic_062-043-075.wav,644,mallet_acoustic_062,5,mallet,0,acoustic,43,75,16000,dark|multiphonic
-30.235235,-23.895819,keyboard_electronic_098-065-025,keyboard_electronic_098-065-025,/root/autodl-tmp/tokenizer-eval/data/nsynth/nsynth-valid/audio/keyboard_electronic_098-065-025.wav,905,keyboard_electronic_098,4,keyboard,1,electronic,65,25,16000,
-10.270653,0.69196033,guitar_acoustic_015-072-075,guitar_acoustic_015-072-075,/root/autodl-tmp/tokenizer-eval/data/nsynth/nsynth-valid/audio/guitar_acoustic_015-072-075.wav,316,guitar_acoustic_015,3,guitar,0,acoustic,72,75,16000,reverb
-11.547569,-16.327202,vocal_acoustic_000-050-075,vocal_acoustic_000-050-075,/root/autodl-tmp/tokenizer-eval/data/nsynth/nsynth-valid/audio/vocal_acoustic_000-050-075.wav,46,vocal_acoustic_000,10,vocal,0,acoustic,50,75,16000,reverb
-14.380783,40.693188,brass_acoustic_059-056-100,brass_acoustic_059-056-100,/root/autodl-tmp/tokenizer-eval/data/nsynth/nsynth-valid/audio/brass_acoustic_059-056-100.wav,572,brass_acoustic_059,1,brass,0,acoustic,56,100,16000,reverb
-4.7549844,-81.28638,guitar_acoustic_010-088-075,guitar_acoustic_010-088-075,/root/autodl-tmp/tokenizer-eval/data/nsynth/nsynth-valid/audio/guitar_acoustic_010-088-075.wav,219,guitar_acoustic_010,3,guitar,0,acoustic,88,75,16000,
57.443333,-45.916824,reed_acoustic_023-062-025,reed_acoustic_023-062-025,/root/autodl-tmp/tokenizer-eval/data/nsynth/nsynth-valid/audio/reed_acoustic_023-062-025.wav,224,reed_acoustic_023,7,reed,0,acoustic,62,25,16000,bright|fast_decay|multiphonic|nonlinear_env
32.860065,43.867256,guitar_electronic_022-033-100,guitar_electronic_022-033-100,/root/autodl-tmp/tokenizer-eval/data/nsynth/nsynth-valid/audio/guitar_electronic_022-033-100.wav,378,guitar_electronic_022,3,guitar,1,electronic,33,100,16000,dark
-16.686447,-75.35401,vocal_synthetic_003-076-127,vocal_synthetic_003-076-127,/root/autodl-tmp/tokenizer-eval/data/nsynth/nsynth-valid/audio/vocal_synthetic_003-076-127.wav,37,vocal_synthetic_003,10,vocal,2,synthetic,76,127,16000,bright|distortion|long_release|nonlinear_env
12.47768,75.23978,organ_electronic_028-039-075,organ_electronic_028-039-075,/root/autodl-tmp/tokenizer-eval/data/nsynth/nsynth-valid/audio/organ_electronic_028-039-075.wav,440,organ_electronic_028,6,organ,1,electronic,39,75,16000,dark
-14.581908,37.930527,reed_acoustic_037-032-075,reed_acoustic_037-032-075,/root/autodl-tmp/tokenizer-eval/data/nsynth/nsynth-valid/audio/reed_acoustic_037-032-075.wav,387,reed_acoustic_037,7,reed,0,acoustic,32,75,16000,long_release|reverb
-61.422993,7.0376906,vocal_synthetic_003-037-075,vocal_synthetic_003-037-075,/root/autodl-tmp/tokenizer-eval/data/nsynth/nsynth-valid/audio/vocal_synthetic_003-037-075.wav,37,vocal_synthetic_003,10,vocal,2,synthetic,37,75,16000,distortion|long_release|nonlinear_env
-41.650936,-35.29066,flute_acoustic_002-089-075,flute_acoustic_002-089-075,/root/autodl-tmp/tokenizer-eval/data/nsynth/nsynth-valid/audio/flute_acoustic_002-089-075.wav,86,flute_acoustic_002,2,flute,0,acoustic,89,75,16000,long_release|reverb
7.581759,17.836695,bass_synthetic_098-053-025,bass_synthetic_098-053-025,/root/autodl-tmp/tokenizer-eval/data/nsynth/nsynth-valid/audio/bass_synthetic_098-053-025.wav,803,bass_synthetic_098,0,bass,2,synthetic,53,25,16000,dark
12.188227,-2.1313405,keyboard_acoustic_004-042-025,keyboard_acoustic_004-042-025,/root/autodl-tmp/tokenizer-eval/data/nsynth/nsynth-valid/audio/keyboard_acoustic_004-042-025.wav,327,keyboard_acoustic_004,4,keyboard,0,acoustic,42,25,16000,dark|reverb
-14.404517,86.79943,reed_acoustic_011-075-127,reed_acoustic_011-075-127,/root/autodl-tmp/tokenizer-eval/data/nsynth/nsynth-valid/audio/reed_acoustic_011-075-127.wav,104,reed_acoustic_011,7,reed,0,acoustic,75,127,16000,
-15.758816,80.537415,bass_synthetic_009-051-075,bass_synthetic_009-051-075,/root/autodl-tmp/tokenizer-eval/data/nsynth/nsynth-valid/audio/bass_synthetic_009-051-075.wav,150,bass_synthetic_009,0,bass,2,synthetic,51,75,16000,bright|distortion|long_release
80.48938,-23.752132,mallet_acoustic_047-076-075,mallet_acoustic_047-076-075,/root/autodl-tmp/tokenizer-eval/data/nsynth/nsynth-valid/audio/mallet_acoustic_047-076-075.wav,488,mallet_acoustic_047,5,mallet,0,acoustic,76,75,16000,percussive|reverb
-35.93154,-32.030106,organ_electronic_028-089-025,organ_electronic_028-089-025,/root/autodl-tmp/tokenizer-eval/data/nsynth/nsynth-valid/audio/organ_electronic_028-089-025.wav,440,organ_electronic_028,6,organ,1,electronic,89,25,16000,
-0.09493037,-20.447166,keyboard_electronic_002-074-075,keyboard_electronic_002-074-075,/root/autodl-tmp/tokenizer-eval/data/nsynth/nsynth-valid/audio/keyboard_electronic_002-074-075.wav,50,keyboard_electronic_002,4,keyboard,1,electronic,74,75,16000,
-13.962339,58.592697,guitar_acoustic_010-068-100,guitar_acoustic_010-068-100,/root/autodl-tmp/tokenizer-eval/data/nsynth/nsynth-valid/audio/guitar_acoustic_010-068-100.wav,219,guitar_acoustic_010,3,guitar,0,acoustic,68,100,16000,
53.25246,-3.5641468,string_acoustic_014-064-100,string_acoustic_014-064-100,/root/autodl-tmp/tokenizer-eval/data/nsynth/nsynth-valid/audio/string_acoustic_014-064-100.wav,100,string_acoustic_014,8,string,0,acoustic,64,100,16000,fast_decay|percussive|reverb
65.53377,-12.010711,string_acoustic_056-074-127,string_acoustic_056-074-127,/root/autodl-tmp/tokenizer-eval/data/nsynth/nsynth-valid/audio/string_acoustic_056-074-127.wav,436,string_acoustic_056,8,string,0,acoustic,74,127,16000,fast_decay|percussive|reverb
43.896786,23.585104,mallet_acoustic_062-045-050,mallet_acoustic_062-045-050,/root/autodl-tmp/tokenizer-eval/data/nsynth/nsynth-valid/audio/mallet_acoustic_062-045-050.wav,644,mallet_acoustic_062,5,mallet,0,acoustic,45,50,16000,dark|multiphonic
-2.063444,-42.05771,organ_electronic_057-081-075,organ_electronic_057-081-075,/root/autodl-tmp/tokenizer-eval/data/nsynth/nsynth-valid/audio/organ_electronic_057-081-075.wav,701,organ_electronic_057,6,organ,1,electronic,81,75,16000,
62.447292,-15.253869,string_acoustic_056-073-100,string_acoustic_056-073-100,/root/autodl-tmp/tokenizer-eval/data/nsynth/nsynth-valid/audio/string_acoustic_056-073-100.wav,436,string_acoustic_056,8,string,0,acoustic,73,100,16000,fast_decay|percussive|reverb
39.952423,13.547951,bass_synthetic_034-051-050,bass_synthetic_034-051-050,/root/autodl-tmp/tokenizer-eval/data/nsynth/nsynth-valid/audio/bass_synthetic_034-051-050.wav,420,bass_synthetic_034,0,bass,2,synthetic,51,50,16000,distortion|tempo-synced
-78.08013,25.504276,vocal_synthetic_003-094-075,vocal_synthetic_003-094-075,/root/autodl-tmp/tokenizer-eval/data/nsynth/nsynth-valid/audio/vocal_synthetic_003-094-075.wav,37,vocal_synthetic_003,10,vocal,2,synthetic,94,75,16000,long_release|nonlinear_env
-21.703764,-64.680756,string_acoustic_057-095-100,string_acoustic_057-095-100,/root/autodl-tmp/tokenizer-eval/data/nsynth/nsynth-valid/audio/string_acoustic_057-095-100.wav,450,string_acoustic_057,8,string,0,acoustic,95,100,16000,nonlinear_env|reverb
6.803732,14.588687,bass_synthetic_098-069-127,bass_synthetic_098-069-127,/root/autodl-tmp/tokenizer-eval/data/nsynth/nsynth-valid/audio/bass_synthetic_098-069-127.wav,803,bass_synthetic_098,0,bass,2,synthetic,69,127,16000,
-3.749412,-76.97468,brass_acoustic_046-064-025,brass_acoustic_046-064-025,/root/autodl-tmp/tokenizer-eval/data/nsynth/nsynth-valid/audio/brass_acoustic_046-064-025.wav,414,brass_acoustic_046,1,brass,0,acoustic,64,25,16000,
0.85354066,55.05854,organ_electronic_104-044-075,organ_electronic_104-044-075,/root/autodl-tmp/tokenizer-eval/data/nsynth/nsynth-valid/audio/organ_electronic_104-044-075.wav,921,organ_electronic_104,6,organ,1,electronic,44,75,16000,
46.69065,-4.55961,bass_synthetic_134-080-075,bass_synthetic_134-080-075,/root/autodl-tmp/tokenizer-eval/data/nsynth/nsynth-valid/audio/bass_synthetic_134-080-075.wav,914,bass_synthetic_134,0,bass,2,synthetic,80,75,16000,fast_decay|percussive|reverb
33.026188,51.96191,string_acoustic_012-045-075,string_acoustic_012-045-075,/root/autodl-tmp/tokenizer-eval/data/nsynth/nsynth-valid/audio/string_acoustic_012-045-075.wav,97,string_acoustic_012,8,string,0,acoustic,45,75,16000,reverb
61.729996,-16.153818,reed_acoustic_023-037-050,reed_acoustic_023-037-050,/root/autodl-tmp/tokenizer-eval/data/nsynth/nsynth-valid/audio/reed_acoustic_023-037-050.wav,224,reed_acoustic_023,7,reed,0,acoustic,37,50,16000,bright|fast_decay|multiphonic|nonlinear_env
-39.35175,-25.414145,organ_electronic_001-077-075,organ_electronic_001-077-075,/root/autodl-tmp/tokenizer-eval/data/nsynth/nsynth-valid/audio/organ_electronic_001-077-075.wav,8,organ_electronic_001,6,organ,1,electronic,77,75,16000,
6.79775,79.145645,organ_electronic_028-051-100,organ_electronic_028-051-100,/root/autodl-tmp/tokenizer-eval/data/nsynth/nsynth-valid/audio/organ_electronic_028-051-100.wav,440,organ_electronic_028,6,organ,1,electronic,51,100,16000,dark
-25.541685,-0.5226839,keyboard_synthetic_000-079-025,keyboard_synthetic_000-079-025,/root/autodl-tmp/tokenizer-eval/data/nsynth/nsynth-valid/audio/keyboard_synthetic_000-079-025.wav,577,keyboard_synthetic_000,4,keyboard,2,synthetic,79,25,16000,distortion|fast_decay|nonlinear_env
40.24912,18.524834,mallet_acoustic_062-050-075,mallet_acoustic_062-050-075,/root/autodl-tmp/tokenizer-eval/data/nsynth/nsynth-valid/audio/mallet_acoustic_062-050-075.wav,644,mallet_acoustic_062,5,mallet,0,acoustic,50,75,16000,dark|multiphonic
6.192278,-78.412636,flute_synthetic_000-064-025,flute_synthetic_000-064-025,/root/autodl-tmp/tokenizer-eval/data/nsynth/nsynth-valid/audio/flute_synthetic_000-064-025.wav,82,flute_synthetic_000,2,flute,2,synthetic,64,25,16000,distortion
76.29293,-28.049593,mallet_acoustic_047-077-050,mallet_acoustic_047-077-050,/root/autodl-tmp/tokenizer-eval/data/nsynth/nsynth-valid/audio/mallet_acoustic_047-077-050.wav,488,mallet_acoustic_047,5,mallet,0,acoustic,77,50,16000,fast_decay|percussive|reverb
13.441629,13.474545,keyboard_electronic_003-055-050,keyboard_electronic_003-055-050,/root/autodl-tmp/tokenizer-eval/data/nsynth/nsynth-valid/audio/keyboard_electronic_003-055-050.wav,65,keyboard_electronic_003,4,keyboard,1,electronic,55,50,16000,dark
-61.155975,-21.564718,vocal_synthetic_003-072-025,vocal_synthetic_003-072-025,/root/autodl-tmp/tokenizer-eval/data/nsynth/nsynth-valid/audio/vocal_synthetic_003-072-025.wav,37,vocal_synthetic_003,10,vocal,2,synthetic,72,25,16000,bright|distortion|long_release|nonlinear_env
-5.6443105,20.341623,reed_acoustic_037-035-050,reed_acoustic_037-035-050,/root/autodl-tmp/tokenizer-eval/data/nsynth/nsynth-valid/audio/reed_acoustic_037-035-050.wav,387,reed_acoustic_037,7,reed,0,acoustic,35,50,16000,reverb
-6.460632,83.4167,organ_electronic_028-075-050,organ_electronic_028-075-050,/root/autodl-tmp/tokenizer-eval/data/nsynth/nsynth-valid/audio/organ_electronic_028-075-050.wav,440,organ_electronic_028,6,organ,1,electronic,75,50,16000,dark
2.4322977,39.430687,bass_electronic_027-031-075,bass_electronic_027-031-075,/root/autodl-tmp/tokenizer-eval/data/nsynth/nsynth-valid/audio/bass_electronic_027-031-075.wav,880,bass_electronic_027,0,bass,1,electronic,31,75,16000,
-24.022438,-61.596943,reed_acoustic_011-071-075,reed_acoustic_011-071-075,/root/autodl-tmp/tokenizer-eval/data/nsynth/nsynth-valid/audio/reed_acoustic_011-071-075.wav,104,reed_acoustic_011,7,reed,0,acoustic,71,75,16000,
-43.819115,-8.220369,vocal_synthetic_003-091-100,vocal_synthetic_003-091-100,/root/autodl-tmp/tokenizer-eval/data/nsynth/nsynth-valid/audio/vocal_synthetic_003-091-100.wav,37,vocal_synthetic_003,10,vocal,2,synthetic,91,100,16000,bright|distortion|long_release|nonlinear_env
61.06892,-41.1514,reed_acoustic_023-083-127,reed_acoustic_023-083-127,/root/autodl-tmp/tokenizer-eval/data/nsynth/nsynth-valid/audio/reed_acoustic_023-083-127.wav,224,reed_acoustic_023,7,reed,0,acoustic,83,127,16000,bright|fast_decay|multiphonic|nonlinear_env
7.5781474,-8.354462,organ_electronic_057-042-050,organ_electronic_057-042-050,/root/autodl-tmp/tokenizer-eval/data/nsynth/nsynth-valid/audio/organ_electronic_057-042-050.wav,701,organ_electronic_057,6,organ,1,electronic,42,50,16000,dark
-16.210806,-67.76876,organ_electronic_001-088-127,organ_electronic_001-088-127,/root/autodl-tmp/tokenizer-eval/data/nsynth/nsynth-valid/audio/organ_electronic_001-088-127.wav,8,organ_electronic_001,6,organ,1,electronic,88,127,16000,
-23.579033,57.03554,string_acoustic_057-080-100,string_acoustic_057-080-100,/root/autodl-tmp/tokenizer-eval/data/nsynth/nsynth-valid/audio/string_acoustic_057-080-100.wav,450,string_acoustic_057,8,string,0,acoustic,80,100,16000,bright|nonlinear_env|reverb
24.231077,-8.221886,guitar_electronic_028-047-075,guitar_electronic_028-047-075,/root/autodl-tmp/tokenizer-eval/data/nsynth/nsynth-valid/audio/guitar_electronic_028-047-075.wav,510,guitar_electronic_028,3,guitar,1,electronic,47,75,16000,dark
52.028706,5.721531,string_acoustic_056-039-025,string_acoustic_056-039-025,/root/autodl-tmp/tokenizer-eval/data/nsynth/nsynth-valid/audio/string_acoustic_056-039-025.wav,436,string_acoustic_056,8,string,0,acoustic,39,25,16000,fast_decay|reverb
53.245605,4.8635902,string_acoustic_056-043-127,string_acoustic_056-043-127,/root/autodl-tmp/tokenizer-eval/data/nsynth/nsynth-valid/audio/string_acoustic_056-043-127.wav,436,string_acoustic_056,8,string,0,acoustic,43,127,16000,fast_decay|percussive|reverb
-1.5681148,49.78159,flute_synthetic_000-056-025,flute_synthetic_000-056-025,/root/autodl-tmp/tokenizer-eval/data/nsynth/nsynth-valid/audio/flute_synthetic_000-056-025.wav,82,flute_synthetic_000,2,flute,2,synthetic,56,25,16000,distortion
-41.704605,-26.97849,brass_acoustic_006-065-075,brass_acoustic_006-065-075,/root/autodl-tmp/tokenizer-eval/data/nsynth/nsynth-valid/audio/brass_acoustic_006-065-075.wav,43,brass_acoustic_006,1,brass,0,acoustic,65,75,16000,reverb
-71.831795,8.616394,vocal_synthetic_003-045-127,vocal_synthetic_003-045-127,/root/autodl-tmp/tokenizer-eval/data/nsynth/nsynth-valid/audio/vocal_synthetic_003-045-127.wav,37,vocal_synthetic_003,10,vocal,2,synthetic,45,127,16000,bright|distortion|long_release|nonlinear_env
28.516903,11.576967,bass_electronic_025-040-050,bass_electronic_025-040-050,/root/autodl-tmp/tokenizer-eval/data/nsynth/nsynth-valid/audio/bass_electronic_025-040-050.wav,872,bass_electronic_025,0,bass,1,electronic,40,50,16000,
25.06907,23.25571,keyboard_electronic_069-037-075,keyboard_electronic_069-037-075,/root/autodl-tmp/tokenizer-eval/data/nsynth/nsynth-valid/audio/keyboard_electronic_069-037-075.wav,805,keyboard_electronic_069,4,keyboard,1,electronic,37,75,16000,distortion
-11.745637,-21.430265,organ_electronic_057-062-025,organ_electronic_057-062-025,/root/autodl-tmp/tokenizer-eval/data/nsynth/nsynth-valid/audio/organ_electronic_057-062-025.wav,701,organ_electronic_057,6,organ,1,electronic,62,25,16000,dark
-18.085548,20.164703,brass_acoustic_006-039-050,brass_acoustic_006-039-050,/root/autodl-tmp/tokenizer-eval/data/nsynth/nsynth-valid/audio/brass_acoustic_006-039-050.wav,43,brass_acoustic_006,1,brass,0,acoustic,39,50,16000,long_release|reverb
-1.6041943,-16.925047,guitar_acoustic_015-062-127,guitar_acoustic_015-062-127,/root/autodl-tmp/tokenizer-eval/data/nsynth/nsynth-valid/audio/guitar_acoustic_015-062-127.wav,316,guitar_acoustic_015,3,guitar,0,acoustic,62,127,16000,reverb
22.896473,2.3971741,brass_acoustic_015-046-100,brass_acoustic_015-046-100,/root/autodl-tmp/tokenizer-eval/data/nsynth/nsynth-valid/audio/brass_acoustic_015-046-100.wav,121,brass_acoustic_015,1,brass,0,acoustic,46,100,16000,reverb
-14.703067,74.67515,brass_acoustic_006-051-050,brass_acoustic_006-051-050,/root/autodl-tmp/tokenizer-eval/data/nsynth/nsynth-valid/audio/brass_acoustic_006-051-050.wav,43,brass_acoustic_006,1,brass,0,acoustic,51,50,16000,reverb
-70.83384,24.287899,vocal_synthetic_003-058-025,vocal_synthetic_003-058-025,/root/autodl-tmp/tokenizer-eval/data/nsynth/nsynth-valid/audio/vocal_synthetic_003-058-025.wav,37,vocal_synthetic_003,10,vocal,2,synthetic,58,25,16000,bright|distortion|long_release|nonlinear_env
-30.071934,29.658356,guitar_acoustic_014-073-025,guitar_acoustic_014-073-025,/root/autodl-tmp/tokenizer-eval/data/nsynth/nsynth-valid/audio/guitar_acoustic_014-073-025.wav,263,guitar_acoustic_014,3,guitar,0,acoustic,73,25,16000,
71.898735,-10.345371,guitar_acoustic_030-085-025,guitar_acoustic_030-085-025,/root/autodl-tmp/tokenizer-eval/data/nsynth/nsynth-valid/audio/guitar_acoustic_030-085-025.wav,642,guitar_acoustic_030,3,guitar,0,acoustic,85,25,16000,fast_decay|percussive|tempo-synced
28.38114,31.458082,keyboard_acoustic_004-047-025,keyboard_acoustic_004-047-025,/root/autodl-tmp/tokenizer-eval/data/nsynth/nsynth-valid/audio/keyboard_acoustic_004-047-025.wav,327,keyboard_acoustic_004,4,keyboard,0,acoustic,47,25,16000,dark|reverb
11.8633585,-3.206131,bass_synthetic_135-054-127,bass_synthetic_135-054-127,/root/autodl-tmp/tokenizer-eval/data/nsynth/nsynth-valid/audio/bass_synthetic_135-054-127.wav,927,bass_synthetic_135,0,bass,2,synthetic,54,127,16000,distortion
8.30158,-41.245872,brass_acoustic_006-045-075,brass_acoustic_006-045-075,/root/autodl-tmp/tokenizer-eval/data/nsynth/nsynth-valid/audio/brass_acoustic_006-045-075.wav,43,brass_acoustic_006,1,brass,0,acoustic,45,75,16000,reverb
-3.72983,-68.92433,brass_acoustic_006-040-100,brass_acoustic_006-040-100,/root/autodl-tmp/tokenizer-eval/data/nsynth/nsynth-valid/audio/brass_acoustic_006-040-100.wav,43,brass_acoustic_006,1,brass,0,acoustic,40,100,16000,reverb
46.243233,-47.149914,reed_acoustic_023-078-050,reed_acoustic_023-078-050,/root/autodl-tmp/tokenizer-eval/data/nsynth/nsynth-valid/audio/reed_acoustic_023-078-050.wav,224,reed_acoustic_023,7,reed,0,acoustic,78,50,16000,bright|fast_decay|multiphonic|nonlinear_env
-36.54712,-53.324364,organ_electronic_007-090-075,organ_electronic_007-090-075,/root/autodl-tmp/tokenizer-eval/data/nsynth/nsynth-valid/audio/organ_electronic_007-090-075.wav,123,organ_electronic_007,6,organ,1,electronic,90,75,16000,long_release|nonlinear_env
13.986451,-30.689856,brass_acoustic_006-078-025,brass_acoustic_006-078-025,/root/autodl-tmp/tokenizer-eval/data/nsynth/nsynth-valid/audio/brass_acoustic_006-078-025.wav,43,brass_acoustic_006,1,brass,0,acoustic,78,25,16000,reverb
12.224355,73.758865,guitar_acoustic_021-039-050,guitar_acoustic_021-039-050,/root/autodl-tmp/tokenizer-eval/data/nsynth/nsynth-valid/audio/guitar_acoustic_021-039-050.wav,457,guitar_acoustic_021,3,guitar,0,acoustic,39,50,16000,
8.269555,-41.742752,brass_acoustic_059-045-100,brass_acoustic_059-045-100,/root/autodl-tmp/tokenizer-eval/data/nsynth/nsynth-valid/audio/brass_acoustic_059-045-100.wav,572,brass_acoustic_059,1,brass,0,acoustic,45,100,16000,reverb
-2.3161407,-79.99258,guitar_acoustic_010-076-100,guitar_acoustic_010-076-100,/root/autodl-tmp/tokenizer-eval/data/nsynth/nsynth-valid/audio/guitar_acoustic_010-076-100.wav,219,guitar_acoustic_010,3,guitar,0,acoustic,76,100,16000,
-7.268445,-23.994394,flute_synthetic_000-074-025,flute_synthetic_000-074-025,/root/autodl-tmp/tokenizer-eval/data/nsynth/nsynth-valid/audio/flute_synthetic_000-074-025.wav,82,flute_synthetic_000,2,flute,2,synthetic,74,25,16000,distortion
-35.355846,9.868798,organ_electronic_057-055-127,organ_electronic_057-055-127,/root/autodl-tmp/tokenizer-eval/data/nsynth/nsynth-valid/audio/organ_electronic_057-055-127.wav,701,organ_electronic_057,6,organ,1,electronic,55,127,16000,dark
77.911606,-7.662048,mallet_acoustic_056-041-075,mallet_acoustic_056-041-075,/root/autodl-tmp/tokenizer-eval/data/nsynth/nsynth-valid/audio/mallet_acoustic_056-041-075.wav,590,mallet_acoustic_056,5,mallet,0,acoustic,41,75,16000,fast_decay|percussive
-8.293786,-16.104435,flute_synthetic_000-062-050,flute_synthetic_000-062-050,/root/autodl-tmp/tokenizer-eval/data/nsynth/nsynth-valid/audio/flute_synthetic_000-062-050.wav,82,flute_synthetic_000,2,flute,2,synthetic,62,50,16000,distortion
38.470955,29.93746,bass_synthetic_068-044-025,bass_synthetic_068-044-025,/root/autodl-tmp/tokenizer-eval/data/nsynth/nsynth-valid/audio/bass_synthetic_068-044-025.wav,656,bass_synthetic_068,0,bass,2,synthetic,44,25,16000,dark
-5.1609263,-44.431038,string_acoustic_057-081-100,string_acoustic_057-081-100,/root/autodl-tmp/tokenizer-eval/data/nsynth/nsynth-valid/audio/string_acoustic_057-081-100.wav,450,string_acoustic_057,8,string,0,acoustic,81,100,16000,bright|nonlinear_env|reverb
37.007145,42.9075,mallet_acoustic_062-045-127,mallet_acoustic_062-045-127,/root/autodl-tmp/tokenizer-eval/data/nsynth/nsynth-valid/audio/mallet_acoustic_062-045-127.wav,644,mallet_acoustic_062,5,mallet,0,acoustic,45,127,16000,dark|long_release|multiphonic
-86.94497,-0.3690175,brass_acoustic_046-092-100,brass_acoustic_046-092-100,/root/autodl-tmp/tokenizer-eval/data/nsynth/nsynth-valid/audio/brass_acoustic_046-092-100.wav,414,brass_acoustic_046,1,brass,0,acoustic,92,100,16000,long_release
52.95571,-44.48255,reed_acoustic_023-048-025,reed_acoustic_023-048-025,/root/autodl-tmp/tokenizer-eval/data/nsynth/nsynth-valid/audio/reed_acoustic_023-048-025.wav,224,reed_acoustic_023,7,reed,0,acoustic,48,25,16000,bright|fast_decay|multiphonic|nonlinear_env
72.33768,-7.0981946,mallet_acoustic_056-056-050,mallet_acoustic_056-056-050,/root/autodl-tmp/tokenizer-eval/data/nsynth/nsynth-valid/audio/mallet_acoustic_056-056-050.wav,590,mallet_acoustic_056,5,mallet,0,acoustic,56,50,16000,fast_decay|percussive
45.554695,-1.626641,string_acoustic_056-056-050,string_acoustic_056-056-050,/root/autodl-tmp/tokenizer-eval/data/nsynth/nsynth-valid/audio/string_acoustic_056-056-050.wav,436,string_acoustic_056,8,string,0,acoustic,56,50,16000,fast_decay|percussive|reverb
-6.4347854,83.53174,organ_electronic_028-075-025,organ_electronic_028-075-025,/root/autodl-tmp/tokenizer-eval/data/nsynth/nsynth-valid/audio/organ_electronic_028-075-025.wav,440,organ_electronic_028,6,organ,1,electronic,75,25,16000,dark
-67.74268,12.5083885,vocal_synthetic_003-044-100,vocal_synthetic_003-044-100,/root/autodl-tmp/tokenizer-eval/data/nsynth/nsynth-valid/audio/vocal_synthetic_003-044-100.wav,37,vocal_synthetic_003,10,vocal,2,synthetic,44,100,16000,bright|distortion|long_release|nonlinear_env
30.932264,-13.570911,keyboard_electronic_078-083-127,keyboard_electronic_078-083-127,/root/autodl-tmp/tokenizer-eval/data/nsynth/nsynth-valid/audio/keyboard_electronic_078-083-127.wav,838,keyboard_electronic_078,4,keyboard,1,electronic,83,127,16000,bright
-47.08804,-50.52717,brass_acoustic_016-055-127,brass_acoustic_016-055-127,/root/autodl-tmp/tokenizer-eval/data/nsynth/nsynth-valid/audio/brass_acoustic_016-055-127.wav,128,brass_acoustic_016,1,brass,0,acoustic,55,127,16000,
-21.65249,85.41599,organ_electronic_007-087-025,organ_electronic_007-087-025,/root/autodl-tmp/tokenizer-eval/data/nsynth/nsynth-valid/audio/organ_electronic_007-087-025.wav,123,organ_electronic_007,6,organ,1,electronic,87,25,16000,long_release|nonlinear_env
13.734123,38.733536,keyboard_electronic_003-049-025,keyboard_electronic_003-049-025,/root/autodl-tmp/tokenizer-eval/data/nsynth/nsynth-valid/audio/keyboard_electronic_003-049-025.wav,65,keyboard_electronic_003,4,keyboard,1,electronic,49,25,16000,dark
70.14634,-5.9002867,mallet_acoustic_056-062-075,mallet_acoustic_056-062-075,/root/autodl-tmp/tokenizer-eval/data/nsynth/nsynth-valid/audio/mallet_acoustic_056-062-075.wav,590,mallet_acoustic_056,5,mallet,0,acoustic,62,75,16000,fast_decay|percussive
7.462306,-68.592545,keyboard_electronic_002-076-075,keyboard_electronic_002-076-075,/root/autodl-tmp/tokenizer-eval/data/nsynth/nsynth-valid/audio/keyboard_electronic_002-076-075.wav,50,keyboard_electronic_002,4,keyboard,1,electronic,76,75,16000,fast_decay
26.17799,-15.599449,flute_synthetic_000-083-025,flute_synthetic_000-083-025,/root/autodl-tmp/tokenizer-eval/data/nsynth/nsynth-valid/audio/flute_synthetic_000-083-025.wav,82,flute_synthetic_000,2,flute,2,synthetic,83,25,16000,distortion
-67.84008,35.920097,guitar_acoustic_010-094-050,guitar_acoustic_010-094-050,/root/autodl-tmp/tokenizer-eval/data/nsynth/nsynth-valid/audio/guitar_acoustic_010-094-050.wav,219,guitar_acoustic_010,3,guitar,0,acoustic,94,50,16000,
-41.987392,-6.704074,bass_synthetic_009-079-100,bass_synthetic_009-079-100,/root/autodl-tmp/tokenizer-eval/data/nsynth/nsynth-valid/audio/bass_synthetic_009-079-100.wav,150,bass_synthetic_009,0,bass,2,synthetic,79,100,16000,bright|distortion|long_release
-22.586428,34.94858,keyboard_electronic_002-037-100,keyboard_electronic_002-037-100,/root/autodl-tmp/tokenizer-eval/data/nsynth/nsynth-valid/audio/keyboard_electronic_002-037-100.wav,50,keyboard_electronic_002,4,keyboard,1,electronic,37,100,16000,distortion
29.961195,-34.85122,guitar_electronic_028-094-050,guitar_electronic_028-094-050,/root/autodl-tmp/tokenizer-eval/data/nsynth/nsynth-valid/audio/guitar_electronic_028-094-050.wav,510,guitar_electronic_028,3,guitar,1,electronic,94,50,16000,
6.116929,17.07432,bass_synthetic_098-070-025,bass_synthetic_098-070-025,/root/autodl-tmp/tokenizer-eval/data/nsynth/nsynth-valid/audio/bass_synthetic_098-070-025.wav,803,bass_synthetic_098,0,bass,2,synthetic,70,25,16000,
25.618916,25.94714,bass_synthetic_135-037-127,bass_synthetic_135-037-127,/root/autodl-tmp/tokenizer-eval/data/nsynth/nsynth-valid/audio/bass_synthetic_135-037-127.wav,927,bass_synthetic_135,0,bass,2,synthetic,37,127,16000,distortion
53.016727,-41.50971,reed_acoustic_023-040-075,reed_acoustic_023-040-075,/root/autodl-tmp/tokenizer-eval/data/nsynth/nsynth-valid/audio/reed_acoustic_023-040-075.wav,224,reed_acoustic_023,7,reed,0,acoustic,40,75,16000,bright|fast_decay|multiphonic|nonlinear_env
41.097775,18.285484,bass_electronic_025-050-127,bass_electronic_025-050-127,/root/autodl-tmp/tokenizer-eval/data/nsynth/nsynth-valid/audio/bass_electronic_025-050-127.wav,872,bass_electronic_025,0,bass,1,electronic,50,127,16000,
15.475236,-27.044619,flute_synthetic_000-078-075,flute_synthetic_000-078-075,/root/autodl-tmp/tokenizer-eval/data/nsynth/nsynth-valid/audio/flute_synthetic_000-078-075.wav,82,flute_synthetic_000,2,flute,2,synthetic,78,75,16000,distortion
-20.25018,53.17355,flute_acoustic_002-092-050,flute_acoustic_002-092-050,/root/autodl-tmp/tokenizer-eval/data/nsynth/nsynth-valid/audio/flute_acoustic_002-092-050.wav,86,flute_acoustic_002,2,flute,0,acoustic,92,50,16000,reverb
68.42355,-18.784512,mallet_acoustic_047-084-050,mallet_acoustic_047-084-050,/root/autodl-tmp/tokenizer-eval/data/nsynth/nsynth-valid/audio/mallet_acoustic_047-084-050.wav,488,mallet_acoustic_047,5,mallet,0,acoustic,84,50,16000,fast_decay|percussive|reverb
-31.619661,-61.352257,vocal_synthetic_003-059-127,vocal_synthetic_003-059-127,/root/autodl-tmp/tokenizer-eval/data/nsynth/nsynth-valid/audio/vocal_synthetic_003-059-127.wav,37,vocal_synthetic_003,10,vocal,2,synthetic,59,127,16000,bright|distortion|long_release|nonlinear_env
31.984888,12.16937,bass_synthetic_033-040-050,bass_synthetic_033-040-050,/root/autodl-tmp/tokenizer-eval/data/nsynth/nsynth-valid/audio/bass_synthetic_033-040-050.wav,417,bass_synthetic_033,0,bass,2,synthetic,40,50,16000,dark
67.03397,-0.61998475,guitar_acoustic_021-081-025,guitar_acoustic_021-081-025,/root/autodl-tmp/tokenizer-eval/data/nsynth/nsynth-valid/audio/guitar_acoustic_021-081-025.wav,457,guitar_acoustic_021,3,guitar,0,acoustic,81,25,16000,fast_decay|percussive
51.018646,-13.413924,string_acoustic_056-065-025,string_acoustic_056-065-025,/root/autodl-tmp/tokenizer-eval/data/nsynth/nsynth-valid/audio/string_acoustic_056-065-025.wav,436,string_acoustic_056,8,string,0,acoustic,65,25,16000,fast_decay|reverb
43.922165,-35.052055,reed_acoustic_023-087-025,reed_acoustic_023-087-025,/root/autodl-tmp/tokenizer-eval/data/nsynth/nsynth-valid/audio/reed_acoustic_023-087-025.wav,224,reed_acoustic_023,7,reed,0,acoustic,87,25,16000,fast_decay|multiphonic|nonlinear_env
54.599895,-39.546444,reed_acoustic_023-043-050,reed_acoustic_023-043-050,/root/autodl-tmp/tokenizer-eval/data/nsynth/nsynth-valid/audio/reed_acoustic_023-043-050.wav,224,reed_acoustic_023,7,reed,0,acoustic,43,50,16000,bright|fast_decay|multiphonic|nonlinear_env
-60.427937,-23.18947,vocal_synthetic_003-084-100,vocal_synthetic_003-084-100,/root/autodl-tmp/tokenizer-eval/data/nsynth/nsynth-valid/audio/vocal_synthetic_003-084-100.wav,37,vocal_synthetic_003,10,vocal,2,synthetic,84,100,16000,bright|distortion|long_release|nonlinear_env
55.171284,-39.55001,reed_acoustic_023-055-127,reed_acoustic_023-055-127,/root/autodl-tmp/tokenizer-eval/data/nsynth/nsynth-valid/audio/reed_acoustic_023-055-127.wav,224,reed_acoustic_023,7,reed,0,acoustic,55,127,16000,bright|fast_decay|multiphonic|nonlinear_env
36.843224,28.38603,bass_synthetic_134-056-075,bass_synthetic_134-056-075,/root/autodl-tmp/tokenizer-eval/data/nsynth/nsynth-valid/audio/bass_synthetic_134-056-075.wav,914,bass_synthetic_134,0,bass,2,synthetic,56,75,16000,dark|reverb
15.691336,-47.002983,guitar_electronic_028-057-100,guitar_electronic_028-057-100,/root/autodl-tmp/tokenizer-eval/data/nsynth/nsynth-valid/audio/guitar_electronic_028-057-100.wav,510,guitar_electronic_028,3,guitar,1,electronic,57,100,16000,dark
18.570343,41.156498,flute_synthetic_000-048-075,flute_synthetic_000-048-075,/root/autodl-tmp/tokenizer-eval/data/nsynth/nsynth-valid/audio/flute_synthetic_000-048-075.wav,82,flute_synthetic_000,2,flute,2,synthetic,48,75,16000,distortion
44.07373,7.6965685,keyboard_synthetic_000-042-025,keyboard_synthetic_000-042-025,/root/autodl-tmp/tokenizer-eval/data/nsynth/nsynth-valid/audio/keyboard_synthetic_000-042-025.wav,577,keyboard_synthetic_000,4,keyboard,2,synthetic,42,25,16000,distortion|fast_decay|nonlinear_env
33.961624,-2.5496051,string_acoustic_056-059-050,string_acoustic_056-059-050,/root/autodl-tmp/tokenizer-eval/data/nsynth/nsynth-valid/audio/string_acoustic_056-059-050.wav,436,string_acoustic_056,8,string,0,acoustic,59,50,16000,fast_decay|percussive|reverb
53.68991,-47.932228,reed_acoustic_023-072-025,reed_acoustic_023-072-025,/root/autodl-tmp/tokenizer-eval/data/nsynth/nsynth-valid/audio/reed_acoustic_023-072-025.wav,224,reed_acoustic_023,7,reed,0,acoustic,72,25,16000,bright|fast_decay|multiphonic|nonlinear_env
43.376125,-46.693027,keyboard_synthetic_000-066-075,keyboard_synthetic_000-066-075,/root/autodl-tmp/tokenizer-eval/data/nsynth/nsynth-valid/audio/keyboard_synthetic_000-066-075.wav,577,keyboard_synthetic_000,4,keyboard,2,synthetic,66,75,16000,distortion|fast_decay|nonlinear_env
65.631096,-45.81808,reed_acoustic_023-093-050,reed_acoustic_023-093-050,/root/autodl-tmp/tokenizer-eval/data/nsynth/nsynth-valid/audio/reed_acoustic_023-093-050.wav,224,reed_acoustic_023,7,reed,0,acoustic,93,50,16000,fast_decay|multiphonic|nonlinear_env
46.456486,26.937405,mallet_acoustic_062-031-025,mallet_acoustic_062-031-025,/root/autodl-tmp/tokenizer-eval/data/nsynth/nsynth-valid/audio/mallet_acoustic_062-031-025.wav,644,mallet_acoustic_062,5,mallet,0,acoustic,31,25,16000,dark|multiphonic
-32.7343,2.9499655,keyboard_electronic_002-055-127,keyboard_electronic_002-055-127,/root/autodl-tmp/tokenizer-eval/data/nsynth/nsynth-valid/audio/keyboard_electronic_002-055-127.wav,50,keyboard_electronic_002,4,keyboard,1,electronic,55,127,16000,distortion
-28.686317,28.537523,guitar_electronic_028-061-025,guitar_electronic_028-061-025,/root/autodl-tmp/tokenizer-eval/data/nsynth/nsynth-valid/audio/guitar_electronic_028-061-025.wav,510,guitar_electronic_028,3,guitar,1,electronic,61,25,16000,dark
-26.487764,-67.71724,vocal_synthetic_003-095-127,vocal_synthetic_003-095-127,/root/autodl-tmp/tokenizer-eval/data/nsynth/nsynth-valid/audio/vocal_synthetic_003-095-127.wav,37,vocal_synthetic_003,10,vocal,2,synthetic,95,127,16000,bright|distortion|long_release|nonlinear_env
44.8887,-58.539955,bass_synthetic_034-082-050,bass_synthetic_034-082-050,/root/autodl-tmp/tokenizer-eval/data/nsynth/nsynth-valid/audio/bass_synthetic_034-082-050.wav,420,bass_synthetic_034,0,bass,2,synthetic,82,50,16000,bright|distortion|tempo-synced
-25.981459,28.56079,keyboard_electronic_069-061-075,keyboard_electronic_069-061-075,/root/autodl-tmp/tokenizer-eval/data/nsynth/nsynth-valid/audio/keyboard_electronic_069-061-075.wav,805,keyboard_electronic_069,4,keyboard,1,electronic,61,75,16000,distortion
14.115987,32.176468,string_acoustic_012-046-075,string_acoustic_012-046-075,/root/autodl-tmp/tokenizer-eval/data/nsynth/nsynth-valid/audio/string_acoustic_012-046-075.wav,97,string_acoustic_012,8,string,0,acoustic,46,75,16000,long_release|reverb
-21.535065,-64.64678,string_acoustic_057-095-075,string_acoustic_057-095-075,/root/autodl-tmp/tokenizer-eval/data/nsynth/nsynth-valid/audio/string_acoustic_057-095-075.wav,450,string_acoustic_057,8,string,0,acoustic,95,75,16000,nonlinear_env|reverb
-21.741518,35.413754,vocal_synthetic_003-037-025,vocal_synthetic_003-037-025,/root/autodl-tmp/tokenizer-eval/data/nsynth/nsynth-valid/audio/vocal_synthetic_003-037-025.wav,37,vocal_synthetic_003,10,vocal,2,synthetic,37,25,16000,distortion|long_release|nonlinear_env
24.58853,-15.385011,flute_synthetic_000-071-050,flute_synthetic_000-071-050,/root/autodl-tmp/tokenizer-eval/data/nsynth/nsynth-valid/audio/flute_synthetic_000-071-050.wav,82,flute_synthetic_000,2,flute,2,synthetic,71,50,16000,distortion
79.503365,-16.456774,mallet_acoustic_047-066-075,mallet_acoustic_047-066-075,/root/autodl-tmp/tokenizer-eval/data/nsynth/nsynth-valid/audio/mallet_acoustic_047-066-075.wav,488,mallet_acoustic_047,5,mallet,0,acoustic,66,75,16000,fast_decay|percussive|reverb
17.327517,-47.30537,bass_synthetic_068-069-100,bass_synthetic_068-069-100,/root/autodl-tmp/tokenizer-eval/data/nsynth/nsynth-valid/audio/bass_synthetic_068-069-100.wav,656,bass_synthetic_068,0,bass,2,synthetic,69,100,16000,
-0.18644406,-76.5121,flute_synthetic_000-076-050,flute_synthetic_000-076-050,/root/autodl-tmp/tokenizer-eval/data/nsynth/nsynth-valid/audio/flute_synthetic_000-076-050.wav,82,flute_synthetic_000,2,flute,2,synthetic,76,50,16000,distortion
-9.280443,-72.32401,organ_electronic_007-064-025,organ_electronic_007-064-025,/root/autodl-tmp/tokenizer-eval/data/nsynth/nsynth-valid/audio/organ_electronic_007-064-025.wav,123,organ_electronic_007,6,organ,1,electronic,64,25,16000,distortion|long_release|nonlinear_env
-32.320877,6.8663793,vocal_acoustic_000-055-127,vocal_acoustic_000-055-127,/root/autodl-tmp/tokenizer-eval/data/nsynth/nsynth-valid/audio/vocal_acoustic_000-055-127.wav,46,vocal_acoustic_000,10,vocal,0,acoustic,55,127,16000,reverb
63.473152,-50.22958,reed_acoustic_023-088-100,reed_acoustic_023-088-100,/root/autodl-tmp/tokenizer-eval/data/nsynth/nsynth-valid/audio/reed_acoustic_023-088-100.wav,224,reed_acoustic_023,7,reed,0,acoustic,88,100,16000,fast_decay|multiphonic|nonlinear_env
0.7357234,-42.481594,guitar_acoustic_010-093-075,guitar_acoustic_010-093-075,/root/autodl-tmp/tokenizer-eval/data/nsynth/nsynth-valid/audio/guitar_acoustic_010-093-075.wav,219,guitar_acoustic_010,3,guitar,0,acoustic,93,75,16000,
25.286144,-32.054165,guitar_electronic_028-090-100,guitar_electronic_028-090-100,/root/autodl-tmp/tokenizer-eval/data/nsynth/nsynth-valid/audio/guitar_electronic_028-090-100.wav,510,guitar_electronic_028,3,guitar,1,electronic,90,100,16000,
19.357195,66.001656,flute_synthetic_000-050-100,flute_synthetic_000-050-100,/root/autodl-tmp/tokenizer-eval/data/nsynth/nsynth-valid/audio/flute_synthetic_000-050-100.wav,82,flute_synthetic_000,2,flute,2,synthetic,50,100,16000,distortion
8.788203,48.924927,keyboard_electronic_003-032-025,keyboard_electronic_003-032-025,/root/autodl-tmp/tokenizer-eval/data/nsynth/nsynth-valid/audio/keyboard_electronic_003-032-025.wav,65,keyboard_electronic_003,4,keyboard,1,electronic,32,25,16000,dark
-3.2295444,-68.19761,brass_acoustic_059-040-075,brass_acoustic_059-040-075,/root/autodl-tmp/tokenizer-eval/data/nsynth/nsynth-valid/audio/brass_acoustic_059-040-075.wav,572,brass_acoustic_059,1,brass,0,acoustic,40,75,16000,bright|reverb
-33.098385,5.2235775,string_acoustic_057-067-050,string_acoustic_057-067-050,/root/autodl-tmp/tokenizer-eval/data/nsynth/nsynth-valid/audio/string_acoustic_057-067-050.wav,450,string_acoustic_057,8,string,0,acoustic,67,50,16000,bright|nonlinear_env|reverb
27.588003,2.4257553,guitar_electronic_028-034-050,guitar_electronic_028-034-050,/root/autodl-tmp/tokenizer-eval/data/nsynth/nsynth-valid/audio/guitar_electronic_028-034-050.wav,510,guitar_electronic_028,3,guitar,1,electronic,34,50,16000,dark
51.297222,0.44157663,bass_synthetic_134-072-100,bass_synthetic_134-072-100,/root/autodl-tmp/tokenizer-eval/data/nsynth/nsynth-valid/audio/bass_synthetic_134-072-100.wav,914,bass_synthetic_134,0,bass,2,synthetic,72,100,16000,dark|fast_decay|reverb
-20.375443,85.7337,bass_synthetic_009-087-127,bass_synthetic_009-087-127,/root/autodl-tmp/tokenizer-eval/data/nsynth/nsynth-valid/audio/bass_synthetic_009-087-127.wav,150,bass_synthetic_009,0,bass,2,synthetic,87,127,16000,long_release
45.226044,-50.900375,reed_acoustic_023-090-025,reed_acoustic_023-090-025,/root/autodl-tmp/tokenizer-eval/data/nsynth/nsynth-valid/audio/reed_acoustic_023-090-025.wav,224,reed_acoustic_023,7,reed,0,acoustic,90,25,16000,fast_decay|multiphonic|nonlinear_env
34.719414,3.5796733,mallet_acoustic_062-034-025,mallet_acoustic_062-034-025,/root/autodl-tmp/tokenizer-eval/data/nsynth/nsynth-valid/audio/mallet_acoustic_062-034-025.wav,644,mallet_acoustic_062,5,mallet,0,acoustic,34,25,16000,dark|multiphonic
33.567116,-9.952381,mallet_acoustic_056-083-100,mallet_acoustic_056-083-100,/root/autodl-tmp/tokenizer-eval/data/nsynth/nsynth-valid/audio/mallet_acoustic_056-083-100.wav,590,mallet_acoustic_056,5,mallet,0,acoustic,83,100,16000,
19.617037,-15.533411,organ_electronic_057-047-050,organ_electronic_057-047-050,/root/autodl-tmp/tokenizer-eval/data/nsynth/nsynth-valid/audio/organ_electronic_057-047-050.wav,701,organ_electronic_057,6,organ,1,electronic,47,50,16000,dark
4.2325172,11.978732,bass_synthetic_098-096-127,bass_synthetic_098-096-127,/root/autodl-tmp/tokenizer-eval/data/nsynth/nsynth-valid/audio/bass_synthetic_098-096-127.wav,803,bass_synthetic_098,0,bass,2,synthetic,96,127,16000,
52.5316,-45.83722,reed_acoustic_023-060-050,reed_acoustic_023-060-050,/root/autodl-tmp/tokenizer-eval/data/nsynth/nsynth-valid/audio/reed_acoustic_023-060-050.wav,224,reed_acoustic_023,7,reed,0,acoustic,60,50,16000,bright|fast_decay|multiphonic|nonlinear_env
-8.725726,56.73161,organ_electronic_057-056-050,organ_electronic_057-056-050,/root/autodl-tmp/tokenizer-eval/data/nsynth/nsynth-valid/audio/organ_electronic_057-056-050.wav,701,organ_electronic_057,6,organ,1,electronic,56,50,16000,dark
-15.877284,79.49225,reed_acoustic_011-051-025,reed_acoustic_011-051-025,/root/autodl-tmp/tokenizer-eval/data/nsynth/nsynth-valid/audio/reed_acoustic_011-051-025.wav,104,reed_acoustic_011,7,reed,0,acoustic,51,25,16000,
-15.829349,57.495975,flute_acoustic_002-068-075,flute_acoustic_002-068-075,/root/autodl-tmp/tokenizer-eval/data/nsynth/nsynth-valid/audio/flute_acoustic_002-068-075.wav,86,flute_acoustic_002,2,flute,0,acoustic,68,75,16000,long_release|reverb
-87.61493,-0.80044127,brass_acoustic_046-094-075,brass_acoustic_046-094-075,/root/autodl-tmp/tokenizer-eval/data/nsynth/nsynth-valid/audio/brass_acoustic_046-094-075.wav,414,brass_acoustic_046,1,brass,0,acoustic,94,75,16000,long_release
-54.094772,37.170406,organ_electronic_028-058-050,organ_electronic_028-058-050,/root/autodl-tmp/tokenizer-eval/data/nsynth/nsynth-valid/audio/organ_electronic_028-058-050.wav,440,organ_electronic_028,6,organ,1,electronic,58,50,16000,dark
-36.02249,-23.259373,vocal_acoustic_000-065-025,vocal_acoustic_000-065-025,/root/autodl-tmp/tokenizer-eval/data/nsynth/nsynth-valid/audio/vocal_acoustic_000-065-025.wav,46,vocal_acoustic_000,10,vocal,0,acoustic,65,25,16000,reverb
35.222973,50.331074,keyboard_electronic_098-033-025,keyboard_electronic_098-033-025,/root/autodl-tmp/tokenizer-eval/data/nsynth/nsynth-valid/audio/keyboard_electronic_098-033-025.wav,905,keyboard_electronic_098,4,keyboard,1,electronic,33,25,16000,dark
40.981834,-9.431234,mallet_acoustic_062-073-050,mallet_acoustic_062-073-050,/root/autodl-tmp/tokenizer-eval/data/nsynth/nsynth-valid/audio/mallet_acoustic_062-073-050.wav,644,mallet_acoustic_062,5,mallet,0,acoustic,73,50,16000,dark|fast_decay|multiphonic
-34.26137,40.53562,flute_acoustic_002-073-050,flute_acoustic_002-073-050,/root/autodl-tmp/tokenizer-eval/data/nsynth/nsynth-valid/audio/flute_acoustic_002-073-050.wav,86,flute_acoustic_002,2,flute,0,acoustic,73,50,16000,long_release|reverb
-15.005986,84.9842,brass_acoustic_006-075-127,brass_acoustic_006-075-127,/root/autodl-tmp/tokenizer-eval/data/nsynth/nsynth-valid/audio/brass_acoustic_006-075-127.wav,43,brass_acoustic_006,1,brass,0,acoustic,75,127,16000,reverb
15.5425,-26.960249,flute_synthetic_000-078-127,flute_synthetic_000-078-127,/root/autodl-tmp/tokenizer-eval/data/nsynth/nsynth-valid/audio/flute_synthetic_000-078-127.wav,82,flute_synthetic_000,2,flute,2,synthetic,78,127,16000,distortion
23.413643,34.792526,flute_synthetic_000-047-127,flute_synthetic_000-047-127,/root/autodl-tmp/tokenizer-eval/data/nsynth/nsynth-valid/audio/flute_synthetic_000-047-127.wav,82,flute_synthetic_000,2,flute,2,synthetic,47,127,16000,distortion
-32.44013,-51.404675,vocal_synthetic_003-066-127,vocal_synthetic_003-066-127,/root/autodl-tmp/tokenizer-eval/data/nsynth/nsynth-valid/audio/vocal_synthetic_003-066-127.wav,37,vocal_synthetic_003,10,vocal,2,synthetic,66,127,16000,bright|distortion|long_release|nonlinear_env
3.5270038,-29.390676,vocal_synthetic_003-047-025,vocal_synthetic_003-047-025,/root/autodl-tmp/tokenizer-eval/data/nsynth/nsynth-valid/audio/vocal_synthetic_003-047-025.wav,37,vocal_synthetic_003,10,vocal,2,synthetic,47,25,16000,distortion|long_release|nonlinear_env
-52.587482,-10.010155,flute_synthetic_000-072-127,flute_synthetic_000-072-127,/root/autodl-tmp/tokenizer-eval/data/nsynth/nsynth-valid/audio/flute_synthetic_000-072-127.wav,82,flute_synthetic_000,2,flute,2,synthetic,72,127,16000,distortion
55.209087,-54.5609,reed_acoustic_023-091-075,reed_acoustic_023-091-075,/root/autodl-tmp/tokenizer-eval/data/nsynth/nsynth-valid/audio/reed_acoustic_023-091-075.wav,224,reed_acoustic_023,7,reed,0,acoustic,91,75,16000,fast_decay|multiphonic|nonlinear_env
69.301605,-29.77454,keyboard_synthetic_000-096-050,keyboard_synthetic_000-096-050,/root/autodl-tmp/tokenizer-eval/data/nsynth/nsynth-valid/audio/keyboard_synthetic_000-096-050.wav,577,keyboard_synthetic_000,4,keyboard,2,synthetic,96,50,16000,bright|distortion|fast_decay|nonlinear_env|percussive
11.405479,-28.77054,string_acoustic_057-078-050,string_acoustic_057-078-050,/root/autodl-tmp/tokenizer-eval/data/nsynth/nsynth-valid/audio/string_acoustic_057-078-050.wav,450,string_acoustic_057,8,string,0,acoustic,78,50,16000,bright|nonlinear_env|reverb
-36.88659,-6.9173827,string_acoustic_057-091-025,string_acoustic_057-091-025,/root/autodl-tmp/tokenizer-eval/data/nsynth/nsynth-valid/audio/string_acoustic_057-091-025.wav,450,string_acoustic_057,8,string,0,acoustic,91,25,16000,bright|nonlinear_env|reverb
-40.63311,-51.751263,brass_acoustic_016-078-075,brass_acoustic_016-078-075,/root/autodl-tmp/tokenizer-eval/data/nsynth/nsynth-valid/audio/brass_acoustic_016-078-075.wav,128,brass_acoustic_016,1,brass,0,acoustic,78,75,16000,bright
58.47022,3.2780063,mallet_acoustic_062-041-025,mallet_acoustic_062-041-025,/root/autodl-tmp/tokenizer-eval/data/nsynth/nsynth-valid/audio/mallet_acoustic_062-041-025.wav,644,mallet_acoustic_062,5,mallet,0,acoustic,41,25,16000,dark|fast_decay|multiphonic
48.400898,10.50841,keyboard_acoustic_004-063-050,keyboard_acoustic_004-063-050,/root/autodl-tmp/tokenizer-eval/data/nsynth/nsynth-valid/audio/keyboard_acoustic_004-063-050.wav,327,keyboard_acoustic_004,4,keyboard,0,acoustic,63,50,16000,dark|reverb
44.139343,28.422163,string_acoustic_014-044-050,string_acoustic_014-044-050,/root/autodl-tmp/tokenizer-eval/data/nsynth/nsynth-valid/audio/string_acoustic_014-044-050.wav,100,string_acoustic_014,8,string,0,acoustic,44,50,16000,dark|reverb
44.315987,-56.1154,bass_synthetic_034-075-025,bass_synthetic_034-075-025,/root/autodl-tmp/tokenizer-eval/data/nsynth/nsynth-valid/audio/bass_synthetic_034-075-025.wav,420,bass_synthetic_034,0,bass,2,synthetic,75,25,16000,distortion|tempo-synced
-13.729154,-3.4177816,keyboard_electronic_069-084-050,keyboard_electronic_069-084-050,/root/autodl-tmp/tokenizer-eval/data/nsynth/nsynth-valid/audio/keyboard_electronic_069-084-050.wav,805,keyboard_electronic_069,4,keyboard,1,electronic,84,50,16000,distortion
12.084571,1.2542523,keyboard_electronic_069-041-100,keyboard_electronic_069-041-100,/root/autodl-tmp/tokenizer-eval/data/nsynth/nsynth-valid/audio/keyboard_electronic_069-041-100.wav,805,keyboard_electronic_069,4,keyboard,1,electronic,41,100,16000,distortion
39.315014,52.427128,organ_electronic_001-038-100,organ_electronic_001-038-100,/root/autodl-tmp/tokenizer-eval/data/nsynth/nsynth-valid/audio/organ_electronic_001-038-100.wav,8,organ_electronic_001,6,organ,1,electronic,38,100,16000,dark
74.54908,-18.141165,mallet_acoustic_062-091-025,mallet_acoustic_062-091-025,/root/autodl-tmp/tokenizer-eval/data/nsynth/nsynth-valid/audio/mallet_acoustic_062-091-025.wav,644,mallet_acoustic_062,5,mallet,0,acoustic,91,25,16000,fast_decay|multiphonic|percussive
73.31973,-6.601021,mallet_acoustic_056-055-075,mallet_acoustic_056-055-075,/root/autodl-tmp/tokenizer-eval/data/nsynth/nsynth-valid/audio/mallet_acoustic_056-055-075.wav,590,mallet_acoustic_056,5,mallet,0,acoustic,55,75,16000,fast_decay|percussive
60.149548,-1.5863013,keyboard_acoustic_004-094-025,keyboard_acoustic_004-094-025,/root/autodl-tmp/tokenizer-eval/data/nsynth/nsynth-valid/audio/keyboard_acoustic_004-094-025.wav,327,keyboard_acoustic_004,4,keyboard,0,acoustic,94,25,16000,dark|reverb
5.058805,-70.509514,guitar_acoustic_014-076-050,guitar_acoustic_014-076-050,/root/autodl-tmp/tokenizer-eval/data/nsynth/nsynth-valid/audio/guitar_acoustic_014-076-050.wav,263,guitar_acoustic_014,3,guitar,0,acoustic,76,50,16000,
-43.599724,-46.48173,brass_acoustic_016-089-100,brass_acoustic_016-089-100,/root/autodl-tmp/tokenizer-eval/data/nsynth/nsynth-valid/audio/brass_acoustic_016-089-100.wav,128,brass_acoustic_016,1,brass,0,acoustic,89,100,16000,
-65.7863,8.803039,vocal_synthetic_003-035-127,vocal_synthetic_003-035-127,/root/autodl-tmp/tokenizer-eval/data/nsynth/nsynth-valid/audio/vocal_synthetic_003-035-127.wav,37,vocal_synthetic_003,10,vocal,2,synthetic,35,127,16000,bright|distortion|long_release|nonlinear_env
19.507933,-48.305756,keyboard_electronic_098-081-025,keyboard_electronic_098-081-025,/root/autodl-tmp/tokenizer-eval/data/nsynth/nsynth-valid/audio/keyboard_electronic_098-081-025.wav,905,keyboard_electronic_098,4,keyboard,1,electronic,81,25,16000,fast_decay
-72.46876,32.114277,string_acoustic_057-094-025,string_acoustic_057-094-025,/root/autodl-tmp/tokenizer-eval/data/nsynth/nsynth-valid/audio/string_acoustic_057-094-025.wav,450,string_acoustic_057,8,string,0,acoustic,94,25,16000,bright|nonlinear_env|reverb
-44.93108,-49.874035,brass_acoustic_016-062-100,brass_acoustic_016-062-100,/root/autodl-tmp/tokenizer-eval/data/nsynth/nsynth-valid/audio/brass_acoustic_016-062-100.wav,128,brass_acoustic_016,1,brass,0,acoustic,62,100,16000,bright
-12.199872,-24.072987,reed_acoustic_011-062-025,reed_acoustic_011-062-025,/root/autodl-tmp/tokenizer-eval/data/nsynth/nsynth-valid/audio/reed_acoustic_011-062-025.wav,104,reed_acoustic_011,7,reed,0,acoustic,62,25,16000,
71.9571,-5.6328363,mallet_acoustic_056-059-100,mallet_acoustic_056-059-100,/root/autodl-tmp/tokenizer-eval/data/nsynth/nsynth-valid/audio/mallet_acoustic_056-059-100.wav,590,mallet_acoustic_056,5,mallet,0,acoustic,59,100,16000,fast_decay|percussive
44.765465,17.238306,mallet_acoustic_062-050-050,mallet_acoustic_062-050-050,/root/autodl-tmp/tokenizer-eval/data/nsynth/nsynth-valid/audio/mallet_acoustic_062-050-050.wav,644,mallet_acoustic_062,5,mallet,0,acoustic,50,50,16000,dark|multiphonic
42.796432,5.054316,string_acoustic_014-049-050,string_acoustic_014-049-050,/root/autodl-tmp/tokenizer-eval/data/nsynth/nsynth-valid/audio/string_acoustic_014-049-050.wav,100,string_acoustic_014,8,string,0,acoustic,49,50,16000,dark|reverb
-53.08643,-9.952327,brass_acoustic_015-072-100,brass_acoustic_015-072-100,/root/autodl-tmp/tokenizer-eval/data/nsynth/nsynth-valid/audio/brass_acoustic_015-072-100.wav,121,brass_acoustic_015,1,brass,0,acoustic,72,100,16000,reverb
-11.750236,85.24532,reed_acoustic_037-075-127,reed_acoustic_037-075-127,/root/autodl-tmp/tokenizer-eval/data/nsynth/nsynth-valid/audio/reed_acoustic_037-075-127.wav,387,reed_acoustic_037,7,reed,0,acoustic,75,127,16000,reverb
-3.4751785,74.35267,keyboard_electronic_098-075-025,keyboard_electronic_098-075-025,/root/autodl-tmp/tokenizer-eval/data/nsynth/nsynth-valid/audio/keyboard_electronic_098-075-025.wav,905,keyboard_electronic_098,4,keyboard,1,electronic,75,25,16000,
44.929276,-58.657257,bass_synthetic_034-070-025,bass_synthetic_034-070-025,/root/autodl-tmp/tokenizer-eval/data/nsynth/nsynth-valid/audio/bass_synthetic_034-070-025.wav,420,bass_synthetic_034,0,bass,2,synthetic,70,25,16000,distortion|tempo-synced
52.313896,-15.061903,string_acoustic_056-077-127,string_acoustic_056-077-127,/root/autodl-tmp/tokenizer-eval/data/nsynth/nsynth-valid/audio/string_acoustic_056-077-127.wav,436,string_acoustic_056,8,string,0,acoustic,77,127,16000,fast_decay|percussive|reverb
58.220943,3.437724,mallet_acoustic_062-040-025,mallet_acoustic_062-040-025,/root/autodl-tmp/tokenizer-eval/data/nsynth/nsynth-valid/audio/mallet_acoustic_062-040-025.wav,644,mallet_acoustic_062,5,mallet,0,acoustic,40,25,16000,dark|fast_decay|multiphonic
-20.30643,-61.32846,brass_acoustic_046-083-127,brass_acoustic_046-083-127,/root/autodl-tmp/tokenizer-eval/data/nsynth/nsynth-valid/audio/brass_acoustic_046-083-127.wav,414,brass_acoustic_046,1,brass,0,acoustic,83,127,16000,
23.220694,-23.571169,mallet_acoustic_062-066-075,mallet_acoustic_062-066-075,/root/autodl-tmp/tokenizer-eval/data/nsynth/nsynth-valid/audio/mallet_acoustic_062-066-075.wav,644,mallet_acoustic_062,5,mallet,0,acoustic,66,75,16000,dark|multiphonic
10.955114,72.51338,flute_synthetic_000-051-025,flute_synthetic_000-051-025,/root/autodl-tmp/tokenizer-eval/data/nsynth/nsynth-valid/audio/flute_synthetic_000-051-025.wav,82,flute_synthetic_000,2,flute,2,synthetic,51,25,16000,distortion
-2.495169,-15.158629,keyboard_electronic_069-062-050,keyboard_electronic_069-062-050,/root/autodl-tmp/tokenizer-eval/data/nsynth/nsynth-valid/audio/keyboard_electronic_069-062-050.wav,805,keyboard_electronic_069,4,keyboard,1,electronic,62,50,16000,distortion
16.653173,-29.46238,guitar_acoustic_010-078-025,guitar_acoustic_010-078-025,/root/autodl-tmp/tokenizer-eval/data/nsynth/nsynth-valid/audio/guitar_acoustic_010-078-025.wav,219,guitar_acoustic_010,3,guitar,0,acoustic,78,25,16000,
-57.19737,-16.395998,brass_acoustic_006-084-050,brass_acoustic_006-084-050,/root/autodl-tmp/tokenizer-eval/data/nsynth/nsynth-valid/audio/brass_acoustic_006-084-050.wav,43,brass_acoustic_006,1,brass,0,acoustic,84,50,16000,reverb
82.07256,-12.370988,mallet_acoustic_047-082-127,mallet_acoustic_047-082-127,/root/autodl-tmp/tokenizer-eval/data/nsynth/nsynth-valid/audio/mallet_acoustic_047-082-127.wav,488,mallet_acoustic_047,5,mallet,0,acoustic,82,127,16000,fast_decay|percussive|reverb
43.37488,-46.95223,bass_synthetic_034-066-075,bass_synthetic_034-066-075,/root/autodl-tmp/tokenizer-eval/data/nsynth/nsynth-valid/audio/bass_synthetic_034-066-075.wav,420,bass_synthetic_034,0,bass,2,synthetic,66,75,16000,distortion|tempo-synced
-9.270361,0.9472494,bass_synthetic_134-072-025,bass_synthetic_134-072-025,/root/autodl-tmp/tokenizer-eval/data/nsynth/nsynth-valid/audio/bass_synthetic_134-072-025.wav,914,bass_synthetic_134,0,bass,2,synthetic,72,25,16000,dark|reverb
49.132072,0.9149919,mallet_acoustic_062-058-025,mallet_acoustic_062-058-025,/root/autodl-tmp/tokenizer-eval/data/nsynth/nsynth-valid/audio/mallet_acoustic_062-058-025.wav,644,mallet_acoustic_062,5,mallet,0,acoustic,58,25,16000,dark|fast_decay|multiphonic
-28.187868,28.208118,keyboard_electronic_098-061-100,keyboard_electronic_098-061-100,/root/autodl-tmp/tokenizer-eval/data/nsynth/nsynth-valid/audio/keyboard_electronic_098-061-100.wav,905,keyboard_electronic_098,4,keyboard,1,electronic,61,100,16000,dark
40.816265,-10.560483,keyboard_electronic_098-085-075,keyboard_electronic_098-085-075,/root/autodl-tmp/tokenizer-eval/data/nsynth/nsynth-valid/audio/keyboard_electronic_098-085-075.wav,905,keyboard_electronic_098,4,keyboard,1,electronic,85,75,16000,fast_decay
-41.4879,-50.35673,brass_acoustic_016-071-100,brass_acoustic_016-071-100,/root/autodl-tmp/tokenizer-eval/data/nsynth/nsynth-valid/audio/brass_acoustic_016-071-100.wav,128,brass_acoustic_016,1,brass,0,acoustic,71,100,16000,bright
-13.523879,55.19739,vocal_acoustic_000-056-100,vocal_acoustic_000-056-100,/root/autodl-tmp/tokenizer-eval/data/nsynth/nsynth-valid/audio/vocal_acoustic_000-056-100.wav,46,vocal_acoustic_000,10,vocal,0,acoustic,56,100,16000,reverb
44.755833,11.40575,keyboard_synthetic_000-051-025,keyboard_synthetic_000-051-025,/root/autodl-tmp/tokenizer-eval/data/nsynth/nsynth-valid/audio/keyboard_synthetic_000-051-025.wav,577,keyboard_synthetic_000,4,keyboard,2,synthetic,51,25,16000,distortion|fast_decay|nonlinear_env
-58.205975,-17.43105,organ_electronic_001-096-100,organ_electronic_001-096-100,/root/autodl-tmp/tokenizer-eval/data/nsynth/nsynth-valid/audio/organ_electronic_001-096-100.wav,8,organ_electronic_001,6,organ,1,electronic,96,100,16000,
-4.8816247,-44.13831,string_acoustic_057-081-075,string_acoustic_057-081-075,/root/autodl-tmp/tokenizer-eval/data/nsynth/nsynth-valid/audio/string_acoustic_057-081-075.wav,450,string_acoustic_057,8,string,0,acoustic,81,75,16000,bright|nonlinear_env|reverb
-27.748508,-25.98731,guitar_acoustic_014-077-127,guitar_acoustic_014-077-127,/root/autodl-tmp/tokenizer-eval/data/nsynth/nsynth-valid/audio/guitar_acoustic_014-077-127.wav,263,guitar_acoustic_014,3,guitar,0,acoustic,77,127,16000,
-26.503717,-25.892658,bass_synthetic_068-065-050,bass_synthetic_068-065-050,/root/autodl-tmp/tokenizer-eval/data/nsynth/nsynth-valid/audio/bass_synthetic_068-065-050.wav,656,bass_synthetic_068,0,bass,2,synthetic,65,50,16000,
75.576614,-7.4449425,mallet_acoustic_056-047-025,mallet_acoustic_056-047-025,/root/autodl-tmp/tokenizer-eval/data/nsynth/nsynth-valid/audio/mallet_acoustic_056-047-025.wav,590,mallet_acoustic_056,5,mallet,0,acoustic,47,25,16000,bright|fast_decay|percussive
1.0986357,-42.17135,organ_electronic_057-074-100,organ_electronic_057-074-100,/root/autodl-tmp/tokenizer-eval/data/nsynth/nsynth-valid/audio/organ_electronic_057-074-100.wav,701,organ_electronic_057,6,organ,1,electronic,74,100,16000,
29.770554,15.852899,flute_synthetic_000-040-127,flute_synthetic_000-040-127,/root/autodl-tmp/tokenizer-eval/data/nsynth/nsynth-valid/audio/flute_synthetic_000-040-127.wav,82,flute_synthetic_000,2,flute,2,synthetic,40,127,16000,distortion
-33.376617,-3.5044467,flute_synthetic_000-091-025,flute_synthetic_000-091-025,/root/autodl-tmp/tokenizer-eval/data/nsynth/nsynth-valid/audio/flute_synthetic_000-091-025.wav,82,flute_synthetic_000,2,flute,2,synthetic,91,25,16000,distortion
5.9036655,41.063236,flute_synthetic_000-043-075,flute_synthetic_000-043-075,/root/autodl-tmp/tokenizer-eval/data/nsynth/nsynth-valid/audio/flute_synthetic_000-043-075.wav,82,flute_synthetic_000,2,flute,2,synthetic,43,75,16000,distortion
41.106525,-2.3563082,guitar_acoustic_015-068-025,guitar_acoustic_015-068-025,/root/autodl-tmp/tokenizer-eval/data/nsynth/nsynth-valid/audio/guitar_acoustic_015-068-025.wav,316,guitar_acoustic_015,3,guitar,0,acoustic,68,25,16000,reverb
-64.052635,5.807422,vocal_synthetic_003-038-050,vocal_synthetic_003-038-050,/root/autodl-tmp/tokenizer-eval/data/nsynth/nsynth-valid/audio/vocal_synthetic_003-038-050.wav,37,vocal_synthetic_003,10,vocal,2,synthetic,38,50,16000,distortion|long_release|nonlinear_env
27.991667,22.161087,mallet_acoustic_062-049-075,mallet_acoustic_062-049-075,/root/autodl-tmp/tokenizer-eval/data/nsynth/nsynth-valid/audio/mallet_acoustic_062-049-075.wav,644,mallet_acoustic_062,5,mallet,0,acoustic,49,75,16000,dark|multiphonic
-43.89736,-8.3388,vocal_synthetic_003-091-075,vocal_synthetic_003-091-075,/root/autodl-tmp/tokenizer-eval/data/nsynth/nsynth-valid/audio/vocal_synthetic_003-091-075.wav,37,vocal_synthetic_003,10,vocal,2,synthetic,91,75,16000,long_release|nonlinear_env
24.020824,-32.185863,bass_synthetic_135-090-050,bass_synthetic_135-090-050,/root/autodl-tmp/tokenizer-eval/data/nsynth/nsynth-valid/audio/bass_synthetic_135-090-050.wav,927,bass_synthetic_135,0,bass,2,synthetic,90,50,16000,distortion
17.269552,68.369194,flute_synthetic_000-038-050,flute_synthetic_000-038-050,/root/autodl-tmp/tokenizer-eval/data/nsynth/nsynth-valid/audio/flute_synthetic_000-038-050.wav,82,flute_synthetic_000,2,flute,2,synthetic,38,50,16000,distortion
6.2871814,-69.60161,keyboard_acoustic_004-076-100,keyboard_acoustic_004-076-100,/root/autodl-tmp/tokenizer-eval/data/nsynth/nsynth-valid/audio/keyboard_acoustic_004-076-100.wav,327,keyboard_acoustic_004,4,keyboard,0,acoustic,76,100,16000,reverb
1.5916144,-40.484577,organ_electronic_113-081-075,organ_electronic_113-081-075,/root/autodl-tmp/tokenizer-eval/data/nsynth/nsynth-valid/audio/organ_electronic_113-081-075.wav,958,organ_electronic_113,6,organ,1,electronic,81,75,16000,
1.2615639,56.866146,vocal_synthetic_003-032-025,vocal_synthetic_003-032-025,/root/autodl-tmp/tokenizer-eval/data/nsynth/nsynth-valid/audio/vocal_synthetic_003-032-025.wav,37,vocal_synthetic_003,10,vocal,2,synthetic,32,25,16000,distortion|long_release|nonlinear_env
-12.329402,-74.97896,bass_synthetic_009-052-025,bass_synthetic_009-052-025,/root/autodl-tmp/tokenizer-eval/data/nsynth/nsynth-valid/audio/bass_synthetic_009-052-025.wav,150,bass_synthetic_009,0,bass,2,synthetic,52,25,16000,bright|distortion|long_release
5.3165755,14.129109,bass_synthetic_098-095-075,bass_synthetic_098-095-075,/root/autodl-tmp/tokenizer-eval/data/nsynth/nsynth-valid/audio/bass_synthetic_098-095-075.wav,803,bass_synthetic_098,0,bass,2,synthetic,95,75,16000,
-48.144775,-42.525852,organ_electronic_007-091-075,organ_electronic_007-091-075,/root/autodl-tmp/tokenizer-eval/data/nsynth/nsynth-valid/audio/organ_electronic_007-091-075.wav,123,organ_electronic_007,6,organ,1,electronic,91,75,16000,long_release|nonlinear_env
-27.292446,-53.97254,flute_acoustic_002-090-050,flute_acoustic_002-090-050,/root/autodl-tmp/tokenizer-eval/data/nsynth/nsynth-valid/audio/flute_acoustic_002-090-050.wav,86,flute_acoustic_002,2,flute,0,acoustic,90,50,16000,long_release|reverb
0.55553,36.441624,keyboard_electronic_098-043-050,keyboard_electronic_098-043-050,/root/autodl-tmp/tokenizer-eval/data/nsynth/nsynth-valid/audio/keyboard_electronic_098-043-050.wav,905,keyboard_electronic_098,4,keyboard,1,electronic,43,50,16000,dark|distortion
15.179785,-11.498106,string_acoustic_071-047-075,string_acoustic_071-047-075,/root/autodl-tmp/tokenizer-eval/data/nsynth/nsynth-valid/audio/string_acoustic_071-047-075.wav,609,string_acoustic_071,8,string,0,acoustic,47,75,16000,long_release|reverb
-67.15169,29.738897,brass_acoustic_046-070-100,brass_acoustic_046-070-100,/root/autodl-tmp/tokenizer-eval/data/nsynth/nsynth-valid/audio/brass_acoustic_046-070-100.wav,414,brass_acoustic_046,1,brass,0,acoustic,70,100,16000,bright
-14.360094,58.21347,reed_acoustic_037-068-075,reed_acoustic_037-068-075,/root/autodl-tmp/tokenizer-eval/data/nsynth/nsynth-valid/audio/reed_acoustic_037-068-075.wav,387,reed_acoustic_037,7,reed,0,acoustic,68,75,16000,reverb
-28.364029,-66.284775,vocal_synthetic_003-083-050,vocal_synthetic_003-083-050,/root/autodl-tmp/tokenizer-eval/data/nsynth/nsynth-valid/audio/vocal_synthetic_003-083-050.wav,37,vocal_synthetic_003,10,vocal,2,synthetic,83,50,16000,bright|distortion|long_release|nonlinear_env
65.356224,-6.394219,mallet_acoustic_056-071-050,mallet_acoustic_056-071-050,/root/autodl-tmp/tokenizer-eval/data/nsynth/nsynth-valid/audio/mallet_acoustic_056-071-050.wav,590,mallet_acoustic_056,5,mallet,0,acoustic,71,50,16000,fast_decay
5.1615887,-47.225075,reed_acoustic_018-069-100,reed_acoustic_018-069-100,/root/autodl-tmp/tokenizer-eval/data/nsynth/nsynth-valid/audio/reed_acoustic_018-069-100.wav,183,reed_acoustic_018,7,reed,0,acoustic,69,100,16000,
45.178032,-2.321044,string_acoustic_056-068-075,string_acoustic_056-068-075,/root/autodl-tmp/tokenizer-eval/data/nsynth/nsynth-valid/audio/string_acoustic_056-068-075.wav,436,string_acoustic_056,8,string,0,acoustic,68,75,16000,fast_decay|percussive|reverb
-67.039536,31.907896,string_acoustic_057-082-025,string_acoustic_057-082-025,/root/autodl-tmp/tokenizer-eval/data/nsynth/nsynth-valid/audio/string_acoustic_057-082-025.wav,450,string_acoustic_057,8,string,0,acoustic,82,25,16000,bright|nonlinear_env|reverb
-62.35517,11.6690445,vocal_synthetic_003-034-100,vocal_synthetic_003-034-100,/root/autodl-tmp/tokenizer-eval/data/nsynth/nsynth-valid/audio/vocal_synthetic_003-034-100.wav,37,vocal_synthetic_003,10,vocal,2,synthetic,34,100,16000,bright|distortion|long_release|nonlinear_env
-53.823536,-8.950463,organ_electronic_113-072-025,organ_electronic_113-072-025,/root/autodl-tmp/tokenizer-eval/data/nsynth/nsynth-valid/audio/organ_electronic_113-072-025.wav,958,organ_electronic_113,6,organ,1,electronic,72,25,16000,
-57.286686,-20.734295,organ_electronic_028-096-127,organ_electronic_028-096-127,/root/autodl-tmp/tokenizer-eval/data/nsynth/nsynth-valid/audio/organ_electronic_028-096-127.wav,440,organ_electronic_028,6,organ,1,electronic,96,127,16000,bright
-17.820147,7.9931192,keyboard_electronic_098-048-100,keyboard_electronic_098-048-100,/root/autodl-tmp/tokenizer-eval/data/nsynth/nsynth-valid/audio/keyboard_electronic_098-048-100.wav,905,keyboard_electronic_098,4,keyboard,1,electronic,48,100,16000,dark
-53.04184,-3.3595443,brass_acoustic_059-048-075,brass_acoustic_059-048-075,/root/autodl-tmp/tokenizer-eval/data/nsynth/nsynth-valid/audio/brass_acoustic_059-048-075.wav,572,brass_acoustic_059,1,brass,0,acoustic,48,75,16000,bright|reverb
55.327763,-42.21577,reed_acoustic_023-033-050,reed_acoustic_023-033-050,/root/autodl-tmp/tokenizer-eval/data/nsynth/nsynth-valid/audio/reed_acoustic_023-033-050.wav,224,reed_acoustic_023,7,reed,0,acoustic,33,50,16000,bright|fast_decay|multiphonic|nonlinear_env
46.663425,3.5714679,string_acoustic_014-061-050,string_acoustic_014-061-050,/root/autodl-tmp/tokenizer-eval/data/nsynth/nsynth-valid/audio/string_acoustic_014-061-050.wav,100,string_acoustic_014,8,string,0,acoustic,61,50,16000,dark|percussive|reverb
-34.124798,-21.593431,flute_synthetic_000-065-025,flute_synthetic_000-065-025,/root/autodl-tmp/tokenizer-eval/data/nsynth/nsynth-valid/audio/flute_synthetic_000-065-025.wav,82,flute_synthetic_000,2,flute,2,synthetic,65,25,16000,distortion
38.218285,29.760345,bass_synthetic_134-044-100,bass_synthetic_134-044-100,/root/autodl-tmp/tokenizer-eval/data/nsynth/nsynth-valid/audio/bass_synthetic_134-044-100.wav,914,bass_synthetic_134,0,bass,2,synthetic,44,100,16000,dark|reverb
-42.89264,-31.118692,organ_electronic_007-065-050,organ_electronic_007-065-050,/root/autodl-tmp/tokenizer-eval/data/nsynth/nsynth-valid/audio/organ_electronic_007-065-050.wav,123,organ_electronic_007,6,organ,1,electronic,65,50,16000,distortion|long_release|nonlinear_env
-41.741234,46.98323,vocal_synthetic_003-085-025,vocal_synthetic_003-085-025,/root/autodl-tmp/tokenizer-eval/data/nsynth/nsynth-valid/audio/vocal_synthetic_003-085-025.wav,37,vocal_synthetic_003,10,vocal,2,synthetic,85,25,16000,bright|distortion|long_release|nonlinear_env
33.95493,51.243206,string_acoustic_012-033-025,string_acoustic_012-033-025,/root/autodl-tmp/tokenizer-eval/data/nsynth/nsynth-valid/audio/string_acoustic_012-033-025.wav,97,string_acoustic_012,8,string,0,acoustic,33,25,16000,reverb
68.439896,-14.227258,guitar_acoustic_015-085-075,guitar_acoustic_015-085-075,/root/autodl-tmp/tokenizer-eval/data/nsynth/nsynth-valid/audio/guitar_acoustic_015-085-075.wav,316,guitar_acoustic_015,3,guitar,0,acoustic,85,75,16000,fast_decay|percussive|reverb
9.494015,-3.96052,guitar_electronic_022-042-050,guitar_electronic_022-042-050,/root/autodl-tmp/tokenizer-eval/data/nsynth/nsynth-valid/audio/guitar_electronic_022-042-050.wav,378,guitar_electronic_022,3,guitar,1,electronic,42,50,16000,dark
8.637906,46.50308,flute_synthetic_000-031-100,flute_synthetic_000-031-100,/root/autodl-tmp/tokenizer-eval/data/nsynth/nsynth-valid/audio/flute_synthetic_000-031-100.wav,82,flute_synthetic_000,2,flute,2,synthetic,31,100,16000,distortion
-11.023438,53.79964,guitar_acoustic_010-056-127,guitar_acoustic_010-056-127,/root/autodl-tmp/tokenizer-eval/data/nsynth/nsynth-valid/audio/guitar_acoustic_010-056-127.wav,219,guitar_acoustic_010,3,guitar,0,acoustic,56,127,16000,
12.246223,-47.77876,keyboard_electronic_069-081-100,keyboard_electronic_069-081-100,/root/autodl-tmp/tokenizer-eval/data/nsynth/nsynth-valid/audio/keyboard_electronic_069-081-100.wav,805,keyboard_electronic_069,4,keyboard,1,electronic,81,100,16000,distortion
-32.245262,35.29152,string_acoustic_057-061-025,string_acoustic_057-061-025,/root/autodl-tmp/tokenizer-eval/data/nsynth/nsynth-valid/audio/string_acoustic_057-061-025.wav,450,string_acoustic_057,8,string,0,acoustic,61,25,16000,bright|nonlinear_env|reverb
73.46761,-7.376809,mallet_acoustic_056-060-025,mallet_acoustic_056-060-025,/root/autodl-tmp/tokenizer-eval/data/nsynth/nsynth-valid/audio/mallet_acoustic_056-060-025.wav,590,mallet_acoustic_056,5,mallet,0,acoustic,60,25,16000,fast_decay|percussive
12.866499,27.73672,guitar_electronic_022-046-050,guitar_electronic_022-046-050,/root/autodl-tmp/tokenizer-eval/data/nsynth/nsynth-valid/audio/guitar_electronic_022-046-050.wav,378,guitar_electronic_022,3,guitar,1,electronic,46,50,16000,dark
76.608894,-7.3597436,mallet_acoustic_056-047-075,mallet_acoustic_056-047-075,/root/autodl-tmp/tokenizer-eval/data/nsynth/nsynth-valid/audio/mallet_acoustic_056-047-075.wav,590,mallet_acoustic_056,5,mallet,0,acoustic,47,75,16000,fast_decay|percussive
-24.668447,-0.9919445,bass_synthetic_068-079-050,bass_synthetic_068-079-050,/root/autodl-tmp/tokenizer-eval/data/nsynth/nsynth-valid/audio/bass_synthetic_068-079-050.wav,656,bass_synthetic_068,0,bass,2,synthetic,79,50,16000,fast_decay
36.181778,11.609214,mallet_acoustic_062-040-075,mallet_acoustic_062-040-075,/root/autodl-tmp/tokenizer-eval/data/nsynth/nsynth-valid/audio/mallet_acoustic_062-040-075.wav,644,mallet_acoustic_062,5,mallet,0,acoustic,40,75,16000,dark|multiphonic
-10.160685,-17.51717,vocal_acoustic_000-062-075,vocal_acoustic_000-062-075,/root/autodl-tmp/tokenizer-eval/data/nsynth/nsynth-valid/audio/vocal_acoustic_000-062-075.wav,46,vocal_acoustic_000,10,vocal,0,acoustic,62,75,16000,reverb
-55.81359,-15.052891,flute_synthetic_000-096-075,flute_synthetic_000-096-075,/root/autodl-tmp/tokenizer-eval/data/nsynth/nsynth-valid/audio/flute_synthetic_000-096-075.wav,82,flute_synthetic_000,2,flute,2,synthetic,96,75,16000,distortion
-18.413784,90.26146,vocal_synthetic_003-075-025,vocal_synthetic_003-075-025,/root/autodl-tmp/tokenizer-eval/data/nsynth/nsynth-valid/audio/vocal_synthetic_003-075-025.wav,37,vocal_synthetic_003,10,vocal,2,synthetic,75,25,16000,bright|distortion|long_release|nonlinear_env
18.836216,-46.881226,mallet_acoustic_062-069-075,mallet_acoustic_062-069-075,/root/autodl-tmp/tokenizer-eval/data/nsynth/nsynth-valid/audio/mallet_acoustic_062-069-075.wav,644,mallet_acoustic_062,5,mallet,0,acoustic,69,75,16000,dark|multiphonic
-29.535702,2.1686618,guitar_electronic_028-055-127,guitar_electronic_028-055-127,/root/autodl-tmp/tokenizer-eval/data/nsynth/nsynth-valid/audio/guitar_electronic_028-055-127.wav,510,guitar_electronic_028,3,guitar,1,electronic,55,127,16000,
-9.920275,87.21063,flute_acoustic_002-087-050,flute_acoustic_002-087-050,/root/autodl-tmp/tokenizer-eval/data/nsynth/nsynth-valid/audio/flute_acoustic_002-087-050.wav,86,flute_acoustic_002,2,flute,0,acoustic,87,50,16000,reverb
-1.2513878,-23.091667,guitar_electronic_028-086-050,guitar_electronic_028-086-050,/root/autodl-tmp/tokenizer-eval/data/nsynth/nsynth-valid/audio/guitar_electronic_028-086-050.wav,510,guitar_electronic_028,3,guitar,1,electronic,86,50,16000,
-28.28529,-66.233116,vocal_synthetic_003-083-075,vocal_synthetic_003-083-075,/root/autodl-tmp/tokenizer-eval/data/nsynth/nsynth-valid/audio/vocal_synthetic_003-083-075.wav,37,vocal_synthetic_003,10,vocal,2,synthetic,83,75,16000,bright|distortion|long_release|nonlinear_env
-75.251114,26.376959,vocal_synthetic_003-082-127,vocal_synthetic_003-082-127,/root/autodl-tmp/tokenizer-eval/data/nsynth/nsynth-valid/audio/vocal_synthetic_003-082-127.wav,37,vocal_synthetic_003,10,vocal,2,synthetic,82,127,16000,bright|distortion|long_release|nonlinear_env
-26.03063,61.792908,vocal_synthetic_003-080-127,vocal_synthetic_003-080-127,/root/autodl-tmp/tokenizer-eval/data/nsynth/nsynth-valid/audio/vocal_synthetic_003-080-127.wav,37,vocal_synthetic_003,10,vocal,2,synthetic,80,127,16000,bright|distortion|long_release|nonlinear_env
-7.57664,-75.85855,string_acoustic_057-076-025,string_acoustic_057-076-025,/root/autodl-tmp/tokenizer-eval/data/nsynth/nsynth-valid/audio/string_acoustic_057-076-025.wav,450,string_acoustic_057,8,string,0,acoustic,76,25,16000,bright|nonlinear_env|reverb
66.56263,-19.020943,mallet_acoustic_062-084-025,mallet_acoustic_062-084-025,/root/autodl-tmp/tokenizer-eval/data/nsynth/nsynth-valid/audio/mallet_acoustic_062-084-025.wav,644,mallet_acoustic_062,5,mallet,0,acoustic,84,25,16000,fast_decay|multiphonic|percussive
7.634898,-0.6807062,flute_synthetic_000-042-127,flute_synthetic_000-042-127,/root/autodl-tmp/tokenizer-eval/data/nsynth/nsynth-valid/audio/flute_synthetic_000-042-127.wav,82,flute_synthetic_000,2,flute,2,synthetic,42,127,16000,distortion
28.250315,3.3688135,bass_electronic_025-046-025,bass_electronic_025-046-025,/root/autodl-tmp/tokenizer-eval/data/nsynth/nsynth-valid/audio/bass_electronic_025-046-025.wav,872,bass_electronic_025,0,bass,1,electronic,46,25,16000,
36.866756,45.57404,flute_synthetic_000-057-075,flute_synthetic_000-057-075,/root/autodl-tmp/tokenizer-eval/data/nsynth/nsynth-valid/audio/flute_synthetic_000-057-075.wav,82,flute_synthetic_000,2,flute,2,synthetic,57,75,16000,distortion
66.699745,-4.943525,mallet_acoustic_056-067-100,mallet_acoustic_056-067-100,/root/autodl-tmp/tokenizer-eval/data/nsynth/nsynth-valid/audio/mallet_acoustic_056-067-100.wav,590,mallet_acoustic_056,5,mallet,0,acoustic,67,100,16000,fast_decay
-13.50625,-60.377773,organ_electronic_028-071-100,organ_electronic_028-071-100,/root/autodl-tmp/tokenizer-eval/data/nsynth/nsynth-valid/audio/organ_electronic_028-071-100.wav,440,organ_electronic_028,6,organ,1,electronic,71,100,16000,dark
-49.428913,-44.767555,brass_acoustic_016-084-127,brass_acoustic_016-084-127,/root/autodl-tmp/tokenizer-eval/data/nsynth/nsynth-valid/audio/brass_acoustic_016-084-127.wav,128,brass_acoustic_016,1,brass,0,acoustic,84,127,16000,bright
20.506966,45.233276,flute_synthetic_000-037-050,flute_synthetic_000-037-050,/root/autodl-tmp/tokenizer-eval/data/nsynth/nsynth-valid/audio/flute_synthetic_000-037-050.wav,82,flute_synthetic_000,2,flute,2,synthetic,37,50,16000,distortion
58.44294,-48.74962,reed_acoustic_023-074-050,reed_acoustic_023-074-050,/root/autodl-tmp/tokenizer-eval/data/nsynth/nsynth-valid/audio/reed_acoustic_023-074-050.wav,224,reed_acoustic_023,7,reed,0,acoustic,74,50,16000,bright|fast_decay|multiphonic|nonlinear_env
-28.147614,1.5127887,guitar_acoustic_015-055-100,guitar_acoustic_015-055-100,/root/autodl-tmp/tokenizer-eval/data/nsynth/nsynth-valid/audio/guitar_acoustic_015-055-100.wav,316,guitar_acoustic_015,3,guitar,0,acoustic,55,100,16000,reverb
32.928524,50.675106,string_acoustic_071-033-100,string_acoustic_071-033-100,/root/autodl-tmp/tokenizer-eval/data/nsynth/nsynth-valid/audio/string_acoustic_071-033-100.wav,609,string_acoustic_071,8,string,0,acoustic,33,100,16000,reverb
56.739265,-24.4946,keyboard_acoustic_004-092-100,keyboard_acoustic_004-092-100,/root/autodl-tmp/tokenizer-eval/data/nsynth/nsynth-valid/audio/keyboard_acoustic_004-092-100.wav,327,keyboard_acoustic_004,4,keyboard,0,acoustic,92,100,16000,reverb
63.84352,-29.776833,mallet_acoustic_047-094-127,mallet_acoustic_047-094-127,/root/autodl-tmp/tokenizer-eval/data/nsynth/nsynth-valid/audio/mallet_acoustic_047-094-127.wav,488,mallet_acoustic_047,5,mallet,0,acoustic,94,127,16000,fast_decay|percussive|reverb
32.871304,3.3087218,mallet_acoustic_062-046-050,mallet_acoustic_062-046-050,/root/autodl-tmp/tokenizer-eval/data/nsynth/nsynth-valid/audio/mallet_acoustic_062-046-050.wav,644,mallet_acoustic_062,5,mallet,0,acoustic,46,50,16000,dark|multiphonic
15.099745,-32.258495,organ_electronic_028-090-050,organ_electronic_028-090-050,/root/autodl-tmp/tokenizer-eval/data/nsynth/nsynth-valid/audio/organ_electronic_028-090-050.wav,440,organ_electronic_028,6,organ,1,electronic,90,50,16000,
2.9345367,54.646927,string_acoustic_080-032-050,string_acoustic_080-032-050,/root/autodl-tmp/tokenizer-eval/data/nsynth/nsynth-valid/audio/string_acoustic_080-032-050.wav,675,string_acoustic_080,8,string,0,acoustic,32,50,16000,reverb
55.286293,-52.37239,reed_acoustic_023-079-025,reed_acoustic_023-079-025,/root/autodl-tmp/tokenizer-eval/data/nsynth/nsynth-valid/audio/reed_acoustic_023-079-025.wav,224,reed_acoustic_023,7,reed,0,acoustic,79,25,16000,bright|fast_decay|multiphonic|nonlinear_env
4.924552,-79.34047,organ_electronic_057-052-050,organ_electronic_057-052-050,/root/autodl-tmp/tokenizer-eval/data/nsynth/nsynth-valid/audio/organ_electronic_057-052-050.wav,701,organ_electronic_057,6,organ,1,electronic,52,50,16000,dark
-36.655045,-19.118965,vocal_acoustic_000-053-075,vocal_acoustic_000-053-075,/root/autodl-tmp/tokenizer-eval/data/nsynth/nsynth-valid/audio/vocal_acoustic_000-053-075.wav,46,vocal_acoustic_000,10,vocal,0,acoustic,53,75,16000,reverb
48.000153,16.96957,mallet_acoustic_062-038-025,mallet_acoustic_062-038-025,/root/autodl-tmp/tokenizer-eval/data/nsynth/nsynth-valid/audio/mallet_acoustic_062-038-025.wav,644,mallet_acoustic_062,5,mallet,0,acoustic,38,25,16000,dark|fast_decay|multiphonic
-50.066437,31.222097,reed_acoustic_037-034-127,reed_acoustic_037-034-127,/root/autodl-tmp/tokenizer-eval/data/nsynth/nsynth-valid/audio/reed_acoustic_037-034-127.wav,387,reed_acoustic_037,7,reed,0,acoustic,34,127,16000,long_release|reverb
8.360312,-70.09177,bass_synthetic_068-064-050,bass_synthetic_068-064-050,/root/autodl-tmp/tokenizer-eval/data/nsynth/nsynth-valid/audio/bass_synthetic_068-064-050.wav,656,bass_synthetic_068,0,bass,2,synthetic,64,50,16000,
-29.84033,-62.81493,vocal_synthetic_003-071-127,vocal_synthetic_003-071-127,/root/autodl-tmp/tokenizer-eval/data/nsynth/nsynth-valid/audio/vocal_synthetic_003-071-127.wav,37,vocal_synthetic_003,10,vocal,2,synthetic,71,127,16000,bright|distortion|long_release|nonlinear_env
-9.260911,-72.31399,organ_electronic_007-064-127,organ_electronic_007-064-127,/root/autodl-tmp/tokenizer-eval/data/nsynth/nsynth-valid/audio/organ_electronic_007-064-127.wav,123,organ_electronic_007,6,organ,1,electronic,64,127,16000,distortion|long_release|nonlinear_env
-24.971178,36.998158,brass_acoustic_059-037-050,brass_acoustic_059-037-050,/root/autodl-tmp/tokenizer-eval/data/nsynth/nsynth-valid/audio/brass_acoustic_059-037-050.wav,572,brass_acoustic_059,1,brass,0,acoustic,37,50,16000,reverb
72.82586,-8.4999275,mallet_acoustic_056-057-050,mallet_acoustic_056-057-050,/root/autodl-tmp/tokenizer-eval/data/nsynth/nsynth-valid/audio/mallet_acoustic_056-057-050.wav,590,mallet_acoustic_056,5,mallet,0,acoustic,57,50,16000,fast_decay|percussive
-11.547277,-16.327045,vocal_acoustic_000-050-100,vocal_acoustic_000-050-100,/root/autodl-tmp/tokenizer-eval/data/nsynth/nsynth-valid/audio/vocal_acoustic_000-050-100.wav,46,vocal_acoustic_000,10,vocal,0,acoustic,50,100,16000,reverb
1.588816,-40.464813,organ_electronic_113-081-050,organ_electronic_113-081-050,/root/autodl-tmp/tokenizer-eval/data/nsynth/nsynth-valid/audio/organ_electronic_113-081-050.wav,958,organ_electronic_113,6,organ,1,electronic,81,50,16000,
-1.2086844,37.830708,organ_electronic_113-031-050,organ_electronic_113-031-050,/root/autodl-tmp/tokenizer-eval/data/nsynth/nsynth-valid/audio/organ_electronic_113-031-050.wav,958,organ_electronic_113,6,organ,1,electronic,31,50,16000,dark
-5.853712,25.848652,keyboard_electronic_001-045-127,keyboard_electronic_001-045-127,/root/autodl-tmp/tokenizer-eval/data/nsynth/nsynth-valid/audio/keyboard_electronic_001-045-127.wav,40,keyboard_electronic_001,4,keyboard,1,electronic,45,127,16000,
50.8754,10.686908,guitar_acoustic_015-075-050,guitar_acoustic_015-075-050,/root/autodl-tmp/tokenizer-eval/data/nsynth/nsynth-valid/audio/guitar_acoustic_015-075-050.wav,316,guitar_acoustic_015,3,guitar,0,acoustic,75,50,16000,fast_decay|reverb
37.23444,10.936267,mallet_acoustic_062-040-050,mallet_acoustic_062-040-050,/root/autodl-tmp/tokenizer-eval/data/nsynth/nsynth-valid/audio/mallet_acoustic_062-040-050.wav,644,mallet_acoustic_062,5,mallet,0,acoustic,40,50,16000,dark|multiphonic
43.83353,-19.812305,keyboard_electronic_001-082-127,keyboard_electronic_001-082-127,/root/autodl-tmp/tokenizer-eval/data/nsynth/nsynth-valid/audio/keyboard_electronic_001-082-127.wav,40,keyboard_electronic_001,4,keyboard,1,electronic,82,127,16000,
38.65738,53.014606,organ_electronic_113-045-075,organ_electronic_113-045-075,/root/autodl-tmp/tokenizer-eval/data/nsynth/nsynth-valid/audio/organ_electronic_113-045-075.wav,958,organ_electronic_113,6,organ,1,electronic,45,75,16000,dark
-43.20749,-5.9895906,vocal_synthetic_003-079-127,vocal_synthetic_003-079-127,/root/autodl-tmp/tokenizer-eval/data/nsynth/nsynth-valid/audio/vocal_synthetic_003-079-127.wav,37,vocal_synthetic_003,10,vocal,2,synthetic,79,127,16000,bright|distortion|long_release|nonlinear_env
-10.668789,-23.539354,organ_electronic_113-074-075,organ_electronic_113-074-075,/root/autodl-tmp/tokenizer-eval/data/nsynth/nsynth-valid/audio/organ_electronic_113-074-075.wav,958,organ_electronic_113,6,organ,1,electronic,74,75,16000,
-41.517757,-24.945284,organ_electronic_007-053-100,organ_electronic_007-053-100,/root/autodl-tmp/tokenizer-eval/data/nsynth/nsynth-valid/audio/organ_electronic_007-053-100.wav,123,organ_electronic_007,6,organ,1,electronic,53,100,16000,distortion|long_release|nonlinear_env
-6.668918,41.954502,bass_synthetic_009-032-025,bass_synthetic_009-032-025,/root/autodl-tmp/tokenizer-eval/data/nsynth/nsynth-valid/audio/bass_synthetic_009-032-025.wav,150,bass_synthetic_009,0,bass,2,synthetic,32,25,16000,bright|distortion|long_release
-12.070209,-22.41103,organ_electronic_113-062-025,organ_electronic_113-062-025,/root/autodl-tmp/tokenizer-eval/data/nsynth/nsynth-valid/audio/organ_electronic_113-062-025.wav,958,organ_electronic_113,6,organ,1,electronic,62,25,16000,dark
52.748253,4.919501,string_acoustic_014-055-100,string_acoustic_014-055-100,/root/autodl-tmp/tokenizer-eval/data/nsynth/nsynth-valid/audio/string_acoustic_014-055-100.wav,100,string_acoustic_014,8,string,0,acoustic,55,100,16000,dark|fast_decay|reverb
5.8252735,-72.64169,keyboard_electronic_069-064-100,keyboard_electronic_069-064-100,/root/autodl-tmp/tokenizer-eval/data/nsynth/nsynth-valid/audio/keyboard_electronic_069-064-100.wav,805,keyboard_electronic_069,4,keyboard,1,electronic,64,100,16000,distortion
20.157665,68.56718,guitar_acoustic_021-038-075,guitar_acoustic_021-038-075,/root/autodl-tmp/tokenizer-eval/data/nsynth/nsynth-valid/audio/guitar_acoustic_021-038-075.wav,457,guitar_acoustic_021,3,guitar,0,acoustic,38,75,16000,
-65.63588,27.000082,reed_acoustic_011-058-075,reed_acoustic_011-058-075,/root/autodl-tmp/tokenizer-eval/data/nsynth/nsynth-valid/audio/reed_acoustic_011-058-075.wav,104,reed_acoustic_011,7,reed,0,acoustic,58,75,16000,
7.7596765,-0.8610268,flute_synthetic_000-042-050,flute_synthetic_000-042-050,/root/autodl-tmp/tokenizer-eval/data/nsynth/nsynth-valid/audio/flute_synthetic_000-042-050.wav,82,flute_synthetic_000,2,flute,2,synthetic,42,50,16000,distortion
40.73772,18.882597,bass_synthetic_068-050-050,bass_synthetic_068-050-050,/root/autodl-tmp/tokenizer-eval/data/nsynth/nsynth-valid/audio/bass_synthetic_068-050-050.wav,656,bass_synthetic_068,0,bass,2,synthetic,50,50,16000,dark
42.07607,-2.5266843,keyboard_electronic_001-068-050,keyboard_electronic_001-068-050,/root/autodl-tmp/tokenizer-eval/data/nsynth/nsynth-valid/audio/keyboard_electronic_001-068-050.wav,40,keyboard_electronic_001,4,keyboard,1,electronic,68,50,16000,dark
5.5256586,35.1603,flute_synthetic_000-055-100,flute_synthetic_000-055-100,/root/autodl-tmp/tokenizer-eval/data/nsynth/nsynth-valid/audio/flute_synthetic_000-055-100.wav,82,flute_synthetic_000,2,flute,2,synthetic,55,100,16000,distortion
-62.36363,31.899096,flute_synthetic_000-082-075,flute_synthetic_000-082-075,/root/autodl-tmp/tokenizer-eval/data/nsynth/nsynth-valid/audio/flute_synthetic_000-082-075.wav,82,flute_synthetic_000,2,flute,2,synthetic,82,75,16000,distortion
-68.13415,29.17499,reed_acoustic_011-070-050,reed_acoustic_011-070-050,/root/autodl-tmp/tokenizer-eval/data/nsynth/nsynth-valid/audio/reed_acoustic_011-070-050.wav,104,reed_acoustic_011,7,reed,0,acoustic,70,50,16000,
-57.88712,39.351543,reed_acoustic_037-042-100,reed_acoustic_037-042-100,/root/autodl-tmp/tokenizer-eval/data/nsynth/nsynth-valid/audio/reed_acoustic_037-042-100.wav,387,reed_acoustic_037,7,reed,0,acoustic,42,100,16000,reverb
-16.193512,78.96443,vocal_synthetic_003-051-050,vocal_synthetic_003-051-050,/root/autodl-tmp/tokenizer-eval/data/nsynth/nsynth-valid/audio/vocal_synthetic_003-051-050.wav,37,vocal_synthetic_003,10,vocal,2,synthetic,51,50,16000,distortion|long_release|nonlinear_env
-65.453476,8.8229065,vocal_synthetic_003-035-100,vocal_synthetic_003-035-100,/root/autodl-tmp/tokenizer-eval/data/nsynth/nsynth-valid/audio/vocal_synthetic_003-035-100.wav,37,vocal_synthetic_003,10,vocal,2,synthetic,35,100,16000,bright|distortion|long_release|nonlinear_env
-0.6926037,-20.616125,guitar_acoustic_030-074-100,guitar_acoustic_030-074-100,/root/autodl-tmp/tokenizer-eval/data/nsynth/nsynth-valid/audio/guitar_acoustic_030-074-100.wav,642,guitar_acoustic_030,3,guitar,0,acoustic,74,100,16000,long_release|tempo-synced
4.036188,37.962093,guitar_acoustic_021-043-050,guitar_acoustic_021-043-050,/root/autodl-tmp/tokenizer-eval/data/nsynth/nsynth-valid/audio/guitar_acoustic_021-043-050.wav,457,guitar_acoustic_021,3,guitar,0,acoustic,43,50,16000,
55.3294,-42.21601,reed_acoustic_023-033-100,reed_acoustic_023-033-100,/root/autodl-tmp/tokenizer-eval/data/nsynth/nsynth-valid/audio/reed_acoustic_023-033-100.wav,224,reed_acoustic_023,7,reed,0,acoustic,33,100,16000,bright|fast_decay|multiphonic|nonlinear_env
3.644503,55.355053,organ_electronic_057-032-100,organ_electronic_057-032-100,/root/autodl-tmp/tokenizer-eval/data/nsynth/nsynth-valid/audio/organ_electronic_057-032-100.wav,701,organ_electronic_057,6,organ,1,electronic,32,100,16000,dark
-72.82782,10.988353,vocal_synthetic_003-046-127,vocal_synthetic_003-046-127,/root/autodl-tmp/tokenizer-eval/data/nsynth/nsynth-valid/audio/vocal_synthetic_003-046-127.wav,37,vocal_synthetic_003,10,vocal,2,synthetic,46,127,16000,bright|distortion|long_release|nonlinear_env
20.550932,42.87205,flute_synthetic_000-036-025,flute_synthetic_000-036-025,/root/autodl-tmp/tokenizer-eval/data/nsynth/nsynth-valid/audio/flute_synthetic_000-036-025.wav,82,flute_synthetic_000,2,flute,2,synthetic,36,25,16000,distortion
7.53979,-43.97878,brass_acoustic_006-057-025,brass_acoustic_006-057-025,/root/autodl-tmp/tokenizer-eval/data/nsynth/nsynth-valid/audio/brass_acoustic_006-057-025.wav,43,brass_acoustic_006,1,brass,0,acoustic,57,25,16000,reverb
-55.69905,-9.715414,guitar_acoustic_010-072-100,guitar_acoustic_010-072-100,/root/autodl-tmp/tokenizer-eval/data/nsynth/nsynth-valid/audio/guitar_acoustic_010-072-100.wav,219,guitar_acoustic_010,3,guitar,0,acoustic,72,100,16000,
-27.21038,-64.17506,bass_synthetic_009-071-100,bass_synthetic_009-071-100,/root/autodl-tmp/tokenizer-eval/data/nsynth/nsynth-valid/audio/bass_synthetic_009-071-100.wav,150,bass_synthetic_009,0,bass,2,synthetic,71,100,16000,bright|distortion|long_release
-8.088255,-76.24851,string_acoustic_057-076-127,string_acoustic_057-076-127,/root/autodl-tmp/tokenizer-eval/data/nsynth/nsynth-valid/audio/string_acoustic_057-076-127.wav,450,string_acoustic_057,8,string,0,acoustic,76,127,16000,bright|nonlinear_env|reverb
30.224998,-8.535647,bass_synthetic_068-071-127,bass_synthetic_068-071-127,/root/autodl-tmp/tokenizer-eval/data/nsynth/nsynth-valid/audio/bass_synthetic_068-071-127.wav,656,bass_synthetic_068,0,bass,2,synthetic,71,127,16000,distortion
60.67949,-0.34479505,bass_synthetic_134-084-050,bass_synthetic_134-084-050,/root/autodl-tmp/tokenizer-eval/data/nsynth/nsynth-valid/audio/bass_synthetic_134-084-050.wav,914,bass_synthetic_134,0,bass,2,synthetic,84,50,16000,fast_decay|percussive|reverb
49.275215,-42.728313,reed_acoustic_023-047-025,reed_acoustic_023-047-025,/root/autodl-tmp/tokenizer-eval/data/nsynth/nsynth-valid/audio/reed_acoustic_023-047-025.wav,224,reed_acoustic_023,7,reed,0,acoustic,47,25,16000,bright|fast_decay|multiphonic|nonlinear_env
55.683475,-10.785577,keyboard_acoustic_004-088-100,keyboard_acoustic_004-088-100,/root/autodl-tmp/tokenizer-eval/data/nsynth/nsynth-valid/audio/keyboard_acoustic_004-088-100.wav,327,keyboard_acoustic_004,4,keyboard,0,acoustic,88,100,16000,reverb
23.612091,26.352352,guitar_electronic_022-037-127,guitar_electronic_022-037-127,/root/autodl-tmp/tokenizer-eval/data/nsynth/nsynth-valid/audio/guitar_electronic_022-037-127.wav,378,guitar_electronic_022,3,guitar,1,electronic,37,127,16000,dark
15.993965,-23.97137,flute_synthetic_000-066-100,flute_synthetic_000-066-100,/root/autodl-tmp/tokenizer-eval/data/nsynth/nsynth-valid/audio/flute_synthetic_000-066-100.wav,82,flute_synthetic_000,2,flute,2,synthetic,66,100,16000,distortion
-88.381226,0.2929255,brass_acoustic_046-088-127,brass_acoustic_046-088-127,/root/autodl-tmp/tokenizer-eval/data/nsynth/nsynth-valid/audio/brass_acoustic_046-088-127.wav,414,brass_acoustic_046,1,brass,0,acoustic,88,127,16000,long_release
48.832867,9.30695,bass_electronic_027-063-127,bass_electronic_027-063-127,/root/autodl-tmp/tokenizer-eval/data/nsynth/nsynth-valid/audio/bass_electronic_027-063-127.wav,880,bass_electronic_027,0,bass,1,electronic,63,127,16000,fast_decay
78.12133,-23.307238,mallet_acoustic_047-074-127,mallet_acoustic_047-074-127,/root/autodl-tmp/tokenizer-eval/data/nsynth/nsynth-valid/audio/mallet_acoustic_047-074-127.wav,488,mallet_acoustic_047,5,mallet,0,acoustic,74,127,16000,fast_decay|percussive|reverb
-21.397402,-60.13222,organ_electronic_057-083-075,organ_electronic_057-083-075,/root/autodl-tmp/tokenizer-eval/data/nsynth/nsynth-valid/audio/organ_electronic_057-083-075.wav,701,organ_electronic_057,6,organ,1,electronic,83,75,16000,
-55.603565,-3.4554446,organ_electronic_007-048-127,organ_electronic_007-048-127,/root/autodl-tmp/tokenizer-eval/data/nsynth/nsynth-valid/audio/organ_electronic_007-048-127.wav,123,organ_electronic_007,6,organ,1,electronic,48,127,16000,distortion|long_release|nonlinear_env
7.343278,-7.6758127,string_acoustic_071-042-025,string_acoustic_071-042-025,/root/autodl-tmp/tokenizer-eval/data/nsynth/nsynth-valid/audio/string_acoustic_071-042-025.wav,609,string_acoustic_071,8,string,0,acoustic,42,25,16000,long_release|reverb
6.2191463,-70.096825,keyboard_acoustic_004-076-127,keyboard_acoustic_004-076-127,/root/autodl-tmp/tokenizer-eval/data/nsynth/nsynth-valid/audio/keyboard_acoustic_004-076-127.wav,327,keyboard_acoustic_004,4,keyboard,0,acoustic,76,127,16000,reverb
-24.126637,-65.5992,bass_synthetic_009-095-075,bass_synthetic_009-095-075,/root/autodl-tmp/tokenizer-eval/data/nsynth/nsynth-valid/audio/bass_synthetic_009-095-075.wav,150,bass_synthetic_009,0,bass,2,synthetic,95,75,16000,long_release
17.538626,-25.194353,guitar_acoustic_014-066-025,guitar_acoustic_014-066-025,/root/autodl-tmp/tokenizer-eval/data/nsynth/nsynth-valid/audio/guitar_acoustic_014-066-025.wav,263,guitar_acoustic_014,3,guitar,0,acoustic,66,25,16000,
-21.925247,-60.04006,organ_electronic_001-095-075,organ_electronic_001-095-075,/root/autodl-tmp/tokenizer-eval/data/nsynth/nsynth-valid/audio/organ_electronic_001-095-075.wav,8,organ_electronic_001,6,organ,1,electronic,95,75,16000,
52.077377,-58.54464,reed_acoustic_023-077-100,reed_acoustic_023-077-100,/root/autodl-tmp/tokenizer-eval/data/nsynth/nsynth-valid/audio/reed_acoustic_023-077-100.wav,224,reed_acoustic_023,7,reed,0,acoustic,77,100,16000,bright|fast_decay|multiphonic|nonlinear_env
10.455609,72.63788,flute_synthetic_000-051-075,flute_synthetic_000-051-075,/root/autodl-tmp/tokenizer-eval/data/nsynth/nsynth-valid/audio/flute_synthetic_000-051-075.wav,82,flute_synthetic_000,2,flute,2,synthetic,51,75,16000,distortion
65.71159,-5.287351,mallet_acoustic_056-073-050,mallet_acoustic_056-073-050,/root/autodl-tmp/tokenizer-eval/data/nsynth/nsynth-valid/audio/mallet_acoustic_056-073-050.wav,590,mallet_acoustic_056,5,mallet,0,acoustic,73,50,16000,fast_decay
-16.629501,19.213232,brass_acoustic_006-039-075,brass_acoustic_006-039-075,/root/autodl-tmp/tokenizer-eval/data/nsynth/nsynth-valid/audio/brass_acoustic_006-039-075.wav,43,brass_acoustic_006,1,brass,0,acoustic,39,75,16000,reverb
-11.9561205,86.72299,brass_acoustic_046-075-050,brass_acoustic_046-075-050,/root/autodl-tmp/tokenizer-eval/data/nsynth/nsynth-valid/audio/brass_acoustic_046-075-050.wav,414,brass_acoustic_046,1,brass,0,acoustic,75,50,16000,
13.424128,-27.03674,vocal_acoustic_000-066-075,vocal_acoustic_000-066-075,/root/autodl-tmp/tokenizer-eval/data/nsynth/nsynth-valid/audio/vocal_acoustic_000-066-075.wav,46,vocal_acoustic_000,10,vocal,0,acoustic,66,75,16000,reverb
11.416631,-28.731373,string_acoustic_057-078-100,string_acoustic_057-078-100,/root/autodl-tmp/tokenizer-eval/data/nsynth/nsynth-valid/audio/string_acoustic_057-078-100.wav,450,string_acoustic_057,8,string,0,acoustic,78,100,16000,bright|nonlinear_env|reverb
-20.996393,8.320849,organ_electronic_001-041-100,organ_electronic_001-041-100,/root/autodl-tmp/tokenizer-eval/data/nsynth/nsynth-valid/audio/organ_electronic_001-041-100.wav,8,organ_electronic_001,6,organ,1,electronic,41,100,16000,dark
32.29104,51.169464,string_acoustic_012-045-127,string_acoustic_012-045-127,/root/autodl-tmp/tokenizer-eval/data/nsynth/nsynth-valid/audio/string_acoustic_012-045-127.wav,97,string_acoustic_012,8,string,0,acoustic,45,127,16000,reverb
-28.550547,62.712692,vocal_synthetic_003-092-025,vocal_synthetic_003-092-025,/root/autodl-tmp/tokenizer-eval/data/nsynth/nsynth-valid/audio/vocal_synthetic_003-092-025.wav,37,vocal_synthetic_003,10,vocal,2,synthetic,92,25,16000,bright|distortion|long_release|nonlinear_env
-15.050138,-36.088573,vocal_synthetic_003-074-127,vocal_synthetic_003-074-127,/root/autodl-tmp/tokenizer-eval/data/nsynth/nsynth-valid/audio/vocal_synthetic_003-074-127.wav,37,vocal_synthetic_003,10,vocal,2,synthetic,74,127,16000,bright|distortion|long_release|nonlinear_env
0.35777992,-0.39322647,keyboard_electronic_003-041-100,keyboard_electronic_003-041-100,/root/autodl-tmp/tokenizer-eval/data/nsynth/nsynth-valid/audio/keyboard_electronic_003-041-100.wav,65,keyboard_electronic_003,4,keyboard,1,electronic,41,100,16000,distortion
38.039795,52.321854,organ_electronic_057-045-075,organ_electronic_057-045-075,/root/autodl-tmp/tokenizer-eval/data/nsynth/nsynth-valid/audio/organ_electronic_057-045-075.wav,701,organ_electronic_057,6,organ,1,electronic,45,75,16000,dark
-27.805902,-21.148094,guitar_electronic_028-053-025,guitar_electronic_028-053-025,/root/autodl-tmp/tokenizer-eval/data/nsynth/nsynth-valid/audio/guitar_electronic_028-053-025.wav,510,guitar_electronic_028,3,guitar,1,electronic,53,25,16000,dark
-0.8634478,33.011135,organ_electronic_104-043-050,organ_electronic_104-043-050,/root/autodl-tmp/tokenizer-eval/data/nsynth/nsynth-valid/audio/organ_electronic_104-043-050.wav,921,organ_electronic_104,6,organ,1,electronic,43,50,16000,
19.464046,66.09762,flute_synthetic_000-050-025,flute_synthetic_000-050-025,/root/autodl-tmp/tokenizer-eval/data/nsynth/nsynth-valid/audio/flute_synthetic_000-050-025.wav,82,flute_synthetic_000,2,flute,2,synthetic,50,25,16000,distortion
-10.9047165,79.93231,vocal_acoustic_000-063-075,vocal_acoustic_000-063-075,/root/autodl-tmp/tokenizer-eval/data/nsynth/nsynth-valid/audio/vocal_acoustic_000-063-075.wav,46,vocal_acoustic_000,10,vocal,0,acoustic,63,75,16000,reverb
26.203625,23.899193,guitar_acoustic_010-037-050,guitar_acoustic_010-037-050,/root/autodl-tmp/tokenizer-eval/data/nsynth/nsynth-valid/audio/guitar_acoustic_010-037-050.wav,219,guitar_acoustic_010,3,guitar,0,acoustic,37,50,16000,
60.569965,-7.8108373,string_acoustic_056-075-050,string_acoustic_056-075-050,/root/autodl-tmp/tokenizer-eval/data/nsynth/nsynth-valid/audio/string_acoustic_056-075-050.wav,436,string_acoustic_056,8,string,0,acoustic,75,50,16000,fast_decay|percussive|reverb
50.279636,-36.407417,reed_acoustic_023-051-100,reed_acoustic_023-051-100,/root/autodl-tmp/tokenizer-eval/data/nsynth/nsynth-valid/audio/reed_acoustic_023-051-100.wav,224,reed_acoustic_023,7,reed,0,acoustic,51,100,16000,bright|fast_decay|multiphonic|nonlinear_env
-71.27402,23.875343,vocal_synthetic_003-058-075,vocal_synthetic_003-058-075,/root/autodl-tmp/tokenizer-eval/data/nsynth/nsynth-valid/audio/vocal_synthetic_003-058-075.wav,37,vocal_synthetic_003,10,vocal,2,synthetic,58,75,16000,bright|distortion|long_release|nonlinear_env
-64.2233,29.39782,string_acoustic_057-070-127,string_acoustic_057-070-127,/root/autodl-tmp/tokenizer-eval/data/nsynth/nsynth-valid/audio/string_acoustic_057-070-127.wav,450,string_acoustic_057,8,string,0,acoustic,70,127,16000,bright|nonlinear_env|reverb
-2.0487072,72.66055,bass_synthetic_068-063-075,bass_synthetic_068-063-075,/root/autodl-tmp/tokenizer-eval/data/nsynth/nsynth-valid/audio/bass_synthetic_068-063-075.wav,656,bass_synthetic_068,0,bass,2,synthetic,63,75,16000,
-44.222847,-29.168634,flute_acoustic_002-077-075,flute_acoustic_002-077-075,/root/autodl-tmp/tokenizer-eval/data/nsynth/nsynth-valid/audio/flute_acoustic_002-077-075.wav,86,flute_acoustic_002,2,flute,0,acoustic,77,75,16000,reverb
-28.724771,-6.129088,bass_synthetic_135-091-100,bass_synthetic_135-091-100,/root/autodl-tmp/tokenizer-eval/data/nsynth/nsynth-valid/audio/bass_synthetic_135-091-100.wav,927,bass_synthetic_135,0,bass,2,synthetic,91,100,16000,distortion
-3.911803,-17.48617,bass_synthetic_135-062-127,bass_synthetic_135-062-127,/root/autodl-tmp/tokenizer-eval/data/nsynth/nsynth-valid/audio/bass_synthetic_135-062-127.wav,927,bass_synthetic_135,0,bass,2,synthetic,62,127,16000,distortion
-27.28557,0.7231403,brass_acoustic_015-067-127,brass_acoustic_015-067-127,/root/autodl-tmp/tokenizer-eval/data/nsynth/nsynth-valid/audio/brass_acoustic_015-067-127.wav,121,brass_acoustic_015,1,brass,0,acoustic,67,127,16000,reverb
54.465317,-2.170868,string_acoustic_056-040-127,string_acoustic_056-040-127,/root/autodl-tmp/tokenizer-eval/data/nsynth/nsynth-valid/audio/string_acoustic_056-040-127.wav,436,string_acoustic_056,8,string,0,acoustic,40,127,16000,fast_decay|percussive|reverb
72.708885,-8.03127,mallet_acoustic_056-063-025,mallet_acoustic_056-063-025,/root/autodl-tmp/tokenizer-eval/data/nsynth/nsynth-valid/audio/mallet_acoustic_056-063-025.wav,590,mallet_acoustic_056,5,mallet,0,acoustic,63,25,16000,fast_decay|percussive
-64.56086,26.203402,reed_acoustic_011-046-075,reed_acoustic_011-046-075,/root/autodl-tmp/tokenizer-eval/data/nsynth/nsynth-valid/audio/reed_acoustic_011-046-075.wav,104,reed_acoustic_011,7,reed,0,acoustic,46,75,16000,
59.00667,-49.66763,bass_synthetic_034-074-025,bass_synthetic_034-074-025,/root/autodl-tmp/tokenizer-eval/data/nsynth/nsynth-valid/audio/bass_synthetic_034-074-025.wav,420,bass_synthetic_034,0,bass,2,synthetic,74,25,16000,distortion|tempo-synced
-59.374813,30.951933,keyboard_electronic_069-070-050,keyboard_electronic_069-070-050,/root/autodl-tmp/tokenizer-eval/data/nsynth/nsynth-valid/audio/keyboard_electronic_069-070-050.wav,805,keyboard_electronic_069,4,keyboard,1,electronic,70,50,16000,distortion
-69.05428,5.4670606,vocal_synthetic_003-043-127,vocal_synthetic_003-043-127,/root/autodl-tmp/tokenizer-eval/data/nsynth/nsynth-valid/audio/vocal_synthetic_003-043-127.wav,37,vocal_synthetic_003,10,vocal,2,synthetic,43,127,16000,bright|distortion|long_release|nonlinear_env
10.531781,25.45668,flute_synthetic_000-058-075,flute_synthetic_000-058-075,/root/autodl-tmp/tokenizer-eval/data/nsynth/nsynth-valid/audio/flute_synthetic_000-058-075.wav,82,flute_synthetic_000,2,flute,2,synthetic,58,75,16000,distortion
-9.194686,48.706352,bass_synthetic_068-068-127,bass_synthetic_068-068-127,/root/autodl-tmp/tokenizer-eval/data/nsynth/nsynth-valid/audio/bass_synthetic_068-068-127.wav,656,bass_synthetic_068,0,bass,2,synthetic,68,127,16000,distortion
79.2254,-11.810895,mallet_acoustic_056-034-127,mallet_acoustic_056-034-127,/root/autodl-tmp/tokenizer-eval/data/nsynth/nsynth-valid/audio/mallet_acoustic_056-034-127.wav,590,mallet_acoustic_056,5,mallet,0,acoustic,34,127,16000,bright|fast_decay|percussive
23.800875,39.4974,flute_synthetic_000-035-127,flute_synthetic_000-035-127,/root/autodl-tmp/tokenizer-eval/data/nsynth/nsynth-valid/audio/flute_synthetic_000-035-127.wav,82,flute_synthetic_000,2,flute,2,synthetic,35,127,16000,distortion
70.96818,-30.528484,reed_acoustic_023-096-075,reed_acoustic_023-096-075,/root/autodl-tmp/tokenizer-eval/data/nsynth/nsynth-valid/audio/reed_acoustic_023-096-075.wav,224,reed_acoustic_023,7,reed,0,acoustic,96,75,16000,fast_decay|multiphonic|nonlinear_env|percussive
22.308836,-15.825695,organ_electronic_057-059-075,organ_electronic_057-059-075,/root/autodl-tmp/tokenizer-eval/data/nsynth/nsynth-valid/audio/organ_electronic_057-059-075.wav,701,organ_electronic_057,6,organ,1,electronic,59,75,16000,dark
-16.651037,26.2373,brass_acoustic_059-043-050,brass_acoustic_059-043-050,/root/autodl-tmp/tokenizer-eval/data/nsynth/nsynth-valid/audio/brass_acoustic_059-043-050.wav,572,brass_acoustic_059,1,brass,0,acoustic,43,50,16000,dark|reverb
65.94474,-20.349644,mallet_acoustic_062-083-025,mallet_acoustic_062-083-025,/root/autodl-tmp/tokenizer-eval/data/nsynth/nsynth-valid/audio/mallet_acoustic_062-083-025.wav,644,mallet_acoustic_062,5,mallet,0,acoustic,83,25,16000,fast_decay|multiphonic|percussive
7.6299105,-3.724452,flute_synthetic_000-054-100,flute_synthetic_000-054-100,/root/autodl-tmp/tokenizer-eval/data/nsynth/nsynth-valid/audio/flute_synthetic_000-054-100.wav,82,flute_synthetic_000,2,flute,2,synthetic,54,100,16000,distortion
-57.758125,36.67941,reed_acoustic_037-058-050,reed_acoustic_037-058-050,/root/autodl-tmp/tokenizer-eval/data/nsynth/nsynth-valid/audio/reed_acoustic_037-058-050.wav,387,reed_acoustic_037,7,reed,0,acoustic,58,50,16000,reverb
61.71306,-13.565956,mallet_acoustic_062-085-050,mallet_acoustic_062-085-050,/root/autodl-tmp/tokenizer-eval/data/nsynth/nsynth-valid/audio/mallet_acoustic_062-085-050.wav,644,mallet_acoustic_062,5,mallet,0,acoustic,85,50,16000,fast_decay|multiphonic
17.604029,68.575325,flute_synthetic_000-038-025,flute_synthetic_000-038-025,/root/autodl-tmp/tokenizer-eval/data/nsynth/nsynth-valid/audio/flute_synthetic_000-038-025.wav,82,flute_synthetic_000,2,flute,2,synthetic,38,25,16000,distortion
-26.089745,-0.95017415,keyboard_electronic_001-079-025,keyboard_electronic_001-079-025,/root/autodl-tmp/tokenizer-eval/data/nsynth/nsynth-valid/audio/keyboard_electronic_001-079-025.wav,40,keyboard_electronic_001,4,keyboard,1,electronic,79,25,16000,
20.11894,33.141045,organ_electronic_057-035-127,organ_electronic_057-035-127,/root/autodl-tmp/tokenizer-eval/data/nsynth/nsynth-valid/audio/organ_electronic_057-035-127.wav,701,organ_electronic_057,6,organ,1,electronic,35,127,16000,dark
68.876656,-34.995617,reed_acoustic_023-095-075,reed_acoustic_023-095-075,/root/autodl-tmp/tokenizer-eval/data/nsynth/nsynth-valid/audio/reed_acoustic_023-095-075.wav,224,reed_acoustic_023,7,reed,0,acoustic,95,75,16000,fast_decay|multiphonic|nonlinear_env
-8.089304,80.91947,flute_synthetic_000-075-100,flute_synthetic_000-075-100,/root/autodl-tmp/tokenizer-eval/data/nsynth/nsynth-valid/audio/flute_synthetic_000-075-100.wav,82,flute_synthetic_000,2,flute,2,synthetic,75,100,16000,distortion
52.61747,-20.481647,mallet_acoustic_056-089-050,mallet_acoustic_056-089-050,/root/autodl-tmp/tokenizer-eval/data/nsynth/nsynth-valid/audio/mallet_acoustic_056-089-050.wav,590,mallet_acoustic_056,5,mallet,0,acoustic,89,50,16000,
-46.3296,-47.381752,brass_acoustic_016-082-075,brass_acoustic_016-082-075,/root/autodl-tmp/tokenizer-eval/data/nsynth/nsynth-valid/audio/brass_acoustic_016-082-075.wav,128,brass_acoustic_016,1,brass,0,acoustic,82,75,16000,bright
77.02079,-19.339521,mallet_acoustic_047-070-100,mallet_acoustic_047-070-100,/root/autodl-tmp/tokenizer-eval/data/nsynth/nsynth-valid/audio/mallet_acoustic_047-070-100.wav,488,mallet_acoustic_047,5,mallet,0,acoustic,70,100,16000,fast_decay|percussive|reverb
80.48943,-23.751017,mallet_acoustic_047-076-100,mallet_acoustic_047-076-100,/root/autodl-tmp/tokenizer-eval/data/nsynth/nsynth-valid/audio/mallet_acoustic_047-076-100.wav,488,mallet_acoustic_047,5,mallet,0,acoustic,76,100,16000,percussive|reverb
-90.08822,-2.3871522,brass_acoustic_046-090-100,brass_acoustic_046-090-100,/root/autodl-tmp/tokenizer-eval/data/nsynth/nsynth-valid/audio/brass_acoustic_046-090-100.wav,414,brass_acoustic_046,1,brass,0,acoustic,90,100,16000,long_release
14.732146,10.1932335,mallet_acoustic_062-055-075,mallet_acoustic_062-055-075,/root/autodl-tmp/tokenizer-eval/data/nsynth/nsynth-valid/audio/mallet_acoustic_062-055-075.wav,644,mallet_acoustic_062,5,mallet,0,acoustic,55,75,16000,dark|multiphonic
52.36272,-20.061384,keyboard_electronic_098-089-025,keyboard_electronic_098-089-025,/root/autodl-tmp/tokenizer-eval/data/nsynth/nsynth-valid/audio/keyboard_electronic_098-089-025.wav,905,keyboard_electronic_098,4,keyboard,1,electronic,89,25,16000,fast_decay
44.20863,5.113171,bass_electronic_025-061-025,bass_electronic_025-061-025,/root/autodl-tmp/tokenizer-eval/data/nsynth/nsynth-valid/audio/bass_electronic_025-061-025.wav,872,bass_electronic_025,0,bass,1,electronic,61,25,16000,
-14.269894,10.267212,flute_synthetic_000-060-050,flute_synthetic_000-060-050,/root/autodl-tmp/tokenizer-eval/data/nsynth/nsynth-valid/audio/flute_synthetic_000-060-050.wav,82,flute_synthetic_000,2,flute,2,synthetic,60,50,16000,distortion
3.3351617,40.095387,guitar_electronic_022-031-100,guitar_electronic_022-031-100,/root/autodl-tmp/tokenizer-eval/data/nsynth/nsynth-valid/audio/guitar_electronic_022-031-100.wav,378,guitar_electronic_022,3,guitar,1,electronic,31,100,16000,dark
-87.973076,-2.3406017,brass_acoustic_046-086-100,brass_acoustic_046-086-100,/root/autodl-tmp/tokenizer-eval/data/nsynth/nsynth-valid/audio/brass_acoustic_046-086-100.wav,414,brass_acoustic_046,1,brass,0,acoustic,86,100,16000,long_release
-32.24972,-25.888418,keyboard_electronic_069-077-075,keyboard_electronic_069-077-075,/root/autodl-tmp/tokenizer-eval/data/nsynth/nsynth-valid/audio/keyboard_electronic_069-077-075.wav,805,keyboard_electronic_069,4,keyboard,1,electronic,77,75,16000,distortion
23.101278,-2.7504551,keyboard_electronic_001-040-100,keyboard_electronic_001-040-100,/root/autodl-tmp/tokenizer-eval/data/nsynth/nsynth-valid/audio/keyboard_electronic_001-040-100.wav,40,keyboard_electronic_001,4,keyboard,1,electronic,40,100,16000,
-55.95593,36.861004,organ_electronic_001-058-025,organ_electronic_001-058-025,/root/autodl-tmp/tokenizer-eval/data/nsynth/nsynth-valid/audio/organ_electronic_001-058-025.wav,8,organ_electronic_001,6,organ,1,electronic,58,25,16000,dark
-11.926556,88.630486,flute_acoustic_002-075-050,flute_acoustic_002-075-050,/root/autodl-tmp/tokenizer-eval/data/nsynth/nsynth-valid/audio/flute_acoustic_002-075-050.wav,86,flute_acoustic_002,2,flute,0,acoustic,75,50,16000,reverb
53.016052,-41.511204,reed_acoustic_023-040-025,reed_acoustic_023-040-025,/root/autodl-tmp/tokenizer-eval/data/nsynth/nsynth-valid/audio/reed_acoustic_023-040-025.wav,224,reed_acoustic_023,7,reed,0,acoustic,40,25,16000,bright|fast_decay|multiphonic|nonlinear_env
-7.3804154,55.567238,organ_electronic_001-056-075,organ_electronic_001-056-075,/root/autodl-tmp/tokenizer-eval/data/nsynth/nsynth-valid/audio/organ_electronic_001-056-075.wav,8,organ_electronic_001,6,organ,1,electronic,56,75,16000,dark
-73.60375,10.049878,vocal_synthetic_003-051-127,vocal_synthetic_003-051-127,/root/autodl-tmp/tokenizer-eval/data/nsynth/nsynth-valid/audio/vocal_synthetic_003-051-127.wav,37,vocal_synthetic_003,10,vocal,2,synthetic,51,127,16000,bright|distortion|long_release|nonlinear_env
57.4425,-45.915054,reed_acoustic_023-062-050,reed_acoustic_023-062-050,/root/autodl-tmp/tokenizer-eval/data/nsynth/nsynth-valid/audio/reed_acoustic_023-062-050.wav,224,reed_acoustic_023,7,reed,0,acoustic,62,50,16000,bright|fast_decay|multiphonic|nonlinear_env
-14.231863,10.7868185,flute_synthetic_000-060-127,flute_synthetic_000-060-127,/root/autodl-tmp/tokenizer-eval/data/nsynth/nsynth-valid/audio/flute_synthetic_000-060-127.wav,82,flute_synthetic_000,2,flute,2,synthetic,60,127,16000,distortion
21.053968,36.596817,guitar_acoustic_014-035-075,guitar_acoustic_014-035-075,/root/autodl-tmp/tokenizer-eval/data/nsynth/nsynth-valid/audio/guitar_acoustic_014-035-075.wav,263,guitar_acoustic_014,3,guitar,0,acoustic,35,75,16000,
-57.075993,27.778418,guitar_electronic_028-070-100,guitar_electronic_028-070-100,/root/autodl-tmp/tokenizer-eval/data/nsynth/nsynth-valid/audio/guitar_electronic_028-070-100.wav,510,guitar_electronic_028,3,guitar,1,electronic,70,100,16000,
-11.598384,16.226492,brass_acoustic_006-042-127,brass_acoustic_006-042-127,/root/autodl-tmp/tokenizer-eval/data/nsynth/nsynth-valid/audio/brass_acoustic_006-042-127.wav,43,brass_acoustic_006,1,brass,0,acoustic,42,127,16000,reverb
-34.686455,7.4329286,organ_electronic_113-067-025,organ_electronic_113-067-025,/root/autodl-tmp/tokenizer-eval/data/nsynth/nsynth-valid/audio/organ_electronic_113-067-025.wav,958,organ_electronic_113,6,organ,1,electronic,67,25,16000,
-13.038482,-58.20408,reed_acoustic_037-059-127,reed_acoustic_037-059-127,/root/autodl-tmp/tokenizer-eval/data/nsynth/nsynth-valid/audio/reed_acoustic_037-059-127.wav,387,reed_acoustic_037,7,reed,0,acoustic,59,127,16000,reverb
-4.424881,80.03198,keyboard_electronic_003-063-050,keyboard_electronic_003-063-050,/root/autodl-tmp/tokenizer-eval/data/nsynth/nsynth-valid/audio/keyboard_electronic_003-063-050.wav,65,keyboard_electronic_003,4,keyboard,1,electronic,63,50,16000,
-37.430252,-6.843797,string_acoustic_057-091-100,string_acoustic_057-091-100,/root/autodl-tmp/tokenizer-eval/data/nsynth/nsynth-valid/audio/string_acoustic_057-091-100.wav,450,string_acoustic_057,8,string,0,acoustic,91,100,16000,nonlinear_env|reverb
-9.848484,3.6547704,guitar_acoustic_021-060-025,guitar_acoustic_021-060-025,/root/autodl-tmp/tokenizer-eval/data/nsynth/nsynth-valid/audio/guitar_acoustic_021-060-025.wav,457,guitar_acoustic_021,3,guitar,0,acoustic,60,25,16000,
-2.181384,-17.368832,bass_synthetic_068-062-127,bass_synthetic_068-062-127,/root/autodl-tmp/tokenizer-eval/data/nsynth/nsynth-valid/audio/bass_synthetic_068-062-127.wav,656,bass_synthetic_068,0,bass,2,synthetic,62,127,16000,dark|distortion
-2.0365648,-8.458202,brass_acoustic_015-055-075,brass_acoustic_015-055-075,/root/autodl-tmp/tokenizer-eval/data/nsynth/nsynth-valid/audio/brass_acoustic_015-055-075.wav,121,brass_acoustic_015,1,brass,0,acoustic,55,75,16000,reverb
40.804222,19.710697,guitar_electronic_028-038-050,guitar_electronic_028-038-050,/root/autodl-tmp/tokenizer-eval/data/nsynth/nsynth-valid/audio/guitar_electronic_028-038-050.wav,510,guitar_electronic_028,3,guitar,1,electronic,38,50,16000,dark
-30.372402,-30.202662,bass_synthetic_135-089-050,bass_synthetic_135-089-050,/root/autodl-tmp/tokenizer-eval/data/nsynth/nsynth-valid/audio/bass_synthetic_135-089-050.wav,927,bass_synthetic_135,0,bass,2,synthetic,89,50,16000,distortion
4.6523676,16.868372,bass_synthetic_098-073-075,bass_synthetic_098-073-075,/root/autodl-tmp/tokenizer-eval/data/nsynth/nsynth-valid/audio/bass_synthetic_098-073-075.wav,803,bass_synthetic_098,0,bass,2,synthetic,73,75,16000,
-7.271947,12.861712,keyboard_electronic_001-036-075,keyboard_electronic_001-036-075,/root/autodl-tmp/tokenizer-eval/data/nsynth/nsynth-valid/audio/keyboard_electronic_001-036-075.wav,40,keyboard_electronic_001,4,keyboard,1,electronic,36,75,16000,dark
13.066625,-22.686749,organ_electronic_001-066-075,organ_electronic_001-066-075,/root/autodl-tmp/tokenizer-eval/data/nsynth/nsynth-valid/audio/organ_electronic_001-066-075.wav,8,organ_electronic_001,6,organ,1,electronic,66,75,16000,
6.278467,-78.40054,flute_synthetic_000-064-075,flute_synthetic_000-064-075,/root/autodl-tmp/tokenizer-eval/data/nsynth/nsynth-valid/audio/flute_synthetic_000-064-075.wav,82,flute_synthetic_000,2,flute,2,synthetic,64,75,16000,distortion
49.41637,-43.281353,reed_acoustic_023-059-075,reed_acoustic_023-059-075,/root/autodl-tmp/tokenizer-eval/data/nsynth/nsynth-valid/audio/reed_acoustic_023-059-075.wav,224,reed_acoustic_023,7,reed,0,acoustic,59,75,16000,bright|fast_decay|multiphonic|nonlinear_env
29.906424,13.301852,flute_synthetic_000-052-100,flute_synthetic_000-052-100,/root/autodl-tmp/tokenizer-eval/data/nsynth/nsynth-valid/audio/flute_synthetic_000-052-100.wav,82,flute_synthetic_000,2,flute,2,synthetic,52,100,16000,distortion
18.588257,41.112427,flute_synthetic_000-048-050,flute_synthetic_000-048-050,/root/autodl-tmp/tokenizer-eval/data/nsynth/nsynth-valid/audio/flute_synthetic_000-048-050.wav,82,flute_synthetic_000,2,flute,2,synthetic,48,50,16000,distortion
-26.889015,-26.137213,keyboard_electronic_002-077-025,keyboard_electronic_002-077-025,/root/autodl-tmp/tokenizer-eval/data/nsynth/nsynth-valid/audio/keyboard_electronic_002-077-025.wav,50,keyboard_electronic_002,4,keyboard,1,electronic,77,25,16000,fast_decay
-21.945646,89.642975,vocal_synthetic_003-087-025,vocal_synthetic_003-087-025,/root/autodl-tmp/tokenizer-eval/data/nsynth/nsynth-valid/audio/vocal_synthetic_003-087-025.wav,37,vocal_synthetic_003,10,vocal,2,synthetic,87,25,16000,bright|distortion|long_release|nonlinear_env
-14.230706,74.05837,brass_acoustic_059-051-050,brass_acoustic_059-051-050,/root/autodl-tmp/tokenizer-eval/data/nsynth/nsynth-valid/audio/brass_acoustic_059-051-050.wav,572,brass_acoustic_059,1,brass,0,acoustic,51,50,16000,dark|reverb
-22.336977,33.778835,string_acoustic_080-037-050,string_acoustic_080-037-050,/root/autodl-tmp/tokenizer-eval/data/nsynth/nsynth-valid/audio/string_acoustic_080-037-050.wav,675,string_acoustic_080,8,string,0,acoustic,37,50,16000,long_release|reverb
-43.687355,-46.498714,brass_acoustic_016-089-075,brass_acoustic_016-089-075,/root/autodl-tmp/tokenizer-eval/data/nsynth/nsynth-valid/audio/brass_acoustic_016-089-075.wav,128,brass_acoustic_016,1,brass,0,acoustic,89,75,16000,
-14.791082,5.1361027,keyboard_electronic_002-060-075,keyboard_electronic_002-060-075,/root/autodl-tmp/tokenizer-eval/data/nsynth/nsynth-valid/audio/keyboard_electronic_002-060-075.wav,50,keyboard_electronic_002,4,keyboard,1,electronic,60,75,16000,
43.776096,23.838516,bass_synthetic_134-045-127,bass_synthetic_134-045-127,/root/autodl-tmp/tokenizer-eval/data/nsynth/nsynth-valid/audio/bass_synthetic_134-045-127.wav,914,bass_synthetic_134,0,bass,2,synthetic,45,127,16000,dark|fast_decay|reverb
26.099138,40.171448,flute_synthetic_000-034-127,flute_synthetic_000-034-127,/root/autodl-tmp/tokenizer-eval/data/nsynth/nsynth-valid/audio/flute_synthetic_000-034-127.wav,82,flute_synthetic_000,2,flute,2,synthetic,34,127,16000,distortion
1.8443327,-78.47498,organ_electronic_001-064-050,organ_electronic_001-064-050,/root/autodl-tmp/tokenizer-eval/data/nsynth/nsynth-valid/audio/organ_electronic_001-064-050.wav,8,organ_electronic_001,6,organ,1,electronic,64,50,16000,
-39.32922,-4.8664393,string_acoustic_057-079-100,string_acoustic_057-079-100,/root/autodl-tmp/tokenizer-eval/data/nsynth/nsynth-valid/audio/string_acoustic_057-079-100.wav,450,string_acoustic_057,8,string,0,acoustic,79,100,16000,bright|nonlinear_env|reverb
20.60358,21.901468,guitar_acoustic_010-036-075,guitar_acoustic_010-036-075,/root/autodl-tmp/tokenizer-eval/data/nsynth/nsynth-valid/audio/guitar_acoustic_010-036-075.wav,219,guitar_acoustic_010,3,guitar,0,acoustic,36,75,16000,
16.05087,-45.73106,guitar_electronic_028-045-100,guitar_electronic_028-045-100,/root/autodl-tmp/tokenizer-eval/data/nsynth/nsynth-valid/audio/guitar_electronic_028-045-100.wav,510,guitar_electronic_028,3,guitar,1,electronic,45,100,16000,dark
50.345093,-58.593487,reed_acoustic_023-089-127,reed_acoustic_023-089-127,/root/autodl-tmp/tokenizer-eval/data/nsynth/nsynth-valid/audio/reed_acoustic_023-089-127.wav,224,reed_acoustic_023,7,reed,0,acoustic,89,127,16000,fast_decay|multiphonic|nonlinear_env
25.362936,-7.7631073,brass_acoustic_015-047-075,brass_acoustic_015-047-075,/root/autodl-tmp/tokenizer-eval/data/nsynth/nsynth-valid/audio/brass_acoustic_015-047-075.wav,121,brass_acoustic_015,1,brass,0,acoustic,47,75,16000,reverb
58.39106,-28.396946,mallet_acoustic_047-091-075,mallet_acoustic_047-091-075,/root/autodl-tmp/tokenizer-eval/data/nsynth/nsynth-valid/audio/mallet_acoustic_047-091-075.wav,488,mallet_acoustic_047,5,mallet,0,acoustic,91,75,16000,percussive|reverb
-35.032124,-19.245737,organ_electronic_113-053-100,organ_electronic_113-053-100,/root/autodl-tmp/tokenizer-eval/data/nsynth/nsynth-valid/audio/organ_electronic_113-053-100.wav,958,organ_electronic_113,6,organ,1,electronic,53,100,16000,dark
-42.39874,-31.139309,brass_acoustic_046-077-127,brass_acoustic_046-077-127,/root/autodl-tmp/tokenizer-eval/data/nsynth/nsynth-valid/audio/brass_acoustic_046-077-127.wav,414,brass_acoustic_046,1,brass,0,acoustic,77,127,16000,
57.0699,-26.278374,bass_synthetic_068-092-050,bass_synthetic_068-092-050,/root/autodl-tmp/tokenizer-eval/data/nsynth/nsynth-valid/audio/bass_synthetic_068-092-050.wav,656,bass_synthetic_068,0,bass,2,synthetic,92,50,16000,fast_decay
-39.852074,48.966236,vocal_synthetic_003-073-075,vocal_synthetic_003-073-075,/root/autodl-tmp/tokenizer-eval/data/nsynth/nsynth-valid/audio/vocal_synthetic_003-073-075.wav,37,vocal_synthetic_003,10,vocal,2,synthetic,73,75,16000,bright|distortion|long_release|nonlinear_env
16.064663,28.97957,flute_synthetic_000-046-050,flute_synthetic_000-046-050,/root/autodl-tmp/tokenizer-eval/data/nsynth/nsynth-valid/audio/flute_synthetic_000-046-050.wav,82,flute_synthetic_000,2,flute,2,synthetic,46,50,16000,distortion
-34.98989,32.974865,organ_electronic_057-049-075,organ_electronic_057-049-075,/root/autodl-tmp/tokenizer-eval/data/nsynth/nsynth-valid/audio/organ_electronic_057-049-075.wav,701,organ_electronic_057,6,organ,1,electronic,49,75,16000,dark
20.43704,45.52136,flute_synthetic_000-037-100,flute_synthetic_000-037-100,/root/autodl-tmp/tokenizer-eval/data/nsynth/nsynth-valid/audio/flute_synthetic_000-037-100.wav,82,flute_synthetic_000,2,flute,2,synthetic,37,100,16000,distortion
-1.805304,52.976524,guitar_acoustic_021-044-100,guitar_acoustic_021-044-100,/root/autodl-tmp/tokenizer-eval/data/nsynth/nsynth-valid/audio/guitar_acoustic_021-044-100.wav,457,guitar_acoustic_021,3,guitar,0,acoustic,44,100,16000,
24.92968,65.9219,organ_electronic_104-050-127,organ_electronic_104-050-127,/root/autodl-tmp/tokenizer-eval/data/nsynth/nsynth-valid/audio/organ_electronic_104-050-127.wav,921,organ_electronic_104,6,organ,1,electronic,50,127,16000,
-30.255148,-54.411213,vocal_synthetic_003-078-025,vocal_synthetic_003-078-025,/root/autodl-tmp/tokenizer-eval/data/nsynth/nsynth-valid/audio/vocal_synthetic_003-078-025.wav,37,vocal_synthetic_003,10,vocal,2,synthetic,78,25,16000,bright|distortion|long_release|nonlinear_env
46.129364,-11.92338,mallet_acoustic_056-086-127,mallet_acoustic_056-086-127,/root/autodl-tmp/tokenizer-eval/data/nsynth/nsynth-valid/audio/mallet_acoustic_056-086-127.wav,590,mallet_acoustic_056,5,mallet,0,acoustic,86,127,16000,
-38.927868,44.291878,organ_electronic_007-073-025,organ_electronic_007-073-025,/root/autodl-tmp/tokenizer-eval/data/nsynth/nsynth-valid/audio/organ_electronic_007-073-025.wav,123,organ_electronic_007,6,organ,1,electronic,73,25,16000,distortion|long_release|nonlinear_env
-14.584025,-1.0926428,guitar_electronic_022-084-127,guitar_electronic_022-084-127,/root/autodl-tmp/tokenizer-eval/data/nsynth/nsynth-valid/audio/guitar_electronic_022-084-127.wav,378,guitar_electronic_022,3,guitar,1,electronic,84,127,16000,
-27.261395,-23.77093,keyboard_electronic_078-065-025,keyboard_electronic_078-065-025,/root/autodl-tmp/tokenizer-eval/data/nsynth/nsynth-valid/audio/keyboard_electronic_078-065-025.wav,838,keyboard_electronic_078,4,keyboard,1,electronic,65,25,16000,bright
28.77802,-6.371859,bass_synthetic_068-059-025,bass_synthetic_068-059-025,/root/autodl-tmp/tokenizer-eval/data/nsynth/nsynth-valid/audio/bass_synthetic_068-059-025.wav,656,bass_synthetic_068,0,bass,2,synthetic,59,25,16000,dark
25.73692,-31.725943,keyboard_electronic_003-090-050,keyboard_electronic_003-090-050,/root/autodl-tmp/tokenizer-eval/data/nsynth/nsynth-valid/audio/keyboard_electronic_003-090-050.wav,65,keyboard_electronic_003,4,keyboard,1,electronic,90,50,16000,
-5.436314,-71.241974,brass_acoustic_046-064-100,brass_acoustic_046-064-100,/root/autodl-tmp/tokenizer-eval/data/nsynth/nsynth-valid/audio/brass_acoustic_046-064-100.wav,414,brass_acoustic_046,1,brass,0,acoustic,64,100,16000,bright
-11.927195,88.63106,flute_acoustic_002-075-025,flute_acoustic_002-075-025,/root/autodl-tmp/tokenizer-eval/data/nsynth/nsynth-valid/audio/flute_acoustic_002-075-025.wav,86,flute_acoustic_002,2,flute,0,acoustic,75,25,16000,reverb
-24.609865,-21.66386,keyboard_electronic_069-053-025,keyboard_electronic_069-053-025,/root/autodl-tmp/tokenizer-eval/data/nsynth/nsynth-valid/audio/keyboard_electronic_069-053-025.wav,805,keyboard_electronic_069,4,keyboard,1,electronic,53,25,16000,distortion
10.715593,28.484674,reed_acoustic_011-035-025,reed_acoustic_011-035-025,/root/autodl-tmp/tokenizer-eval/data/nsynth/nsynth-valid/audio/reed_acoustic_011-035-025.wav,104,reed_acoustic_011,7,reed,0,acoustic,35,25,16000,
-15.517175,61.00204,flute_acoustic_002-080-100,flute_acoustic_002-080-100,/root/autodl-tmp/tokenizer-eval/data/nsynth/nsynth-valid/audio/flute_acoustic_002-080-100.wav,86,flute_acoustic_002,2,flute,0,acoustic,80,100,16000,reverb
-32.248737,-25.888401,keyboard_electronic_069-077-127,keyboard_electronic_069-077-127,/root/autodl-tmp/tokenizer-eval/data/nsynth/nsynth-valid/audio/keyboard_electronic_069-077-127.wav,805,keyboard_electronic_069,4,keyboard,1,electronic,77,127,16000,distortion
-15.745933,5.439974,guitar_electronic_022-060-050,guitar_electronic_022-060-050,/root/autodl-tmp/tokenizer-eval/data/nsynth/nsynth-valid/audio/guitar_electronic_022-060-050.wav,378,guitar_electronic_022,3,guitar,1,electronic,60,50,16000,dark
37.30439,43.79852,guitar_acoustic_010-045-075,guitar_acoustic_010-045-075,/root/autodl-tmp/tokenizer-eval/data/nsynth/nsynth-valid/audio/guitar_acoustic_010-045-075.wav,219,guitar_acoustic_010,3,guitar,0,acoustic,45,75,16000,
30.740707,9.621819,guitar_electronic_022-052-025,guitar_electronic_022-052-025,/root/autodl-tmp/tokenizer-eval/data/nsynth/nsynth-valid/audio/guitar_electronic_022-052-025.wav,378,guitar_electronic_022,3,guitar,1,electronic,52,25,16000,dark
-16.507956,-75.2174,vocal_synthetic_003-076-100,vocal_synthetic_003-076-100,/root/autodl-tmp/tokenizer-eval/data/nsynth/nsynth-valid/audio/vocal_synthetic_003-076-100.wav,37,vocal_synthetic_003,10,vocal,2,synthetic,76,100,16000,bright|distortion|long_release|nonlinear_env
-54.81502,26.893873,guitar_electronic_028-058-100,guitar_electronic_028-058-100,/root/autodl-tmp/tokenizer-eval/data/nsynth/nsynth-valid/audio/guitar_electronic_028-058-100.wav,510,guitar_electronic_028,3,guitar,1,electronic,58,100,16000,dark
54.682735,-8.215101,string_acoustic_056-076-100,string_acoustic_056-076-100,/root/autodl-tmp/tokenizer-eval/data/nsynth/nsynth-valid/audio/string_acoustic_056-076-100.wav,436,string_acoustic_056,8,string,0,acoustic,76,100,16000,fast_decay|percussive|reverb
-2.4881012,82.053535,organ_electronic_001-051-127,organ_electronic_001-051-127,/root/autodl-tmp/tokenizer-eval/data/nsynth/nsynth-valid/audio/organ_electronic_001-051-127.wav,8,organ_electronic_001,6,organ,1,electronic,51,127,16000,dark
36.968605,11.650264,string_acoustic_014-040-075,string_acoustic_014-040-075,/root/autodl-tmp/tokenizer-eval/data/nsynth/nsynth-valid/audio/string_acoustic_014-040-075.wav,100,string_acoustic_014,8,string,0,acoustic,40,75,16000,dark|reverb
-44.938404,-49.840736,brass_acoustic_016-062-075,brass_acoustic_016-062-075,/root/autodl-tmp/tokenizer-eval/data/nsynth/nsynth-valid/audio/brass_acoustic_016-062-075.wav,128,brass_acoustic_016,1,brass,0,acoustic,62,75,16000,bright
-34.49375,40.83892,flute_acoustic_002-073-075,flute_acoustic_002-073-075,/root/autodl-tmp/tokenizer-eval/data/nsynth/nsynth-valid/audio/flute_acoustic_002-073-075.wav,86,flute_acoustic_002,2,flute,0,acoustic,73,75,16000,long_release|reverb
6.67436,16.35391,bass_synthetic_098-093-050,bass_synthetic_098-093-050,/root/autodl-tmp/tokenizer-eval/data/nsynth/nsynth-valid/audio/bass_synthetic_098-093-050.wav,803,bass_synthetic_098,0,bass,2,synthetic,93,50,16000,
33.00902,53.086014,vocal_synthetic_003-033-025,vocal_synthetic_003-033-025,/root/autodl-tmp/tokenizer-eval/data/nsynth/nsynth-valid/audio/vocal_synthetic_003-033-025.wav,37,vocal_synthetic_003,10,vocal,2,synthetic,33,25,16000,distortion|long_release|nonlinear_env
-11.068991,22.6915,guitar_acoustic_015-032-025,guitar_acoustic_015-032-025,/root/autodl-tmp/tokenizer-eval/data/nsynth/nsynth-valid/audio/guitar_acoustic_015-032-025.wav,316,guitar_acoustic_015,3,guitar,0,acoustic,32,25,16000,reverb
50.337498,-58.60715,reed_acoustic_023-089-100,reed_acoustic_023-089-100,/root/autodl-tmp/tokenizer-eval/data/nsynth/nsynth-valid/audio/reed_acoustic_023-089-100.wav,224,reed_acoustic_023,7,reed,0,acoustic,89,100,16000,fast_decay|multiphonic|nonlinear_env
-85.78875,-1.4452909,brass_acoustic_046-094-025,brass_acoustic_046-094-025,/root/autodl-tmp/tokenizer-eval/data/nsynth/nsynth-valid/audio/brass_acoustic_046-094-025.wav,414,brass_acoustic_046,1,brass,0,acoustic,94,25,16000,long_release
24.878326,-5.8079114,guitar_electronic_028-035-025,guitar_electronic_028-035-025,/root/autodl-tmp/tokenizer-eval/data/nsynth/nsynth-valid/audio/guitar_electronic_028-035-025.wav,510,guitar_electronic_028,3,guitar,1,electronic,35,25,16000,dark
58.720722,-41.99094,reed_acoustic_023-064-100,reed_acoustic_023-064-100,/root/autodl-tmp/tokenizer-eval/data/nsynth/nsynth-valid/audio/reed_acoustic_023-064-100.wav,224,reed_acoustic_023,7,reed,0,acoustic,64,100,16000,bright|fast_decay|multiphonic|nonlinear_env
-10.731478,-46.899136,vocal_synthetic_003-069-100,vocal_synthetic_003-069-100,/root/autodl-tmp/tokenizer-eval/data/nsynth/nsynth-valid/audio/vocal_synthetic_003-069-100.wav,37,vocal_synthetic_003,10,vocal,2,synthetic,69,100,16000,bright|distortion|long_release|nonlinear_env
53.612038,3.720577,string_acoustic_056-067-100,string_acoustic_056-067-100,/root/autodl-tmp/tokenizer-eval/data/nsynth/nsynth-valid/audio/string_acoustic_056-067-100.wav,436,string_acoustic_056,8,string,0,acoustic,67,100,16000,fast_decay|percussive|reverb
55.71303,-55.6538,keyboard_synthetic_000-091-127,keyboard_synthetic_000-091-127,/root/autodl-tmp/tokenizer-eval/data/nsynth/nsynth-valid/audio/keyboard_synthetic_000-091-127.wav,577,keyboard_synthetic_000,4,keyboard,2,synthetic,91,127,16000,bright|distortion|fast_decay|nonlinear_env
-5.7512527,79.45787,guitar_electronic_022-075-075,guitar_electronic_022-075-075,/root/autodl-tmp/tokenizer-eval/data/nsynth/nsynth-valid/audio/guitar_electronic_022-075-075.wav,378,guitar_electronic_022,3,guitar,1,electronic,75,75,16000,
-48.091515,-42.422348,organ_electronic_007-079-050,organ_electronic_007-079-050,/root/autodl-tmp/tokenizer-eval/data/nsynth/nsynth-valid/audio/organ_electronic_007-079-050.wav,123,organ_electronic_007,6,organ,1,electronic,79,50,16000,bright|distortion|long_release|nonlinear_env
-13.625421,15.5476675,reed_acoustic_011-036-050,reed_acoustic_011-036-050,/root/autodl-tmp/tokenizer-eval/data/nsynth/nsynth-valid/audio/reed_acoustic_011-036-050.wav,104,reed_acoustic_011,7,reed,0,acoustic,36,50,16000,
-6.978121,-20.615023,string_acoustic_057-055-075,string_acoustic_057-055-075,/root/autodl-tmp/tokenizer-eval/data/nsynth/nsynth-valid/audio/string_acoustic_057-055-075.wav,450,string_acoustic_057,8,string,0,acoustic,55,75,16000,nonlinear_env|reverb
20.507809,-15.135341,organ_electronic_001-040-025,organ_electronic_001-040-025,/root/autodl-tmp/tokenizer-eval/data/nsynth/nsynth-valid/audio/organ_electronic_001-040-025.wav,8,organ_electronic_001,6,organ,1,electronic,40,25,16000,dark
-16.353357,-59.629322,flute_acoustic_002-071-025,flute_acoustic_002-071-025,/root/autodl-tmp/tokenizer-eval/data/nsynth/nsynth-valid/audio/flute_acoustic_002-071-025.wav,86,flute_acoustic_002,2,flute,0,acoustic,71,25,16000,long_release|reverb
-61.73665,37.05229,organ_electronic_028-082-075,organ_electronic_028-082-075,/root/autodl-tmp/tokenizer-eval/data/nsynth/nsynth-valid/audio/organ_electronic_028-082-075.wav,440,organ_electronic_028,6,organ,1,electronic,82,75,16000,
-25.941559,56.529274,string_acoustic_057-092-025,string_acoustic_057-092-025,/root/autodl-tmp/tokenizer-eval/data/nsynth/nsynth-valid/audio/string_acoustic_057-092-025.wav,450,string_acoustic_057,8,string,0,acoustic,92,25,16000,bright|nonlinear_env|reverb
-56.969376,-11.147634,flute_acoustic_002-084-100,flute_acoustic_002-084-100,/root/autodl-tmp/tokenizer-eval/data/nsynth/nsynth-valid/audio/flute_acoustic_002-084-100.wav,86,flute_acoustic_002,2,flute,0,acoustic,84,100,16000,long_release|reverb
-12.681348,84.14412,reed_acoustic_037-075-100,reed_acoustic_037-075-100,/root/autodl-tmp/tokenizer-eval/data/nsynth/nsynth-valid/audio/reed_acoustic_037-075-100.wav,387,reed_acoustic_037,7,reed,0,acoustic,75,100,16000,reverb
15.187551,-47.03731,keyboard_electronic_098-057-100,keyboard_electronic_098-057-100,/root/autodl-tmp/tokenizer-eval/data/nsynth/nsynth-valid/audio/keyboard_electronic_098-057-100.wav,905,keyboard_electronic_098,4,keyboard,1,electronic,57,100,16000,dark
21.145586,-16.316124,organ_electronic_104-059-127,organ_electronic_104-059-127,/root/autodl-tmp/tokenizer-eval/data/nsynth/nsynth-valid/audio/organ_electronic_104-059-127.wav,921,organ_electronic_104,6,organ,1,electronic,59,127,16000,
-67.34893,7.9162173,vocal_synthetic_003-042-075,vocal_synthetic_003-042-075,/root/autodl-tmp/tokenizer-eval/data/nsynth/nsynth-valid/audio/vocal_synthetic_003-042-075.wav,37,vocal_synthetic_003,10,vocal,2,synthetic,42,75,16000,distortion|long_release|nonlinear_env
62.725063,-28.427534,keyboard_electronic_098-094-025,keyboard_electronic_098-094-025,/root/autodl-tmp/tokenizer-eval/data/nsynth/nsynth-valid/audio/keyboard_electronic_098-094-025.wav,905,keyboard_electronic_098,4,keyboard,1,electronic,94,25,16000,fast_decay|percussive
36.854694,20.50726,guitar_electronic_022-050-050,guitar_electronic_022-050-050,/root/autodl-tmp/tokenizer-eval/data/nsynth/nsynth-valid/audio/guitar_electronic_022-050-050.wav,378,guitar_electronic_022,3,guitar,1,electronic,50,50,16000,dark
-37.367058,48.364548,vocal_synthetic_003-061-127,vocal_synthetic_003-061-127,/root/autodl-tmp/tokenizer-eval/data/nsynth/nsynth-valid/audio/vocal_synthetic_003-061-127.wav,37,vocal_synthetic_003,10,vocal,2,synthetic,61,127,16000,bright|distortion|long_release|nonlinear_env
-11.672535,79.32772,string_acoustic_057-063-025,string_acoustic_057-063-025,/root/autodl-tmp/tokenizer-eval/data/nsynth/nsynth-valid/audio/string_acoustic_057-063-025.wav,450,string_acoustic_057,8,string,0,acoustic,63,25,16000,bright|nonlinear_env|reverb
60.117973,-25.618559,keyboard_electronic_098-093-100,keyboard_electronic_098-093-100,/root/autodl-tmp/tokenizer-eval/data/nsynth/nsynth-valid/audio/keyboard_electronic_098-093-100.wav,905,keyboard_electronic_098,4,keyboard,1,electronic,93,100,16000,fast_decay|percussive
12.0478735,-31.62908,organ_electronic_057-078-025,organ_electronic_057-078-025,/root/autodl-tmp/tokenizer-eval/data/nsynth/nsynth-valid/audio/organ_electronic_057-078-025.wav,701,organ_electronic_057,6,organ,1,electronic,78,25,16000,
-65.69166,33.42031,reed_acoustic_018-082-100,reed_acoustic_018-082-100,/root/autodl-tmp/tokenizer-eval/data/nsynth/nsynth-valid/audio/reed_acoustic_018-082-100.wav,183,reed_acoustic_018,7,reed,0,acoustic,82,100,16000,
77.952896,-23.78136,mallet_acoustic_047-074-050,mallet_acoustic_047-074-050,/root/autodl-tmp/tokenizer-eval/data/nsynth/nsynth-valid/audio/mallet_acoustic_047-074-050.wav,488,mallet_acoustic_047,5,mallet,0,acoustic,74,50,16000,fast_decay|percussive|reverb
-84.32814,-1.9176328,brass_acoustic_046-091-100,brass_acoustic_046-091-100,/root/autodl-tmp/tokenizer-eval/data/nsynth/nsynth-valid/audio/brass_acoustic_046-091-100.wav,414,brass_acoustic_046,1,brass,0,acoustic,91,100,16000,long_release
30.479336,27.432316,mallet_acoustic_062-035-050,mallet_acoustic_062-035-050,/root/autodl-tmp/tokenizer-eval/data/nsynth/nsynth-valid/audio/mallet_acoustic_062-035-050.wav,644,mallet_acoustic_062,5,mallet,0,acoustic,35,50,16000,dark|multiphonic
-55.903908,34.340954,organ_electronic_007-046-050,organ_electronic_007-046-050,/root/autodl-tmp/tokenizer-eval/data/nsynth/nsynth-valid/audio/organ_electronic_007-046-050.wav,123,organ_electronic_007,6,organ,1,electronic,46,50,16000,distortion|long_release|nonlinear_env
-3.6089058,40.001717,string_acoustic_071-043-100,string_acoustic_071-043-100,/root/autodl-tmp/tokenizer-eval/data/nsynth/nsynth-valid/audio/string_acoustic_071-043-100.wav,609,string_acoustic_071,8,string,0,acoustic,43,100,16000,reverb
-3.9972005,74.87799,guitar_acoustic_014-075-075,guitar_acoustic_014-075-075,/root/autodl-tmp/tokenizer-eval/data/nsynth/nsynth-valid/audio/guitar_acoustic_014-075-075.wav,263,guitar_acoustic_014,3,guitar,0,acoustic,75,75,16000,
11.042456,-21.883354,keyboard_electronic_002-042-100,keyboard_electronic_002-042-100,/root/autodl-tmp/tokenizer-eval/data/nsynth/nsynth-valid/audio/keyboard_electronic_002-042-100.wav,50,keyboard_electronic_002,4,keyboard,1,electronic,42,100,16000,distortion
7.5941296,-48.446846,vocal_acoustic_000-069-025,vocal_acoustic_000-069-025,/root/autodl-tmp/tokenizer-eval/data/nsynth/nsynth-valid/audio/vocal_acoustic_000-069-025.wav,46,vocal_acoustic_000,10,vocal,0,acoustic,69,25,16000,reverb
-4.7714934,-81.281494,guitar_acoustic_010-088-050,guitar_acoustic_010-088-050,/root/autodl-tmp/tokenizer-eval/data/nsynth/nsynth-valid/audio/guitar_acoustic_010-088-050.wav,219,guitar_acoustic_010,3,guitar,0,acoustic,88,50,16000,
15.561801,-26.992605,flute_synthetic_000-078-050,flute_synthetic_000-078-050,/root/autodl-tmp/tokenizer-eval/data/nsynth/nsynth-valid/audio/flute_synthetic_000-078-050.wav,82,flute_synthetic_000,2,flute,2,synthetic,78,50,16000,distortion
46.402973,-18.333647,string_acoustic_056-058-075,string_acoustic_056-058-075,/root/autodl-tmp/tokenizer-eval/data/nsynth/nsynth-valid/audio/string_acoustic_056-058-075.wav,436,string_acoustic_056,8,string,0,acoustic,58,75,16000,fast_decay|percussive|reverb
40.120075,-1.2998667,keyboard_acoustic_004-068-050,keyboard_acoustic_004-068-050,/root/autodl-tmp/tokenizer-eval/data/nsynth/nsynth-valid/audio/keyboard_acoustic_004-068-050.wav,327,keyboard_acoustic_004,4,keyboard,0,acoustic,68,50,16000,dark|reverb
52.829235,-5.4881215,string_acoustic_056-064-127,string_acoustic_056-064-127,/root/autodl-tmp/tokenizer-eval/data/nsynth/nsynth-valid/audio/string_acoustic_056-064-127.wav,436,string_acoustic_056,8,string,0,acoustic,64,127,16000,fast_decay|reverb
33.437366,-42.42845,mallet_acoustic_062-091-127,mallet_acoustic_062-091-127,/root/autodl-tmp/tokenizer-eval/data/nsynth/nsynth-valid/audio/mallet_acoustic_062-091-127.wav,644,mallet_acoustic_062,5,mallet,0,acoustic,91,127,16000,multiphonic
-73.07854,32.30941,string_acoustic_057-094-127,string_acoustic_057-094-127,/root/autodl-tmp/tokenizer-eval/data/nsynth/nsynth-valid/audio/string_acoustic_057-094-127.wav,450,string_acoustic_057,8,string,0,acoustic,94,127,16000,nonlinear_env|reverb
-28.69053,-6.1405897,guitar_electronic_028-091-050,guitar_electronic_028-091-050,/root/autodl-tmp/tokenizer-eval/data/nsynth/nsynth-valid/audio/guitar_electronic_028-091-050.wav,510,guitar_electronic_028,3,guitar,1,electronic,91,50,16000,
-35.09816,33.60751,organ_electronic_057-061-075,organ_electronic_057-061-075,/root/autodl-tmp/tokenizer-eval/data/nsynth/nsynth-valid/audio/organ_electronic_057-061-075.wav,701,organ_electronic_057,6,organ,1,electronic,61,75,16000,dark
-13.920519,-44.005238,vocal_synthetic_003-093-100,vocal_synthetic_003-093-100,/root/autodl-tmp/tokenizer-eval/data/nsynth/nsynth-valid/audio/vocal_synthetic_003-093-100.wav,37,vocal_synthetic_003,10,vocal,2,synthetic,93,100,16000,bright|distortion|long_release|nonlinear_env
45.88066,-2.16716,string_acoustic_056-068-100,string_acoustic_056-068-100,/root/autodl-tmp/tokenizer-eval/data/nsynth/nsynth-valid/audio/string_acoustic_056-068-100.wav,436,string_acoustic_056,8,string,0,acoustic,68,100,16000,fast_decay|percussive|reverb
7.7378716,-0.7930484,flute_synthetic_000-042-075,flute_synthetic_000-042-075,/root/autodl-tmp/tokenizer-eval/data/nsynth/nsynth-valid/audio/flute_synthetic_000-042-075.wav,82,flute_synthetic_000,2,flute,2,synthetic,42,75,16000,distortion
-14.802496,0.5040594,mallet_acoustic_062-072-127,mallet_acoustic_062-072-127,/root/autodl-tmp/tokenizer-eval/data/nsynth/nsynth-valid/audio/mallet_acoustic_062-072-127.wav,644,mallet_acoustic_062,5,mallet,0,acoustic,72,127,16000,dark|multiphonic
-43.856598,-19.398293,vocal_synthetic_003-041-050,vocal_synthetic_003-041-050,/root/autodl-tmp/tokenizer-eval/data/nsynth/nsynth-valid/audio/vocal_synthetic_003-041-050.wav,37,vocal_synthetic_003,10,vocal,2,synthetic,41,50,16000,distortion|long_release|nonlinear_env
-41.70929,46.981606,vocal_synthetic_003-085-075,vocal_synthetic_003-085-075,/root/autodl-tmp/tokenizer-eval/data/nsynth/nsynth-valid/audio/vocal_synthetic_003-085-075.wav,37,vocal_synthetic_003,10,vocal,2,synthetic,85,75,16000,bright|distortion|long_release|nonlinear_env
-10.199579,84.458855,reed_acoustic_018-075-050,reed_acoustic_018-075-050,/root/autodl-tmp/tokenizer-eval/data/nsynth/nsynth-valid/audio/reed_acoustic_018-075-050.wav,183,reed_acoustic_018,7,reed,0,acoustic,75,50,16000,
42.01935,-31.2382,keyboard_electronic_078-087-127,keyboard_electronic_078-087-127,/root/autodl-tmp/tokenizer-eval/data/nsynth/nsynth-valid/audio/keyboard_electronic_078-087-127.wav,838,keyboard_electronic_078,4,keyboard,1,electronic,87,127,16000,fast_decay
18.12045,42.674698,string_acoustic_071-036-100,string_acoustic_071-036-100,/root/autodl-tmp/tokenizer-eval/data/nsynth/nsynth-valid/audio/string_acoustic_071-036-100.wav,609,string_acoustic_071,8,string,0,acoustic,36,100,16000,long_release|reverb
40.297108,34.097183,keyboard_electronic_069-031-075,keyboard_electronic_069-031-075,/root/autodl-tmp/tokenizer-eval/data/nsynth/nsynth-valid/audio/keyboard_electronic_069-031-075.wav,805,keyboard_electronic_069,4,keyboard,1,electronic,31,75,16000,distortion
-6.4165006,-41.393948,string_acoustic_057-093-025,string_acoustic_057-093-025,/root/autodl-tmp/tokenizer-eval/data/nsynth/nsynth-valid/audio/string_acoustic_057-093-025.wav,450,string_acoustic_057,8,string,0,acoustic,93,25,16000,bright|nonlinear_env|reverb
24.218006,26.864868,bass_electronic_025-037-100,bass_electronic_025-037-100,/root/autodl-tmp/tokenizer-eval/data/nsynth/nsynth-valid/audio/bass_electronic_025-037-100.wav,872,bass_electronic_025,0,bass,1,electronic,37,100,16000,
-74.78964,6.4001217,vocal_synthetic_003-052-127,vocal_synthetic_003-052-127,/root/autodl-tmp/tokenizer-eval/data/nsynth/nsynth-valid/audio/vocal_synthetic_003-052-127.wav,37,vocal_synthetic_003,10,vocal,2,synthetic,52,127,16000,bright|distortion|long_release|nonlinear_env
46.58326,-45.304073,reed_acoustic_023-066-075,reed_acoustic_023-066-075,/root/autodl-tmp/tokenizer-eval/data/nsynth/nsynth-valid/audio/reed_acoustic_023-066-075.wav,224,reed_acoustic_023,7,reed,0,acoustic,66,75,16000,bright|fast_decay|multiphonic|nonlinear_env
11.163807,76.79904,organ_electronic_057-039-025,organ_electronic_057-039-025,/root/autodl-tmp/tokenizer-eval/data/nsynth/nsynth-valid/audio/organ_electronic_057-039-025.wav,701,organ_electronic_057,6,organ,1,electronic,39,25,16000,dark
-19.300472,89.40645,vocal_synthetic_003-075-100,vocal_synthetic_003-075-100,/root/autodl-tmp/tokenizer-eval/data/nsynth/nsynth-valid/audio/vocal_synthetic_003-075-100.wav,37,vocal_synthetic_003,10,vocal,2,synthetic,75,100,16000,bright|distortion|long_release|nonlinear_env
-1.1695734,-45.573544,flute_acoustic_002-081-050,flute_acoustic_002-081-050,/root/autodl-tmp/tokenizer-eval/data/nsynth/nsynth-valid/audio/flute_acoustic_002-081-050.wav,86,flute_acoustic_002,2,flute,0,acoustic,81,50,16000,reverb
38.13671,-7.3605766,guitar_acoustic_015-061-025,guitar_acoustic_015-061-025,/root/autodl-tmp/tokenizer-eval/data/nsynth/nsynth-valid/audio/guitar_acoustic_015-061-025.wav,316,guitar_acoustic_015,3,guitar,0,acoustic,61,25,16000,reverb
-36.556805,-17.82245,reed_acoustic_011-053-127,reed_acoustic_011-053-127,/root/autodl-tmp/tokenizer-eval/data/nsynth/nsynth-valid/audio/reed_acoustic_011-053-127.wav,104,reed_acoustic_011,7,reed,0,acoustic,53,127,16000,bright
-53.896984,37.64295,organ_electronic_001-039-100,organ_electronic_001-039-100,/root/autodl-tmp/tokenizer-eval/data/nsynth/nsynth-valid/audio/organ_electronic_001-039-100.wav,8,organ_electronic_001,6,organ,1,electronic,39,100,16000,dark
33.10417,-1.7615134,string_acoustic_014-059-025,string_acoustic_014-059-025,/root/autodl-tmp/tokenizer-eval/data/nsynth/nsynth-valid/audio/string_acoustic_014-059-025.wav,100,string_acoustic_014,8,string,0,acoustic,59,25,16000,dark|reverb
-10.249192,2.591595,keyboard_electronic_001-060-050,keyboard_electronic_001-060-050,/root/autodl-tmp/tokenizer-eval/data/nsynth/nsynth-valid/audio/keyboard_electronic_001-060-050.wav,40,keyboard_electronic_001,4,keyboard,1,electronic,60,50,16000,dark
-40.63533,-30.772333,organ_electronic_001-089-050,organ_electronic_001-089-050,/root/autodl-tmp/tokenizer-eval/data/nsynth/nsynth-valid/audio/organ_electronic_001-089-050.wav,8,organ_electronic_001,6,organ,1,electronic,89,50,16000,
20.115973,33.14063,organ_electronic_057-035-075,organ_electronic_057-035-075,/root/autodl-tmp/tokenizer-eval/data/nsynth/nsynth-valid/audio/organ_electronic_057-035-075.wav,701,organ_electronic_057,6,organ,1,electronic,35,75,16000,dark
-48.21802,-49.1491,brass_acoustic_016-061-100,brass_acoustic_016-061-100,/root/autodl-tmp/tokenizer-eval/data/nsynth/nsynth-valid/audio/brass_acoustic_016-061-100.wav,128,brass_acoustic_016,1,brass,0,acoustic,61,100,16000,bright
-32.202282,-56.94911,vocal_synthetic_003-090-100,vocal_synthetic_003-090-100,/root/autodl-tmp/tokenizer-eval/data/nsynth/nsynth-valid/audio/vocal_synthetic_003-090-100.wav,37,vocal_synthetic_003,10,vocal,2,synthetic,90,100,16000,bright|distortion|long_release|nonlinear_env
24.796822,22.386559,keyboard_electronic_069-049-025,keyboard_electronic_069-049-025,/root/autodl-tmp/tokenizer-eval/data/nsynth/nsynth-valid/audio/keyboard_electronic_069-049-025.wav,805,keyboard_electronic_069,4,keyboard,1,electronic,49,25,16000,distortion
-43.809048,-19.419165,vocal_synthetic_003-041-025,vocal_synthetic_003-041-025,/root/autodl-tmp/tokenizer-eval/data/nsynth/nsynth-valid/audio/vocal_synthetic_003-041-025.wav,37,vocal_synthetic_003,10,vocal,2,synthetic,41,25,16000,distortion|long_release|nonlinear_env
62.55109,-19.975584,mallet_acoustic_062-080-025,mallet_acoustic_062-080-025,/root/autodl-tmp/tokenizer-eval/data/nsynth/nsynth-valid/audio/mallet_acoustic_062-080-025.wav,644,mallet_acoustic_062,5,mallet,0,acoustic,80,25,16000,fast_decay|multiphonic|percussive
-41.099045,-35.979008,string_acoustic_057-089-100,string_acoustic_057-089-100,/root/autodl-tmp/tokenizer-eval/data/nsynth/nsynth-valid/audio/string_acoustic_057-089-100.wav,450,string_acoustic_057,8,string,0,acoustic,89,100,16000,nonlinear_env|reverb
41.462135,-18.225208,keyboard_synthetic_000-070-050,keyboard_synthetic_000-070-050,/root/autodl-tmp/tokenizer-eval/data/nsynth/nsynth-valid/audio/keyboard_synthetic_000-070-050.wav,577,keyboard_synthetic_000,4,keyboard,2,synthetic,70,50,16000,distortion|fast_decay|nonlinear_env
-68.06058,10.157993,vocal_synthetic_003-049-100,vocal_synthetic_003-049-100,/root/autodl-tmp/tokenizer-eval/data/nsynth/nsynth-valid/audio/vocal_synthetic_003-049-100.wav,37,vocal_synthetic_003,10,vocal,2,synthetic,49,100,16000,bright|distortion|long_release|nonlinear_env
7.742932,-9.129603,organ_electronic_104-035-100,organ_electronic_104-035-100,/root/autodl-tmp/tokenizer-eval/data/nsynth/nsynth-valid/audio/organ_electronic_104-035-100.wav,921,organ_electronic_104,6,organ,1,electronic,35,100,16000,
40.3511,-31.314688,keyboard_electronic_069-087-025,keyboard_electronic_069-087-025,/root/autodl-tmp/tokenizer-eval/data/nsynth/nsynth-valid/audio/keyboard_electronic_069-087-025.wav,805,keyboard_electronic_069,4,keyboard,1,electronic,87,25,16000,
52.955944,-44.482677,reed_acoustic_023-048-075,reed_acoustic_023-048-075,/root/autodl-tmp/tokenizer-eval/data/nsynth/nsynth-valid/audio/reed_acoustic_023-048-075.wav,224,reed_acoustic_023,7,reed,0,acoustic,48,75,16000,bright|fast_decay|multiphonic|nonlinear_env
23.932383,66.51546,organ_electronic_057-038-050,organ_electronic_057-038-050,/root/autodl-tmp/tokenizer-eval/data/nsynth/nsynth-valid/audio/organ_electronic_057-038-050.wav,701,organ_electronic_057,6,organ,1,electronic,38,50,16000,dark
-38.909275,6.4200187,string_acoustic_012-055-075,string_acoustic_012-055-075,/root/autodl-tmp/tokenizer-eval/data/nsynth/nsynth-valid/audio/string_acoustic_012-055-075.wav,97,string_acoustic_012,8,string,0,acoustic,55,75,16000,long_release|reverb
44.372765,22.157145,string_acoustic_014-057-075,string_acoustic_014-057-075,/root/autodl-tmp/tokenizer-eval/data/nsynth/nsynth-valid/audio/string_acoustic_014-057-075.wav,100,string_acoustic_014,8,string,0,acoustic,57,75,16000,dark|reverb
-16.433851,-33.64671,vocal_synthetic_003-086-127,vocal_synthetic_003-086-127,/root/autodl-tmp/tokenizer-eval/data/nsynth/nsynth-valid/audio/vocal_synthetic_003-086-127.wav,37,vocal_synthetic_003,10,vocal,2,synthetic,86,127,16000,bright|distortion|long_release|nonlinear_env
-5.8356557,-74.27823,vocal_acoustic_000-064-100,vocal_acoustic_000-064-100,/root/autodl-tmp/tokenizer-eval/data/nsynth/nsynth-valid/audio/vocal_acoustic_000-064-100.wav,46,vocal_acoustic_000,10,vocal,0,acoustic,64,100,16000,reverb
-67.69183,12.630388,vocal_synthetic_003-044-075,vocal_synthetic_003-044-075,/root/autodl-tmp/tokenizer-eval/data/nsynth/nsynth-valid/audio/vocal_synthetic_003-044-075.wav,37,vocal_synthetic_003,10,vocal,2,synthetic,44,75,16000,distortion|long_release|nonlinear_env
15.34539,-6.075342,brass_acoustic_015-042-025,brass_acoustic_015-042-025,/root/autodl-tmp/tokenizer-eval/data/nsynth/nsynth-valid/audio/brass_acoustic_015-042-025.wav,121,brass_acoustic_015,1,brass,0,acoustic,42,25,16000,reverb
72.70706,-24.125547,mallet_acoustic_047-088-050,mallet_acoustic_047-088-050,/root/autodl-tmp/tokenizer-eval/data/nsynth/nsynth-valid/audio/mallet_acoustic_047-088-050.wav,488,mallet_acoustic_047,5,mallet,0,acoustic,88,50,16000,fast_decay|percussive|reverb
-66.60709,3.8048875,vocal_synthetic_003-040-075,vocal_synthetic_003-040-075,/root/autodl-tmp/tokenizer-eval/data/nsynth/nsynth-valid/audio/vocal_synthetic_003-040-075.wav,37,vocal_synthetic_003,10,vocal,2,synthetic,40,75,16000,distortion|long_release|nonlinear_env
-39.899956,47.813602,bass_synthetic_009-073-100,bass_synthetic_009-073-100,/root/autodl-tmp/tokenizer-eval/data/nsynth/nsynth-valid/audio/bass_synthetic_009-073-100.wav,150,bass_synthetic_009,0,bass,2,synthetic,73,100,16000,bright|distortion|long_release
34.91104,-44.56441,mallet_acoustic_062-094-127,mallet_acoustic_062-094-127,/root/autodl-tmp/tokenizer-eval/data/nsynth/nsynth-valid/audio/mallet_acoustic_062-094-127.wav,644,mallet_acoustic_062,5,mallet,0,acoustic,94,127,16000,multiphonic
0.47190756,38.792618,string_acoustic_071-031-025,string_acoustic_071-031-025,/root/autodl-tmp/tokenizer-eval/data/nsynth/nsynth-valid/audio/string_acoustic_071-031-025.wav,609,string_acoustic_071,8,string,0,acoustic,31,25,16000,reverb
-34.120354,-6.1263876,organ_electronic_028-091-075,organ_electronic_028-091-075,/root/autodl-tmp/tokenizer-eval/data/nsynth/nsynth-valid/audio/organ_electronic_028-091-075.wav,440,organ_electronic_028,6,organ,1,electronic,91,75,16000,
-36.124306,11.743568,organ_electronic_104-055-025,organ_electronic_104-055-025,/root/autodl-tmp/tokenizer-eval/data/nsynth/nsynth-valid/audio/organ_electronic_104-055-025.wav,921,organ_electronic_104,6,organ,1,electronic,55,25,16000,
-19.151268,-74.37282,vocal_synthetic_003-064-100,vocal_synthetic_003-064-100,/root/autodl-tmp/tokenizer-eval/data/nsynth/nsynth-valid/audio/vocal_synthetic_003-064-100.wav,37,vocal_synthetic_003,10,vocal,2,synthetic,64,100,16000,bright|distortion|long_release|nonlinear_env
-24.616364,36.86016,reed_acoustic_037-037-025,reed_acoustic_037-037-025,/root/autodl-tmp/tokenizer-eval/data/nsynth/nsynth-valid/audio/reed_acoustic_037-037-025.wav,387,reed_acoustic_037,7,reed,0,acoustic,37,25,16000,reverb
28.161732,3.6091094,bass_synthetic_134-046-100,bass_synthetic_134-046-100,/root/autodl-tmp/tokenizer-eval/data/nsynth/nsynth-valid/audio/bass_synthetic_134-046-100.wav,914,bass_synthetic_134,0,bass,2,synthetic,46,100,16000,dark|reverb
46.02718,19.36594,keyboard_synthetic_000-050-127,keyboard_synthetic_000-050-127,/root/autodl-tmp/tokenizer-eval/data/nsynth/nsynth-valid/audio/keyboard_synthetic_000-050-127.wav,577,keyboard_synthetic_000,4,keyboard,2,synthetic,50,127,16000,bright|distortion|fast_decay|nonlinear_env
-9.926351,-19.538551,string_acoustic_057-062-025,string_acoustic_057-062-025,/root/autodl-tmp/tokenizer-eval/data/nsynth/nsynth-valid/audio/string_acoustic_057-062-025.wav,450,string_acoustic_057,8,string,0,acoustic,62,25,16000,bright|nonlinear_env|reverb
68.08689,-5.290589,mallet_acoustic_056-064-075,mallet_acoustic_056-064-075,/root/autodl-tmp/tokenizer-eval/data/nsynth/nsynth-valid/audio/mallet_acoustic_056-064-075.wav,590,mallet_acoustic_056,5,mallet,0,acoustic,64,75,16000,fast_decay
15.731163,-11.238747,string_acoustic_071-047-127,string_acoustic_071-047-127,/root/autodl-tmp/tokenizer-eval/data/nsynth/nsynth-valid/audio/string_acoustic_071-047-127.wav,609,string_acoustic_071,8,string,0,acoustic,47,127,16000,long_release|reverb
-4.5312824,71.0976,guitar_electronic_028-051-127,guitar_electronic_028-051-127,/root/autodl-tmp/tokenizer-eval/data/nsynth/nsynth-valid/audio/guitar_electronic_028-051-127.wav,510,guitar_electronic_028,3,guitar,1,electronic,51,127,16000,
-9.822409,-31.926897,string_acoustic_057-086-075,string_acoustic_057-086-075,/root/autodl-tmp/tokenizer-eval/data/nsynth/nsynth-valid/audio/string_acoustic_057-086-075.wav,450,string_acoustic_057,8,string,0,acoustic,86,75,16000,nonlinear_env|reverb
-56.10616,28.516806,bass_synthetic_135-070-100,bass_synthetic_135-070-100,/root/autodl-tmp/tokenizer-eval/data/nsynth/nsynth-valid/audio/bass_synthetic_135-070-100.wav,927,bass_synthetic_135,0,bass,2,synthetic,70,100,16000,distortion
-34.046867,-30.257324,flute_synthetic_000-089-100,flute_synthetic_000-089-100,/root/autodl-tmp/tokenizer-eval/data/nsynth/nsynth-valid/audio/flute_synthetic_000-089-100.wav,82,flute_synthetic_000,2,flute,2,synthetic,89,100,16000,distortion
33.105255,-1.7645469,string_acoustic_014-059-100,string_acoustic_014-059-100,/root/autodl-tmp/tokenizer-eval/data/nsynth/nsynth-valid/audio/string_acoustic_014-059-100.wav,100,string_acoustic_014,8,string,0,acoustic,59,100,16000,dark|reverb
-14.525051,26.371044,brass_acoustic_059-031-075,brass_acoustic_059-031-075,/root/autodl-tmp/tokenizer-eval/data/nsynth/nsynth-valid/audio/brass_acoustic_059-031-075.wav,572,brass_acoustic_059,1,brass,0,acoustic,31,75,16000,bright|reverb
-31.53395,41.975197,organ_electronic_057-073-025,organ_electronic_057-073-025,/root/autodl-tmp/tokenizer-eval/data/nsynth/nsynth-valid/audio/organ_electronic_057-073-025.wav,701,organ_electronic_057,6,organ,1,electronic,73,25,16000,
-14.739086,-60.31324,reed_acoustic_037-071-075,reed_acoustic_037-071-075,/root/autodl-tmp/tokenizer-eval/data/nsynth/nsynth-valid/audio/reed_acoustic_037-071-075.wav,387,reed_acoustic_037,7,reed,0,acoustic,71,75,16000,reverb
-71.8406,11.77376,vocal_synthetic_003-046-075,vocal_synthetic_003-046-075,/root/autodl-tmp/tokenizer-eval/data/nsynth/nsynth-valid/audio/vocal_synthetic_003-046-075.wav,37,vocal_synthetic_003,10,vocal,2,synthetic,46,75,16000,distortion|long_release|nonlinear_env
8.831637,-4.5281687,bass_electronic_025-042-075,bass_electronic_025-042-075,/root/autodl-tmp/tokenizer-eval/data/nsynth/nsynth-valid/audio/bass_electronic_025-042-075.wav,872,bass_electronic_025,0,bass,1,electronic,42,75,16000,
-15.104793,26.714275,brass_acoustic_059-031-025,brass_acoustic_059-031-025,/root/autodl-tmp/tokenizer-eval/data/nsynth/nsynth-valid/audio/brass_acoustic_059-031-025.wav,572,brass_acoustic_059,1,brass,0,acoustic,31,25,16000,reverb
37.642532,17.058033,mallet_acoustic_062-038-075,mallet_acoustic_062-038-075,/root/autodl-tmp/tokenizer-eval/data/nsynth/nsynth-valid/audio/mallet_acoustic_062-038-075.wav,644,mallet_acoustic_062,5,mallet,0,acoustic,38,75,16000,dark|multiphonic
-41.333584,-48.70255,brass_acoustic_016-076-100,brass_acoustic_016-076-100,/root/autodl-tmp/tokenizer-eval/data/nsynth/nsynth-valid/audio/brass_acoustic_016-076-100.wav,128,brass_acoustic_016,1,brass,0,acoustic,76,100,16000,bright
12.647143,38.90069,guitar_acoustic_014-049-100,guitar_acoustic_014-049-100,/root/autodl-tmp/tokenizer-eval/data/nsynth/nsynth-valid/audio/guitar_acoustic_014-049-100.wav,263,guitar_acoustic_014,3,guitar,0,acoustic,49,100,16000,
-14.111719,-13.6485195,reed_acoustic_011-038-025,reed_acoustic_011-038-025,/root/autodl-tmp/tokenizer-eval/data/nsynth/nsynth-valid/audio/reed_acoustic_011-038-025.wav,104,reed_acoustic_011,7,reed,0,acoustic,38,25,16000,
7.301423,49.4893,guitar_acoustic_021-032-100,guitar_acoustic_021-032-100,/root/autodl-tmp/tokenizer-eval/data/nsynth/nsynth-valid/audio/guitar_acoustic_021-032-100.wav,457,guitar_acoustic_021,3,guitar,0,acoustic,32,100,16000,
-26.125477,37.06912,brass_acoustic_059-049-050,brass_acoustic_059-049-050,/root/autodl-tmp/tokenizer-eval/data/nsynth/nsynth-valid/audio/brass_acoustic_059-049-050.wav,572,brass_acoustic_059,1,brass,0,acoustic,49,50,16000,dark|reverb
12.333266,75.80128,bass_electronic_025-039-050,bass_electronic_025-039-050,/root/autodl-tmp/tokenizer-eval/data/nsynth/nsynth-valid/audio/bass_electronic_025-039-050.wav,872,bass_electronic_025,0,bass,1,electronic,39,50,16000,
-23.471018,29.918644,flute_synthetic_000-061-100,flute_synthetic_000-061-100,/root/autodl-tmp/tokenizer-eval/data/nsynth/nsynth-valid/audio/flute_synthetic_000-061-100.wav,82,flute_synthetic_000,2,flute,2,synthetic,61,100,16000,distortion
8.426275,-49.67903,brass_acoustic_015-069-100,brass_acoustic_015-069-100,/root/autodl-tmp/tokenizer-eval/data/nsynth/nsynth-valid/audio/brass_acoustic_015-069-100.wav,121,brass_acoustic_015,1,brass,0,acoustic,69,100,16000,reverb
-48.32303,-32.159534,vocal_synthetic_003-077-075,vocal_synthetic_003-077-075,/root/autodl-tmp/tokenizer-eval/data/nsynth/nsynth-valid/audio/vocal_synthetic_003-077-075.wav,37,vocal_synthetic_003,10,vocal,2,synthetic,77,75,16000,bright|distortion|long_release|nonlinear_env
-43.940815,-8.425447,vocal_synthetic_003-091-050,vocal_synthetic_003-091-050,/root/autodl-tmp/tokenizer-eval/data/nsynth/nsynth-valid/audio/vocal_synthetic_003-091-050.wav,37,vocal_synthetic_003,10,vocal,2,synthetic,91,50,16000,bright|distortion|long_release|nonlinear_env
22.38595,-11.013993,reed_acoustic_018-059-075,reed_acoustic_018-059-075,/root/autodl-tmp/tokenizer-eval/data/nsynth/nsynth-valid/audio/reed_acoustic_018-059-075.wav,183,reed_acoustic_018,7,reed,0,acoustic,59,75,16000,
-35.15302,-26.522642,flute_synthetic_000-077-050,flute_synthetic_000-077-050,/root/autodl-tmp/tokenizer-eval/data/nsynth/nsynth-valid/audio/flute_synthetic_000-077-050.wav,82,flute_synthetic_000,2,flute,2,synthetic,77,50,16000,distortion
-12.332412,-1.9108863,mallet_acoustic_062-084-127,mallet_acoustic_062-084-127,/root/autodl-tmp/tokenizer-eval/data/nsynth/nsynth-valid/audio/mallet_acoustic_062-084-127.wav,644,mallet_acoustic_062,5,mallet,0,acoustic,84,127,16000,multiphonic
65.15033,-28.425497,keyboard_electronic_002-095-025,keyboard_electronic_002-095-025,/root/autodl-tmp/tokenizer-eval/data/nsynth/nsynth-valid/audio/keyboard_electronic_002-095-025.wav,50,keyboard_electronic_002,4,keyboard,1,electronic,95,25,16000,fast_decay|percussive
-27.87313,-20.838257,guitar_acoustic_015-053-050,guitar_acoustic_015-053-050,/root/autodl-tmp/tokenizer-eval/data/nsynth/nsynth-valid/audio/guitar_acoustic_015-053-050.wav,316,guitar_acoustic_015,3,guitar,0,acoustic,53,50,16000,reverb
26.617699,-13.405136,guitar_electronic_028-071-127,guitar_electronic_028-071-127,/root/autodl-tmp/tokenizer-eval/data/nsynth/nsynth-valid/audio/guitar_electronic_028-071-127.wav,510,guitar_electronic_028,3,guitar,1,electronic,71,127,16000,
-39.142147,-20.856411,reed_acoustic_011-041-025,reed_acoustic_011-041-025,/root/autodl-tmp/tokenizer-eval/data/nsynth/nsynth-valid/audio/reed_acoustic_011-041-025.wav,104,reed_acoustic_011,7,reed,0,acoustic,41,25,16000,
15.422008,9.74131,bass_electronic_018-055-100,bass_electronic_018-055-100,/root/autodl-tmp/tokenizer-eval/data/nsynth/nsynth-valid/audio/bass_electronic_018-055-100.wav,759,bass_electronic_018,0,bass,1,electronic,55,100,16000,
55.286686,-52.3721,reed_acoustic_023-079-127,reed_acoustic_023-079-127,/root/autodl-tmp/tokenizer-eval/data/nsynth/nsynth-valid/audio/reed_acoustic_023-079-127.wav,224,reed_acoustic_023,7,reed,0,acoustic,79,127,16000,bright|fast_decay|multiphonic|nonlinear_env
-5.4051404,24.807043,keyboard_electronic_078-045-025,keyboard_electronic_078-045-025,/root/autodl-tmp/tokenizer-eval/data/nsynth/nsynth-valid/audio/keyboard_electronic_078-045-025.wav,838,keyboard_electronic_078,4,keyboard,1,electronic,45,25,16000,bright
-14.394827,74.28069,brass_acoustic_059-051-075,brass_acoustic_059-051-075,/root/autodl-tmp/tokenizer-eval/data/nsynth/nsynth-valid/audio/brass_acoustic_059-051-075.wav,572,brass_acoustic_059,1,brass,0,acoustic,51,75,16000,bright|reverb
-85.77423,-0.87176424,brass_acoustic_046-095-127,brass_acoustic_046-095-127,/root/autodl-tmp/tokenizer-eval/data/nsynth/nsynth-valid/audio/brass_acoustic_046-095-127.wav,414,brass_acoustic_046,1,brass,0,acoustic,95,127,16000,long_release
5.7745695,78.10464,string_acoustic_071-051-075,string_acoustic_071-051-075,/root/autodl-tmp/tokenizer-eval/data/nsynth/nsynth-valid/audio/string_acoustic_071-051-075.wav,609,string_acoustic_071,8,string,0,acoustic,51,75,16000,reverb
-59.7396,29.996143,flute_synthetic_000-070-025,flute_synthetic_000-070-025,/root/autodl-tmp/tokenizer-eval/data/nsynth/nsynth-valid/audio/flute_synthetic_000-070-025.wav,82,flute_synthetic_000,2,flute,2,synthetic,70,25,16000,distortion
15.086049,-29.56352,brass_acoustic_046-066-025,brass_acoustic_046-066-025,/root/autodl-tmp/tokenizer-eval/data/nsynth/nsynth-valid/audio/brass_acoustic_046-066-025.wav,414,brass_acoustic_046,1,brass,0,acoustic,66,25,16000,
-8.80621,-12.301241,organ_electronic_007-038-100,organ_electronic_007-038-100,/root/autodl-tmp/tokenizer-eval/data/nsynth/nsynth-valid/audio/organ_electronic_007-038-100.wav,123,organ_electronic_007,6,organ,1,electronic,38,100,16000,distortion|long_release|nonlinear_env
77.84851,-17.729134,mallet_acoustic_047-068-050,mallet_acoustic_047-068-050,/root/autodl-tmp/tokenizer-eval/data/nsynth/nsynth-valid/audio/mallet_acoustic_047-068-050.wav,488,mallet_acoustic_047,5,mallet,0,acoustic,68,50,16000,fast_decay|percussive|reverb
4.6964035,14.924487,bass_synthetic_098-075-100,bass_synthetic_098-075-100,/root/autodl-tmp/tokenizer-eval/data/nsynth/nsynth-valid/audio/bass_synthetic_098-075-100.wav,803,bass_synthetic_098,0,bass,2,synthetic,75,100,16000,
77.98471,-23.693434,mallet_acoustic_047-074-100,mallet_acoustic_047-074-100,/root/autodl-tmp/tokenizer-eval/data/nsynth/nsynth-valid/audio/mallet_acoustic_047-074-100.wav,488,mallet_acoustic_047,5,mallet,0,acoustic,74,100,16000,fast_decay|percussive|reverb
28.295395,42.559578,flute_synthetic_000-033-050,flute_synthetic_000-033-050,/root/autodl-tmp/tokenizer-eval/data/nsynth/nsynth-valid/audio/flute_synthetic_000-033-050.wav,82,flute_synthetic_000,2,flute,2,synthetic,33,50,16000,distortion
-0.7752054,39.29462,string_acoustic_012-031-127,string_acoustic_012-031-127,/root/autodl-tmp/tokenizer-eval/data/nsynth/nsynth-valid/audio/string_acoustic_012-031-127.wav,97,string_acoustic_012,8,string,0,acoustic,31,127,16000,reverb
21.977236,37.10065,string_acoustic_012-035-025,string_acoustic_012-035-025,/root/autodl-tmp/tokenizer-eval/data/nsynth/nsynth-valid/audio/string_acoustic_012-035-025.wav,97,string_acoustic_012,8,string,0,acoustic,35,25,16000,long_release|reverb
-18.604744,12.052247,string_acoustic_071-048-100,string_acoustic_071-048-100,/root/autodl-tmp/tokenizer-eval/data/nsynth/nsynth-valid/audio/string_acoustic_071-048-100.wav,609,string_acoustic_071,8,string,0,acoustic,48,100,16000,long_release|reverb
60.25674,-38.260902,reed_acoustic_023-058-100,reed_acoustic_023-058-100,/root/autodl-tmp/tokenizer-eval/data/nsynth/nsynth-valid/audio/reed_acoustic_023-058-100.wav,224,reed_acoustic_023,7,reed,0,acoustic,58,100,16000,bright|fast_decay|multiphonic|nonlinear_env
82.67032,-20.606398,mallet_acoustic_047-078-127,mallet_acoustic_047-078-127,/root/autodl-tmp/tokenizer-eval/data/nsynth/nsynth-valid/audio/mallet_acoustic_047-078-127.wav,488,mallet_acoustic_047,5,mallet,0,acoustic,78,127,16000,fast_decay|percussive|reverb
33.789692,50.443108,string_acoustic_080-033-050,string_acoustic_080-033-050,/root/autodl-tmp/tokenizer-eval/data/nsynth/nsynth-valid/audio/string_acoustic_080-033-050.wav,675,string_acoustic_080,8,string,0,acoustic,33,50,16000,reverb
53.787865,-47.94677,reed_acoustic_023-084-025,reed_acoustic_023-084-025,/root/autodl-tmp/tokenizer-eval/data/nsynth/nsynth-valid/audio/reed_acoustic_023-084-025.wav,224,reed_acoustic_023,7,reed,0,acoustic,84,25,16000,bright|fast_decay|multiphonic|nonlinear_env
-13.032597,-0.63890284,guitar_electronic_028-084-100,guitar_electronic_028-084-100,/root/autodl-tmp/tokenizer-eval/data/nsynth/nsynth-valid/audio/guitar_electronic_028-084-100.wav,510,guitar_electronic_028,3,guitar,1,electronic,84,100,16000,
-40.886402,-35.986412,string_acoustic_057-089-050,string_acoustic_057-089-050,/root/autodl-tmp/tokenizer-eval/data/nsynth/nsynth-valid/audio/string_acoustic_057-089-050.wav,450,string_acoustic_057,8,string,0,acoustic,89,50,16000,bright|nonlinear_env|reverb
-27.292591,-53.976204,flute_acoustic_002-090-100,flute_acoustic_002-090-100,/root/autodl-tmp/tokenizer-eval/data/nsynth/nsynth-valid/audio/flute_acoustic_002-090-100.wav,86,flute_acoustic_002,2,flute,0,acoustic,90,100,16000,long_release|reverb
-66.87394,32.103706,flute_acoustic_002-082-127,flute_acoustic_002-082-127,/root/autodl-tmp/tokenizer-eval/data/nsynth/nsynth-valid/audio/flute_acoustic_002-082-127.wav,86,flute_acoustic_002,2,flute,0,acoustic,82,127,16000,long_release|reverb
16.623236,-47.566822,keyboard_electronic_002-069-075,keyboard_electronic_002-069-075,/root/autodl-tmp/tokenizer-eval/data/nsynth/nsynth-valid/audio/keyboard_electronic_002-069-075.wav,50,keyboard_electronic_002,4,keyboard,1,electronic,69,75,16000,
3.0375571,38.73707,keyboard_electronic_003-043-050,keyboard_electronic_003-043-050,/root/autodl-tmp/tokenizer-eval/data/nsynth/nsynth-valid/audio/keyboard_electronic_003-043-050.wav,65,keyboard_electronic_003,4,keyboard,1,electronic,43,50,16000,dark
28.08342,-13.703963,guitar_electronic_028-083-127,guitar_electronic_028-083-127,/root/autodl-tmp/tokenizer-eval/data/nsynth/nsynth-valid/audio/guitar_electronic_028-083-127.wav,510,guitar_electronic_028,3,guitar,1,electronic,83,127,16000,
-37.443466,-6.805854,string_acoustic_057-091-127,string_acoustic_057-091-127,/root/autodl-tmp/tokenizer-eval/data/nsynth/nsynth-valid/audio/string_acoustic_057-091-127.wav,450,string_acoustic_057,8,string,0,acoustic,91,127,16000,nonlinear_env|reverb
80.310585,-16.334782,mallet_acoustic_047-065-075,mallet_acoustic_047-065-075,/root/autodl-tmp/tokenizer-eval/data/nsynth/nsynth-valid/audio/mallet_acoustic_047-065-075.wav,488,mallet_acoustic_047,5,mallet,0,acoustic,65,75,16000,reverb
-38.658993,-22.536951,organ_electronic_001-065-050,organ_electronic_001-065-050,/root/autodl-tmp/tokenizer-eval/data/nsynth/nsynth-valid/audio/organ_electronic_001-065-050.wav,8,organ_electronic_001,6,organ,1,electronic,65,50,16000,
-11.134699,-29.56185,brass_acoustic_046-074-127,brass_acoustic_046-074-127,/root/autodl-tmp/tokenizer-eval/data/nsynth/nsynth-valid/audio/brass_acoustic_046-074-127.wav,414,brass_acoustic_046,1,brass,0,acoustic,74,127,16000,bright
-20.614132,86.3011,organ_electronic_007-075-100,organ_electronic_007-075-100,/root/autodl-tmp/tokenizer-eval/data/nsynth/nsynth-valid/audio/organ_electronic_007-075-100.wav,123,organ_electronic_007,6,organ,1,electronic,75,100,16000,distortion|long_release|nonlinear_env
42.47992,-30.785442,guitar_acoustic_030-087-127,guitar_acoustic_030-087-127,/root/autodl-tmp/tokenizer-eval/data/nsynth/nsynth-valid/audio/guitar_acoustic_030-087-127.wav,642,guitar_acoustic_030,3,guitar,0,acoustic,87,127,16000,fast_decay|tempo-synced
74.9672,-9.146508,mallet_acoustic_056-053-100,mallet_acoustic_056-053-100,/root/autodl-tmp/tokenizer-eval/data/nsynth/nsynth-valid/audio/mallet_acoustic_056-053-100.wav,590,mallet_acoustic_056,5,mallet,0,acoustic,53,100,16000,bright|fast_decay|percussive
0.5184256,37.041843,keyboard_electronic_098-043-025,keyboard_electronic_098-043-025,/root/autodl-tmp/tokenizer-eval/data/nsynth/nsynth-valid/audio/keyboard_electronic_098-043-025.wav,905,keyboard_electronic_098,4,keyboard,1,electronic,43,25,16000,dark
41.202385,27.769901,mallet_acoustic_062-033-050,mallet_acoustic_062-033-050,/root/autodl-tmp/tokenizer-eval/data/nsynth/nsynth-valid/audio/mallet_acoustic_062-033-050.wav,644,mallet_acoustic_062,5,mallet,0,acoustic,33,50,16000,dark|multiphonic
-63.704586,8.608556,vocal_synthetic_003-031-127,vocal_synthetic_003-031-127,/root/autodl-tmp/tokenizer-eval/data/nsynth/nsynth-valid/audio/vocal_synthetic_003-031-127.wav,37,vocal_synthetic_003,10,vocal,2,synthetic,31,127,16000,bright|distortion|long_release|nonlinear_env
-36.74385,-31.63913,organ_electronic_113-077-127,organ_electronic_113-077-127,/root/autodl-tmp/tokenizer-eval/data/nsynth/nsynth-valid/audio/organ_electronic_113-077-127.wav,958,organ_electronic_113,6,organ,1,electronic,77,127,16000,
74.36729,-5.698664,mallet_acoustic_056-048-025,mallet_acoustic_056-048-025,/root/autodl-tmp/tokenizer-eval/data/nsynth/nsynth-valid/audio/mallet_acoustic_056-048-025.wav,590,mallet_acoustic_056,5,mallet,0,acoustic,48,25,16000,bright|fast_decay|percussive
-37.330887,-53.987362,string_acoustic_057-090-127,string_acoustic_057-090-127,/root/autodl-tmp/tokenizer-eval/data/nsynth/nsynth-valid/audio/string_acoustic_057-090-127.wav,450,string_acoustic_057,8,string,0,acoustic,90,127,16000,nonlinear_env|reverb
2.9161832,54.82298,string_acoustic_080-032-025,string_acoustic_080-032-025,/root/autodl-tmp/tokenizer-eval/data/nsynth/nsynth-valid/audio/string_acoustic_080-032-025.wav,675,string_acoustic_080,8,string,0,acoustic,32,25,16000,long_release|reverb
4.4339976,-77.1714,keyboard_electronic_098-052-127,keyboard_electronic_098-052-127,/root/autodl-tmp/tokenizer-eval/data/nsynth/nsynth-valid/audio/keyboard_electronic_098-052-127.wav,905,keyboard_electronic_098,4,keyboard,1,electronic,52,127,16000,
-6.651296,4.137077,brass_acoustic_015-041-127,brass_acoustic_015-041-127,/root/autodl-tmp/tokenizer-eval/data/nsynth/nsynth-valid/audio/brass_acoustic_015-041-127.wav,121,brass_acoustic_015,1,brass,0,acoustic,41,127,16000,reverb
-39.362427,5.617221,reed_acoustic_011-055-025,reed_acoustic_011-055-025,/root/autodl-tmp/tokenizer-eval/data/nsynth/nsynth-valid/audio/reed_acoustic_011-055-025.wav,104,reed_acoustic_011,7,reed,0,acoustic,55,25,16000,
5.328272,77.88632,string_acoustic_012-051-050,string_acoustic_012-051-050,/root/autodl-tmp/tokenizer-eval/data/nsynth/nsynth-valid/audio/string_acoustic_012-051-050.wav,97,string_acoustic_012,8,string,0,acoustic,51,50,16000,reverb
8.82328,46.258453,flute_synthetic_000-031-127,flute_synthetic_000-031-127,/root/autodl-tmp/tokenizer-eval/data/nsynth/nsynth-valid/audio/flute_synthetic_000-031-127.wav,82,flute_synthetic_000,2,flute,2,synthetic,31,127,16000,distortion
9.169018,23.822336,keyboard_electronic_003-058-025,keyboard_electronic_003-058-025,/root/autodl-tmp/tokenizer-eval/data/nsynth/nsynth-valid/audio/keyboard_electronic_003-058-025.wav,65,keyboard_electronic_003,4,keyboard,1,electronic,58,25,16000,dark
21.528498,-24.245192,guitar_acoustic_021-066-025,guitar_acoustic_021-066-025,/root/autodl-tmp/tokenizer-eval/data/nsynth/nsynth-valid/audio/guitar_acoustic_021-066-025.wav,457,guitar_acoustic_021,3,guitar,0,acoustic,66,25,16000,
9.250416,-3.54529,mallet_acoustic_062-042-127,mallet_acoustic_062-042-127,/root/autodl-tmp/tokenizer-eval/data/nsynth/nsynth-valid/audio/mallet_acoustic_062-042-127.wav,644,mallet_acoustic_062,5,mallet,0,acoustic,42,127,16000,dark|long_release|multiphonic
46.41916,26.542099,mallet_acoustic_062-032-025,mallet_acoustic_062-032-025,/root/autodl-tmp/tokenizer-eval/data/nsynth/nsynth-valid/audio/mallet_acoustic_062-032-025.wav,644,mallet_acoustic_062,5,mallet,0,acoustic,32,25,16000,dark|multiphonic
7.705366,-67.748886,keyboard_electronic_003-088-100,keyboard_electronic_003-088-100,/root/autodl-tmp/tokenizer-eval/data/nsynth/nsynth-valid/audio/keyboard_electronic_003-088-100.wav,65,keyboard_electronic_003,4,keyboard,1,electronic,88,100,16000,
33.02097,34.26631,mallet_acoustic_062-034-075,mallet_acoustic_062-034-075,/root/autodl-tmp/tokenizer-eval/data/nsynth/nsynth-valid/audio/mallet_acoustic_062-034-075.wav,644,mallet_acoustic_062,5,mallet,0,acoustic,34,75,16000,dark|multiphonic
-67.36556,7.963489,vocal_synthetic_003-042-100,vocal_synthetic_003-042-100,/root/autodl-tmp/tokenizer-eval/data/nsynth/nsynth-valid/audio/vocal_synthetic_003-042-100.wav,37,vocal_synthetic_003,10,vocal,2,synthetic,42,100,16000,bright|distortion|long_release|nonlinear_env
-28.299164,0.53271204,guitar_electronic_028-067-075,guitar_electronic_028-067-075,/root/autodl-tmp/tokenizer-eval/data/nsynth/nsynth-valid/audio/guitar_electronic_028-067-075.wav,510,guitar_electronic_028,3,guitar,1,electronic,67,75,16000,
-65.341034,6.4422646,vocal_synthetic_003-038-100,vocal_synthetic_003-038-100,/root/autodl-tmp/tokenizer-eval/data/nsynth/nsynth-valid/audio/vocal_synthetic_003-038-100.wav,37,vocal_synthetic_003,10,vocal,2,synthetic,38,100,16000,bright|distortion|long_release|nonlinear_env
20.022203,68.55025,guitar_acoustic_021-038-100,guitar_acoustic_021-038-100,/root/autodl-tmp/tokenizer-eval/data/nsynth/nsynth-valid/audio/guitar_acoustic_021-038-100.wav,457,guitar_acoustic_021,3,guitar,0,acoustic,38,100,16000,
-9.398802,-77.635185,string_acoustic_057-088-127,string_acoustic_057-088-127,/root/autodl-tmp/tokenizer-eval/data/nsynth/nsynth-valid/audio/string_acoustic_057-088-127.wav,450,string_acoustic_057,8,string,0,acoustic,88,127,16000,nonlinear_env|reverb
9.101256,-48.244583,flute_synthetic_000-069-050,flute_synthetic_000-069-050,/root/autodl-tmp/tokenizer-eval/data/nsynth/nsynth-valid/audio/flute_synthetic_000-069-050.wav,82,flute_synthetic_000,2,flute,2,synthetic,69,50,16000,distortion
-46.725254,-49.190445,brass_acoustic_016-058-050,brass_acoustic_016-058-050,/root/autodl-tmp/tokenizer-eval/data/nsynth/nsynth-valid/audio/brass_acoustic_016-058-050.wav,128,brass_acoustic_016,1,brass,0,acoustic,58,50,16000,bright
47.436794,-20.384706,mallet_acoustic_062-082-025,mallet_acoustic_062-082-025,/root/autodl-tmp/tokenizer-eval/data/nsynth/nsynth-valid/audio/mallet_acoustic_062-082-025.wav,644,mallet_acoustic_062,5,mallet,0,acoustic,82,25,16000,fast_decay|multiphonic|percussive
45.396866,-59.820686,keyboard_synthetic_000-082-100,keyboard_synthetic_000-082-100,/root/autodl-tmp/tokenizer-eval/data/nsynth/nsynth-valid/audio/keyboard_synthetic_000-082-100.wav,577,keyboard_synthetic_000,4,keyboard,2,synthetic,82,100,16000,bright|distortion|fast_decay|nonlinear_env
-39.68187,45.516228,bass_synthetic_009-085-127,bass_synthetic_009-085-127,/root/autodl-tmp/tokenizer-eval/data/nsynth/nsynth-valid/audio/bass_synthetic_009-085-127.wav,150,bass_synthetic_009,0,bass,2,synthetic,85,127,16000,bright|distortion|long_release
21.559952,19.06714,keyboard_synthetic_000-048-050,keyboard_synthetic_000-048-050,/root/autodl-tmp/tokenizer-eval/data/nsynth/nsynth-valid/audio/keyboard_synthetic_000-048-050.wav,577,keyboard_synthetic_000,4,keyboard,2,synthetic,48,50,16000,distortion|fast_decay|nonlinear_env
18.127653,67.19894,string_acoustic_080-038-127,string_acoustic_080-038-127,/root/autodl-tmp/tokenizer-eval/data/nsynth/nsynth-valid/audio/string_acoustic_080-038-127.wav,675,string_acoustic_080,8,string,0,acoustic,38,127,16000,long_release|reverb
2.714514,-70.10465,reed_acoustic_018-052-050,reed_acoustic_018-052-050,/root/autodl-tmp/tokenizer-eval/data/nsynth/nsynth-valid/audio/reed_acoustic_018-052-050.wav,183,reed_acoustic_018,7,reed,0,acoustic,52,50,16000,
-43.337296,-5.822553,vocal_synthetic_003-079-100,vocal_synthetic_003-079-100,/root/autodl-tmp/tokenizer-eval/data/nsynth/nsynth-valid/audio/vocal_synthetic_003-079-100.wav,37,vocal_synthetic_003,10,vocal,2,synthetic,79,100,16000,bright|distortion|long_release|nonlinear_env
-53.139458,-1.9375955,reed_acoustic_037-048-025,reed_acoustic_037-048-025,/root/autodl-tmp/tokenizer-eval/data/nsynth/nsynth-valid/audio/reed_acoustic_037-048-025.wav,387,reed_acoustic_037,7,reed,0,acoustic,48,25,16000,reverb
62.840694,-27.539942,guitar_acoustic_030-094-100,guitar_acoustic_030-094-100,/root/autodl-tmp/tokenizer-eval/data/nsynth/nsynth-valid/audio/guitar_acoustic_030-094-100.wav,642,guitar_acoustic_030,3,guitar,0,acoustic,94,100,16000,tempo-synced
6.9684644,78.683685,guitar_acoustic_014-051-050,guitar_acoustic_014-051-050,/root/autodl-tmp/tokenizer-eval/data/nsynth/nsynth-valid/audio/guitar_acoustic_014-051-050.wav,263,guitar_acoustic_014,3,guitar,0,acoustic,51,50,16000,
-14.929117,-35.527233,vocal_synthetic_003-074-075,vocal_synthetic_003-074-075,/root/autodl-tmp/tokenizer-eval/data/nsynth/nsynth-valid/audio/vocal_synthetic_003-074-075.wav,37,vocal_synthetic_003,10,vocal,2,synthetic,74,75,16000,bright|distortion|long_release|nonlinear_env
-37.49697,3.0876179,brass_acoustic_046-067-050,brass_acoustic_046-067-050,/root/autodl-tmp/tokenizer-eval/data/nsynth/nsynth-valid/audio/brass_acoustic_046-067-050.wav,414,brass_acoustic_046,1,brass,0,acoustic,67,50,16000,
-6.4093604,-22.113123,brass_acoustic_015-074-100,brass_acoustic_015-074-100,/root/autodl-tmp/tokenizer-eval/data/nsynth/nsynth-valid/audio/brass_acoustic_015-074-100.wav,121,brass_acoustic_015,1,brass,0,acoustic,74,100,16000,reverb
32.051292,39.72651,bass_synthetic_135-033-127,bass_synthetic_135-033-127,/root/autodl-tmp/tokenizer-eval/data/nsynth/nsynth-valid/audio/bass_synthetic_135-033-127.wav,927,bass_synthetic_135,0,bass,2,synthetic,33,127,16000,distortion
3.8853254,16.409943,bass_synthetic_098-073-127,bass_synthetic_098-073-127,/root/autodl-tmp/tokenizer-eval/data/nsynth/nsynth-valid/audio/bass_synthetic_098-073-127.wav,803,bass_synthetic_098,0,bass,2,synthetic,73,127,16000,
9.861034,29.14192,bass_synthetic_009-034-050,bass_synthetic_009-034-050,/root/autodl-tmp/tokenizer-eval/data/nsynth/nsynth-valid/audio/bass_synthetic_009-034-050.wav,150,bass_synthetic_009,0,bass,2,synthetic,34,50,16000,bright|distortion|long_release
1.407195,-1.5045872,mallet_acoustic_062-053-100,mallet_acoustic_062-053-100,/root/autodl-tmp/tokenizer-eval/data/nsynth/nsynth-valid/audio/mallet_acoustic_062-053-100.wav,644,mallet_acoustic_062,5,mallet,0,acoustic,53,100,16000,dark|multiphonic
26.098637,13.505008,guitar_acoustic_014-040-127,guitar_acoustic_014-040-127,/root/autodl-tmp/tokenizer-eval/data/nsynth/nsynth-valid/audio/guitar_acoustic_014-040-127.wav,263,guitar_acoustic_014,3,guitar,0,acoustic,40,127,16000,
-9.783308,49.295,keyboard_electronic_002-068-025,keyboard_electronic_002-068-025,/root/autodl-tmp/tokenizer-eval/data/nsynth/nsynth-valid/audio/keyboard_electronic_002-068-025.wav,50,keyboard_electronic_002,4,keyboard,1,electronic,68,25,16000,
4.2907147,38.07189,guitar_acoustic_021-043-025,guitar_acoustic_021-043-025,/root/autodl-tmp/tokenizer-eval/data/nsynth/nsynth-valid/audio/guitar_acoustic_021-043-025.wav,457,guitar_acoustic_021,3,guitar,0,acoustic,43,25,16000,
-23.715786,62.092346,vocal_synthetic_003-068-127,vocal_synthetic_003-068-127,/root/autodl-tmp/tokenizer-eval/data/nsynth/nsynth-valid/audio/vocal_synthetic_003-068-127.wav,37,vocal_synthetic_003,10,vocal,2,synthetic,68,127,16000,bright|distortion|long_release|nonlinear_env
-65.31581,30.591093,flute_acoustic_002-070-025,flute_acoustic_002-070-025,/root/autodl-tmp/tokenizer-eval/data/nsynth/nsynth-valid/audio/flute_acoustic_002-070-025.wav,86,flute_acoustic_002,2,flute,0,acoustic,70,25,16000,long_release|reverb
-31.605076,-61.359364,vocal_synthetic_003-059-100,vocal_synthetic_003-059-100,/root/autodl-tmp/tokenizer-eval/data/nsynth/nsynth-valid/audio/vocal_synthetic_003-059-100.wav,37,vocal_synthetic_003,10,vocal,2,synthetic,59,100,16000,bright|distortion|long_release|nonlinear_env
-13.212603,50.608604,guitar_electronic_028-080-025,guitar_electronic_028-080-025,/root/autodl-tmp/tokenizer-eval/data/nsynth/nsynth-valid/audio/guitar_electronic_028-080-025.wav,510,guitar_electronic_028,3,guitar,1,electronic,80,25,16000,
14.461619,33.310608,organ_electronic_057-034-075,organ_electronic_057-034-075,/root/autodl-tmp/tokenizer-eval/data/nsynth/nsynth-valid/audio/organ_electronic_057-034-075.wav,701,organ_electronic_057,6,organ,1,electronic,34,75,16000,dark
-11.671367,27.795925,keyboard_electronic_078-032-050,keyboard_electronic_078-032-050,/root/autodl-tmp/tokenizer-eval/data/nsynth/nsynth-valid/audio/keyboard_electronic_078-032-050.wav,838,keyboard_electronic_078,4,keyboard,1,electronic,32,50,16000,bright
-11.106099,19.244162,brass_acoustic_006-035-075,brass_acoustic_006-035-075,/root/autodl-tmp/tokenizer-eval/data/nsynth/nsynth-valid/audio/brass_acoustic_006-035-075.wav,43,brass_acoustic_006,1,brass,0,acoustic,35,75,16000,reverb
-16.089561,-12.637613,brass_acoustic_059-038-025,brass_acoustic_059-038-025,/root/autodl-tmp/tokenizer-eval/data/nsynth/nsynth-valid/audio/brass_acoustic_059-038-025.wav,572,brass_acoustic_059,1,brass,0,acoustic,38,25,16000,long_release|reverb
51.276302,-38.74963,reed_acoustic_023-032-100,reed_acoustic_023-032-100,/root/autodl-tmp/tokenizer-eval/data/nsynth/nsynth-valid/audio/reed_acoustic_023-032-100.wav,224,reed_acoustic_023,7,reed,0,acoustic,32,100,16000,bright|fast_decay|multiphonic|nonlinear_env
15.374772,38.7573,flute_synthetic_000-049-075,flute_synthetic_000-049-075,/root/autodl-tmp/tokenizer-eval/data/nsynth/nsynth-valid/audio/flute_synthetic_000-049-075.wav,82,flute_synthetic_000,2,flute,2,synthetic,49,75,16000,distortion
28.244143,42.36658,flute_synthetic_000-033-025,flute_synthetic_000-033-025,/root/autodl-tmp/tokenizer-eval/data/nsynth/nsynth-valid/audio/flute_synthetic_000-033-025.wav,82,flute_synthetic_000,2,flute,2,synthetic,33,25,16000,distortion
-9.597275,86.88939,organ_electronic_028-087-025,organ_electronic_028-087-025,/root/autodl-tmp/tokenizer-eval/data/nsynth/nsynth-valid/audio/organ_electronic_028-087-025.wav,440,organ_electronic_028,6,organ,1,electronic,87,25,16000,
-1.9779208,-45.03599,flute_acoustic_002-081-127,flute_acoustic_002-081-127,/root/autodl-tmp/tokenizer-eval/data/nsynth/nsynth-valid/audio/flute_acoustic_002-081-127.wav,86,flute_acoustic_002,2,flute,0,acoustic,81,127,16000,long_release|reverb
25.068972,23.256117,keyboard_electronic_069-037-025,keyboard_electronic_069-037-025,/root/autodl-tmp/tokenizer-eval/data/nsynth/nsynth-valid/audio/keyboard_electronic_069-037-025.wav,805,keyboard_electronic_069,4,keyboard,1,electronic,37,25,16000,distortion
77.843834,-11.856421,mallet_acoustic_056-035-100,mallet_acoustic_056-035-100,/root/autodl-tmp/tokenizer-eval/data/nsynth/nsynth-valid/audio/mallet_acoustic_056-035-100.wav,590,mallet_acoustic_056,5,mallet,0,acoustic,35,100,16000,bright|fast_decay|percussive
-26.933578,27.97158,guitar_acoustic_021-061-100,guitar_acoustic_021-061-100,/root/autodl-tmp/tokenizer-eval/data/nsynth/nsynth-valid/audio/guitar_acoustic_021-061-100.wav,457,guitar_acoustic_021,3,guitar,0,acoustic,61,100,16000,
10.5105915,25.474415,flute_synthetic_000-058-050,flute_synthetic_000-058-050,/root/autodl-tmp/tokenizer-eval/data/nsynth/nsynth-valid/audio/flute_synthetic_000-058-050.wav,82,flute_synthetic_000,2,flute,2,synthetic,58,50,16000,distortion
22.16922,-5.19886,keyboard_acoustic_004-035-127,keyboard_acoustic_004-035-127,/root/autodl-tmp/tokenizer-eval/data/nsynth/nsynth-valid/audio/keyboard_acoustic_004-035-127.wav,327,keyboard_acoustic_004,4,keyboard,0,acoustic,35,127,16000,reverb
35.91378,51.230614,organ_electronic_113-033-050,organ_electronic_113-033-050,/root/autodl-tmp/tokenizer-eval/data/nsynth/nsynth-valid/audio/organ_electronic_113-033-050.wav,958,organ_electronic_113,6,organ,1,electronic,33,50,16000,dark
69.265114,-15.247628,guitar_acoustic_021-096-075,guitar_acoustic_021-096-075,/root/autodl-tmp/tokenizer-eval/data/nsynth/nsynth-valid/audio/guitar_acoustic_021-096-075.wav,457,guitar_acoustic_021,3,guitar,0,acoustic,96,75,16000,fast_decay|percussive
19.98571,-47.81391,bass_synthetic_068-081-025,bass_synthetic_068-081-025,/root/autodl-tmp/tokenizer-eval/data/nsynth/nsynth-valid/audio/bass_synthetic_068-081-025.wav,656,bass_synthetic_068,0,bass,2,synthetic,81,25,16000,fast_decay
26.817251,24.097889,bass_synthetic_034-049-100,bass_synthetic_034-049-100,/root/autodl-tmp/tokenizer-eval/data/nsynth/nsynth-valid/audio/bass_synthetic_034-049-100.wav,420,bass_synthetic_034,0,bass,2,synthetic,49,100,16000,distortion|tempo-synced
-60.355614,-23.613754,vocal_synthetic_003-084-025,vocal_synthetic_003-084-025,/root/autodl-tmp/tokenizer-eval/data/nsynth/nsynth-valid/audio/vocal_synthetic_003-084-025.wav,37,vocal_synthetic_003,10,vocal,2,synthetic,84,25,16000,bright|distortion|long_release|nonlinear_env
-3.2095313,-76.0493,brass_acoustic_006-064-050,brass_acoustic_006-064-050,/root/autodl-tmp/tokenizer-eval/data/nsynth/nsynth-valid/audio/brass_acoustic_006-064-050.wav,43,brass_acoustic_006,1,brass,0,acoustic,64,50,16000,reverb
-51.62233,-1.2630355,reed_acoustic_037-036-050,reed_acoustic_037-036-050,/root/autodl-tmp/tokenizer-eval/data/nsynth/nsynth-valid/audio/reed_acoustic_037-036-050.wav,387,reed_acoustic_037,7,reed,0,acoustic,36,50,16000,reverb
13.798332,71.52542,flute_synthetic_000-039-075,flute_synthetic_000-039-075,/root/autodl-tmp/tokenizer-eval/data/nsynth/nsynth-valid/audio/flute_synthetic_000-039-075.wav,82,flute_synthetic_000,2,flute,2,synthetic,39,75,16000,distortion
16.164898,28.975521,flute_synthetic_000-046-100,flute_synthetic_000-046-100,/root/autodl-tmp/tokenizer-eval/data/nsynth/nsynth-valid/audio/flute_synthetic_000-046-100.wav,82,flute_synthetic_000,2,flute,2,synthetic,46,100,16000,distortion
-42.583942,-51.381744,brass_acoustic_016-080-127,brass_acoustic_016-080-127,/root/autodl-tmp/tokenizer-eval/data/nsynth/nsynth-valid/audio/brass_acoustic_016-080-127.wav,128,brass_acoustic_016,1,brass,0,acoustic,80,127,16000,bright
-13.993474,10.515898,flute_synthetic_000-060-100,flute_synthetic_000-060-100,/root/autodl-tmp/tokenizer-eval/data/nsynth/nsynth-valid/audio/flute_synthetic_000-060-100.wav,82,flute_synthetic_000,2,flute,2,synthetic,60,100,16000,distortion
31.24844,-9.016572,guitar_acoustic_015-071-075,guitar_acoustic_015-071-075,/root/autodl-tmp/tokenizer-eval/data/nsynth/nsynth-valid/audio/guitar_acoustic_015-071-075.wav,316,guitar_acoustic_015,3,guitar,0,acoustic,71,75,16000,reverb
26.234957,40.126427,flute_synthetic_000-034-025,flute_synthetic_000-034-025,/root/autodl-tmp/tokenizer-eval/data/nsynth/nsynth-valid/audio/flute_synthetic_000-034-025.wav,82,flute_synthetic_000,2,flute,2,synthetic,34,25,16000,distortion
-22.021618,-59.997135,organ_electronic_001-095-025,organ_electronic_001-095-025,/root/autodl-tmp/tokenizer-eval/data/nsynth/nsynth-valid/audio/organ_electronic_001-095-025.wav,8,organ_electronic_001,6,organ,1,electronic,95,25,16000,
-46.514732,-51.3328,brass_acoustic_016-056-127,brass_acoustic_016-056-127,/root/autodl-tmp/tokenizer-eval/data/nsynth/nsynth-valid/audio/brass_acoustic_016-056-127.wav,128,brass_acoustic_016,1,brass,0,acoustic,56,127,16000,
66.47405,-17.342,string_acoustic_056-072-075,string_acoustic_056-072-075,/root/autodl-tmp/tokenizer-eval/data/nsynth/nsynth-valid/audio/string_acoustic_056-072-075.wav,436,string_acoustic_056,8,string,0,acoustic,72,75,16000,fast_decay|percussive|reverb
16.147646,27.543716,keyboard_electronic_001-034-075,keyboard_electronic_001-034-075,/root/autodl-tmp/tokenizer-eval/data/nsynth/nsynth-valid/audio/keyboard_electronic_001-034-075.wav,40,keyboard_electronic_001,4,keyboard,1,electronic,34,75,16000,dark
32.538532,51.993618,string_acoustic_012-045-025,string_acoustic_012-045-025,/root/autodl-tmp/tokenizer-eval/data/nsynth/nsynth-valid/audio/string_acoustic_012-045-025.wav,97,string_acoustic_012,8,string,0,acoustic,45,25,16000,long_release|reverb
35.406525,50.769165,keyboard_electronic_098-033-050,keyboard_electronic_098-033-050,/root/autodl-tmp/tokenizer-eval/data/nsynth/nsynth-valid/audio/keyboard_electronic_098-033-050.wav,905,keyboard_electronic_098,4,keyboard,1,electronic,33,50,16000,dark|distortion
-35.864407,-32.05087,guitar_acoustic_010-089-025,guitar_acoustic_010-089-025,/root/autodl-tmp/tokenizer-eval/data/nsynth/nsynth-valid/audio/guitar_acoustic_010-089-025.wav,219,guitar_acoustic_010,3,guitar,0,acoustic,89,25,16000,
-59.48299,-13.395903,brass_acoustic_006-072-127,brass_acoustic_006-072-127,/root/autodl-tmp/tokenizer-eval/data/nsynth/nsynth-valid/audio/brass_acoustic_006-072-127.wav,43,brass_acoustic_006,1,brass,0,acoustic,72,127,16000,reverb
-37.992725,47.373665,vocal_synthetic_003-061-050,vocal_synthetic_003-061-050,/root/autodl-tmp/tokenizer-eval/data/nsynth/nsynth-valid/audio/vocal_synthetic_003-061-050.wav,37,vocal_synthetic_003,10,vocal,2,synthetic,61,50,16000,bright|distortion|long_release|nonlinear_env
-9.223831,-29.838913,reed_acoustic_018-086-075,reed_acoustic_018-086-075,/root/autodl-tmp/tokenizer-eval/data/nsynth/nsynth-valid/audio/reed_acoustic_018-086-075.wav,183,reed_acoustic_018,7,reed,0,acoustic,86,75,16000,
4.8989115,16.23284,bass_synthetic_098-085-075,bass_synthetic_098-085-075,/root/autodl-tmp/tokenizer-eval/data/nsynth/nsynth-valid/audio/bass_synthetic_098-085-075.wav,803,bass_synthetic_098,0,bass,2,synthetic,85,75,16000,
-23.09628,-65.19195,organ_electronic_007-083-075,organ_electronic_007-083-075,/root/autodl-tmp/tokenizer-eval/data/nsynth/nsynth-valid/audio/organ_electronic_007-083-075.wav,123,organ_electronic_007,6,organ,1,electronic,83,75,16000,bright|distortion|long_release|nonlinear_env
-15.25759,44.00512,string_acoustic_057-056-100,string_acoustic_057-056-100,/root/autodl-tmp/tokenizer-eval/data/nsynth/nsynth-valid/audio/string_acoustic_057-056-100.wav,450,string_acoustic_057,8,string,0,acoustic,56,100,16000,nonlinear_env|reverb
3.5517077,-77.9867,guitar_acoustic_014-064-050,guitar_acoustic_014-064-050,/root/autodl-tmp/tokenizer-eval/data/nsynth/nsynth-valid/audio/guitar_acoustic_014-064-050.wav,263,guitar_acoustic_014,3,guitar,0,acoustic,64,50,16000,
4.1824317,49.016224,flute_synthetic_000-044-075,flute_synthetic_000-044-075,/root/autodl-tmp/tokenizer-eval/data/nsynth/nsynth-valid/audio/flute_synthetic_000-044-075.wav,82,flute_synthetic_000,2,flute,2,synthetic,44,75,16000,distortion
21.200634,70.46261,string_acoustic_080-038-025,string_acoustic_080-038-025,/root/autodl-tmp/tokenizer-eval/data/nsynth/nsynth-valid/audio/string_acoustic_080-038-025.wav,675,string_acoustic_080,8,string,0,acoustic,38,25,16000,long_release|reverb
-39.347675,-4.8590603,string_acoustic_057-079-127,string_acoustic_057-079-127,/root/autodl-tmp/tokenizer-eval/data/nsynth/nsynth-valid/audio/string_acoustic_057-079-127.wav,450,string_acoustic_057,8,string,0,acoustic,79,127,16000,bright|nonlinear_env|reverb
-64.87082,11.126343,vocal_synthetic_003-039-075,vocal_synthetic_003-039-075,/root/autodl-tmp/tokenizer-eval/data/nsynth/nsynth-valid/audio/vocal_synthetic_003-039-075.wav,37,vocal_synthetic_003,10,vocal,2,synthetic,39,75,16000,distortion|long_release|nonlinear_env
-59.97487,34.92046,organ_electronic_104-070-025,organ_electronic_104-070-025,/root/autodl-tmp/tokenizer-eval/data/nsynth/nsynth-valid/audio/organ_electronic_104-070-025.wav,921,organ_electronic_104,6,organ,1,electronic,70,25,16000,
-61.874203,12.248681,vocal_synthetic_003-034-075,vocal_synthetic_003-034-075,/root/autodl-tmp/tokenizer-eval/data/nsynth/nsynth-valid/audio/vocal_synthetic_003-034-075.wav,37,vocal_synthetic_003,10,vocal,2,synthetic,34,75,16000,distortion|long_release|nonlinear_env
-15.403921,-61.525124,flute_acoustic_002-083-025,flute_acoustic_002-083-025,/root/autodl-tmp/tokenizer-eval/data/nsynth/nsynth-valid/audio/flute_acoustic_002-083-025.wav,86,flute_acoustic_002,2,flute,0,acoustic,83,25,16000,reverb
-41.23789,-22.334978,reed_acoustic_037-053-075,reed_acoustic_037-053-075,/root/autodl-tmp/tokenizer-eval/data/nsynth/nsynth-valid/audio/reed_acoustic_037-053-075.wav,387,reed_acoustic_037,7,reed,0,acoustic,53,75,16000,reverb
9.270478,76.16835,guitar_acoustic_014-039-100,guitar_acoustic_014-039-100,/root/autodl-tmp/tokenizer-eval/data/nsynth/nsynth-valid/audio/guitar_acoustic_014-039-100.wav,263,guitar_acoustic_014,3,guitar,0,acoustic,39,100,16000,
19.197151,-25.339106,bass_synthetic_135-078-025,bass_synthetic_135-078-025,/root/autodl-tmp/tokenizer-eval/data/nsynth/nsynth-valid/audio/bass_synthetic_135-078-025.wav,927,bass_synthetic_135,0,bass,2,synthetic,78,25,16000,distortion
70.970566,-30.52969,reed_acoustic_023-096-025,reed_acoustic_023-096-025,/root/autodl-tmp/tokenizer-eval/data/nsynth/nsynth-valid/audio/reed_acoustic_023-096-025.wav,224,reed_acoustic_023,7,reed,0,acoustic,96,25,16000,fast_decay|multiphonic|nonlinear_env|percussive
-12.966237,23.41126,brass_acoustic_059-034-075,brass_acoustic_059-034-075,/root/autodl-tmp/tokenizer-eval/data/nsynth/nsynth-valid/audio/brass_acoustic_059-034-075.wav,572,brass_acoustic_059,1,brass,0,acoustic,34,75,16000,bright|reverb
-12.183903,25.702103,brass_acoustic_059-032-075,brass_acoustic_059-032-075,/root/autodl-tmp/tokenizer-eval/data/nsynth/nsynth-valid/audio/brass_acoustic_059-032-075.wav,572,brass_acoustic_059,1,brass,0,acoustic,32,75,16000,bright|reverb
23.806135,-24.087996,keyboard_acoustic_004-078-075,keyboard_acoustic_004-078-075,/root/autodl-tmp/tokenizer-eval/data/nsynth/nsynth-valid/audio/keyboard_acoustic_004-078-075.wav,327,keyboard_acoustic_004,4,keyboard,0,acoustic,78,75,16000,reverb
-60.131283,-23.497002,vocal_synthetic_003-084-050,vocal_synthetic_003-084-050,/root/autodl-tmp/tokenizer-eval/data/nsynth/nsynth-valid/audio/vocal_synthetic_003-084-050.wav,37,vocal_synthetic_003,10,vocal,2,synthetic,84,50,16000,bright|distortion|long_release|nonlinear_env
16.247482,28.923283,flute_synthetic_000-046-127,flute_synthetic_000-046-127,/root/autodl-tmp/tokenizer-eval/data/nsynth/nsynth-valid/audio/flute_synthetic_000-046-127.wav,82,flute_synthetic_000,2,flute,2,synthetic,46,127,16000,distortion
-36.54793,10.179236,organ_electronic_001-055-050,organ_electronic_001-055-050,/root/autodl-tmp/tokenizer-eval/data/nsynth/nsynth-valid/audio/organ_electronic_001-055-050.wav,8,organ_electronic_001,6,organ,1,electronic,55,50,16000,dark
-51.586277,-31.67134,vocal_synthetic_003-089-050,vocal_synthetic_003-089-050,/root/autodl-tmp/tokenizer-eval/data/nsynth/nsynth-valid/audio/vocal_synthetic_003-089-050.wav,37,vocal_synthetic_003,10,vocal,2,synthetic,89,50,16000,bright|distortion|long_release|nonlinear_env
-15.749784,54.222874,flute_synthetic_000-080-127,flute_synthetic_000-080-127,/root/autodl-tmp/tokenizer-eval/data/nsynth/nsynth-valid/audio/flute_synthetic_000-080-127.wav,82,flute_synthetic_000,2,flute,2,synthetic,80,127,16000,distortion
39.393272,34.71932,bass_synthetic_033-031-050,bass_synthetic_033-031-050,/root/autodl-tmp/tokenizer-eval/data/nsynth/nsynth-valid/audio/bass_synthetic_033-031-050.wav,417,bass_synthetic_033,0,bass,2,synthetic,31,50,16000,dark
-2.607374,-77.5687,brass_acoustic_006-076-050,brass_acoustic_006-076-050,/root/autodl-tmp/tokenizer-eval/data/nsynth/nsynth-valid/audio/brass_acoustic_006-076-050.wav,43,brass_acoustic_006,1,brass,0,acoustic,76,50,16000,reverb
-23.419378,61.0955,bass_synthetic_009-068-025,bass_synthetic_009-068-025,/root/autodl-tmp/tokenizer-eval/data/nsynth/nsynth-valid/audio/bass_synthetic_009-068-025.wav,150,bass_synthetic_009,0,bass,2,synthetic,68,25,16000,bright|distortion|long_release
-16.251955,57.523697,flute_acoustic_002-068-127,flute_acoustic_002-068-127,/root/autodl-tmp/tokenizer-eval/data/nsynth/nsynth-valid/audio/flute_acoustic_002-068-127.wav,86,flute_acoustic_002,2,flute,0,acoustic,68,127,16000,long_release|reverb
65.0704,-7.016504,string_acoustic_056-071-025,string_acoustic_056-071-025,/root/autodl-tmp/tokenizer-eval/data/nsynth/nsynth-valid/audio/string_acoustic_056-071-025.wav,436,string_acoustic_056,8,string,0,acoustic,71,25,16000,fast_decay|percussive|reverb
-6.48349,23.156057,reed_acoustic_037-033-025,reed_acoustic_037-033-025,/root/autodl-tmp/tokenizer-eval/data/nsynth/nsynth-valid/audio/reed_acoustic_037-033-025.wav,387,reed_acoustic_037,7,reed,0,acoustic,33,25,16000,reverb
-34.34333,42.36972,reed_acoustic_011-073-050,reed_acoustic_011-073-050,/root/autodl-tmp/tokenizer-eval/data/nsynth/nsynth-valid/audio/reed_acoustic_011-073-050.wav,104,reed_acoustic_011,7,reed,0,acoustic,73,50,16000,
-41.099094,-20.459238,string_acoustic_071-053-100,string_acoustic_071-053-100,/root/autodl-tmp/tokenizer-eval/data/nsynth/nsynth-valid/audio/string_acoustic_071-053-100.wav,609,string_acoustic_071,8,string,0,acoustic,53,100,16000,reverb
-8.47685,-39.06897,organ_electronic_007-093-127,organ_electronic_007-093-127,/root/autodl-tmp/tokenizer-eval/data/nsynth/nsynth-valid/audio/organ_electronic_007-093-127.wav,123,organ_electronic_007,6,organ,1,electronic,93,127,16000,long_release|nonlinear_env
16.088554,-23.86845,flute_synthetic_000-066-050,flute_synthetic_000-066-050,/root/autodl-tmp/tokenizer-eval/data/nsynth/nsynth-valid/audio/flute_synthetic_000-066-050.wav,82,flute_synthetic_000,2,flute,2,synthetic,66,50,16000,distortion
38.235054,41.482834,bass_synthetic_135-057-050,bass_synthetic_135-057-050,/root/autodl-tmp/tokenizer-eval/data/nsynth/nsynth-valid/audio/bass_synthetic_135-057-050.wav,927,bass_synthetic_135,0,bass,2,synthetic,57,50,16000,distortion
63.848053,-30.138239,mallet_acoustic_047-094-100,mallet_acoustic_047-094-100,/root/autodl-tmp/tokenizer-eval/data/nsynth/nsynth-valid/audio/mallet_acoustic_047-094-100.wav,488,mallet_acoustic_047,5,mallet,0,acoustic,94,100,16000,fast_decay|percussive|reverb
-29.451822,27.878225,mallet_acoustic_062-073-100,mallet_acoustic_062-073-100,/root/autodl-tmp/tokenizer-eval/data/nsynth/nsynth-valid/audio/mallet_acoustic_062-073-100.wav,644,mallet_acoustic_062,5,mallet,0,acoustic,73,100,16000,dark|multiphonic
47.30102,-19.94083,guitar_acoustic_015-082-075,guitar_acoustic_015-082-075,/root/autodl-tmp/tokenizer-eval/data/nsynth/nsynth-valid/audio/guitar_acoustic_015-082-075.wav,316,guitar_acoustic_015,3,guitar,0,acoustic,82,75,16000,fast_decay|percussive|reverb
-37.9527,-1.2019252,flute_acoustic_002-079-050,flute_acoustic_002-079-050,/root/autodl-tmp/tokenizer-eval/data/nsynth/nsynth-valid/audio/flute_acoustic_002-079-050.wav,86,flute_acoustic_002,2,flute,0,acoustic,79,50,16000,reverb
45.02014,-0.5865522,string_acoustic_056-044-100,string_acoustic_056-044-100,/root/autodl-tmp/tokenizer-eval/data/nsynth/nsynth-valid/audio/string_acoustic_056-044-100.wav,436,string_acoustic_056,8,string,0,acoustic,44,100,16000,reverb
-9.630158,82.72148,flute_synthetic_000-087-100,flute_synthetic_000-087-100,/root/autodl-tmp/tokenizer-eval/data/nsynth/nsynth-valid/audio/flute_synthetic_000-087-100.wav,82,flute_synthetic_000,2,flute,2,synthetic,87,100,16000,distortion
-39.38542,49.7481,vocal_synthetic_003-073-127,vocal_synthetic_003-073-127,/root/autodl-tmp/tokenizer-eval/data/nsynth/nsynth-valid/audio/vocal_synthetic_003-073-127.wav,37,vocal_synthetic_003,10,vocal,2,synthetic,73,127,16000,bright|distortion|long_release|nonlinear_env
-8.068636,80.92047,flute_synthetic_000-075-050,flute_synthetic_000-075-050,/root/autodl-tmp/tokenizer-eval/data/nsynth/nsynth-valid/audio/flute_synthetic_000-075-050.wav,82,flute_synthetic_000,2,flute,2,synthetic,75,50,16000,distortion
28.139723,37.67049,keyboard_electronic_003-034-050,keyboard_electronic_003-034-050,/root/autodl-tmp/tokenizer-eval/data/nsynth/nsynth-valid/audio/keyboard_electronic_003-034-050.wav,65,keyboard_electronic_003,4,keyboard,1,electronic,34,50,16000,dark
10.036404,-24.398119,string_acoustic_071-054-050,string_acoustic_071-054-050,/root/autodl-tmp/tokenizer-eval/data/nsynth/nsynth-valid/audio/string_acoustic_071-054-050.wav,609,string_acoustic_071,8,string,0,acoustic,54,50,16000,reverb
-6.4109135,-22.110456,brass_acoustic_015-074-075,brass_acoustic_015-074-075,/root/autodl-tmp/tokenizer-eval/data/nsynth/nsynth-valid/audio/brass_acoustic_015-074-075.wav,121,brass_acoustic_015,1,brass,0,acoustic,74,75,16000,reverb
18.235691,-10.73459,flute_synthetic_000-059-100,flute_synthetic_000-059-100,/root/autodl-tmp/tokenizer-eval/data/nsynth/nsynth-valid/audio/flute_synthetic_000-059-100.wav,82,flute_synthetic_000,2,flute,2,synthetic,59,100,16000,distortion
35.352745,34.594326,bass_synthetic_135-033-025,bass_synthetic_135-033-025,/root/autodl-tmp/tokenizer-eval/data/nsynth/nsynth-valid/audio/bass_synthetic_135-033-025.wav,927,bass_synthetic_135,0,bass,2,synthetic,33,25,16000,distortion
20.10997,17.367254,bass_electronic_025-060-075,bass_electronic_025-060-075,/root/autodl-tmp/tokenizer-eval/data/nsynth/nsynth-valid/audio/bass_electronic_025-060-075.wav,872,bass_electronic_025,0,bass,1,electronic,60,75,16000,
-5.0462947,77.88447,mallet_acoustic_062-075-127,mallet_acoustic_062-075-127,/root/autodl-tmp/tokenizer-eval/data/nsynth/nsynth-valid/audio/mallet_acoustic_062-075-127.wav,644,mallet_acoustic_062,5,mallet,0,acoustic,75,127,16000,dark|multiphonic
77.99626,-11.848459,mallet_acoustic_056-038-100,mallet_acoustic_056-038-100,/root/autodl-tmp/tokenizer-eval/data/nsynth/nsynth-valid/audio/mallet_acoustic_056-038-100.wav,590,mallet_acoustic_056,5,mallet,0,acoustic,38,100,16000,bright|fast_decay|percussive
23.017242,37.25536,string_acoustic_071-035-127,string_acoustic_071-035-127,/root/autodl-tmp/tokenizer-eval/data/nsynth/nsynth-valid/audio/string_acoustic_071-035-127.wav,609,string_acoustic_071,8,string,0,acoustic,35,127,16000,long_release|reverb
-36.64253,9.665977,organ_electronic_001-067-100,organ_electronic_001-067-100,/root/autodl-tmp/tokenizer-eval/data/nsynth/nsynth-valid/audio/organ_electronic_001-067-100.wav,8,organ_electronic_001,6,organ,1,electronic,67,100,16000,
54.601948,-39.546818,reed_acoustic_023-043-100,reed_acoustic_023-043-100,/root/autodl-tmp/tokenizer-eval/data/nsynth/nsynth-valid/audio/reed_acoustic_023-043-100.wav,224,reed_acoustic_023,7,reed,0,acoustic,43,100,16000,bright|fast_decay|multiphonic|nonlinear_env
-44.258457,-29.747458,flute_acoustic_002-077-127,flute_acoustic_002-077-127,/root/autodl-tmp/tokenizer-eval/data/nsynth/nsynth-valid/audio/flute_acoustic_002-077-127.wav,86,flute_acoustic_002,2,flute,0,acoustic,77,127,16000,reverb
17.832102,-48.499096,keyboard_synthetic_000-069-050,keyboard_synthetic_000-069-050,/root/autodl-tmp/tokenizer-eval/data/nsynth/nsynth-valid/audio/keyboard_synthetic_000-069-050.wav,577,keyboard_synthetic_000,4,keyboard,2,synthetic,69,50,16000,distortion|fast_decay|nonlinear_env
55.502464,-16.628603,mallet_acoustic_056-090-050,mallet_acoustic_056-090-050,/root/autodl-tmp/tokenizer-eval/data/nsynth/nsynth-valid/audio/mallet_acoustic_056-090-050.wav,590,mallet_acoustic_056,5,mallet,0,acoustic,90,50,16000,fast_decay
-28.498783,-1.8869882,keyboard_electronic_069-079-127,keyboard_electronic_069-079-127,/root/autodl-tmp/tokenizer-eval/data/nsynth/nsynth-valid/audio/keyboard_electronic_069-079-127.wav,805,keyboard_electronic_069,4,keyboard,1,electronic,79,127,16000,distortion
-26.131456,-64.7642,bass_synthetic_009-083-127,bass_synthetic_009-083-127,/root/autodl-tmp/tokenizer-eval/data/nsynth/nsynth-valid/audio/bass_synthetic_009-083-127.wav,150,bass_synthetic_009,0,bass,2,synthetic,83,127,16000,bright|distortion|long_release
-34.89893,40.80979,flute_acoustic_002-073-025,flute_acoustic_002-073-025,/root/autodl-tmp/tokenizer-eval/data/nsynth/nsynth-valid/audio/flute_acoustic_002-073-025.wav,86,flute_acoustic_002,2,flute,0,acoustic,73,25,16000,long_release|reverb
-0.61992055,40.335697,guitar_acoustic_014-031-050,guitar_acoustic_014-031-050,/root/autodl-tmp/tokenizer-eval/data/nsynth/nsynth-valid/audio/guitar_acoustic_014-031-050.wav,263,guitar_acoustic_014,3,guitar,0,acoustic,31,50,16000,
12.717911,28.2353,guitar_acoustic_021-046-025,guitar_acoustic_021-046-025,/root/autodl-tmp/tokenizer-eval/data/nsynth/nsynth-valid/audio/guitar_acoustic_021-046-025.wav,457,guitar_acoustic_021,3,guitar,0,acoustic,46,25,16000,
15.114414,9.689567,keyboard_acoustic_004-055-050,keyboard_acoustic_004-055-050,/root/autodl-tmp/tokenizer-eval/data/nsynth/nsynth-valid/audio/keyboard_acoustic_004-055-050.wav,327,keyboard_acoustic_004,4,keyboard,0,acoustic,55,50,16000,dark|reverb
36.719852,13.238885,mallet_acoustic_062-039-075,mallet_acoustic_062-039-075,/root/autodl-tmp/tokenizer-eval/data/nsynth/nsynth-valid/audio/mallet_acoustic_062-039-075.wav,644,mallet_acoustic_062,5,mallet,0,acoustic,39,75,16000,dark|multiphonic
-52.494236,-7.0349717,string_acoustic_057-060-050,string_acoustic_057-060-050,/root/autodl-tmp/tokenizer-eval/data/nsynth/nsynth-valid/audio/string_acoustic_057-060-050.wav,450,string_acoustic_057,8,string,0,acoustic,60,50,16000,bright|nonlinear_env|reverb
0.8790096,51.208725,guitar_acoustic_010-044-050,guitar_acoustic_010-044-050,/root/autodl-tmp/tokenizer-eval/data/nsynth/nsynth-valid/audio/guitar_acoustic_010-044-050.wav,219,guitar_acoustic_010,3,guitar,0,acoustic,44,50,16000,
-35.326042,33.53896,organ_electronic_001-061-127,organ_electronic_001-061-127,/root/autodl-tmp/tokenizer-eval/data/nsynth/nsynth-valid/audio/organ_electronic_001-061-127.wav,8,organ_electronic_001,6,organ,1,electronic,61,127,16000,dark
-9.780209,-26.846321,brass_acoustic_006-062-075,brass_acoustic_006-062-075,/root/autodl-tmp/tokenizer-eval/data/nsynth/nsynth-valid/audio/brass_acoustic_006-062-075.wav,43,brass_acoustic_006,1,brass,0,acoustic,62,75,16000,reverb
0.26487568,-21.498411,keyboard_synthetic_000-086-025,keyboard_synthetic_000-086-025,/root/autodl-tmp/tokenizer-eval/data/nsynth/nsynth-valid/audio/keyboard_synthetic_000-086-025.wav,577,keyboard_synthetic_000,4,keyboard,2,synthetic,86,25,16000,distortion|fast_decay|nonlinear_env
-10.631507,1.0058205,bass_synthetic_068-072-025,bass_synthetic_068-072-025,/root/autodl-tmp/tokenizer-eval/data/nsynth/nsynth-valid/audio/bass_synthetic_068-072-025.wav,656,bass_synthetic_068,0,bass,2,synthetic,72,25,16000,
-53.324993,36.222553,organ_electronic_028-046-100,organ_electronic_028-046-100,/root/autodl-tmp/tokenizer-eval/data/nsynth/nsynth-valid/audio/organ_electronic_028-046-100.wav,440,organ_electronic_028,6,organ,1,electronic,46,100,16000,dark
-34.778286,40.416405,flute_acoustic_002-073-100,flute_acoustic_002-073-100,/root/autodl-tmp/tokenizer-eval/data/nsynth/nsynth-valid/audio/flute_acoustic_002-073-100.wav,86,flute_acoustic_002,2,flute,0,acoustic,73,100,16000,long_release|reverb
54.88037,-8.749098,guitar_acoustic_021-088-050,guitar_acoustic_021-088-050,/root/autodl-tmp/tokenizer-eval/data/nsynth/nsynth-valid/audio/guitar_acoustic_021-088-050.wav,457,guitar_acoustic_021,3,guitar,0,acoustic,88,50,16000,fast_decay|percussive
-59.784225,29.9819,flute_synthetic_000-070-075,flute_synthetic_000-070-075,/root/autodl-tmp/tokenizer-eval/data/nsynth/nsynth-valid/audio/flute_synthetic_000-070-075.wav,82,flute_synthetic_000,2,flute,2,synthetic,70,75,16000,distortion
-8.279489,77.15667,flute_synthetic_000-063-127,flute_synthetic_000-063-127,/root/autodl-tmp/tokenizer-eval/data/nsynth/nsynth-valid/audio/flute_synthetic_000-063-127.wav,82,flute_synthetic_000,2,flute,2,synthetic,63,127,16000,distortion
-12.9478,-56.95393,reed_acoustic_037-047-127,reed_acoustic_037-047-127,/root/autodl-tmp/tokenizer-eval/data/nsynth/nsynth-valid/audio/reed_acoustic_037-047-127.wav,387,reed_acoustic_037,7,reed,0,acoustic,47,127,16000,reverb
-1.7417033,49.40614,flute_synthetic_000-056-127,flute_synthetic_000-056-127,/root/autodl-tmp/tokenizer-eval/data/nsynth/nsynth-valid/audio/flute_synthetic_000-056-127.wav,82,flute_synthetic_000,2,flute,2,synthetic,56,127,16000,distortion
73.774376,-15.3284855,guitar_acoustic_015-091-075,guitar_acoustic_015-091-075,/root/autodl-tmp/tokenizer-eval/data/nsynth/nsynth-valid/audio/guitar_acoustic_015-091-075.wav,316,guitar_acoustic_015,3,guitar,0,acoustic,91,75,16000,fast_decay|percussive|reverb
19.8786,17.68529,keyboard_acoustic_004-060-050,keyboard_acoustic_004-060-050,/root/autodl-tmp/tokenizer-eval/data/nsynth/nsynth-valid/audio/keyboard_acoustic_004-060-050.wav,327,keyboard_acoustic_004,4,keyboard,0,acoustic,60,50,16000,dark|reverb
-8.265005,50.33872,bass_synthetic_033-056-100,bass_synthetic_033-056-100,/root/autodl-tmp/tokenizer-eval/data/nsynth/nsynth-valid/audio/bass_synthetic_033-056-100.wav,417,bass_synthetic_033,0,bass,2,synthetic,56,100,16000,dark
-61.92795,0.64659715,vocal_synthetic_003-048-050,vocal_synthetic_003-048-050,/root/autodl-tmp/tokenizer-eval/data/nsynth/nsynth-valid/audio/vocal_synthetic_003-048-050.wav,37,vocal_synthetic_003,10,vocal,2,synthetic,48,50,16000,distortion|long_release|nonlinear_env
24.907463,-13.736466,bass_synthetic_033-071-050,bass_synthetic_033-071-050,/root/autodl-tmp/tokenizer-eval/data/nsynth/nsynth-valid/audio/bass_synthetic_033-071-050.wav,417,bass_synthetic_033,0,bass,2,synthetic,71,50,16000,
-33.55517,2.931859,brass_acoustic_046-055-025,brass_acoustic_046-055-025,/root/autodl-tmp/tokenizer-eval/data/nsynth/nsynth-valid/audio/brass_acoustic_046-055-025.wav,414,brass_acoustic_046,1,brass,0,acoustic,55,25,16000,
54.04847,-8.905882,mallet_acoustic_062-076-025,mallet_acoustic_062-076-025,/root/autodl-tmp/tokenizer-eval/data/nsynth/nsynth-valid/audio/mallet_acoustic_062-076-025.wav,644,mallet_acoustic_062,5,mallet,0,acoustic,76,25,16000,dark|fast_decay|multiphonic|percussive
-1.449537,-76.50081,brass_acoustic_015-076-075,brass_acoustic_015-076-075,/root/autodl-tmp/tokenizer-eval/data/nsynth/nsynth-valid/audio/brass_acoustic_015-076-075.wav,121,brass_acoustic_015,1,brass,0,acoustic,76,75,16000,reverb
77.819565,-18.417627,mallet_acoustic_047-069-100,mallet_acoustic_047-069-100,/root/autodl-tmp/tokenizer-eval/data/nsynth/nsynth-valid/audio/mallet_acoustic_047-069-100.wav,488,mallet_acoustic_047,5,mallet,0,acoustic,69,100,16000,fast_decay|percussive|reverb
58.843002,-38.200134,reed_acoustic_023-065-075,reed_acoustic_023-065-075,/root/autodl-tmp/tokenizer-eval/data/nsynth/nsynth-valid/audio/reed_acoustic_023-065-075.wav,224,reed_acoustic_023,7,reed,0,acoustic,65,75,16000,bright|fast_decay|multiphonic|nonlinear_env
-29.71772,10.545649,reed_acoustic_011-043-100,reed_acoustic_011-043-100,/root/autodl-tmp/tokenizer-eval/data/nsynth/nsynth-valid/audio/reed_acoustic_011-043-100.wav,104,reed_acoustic_011,7,reed,0,acoustic,43,100,16000,bright
75.1527,-8.986588,mallet_acoustic_056-053-127,mallet_acoustic_056-053-127,/root/autodl-tmp/tokenizer-eval/data/nsynth/nsynth-valid/audio/mallet_acoustic_056-053-127.wav,590,mallet_acoustic_056,5,mallet,0,acoustic,53,127,16000,bright|fast_decay|percussive
45.194786,-4.2365713,mallet_acoustic_056-080-127,mallet_acoustic_056-080-127,/root/autodl-tmp/tokenizer-eval/data/nsynth/nsynth-valid/audio/mallet_acoustic_056-080-127.wav,590,mallet_acoustic_056,5,mallet,0,acoustic,80,127,16000,fast_decay
5.917623,41.073856,flute_synthetic_000-043-100,flute_synthetic_000-043-100,/root/autodl-tmp/tokenizer-eval/data/nsynth/nsynth-valid/audio/flute_synthetic_000-043-100.wav,82,flute_synthetic_000,2,flute,2,synthetic,43,100,16000,distortion
49.695896,9.995193,mallet_acoustic_062-063-050,mallet_acoustic_062-063-050,/root/autodl-tmp/tokenizer-eval/data/nsynth/nsynth-valid/audio/mallet_acoustic_062-063-050.wav,644,mallet_acoustic_062,5,mallet,0,acoustic,63,50,16000,dark|fast_decay|multiphonic
10.243655,-52.90915,organ_electronic_113-057-050,organ_electronic_113-057-050,/root/autodl-tmp/tokenizer-eval/data/nsynth/nsynth-valid/audio/organ_electronic_113-057-050.wav,958,organ_electronic_113,6,organ,1,electronic,57,50,16000,dark
-10.952697,47.121906,brass_acoustic_015-056-100,brass_acoustic_015-056-100,/root/autodl-tmp/tokenizer-eval/data/nsynth/nsynth-valid/audio/brass_acoustic_015-056-100.wav,121,brass_acoustic_015,1,brass,0,acoustic,56,100,16000,reverb
51.018356,-13.413503,string_acoustic_056-065-075,string_acoustic_056-065-075,/root/autodl-tmp/tokenizer-eval/data/nsynth/nsynth-valid/audio/string_acoustic_056-065-075.wav,436,string_acoustic_056,8,string,0,acoustic,65,75,16000,fast_decay|reverb
-4.293867,82.14059,organ_electronic_028-063-075,organ_electronic_028-063-075,/root/autodl-tmp/tokenizer-eval/data/nsynth/nsynth-valid/audio/organ_electronic_028-063-075.wav,440,organ_electronic_028,6,organ,1,electronic,63,75,16000,dark
48.632298,-51.74678,keyboard_synthetic_000-080-075,keyboard_synthetic_000-080-075,/root/autodl-tmp/tokenizer-eval/data/nsynth/nsynth-valid/audio/keyboard_synthetic_000-080-075.wav,577,keyboard_synthetic_000,4,keyboard,2,synthetic,80,75,16000,bright|distortion|fast_decay|nonlinear_env
-32.188873,-1.5019109,flute_synthetic_000-079-050,flute_synthetic_000-079-050,/root/autodl-tmp/tokenizer-eval/data/nsynth/nsynth-valid/audio/flute_synthetic_000-079-050.wav,82,flute_synthetic_000,2,flute,2,synthetic,79,50,16000,distortion
46.235653,-4.3781743,keyboard_acoustic_004-080-050,keyboard_acoustic_004-080-050,/root/autodl-tmp/tokenizer-eval/data/nsynth/nsynth-valid/audio/keyboard_acoustic_004-080-050.wav,327,keyboard_acoustic_004,4,keyboard,0,acoustic,80,50,16000,dark|reverb
57.785095,-20.174732,guitar_acoustic_015-079-127,guitar_acoustic_015-079-127,/root/autodl-tmp/tokenizer-eval/data/nsynth/nsynth-valid/audio/guitar_acoustic_015-079-127.wav,316,guitar_acoustic_015,3,guitar,0,acoustic,79,127,16000,fast_decay|reverb
67.349014,-18.35108,guitar_acoustic_015-084-100,guitar_acoustic_015-084-100,/root/autodl-tmp/tokenizer-eval/data/nsynth/nsynth-valid/audio/guitar_acoustic_015-084-100.wav,316,guitar_acoustic_015,3,guitar,0,acoustic,84,100,16000,fast_decay|percussive|reverb
-58.73982,-9.119541,reed_acoustic_011-072-050,reed_acoustic_011-072-050,/root/autodl-tmp/tokenizer-eval/data/nsynth/nsynth-valid/audio/reed_acoustic_011-072-050.wav,104,reed_acoustic_011,7,reed,0,acoustic,72,50,16000,
-9.284669,-37.634457,brass_acoustic_016-086-050,brass_acoustic_016-086-050,/root/autodl-tmp/tokenizer-eval/data/nsynth/nsynth-valid/audio/brass_acoustic_016-086-050.wav,128,brass_acoustic_016,1,brass,0,acoustic,86,50,16000,
-21.90524,89.60939,vocal_synthetic_003-087-050,vocal_synthetic_003-087-050,/root/autodl-tmp/tokenizer-eval/data/nsynth/nsynth-valid/audio/vocal_synthetic_003-087-050.wav,37,vocal_synthetic_003,10,vocal,2,synthetic,87,50,16000,bright|distortion|long_release|nonlinear_env
-58.398945,-12.015505,flute_acoustic_002-072-075,flute_acoustic_002-072-075,/root/autodl-tmp/tokenizer-eval/data/nsynth/nsynth-valid/audio/flute_acoustic_002-072-075.wav,86,flute_acoustic_002,2,flute,0,acoustic,72,75,16000,long_release|reverb
51.89337,1.475741,string_acoustic_014-060-100,string_acoustic_014-060-100,/root/autodl-tmp/tokenizer-eval/data/nsynth/nsynth-valid/audio/string_acoustic_014-060-100.wav,100,string_acoustic_014,8,string,0,acoustic,60,100,16000,dark|reverb
35.51168,53.67041,organ_electronic_007-033-050,organ_electronic_007-033-050,/root/autodl-tmp/tokenizer-eval/data/nsynth/nsynth-valid/audio/organ_electronic_007-033-050.wav,123,organ_electronic_007,6,organ,1,electronic,33,50,16000,distortion|long_release|nonlinear_env
44.43278,-19.41998,guitar_acoustic_030-070-075,guitar_acoustic_030-070-075,/root/autodl-tmp/tokenizer-eval/data/nsynth/nsynth-valid/audio/guitar_acoustic_030-070-075.wav,642,guitar_acoustic_030,3,guitar,0,acoustic,70,75,16000,fast_decay|tempo-synced
30.16755,1.3299075,string_acoustic_014-058-127,string_acoustic_014-058-127,/root/autodl-tmp/tokenizer-eval/data/nsynth/nsynth-valid/audio/string_acoustic_014-058-127.wav,100,string_acoustic_014,8,string,0,acoustic,58,127,16000,dark|reverb
-31.826275,41.610428,organ_electronic_104-073-127,organ_electronic_104-073-127,/root/autodl-tmp/tokenizer-eval/data/nsynth/nsynth-valid/audio/organ_electronic_104-073-127.wav,921,organ_electronic_104,6,organ,1,electronic,73,127,16000,
-28.456146,-19.558102,reed_acoustic_018-053-127,reed_acoustic_018-053-127,/root/autodl-tmp/tokenizer-eval/data/nsynth/nsynth-valid/audio/reed_acoustic_018-053-127.wav,183,reed_acoustic_018,7,reed,0,acoustic,53,127,16000,
49.893078,-51.39819,reed_acoustic_023-080-025,reed_acoustic_023-080-025,/root/autodl-tmp/tokenizer-eval/data/nsynth/nsynth-valid/audio/reed_acoustic_023-080-025.wav,224,reed_acoustic_023,7,reed,0,acoustic,80,25,16000,bright|fast_decay|multiphonic|nonlinear_env
-61.79007,8.872155,vocal_synthetic_003-032-075,vocal_synthetic_003-032-075,/root/autodl-tmp/tokenizer-eval/data/nsynth/nsynth-valid/audio/vocal_synthetic_003-032-075.wav,37,vocal_synthetic_003,10,vocal,2,synthetic,32,75,16000,distortion|long_release|nonlinear_env
-4.4150324,19.68666,keyboard_electronic_003-035-100,keyboard_electronic_003-035-100,/root/autodl-tmp/tokenizer-eval/data/nsynth/nsynth-valid/audio/keyboard_electronic_003-035-100.wav,65,keyboard_electronic_003,4,keyboard,1,electronic,35,100,16000,distortion
19.24483,-47.5778,guitar_acoustic_015-069-127,guitar_acoustic_015-069-127,/root/autodl-tmp/tokenizer-eval/data/nsynth/nsynth-valid/audio/guitar_acoustic_015-069-127.wav,316,guitar_acoustic_015,3,guitar,0,acoustic,69,127,16000,reverb
-4.9670506,-17.73302,keyboard_electronic_003-062-075,keyboard_electronic_003-062-075,/root/autodl-tmp/tokenizer-eval/data/nsynth/nsynth-valid/audio/keyboard_electronic_003-062-075.wav,65,keyboard_electronic_003,4,keyboard,1,electronic,62,75,16000,
44.848248,-41.898117,reed_acoustic_023-085-050,reed_acoustic_023-085-050,/root/autodl-tmp/tokenizer-eval/data/nsynth/nsynth-valid/audio/reed_acoustic_023-085-050.wav,224,reed_acoustic_023,7,reed,0,acoustic,85,50,16000,bright|fast_decay|multiphonic|nonlinear_env
24.055367,-10.38514,brass_acoustic_015-059-100,brass_acoustic_015-059-100,/root/autodl-tmp/tokenizer-eval/data/nsynth/nsynth-valid/audio/brass_acoustic_015-059-100.wav,121,brass_acoustic_015,1,brass,0,acoustic,59,100,16000,reverb
26.543268,-12.494302,keyboard_electronic_003-071-025,keyboard_electronic_003-071-025,/root/autodl-tmp/tokenizer-eval/data/nsynth/nsynth-valid/audio/keyboard_electronic_003-071-025.wav,65,keyboard_electronic_003,4,keyboard,1,electronic,71,25,16000,
34.78778,2.4562402,string_acoustic_014-047-100,string_acoustic_014-047-100,/root/autodl-tmp/tokenizer-eval/data/nsynth/nsynth-valid/audio/string_acoustic_014-047-100.wav,100,string_acoustic_014,8,string,0,acoustic,47,100,16000,dark|fast_decay|reverb
-9.301345,-77.51508,string_acoustic_057-088-075,string_acoustic_057-088-075,/root/autodl-tmp/tokenizer-eval/data/nsynth/nsynth-valid/audio/string_acoustic_057-088-075.wav,450,string_acoustic_057,8,string,0,acoustic,88,75,16000,nonlinear_env|reverb
9.348937,-22.41988,vocal_synthetic_003-042-025,vocal_synthetic_003-042-025,/root/autodl-tmp/tokenizer-eval/data/nsynth/nsynth-valid/audio/vocal_synthetic_003-042-025.wav,37,vocal_synthetic_003,10,vocal,2,synthetic,42,25,16000,distortion|long_release|nonlinear_env
4.192768,49.016273,flute_synthetic_000-044-100,flute_synthetic_000-044-100,/root/autodl-tmp/tokenizer-eval/data/nsynth/nsynth-valid/audio/flute_synthetic_000-044-100.wav,82,flute_synthetic_000,2,flute,2,synthetic,44,100,16000,distortion
-27.40735,-23.967875,keyboard_electronic_078-065-050,keyboard_electronic_078-065-050,/root/autodl-tmp/tokenizer-eval/data/nsynth/nsynth-valid/audio/keyboard_electronic_078-065-050.wav,838,keyboard_electronic_078,4,keyboard,1,electronic,65,50,16000,bright
-48.149338,-49.162262,brass_acoustic_016-061-127,brass_acoustic_016-061-127,/root/autodl-tmp/tokenizer-eval/data/nsynth/nsynth-valid/audio/brass_acoustic_016-061-127.wav,128,brass_acoustic_016,1,brass,0,acoustic,61,127,16000,bright
18.258345,-10.744769,flute_synthetic_000-059-050,flute_synthetic_000-059-050,/root/autodl-tmp/tokenizer-eval/data/nsynth/nsynth-valid/audio/flute_synthetic_000-059-050.wav,82,flute_synthetic_000,2,flute,2,synthetic,59,50,16000,distortion
51.1447,-53.052067,reed_acoustic_023-092-050,reed_acoustic_023-092-050,/root/autodl-tmp/tokenizer-eval/data/nsynth/nsynth-valid/audio/reed_acoustic_023-092-050.wav,224,reed_acoustic_023,7,reed,0,acoustic,92,50,16000,fast_decay|multiphonic|nonlinear_env
25.363403,-7.7654576,brass_acoustic_015-047-025,brass_acoustic_015-047-025,/root/autodl-tmp/tokenizer-eval/data/nsynth/nsynth-valid/audio/brass_acoustic_015-047-025.wav,121,brass_acoustic_015,1,brass,0,acoustic,47,25,16000,reverb
15.335717,-30.843475,organ_electronic_113-078-075,organ_electronic_113-078-075,/root/autodl-tmp/tokenizer-eval/data/nsynth/nsynth-valid/audio/organ_electronic_113-078-075.wav,958,organ_electronic_113,6,organ,1,electronic,78,75,16000,
-48.847767,-32.813835,vocal_synthetic_003-077-127,vocal_synthetic_003-077-127,/root/autodl-tmp/tokenizer-eval/data/nsynth/nsynth-valid/audio/vocal_synthetic_003-077-127.wav,37,vocal_synthetic_003,10,vocal,2,synthetic,77,127,16000,bright|distortion|long_release|nonlinear_env
41.939034,-19.335835,guitar_acoustic_014-082-127,guitar_acoustic_014-082-127,/root/autodl-tmp/tokenizer-eval/data/nsynth/nsynth-valid/audio/guitar_acoustic_014-082-127.wav,263,guitar_acoustic_014,3,guitar,0,acoustic,82,127,16000,fast_decay
16.440655,1.9256434,bass_electronic_018-053-050,bass_electronic_018-053-050,/root/autodl-tmp/tokenizer-eval/data/nsynth/nsynth-valid/audio/bass_electronic_018-053-050.wav,759,bass_electronic_018,0,bass,1,electronic,53,50,16000,
25.98589,25.774275,bass_synthetic_135-037-025,bass_synthetic_135-037-025,/root/autodl-tmp/tokenizer-eval/data/nsynth/nsynth-valid/audio/bass_synthetic_135-037-025.wav,927,bass_synthetic_135,0,bass,2,synthetic,37,25,16000,distortion
5.486421,-49.237244,organ_electronic_113-069-050,organ_electronic_113-069-050,/root/autodl-tmp/tokenizer-eval/data/nsynth/nsynth-valid/audio/organ_electronic_113-069-050.wav,958,organ_electronic_113,6,organ,1,electronic,69,50,16000,
9.437882,47.878513,flute_synthetic_000-032-025,flute_synthetic_000-032-025,/root/autodl-tmp/tokenizer-eval/data/nsynth/nsynth-valid/audio/flute_synthetic_000-032-025.wav,82,flute_synthetic_000,2,flute,2,synthetic,32,25,16000,distortion
14.108928,11.741598,mallet_acoustic_062-055-100,mallet_acoustic_062-055-100,/root/autodl-tmp/tokenizer-eval/data/nsynth/nsynth-valid/audio/mallet_acoustic_062-055-100.wav,644,mallet_acoustic_062,5,mallet,0,acoustic,55,100,16000,dark|multiphonic
30.819052,36.207096,bass_synthetic_135-034-127,bass_synthetic_135-034-127,/root/autodl-tmp/tokenizer-eval/data/nsynth/nsynth-valid/audio/bass_synthetic_135-034-127.wav,927,bass_synthetic_135,0,bass,2,synthetic,34,127,16000,distortion
-66.32172,34.11247,flute_synthetic_000-094-127,flute_synthetic_000-094-127,/root/autodl-tmp/tokenizer-eval/data/nsynth/nsynth-valid/audio/flute_synthetic_000-094-127.wav,82,flute_synthetic_000,2,flute,2,synthetic,94,127,16000,distortion
-16.057756,-59.744392,brass_acoustic_006-071-100,brass_acoustic_006-071-100,/root/autodl-tmp/tokenizer-eval/data/nsynth/nsynth-valid/audio/brass_acoustic_006-071-100.wav,43,brass_acoustic_006,1,brass,0,acoustic,71,100,16000,reverb
-19.26116,7.641497,organ_electronic_028-060-050,organ_electronic_028-060-050,/root/autodl-tmp/tokenizer-eval/data/nsynth/nsynth-valid/audio/organ_electronic_028-060-050.wav,440,organ_electronic_028,6,organ,1,electronic,60,50,16000,dark
62.041008,-5.6085157,mallet_acoustic_056-075-127,mallet_acoustic_056-075-127,/root/autodl-tmp/tokenizer-eval/data/nsynth/nsynth-valid/audio/mallet_acoustic_056-075-127.wav,590,mallet_acoustic_056,5,mallet,0,acoustic,75,127,16000,fast_decay
-27.435413,55.86356,organ_electronic_007-092-075,organ_electronic_007-092-075,/root/autodl-tmp/tokenizer-eval/data/nsynth/nsynth-valid/audio/organ_electronic_007-092-075.wav,123,organ_electronic_007,6,organ,1,electronic,92,75,16000,long_release|nonlinear_env
-35.0738,3.0409863,reed_acoustic_018-067-127,reed_acoustic_018-067-127,/root/autodl-tmp/tokenizer-eval/data/nsynth/nsynth-valid/audio/reed_acoustic_018-067-127.wav,183,reed_acoustic_018,7,reed,0,acoustic,67,127,16000,
66.90927,0.47153014,string_acoustic_056-069-075,string_acoustic_056-069-075,/root/autodl-tmp/tokenizer-eval/data/nsynth/nsynth-valid/audio/string_acoustic_056-069-075.wav,436,string_acoustic_056,8,string,0,acoustic,69,75,16000,fast_decay|percussive|reverb
52.686214,-19.93457,bass_synthetic_068-089-127,bass_synthetic_068-089-127,/root/autodl-tmp/tokenizer-eval/data/nsynth/nsynth-valid/audio/bass_synthetic_068-089-127.wav,656,bass_synthetic_068,0,bass,2,synthetic,89,127,16000,fast_decay
-78.021164,25.522148,vocal_synthetic_003-094-100,vocal_synthetic_003-094-100,/root/autodl-tmp/tokenizer-eval/data/nsynth/nsynth-valid/audio/vocal_synthetic_003-094-100.wav,37,vocal_synthetic_003,10,vocal,2,synthetic,94,100,16000,bright|distortion|long_release|nonlinear_env
-13.367702,-54.4188,reed_acoustic_011-047-075,reed_acoustic_011-047-075,/root/autodl-tmp/tokenizer-eval/data/nsynth/nsynth-valid/audio/reed_acoustic_011-047-075.wav,104,reed_acoustic_011,7,reed,0,acoustic,47,75,16000,
7.6658163,-9.16514,organ_electronic_113-042-100,organ_electronic_113-042-100,/root/autodl-tmp/tokenizer-eval/data/nsynth/nsynth-valid/audio/organ_electronic_113-042-100.wav,958,organ_electronic_113,6,organ,1,electronic,42,100,16000,dark
-70.45827,29.056217,reed_acoustic_011-070-127,reed_acoustic_011-070-127,/root/autodl-tmp/tokenizer-eval/data/nsynth/nsynth-valid/audio/reed_acoustic_011-070-127.wav,104,reed_acoustic_011,7,reed,0,acoustic,70,127,16000,
-59.16243,8.873388,vocal_synthetic_003-031-050,vocal_synthetic_003-031-050,/root/autodl-tmp/tokenizer-eval/data/nsynth/nsynth-valid/audio/vocal_synthetic_003-031-050.wav,37,vocal_synthetic_003,10,vocal,2,synthetic,31,50,16000,distortion|long_release|nonlinear_env
76.3874,-20.065777,mallet_acoustic_047-071-075,mallet_acoustic_047-071-075,/root/autodl-tmp/tokenizer-eval/data/nsynth/nsynth-valid/audio/mallet_acoustic_047-071-075.wav,488,mallet_acoustic_047,5,mallet,0,acoustic,71,75,16000,fast_decay|percussive|reverb
62.307636,-51.05185,reed_acoustic_023-076-100,reed_acoustic_023-076-100,/root/autodl-tmp/tokenizer-eval/data/nsynth/nsynth-valid/audio/reed_acoustic_023-076-100.wav,224,reed_acoustic_023,7,reed,0,acoustic,76,100,16000,bright|fast_decay|multiphonic|nonlinear_env
56.97848,-15.242444,guitar_acoustic_021-090-100,guitar_acoustic_021-090-100,/root/autodl-tmp/tokenizer-eval/data/nsynth/nsynth-valid/audio/guitar_acoustic_021-090-100.wav,457,guitar_acoustic_021,3,guitar,0,acoustic,90,100,16000,fast_decay|percussive
-9.876671,-19.605247,string_acoustic_057-062-075,string_acoustic_057-062-075,/root/autodl-tmp/tokenizer-eval/data/nsynth/nsynth-valid/audio/string_acoustic_057-062-075.wav,450,string_acoustic_057,8,string,0,acoustic,62,75,16000,bright|nonlinear_env|reverb
-60.527657,3.650496,vocal_synthetic_003-036-050,vocal_synthetic_003-036-050,/root/autodl-tmp/tokenizer-eval/data/nsynth/nsynth-valid/audio/vocal_synthetic_003-036-050.wav,37,vocal_synthetic_003,10,vocal,2,synthetic,36,50,16000,distortion|long_release|nonlinear_env
-7.875543,-76.01521,string_acoustic_057-076-050,string_acoustic_057-076-050,/root/autodl-tmp/tokenizer-eval/data/nsynth/nsynth-valid/audio/string_acoustic_057-076-050.wav,450,string_acoustic_057,8,string,0,acoustic,76,50,16000,bright|nonlinear_env|reverb
-73.61345,26.098324,vocal_synthetic_003-070-025,vocal_synthetic_003-070-025,/root/autodl-tmp/tokenizer-eval/data/nsynth/nsynth-valid/audio/vocal_synthetic_003-070-025.wav,37,vocal_synthetic_003,10,vocal,2,synthetic,70,25,16000,bright|distortion|long_release|nonlinear_env
-58.390095,-9.020582,reed_acoustic_011-072-025,reed_acoustic_011-072-025,/root/autodl-tmp/tokenizer-eval/data/nsynth/nsynth-valid/audio/reed_acoustic_011-072-025.wav,104,reed_acoustic_011,7,reed,0,acoustic,72,25,16000,
30.670313,-13.405426,keyboard_electronic_078-083-050,keyboard_electronic_078-083-050,/root/autodl-tmp/tokenizer-eval/data/nsynth/nsynth-valid/audio/keyboard_electronic_078-083-050.wav,838,keyboard_electronic_078,4,keyboard,1,electronic,83,50,16000,bright
-31.307253,38.902523,reed_acoustic_011-061-075,reed_acoustic_011-061-075,/root/autodl-tmp/tokenizer-eval/data/nsynth/nsynth-valid/audio/reed_acoustic_011-061-075.wav,104,reed_acoustic_011,7,reed,0,acoustic,61,75,16000,
28.564404,31.74476,mallet_acoustic_062-047-100,mallet_acoustic_062-047-100,/root/autodl-tmp/tokenizer-eval/data/nsynth/nsynth-valid/audio/mallet_acoustic_062-047-100.wav,644,mallet_acoustic_062,5,mallet,0,acoustic,47,100,16000,dark|long_release|multiphonic
-12.56287,82.109085,brass_acoustic_059-063-127,brass_acoustic_059-063-127,/root/autodl-tmp/tokenizer-eval/data/nsynth/nsynth-valid/audio/brass_acoustic_059-063-127.wav,572,brass_acoustic_059,1,brass,0,acoustic,63,127,16000,reverb
-34.098103,7.087761,vocal_acoustic_000-067-050,vocal_acoustic_000-067-050,/root/autodl-tmp/tokenizer-eval/data/nsynth/nsynth-valid/audio/vocal_acoustic_000-067-050.wav,46,vocal_acoustic_000,10,vocal,0,acoustic,67,50,16000,reverb
58.83966,-38.197136,reed_acoustic_023-065-100,reed_acoustic_023-065-100,/root/autodl-tmp/tokenizer-eval/data/nsynth/nsynth-valid/audio/reed_acoustic_023-065-100.wav,224,reed_acoustic_023,7,reed,0,acoustic,65,100,16000,bright|fast_decay|multiphonic|nonlinear_env
-73.78958,8.457547,vocal_synthetic_003-050-127,vocal_synthetic_003-050-127,/root/autodl-tmp/tokenizer-eval/data/nsynth/nsynth-valid/audio/vocal_synthetic_003-050-127.wav,37,vocal_synthetic_003,10,vocal,2,synthetic,50,127,16000,bright|distortion|long_release|nonlinear_env
39.643288,-0.6254198,mallet_acoustic_062-056-075,mallet_acoustic_062-056-075,/root/autodl-tmp/tokenizer-eval/data/nsynth/nsynth-valid/audio/mallet_acoustic_062-056-075.wav,644,mallet_acoustic_062,5,mallet,0,acoustic,56,75,16000,dark|multiphonic
3.713098,2.081624,flute_synthetic_000-053-075,flute_synthetic_000-053-075,/root/autodl-tmp/tokenizer-eval/data/nsynth/nsynth-valid/audio/flute_synthetic_000-053-075.wav,82,flute_synthetic_000,2,flute,2,synthetic,53,75,16000,distortion
21.778765,70.507675,string_acoustic_080-038-100,string_acoustic_080-038-100,/root/autodl-tmp/tokenizer-eval/data/nsynth/nsynth-valid/audio/string_acoustic_080-038-100.wav,675,string_acoustic_080,8,string,0,acoustic,38,100,16000,long_release|reverb
36.79325,28.375893,bass_synthetic_135-056-050,bass_synthetic_135-056-050,/root/autodl-tmp/tokenizer-eval/data/nsynth/nsynth-valid/audio/bass_synthetic_135-056-050.wav,927,bass_synthetic_135,0,bass,2,synthetic,56,50,16000,distortion
66.10718,-26.335474,keyboard_electronic_001-096-075,keyboard_electronic_001-096-075,/root/autodl-tmp/tokenizer-eval/data/nsynth/nsynth-valid/audio/keyboard_electronic_001-096-075.wav,40,keyboard_electronic_001,4,keyboard,1,electronic,96,75,16000,
-8.985705,-2.03915,bass_synthetic_068-084-075,bass_synthetic_068-084-075,/root/autodl-tmp/tokenizer-eval/data/nsynth/nsynth-valid/audio/bass_synthetic_068-084-075.wav,656,bass_synthetic_068,0,bass,2,synthetic,84,75,16000,fast_decay
66.9061,0.47575706,string_acoustic_056-069-127,string_acoustic_056-069-127,/root/autodl-tmp/tokenizer-eval/data/nsynth/nsynth-valid/audio/string_acoustic_056-069-127.wav,436,string_acoustic_056,8,string,0,acoustic,69,127,16000,fast_decay|percussive|reverb
11.877976,-31.637852,organ_electronic_104-078-025,organ_electronic_104-078-025,/root/autodl-tmp/tokenizer-eval/data/nsynth/nsynth-valid/audio/organ_electronic_104-078-025.wav,921,organ_electronic_104,6,organ,1,electronic,78,25,16000,
51.47669,-14.362093,guitar_acoustic_015-077-025,guitar_acoustic_015-077-025,/root/autodl-tmp/tokenizer-eval/data/nsynth/nsynth-valid/audio/guitar_acoustic_015-077-025.wav,316,guitar_acoustic_015,3,guitar,0,acoustic,77,25,16000,fast_decay|reverb
-28.08262,-66.09944,vocal_synthetic_003-083-127,vocal_synthetic_003-083-127,/root/autodl-tmp/tokenizer-eval/data/nsynth/nsynth-valid/audio/vocal_synthetic_003-083-127.wav,37,vocal_synthetic_003,10,vocal,2,synthetic,83,127,16000,bright|distortion|long_release|nonlinear_env
-5.3669047,-17.788643,keyboard_electronic_098-062-025,keyboard_electronic_098-062-025,/root/autodl-tmp/tokenizer-eval/data/nsynth/nsynth-valid/audio/keyboard_electronic_098-062-025.wav,905,keyboard_electronic_098,4,keyboard,1,electronic,62,25,16000,dark
25.102707,-13.950646,guitar_electronic_022-071-075,guitar_electronic_022-071-075,/root/autodl-tmp/tokenizer-eval/data/nsynth/nsynth-valid/audio/guitar_electronic_022-071-075.wav,378,guitar_electronic_022,3,guitar,1,electronic,71,75,16000,
12.856166,-27.054468,string_acoustic_057-066-127,string_acoustic_057-066-127,/root/autodl-tmp/tokenizer-eval/data/nsynth/nsynth-valid/audio/string_acoustic_057-066-127.wav,450,string_acoustic_057,8,string,0,acoustic,66,127,16000,bright|nonlinear_env|reverb
1.1223295,2.6553783,organ_electronic_104-034-025,organ_electronic_104-034-025,/root/autodl-tmp/tokenizer-eval/data/nsynth/nsynth-valid/audio/organ_electronic_104-034-025.wav,921,organ_electronic_104,6,organ,1,electronic,34,25,16000,
20.016294,-47.78072,bass_synthetic_068-081-075,bass_synthetic_068-081-075,/root/autodl-tmp/tokenizer-eval/data/nsynth/nsynth-valid/audio/bass_synthetic_068-081-075.wav,656,bass_synthetic_068,0,bass,2,synthetic,81,75,16000,fast_decay
19.321903,66.107994,flute_synthetic_000-050-075,flute_synthetic_000-050-075,/root/autodl-tmp/tokenizer-eval/data/nsynth/nsynth-valid/audio/flute_synthetic_000-050-075.wav,82,flute_synthetic_000,2,flute,2,synthetic,50,75,16000,distortion
-58.431515,29.32646,brass_acoustic_015-070-075,brass_acoustic_015-070-075,/root/autodl-tmp/tokenizer-eval/data/nsynth/nsynth-valid/audio/brass_acoustic_015-070-075.wav,121,brass_acoustic_015,1,brass,0,acoustic,70,75,16000,reverb
-60.51173,35.62267,guitar_acoustic_010-070-100,guitar_acoustic_010-070-100,/root/autodl-tmp/tokenizer-eval/data/nsynth/nsynth-valid/audio/guitar_acoustic_010-070-100.wav,219,guitar_acoustic_010,3,guitar,0,acoustic,70,100,16000,
-26.848694,26.507221,bass_synthetic_135-061-127,bass_synthetic_135-061-127,/root/autodl-tmp/tokenizer-eval/data/nsynth/nsynth-valid/audio/bass_synthetic_135-061-127.wav,927,bass_synthetic_135,0,bass,2,synthetic,61,127,16000,distortion
-9.117281,-17.523487,vocal_acoustic_000-062-050,vocal_acoustic_000-062-050,/root/autodl-tmp/tokenizer-eval/data/nsynth/nsynth-valid/audio/vocal_acoustic_000-062-050.wav,46,vocal_acoustic_000,10,vocal,0,acoustic,62,50,16000,reverb
15.960969,-23.955212,flute_synthetic_000-066-127,flute_synthetic_000-066-127,/root/autodl-tmp/tokenizer-eval/data/nsynth/nsynth-valid/audio/flute_synthetic_000-066-127.wav,82,flute_synthetic_000,2,flute,2,synthetic,66,127,16000,distortion
61.824306,-5.7108693,mallet_acoustic_056-075-100,mallet_acoustic_056-075-100,/root/autodl-tmp/tokenizer-eval/data/nsynth/nsynth-valid/audio/mallet_acoustic_056-075-100.wav,590,mallet_acoustic_056,5,mallet,0,acoustic,75,100,16000,fast_decay
-17.283592,-77.62164,vocal_synthetic_003-088-075,vocal_synthetic_003-088-075,/root/autodl-tmp/tokenizer-eval/data/nsynth/nsynth-valid/audio/vocal_synthetic_003-088-075.wav,37,vocal_synthetic_003,10,vocal,2,synthetic,88,75,16000,long_release|nonlinear_env
-48.66838,-32.51298,vocal_synthetic_003-077-100,vocal_synthetic_003-077-100,/root/autodl-tmp/tokenizer-eval/data/nsynth/nsynth-valid/audio/vocal_synthetic_003-077-100.wav,37,vocal_synthetic_003,10,vocal,2,synthetic,77,100,16000,bright|distortion|long_release|nonlinear_env
52.89741,0.5473007,string_acoustic_014-060-127,string_acoustic_014-060-127,/root/autodl-tmp/tokenizer-eval/data/nsynth/nsynth-valid/audio/string_acoustic_014-060-127.wav,100,string_acoustic_014,8,string,0,acoustic,60,127,16000,dark|percussive|reverb
-43.80635,-47.7838,brass_acoustic_016-085-100,brass_acoustic_016-085-100,/root/autodl-tmp/tokenizer-eval/data/nsynth/nsynth-valid/audio/brass_acoustic_016-085-100.wav,128,brass_acoustic_016,1,brass,0,acoustic,85,100,16000,bright
51.393784,-46.646835,bass_synthetic_034-060-025,bass_synthetic_034-060-025,/root/autodl-tmp/tokenizer-eval/data/nsynth/nsynth-valid/audio/bass_synthetic_034-060-025.wav,420,bass_synthetic_034,0,bass,2,synthetic,60,25,16000,distortion|tempo-synced
-10.95163,47.11904,brass_acoustic_015-056-127,brass_acoustic_015-056-127,/root/autodl-tmp/tokenizer-eval/data/nsynth/nsynth-valid/audio/brass_acoustic_015-056-127.wav,121,brass_acoustic_015,1,brass,0,acoustic,56,127,16000,reverb
-38.424175,3.3842385,organ_electronic_007-055-100,organ_electronic_007-055-100,/root/autodl-tmp/tokenizer-eval/data/nsynth/nsynth-valid/audio/organ_electronic_007-055-100.wav,123,organ_electronic_007,6,organ,1,electronic,55,100,16000,distortion|long_release|nonlinear_env
25.460041,4.5992804,keyboard_electronic_069-046-075,keyboard_electronic_069-046-075,/root/autodl-tmp/tokenizer-eval/data/nsynth/nsynth-valid/audio/keyboard_electronic_069-046-075.wav,805,keyboard_electronic_069,4,keyboard,1,electronic,46,75,16000,distortion
9.924311,74.70403,string_acoustic_012-039-100,string_acoustic_012-039-100,/root/autodl-tmp/tokenizer-eval/data/nsynth/nsynth-valid/audio/string_acoustic_012-039-100.wav,97,string_acoustic_012,8,string,0,acoustic,39,100,16000,long_release|reverb
35.180374,34.54484,mallet_acoustic_062-033-075,mallet_acoustic_062-033-075,/root/autodl-tmp/tokenizer-eval/data/nsynth/nsynth-valid/audio/mallet_acoustic_062-033-075.wav,644,mallet_acoustic_062,5,mallet,0,acoustic,33,75,16000,dark|multiphonic
-57.753407,-17.675745,organ_electronic_057-084-075,organ_electronic_057-084-075,/root/autodl-tmp/tokenizer-eval/data/nsynth/nsynth-valid/audio/organ_electronic_057-084-075.wav,701,organ_electronic_057,6,organ,1,electronic,84,75,16000,
22.896421,2.3973193,brass_acoustic_015-046-127,brass_acoustic_015-046-127,/root/autodl-tmp/tokenizer-eval/data/nsynth/nsynth-valid/audio/brass_acoustic_015-046-127.wav,121,brass_acoustic_015,1,brass,0,acoustic,46,127,16000,reverb
43.969498,27.348724,mallet_acoustic_062-044-050,mallet_acoustic_062-044-050,/root/autodl-tmp/tokenizer-eval/data/nsynth/nsynth-valid/audio/mallet_acoustic_062-044-050.wav,644,mallet_acoustic_062,5,mallet,0,acoustic,44,50,16000,dark|multiphonic
20.505224,45.28077,flute_synthetic_000-037-025,flute_synthetic_000-037-025,/root/autodl-tmp/tokenizer-eval/data/nsynth/nsynth-valid/audio/flute_synthetic_000-037-025.wav,82,flute_synthetic_000,2,flute,2,synthetic,37,25,16000,distortion
19.131815,-24.301601,bass_synthetic_135-066-025,bass_synthetic_135-066-025,/root/autodl-tmp/tokenizer-eval/data/nsynth/nsynth-valid/audio/bass_synthetic_135-066-025.wav,927,bass_synthetic_135,0,bass,2,synthetic,66,25,16000,distortion
42.20519,-32.42252,mallet_acoustic_062-087-100,mallet_acoustic_062-087-100,/root/autodl-tmp/tokenizer-eval/data/nsynth/nsynth-valid/audio/mallet_acoustic_062-087-100.wav,644,mallet_acoustic_062,5,mallet,0,acoustic,87,100,16000,multiphonic
62.30872,-51.051502,reed_acoustic_023-076-025,reed_acoustic_023-076-025,/root/autodl-tmp/tokenizer-eval/data/nsynth/nsynth-valid/audio/reed_acoustic_023-076-025.wav,224,reed_acoustic_023,7,reed,0,acoustic,76,25,16000,bright|fast_decay|multiphonic|nonlinear_env
-0.15799864,-76.3918,flute_synthetic_000-076-075,flute_synthetic_000-076-075,/root/autodl-tmp/tokenizer-eval/data/nsynth/nsynth-valid/audio/flute_synthetic_000-076-075.wav,82,flute_synthetic_000,2,flute,2,synthetic,76,75,16000,distortion
-15.270003,75.033516,brass_acoustic_059-051-100,brass_acoustic_059-051-100,/root/autodl-tmp/tokenizer-eval/data/nsynth/nsynth-valid/audio/brass_acoustic_059-051-100.wav,572,brass_acoustic_059,1,brass,0,acoustic,51,100,16000,reverb
32.867573,41.96251,bass_synthetic_033-033-025,bass_synthetic_033-033-025,/root/autodl-tmp/tokenizer-eval/data/nsynth/nsynth-valid/audio/bass_synthetic_033-033-025.wav,417,bass_synthetic_033,0,bass,2,synthetic,33,25,16000,dark
-40.468582,48.396923,vocal_synthetic_003-073-025,vocal_synthetic_003-073-025,/root/autodl-tmp/tokenizer-eval/data/nsynth/nsynth-valid/audio/vocal_synthetic_003-073-025.wav,37,vocal_synthetic_003,10,vocal,2,synthetic,73,25,16000,bright|distortion|long_release|nonlinear_env
52.366344,0.74131477,mallet_acoustic_062-060-025,mallet_acoustic_062-060-025,/root/autodl-tmp/tokenizer-eval/data/nsynth/nsynth-valid/audio/mallet_acoustic_062-060-025.wav,644,mallet_acoustic_062,5,mallet,0,acoustic,60,25,16000,dark|fast_decay|multiphonic
-25.173622,-0.8757719,guitar_acoustic_014-079-075,guitar_acoustic_014-079-075,/root/autodl-tmp/tokenizer-eval/data/nsynth/nsynth-valid/audio/guitar_acoustic_014-079-075.wav,263,guitar_acoustic_014,3,guitar,0,acoustic,79,75,16000,
-18.300404,53.230408,flute_synthetic_000-092-050,flute_synthetic_000-092-050,/root/autodl-tmp/tokenizer-eval/data/nsynth/nsynth-valid/audio/flute_synthetic_000-092-050.wav,82,flute_synthetic_000,2,flute,2,synthetic,92,50,16000,distortion
29.77544,15.850058,flute_synthetic_000-040-075,flute_synthetic_000-040-075,/root/autodl-tmp/tokenizer-eval/data/nsynth/nsynth-valid/audio/flute_synthetic_000-040-075.wav,82,flute_synthetic_000,2,flute,2,synthetic,40,75,16000,distortion
9.844667,47.656853,flute_synthetic_000-032-127,flute_synthetic_000-032-127,/root/autodl-tmp/tokenizer-eval/data/nsynth/nsynth-valid/audio/flute_synthetic_000-032-127.wav,82,flute_synthetic_000,2,flute,2,synthetic,32,127,16000,distortion
68.87754,-34.995586,reed_acoustic_023-095-100,reed_acoustic_023-095-100,/root/autodl-tmp/tokenizer-eval/data/nsynth/nsynth-valid/audio/reed_acoustic_023-095-100.wav,224,reed_acoustic_023,7,reed,0,acoustic,95,100,16000,fast_decay|multiphonic|nonlinear_env
1.9195573,1.8159194,keyboard_electronic_003-053-025,keyboard_electronic_003-053-025,/root/autodl-tmp/tokenizer-eval/data/nsynth/nsynth-valid/audio/keyboard_electronic_003-053-025.wav,65,keyboard_electronic_003,4,keyboard,1,electronic,53,25,16000,dark
64.804474,-37.354942,reed_acoustic_023-094-025,reed_acoustic_023-094-025,/root/autodl-tmp/tokenizer-eval/data/nsynth/nsynth-valid/audio/reed_acoustic_023-094-025.wav,224,reed_acoustic_023,7,reed,0,acoustic,94,25,16000,fast_decay|multiphonic|nonlinear_env
52.840763,-15.462442,string_acoustic_056-077-075,string_acoustic_056-077-075,/root/autodl-tmp/tokenizer-eval/data/nsynth/nsynth-valid/audio/string_acoustic_056-077-075.wav,436,string_acoustic_056,8,string,0,acoustic,77,75,16000,fast_decay|percussive|reverb
-19.976011,87.91549,vocal_synthetic_003-063-075,vocal_synthetic_003-063-075,/root/autodl-tmp/tokenizer-eval/data/nsynth/nsynth-valid/audio/vocal_synthetic_003-063-075.wav,37,vocal_synthetic_003,10,vocal,2,synthetic,63,75,16000,bright|distortion|long_release|nonlinear_env
41.795692,-19.332338,bass_synthetic_068-082-127,bass_synthetic_068-082-127,/root/autodl-tmp/tokenizer-eval/data/nsynth/nsynth-valid/audio/bass_synthetic_068-082-127.wav,656,bass_synthetic_068,0,bass,2,synthetic,82,127,16000,distortion|fast_decay
-1.4305408,49.279278,flute_synthetic_000-056-100,flute_synthetic_000-056-100,/root/autodl-tmp/tokenizer-eval/data/nsynth/nsynth-valid/audio/flute_synthetic_000-056-100.wav,82,flute_synthetic_000,2,flute,2,synthetic,56,100,16000,distortion
-24.479664,36.828587,reed_acoustic_037-037-127,reed_acoustic_037-037-127,/root/autodl-tmp/tokenizer-eval/data/nsynth/nsynth-valid/audio/reed_acoustic_037-037-127.wav,387,reed_acoustic_037,7,reed,0,acoustic,37,127,16000,long_release|reverb
-37.838318,47.605915,vocal_synthetic_003-061-075,vocal_synthetic_003-061-075,/root/autodl-tmp/tokenizer-eval/data/nsynth/nsynth-valid/audio/vocal_synthetic_003-061-075.wav,37,vocal_synthetic_003,10,vocal,2,synthetic,61,75,16000,bright|distortion|long_release|nonlinear_env
34.260136,3.6737463,mallet_acoustic_062-046-025,mallet_acoustic_062-046-025,/root/autodl-tmp/tokenizer-eval/data/nsynth/nsynth-valid/audio/mallet_acoustic_062-046-025.wav,644,mallet_acoustic_062,5,mallet,0,acoustic,46,25,16000,dark|fast_decay|multiphonic
-40.99952,-21.67562,string_acoustic_080-053-075,string_acoustic_080-053-075,/root/autodl-tmp/tokenizer-eval/data/nsynth/nsynth-valid/audio/string_acoustic_080-053-075.wav,675,string_acoustic_080,8,string,0,acoustic,53,75,16000,reverb
-13.722832,41.26708,reed_acoustic_018-056-100,reed_acoustic_018-056-100,/root/autodl-tmp/tokenizer-eval/data/nsynth/nsynth-valid/audio/reed_acoustic_018-056-100.wav,183,reed_acoustic_018,7,reed,0,acoustic,56,100,16000,
-51.69445,-31.649818,vocal_synthetic_003-089-025,vocal_synthetic_003-089-025,/root/autodl-tmp/tokenizer-eval/data/nsynth/nsynth-valid/audio/vocal_synthetic_003-089-025.wav,37,vocal_synthetic_003,10,vocal,2,synthetic,89,25,16000,bright|distortion|long_release|nonlinear_env
41.12329,-49.646572,bass_synthetic_034-083-127,bass_synthetic_034-083-127,/root/autodl-tmp/tokenizer-eval/data/nsynth/nsynth-valid/audio/bass_synthetic_034-083-127.wav,420,bass_synthetic_034,0,bass,2,synthetic,83,127,16000,bright|distortion|tempo-synced
-40.981483,3.988941,vocal_synthetic_003-055-025,vocal_synthetic_003-055-025,/root/autodl-tmp/tokenizer-eval/data/nsynth/nsynth-valid/audio/vocal_synthetic_003-055-025.wav,37,vocal_synthetic_003,10,vocal,2,synthetic,55,25,16000,distortion|long_release|nonlinear_env
37.572052,41.897205,bass_electronic_027-045-100,bass_electronic_027-045-100,/root/autodl-tmp/tokenizer-eval/data/nsynth/nsynth-valid/audio/bass_electronic_027-045-100.wav,880,bass_electronic_027,0,bass,1,electronic,45,100,16000,
-42.443596,-3.5170507,vocal_synthetic_003-067-050,vocal_synthetic_003-067-050,/root/autodl-tmp/tokenizer-eval/data/nsynth/nsynth-valid/audio/vocal_synthetic_003-067-050.wav,37,vocal_synthetic_003,10,vocal,2,synthetic,67,50,16000,bright|distortion|long_release|nonlinear_env
-14.477249,-55.894993,brass_acoustic_006-059-075,brass_acoustic_006-059-075,/root/autodl-tmp/tokenizer-eval/data/nsynth/nsynth-valid/audio/brass_acoustic_006-059-075.wav,43,brass_acoustic_006,1,brass,0,acoustic,59,75,16000,reverb
-53.889442,-11.71007,flute_synthetic_000-084-075,flute_synthetic_000-084-075,/root/autodl-tmp/tokenizer-eval/data/nsynth/nsynth-valid/audio/flute_synthetic_000-084-075.wav,82,flute_synthetic_000,2,flute,2,synthetic,84,75,16000,distortion
5.0896506,80.43681,organ_electronic_104-051-127,organ_electronic_104-051-127,/root/autodl-tmp/tokenizer-eval/data/nsynth/nsynth-valid/audio/organ_electronic_104-051-127.wav,921,organ_electronic_104,6,organ,1,electronic,51,127,16000,
27.228453,40.096405,string_acoustic_080-034-127,string_acoustic_080-034-127,/root/autodl-tmp/tokenizer-eval/data/nsynth/nsynth-valid/audio/string_acoustic_080-034-127.wav,675,string_acoustic_080,8,string,0,acoustic,34,127,16000,long_release|reverb
32.205257,46.455444,flute_synthetic_000-045-075,flute_synthetic_000-045-075,/root/autodl-tmp/tokenizer-eval/data/nsynth/nsynth-valid/audio/flute_synthetic_000-045-075.wav,82,flute_synthetic_000,2,flute,2,synthetic,45,75,16000,distortion
72.38803,-9.70525,guitar_acoustic_030-093-025,guitar_acoustic_030-093-025,/root/autodl-tmp/tokenizer-eval/data/nsynth/nsynth-valid/audio/guitar_acoustic_030-093-025.wav,642,guitar_acoustic_030,3,guitar,0,acoustic,93,25,16000,fast_decay|percussive|tempo-synced
-3.8752,82.844055,organ_electronic_001-063-025,organ_electronic_001-063-025,/root/autodl-tmp/tokenizer-eval/data/nsynth/nsynth-valid/audio/organ_electronic_001-063-025.wav,8,organ_electronic_001,6,organ,1,electronic,63,25,16000,
7.209292,78.47359,guitar_acoustic_014-051-100,guitar_acoustic_014-051-100,/root/autodl-tmp/tokenizer-eval/data/nsynth/nsynth-valid/audio/guitar_acoustic_014-051-100.wav,263,guitar_acoustic_014,3,guitar,0,acoustic,51,100,16000,
0.44592628,-40.175034,organ_electronic_028-093-100,organ_electronic_028-093-100,/root/autodl-tmp/tokenizer-eval/data/nsynth/nsynth-valid/audio/organ_electronic_028-093-100.wav,440,organ_electronic_028,6,organ,1,electronic,93,100,16000,bright
-62.698544,10.238194,vocal_synthetic_003-033-075,vocal_synthetic_003-033-075,/root/autodl-tmp/tokenizer-eval/data/nsynth/nsynth-valid/audio/vocal_synthetic_003-033-075.wav,37,vocal_synthetic_003,10,vocal,2,synthetic,33,75,16000,distortion|long_release|nonlinear_env
-16.411959,-56.481453,vocal_acoustic_000-059-075,vocal_acoustic_000-059-075,/root/autodl-tmp/tokenizer-eval/data/nsynth/nsynth-valid/audio/vocal_acoustic_000-059-075.wav,46,vocal_acoustic_000,10,vocal,0,acoustic,59,75,16000,reverb
44.751797,-3.7160518,guitar_acoustic_021-080-127,guitar_acoustic_021-080-127,/root/autodl-tmp/tokenizer-eval/data/nsynth/nsynth-valid/audio/guitar_acoustic_021-080-127.wav,457,guitar_acoustic_021,3,guitar,0,acoustic,80,127,16000,fast_decay|percussive
59.507977,-27.633669,mallet_acoustic_047-093-075,mallet_acoustic_047-093-075,/root/autodl-tmp/tokenizer-eval/data/nsynth/nsynth-valid/audio/mallet_acoustic_047-093-075.wav,488,mallet_acoustic_047,5,mallet,0,acoustic,93,75,16000,fast_decay|percussive|reverb
-7.439056,50.74289,mallet_acoustic_062-056-100,mallet_acoustic_062-056-100,/root/autodl-tmp/tokenizer-eval/data/nsynth/nsynth-valid/audio/mallet_acoustic_062-056-100.wav,644,mallet_acoustic_062,5,mallet,0,acoustic,56,100,16000,dark|multiphonic
49.27627,-42.726463,reed_acoustic_023-047-100,reed_acoustic_023-047-100,/root/autodl-tmp/tokenizer-eval/data/nsynth/nsynth-valid/audio/reed_acoustic_023-047-100.wav,224,reed_acoustic_023,7,reed,0,acoustic,47,100,16000,bright|fast_decay|multiphonic|nonlinear_env
38.401375,-7.9987736,keyboard_acoustic_004-073-100,keyboard_acoustic_004-073-100,/root/autodl-tmp/tokenizer-eval/data/nsynth/nsynth-valid/audio/keyboard_acoustic_004-073-100.wav,327,keyboard_acoustic_004,4,keyboard,0,acoustic,73,100,16000,reverb
65.52601,-12.033084,string_acoustic_056-074-050,string_acoustic_056-074-050,/root/autodl-tmp/tokenizer-eval/data/nsynth/nsynth-valid/audio/string_acoustic_056-074-050.wav,436,string_acoustic_056,8,string,0,acoustic,74,50,16000,fast_decay|percussive|reverb
3.3366234,40.095566,guitar_electronic_022-031-075,guitar_electronic_022-031-075,/root/autodl-tmp/tokenizer-eval/data/nsynth/nsynth-valid/audio/guitar_electronic_022-031-075.wav,378,guitar_electronic_022,3,guitar,1,electronic,31,75,16000,dark
46.71476,25.73794,mallet_acoustic_062-044-025,mallet_acoustic_062-044-025,/root/autodl-tmp/tokenizer-eval/data/nsynth/nsynth-valid/audio/mallet_acoustic_062-044-025.wav,644,mallet_acoustic_062,5,mallet,0,acoustic,44,25,16000,dark|fast_decay|multiphonic
27.662312,11.219697,keyboard_electronic_098-040-075,keyboard_electronic_098-040-075,/root/autodl-tmp/tokenizer-eval/data/nsynth/nsynth-valid/audio/keyboard_electronic_098-040-075.wav,905,keyboard_electronic_098,4,keyboard,1,electronic,40,75,16000,dark|distortion
57.65038,-4.117037,string_acoustic_056-066-025,string_acoustic_056-066-025,/root/autodl-tmp/tokenizer-eval/data/nsynth/nsynth-valid/audio/string_acoustic_056-066-025.wav,436,string_acoustic_056,8,string,0,acoustic,66,25,16000,fast_decay|percussive|reverb
-64.88022,31.519537,reed_acoustic_018-070-127,reed_acoustic_018-070-127,/root/autodl-tmp/tokenizer-eval/data/nsynth/nsynth-valid/audio/reed_acoustic_018-070-127.wav,183,reed_acoustic_018,7,reed,0,acoustic,70,127,16000,
-18.245382,84.27259,string_acoustic_057-087-127,string_acoustic_057-087-127,/root/autodl-tmp/tokenizer-eval/data/nsynth/nsynth-valid/audio/string_acoustic_057-087-127.wav,450,string_acoustic_057,8,string,0,acoustic,87,127,16000,nonlinear_env|reverb
15.182493,11.217046,bass_electronic_027-055-075,bass_electronic_027-055-075,/root/autodl-tmp/tokenizer-eval/data/nsynth/nsynth-valid/audio/bass_electronic_027-055-075.wav,880,bass_electronic_027,0,bass,1,electronic,55,75,16000,
-14.798786,-79.22288,bass_synthetic_009-088-050,bass_synthetic_009-088-050,/root/autodl-tmp/tokenizer-eval/data/nsynth/nsynth-valid/audio/bass_synthetic_009-088-050.wav,150,bass_synthetic_009,0,bass,2,synthetic,88,50,16000,long_release
-90.35538,-1.087932,brass_acoustic_046-092-127,brass_acoustic_046-092-127,/root/autodl-tmp/tokenizer-eval/data/nsynth/nsynth-valid/audio/brass_acoustic_046-092-127.wav,414,brass_acoustic_046,1,brass,0,acoustic,92,127,16000,long_release
9.131511,-25.217264,vocal_synthetic_003-054-025,vocal_synthetic_003-054-025,/root/autodl-tmp/tokenizer-eval/data/nsynth/nsynth-valid/audio/vocal_synthetic_003-054-025.wav,37,vocal_synthetic_003,10,vocal,2,synthetic,54,25,16000,distortion|long_release|nonlinear_env
7.41613,16.936657,bass_synthetic_098-060-025,bass_synthetic_098-060-025,/root/autodl-tmp/tokenizer-eval/data/nsynth/nsynth-valid/audio/bass_synthetic_098-060-025.wav,803,bass_synthetic_098,0,bass,2,synthetic,60,25,16000,dark
-7.3075967,12.749665,keyboard_electronic_001-036-100,keyboard_electronic_001-036-100,/root/autodl-tmp/tokenizer-eval/data/nsynth/nsynth-valid/audio/keyboard_electronic_001-036-100.wav,40,keyboard_electronic_001,4,keyboard,1,electronic,36,100,16000,
-30.212797,37.32324,brass_acoustic_006-061-050,brass_acoustic_006-061-050,/root/autodl-tmp/tokenizer-eval/data/nsynth/nsynth-valid/audio/brass_acoustic_006-061-050.wav,43,brass_acoustic_006,1,brass,0,acoustic,61,50,16000,reverb
-64.195145,35.132095,brass_acoustic_046-082-050,brass_acoustic_046-082-050,/root/autodl-tmp/tokenizer-eval/data/nsynth/nsynth-valid/audio/brass_acoustic_046-082-050.wav,414,brass_acoustic_046,1,brass,0,acoustic,82,50,16000,
36.481564,14.139712,mallet_acoustic_062-039-100,mallet_acoustic_062-039-100,/root/autodl-tmp/tokenizer-eval/data/nsynth/nsynth-valid/audio/mallet_acoustic_062-039-100.wav,644,mallet_acoustic_062,5,mallet,0,acoustic,39,100,16000,dark|long_release|multiphonic
11.7960005,-2.038032,mallet_acoustic_062-042-075,mallet_acoustic_062-042-075,/root/autodl-tmp/tokenizer-eval/data/nsynth/nsynth-valid/audio/mallet_acoustic_062-042-075.wav,644,mallet_acoustic_062,5,mallet,0,acoustic,42,75,16000,dark|multiphonic
73.70777,-15.598793,guitar_acoustic_015-092-050,guitar_acoustic_015-092-050,/root/autodl-tmp/tokenizer-eval/data/nsynth/nsynth-valid/audio/guitar_acoustic_015-092-050.wav,316,guitar_acoustic_015,3,guitar,0,acoustic,92,50,16000,fast_decay|percussive|reverb
-36.19873,-21.572119,vocal_acoustic_000-065-075,vocal_acoustic_000-065-075,/root/autodl-tmp/tokenizer-eval/data/nsynth/nsynth-valid/audio/vocal_acoustic_000-065-075.wav,46,vocal_acoustic_000,10,vocal,0,acoustic,65,75,16000,reverb
-52.909454,-4.33679,brass_acoustic_006-048-050,brass_acoustic_006-048-050,/root/autodl-tmp/tokenizer-eval/data/nsynth/nsynth-valid/audio/brass_acoustic_006-048-050.wav,43,brass_acoustic_006,1,brass,0,acoustic,48,50,16000,reverb
-3.5972326,73.81922,keyboard_acoustic_004-075-127,keyboard_acoustic_004-075-127,/root/autodl-tmp/tokenizer-eval/data/nsynth/nsynth-valid/audio/keyboard_acoustic_004-075-127.wav,327,keyboard_acoustic_004,4,keyboard,0,acoustic,75,127,16000,reverb
-41.315025,-25.924778,brass_acoustic_046-065-050,brass_acoustic_046-065-050,/root/autodl-tmp/tokenizer-eval/data/nsynth/nsynth-valid/audio/brass_acoustic_046-065-050.wav,414,brass_acoustic_046,1,brass,0,acoustic,65,50,16000,
-22.048962,60.80458,vocal_synthetic_003-056-075,vocal_synthetic_003-056-075,/root/autodl-tmp/tokenizer-eval/data/nsynth/nsynth-valid/audio/vocal_synthetic_003-056-075.wav,37,vocal_synthetic_003,10,vocal,2,synthetic,56,75,16000,distortion|long_release|nonlinear_env
-17.925455,83.95945,string_acoustic_057-087-075,string_acoustic_057-087-075,/root/autodl-tmp/tokenizer-eval/data/nsynth/nsynth-valid/audio/string_acoustic_057-087-075.wav,450,string_acoustic_057,8,string,0,acoustic,87,75,16000,nonlinear_env|reverb
-13.820545,41.204178,reed_acoustic_018-056-127,reed_acoustic_018-056-127,/root/autodl-tmp/tokenizer-eval/data/nsynth/nsynth-valid/audio/reed_acoustic_018-056-127.wav,183,reed_acoustic_018,7,reed,0,acoustic,56,127,16000,
70.845535,-6.7610846,mallet_acoustic_056-072-050,mallet_acoustic_056-072-050,/root/autodl-tmp/tokenizer-eval/data/nsynth/nsynth-valid/audio/mallet_acoustic_056-072-050.wav,590,mallet_acoustic_056,5,mallet,0,acoustic,72,50,16000,fast_decay|percussive
-41.457203,-50.364017,brass_acoustic_016-071-050,brass_acoustic_016-071-050,/root/autodl-tmp/tokenizer-eval/data/nsynth/nsynth-valid/audio/brass_acoustic_016-071-050.wav,128,brass_acoustic_016,1,brass,0,acoustic,71,50,16000,bright
57.44802,-17.983898,mallet_acoustic_062-078-050,mallet_acoustic_062-078-050,/root/autodl-tmp/tokenizer-eval/data/nsynth/nsynth-valid/audio/mallet_acoustic_062-078-050.wav,644,mallet_acoustic_062,5,mallet,0,acoustic,78,50,16000,fast_decay|multiphonic
-89.16915,-2.367467,brass_acoustic_046-096-075,brass_acoustic_046-096-075,/root/autodl-tmp/tokenizer-eval/data/nsynth/nsynth-valid/audio/brass_acoustic_046-096-075.wav,414,brass_acoustic_046,1,brass,0,acoustic,96,75,16000,long_release
-18.420982,10.834493,guitar_acoustic_014-048-025,guitar_acoustic_014-048-025,/root/autodl-tmp/tokenizer-eval/data/nsynth/nsynth-valid/audio/guitar_acoustic_014-048-025.wav,263,guitar_acoustic_014,3,guitar,0,acoustic,48,25,16000,
54.713963,-37.618492,reed_acoustic_023-031-127,reed_acoustic_023-031-127,/root/autodl-tmp/tokenizer-eval/data/nsynth/nsynth-valid/audio/reed_acoustic_023-031-127.wav,224,reed_acoustic_023,7,reed,0,acoustic,31,127,16000,bright|fast_decay|multiphonic|nonlinear_env
6.016531,41.1344,flute_synthetic_000-043-127,flute_synthetic_000-043-127,/root/autodl-tmp/tokenizer-eval/data/nsynth/nsynth-valid/audio/flute_synthetic_000-043-127.wav,82,flute_synthetic_000,2,flute,2,synthetic,43,127,16000,distortion
38.18758,-8.022503,keyboard_electronic_001-073-127,keyboard_electronic_001-073-127,/root/autodl-tmp/tokenizer-eval/data/nsynth/nsynth-valid/audio/keyboard_electronic_001-073-127.wav,40,keyboard_electronic_001,4,keyboard,1,electronic,73,127,16000,
0.14401144,-20.159994,keyboard_synthetic_000-074-050,keyboard_synthetic_000-074-050,/root/autodl-tmp/tokenizer-eval/data/nsynth/nsynth-valid/audio/keyboard_synthetic_000-074-050.wav,577,keyboard_synthetic_000,4,keyboard,2,synthetic,74,50,16000,distortion|fast_decay|nonlinear_env
-32.1623,41.917152,organ_electronic_001-085-050,organ_electronic_001-085-050,/root/autodl-tmp/tokenizer-eval/data/nsynth/nsynth-valid/audio/organ_electronic_001-085-050.wav,8,organ_electronic_001,6,organ,1,electronic,85,50,16000,
-35.704643,32.868553,organ_electronic_001-042-075,organ_electronic_001-042-075,/root/autodl-tmp/tokenizer-eval/data/nsynth/nsynth-valid/audio/organ_electronic_001-042-075.wav,8,organ_electronic_001,6,organ,1,electronic,42,75,16000,dark
8.276498,-40.724525,reed_acoustic_011-045-100,reed_acoustic_011-045-100,/root/autodl-tmp/tokenizer-eval/data/nsynth/nsynth-valid/audio/reed_acoustic_011-045-100.wav,104,reed_acoustic_011,7,reed,0,acoustic,45,100,16000,bright
25.602167,32.668076,bass_synthetic_034-047-050,bass_synthetic_034-047-050,/root/autodl-tmp/tokenizer-eval/data/nsynth/nsynth-valid/audio/bass_synthetic_034-047-050.wav,420,bass_synthetic_034,0,bass,2,synthetic,47,50,16000,distortion|tempo-synced
45.889446,20.304705,keyboard_synthetic_000-038-127,keyboard_synthetic_000-038-127,/root/autodl-tmp/tokenizer-eval/data/nsynth/nsynth-valid/audio/keyboard_synthetic_000-038-127.wav,577,keyboard_synthetic_000,4,keyboard,2,synthetic,38,127,16000,bright|distortion|fast_decay|nonlinear_env
45.295876,-41.871746,reed_acoustic_023-061-025,reed_acoustic_023-061-025,/root/autodl-tmp/tokenizer-eval/data/nsynth/nsynth-valid/audio/reed_acoustic_023-061-025.wav,224,reed_acoustic_023,7,reed,0,acoustic,61,25,16000,bright|fast_decay|multiphonic|nonlinear_env
-28.352856,-63.765106,vocal_synthetic_003-071-050,vocal_synthetic_003-071-050,/root/autodl-tmp/tokenizer-eval/data/nsynth/nsynth-valid/audio/vocal_synthetic_003-071-050.wav,37,vocal_synthetic_003,10,vocal,2,synthetic,71,50,16000,bright|distortion|long_release|nonlinear_env
-71.11496,30.506283,string_acoustic_057-082-127,string_acoustic_057-082-127,/root/autodl-tmp/tokenizer-eval/data/nsynth/nsynth-valid/audio/string_acoustic_057-082-127.wav,450,string_acoustic_057,8,string,0,acoustic,82,127,16000,bright|nonlinear_env|reverb
-29.838783,-23.702112,bass_synthetic_135-065-127,bass_synthetic_135-065-127,/root/autodl-tmp/tokenizer-eval/data/nsynth/nsynth-valid/audio/bass_synthetic_135-065-127.wav,927,bass_synthetic_135,0,bass,2,synthetic,65,127,16000,distortion
-69.835655,34.79151,organ_electronic_001-094-025,organ_electronic_001-094-025,/root/autodl-tmp/tokenizer-eval/data/nsynth/nsynth-valid/audio/organ_electronic_001-094-025.wav,8,organ_electronic_001,6,organ,1,electronic,94,25,16000,
-12.607625,19.498539,brass_acoustic_006-034-075,brass_acoustic_006-034-075,/root/autodl-tmp/tokenizer-eval/data/nsynth/nsynth-valid/audio/brass_acoustic_006-034-075.wav,43,brass_acoustic_006,1,brass,0,acoustic,34,75,16000,reverb
-19.097366,-74.37501,vocal_synthetic_003-064-075,vocal_synthetic_003-064-075,/root/autodl-tmp/tokenizer-eval/data/nsynth/nsynth-valid/audio/vocal_synthetic_003-064-075.wav,37,vocal_synthetic_003,10,vocal,2,synthetic,64,75,16000,bright|distortion|long_release|nonlinear_env
-41.18677,-4.9135313,bass_synthetic_009-067-050,bass_synthetic_009-067-050,/root/autodl-tmp/tokenizer-eval/data/nsynth/nsynth-valid/audio/bass_synthetic_009-067-050.wav,150,bass_synthetic_009,0,bass,2,synthetic,67,50,16000,bright|distortion|long_release
-36.557198,4.074146,reed_acoustic_018-067-075,reed_acoustic_018-067-075,/root/autodl-tmp/tokenizer-eval/data/nsynth/nsynth-valid/audio/reed_acoustic_018-067-075.wav,183,reed_acoustic_018,7,reed,0,acoustic,67,75,16000,
60.08497,-25.526068,keyboard_electronic_098-093-075,keyboard_electronic_098-093-075,/root/autodl-tmp/tokenizer-eval/data/nsynth/nsynth-valid/audio/keyboard_electronic_098-093-075.wav,905,keyboard_electronic_098,4,keyboard,1,electronic,93,75,16000,fast_decay|percussive
-9.337335,-28.373478,flute_acoustic_002-074-100,flute_acoustic_002-074-100,/root/autodl-tmp/tokenizer-eval/data/nsynth/nsynth-valid/audio/flute_acoustic_002-074-100.wav,86,flute_acoustic_002,2,flute,0,acoustic,74,100,16000,reverb
-30.502821,9.768244,brass_acoustic_046-055-100,brass_acoustic_046-055-100,/root/autodl-tmp/tokenizer-eval/data/nsynth/nsynth-valid/audio/brass_acoustic_046-055-100.wav,414,brass_acoustic_046,1,brass,0,acoustic,55,100,16000,
52.355957,-21.934658,mallet_acoustic_056-090-100,mallet_acoustic_056-090-100,/root/autodl-tmp/tokenizer-eval/data/nsynth/nsynth-valid/audio/mallet_acoustic_056-090-100.wav,590,mallet_acoustic_056,5,mallet,0,acoustic,90,100,16000,
4.705,-69.687386,mallet_acoustic_062-064-100,mallet_acoustic_062-064-100,/root/autodl-tmp/tokenizer-eval/data/nsynth/nsynth-valid/audio/mallet_acoustic_062-064-100.wav,644,mallet_acoustic_062,5,mallet,0,acoustic,64,100,16000,dark|multiphonic
-13.132037,16.191574,brass_acoustic_006-036-127,brass_acoustic_006-036-127,/root/autodl-tmp/tokenizer-eval/data/nsynth/nsynth-valid/audio/brass_acoustic_006-036-127.wav,43,brass_acoustic_006,1,brass,0,acoustic,36,127,16000,reverb
-42.413498,-3.531633,vocal_synthetic_003-067-075,vocal_synthetic_003-067-075,/root/autodl-tmp/tokenizer-eval/data/nsynth/nsynth-valid/audio/vocal_synthetic_003-067-075.wav,37,vocal_synthetic_003,10,vocal,2,synthetic,67,75,16000,bright|distortion|long_release|nonlinear_env
-16.504465,-33.58488,vocal_synthetic_003-086-100,vocal_synthetic_003-086-100,/root/autodl-tmp/tokenizer-eval/data/nsynth/nsynth-valid/audio/vocal_synthetic_003-086-100.wav,37,vocal_synthetic_003,10,vocal,2,synthetic,86,100,16000,bright|distortion|long_release|nonlinear_env
-56.009354,-17.425413,string_acoustic_057-096-127,string_acoustic_057-096-127,/root/autodl-tmp/tokenizer-eval/data/nsynth/nsynth-valid/audio/string_acoustic_057-096-127.wav,450,string_acoustic_057,8,string,0,acoustic,96,127,16000,nonlinear_env|reverb
7.7676744,-46.586693,vocal_acoustic_000-057-050,vocal_acoustic_000-057-050,/root/autodl-tmp/tokenizer-eval/data/nsynth/nsynth-valid/audio/vocal_acoustic_000-057-050.wav,46,vocal_acoustic_000,10,vocal,0,acoustic,57,50,16000,reverb
-7.4952507,-13.848,organ_electronic_113-050-100,organ_electronic_113-050-100,/root/autodl-tmp/tokenizer-eval/data/nsynth/nsynth-valid/audio/organ_electronic_113-050-100.wav,958,organ_electronic_113,6,organ,1,electronic,50,100,16000,dark
-37.628036,10.488766,guitar_acoustic_014-055-050,guitar_acoustic_014-055-050,/root/autodl-tmp/tokenizer-eval/data/nsynth/nsynth-valid/audio/guitar_acoustic_014-055-050.wav,263,guitar_acoustic_014,3,guitar,0,acoustic,55,50,16000,
32.15606,-5.3574834,keyboard_acoustic_004-071-025,keyboard_acoustic_004-071-025,/root/autodl-tmp/tokenizer-eval/data/nsynth/nsynth-valid/audio/keyboard_acoustic_004-071-025.wav,327,keyboard_acoustic_004,4,keyboard,0,acoustic,71,25,16000,dark|reverb
-33.624958,37.678123,string_acoustic_057-073-100,string_acoustic_057-073-100,/root/autodl-tmp/tokenizer-eval/data/nsynth/nsynth-valid/audio/string_acoustic_057-073-100.wav,450,string_acoustic_057,8,string,0,acoustic,73,100,16000,bright|nonlinear_env|reverb
-59.638367,-15.49336,string_acoustic_057-084-050,string_acoustic_057-084-050,/root/autodl-tmp/tokenizer-eval/data/nsynth/nsynth-valid/audio/string_acoustic_057-084-050.wav,450,string_acoustic_057,8,string,0,acoustic,84,50,16000,bright|nonlinear_env|reverb
40.03809,-8.3373785,bass_synthetic_134-073-050,bass_synthetic_134-073-050,/root/autodl-tmp/tokenizer-eval/data/nsynth/nsynth-valid/audio/bass_synthetic_134-073-050.wav,914,bass_synthetic_134,0,bass,2,synthetic,73,50,16000,dark|reverb
21.56342,-9.718128,keyboard_electronic_078-047-050,keyboard_electronic_078-047-050,/root/autodl-tmp/tokenizer-eval/data/nsynth/nsynth-valid/audio/keyboard_electronic_078-047-050.wav,838,keyboard_electronic_078,4,keyboard,1,electronic,47,50,16000,bright
-29.86302,39.72168,vocal_synthetic_003-049-025,vocal_synthetic_003-049-025,/root/autodl-tmp/tokenizer-eval/data/nsynth/nsynth-valid/audio/vocal_synthetic_003-049-025.wav,37,vocal_synthetic_003,10,vocal,2,synthetic,49,25,16000,distortion|long_release|nonlinear_env
9.373439,-49.66787,guitar_acoustic_014-069-127,guitar_acoustic_014-069-127,/root/autodl-tmp/tokenizer-eval/data/nsynth/nsynth-valid/audio/guitar_acoustic_014-069-127.wav,263,guitar_acoustic_014,3,guitar,0,acoustic,69,127,16000,
-12.415161,58.48362,organ_electronic_113-068-075,organ_electronic_113-068-075,/root/autodl-tmp/tokenizer-eval/data/nsynth/nsynth-valid/audio/organ_electronic_113-068-075.wav,958,organ_electronic_113,6,organ,1,electronic,68,75,16000,
-54.046265,25.916048,guitar_acoustic_015-058-025,guitar_acoustic_015-058-025,/root/autodl-tmp/tokenizer-eval/data/nsynth/nsynth-valid/audio/guitar_acoustic_015-058-025.wav,316,guitar_acoustic_015,3,guitar,0,acoustic,58,25,16000,reverb
20.352497,18.466822,bass_electronic_027-048-100,bass_electronic_027-048-100,/root/autodl-tmp/tokenizer-eval/data/nsynth/nsynth-valid/audio/bass_electronic_027-048-100.wav,880,bass_electronic_027,0,bass,1,electronic,48,100,16000,
-4.5860534,-70.139854,brass_acoustic_046-052-075,brass_acoustic_046-052-075,/root/autodl-tmp/tokenizer-eval/data/nsynth/nsynth-valid/audio/brass_acoustic_046-052-075.wav,414,brass_acoustic_046,1,brass,0,acoustic,52,75,16000,
65.62833,-45.81855,reed_acoustic_023-093-025,reed_acoustic_023-093-025,/root/autodl-tmp/tokenizer-eval/data/nsynth/nsynth-valid/audio/reed_acoustic_023-093-025.wav,224,reed_acoustic_023,7,reed,0,acoustic,93,25,16000,fast_decay|multiphonic|nonlinear_env
-34.045033,-30.25662,flute_synthetic_000-089-127,flute_synthetic_000-089-127,/root/autodl-tmp/tokenizer-eval/data/nsynth/nsynth-valid/audio/flute_synthetic_000-089-127.wav,82,flute_synthetic_000,2,flute,2,synthetic,89,127,16000,distortion
-4.963328,-43.282627,brass_acoustic_006-081-050,brass_acoustic_006-081-050,/root/autodl-tmp/tokenizer-eval/data/nsynth/nsynth-valid/audio/brass_acoustic_006-081-050.wav,43,brass_acoustic_006,1,brass,0,acoustic,81,50,16000,reverb
5.482357,-49.244114,organ_electronic_113-069-100,organ_electronic_113-069-100,/root/autodl-tmp/tokenizer-eval/data/nsynth/nsynth-valid/audio/organ_electronic_113-069-100.wav,958,organ_electronic_113,6,organ,1,electronic,69,100,16000,
6.3490615,17.647556,bass_synthetic_098-058-025,bass_synthetic_098-058-025,/root/autodl-tmp/tokenizer-eval/data/nsynth/nsynth-valid/audio/bass_synthetic_098-058-025.wav,803,bass_synthetic_098,0,bass,2,synthetic,58,25,16000,dark
14.8342285,32.55088,string_acoustic_012-034-100,string_acoustic_012-034-100,/root/autodl-tmp/tokenizer-eval/data/nsynth/nsynth-valid/audio/string_acoustic_012-034-100.wav,97,string_acoustic_012,8,string,0,acoustic,34,100,16000,long_release|reverb
-1.2701135,49.564713,flute_synthetic_000-056-050,flute_synthetic_000-056-050,/root/autodl-tmp/tokenizer-eval/data/nsynth/nsynth-valid/audio/flute_synthetic_000-056-050.wav,82,flute_synthetic_000,2,flute,2,synthetic,56,50,16000,distortion
-1.5434122,-22.87227,bass_synthetic_135-086-025,bass_synthetic_135-086-025,/root/autodl-tmp/tokenizer-eval/data/nsynth/nsynth-valid/audio/bass_synthetic_135-086-025.wav,927,bass_synthetic_135,0,bass,2,synthetic,86,25,16000,distortion
-26.971785,1.1747385,guitar_acoustic_015-067-025,guitar_acoustic_015-067-025,/root/autodl-tmp/tokenizer-eval/data/nsynth/nsynth-valid/audio/guitar_acoustic_015-067-025.wav,316,guitar_acoustic_015,3,guitar,0,acoustic,67,25,16000,reverb
25.394085,-9.079272,guitar_acoustic_021-059-075,guitar_acoustic_021-059-075,/root/autodl-tmp/tokenizer-eval/data/nsynth/nsynth-valid/audio/guitar_acoustic_021-059-075.wav,457,guitar_acoustic_021,3,guitar,0,acoustic,59,75,16000,
-61.58825,12.652835,vocal_synthetic_003-034-050,vocal_synthetic_003-034-050,/root/autodl-tmp/tokenizer-eval/data/nsynth/nsynth-valid/audio/vocal_synthetic_003-034-050.wav,37,vocal_synthetic_003,10,vocal,2,synthetic,34,50,16000,distortion|long_release|nonlinear_env
3.5783784,2.0561442,flute_synthetic_000-053-050,flute_synthetic_000-053-050,/root/autodl-tmp/tokenizer-eval/data/nsynth/nsynth-valid/audio/flute_synthetic_000-053-050.wav,82,flute_synthetic_000,2,flute,2,synthetic,53,50,16000,distortion
0.40504664,-44.2439,flute_synthetic_000-093-075,flute_synthetic_000-093-075,/root/autodl-tmp/tokenizer-eval/data/nsynth/nsynth-valid/audio/flute_synthetic_000-093-075.wav,82,flute_synthetic_000,2,flute,2,synthetic,93,75,16000,distortion
29.910769,13.298573,flute_synthetic_000-052-075,flute_synthetic_000-052-075,/root/autodl-tmp/tokenizer-eval/data/nsynth/nsynth-valid/audio/flute_synthetic_000-052-075.wav,82,flute_synthetic_000,2,flute,2,synthetic,52,75,16000,distortion
-1.0220239,32.445396,organ_electronic_001-043-100,organ_electronic_001-043-100,/root/autodl-tmp/tokenizer-eval/data/nsynth/nsynth-valid/audio/organ_electronic_001-043-100.wav,8,organ_electronic_001,6,organ,1,electronic,43,100,16000,dark
6.320003,76.423615,vocal_synthetic_003-039-025,vocal_synthetic_003-039-025,/root/autodl-tmp/tokenizer-eval/data/nsynth/nsynth-valid/audio/vocal_synthetic_003-039-025.wav,37,vocal_synthetic_003,10,vocal,2,synthetic,39,25,16000,distortion|long_release|nonlinear_env
-39.567814,-17.582144,brass_acoustic_016-053-050,brass_acoustic_016-053-050,/root/autodl-tmp/tokenizer-eval/data/nsynth/nsynth-valid/audio/brass_acoustic_016-053-050.wav,128,brass_acoustic_016,1,brass,0,acoustic,53,50,16000,
49.576305,4.778054,mallet_acoustic_062-062-025,mallet_acoustic_062-062-025,/root/autodl-tmp/tokenizer-eval/data/nsynth/nsynth-valid/audio/mallet_acoustic_062-062-025.wav,644,mallet_acoustic_062,5,mallet,0,acoustic,62,25,16000,dark|fast_decay|multiphonic
30.93558,-3.996862,bass_electronic_018-059-075,bass_electronic_018-059-075,/root/autodl-tmp/tokenizer-eval/data/nsynth/nsynth-valid/audio/bass_electronic_018-059-075.wav,759,bass_electronic_018,0,bass,1,electronic,59,75,16000,
-14.760357,5.9542184,keyboard_electronic_002-060-025,keyboard_electronic_002-060-025,/root/autodl-tmp/tokenizer-eval/data/nsynth/nsynth-valid/audio/keyboard_electronic_002-060-025.wav,50,keyboard_electronic_002,4,keyboard,1,electronic,60,25,16000,
37.573925,34.24254,mallet_acoustic_062-032-100,mallet_acoustic_062-032-100,/root/autodl-tmp/tokenizer-eval/data/nsynth/nsynth-valid/audio/mallet_acoustic_062-032-100.wav,644,mallet_acoustic_062,5,mallet,0,acoustic,32,100,16000,dark|long_release|multiphonic
3.455137,-72.03149,bass_synthetic_033-076-100,bass_synthetic_033-076-100,/root/autodl-tmp/tokenizer-eval/data/nsynth/nsynth-valid/audio/bass_synthetic_033-076-100.wav,417,bass_synthetic_033,0,bass,2,synthetic,76,100,16000,
-9.652918,-36.774094,organ_electronic_007-086-100,organ_electronic_007-086-100,/root/autodl-tmp/tokenizer-eval/data/nsynth/nsynth-valid/audio/organ_electronic_007-086-100.wav,123,organ_electronic_007,6,organ,1,electronic,86,100,16000,long_release|nonlinear_env
4.4021235,-71.19955,guitar_electronic_028-064-100,guitar_electronic_028-064-100,/root/autodl-tmp/tokenizer-eval/data/nsynth/nsynth-valid/audio/guitar_electronic_028-064-100.wav,510,guitar_electronic_028,3,guitar,1,electronic,64,100,16000,
-19.642033,5.7298927,organ_electronic_113-060-127,organ_electronic_113-060-127,/root/autodl-tmp/tokenizer-eval/data/nsynth/nsynth-valid/audio/organ_electronic_113-060-127.wav,958,organ_electronic_113,6,organ,1,electronic,60,127,16000,dark
7.6729236,-39.98582,brass_acoustic_046-057-127,brass_acoustic_046-057-127,/root/autodl-tmp/tokenizer-eval/data/nsynth/nsynth-valid/audio/brass_acoustic_046-057-127.wav,414,brass_acoustic_046,1,brass,0,acoustic,57,127,16000,
-13.255875,-61.42556,organ_electronic_113-071-050,organ_electronic_113-071-050,/root/autodl-tmp/tokenizer-eval/data/nsynth/nsynth-valid/audio/organ_electronic_113-071-050.wav,958,organ_electronic_113,6,organ,1,electronic,71,50,16000,
-59.876514,-24.99849,vocal_synthetic_003-096-025,vocal_synthetic_003-096-025,/root/autodl-tmp/tokenizer-eval/data/nsynth/nsynth-valid/audio/vocal_synthetic_003-096-025.wav,37,vocal_synthetic_003,10,vocal,2,synthetic,96,25,16000,bright|distortion|long_release|nonlinear_env
-11.75497,19.92922,brass_acoustic_006-031-100,brass_acoustic_006-031-100,/root/autodl-tmp/tokenizer-eval/data/nsynth/nsynth-valid/audio/brass_acoustic_006-031-100.wav,43,brass_acoustic_006,1,brass,0,acoustic,31,100,16000,reverb
-2.1175632,-78.57434,reed_acoustic_037-064-127,reed_acoustic_037-064-127,/root/autodl-tmp/tokenizer-eval/data/nsynth/nsynth-valid/audio/reed_acoustic_037-064-127.wav,387,reed_acoustic_037,7,reed,0,acoustic,64,127,16000,long_release|reverb
-86.054955,0.46667558,brass_acoustic_046-087-100,brass_acoustic_046-087-100,/root/autodl-tmp/tokenizer-eval/data/nsynth/nsynth-valid/audio/brass_acoustic_046-087-100.wav,414,brass_acoustic_046,1,brass,0,acoustic,87,100,16000,long_release
-57.474182,42.77411,reed_acoustic_037-039-050,reed_acoustic_037-039-050,/root/autodl-tmp/tokenizer-eval/data/nsynth/nsynth-valid/audio/reed_acoustic_037-039-050.wav,387,reed_acoustic_037,7,reed,0,acoustic,39,50,16000,reverb
-11.563099,-44.75443,vocal_synthetic_003-081-025,vocal_synthetic_003-081-025,/root/autodl-tmp/tokenizer-eval/data/nsynth/nsynth-valid/audio/vocal_synthetic_003-081-025.wav,37,vocal_synthetic_003,10,vocal,2,synthetic,81,25,16000,bright|distortion|long_release|nonlinear_env
15.277949,-32.708664,organ_electronic_028-090-075,organ_electronic_028-090-075,/root/autodl-tmp/tokenizer-eval/data/nsynth/nsynth-valid/audio/organ_electronic_028-090-075.wav,440,organ_electronic_028,6,organ,1,electronic,90,75,16000,
-14.180329,22.298168,brass_acoustic_006-046-100,brass_acoustic_006-046-100,/root/autodl-tmp/tokenizer-eval/data/nsynth/nsynth-valid/audio/brass_acoustic_006-046-100.wav,43,brass_acoustic_006,1,brass,0,acoustic,46,100,16000,long_release|reverb
58.722,-41.991066,reed_acoustic_023-064-050,reed_acoustic_023-064-050,/root/autodl-tmp/tokenizer-eval/data/nsynth/nsynth-valid/audio/reed_acoustic_023-064-050.wav,224,reed_acoustic_023,7,reed,0,acoustic,64,50,16000,bright|fast_decay|multiphonic|nonlinear_env
-36.189034,2.683661,flute_acoustic_002-067-127,flute_acoustic_002-067-127,/root/autodl-tmp/tokenizer-eval/data/nsynth/nsynth-valid/audio/flute_acoustic_002-067-127.wav,86,flute_acoustic_002,2,flute,0,acoustic,67,127,16000,long_release|reverb
26.267805,-10.287096,mallet_acoustic_062-059-100,mallet_acoustic_062-059-100,/root/autodl-tmp/tokenizer-eval/data/nsynth/nsynth-valid/audio/mallet_acoustic_062-059-100.wav,644,mallet_acoustic_062,5,mallet,0,acoustic,59,100,16000,dark|multiphonic
-30.363636,-30.217299,guitar_electronic_028-089-025,guitar_electronic_028-089-025,/root/autodl-tmp/tokenizer-eval/data/nsynth/nsynth-valid/audio/guitar_electronic_028-089-025.wav,510,guitar_electronic_028,3,guitar,1,electronic,89,25,16000,
6.67977,1.2944752,flute_synthetic_000-041-127,flute_synthetic_000-041-127,/root/autodl-tmp/tokenizer-eval/data/nsynth/nsynth-valid/audio/flute_synthetic_000-041-127.wav,82,flute_synthetic_000,2,flute,2,synthetic,41,127,16000,distortion
60.564087,-7.8028684,string_acoustic_056-075-075,string_acoustic_056-075-075,/root/autodl-tmp/tokenizer-eval/data/nsynth/nsynth-valid/audio/string_acoustic_056-075-075.wav,436,string_acoustic_056,8,string,0,acoustic,75,75,16000,fast_decay|percussive|reverb
60.66468,-23.84569,mallet_acoustic_062-081-050,mallet_acoustic_062-081-050,/root/autodl-tmp/tokenizer-eval/data/nsynth/nsynth-valid/audio/mallet_acoustic_062-081-050.wav,644,mallet_acoustic_062,5,mallet,0,acoustic,81,50,16000,fast_decay|multiphonic
-21.161697,8.401565,organ_electronic_104-041-050,organ_electronic_104-041-050,/root/autodl-tmp/tokenizer-eval/data/nsynth/nsynth-valid/audio/organ_electronic_104-041-050.wav,921,organ_electronic_104,6,organ,1,electronic,41,50,16000,
13.905727,-12.0141,vocal_synthetic_003-035-025,vocal_synthetic_003-035-025,/root/autodl-tmp/tokenizer-eval/data/nsynth/nsynth-valid/audio/vocal_synthetic_003-035-025.wav,37,vocal_synthetic_003,10,vocal,2,synthetic,35,25,16000,distortion|long_release|nonlinear_env
8.512931,-52.800156,organ_electronic_001-069-025,organ_electronic_001-069-025,/root/autodl-tmp/tokenizer-eval/data/nsynth/nsynth-valid/audio/organ_electronic_001-069-025.wav,8,organ_electronic_001,6,organ,1,electronic,69,25,16000,
30.832844,-9.881366,keyboard_electronic_001-071-127,keyboard_electronic_001-071-127,/root/autodl-tmp/tokenizer-eval/data/nsynth/nsynth-valid/audio/keyboard_electronic_001-071-127.wav,40,keyboard_electronic_001,4,keyboard,1,electronic,71,127,16000,
1.6665021,-16.01658,keyboard_electronic_001-050-100,keyboard_electronic_001-050-100,/root/autodl-tmp/tokenizer-eval/data/nsynth/nsynth-valid/audio/keyboard_electronic_001-050-100.wav,40,keyboard_electronic_001,4,keyboard,1,electronic,50,100,16000,
3.970922,55.547306,organ_electronic_113-032-075,organ_electronic_113-032-075,/root/autodl-tmp/tokenizer-eval/data/nsynth/nsynth-valid/audio/organ_electronic_113-032-075.wav,958,organ_electronic_113,6,organ,1,electronic,32,75,16000,dark
20.796886,-47.495358,keyboard_electronic_001-081-050,keyboard_electronic_001-081-050,/root/autodl-tmp/tokenizer-eval/data/nsynth/nsynth-valid/audio/keyboard_electronic_001-081-050.wav,40,keyboard_electronic_001,4,keyboard,1,electronic,81,50,16000,
-32.444,6.6475244,vocal_acoustic_000-055-050,vocal_acoustic_000-055-050,/root/autodl-tmp/tokenizer-eval/data/nsynth/nsynth-valid/audio/vocal_acoustic_000-055-050.wav,46,vocal_acoustic_000,10,vocal,0,acoustic,55,50,16000,reverb
30.363806,-10.237256,keyboard_electronic_001-059-075,keyboard_electronic_001-059-075,/root/autodl-tmp/tokenizer-eval/data/nsynth/nsynth-valid/audio/keyboard_electronic_001-059-075.wav,40,keyboard_electronic_001,4,keyboard,1,electronic,59,75,16000,dark
-1.4463896,-76.50051,brass_acoustic_015-076-050,brass_acoustic_015-076-050,/root/autodl-tmp/tokenizer-eval/data/nsynth/nsynth-valid/audio/brass_acoustic_015-076-050.wav,121,brass_acoustic_015,1,brass,0,acoustic,76,50,16000,reverb
77.773026,-17.815676,mallet_acoustic_047-068-075,mallet_acoustic_047-068-075,/root/autodl-tmp/tokenizer-eval/data/nsynth/nsynth-valid/audio/mallet_acoustic_047-068-075.wav,488,mallet_acoustic_047,5,mallet,0,acoustic,68,75,16000,fast_decay|percussive|reverb
-68.827835,29.442032,brass_acoustic_046-070-127,brass_acoustic_046-070-127,/root/autodl-tmp/tokenizer-eval/data/nsynth/nsynth-valid/audio/brass_acoustic_046-070-127.wav,414,brass_acoustic_046,1,brass,0,acoustic,70,127,16000,bright
9.983449,19.248636,bass_synthetic_098-047-075,bass_synthetic_098-047-075,/root/autodl-tmp/tokenizer-eval/data/nsynth/nsynth-valid/audio/bass_synthetic_098-047-075.wav,803,bass_synthetic_098,0,bass,2,synthetic,47,75,16000,
-10.905945,83.65505,reed_acoustic_018-063-025,reed_acoustic_018-063-025,/root/autodl-tmp/tokenizer-eval/data/nsynth/nsynth-valid/audio/reed_acoustic_018-063-025.wav,183,reed_acoustic_018,7,reed,0,acoustic,63,25,16000,
-39.551815,-17.409391,brass_acoustic_016-053-127,brass_acoustic_016-053-127,/root/autodl-tmp/tokenizer-eval/data/nsynth/nsynth-valid/audio/brass_acoustic_016-053-127.wav,128,brass_acoustic_016,1,brass,0,acoustic,53,127,16000,
1.3859676,52.529118,organ_electronic_028-044-050,organ_electronic_028-044-050,/root/autodl-tmp/tokenizer-eval/data/nsynth/nsynth-valid/audio/organ_electronic_028-044-050.wav,440,organ_electronic_028,6,organ,1,electronic,44,50,16000,dark
20.624884,19.500513,bass_synthetic_068-048-025,bass_synthetic_068-048-025,/root/autodl-tmp/tokenizer-eval/data/nsynth/nsynth-valid/audio/bass_synthetic_068-048-025.wav,656,bass_synthetic_068,0,bass,2,synthetic,48,25,16000,dark
8.773124,-4.68381,bass_electronic_025-042-100,bass_electronic_025-042-100,/root/autodl-tmp/tokenizer-eval/data/nsynth/nsynth-valid/audio/bass_electronic_025-042-100.wav,872,bass_electronic_025,0,bass,1,electronic,42,100,16000,
24.133688,65.91082,organ_electronic_104-031-075,organ_electronic_104-031-075,/root/autodl-tmp/tokenizer-eval/data/nsynth/nsynth-valid/audio/organ_electronic_104-031-075.wav,921,organ_electronic_104,6,organ,1,electronic,31,75,16000,
15.186123,-21.646202,keyboard_electronic_098-054-050,keyboard_electronic_098-054-050,/root/autodl-tmp/tokenizer-eval/data/nsynth/nsynth-valid/audio/keyboard_electronic_098-054-050.wav,905,keyboard_electronic_098,4,keyboard,1,electronic,54,50,16000,dark
-12.247076,26.18353,brass_acoustic_006-032-050,brass_acoustic_006-032-050,/root/autodl-tmp/tokenizer-eval/data/nsynth/nsynth-valid/audio/brass_acoustic_006-032-050.wav,43,brass_acoustic_006,1,brass,0,acoustic,32,50,16000,long_release|reverb
-27.667439,27.829643,keyboard_electronic_003-061-100,keyboard_electronic_003-061-100,/root/autodl-tmp/tokenizer-eval/data/nsynth/nsynth-valid/audio/keyboard_electronic_003-061-100.wav,65,keyboard_electronic_003,4,keyboard,1,electronic,61,100,16000,
-17.431562,-77.6219,vocal_synthetic_003-088-050,vocal_synthetic_003-088-050,/root/autodl-tmp/tokenizer-eval/data/nsynth/nsynth-valid/audio/vocal_synthetic_003-088-050.wav,37,vocal_synthetic_003,10,vocal,2,synthetic,88,50,16000,bright|distortion|long_release|nonlinear_env
18.235401,-10.724608,flute_synthetic_000-059-127,flute_synthetic_000-059-127,/root/autodl-tmp/tokenizer-eval/data/nsynth/nsynth-valid/audio/flute_synthetic_000-059-127.wav,82,flute_synthetic_000,2,flute,2,synthetic,59,127,16000,distortion
57.667603,-21.31435,keyboard_electronic_098-091-025,keyboard_electronic_098-091-025,/root/autodl-tmp/tokenizer-eval/data/nsynth/nsynth-valid/audio/keyboard_electronic_098-091-025.wav,905,keyboard_electronic_098,4,keyboard,1,electronic,91,25,16000,fast_decay|percussive
-18.963297,46.052788,vocal_synthetic_003-044-025,vocal_synthetic_003-044-025,/root/autodl-tmp/tokenizer-eval/data/nsynth/nsynth-valid/audio/vocal_synthetic_003-044-025.wav,37,vocal_synthetic_003,10,vocal,2,synthetic,44,25,16000,distortion|long_release|nonlinear_env
-12.134619,-30.309471,bass_synthetic_009-062-025,bass_synthetic_009-062-025,/root/autodl-tmp/tokenizer-eval/data/nsynth/nsynth-valid/audio/bass_synthetic_009-062-025.wav,150,bass_synthetic_009,0,bass,2,synthetic,62,25,16000,bright|distortion|long_release
-62.341465,0.53166145,vocal_synthetic_003-048-075,vocal_synthetic_003-048-075,/root/autodl-tmp/tokenizer-eval/data/nsynth/nsynth-valid/audio/vocal_synthetic_003-048-075.wav,37,vocal_synthetic_003,10,vocal,2,synthetic,48,75,16000,distortion|long_release|nonlinear_env
-6.6451826,85.032295,reed_acoustic_037-056-075,reed_acoustic_037-056-075,/root/autodl-tmp/tokenizer-eval/data/nsynth/nsynth-valid/audio/reed_acoustic_037-056-075.wav,387,reed_acoustic_037,7,reed,0,acoustic,56,75,16000,reverb
-87.03745,-1.7341375,brass_acoustic_046-093-025,brass_acoustic_046-093-025,/root/autodl-tmp/tokenizer-eval/data/nsynth/nsynth-valid/audio/brass_acoustic_046-093-025.wav,414,brass_acoustic_046,1,brass,0,acoustic,93,25,16000,long_release
46.592815,-45.298203,reed_acoustic_023-066-127,reed_acoustic_023-066-127,/root/autodl-tmp/tokenizer-eval/data/nsynth/nsynth-valid/audio/reed_acoustic_023-066-127.wav,224,reed_acoustic_023,7,reed,0,acoustic,66,127,16000,bright|fast_decay|multiphonic|nonlinear_env
-60.583744,30.566414,vocal_acoustic_000-070-050,vocal_acoustic_000-070-050,/root/autodl-tmp/tokenizer-eval/data/nsynth/nsynth-valid/audio/vocal_acoustic_000-070-050.wav,46,vocal_acoustic_000,10,vocal,0,acoustic,70,50,16000,reverb
-17.942533,20.040722,brass_acoustic_059-039-100,brass_acoustic_059-039-100,/root/autodl-tmp/tokenizer-eval/data/nsynth/nsynth-valid/audio/brass_acoustic_059-039-100.wav,572,brass_acoustic_059,1,brass,0,acoustic,39,100,16000,reverb
-34.72654,-27.28604,brass_acoustic_015-077-127,brass_acoustic_015-077-127,/root/autodl-tmp/tokenizer-eval/data/nsynth/nsynth-valid/audio/brass_acoustic_015-077-127.wav,121,brass_acoustic_015,1,brass,0,acoustic,77,127,16000,reverb
-13.622346,57.742096,vocal_acoustic_000-068-025,vocal_acoustic_000-068-025,/root/autodl-tmp/tokenizer-eval/data/nsynth/nsynth-valid/audio/vocal_acoustic_000-068-025.wav,46,vocal_acoustic_000,10,vocal,0,acoustic,68,25,16000,reverb
5.9522457,-51.67972,reed_acoustic_037-057-100,reed_acoustic_037-057-100,/root/autodl-tmp/tokenizer-eval/data/nsynth/nsynth-valid/audio/reed_acoustic_037-057-100.wav,387,reed_acoustic_037,7,reed,0,acoustic,57,100,16000,long_release|reverb
43.92192,-35.051952,reed_acoustic_023-087-127,reed_acoustic_023-087-127,/root/autodl-tmp/tokenizer-eval/data/nsynth/nsynth-valid/audio/reed_acoustic_023-087-127.wav,224,reed_acoustic_023,7,reed,0,acoustic,87,127,16000,fast_decay|multiphonic|nonlinear_env
22.211838,-4.937713,keyboard_electronic_069-047-075,keyboard_electronic_069-047-075,/root/autodl-tmp/tokenizer-eval/data/nsynth/nsynth-valid/audio/keyboard_electronic_069-047-075.wav,805,keyboard_electronic_069,4,keyboard,1,electronic,47,75,16000,distortion
20.554876,42.87927,flute_synthetic_000-036-050,flute_synthetic_000-036-050,/root/autodl-tmp/tokenizer-eval/data/nsynth/nsynth-valid/audio/flute_synthetic_000-036-050.wav,82,flute_synthetic_000,2,flute,2,synthetic,36,50,16000,distortion
50.466553,10.435203,guitar_acoustic_030-063-050,guitar_acoustic_030-063-050,/root/autodl-tmp/tokenizer-eval/data/nsynth/nsynth-valid/audio/guitar_acoustic_030-063-050.wav,642,guitar_acoustic_030,3,guitar,0,acoustic,63,50,16000,fast_decay|tempo-synced
-14.415029,6.70179,bass_synthetic_135-060-100,bass_synthetic_135-060-100,/root/autodl-tmp/tokenizer-eval/data/nsynth/nsynth-valid/audio/bass_synthetic_135-060-100.wav,927,bass_synthetic_135,0,bass,2,synthetic,60,100,16000,distortion
-2.7843897,-21.33263,guitar_acoustic_014-074-100,guitar_acoustic_014-074-100,/root/autodl-tmp/tokenizer-eval/data/nsynth/nsynth-valid/audio/guitar_acoustic_014-074-100.wav,263,guitar_acoustic_014,3,guitar,0,acoustic,74,100,16000,
47.64777,10.620937,string_acoustic_056-051-075,string_acoustic_056-051-075,/root/autodl-tmp/tokenizer-eval/data/nsynth/nsynth-valid/audio/string_acoustic_056-051-075.wav,436,string_acoustic_056,8,string,0,acoustic,51,75,16000,fast_decay|reverb
75.66819,-8.338333,mallet_acoustic_056-054-127,mallet_acoustic_056-054-127,/root/autodl-tmp/tokenizer-eval/data/nsynth/nsynth-valid/audio/mallet_acoustic_056-054-127.wav,590,mallet_acoustic_056,5,mallet,0,acoustic,54,127,16000,bright|fast_decay|percussive
62.370583,-45.58462,reed_acoustic_023-081-025,reed_acoustic_023-081-025,/root/autodl-tmp/tokenizer-eval/data/nsynth/nsynth-valid/audio/reed_acoustic_023-081-025.wav,224,reed_acoustic_023,7,reed,0,acoustic,81,25,16000,bright|fast_decay|multiphonic|nonlinear_env
36.76249,20.60404,guitar_acoustic_010-050-025,guitar_acoustic_010-050-025,/root/autodl-tmp/tokenizer-eval/data/nsynth/nsynth-valid/audio/guitar_acoustic_010-050-025.wav,219,guitar_acoustic_010,3,guitar,0,acoustic,50,25,16000,
-5.4727407,-41.83032,flute_acoustic_002-093-075,flute_acoustic_002-093-075,/root/autodl-tmp/tokenizer-eval/data/nsynth/nsynth-valid/audio/flute_acoustic_002-093-075.wav,86,flute_acoustic_002,2,flute,0,acoustic,93,75,16000,reverb
39.026905,33.649178,mallet_acoustic_062-031-075,mallet_acoustic_062-031-075,/root/autodl-tmp/tokenizer-eval/data/nsynth/nsynth-valid/audio/mallet_acoustic_062-031-075.wav,644,mallet_acoustic_062,5,mallet,0,acoustic,31,75,16000,dark|multiphonic
23.90434,39.24982,flute_synthetic_000-035-075,flute_synthetic_000-035-075,/root/autodl-tmp/tokenizer-eval/data/nsynth/nsynth-valid/audio/flute_synthetic_000-035-075.wav,82,flute_synthetic_000,2,flute,2,synthetic,35,75,16000,distortion
44.81369,-31.27844,keyboard_synthetic_000-075-100,keyboard_synthetic_000-075-100,/root/autodl-tmp/tokenizer-eval/data/nsynth/nsynth-valid/audio/keyboard_synthetic_000-075-100.wav,577,keyboard_synthetic_000,4,keyboard,2,synthetic,75,100,16000,bright|distortion|fast_decay|nonlinear_env
-32.07421,29.846592,keyboard_electronic_069-073-050,keyboard_electronic_069-073-050,/root/autodl-tmp/tokenizer-eval/data/nsynth/nsynth-valid/audio/keyboard_electronic_069-073-050.wav,805,keyboard_electronic_069,4,keyboard,1,electronic,73,50,16000,distortion
65.27706,-26.434088,keyboard_electronic_001-095-127,keyboard_electronic_001-095-127,/root/autodl-tmp/tokenizer-eval/data/nsynth/nsynth-valid/audio/keyboard_electronic_001-095-127.wav,40,keyboard_electronic_001,4,keyboard,1,electronic,95,127,16000,percussive
-8.318509,-16.150915,flute_synthetic_000-062-100,flute_synthetic_000-062-100,/root/autodl-tmp/tokenizer-eval/data/nsynth/nsynth-valid/audio/flute_synthetic_000-062-100.wav,82,flute_synthetic_000,2,flute,2,synthetic,62,100,16000,distortion
-12.513825,-75.047554,bass_synthetic_009-064-075,bass_synthetic_009-064-075,/root/autodl-tmp/tokenizer-eval/data/nsynth/nsynth-valid/audio/bass_synthetic_009-064-075.wav,150,bass_synthetic_009,0,bass,2,synthetic,64,75,16000,bright|distortion|long_release
-18.544302,-62.71345,flute_synthetic_000-095-127,flute_synthetic_000-095-127,/root/autodl-tmp/tokenizer-eval/data/nsynth/nsynth-valid/audio/flute_synthetic_000-095-127.wav,82,flute_synthetic_000,2,flute,2,synthetic,95,127,16000,distortion
-4.4781346,55.0225,organ_electronic_104-037-025,organ_electronic_104-037-025,/root/autodl-tmp/tokenizer-eval/data/nsynth/nsynth-valid/audio/organ_electronic_104-037-025.wav,921,organ_electronic_104,6,organ,1,electronic,37,25,16000,
9.971631,-49.346855,guitar_electronic_022-069-127,guitar_electronic_022-069-127,/root/autodl-tmp/tokenizer-eval/data/nsynth/nsynth-valid/audio/guitar_electronic_022-069-127.wav,378,guitar_electronic_022,3,guitar,1,electronic,69,127,16000,
5.250698,-71.826035,keyboard_electronic_002-064-127,keyboard_electronic_002-064-127,/root/autodl-tmp/tokenizer-eval/data/nsynth/nsynth-valid/audio/keyboard_electronic_002-064-127.wav,50,keyboard_electronic_002,4,keyboard,1,electronic,64,127,16000,distortion
-72.794304,32.207638,string_acoustic_057-094-075,string_acoustic_057-094-075,/root/autodl-tmp/tokenizer-eval/data/nsynth/nsynth-valid/audio/string_acoustic_057-094-075.wav,450,string_acoustic_057,8,string,0,acoustic,94,75,16000,nonlinear_env|reverb
-50.351704,-43.39026,organ_electronic_007-084-100,organ_electronic_007-084-100,/root/autodl-tmp/tokenizer-eval/data/nsynth/nsynth-valid/audio/organ_electronic_007-084-100.wav,123,organ_electronic_007,6,organ,1,electronic,84,100,16000,bright|distortion|long_release|nonlinear_env
45.26966,11.290654,keyboard_synthetic_000-051-075,keyboard_synthetic_000-051-075,/root/autodl-tmp/tokenizer-eval/data/nsynth/nsynth-valid/audio/keyboard_synthetic_000-051-075.wav,577,keyboard_synthetic_000,4,keyboard,2,synthetic,51,75,16000,distortion|fast_decay|nonlinear_env
23.61138,26.35222,guitar_electronic_022-037-025,guitar_electronic_022-037-025,/root/autodl-tmp/tokenizer-eval/data/nsynth/nsynth-valid/audio/guitar_electronic_022-037-025.wav,378,guitar_electronic_022,3,guitar,1,electronic,37,25,16000,dark
2.2523677,1.610242,bass_electronic_025-041-075,bass_electronic_025-041-075,/root/autodl-tmp/tokenizer-eval/data/nsynth/nsynth-valid/audio/bass_electronic_025-041-075.wav,872,bass_electronic_025,0,bass,1,electronic,41,75,16000,
25.267744,32.910328,organ_electronic_028-047-025,organ_electronic_028-047-025,/root/autodl-tmp/tokenizer-eval/data/nsynth/nsynth-valid/audio/organ_electronic_028-047-025.wav,440,organ_electronic_028,6,organ,1,electronic,47,25,16000,dark
62.36246,-1.0808328,bass_synthetic_134-087-100,bass_synthetic_134-087-100,/root/autodl-tmp/tokenizer-eval/data/nsynth/nsynth-valid/audio/bass_synthetic_134-087-100.wav,914,bass_synthetic_134,0,bass,2,synthetic,87,100,16000,fast_decay|percussive|reverb
-6.356988,-28.953653,organ_electronic_028-086-100,organ_electronic_028-086-100,/root/autodl-tmp/tokenizer-eval/data/nsynth/nsynth-valid/audio/organ_electronic_028-086-100.wav,440,organ_electronic_028,6,organ,1,electronic,86,100,16000,bright
58.48515,-27.591179,mallet_acoustic_047-092-025,mallet_acoustic_047-092-025,/root/autodl-tmp/tokenizer-eval/data/nsynth/nsynth-valid/audio/mallet_acoustic_047-092-025.wav,488,mallet_acoustic_047,5,mallet,0,acoustic,92,25,16000,fast_decay|percussive|reverb
67.715004,-28.84694,mallet_acoustic_047-096-025,mallet_acoustic_047-096-025,/root/autodl-tmp/tokenizer-eval/data/nsynth/nsynth-valid/audio/mallet_acoustic_047-096-025.wav,488,mallet_acoustic_047,5,mallet,0,acoustic,96,25,16000,fast_decay|percussive|reverb
18.598106,41.100677,flute_synthetic_000-048-025,flute_synthetic_000-048-025,/root/autodl-tmp/tokenizer-eval/data/nsynth/nsynth-valid/audio/flute_synthetic_000-048-025.wav,82,flute_synthetic_000,2,flute,2,synthetic,48,25,16000,distortion
-57.234478,-20.418486,flute_acoustic_002-096-100,flute_acoustic_002-096-100,/root/autodl-tmp/tokenizer-eval/data/nsynth/nsynth-valid/audio/flute_acoustic_002-096-100.wav,86,flute_acoustic_002,2,flute,0,acoustic,96,100,16000,long_release|reverb
-32.29747,-51.754276,vocal_synthetic_003-066-075,vocal_synthetic_003-066-075,/root/autodl-tmp/tokenizer-eval/data/nsynth/nsynth-valid/audio/vocal_synthetic_003-066-075.wav,37,vocal_synthetic_003,10,vocal,2,synthetic,66,75,16000,bright|distortion|long_release|nonlinear_env
-13.074249,-55.366413,brass_acoustic_059-047-100,brass_acoustic_059-047-100,/root/autodl-tmp/tokenizer-eval/data/nsynth/nsynth-valid/audio/brass_acoustic_059-047-100.wav,572,brass_acoustic_059,1,brass,0,acoustic,47,100,16000,reverb
20.726475,21.99445,guitar_acoustic_010-036-050,guitar_acoustic_010-036-050,/root/autodl-tmp/tokenizer-eval/data/nsynth/nsynth-valid/audio/guitar_acoustic_010-036-050.wav,219,guitar_acoustic_010,3,guitar,0,acoustic,36,50,16000,
-9.994062,0.20475262,keyboard_electronic_098-072-127,keyboard_electronic_098-072-127,/root/autodl-tmp/tokenizer-eval/data/nsynth/nsynth-valid/audio/keyboard_electronic_098-072-127.wav,905,keyboard_electronic_098,4,keyboard,1,electronic,72,127,16000,
46.650265,-18.938496,string_acoustic_056-070-075,string_acoustic_056-070-075,/root/autodl-tmp/tokenizer-eval/data/nsynth/nsynth-valid/audio/string_acoustic_056-070-075.wav,436,string_acoustic_056,8,string,0,acoustic,70,75,16000,fast_decay|percussive|reverb
39.022476,34.34309,mallet_acoustic_062-031-100,mallet_acoustic_062-031-100,/root/autodl-tmp/tokenizer-eval/data/nsynth/nsynth-valid/audio/mallet_acoustic_062-031-100.wav,644,mallet_acoustic_062,5,mallet,0,acoustic,31,100,16000,dark|long_release|multiphonic
-23.942942,57.08156,string_acoustic_057-080-050,string_acoustic_057-080-050,/root/autodl-tmp/tokenizer-eval/data/nsynth/nsynth-valid/audio/string_acoustic_057-080-050.wav,450,string_acoustic_057,8,string,0,acoustic,80,50,16000,bright|nonlinear_env|reverb
-28.495445,3.349483,bass_synthetic_135-067-050,bass_synthetic_135-067-050,/root/autodl-tmp/tokenizer-eval/data/nsynth/nsynth-valid/audio/bass_synthetic_135-067-050.wav,927,bass_synthetic_135,0,bass,2,synthetic,67,50,16000,distortion
66.096535,-29.190582,mallet_acoustic_047-095-025,mallet_acoustic_047-095-025,/root/autodl-tmp/tokenizer-eval/data/nsynth/nsynth-valid/audio/mallet_acoustic_047-095-025.wav,488,mallet_acoustic_047,5,mallet,0,acoustic,95,25,16000,fast_decay|percussive|reverb
-21.739918,31.660332,guitar_acoustic_021-049-100,guitar_acoustic_021-049-100,/root/autodl-tmp/tokenizer-eval/data/nsynth/nsynth-valid/audio/guitar_acoustic_021-049-100.wav,457,guitar_acoustic_021,3,guitar,0,acoustic,49,100,16000,
-26.17254,62.104794,vocal_synthetic_003-080-075,vocal_synthetic_003-080-075,/root/autodl-tmp/tokenizer-eval/data/nsynth/nsynth-valid/audio/vocal_synthetic_003-080-075.wav,37,vocal_synthetic_003,10,vocal,2,synthetic,80,75,16000,bright|distortion|long_release|nonlinear_env
3.6888053,2.0981448,flute_synthetic_000-053-100,flute_synthetic_000-053-100,/root/autodl-tmp/tokenizer-eval/data/nsynth/nsynth-valid/audio/flute_synthetic_000-053-100.wav,82,flute_synthetic_000,2,flute,2,synthetic,53,100,16000,distortion
-20.798134,-62.461212,string_acoustic_057-083-050,string_acoustic_057-083-050,/root/autodl-tmp/tokenizer-eval/data/nsynth/nsynth-valid/audio/string_acoustic_057-083-050.wav,450,string_acoustic_057,8,string,0,acoustic,83,50,16000,bright|nonlinear_env|reverb
-29.25196,-25.408459,guitar_electronic_028-065-025,guitar_electronic_028-065-025,/root/autodl-tmp/tokenizer-eval/data/nsynth/nsynth-valid/audio/guitar_electronic_028-065-025.wav,510,guitar_electronic_028,3,guitar,1,electronic,65,25,16000,
-59.899582,-15.816647,string_acoustic_057-084-100,string_acoustic_057-084-100,/root/autodl-tmp/tokenizer-eval/data/nsynth/nsynth-valid/audio/string_acoustic_057-084-100.wav,450,string_acoustic_057,8,string,0,acoustic,84,100,16000,bright|nonlinear_env|reverb
59.89224,-19.647335,string_acoustic_056-079-100,string_acoustic_056-079-100,/root/autodl-tmp/tokenizer-eval/data/nsynth/nsynth-valid/audio/string_acoustic_056-079-100.wav,436,string_acoustic_056,8,string,0,acoustic,79,100,16000,fast_decay|percussive|reverb
-3.7592578,72.88451,guitar_acoustic_030-063-100,guitar_acoustic_030-063-100,/root/autodl-tmp/tokenizer-eval/data/nsynth/nsynth-valid/audio/guitar_acoustic_030-063-100.wav,642,guitar_acoustic_030,3,guitar,0,acoustic,63,100,16000,long_release|tempo-synced
62.80473,-19.953217,guitar_acoustic_014-092-050,guitar_acoustic_014-092-050,/root/autodl-tmp/tokenizer-eval/data/nsynth/nsynth-valid/audio/guitar_acoustic_014-092-050.wav,263,guitar_acoustic_014,3,guitar,0,acoustic,92,50,16000,fast_decay|percussive
35.196537,11.808633,keyboard_electronic_069-040-025,keyboard_electronic_069-040-025,/root/autodl-tmp/tokenizer-eval/data/nsynth/nsynth-valid/audio/keyboard_electronic_069-040-025.wav,805,keyboard_electronic_069,4,keyboard,1,electronic,40,25,16000,distortion
10.551829,25.477474,flute_synthetic_000-058-127,flute_synthetic_000-058-127,/root/autodl-tmp/tokenizer-eval/data/nsynth/nsynth-valid/audio/flute_synthetic_000-058-127.wav,82,flute_synthetic_000,2,flute,2,synthetic,58,127,16000,distortion
-21.2619,-62.580112,string_acoustic_057-083-075,string_acoustic_057-083-075,/root/autodl-tmp/tokenizer-eval/data/nsynth/nsynth-valid/audio/string_acoustic_057-083-075.wav,450,string_acoustic_057,8,string,0,acoustic,83,75,16000,bright|nonlinear_env|reverb
39.279247,52.46569,organ_electronic_001-038-050,organ_electronic_001-038-050,/root/autodl-tmp/tokenizer-eval/data/nsynth/nsynth-valid/audio/organ_electronic_001-038-050.wav,8,organ_electronic_001,6,organ,1,electronic,38,50,16000,dark
-0.9431553,38.96753,string_acoustic_012-031-050,string_acoustic_012-031-050,/root/autodl-tmp/tokenizer-eval/data/nsynth/nsynth-valid/audio/string_acoustic_012-031-050.wav,97,string_acoustic_012,8,string,0,acoustic,31,50,16000,long_release|reverb
-4.6737432,-81.075714,organ_electronic_028-088-050,organ_electronic_028-088-050,/root/autodl-tmp/tokenizer-eval/data/nsynth/nsynth-valid/audio/organ_electronic_028-088-050.wav,440,organ_electronic_028,6,organ,1,electronic,88,50,16000,
-70.69279,8.620935,vocal_synthetic_003-045-075,vocal_synthetic_003-045-075,/root/autodl-tmp/tokenizer-eval/data/nsynth/nsynth-valid/audio/vocal_synthetic_003-045-075.wav,37,vocal_synthetic_003,10,vocal,2,synthetic,45,75,16000,distortion|long_release|nonlinear_env
-69.52673,34.608883,organ_electronic_001-094-075,organ_electronic_001-094-075,/root/autodl-tmp/tokenizer-eval/data/nsynth/nsynth-valid/audio/organ_electronic_001-094-075.wav,8,organ_electronic_001,6,organ,1,electronic,94,75,16000,
6.9072485,-69.050385,keyboard_electronic_003-076-127,keyboard_electronic_003-076-127,/root/autodl-tmp/tokenizer-eval/data/nsynth/nsynth-valid/audio/keyboard_electronic_003-076-127.wav,65,keyboard_electronic_003,4,keyboard,1,electronic,76,127,16000,
-16.717865,-14.683768,reed_acoustic_037-038-127,reed_acoustic_037-038-127,/root/autodl-tmp/tokenizer-eval/data/nsynth/nsynth-valid/audio/reed_acoustic_037-038-127.wav,387,reed_acoustic_037,7,reed,0,acoustic,38,127,16000,long_release|reverb
9.621061,47.795334,flute_synthetic_000-032-050,flute_synthetic_000-032-050,/root/autodl-tmp/tokenizer-eval/data/nsynth/nsynth-valid/audio/flute_synthetic_000-032-050.wav,82,flute_synthetic_000,2,flute,2,synthetic,32,50,16000,distortion
-6.7855115,52.398434,keyboard_electronic_098-056-025,keyboard_electronic_098-056-025,/root/autodl-tmp/tokenizer-eval/data/nsynth/nsynth-valid/audio/keyboard_electronic_098-056-025.wav,905,keyboard_electronic_098,4,keyboard,1,electronic,56,25,16000,dark
20.1421,-24.74997,brass_acoustic_015-066-075,brass_acoustic_015-066-075,/root/autodl-tmp/tokenizer-eval/data/nsynth/nsynth-valid/audio/brass_acoustic_015-066-075.wav,121,brass_acoustic_015,1,brass,0,acoustic,66,75,16000,reverb
-2.1921875,-77.59695,reed_acoustic_037-076-025,reed_acoustic_037-076-025,/root/autodl-tmp/tokenizer-eval/data/nsynth/nsynth-valid/audio/reed_acoustic_037-076-025.wav,387,reed_acoustic_037,7,reed,0,acoustic,76,25,16000,reverb
-72.24404,11.432233,vocal_synthetic_003-046-100,vocal_synthetic_003-046-100,/root/autodl-tmp/tokenizer-eval/data/nsynth/nsynth-valid/audio/vocal_synthetic_003-046-100.wav,37,vocal_synthetic_003,10,vocal,2,synthetic,46,100,16000,bright|distortion|long_release|nonlinear_env
-0.5886782,-22.897621,bass_synthetic_033-086-127,bass_synthetic_033-086-127,/root/autodl-tmp/tokenizer-eval/data/nsynth/nsynth-valid/audio/bass_synthetic_033-086-127.wav,417,bass_synthetic_033,0,bass,2,synthetic,86,127,16000,
70.964836,-13.913732,guitar_acoustic_015-095-050,guitar_acoustic_015-095-050,/root/autodl-tmp/tokenizer-eval/data/nsynth/nsynth-valid/audio/guitar_acoustic_015-095-050.wav,316,guitar_acoustic_015,3,guitar,0,acoustic,95,50,16000,fast_decay|percussive|reverb
10.020109,-24.744421,reed_acoustic_011-054-050,reed_acoustic_011-054-050,/root/autodl-tmp/tokenizer-eval/data/nsynth/nsynth-valid/audio/reed_acoustic_011-054-050.wav,104,reed_acoustic_011,7,reed,0,acoustic,54,50,16000,
-88.20036,-3.2063868,brass_acoustic_046-091-050,brass_acoustic_046-091-050,/root/autodl-tmp/tokenizer-eval/data/nsynth/nsynth-valid/audio/brass_acoustic_046-091-050.wav,414,brass_acoustic_046,1,brass,0,acoustic,91,50,16000,long_release
4.44193,-77.26949,keyboard_electronic_098-052-100,keyboard_electronic_098-052-100,/root/autodl-tmp/tokenizer-eval/data/nsynth/nsynth-valid/audio/keyboard_electronic_098-052-100.wav,905,keyboard_electronic_098,4,keyboard,1,electronic,52,100,16000,dark
57.741688,-48.353546,reed_acoustic_023-086-075,reed_acoustic_023-086-075,/root/autodl-tmp/tokenizer-eval/data/nsynth/nsynth-valid/audio/reed_acoustic_023-086-075.wav,224,reed_acoustic_023,7,reed,0,acoustic,86,75,16000,fast_decay|multiphonic|nonlinear_env
-14.9304085,-59.318527,organ_electronic_104-071-127,organ_electronic_104-071-127,/root/autodl-tmp/tokenizer-eval/data/nsynth/nsynth-valid/audio/organ_electronic_104-071-127.wav,921,organ_electronic_104,6,organ,1,electronic,71,127,16000,
-10.729401,-46.816483,vocal_synthetic_003-069-050,vocal_synthetic_003-069-050,/root/autodl-tmp/tokenizer-eval/data/nsynth/nsynth-valid/audio/vocal_synthetic_003-069-050.wav,37,vocal_synthetic_003,10,vocal,2,synthetic,69,50,16000,bright|distortion|long_release|nonlinear_env
-47.25553,-45.989403,brass_acoustic_016-077-127,brass_acoustic_016-077-127,/root/autodl-tmp/tokenizer-eval/data/nsynth/nsynth-valid/audio/brass_acoustic_016-077-127.wav,128,brass_acoustic_016,1,brass,0,acoustic,77,127,16000,bright
81.993286,-15.49381,mallet_acoustic_047-080-127,mallet_acoustic_047-080-127,/root/autodl-tmp/tokenizer-eval/data/nsynth/nsynth-valid/audio/mallet_acoustic_047-080-127.wav,488,mallet_acoustic_047,5,mallet,0,acoustic,80,127,16000,fast_decay|percussive|reverb
-59.26983,-10.853366,organ_electronic_001-084-100,organ_electronic_001-084-100,/root/autodl-tmp/tokenizer-eval/data/nsynth/nsynth-valid/audio/organ_electronic_001-084-100.wav,8,organ_electronic_001,6,organ,1,electronic,84,100,16000,
5.937689,16.140657,bass_synthetic_098-074-050,bass_synthetic_098-074-050,/root/autodl-tmp/tokenizer-eval/data/nsynth/nsynth-valid/audio/bass_synthetic_098-074-050.wav,803,bass_synthetic_098,0,bass,2,synthetic,74,50,16000,
42.882805,-51.568825,keyboard_synthetic_000-090-127,keyboard_synthetic_000-090-127,/root/autodl-tmp/tokenizer-eval/data/nsynth/nsynth-valid/audio/keyboard_synthetic_000-090-127.wav,577,keyboard_synthetic_000,4,keyboard,2,synthetic,90,127,16000,bright|distortion|fast_decay|nonlinear_env
-54.300144,26.205208,guitar_acoustic_015-058-050,guitar_acoustic_015-058-050,/root/autodl-tmp/tokenizer-eval/data/nsynth/nsynth-valid/audio/guitar_acoustic_015-058-050.wav,316,guitar_acoustic_015,3,guitar,0,acoustic,58,50,16000,reverb
-19.46899,-62.523193,brass_acoustic_006-083-075,brass_acoustic_006-083-075,/root/autodl-tmp/tokenizer-eval/data/nsynth/nsynth-valid/audio/brass_acoustic_006-083-075.wav,43,brass_acoustic_006,1,brass,0,acoustic,83,75,16000,reverb
30.359282,26.34386,mallet_acoustic_062-036-050,mallet_acoustic_062-036-050,/root/autodl-tmp/tokenizer-eval/data/nsynth/nsynth-valid/audio/mallet_acoustic_062-036-050.wav,644,mallet_acoustic_062,5,mallet,0,acoustic,36,50,16000,dark|multiphonic
-8.249707,77.17105,flute_synthetic_000-063-100,flute_synthetic_000-063-100,/root/autodl-tmp/tokenizer-eval/data/nsynth/nsynth-valid/audio/flute_synthetic_000-063-100.wav,82,flute_synthetic_000,2,flute,2,synthetic,63,100,16000,distortion
-61.723145,35.123146,organ_electronic_113-070-025,organ_electronic_113-070-025,/root/autodl-tmp/tokenizer-eval/data/nsynth/nsynth-valid/audio/organ_electronic_113-070-025.wav,958,organ_electronic_113,6,organ,1,electronic,70,25,16000,
30.424437,-4.2760124,bass_electronic_025-059-100,bass_electronic_025-059-100,/root/autodl-tmp/tokenizer-eval/data/nsynth/nsynth-valid/audio/bass_electronic_025-059-100.wav,872,bass_electronic_025,0,bass,1,electronic,59,100,16000,
63.887394,-15.313699,mallet_acoustic_047-085-025,mallet_acoustic_047-085-025,/root/autodl-tmp/tokenizer-eval/data/nsynth/nsynth-valid/audio/mallet_acoustic_047-085-025.wav,488,mallet_acoustic_047,5,mallet,0,acoustic,85,25,16000,fast_decay|percussive|reverb
-19.546701,6.0867443,organ_electronic_057-060-050,organ_electronic_057-060-050,/root/autodl-tmp/tokenizer-eval/data/nsynth/nsynth-valid/audio/organ_electronic_057-060-050.wav,701,organ_electronic_057,6,organ,1,electronic,60,50,16000,dark
-34.50469,35.075596,reed_acoustic_037-061-075,reed_acoustic_037-061-075,/root/autodl-tmp/tokenizer-eval/data/nsynth/nsynth-valid/audio/reed_acoustic_037-061-075.wav,387,reed_acoustic_037,7,reed,0,acoustic,61,75,16000,long_release|reverb
-51.79616,-1.3171611,brass_acoustic_059-036-050,brass_acoustic_059-036-050,/root/autodl-tmp/tokenizer-eval/data/nsynth/nsynth-valid/audio/brass_acoustic_059-036-050.wav,572,brass_acoustic_059,1,brass,0,acoustic,36,50,16000,reverb
-27.375044,57.04437,bass_synthetic_009-092-127,bass_synthetic_009-092-127,/root/autodl-tmp/tokenizer-eval/data/nsynth/nsynth-valid/audio/bass_synthetic_009-092-127.wav,150,bass_synthetic_009,0,bass,2,synthetic,92,127,16000,long_release
-8.863978,-77.62422,string_acoustic_057-088-025,string_acoustic_057-088-025,/root/autodl-tmp/tokenizer-eval/data/nsynth/nsynth-valid/audio/string_acoustic_057-088-025.wav,450,string_acoustic_057,8,string,0,acoustic,88,25,16000,bright|nonlinear_env|reverb
-72.196205,4.9723477,vocal_synthetic_003-047-100,vocal_synthetic_003-047-100,/root/autodl-tmp/tokenizer-eval/data/nsynth/nsynth-valid/audio/vocal_synthetic_003-047-100.wav,37,vocal_synthetic_003,10,vocal,2,synthetic,47,100,16000,bright|distortion|long_release|nonlinear_env
8.427041,-49.679832,brass_acoustic_015-069-075,brass_acoustic_015-069-075,/root/autodl-tmp/tokenizer-eval/data/nsynth/nsynth-valid/audio/brass_acoustic_015-069-075.wav,121,brass_acoustic_015,1,brass,0,acoustic,69,75,16000,reverb
-54.69098,-9.527914,organ_electronic_028-072-050,organ_electronic_028-072-050,/root/autodl-tmp/tokenizer-eval/data/nsynth/nsynth-valid/audio/organ_electronic_028-072-050.wav,440,organ_electronic_028,6,organ,1,electronic,72,50,16000,dark
-39.822727,43.80476,organ_electronic_007-085-127,organ_electronic_007-085-127,/root/autodl-tmp/tokenizer-eval/data/nsynth/nsynth-valid/audio/organ_electronic_007-085-127.wav,123,organ_electronic_007,6,organ,1,electronic,85,127,16000,bright|distortion|long_release|nonlinear_env
32.09031,0.4991672,keyboard_synthetic_000-034-100,keyboard_synthetic_000-034-100,/root/autodl-tmp/tokenizer-eval/data/nsynth/nsynth-valid/audio/keyboard_synthetic_000-034-100.wav,577,keyboard_synthetic_000,4,keyboard,2,synthetic,34,100,16000,distortion|fast_decay|nonlinear_env
52.846462,-15.461764,string_acoustic_056-077-025,string_acoustic_056-077-025,/root/autodl-tmp/tokenizer-eval/data/nsynth/nsynth-valid/audio/string_acoustic_056-077-025.wav,436,string_acoustic_056,8,string,0,acoustic,77,25,16000,fast_decay|percussive|reverb
-40.10191,-35.310764,string_acoustic_057-077-127,string_acoustic_057-077-127,/root/autodl-tmp/tokenizer-eval/data/nsynth/nsynth-valid/audio/string_acoustic_057-077-127.wav,450,string_acoustic_057,8,string,0,acoustic,77,127,16000,bright|nonlinear_env|reverb
44.68084,17.390556,string_acoustic_014-050-050,string_acoustic_014-050-050,/root/autodl-tmp/tokenizer-eval/data/nsynth/nsynth-valid/audio/string_acoustic_014-050-050.wav,100,string_acoustic_014,8,string,0,acoustic,50,50,16000,dark|reverb
-16.210325,-67.77303,organ_electronic_001-088-025,organ_electronic_001-088-025,/root/autodl-tmp/tokenizer-eval/data/nsynth/nsynth-valid/audio/organ_electronic_001-088-025.wav,8,organ_electronic_001,6,organ,1,electronic,88,25,16000,
10.408443,-48.02955,keyboard_electronic_069-069-075,keyboard_electronic_069-069-075,/root/autodl-tmp/tokenizer-eval/data/nsynth/nsynth-valid/audio/keyboard_electronic_069-069-075.wav,805,keyboard_electronic_069,4,keyboard,1,electronic,69,75,16000,distortion
51.276188,-38.750168,reed_acoustic_023-032-127,reed_acoustic_023-032-127,/root/autodl-tmp/tokenizer-eval/data/nsynth/nsynth-valid/audio/reed_acoustic_023-032-127.wav,224,reed_acoustic_023,7,reed,0,acoustic,32,127,16000,bright|fast_decay|multiphonic|nonlinear_env
29.253904,26.55418,bass_synthetic_135-036-050,bass_synthetic_135-036-050,/root/autodl-tmp/tokenizer-eval/data/nsynth/nsynth-valid/audio/bass_synthetic_135-036-050.wav,927,bass_synthetic_135,0,bass,2,synthetic,36,50,16000,distortion
51.821686,-40.356213,reed_acoustic_023-044-100,reed_acoustic_023-044-100,/root/autodl-tmp/tokenizer-eval/data/nsynth/nsynth-valid/audio/reed_acoustic_023-044-100.wav,224,reed_acoustic_023,7,reed,0,acoustic,44,100,16000,bright|fast_decay|multiphonic|nonlinear_env
64.87233,-26.348728,keyboard_electronic_001-094-100,keyboard_electronic_001-094-100,/root/autodl-tmp/tokenizer-eval/data/nsynth/nsynth-valid/audio/keyboard_electronic_001-094-100.wav,40,keyboard_electronic_001,4,keyboard,1,electronic,94,100,16000,
-16.088001,-12.64033,brass_acoustic_059-038-050,brass_acoustic_059-038-050,/root/autodl-tmp/tokenizer-eval/data/nsynth/nsynth-valid/audio/brass_acoustic_059-038-050.wav,572,brass_acoustic_059,1,brass,0,acoustic,38,50,16000,reverb
-25.82497,56.29072,string_acoustic_057-092-127,string_acoustic_057-092-127,/root/autodl-tmp/tokenizer-eval/data/nsynth/nsynth-valid/audio/string_acoustic_057-092-127.wav,450,string_acoustic_057,8,string,0,acoustic,92,127,16000,nonlinear_env|reverb
-21.380072,59.70765,reed_acoustic_011-068-127,reed_acoustic_011-068-127,/root/autodl-tmp/tokenizer-eval/data/nsynth/nsynth-valid/audio/reed_acoustic_011-068-127.wav,104,reed_acoustic_011,7,reed,0,acoustic,68,127,16000,
-20.622215,56.55608,organ_electronic_001-092-050,organ_electronic_001-092-050,/root/autodl-tmp/tokenizer-eval/data/nsynth/nsynth-valid/audio/organ_electronic_001-092-050.wav,8,organ_electronic_001,6,organ,1,electronic,92,50,16000,
8.906816,46.38795,flute_synthetic_000-031-075,flute_synthetic_000-031-075,/root/autodl-tmp/tokenizer-eval/data/nsynth/nsynth-valid/audio/flute_synthetic_000-031-075.wav,82,flute_synthetic_000,2,flute,2,synthetic,31,75,16000,distortion
-28.249115,-24.982893,brass_acoustic_015-065-050,brass_acoustic_015-065-050,/root/autodl-tmp/tokenizer-eval/data/nsynth/nsynth-valid/audio/brass_acoustic_015-065-050.wav,121,brass_acoustic_015,1,brass,0,acoustic,65,50,16000,reverb
0.40462583,-44.244064,flute_synthetic_000-093-025,flute_synthetic_000-093-025,/root/autodl-tmp/tokenizer-eval/data/nsynth/nsynth-valid/audio/flute_synthetic_000-093-025.wav,82,flute_synthetic_000,2,flute,2,synthetic,93,25,16000,distortion
13.098487,-22.682259,organ_electronic_001-066-050,organ_electronic_001-066-050,/root/autodl-tmp/tokenizer-eval/data/nsynth/nsynth-valid/audio/organ_electronic_001-066-050.wav,8,organ_electronic_001,6,organ,1,electronic,66,50,16000,
25.460192,4.599171,keyboard_electronic_069-046-050,keyboard_electronic_069-046-050,/root/autodl-tmp/tokenizer-eval/data/nsynth/nsynth-valid/audio/keyboard_electronic_069-046-050.wav,805,keyboard_electronic_069,4,keyboard,1,electronic,46,50,16000,distortion
38.374477,14.118869,keyboard_electronic_069-039-050,keyboard_electronic_069-039-050,/root/autodl-tmp/tokenizer-eval/data/nsynth/nsynth-valid/audio/keyboard_electronic_069-039-050.wav,805,keyboard_electronic_069,4,keyboard,1,electronic,39,50,16000,distortion
-14.974233,-35.802567,vocal_synthetic_003-074-100,vocal_synthetic_003-074-100,/root/autodl-tmp/tokenizer-eval/data/nsynth/nsynth-valid/audio/vocal_synthetic_003-074-100.wav,37,vocal_synthetic_003,10,vocal,2,synthetic,74,100,16000,bright|distortion|long_release|nonlinear_env
-23.51162,29.890203,flute_synthetic_000-061-127,flute_synthetic_000-061-127,/root/autodl-tmp/tokenizer-eval/data/nsynth/nsynth-valid/audio/flute_synthetic_000-061-127.wav,82,flute_synthetic_000,2,flute,2,synthetic,61,127,16000,distortion
60.96986,-9.587015,keyboard_acoustic_004-087-127,keyboard_acoustic_004-087-127,/root/autodl-tmp/tokenizer-eval/data/nsynth/nsynth-valid/audio/keyboard_acoustic_004-087-127.wav,327,keyboard_acoustic_004,4,keyboard,0,acoustic,87,127,16000,reverb
52.539337,-45.83403,reed_acoustic_023-060-100,reed_acoustic_023-060-100,/root/autodl-tmp/tokenizer-eval/data/nsynth/nsynth-valid/audio/reed_acoustic_023-060-100.wav,224,reed_acoustic_023,7,reed,0,acoustic,60,100,16000,bright|fast_decay|multiphonic|nonlinear_env
-71.10504,30.531265,string_acoustic_057-082-100,string_acoustic_057-082-100,/root/autodl-tmp/tokenizer-eval/data/nsynth/nsynth-valid/audio/string_acoustic_057-082-100.wav,450,string_acoustic_057,8,string,0,acoustic,82,100,16000,bright|nonlinear_env|reverb
-20.634201,56.630943,organ_electronic_001-092-025,organ_electronic_001-092-025,/root/autodl-tmp/tokenizer-eval/data/nsynth/nsynth-valid/audio/organ_electronic_001-092-025.wav,8,organ_electronic_001,6,organ,1,electronic,92,25,16000,
5.2915916,78.25774,string_acoustic_071-051-025,string_acoustic_071-051-025,/root/autodl-tmp/tokenizer-eval/data/nsynth/nsynth-valid/audio/string_acoustic_071-051-025.wav,609,string_acoustic_071,8,string,0,acoustic,51,25,16000,long_release|reverb
56.89518,-3.1855114,string_acoustic_056-042-127,string_acoustic_056-042-127,/root/autodl-tmp/tokenizer-eval/data/nsynth/nsynth-valid/audio/string_acoustic_056-042-127.wav,436,string_acoustic_056,8,string,0,acoustic,42,127,16000,fast_decay|percussive|reverb
63.672417,-9.720724,keyboard_electronic_001-086-100,keyboard_electronic_001-086-100,/root/autodl-tmp/tokenizer-eval/data/nsynth/nsynth-valid/audio/keyboard_electronic_001-086-100.wav,40,keyboard_electronic_001,4,keyboard,1,electronic,86,100,16000,percussive
-58.313744,42.77601,reed_acoustic_037-039-127,reed_acoustic_037-039-127,/root/autodl-tmp/tokenizer-eval/data/nsynth/nsynth-valid/audio/reed_acoustic_037-039-127.wav,387,reed_acoustic_037,7,reed,0,acoustic,39,127,16000,long_release|reverb
-49.50902,-44.676933,brass_acoustic_016-084-050,brass_acoustic_016-084-050,/root/autodl-tmp/tokenizer-eval/data/nsynth/nsynth-valid/audio/brass_acoustic_016-084-050.wav,128,brass_acoustic_016,1,brass,0,acoustic,84,50,16000,bright
-8.226813,-27.843817,reed_acoustic_037-074-127,reed_acoustic_037-074-127,/root/autodl-tmp/tokenizer-eval/data/nsynth/nsynth-valid/audio/reed_acoustic_037-074-127.wav,387,reed_acoustic_037,7,reed,0,acoustic,74,127,16000,reverb
52.07413,-58.43708,reed_acoustic_023-077-127,reed_acoustic_023-077-127,/root/autodl-tmp/tokenizer-eval/data/nsynth/nsynth-valid/audio/reed_acoustic_023-077-127.wav,224,reed_acoustic_023,7,reed,0,acoustic,77,127,16000,bright|fast_decay|multiphonic|nonlinear_env
20.653845,21.084156,bass_synthetic_033-036-127,bass_synthetic_033-036-127,/root/autodl-tmp/tokenizer-eval/data/nsynth/nsynth-valid/audio/bass_synthetic_033-036-127.wav,417,bass_synthetic_033,0,bass,2,synthetic,36,127,16000,distortion
10.313973,19.328959,bass_synthetic_098-047-127,bass_synthetic_098-047-127,/root/autodl-tmp/tokenizer-eval/data/nsynth/nsynth-valid/audio/bass_synthetic_098-047-127.wav,803,bass_synthetic_098,0,bass,2,synthetic,47,127,16000,distortion
73.806816,-9.005825,mallet_acoustic_056-052-075,mallet_acoustic_056-052-075,/root/autodl-tmp/tokenizer-eval/data/nsynth/nsynth-valid/audio/mallet_acoustic_056-052-075.wav,590,mallet_acoustic_056,5,mallet,0,acoustic,52,75,16000,fast_decay|percussive
-89.20702,-1.3022232,brass_acoustic_046-096-100,brass_acoustic_046-096-100,/root/autodl-tmp/tokenizer-eval/data/nsynth/nsynth-valid/audio/brass_acoustic_046-096-100.wav,414,brass_acoustic_046,1,brass,0,acoustic,96,100,16000,long_release
55.759365,-26.748178,keyboard_synthetic_000-092-025,keyboard_synthetic_000-092-025,/root/autodl-tmp/tokenizer-eval/data/nsynth/nsynth-valid/audio/keyboard_synthetic_000-092-025.wav,577,keyboard_synthetic_000,4,keyboard,2,synthetic,92,25,16000,distortion|fast_decay|nonlinear_env|percussive
27.663118,22.392693,mallet_acoustic_062-049-100,mallet_acoustic_062-049-100,/root/autodl-tmp/tokenizer-eval/data/nsynth/nsynth-valid/audio/mallet_acoustic_062-049-100.wav,644,mallet_acoustic_062,5,mallet,0,acoustic,49,100,16000,dark|multiphonic
-16.937048,-77.66395,vocal_synthetic_003-088-127,vocal_synthetic_003-088-127,/root/autodl-tmp/tokenizer-eval/data/nsynth/nsynth-valid/audio/vocal_synthetic_003-088-127.wav,37,vocal_synthetic_003,10,vocal,2,synthetic,88,127,16000,bright|distortion|long_release|nonlinear_env
-8.360185,-16.158215,flute_synthetic_000-062-127,flute_synthetic_000-062-127,/root/autodl-tmp/tokenizer-eval/data/nsynth/nsynth-valid/audio/flute_synthetic_000-062-127.wav,82,flute_synthetic_000,2,flute,2,synthetic,62,127,16000,distortion
23.587084,-7.507413,keyboard_acoustic_004-047-075,keyboard_acoustic_004-047-075,/root/autodl-tmp/tokenizer-eval/data/nsynth/nsynth-valid/audio/keyboard_acoustic_004-047-075.wav,327,keyboard_acoustic_004,4,keyboard,0,acoustic,47,75,16000,reverb
25.070446,-32.356197,bass_synthetic_033-090-127,bass_synthetic_033-090-127,/root/autodl-tmp/tokenizer-eval/data/nsynth/nsynth-valid/audio/bass_synthetic_033-090-127.wav,417,bass_synthetic_033,0,bass,2,synthetic,90,127,16000,
-65.72428,30.69581,flute_acoustic_002-070-127,flute_acoustic_002-070-127,/root/autodl-tmp/tokenizer-eval/data/nsynth/nsynth-valid/audio/flute_acoustic_002-070-127.wav,86,flute_acoustic_002,2,flute,0,acoustic,70,127,16000,long_release|reverb
21.79947,37.234596,string_acoustic_080-035-075,string_acoustic_080-035-075,/root/autodl-tmp/tokenizer-eval/data/nsynth/nsynth-valid/audio/string_acoustic_080-035-075.wav,675,string_acoustic_080,8,string,0,acoustic,35,75,16000,long_release|reverb
0.92284584,-21.409353,keyboard_electronic_078-086-025,keyboard_electronic_078-086-025,/root/autodl-tmp/tokenizer-eval/data/nsynth/nsynth-valid/audio/keyboard_electronic_078-086-025.wav,838,keyboard_electronic_078,4,keyboard,1,electronic,86,25,16000,
-13.883284,-44.0071,vocal_synthetic_003-093-127,vocal_synthetic_003-093-127,/root/autodl-tmp/tokenizer-eval/data/nsynth/nsynth-valid/audio/vocal_synthetic_003-093-127.wav,37,vocal_synthetic_003,10,vocal,2,synthetic,93,127,16000,bright|distortion|long_release|nonlinear_env
-9.54245,43.340946,reed_acoustic_011-044-100,reed_acoustic_011-044-100,/root/autodl-tmp/tokenizer-eval/data/nsynth/nsynth-valid/audio/reed_acoustic_011-044-100.wav,104,reed_acoustic_011,7,reed,0,acoustic,44,100,16000,bright
-11.460596,85.88351,brass_acoustic_059-063-100,brass_acoustic_059-063-100,/root/autodl-tmp/tokenizer-eval/data/nsynth/nsynth-valid/audio/brass_acoustic_059-063-100.wav,572,brass_acoustic_059,1,brass,0,acoustic,63,100,16000,reverb
-18.29891,53.23082,flute_synthetic_000-092-025,flute_synthetic_000-092-025,/root/autodl-tmp/tokenizer-eval/data/nsynth/nsynth-valid/audio/flute_synthetic_000-092-025.wav,82,flute_synthetic_000,2,flute,2,synthetic,92,25,16000,distortion
0.26378092,-1.2654736,guitar_electronic_022-053-025,guitar_electronic_022-053-025,/root/autodl-tmp/tokenizer-eval/data/nsynth/nsynth-valid/audio/guitar_electronic_022-053-025.wav,378,guitar_electronic_022,3,guitar,1,electronic,53,25,16000,dark
7.290428,-69.529915,bass_synthetic_068-076-050,bass_synthetic_068-076-050,/root/autodl-tmp/tokenizer-eval/data/nsynth/nsynth-valid/audio/bass_synthetic_068-076-050.wav,656,bass_synthetic_068,0,bass,2,synthetic,76,50,16000,
-56.693626,34.57677,reed_acoustic_037-046-127,reed_acoustic_037-046-127,/root/autodl-tmp/tokenizer-eval/data/nsynth/nsynth-valid/audio/reed_acoustic_037-046-127.wav,387,reed_acoustic_037,7,reed,0,acoustic,46,127,16000,reverb
-2.700893,73.73817,keyboard_electronic_002-075-025,keyboard_electronic_002-075-025,/root/autodl-tmp/tokenizer-eval/data/nsynth/nsynth-valid/audio/keyboard_electronic_002-075-025.wav,50,keyboard_electronic_002,4,keyboard,1,electronic,75,25,16000,
78.0508,-10.116535,mallet_acoustic_056-037-100,mallet_acoustic_056-037-100,/root/autodl-tmp/tokenizer-eval/data/nsynth/nsynth-valid/audio/mallet_acoustic_056-037-100.wav,590,mallet_acoustic_056,5,mallet,0,acoustic,37,100,16000,bright|fast_decay|percussive
65.34805,-2.914605,mallet_acoustic_056-069-100,mallet_acoustic_056-069-100,/root/autodl-tmp/tokenizer-eval/data/nsynth/nsynth-valid/audio/mallet_acoustic_056-069-100.wav,590,mallet_acoustic_056,5,mallet,0,acoustic,69,100,16000,fast_decay
-17.454123,-57.498886,string_acoustic_057-071-127,string_acoustic_057-071-127,/root/autodl-tmp/tokenizer-eval/data/nsynth/nsynth-valid/audio/string_acoustic_057-071-127.wav,450,string_acoustic_057,8,string,0,acoustic,71,127,16000,bright|nonlinear_env|reverb
-4.7559695,70.71866,keyboard_electronic_003-051-127,keyboard_electronic_003-051-127,/root/autodl-tmp/tokenizer-eval/data/nsynth/nsynth-valid/audio/keyboard_electronic_003-051-127.wav,65,keyboard_electronic_003,4,keyboard,1,electronic,51,127,16000,
-8.435797,18.992428,reed_acoustic_011-035-075,reed_acoustic_011-035-075,/root/autodl-tmp/tokenizer-eval/data/nsynth/nsynth-valid/audio/reed_acoustic_011-035-075.wav,104,reed_acoustic_011,7,reed,0,acoustic,35,75,16000,
-7.156011,51.64745,mallet_acoustic_062-056-127,mallet_acoustic_062-056-127,/root/autodl-tmp/tokenizer-eval/data/nsynth/nsynth-valid/audio/mallet_acoustic_062-056-127.wav,644,mallet_acoustic_062,5,mallet,0,acoustic,56,127,16000,dark|long_release|multiphonic
-23.906086,57.002098,string_acoustic_057-080-075,string_acoustic_057-080-075,/root/autodl-tmp/tokenizer-eval/data/nsynth/nsynth-valid/audio/string_acoustic_057-080-075.wav,450,string_acoustic_057,8,string,0,acoustic,80,75,16000,bright|nonlinear_env|reverb
3.6550229,-77.95884,bass_synthetic_033-064-050,bass_synthetic_033-064-050,/root/autodl-tmp/tokenizer-eval/data/nsynth/nsynth-valid/audio/bass_synthetic_033-064-050.wav,417,bass_synthetic_033,0,bass,2,synthetic,64,50,16000,
-67.60278,9.985259,vocal_synthetic_003-037-127,vocal_synthetic_003-037-127,/root/autodl-tmp/tokenizer-eval/data/nsynth/nsynth-valid/audio/vocal_synthetic_003-037-127.wav,37,vocal_synthetic_003,10,vocal,2,synthetic,37,127,16000,bright|distortion|long_release|nonlinear_env
60.44167,-0.3688061,bass_synthetic_134-084-025,bass_synthetic_134-084-025,/root/autodl-tmp/tokenizer-eval/data/nsynth/nsynth-valid/audio/bass_synthetic_134-084-025.wav,914,bass_synthetic_134,0,bass,2,synthetic,84,25,16000,fast_decay|percussive|reverb
51.8959,1.474088,string_acoustic_014-060-050,string_acoustic_014-060-050,/root/autodl-tmp/tokenizer-eval/data/nsynth/nsynth-valid/audio/string_acoustic_014-060-050.wav,100,string_acoustic_014,8,string,0,acoustic,60,50,16000,dark|reverb
28.716324,-5.6332026,guitar_electronic_028-040-050,guitar_electronic_028-040-050,/root/autodl-tmp/tokenizer-eval/data/nsynth/nsynth-valid/audio/guitar_electronic_028-040-050.wav,510,guitar_electronic_028,3,guitar,1,electronic,40,50,16000,dark
-8.801277,-67.278656,reed_acoustic_037-040-050,reed_acoustic_037-040-050,/root/autodl-tmp/tokenizer-eval/data/nsynth/nsynth-valid/audio/reed_acoustic_037-040-050.wav,387,reed_acoustic_037,7,reed,0,acoustic,40,50,16000,reverb
42.89255,-51.55387,keyboard_synthetic_000-090-050,keyboard_synthetic_000-090-050,/root/autodl-tmp/tokenizer-eval/data/nsynth/nsynth-valid/audio/keyboard_synthetic_000-090-050.wav,577,keyboard_synthetic_000,4,keyboard,2,synthetic,90,50,16000,bright|distortion|fast_decay|nonlinear_env
-1.6439649,55.06272,organ_electronic_057-044-025,organ_electronic_057-044-025,/root/autodl-tmp/tokenizer-eval/data/nsynth/nsynth-valid/audio/organ_electronic_057-044-025.wav,701,organ_electronic_057,6,organ,1,electronic,44,25,16000,dark
30.356106,35.116386,bass_synthetic_135-035-127,bass_synthetic_135-035-127,/root/autodl-tmp/tokenizer-eval/data/nsynth/nsynth-valid/audio/bass_synthetic_135-035-127.wav,927,bass_synthetic_135,0,bass,2,synthetic,35,127,16000,distortion
24.592627,-15.380848,flute_synthetic_000-071-025,flute_synthetic_000-071-025,/root/autodl-tmp/tokenizer-eval/data/nsynth/nsynth-valid/audio/flute_synthetic_000-071-025.wav,82,flute_synthetic_000,2,flute,2,synthetic,71,25,16000,distortion
22.78564,67.61785,bass_electronic_027-038-075,bass_electronic_027-038-075,/root/autodl-tmp/tokenizer-eval/data/nsynth/nsynth-valid/audio/bass_electronic_027-038-075.wav,880,bass_electronic_027,0,bass,1,electronic,38,75,16000,
21.626183,-24.88588,keyboard_electronic_003-078-100,keyboard_electronic_003-078-100,/root/autodl-tmp/tokenizer-eval/data/nsynth/nsynth-valid/audio/keyboard_electronic_003-078-100.wav,65,keyboard_electronic_003,4,keyboard,1,electronic,78,100,16000,
32.09355,-3.4307692,mallet_acoustic_062-059-050,mallet_acoustic_062-059-050,/root/autodl-tmp/tokenizer-eval/data/nsynth/nsynth-valid/audio/mallet_acoustic_062-059-050.wav,644,mallet_acoustic_062,5,mallet,0,acoustic,59,50,16000,dark|fast_decay|multiphonic
13.925126,71.51902,flute_synthetic_000-039-050,flute_synthetic_000-039-050,/root/autodl-tmp/tokenizer-eval/data/nsynth/nsynth-valid/audio/flute_synthetic_000-039-050.wav,82,flute_synthetic_000,2,flute,2,synthetic,39,50,16000,distortion
52.07574,-58.43661,reed_acoustic_023-077-050,reed_acoustic_023-077-050,/root/autodl-tmp/tokenizer-eval/data/nsynth/nsynth-valid/audio/reed_acoustic_023-077-050.wav,224,reed_acoustic_023,7,reed,0,acoustic,77,50,16000,bright|fast_decay|multiphonic|nonlinear_env
-42.568592,-47.69394,brass_acoustic_016-088-075,brass_acoustic_016-088-075,/root/autodl-tmp/tokenizer-eval/data/nsynth/nsynth-valid/audio/brass_acoustic_016-088-075.wav,128,brass_acoustic_016,1,brass,0,acoustic,88,75,16000,
33.14755,-44.10718,bass_synthetic_033-093-127,bass_synthetic_033-093-127,/root/autodl-tmp/tokenizer-eval/data/nsynth/nsynth-valid/audio/bass_synthetic_033-093-127.wav,417,bass_synthetic_033,0,bass,2,synthetic,93,127,16000,
64.24719,-11.392368,mallet_acoustic_056-086-025,mallet_acoustic_056-086-025,/root/autodl-tmp/tokenizer-eval/data/nsynth/nsynth-valid/audio/mallet_acoustic_056-086-025.wav,590,mallet_acoustic_056,5,mallet,0,acoustic,86,25,16000,fast_decay
-18.95204,52.518284,guitar_acoustic_010-092-050,guitar_acoustic_010-092-050,/root/autodl-tmp/tokenizer-eval/data/nsynth/nsynth-valid/audio/guitar_acoustic_010-092-050.wav,219,guitar_acoustic_010,3,guitar,0,acoustic,92,50,16000,
6.536815,-50.098473,reed_acoustic_037-069-050,reed_acoustic_037-069-050,/root/autodl-tmp/tokenizer-eval/data/nsynth/nsynth-valid/audio/reed_acoustic_037-069-050.wav,387,reed_acoustic_037,7,reed,0,acoustic,69,50,16000,reverb
-55.694748,-14.235548,reed_acoustic_018-084-100,reed_acoustic_018-084-100,/root/autodl-tmp/tokenizer-eval/data/nsynth/nsynth-valid/audio/reed_acoustic_018-084-100.wav,183,reed_acoustic_018,7,reed,0,acoustic,84,100,16000,
60.374516,0.91747147,keyboard_acoustic_004-077-050,keyboard_acoustic_004-077-050,/root/autodl-tmp/tokenizer-eval/data/nsynth/nsynth-valid/audio/keyboard_acoustic_004-077-050.wav,327,keyboard_acoustic_004,4,keyboard,0,acoustic,77,50,16000,dark|reverb
-14.498825,39.145073,brass_acoustic_059-044-025,brass_acoustic_059-044-025,/root/autodl-tmp/tokenizer-eval/data/nsynth/nsynth-valid/audio/brass_acoustic_059-044-025.wav,572,brass_acoustic_059,1,brass,0,acoustic,44,25,16000,dark|reverb
-6.2325997,-80.019585,flute_acoustic_002-088-025,flute_acoustic_002-088-025,/root/autodl-tmp/tokenizer-eval/data/nsynth/nsynth-valid/audio/flute_acoustic_002-088-025.wav,86,flute_acoustic_002,2,flute,0,acoustic,88,25,16000,reverb
-53.31838,-4.990199,brass_acoustic_006-060-050,brass_acoustic_006-060-050,/root/autodl-tmp/tokenizer-eval/data/nsynth/nsynth-valid/audio/brass_acoustic_006-060-050.wav,43,brass_acoustic_006,1,brass,0,acoustic,60,50,16000,reverb
-69.31374,35.22961,organ_electronic_057-082-127,organ_electronic_057-082-127,/root/autodl-tmp/tokenizer-eval/data/nsynth/nsynth-valid/audio/organ_electronic_057-082-127.wav,701,organ_electronic_057,6,organ,1,electronic,82,127,16000,
-16.01193,-14.2787,keyboard_electronic_078-038-100,keyboard_electronic_078-038-100,/root/autodl-tmp/tokenizer-eval/data/nsynth/nsynth-valid/audio/keyboard_electronic_078-038-100.wav,838,keyboard_electronic_078,4,keyboard,1,electronic,38,100,16000,bright
53.548195,-2.4445689,mallet_acoustic_062-052-025,mallet_acoustic_062-052-025,/root/autodl-tmp/tokenizer-eval/data/nsynth/nsynth-valid/audio/mallet_acoustic_062-052-025.wav,644,mallet_acoustic_062,5,mallet,0,acoustic,52,25,16000,dark|fast_decay|multiphonic
-4.9631867,40.630253,bass_synthetic_009-031-075,bass_synthetic_009-031-075,/root/autodl-tmp/tokenizer-eval/data/nsynth/nsynth-valid/audio/bass_synthetic_009-031-075.wav,150,bass_synthetic_009,0,bass,2,synthetic,31,75,16000,bright|distortion|long_release
-50.419456,31.333593,reed_acoustic_037-034-100,reed_acoustic_037-034-100,/root/autodl-tmp/tokenizer-eval/data/nsynth/nsynth-valid/audio/reed_acoustic_037-034-100.wav,387,reed_acoustic_037,7,reed,0,acoustic,34,100,16000,reverb
5.174847,35.019882,flute_synthetic_000-055-127,flute_synthetic_000-055-127,/root/autodl-tmp/tokenizer-eval/data/nsynth/nsynth-valid/audio/flute_synthetic_000-055-127.wav,82,flute_synthetic_000,2,flute,2,synthetic,55,127,16000,distortion
33.95388,-44.13948,mallet_acoustic_062-093-100,mallet_acoustic_062-093-100,/root/autodl-tmp/tokenizer-eval/data/nsynth/nsynth-valid/audio/mallet_acoustic_062-093-100.wav,644,mallet_acoustic_062,5,mallet,0,acoustic,93,100,16000,multiphonic
49.003136,9.477774,bass_electronic_018-063-100,bass_electronic_018-063-100,/root/autodl-tmp/tokenizer-eval/data/nsynth/nsynth-valid/audio/bass_electronic_018-063-100.wav,759,bass_electronic_018,0,bass,1,electronic,63,100,16000,fast_decay
-9.127385,-2.1554198,keyboard_electronic_098-084-075,keyboard_electronic_098-084-075,/root/autodl-tmp/tokenizer-eval/data/nsynth/nsynth-valid/audio/keyboard_electronic_098-084-075.wav,905,keyboard_electronic_098,4,keyboard,1,electronic,84,75,16000,fast_decay
-57.197826,-16.39631,brass_acoustic_006-084-025,brass_acoustic_006-084-025,/root/autodl-tmp/tokenizer-eval/data/nsynth/nsynth-valid/audio/brass_acoustic_006-084-025.wav,43,brass_acoustic_006,1,brass,0,acoustic,84,25,16000,reverb
73.710594,-19.197191,mallet_acoustic_062-092-050,mallet_acoustic_062-092-050,/root/autodl-tmp/tokenizer-eval/data/nsynth/nsynth-valid/audio/mallet_acoustic_062-092-050.wav,644,mallet_acoustic_062,5,mallet,0,acoustic,92,50,16000,fast_decay|multiphonic
-29.58987,-27.189705,bass_synthetic_033-077-127,bass_synthetic_033-077-127,/root/autodl-tmp/tokenizer-eval/data/nsynth/nsynth-valid/audio/bass_synthetic_033-077-127.wav,417,bass_synthetic_033,0,bass,2,synthetic,77,127,16000,
-15.705619,-74.45588,vocal_synthetic_003-076-050,vocal_synthetic_003-076-050,/root/autodl-tmp/tokenizer-eval/data/nsynth/nsynth-valid/audio/vocal_synthetic_003-076-050.wav,37,vocal_synthetic_003,10,vocal,2,synthetic,76,50,16000,bright|distortion|long_release|nonlinear_env
-17.441877,53.29262,reed_acoustic_018-080-050,reed_acoustic_018-080-050,/root/autodl-tmp/tokenizer-eval/data/nsynth/nsynth-valid/audio/reed_acoustic_018-080-050.wav,183,reed_acoustic_018,7,reed,0,acoustic,80,50,16000,
44.682472,-41.75222,reed_acoustic_023-073-025,reed_acoustic_023-073-025,/root/autodl-tmp/tokenizer-eval/data/nsynth/nsynth-valid/audio/reed_acoustic_023-073-025.wav,224,reed_acoustic_023,7,reed,0,acoustic,73,25,16000,bright|fast_decay|multiphonic|nonlinear_env
-51.457626,-31.697699,vocal_synthetic_003-089-075,vocal_synthetic_003-089-075,/root/autodl-tmp/tokenizer-eval/data/nsynth/nsynth-valid/audio/vocal_synthetic_003-089-075.wav,37,vocal_synthetic_003,10,vocal,2,synthetic,89,75,16000,long_release|nonlinear_env
28.567158,1.9902093,bass_electronic_018-046-127,bass_electronic_018-046-127,/root/autodl-tmp/tokenizer-eval/data/nsynth/nsynth-valid/audio/bass_electronic_018-046-127.wav,759,bass_electronic_018,0,bass,1,electronic,46,127,16000,
-12.6421995,50.17487,guitar_electronic_022-080-025,guitar_electronic_022-080-025,/root/autodl-tmp/tokenizer-eval/data/nsynth/nsynth-valid/audio/guitar_electronic_022-080-025.wav,378,guitar_electronic_022,3,guitar,1,electronic,80,25,16000,
5.229595,-46.77113,flute_acoustic_002-069-100,flute_acoustic_002-069-100,/root/autodl-tmp/tokenizer-eval/data/nsynth/nsynth-valid/audio/flute_acoustic_002-069-100.wav,86,flute_acoustic_002,2,flute,0,acoustic,69,100,16000,long_release|reverb
-9.704316,-32.125294,string_acoustic_057-086-050,string_acoustic_057-086-050,/root/autodl-tmp/tokenizer-eval/data/nsynth/nsynth-valid/audio/string_acoustic_057-086-050.wav,450,string_acoustic_057,8,string,0,acoustic,86,50,16000,bright|nonlinear_env|reverb
66.47981,-17.368315,string_acoustic_056-072-127,string_acoustic_056-072-127,/root/autodl-tmp/tokenizer-eval/data/nsynth/nsynth-valid/audio/string_acoustic_056-072-127.wav,436,string_acoustic_056,8,string,0,acoustic,72,127,16000,fast_decay|percussive|reverb
55.207962,-54.558926,reed_acoustic_023-091-050,reed_acoustic_023-091-050,/root/autodl-tmp/tokenizer-eval/data/nsynth/nsynth-valid/audio/reed_acoustic_023-091-050.wav,224,reed_acoustic_023,7,reed,0,acoustic,91,50,16000,fast_decay|multiphonic|nonlinear_env
3.91335,11.799992,bass_synthetic_098-084-127,bass_synthetic_098-084-127,/root/autodl-tmp/tokenizer-eval/data/nsynth/nsynth-valid/audio/bass_synthetic_098-084-127.wav,803,bass_synthetic_098,0,bass,2,synthetic,84,127,16000,
-9.552283,-31.120312,brass_acoustic_006-086-100,brass_acoustic_006-086-100,/root/autodl-tmp/tokenizer-eval/data/nsynth/nsynth-valid/audio/brass_acoustic_006-086-100.wav,43,brass_acoustic_006,1,brass,0,acoustic,86,100,16000,reverb
-16.094759,-67.277245,organ_electronic_104-076-127,organ_electronic_104-076-127,/root/autodl-tmp/tokenizer-eval/data/nsynth/nsynth-valid/audio/organ_electronic_104-076-127.wav,921,organ_electronic_104,6,organ,1,electronic,76,127,16000,
-24.688889,-21.677202,keyboard_electronic_001-053-100,keyboard_electronic_001-053-100,/root/autodl-tmp/tokenizer-eval/data/nsynth/nsynth-valid/audio/keyboard_electronic_001-053-100.wav,40,keyboard_electronic_001,4,keyboard,1,electronic,53,100,16000,
-37.286037,-54.087467,string_acoustic_057-090-075,string_acoustic_057-090-075,/root/autodl-tmp/tokenizer-eval/data/nsynth/nsynth-valid/audio/string_acoustic_057-090-075.wav,450,string_acoustic_057,8,string,0,acoustic,90,75,16000,nonlinear_env|reverb
-52.749107,-43.37124,vocal_synthetic_003-072-100,vocal_synthetic_003-072-100,/root/autodl-tmp/tokenizer-eval/data/nsynth/nsynth-valid/audio/vocal_synthetic_003-072-100.wav,37,vocal_synthetic_003,10,vocal,2,synthetic,72,100,16000,bright|distortion|long_release|nonlinear_env
63.461445,-50.22307,reed_acoustic_023-088-025,reed_acoustic_023-088-025,/root/autodl-tmp/tokenizer-eval/data/nsynth/nsynth-valid/audio/reed_acoustic_023-088-025.wav,224,reed_acoustic_023,7,reed,0,acoustic,88,25,16000,fast_decay|multiphonic|nonlinear_env
67.41581,-13.3785715,guitar_acoustic_015-086-025,guitar_acoustic_015-086-025,/root/autodl-tmp/tokenizer-eval/data/nsynth/nsynth-valid/audio/guitar_acoustic_015-086-025.wav,316,guitar_acoustic_015,3,guitar,0,acoustic,86,25,16000,fast_decay|percussive|reverb
57.16588,0.08892864,string_acoustic_056-041-075,string_acoustic_056-041-075,/root/autodl-tmp/tokenizer-eval/data/nsynth/nsynth-valid/audio/string_acoustic_056-041-075.wav,436,string_acoustic_056,8,string,0,acoustic,41,75,16000,fast_decay|percussive|reverb
-8.96954,-70.72083,vocal_synthetic_003-052-025,vocal_synthetic_003-052-025,/root/autodl-tmp/tokenizer-eval/data/nsynth/nsynth-valid/audio/vocal_synthetic_003-052-025.wav,37,vocal_synthetic_003,10,vocal,2,synthetic,52,25,16000,distortion|long_release|nonlinear_env
-39.243965,-25.332445,organ_electronic_001-077-127,organ_electronic_001-077-127,/root/autodl-tmp/tokenizer-eval/data/nsynth/nsynth-valid/audio/organ_electronic_001-077-127.wav,8,organ_electronic_001,6,organ,1,electronic,77,127,16000,
-30.468744,-54.36765,vocal_synthetic_003-078-050,vocal_synthetic_003-078-050,/root/autodl-tmp/tokenizer-eval/data/nsynth/nsynth-valid/audio/vocal_synthetic_003-078-050.wav,37,vocal_synthetic_003,10,vocal,2,synthetic,78,50,16000,bright|distortion|long_release|nonlinear_env
-29.32668,2.5750058,keyboard_electronic_098-055-100,keyboard_electronic_098-055-100,/root/autodl-tmp/tokenizer-eval/data/nsynth/nsynth-valid/audio/keyboard_electronic_098-055-100.wav,905,keyboard_electronic_098,4,keyboard,1,electronic,55,100,16000,dark
54.0005,-7.754246,guitar_acoustic_015-076-100,guitar_acoustic_015-076-100,/root/autodl-tmp/tokenizer-eval/data/nsynth/nsynth-valid/audio/guitar_acoustic_015-076-100.wav,316,guitar_acoustic_015,3,guitar,0,acoustic,76,100,16000,fast_decay|reverb
-29.70064,31.05852,mallet_acoustic_062-073-127,mallet_acoustic_062-073-127,/root/autodl-tmp/tokenizer-eval/data/nsynth/nsynth-valid/audio/mallet_acoustic_062-073-127.wav,644,mallet_acoustic_062,5,mallet,0,acoustic,73,127,16000,dark|multiphonic
-11.364527,89.2936,reed_acoustic_037-063-025,reed_acoustic_037-063-025,/root/autodl-tmp/tokenizer-eval/data/nsynth/nsynth-valid/audio/reed_acoustic_037-063-025.wav,387,reed_acoustic_037,7,reed,0,acoustic,63,25,16000,reverb
-10.86701,77.26418,vocal_acoustic_000-051-075,vocal_acoustic_000-051-075,/root/autodl-tmp/tokenizer-eval/data/nsynth/nsynth-valid/audio/vocal_acoustic_000-051-075.wav,46,vocal_acoustic_000,10,vocal,0,acoustic,51,75,16000,reverb
-4.1873813,-69.45272,brass_acoustic_006-052-075,brass_acoustic_006-052-075,/root/autodl-tmp/tokenizer-eval/data/nsynth/nsynth-valid/audio/brass_acoustic_006-052-075.wav,43,brass_acoustic_006,1,brass,0,acoustic,52,75,16000,reverb
-7.271353,-23.992056,flute_synthetic_000-074-075,flute_synthetic_000-074-075,/root/autodl-tmp/tokenizer-eval/data/nsynth/nsynth-valid/audio/flute_synthetic_000-074-075.wav,82,flute_synthetic_000,2,flute,2,synthetic,74,75,16000,distortion
-2.3055823,-81.40652,reed_acoustic_011-076-025,reed_acoustic_011-076-025,/root/autodl-tmp/tokenizer-eval/data/nsynth/nsynth-valid/audio/reed_acoustic_011-076-025.wav,104,reed_acoustic_011,7,reed,0,acoustic,76,25,16000,
-15.511799,-74.2595,vocal_synthetic_003-076-025,vocal_synthetic_003-076-025,/root/autodl-tmp/tokenizer-eval/data/nsynth/nsynth-valid/audio/vocal_synthetic_003-076-025.wav,37,vocal_synthetic_003,10,vocal,2,synthetic,76,25,16000,bright|distortion|long_release|nonlinear_env
-56.3549,-12.747467,organ_electronic_028-072-127,organ_electronic_028-072-127,/root/autodl-tmp/tokenizer-eval/data/nsynth/nsynth-valid/audio/organ_electronic_028-072-127.wav,440,organ_electronic_028,6,organ,1,electronic,72,127,16000,dark
64.80444,-37.355564,reed_acoustic_023-094-127,reed_acoustic_023-094-127,/root/autodl-tmp/tokenizer-eval/data/nsynth/nsynth-valid/audio/reed_acoustic_023-094-127.wav,224,reed_acoustic_023,7,reed,0,acoustic,94,127,16000,fast_decay|multiphonic|nonlinear_env
-52.566193,-8.175694,string_acoustic_057-072-075,string_acoustic_057-072-075,/root/autodl-tmp/tokenizer-eval/data/nsynth/nsynth-valid/audio/string_acoustic_057-072-075.wav,450,string_acoustic_057,8,string,0,acoustic,72,75,16000,bright|nonlinear_env|reverb
59.5614,-19.852892,mallet_acoustic_062-079-025,mallet_acoustic_062-079-025,/root/autodl-tmp/tokenizer-eval/data/nsynth/nsynth-valid/audio/mallet_acoustic_062-079-025.wav,644,mallet_acoustic_062,5,mallet,0,acoustic,79,25,16000,fast_decay|multiphonic|percussive
7.045736,13.506973,bass_synthetic_098-076-127,bass_synthetic_098-076-127,/root/autodl-tmp/tokenizer-eval/data/nsynth/nsynth-valid/audio/bass_synthetic_098-076-127.wav,803,bass_synthetic_098,0,bass,2,synthetic,76,127,16000,
-15.533563,61.109978,organ_electronic_028-080-127,organ_electronic_028-080-127,/root/autodl-tmp/tokenizer-eval/data/nsynth/nsynth-valid/audio/organ_electronic_028-080-127.wav,440,organ_electronic_028,6,organ,1,electronic,80,127,16000,
-59.070538,-15.421216,string_acoustic_057-084-025,string_acoustic_057-084-025,/root/autodl-tmp/tokenizer-eval/data/nsynth/nsynth-valid/audio/string_acoustic_057-084-025.wav,450,string_acoustic_057,8,string,0,acoustic,84,25,16000,bright|nonlinear_env|reverb
-9.460526,85.53551,organ_electronic_113-075-075,organ_electronic_113-075-075,/root/autodl-tmp/tokenizer-eval/data/nsynth/nsynth-valid/audio/organ_electronic_113-075-075.wav,958,organ_electronic_113,6,organ,1,electronic,75,75,16000,
-6.9893346,-41.225845,string_acoustic_057-093-127,string_acoustic_057-093-127,/root/autodl-tmp/tokenizer-eval/data/nsynth/nsynth-valid/audio/string_acoustic_057-093-127.wav,450,string_acoustic_057,8,string,0,acoustic,93,127,16000,nonlinear_env|reverb
5.3796964,13.305211,bass_synthetic_098-093-100,bass_synthetic_098-093-100,/root/autodl-tmp/tokenizer-eval/data/nsynth/nsynth-valid/audio/bass_synthetic_098-093-100.wav,803,bass_synthetic_098,0,bass,2,synthetic,93,100,16000,
67.38542,-18.465248,guitar_acoustic_015-084-025,guitar_acoustic_015-084-025,/root/autodl-tmp/tokenizer-eval/data/nsynth/nsynth-valid/audio/guitar_acoustic_015-084-025.wav,316,guitar_acoustic_015,3,guitar,0,acoustic,84,25,16000,fast_decay|percussive|reverb
-36.53531,-5.1976027,flute_acoustic_002-091-025,flute_acoustic_002-091-025,/root/autodl-tmp/tokenizer-eval/data/nsynth/nsynth-valid/audio/flute_acoustic_002-091-025.wav,86,flute_acoustic_002,2,flute,0,acoustic,91,25,16000,long_release|reverb
-65.701195,27.530144,brass_acoustic_046-058-050,brass_acoustic_046-058-050,/root/autodl-tmp/tokenizer-eval/data/nsynth/nsynth-valid/audio/brass_acoustic_046-058-050.wav,414,brass_acoustic_046,1,brass,0,acoustic,58,50,16000,
57.754097,-42.00678,reed_acoustic_023-052-050,reed_acoustic_023-052-050,/root/autodl-tmp/tokenizer-eval/data/nsynth/nsynth-valid/audio/reed_acoustic_023-052-050.wav,224,reed_acoustic_023,7,reed,0,acoustic,52,50,16000,bright|fast_decay|multiphonic|nonlinear_env
6.732352,16.920523,bass_synthetic_098-065-025,bass_synthetic_098-065-025,/root/autodl-tmp/tokenizer-eval/data/nsynth/nsynth-valid/audio/bass_synthetic_098-065-025.wav,803,bass_synthetic_098,0,bass,2,synthetic,65,25,16000,
-32.26137,-57.218666,vocal_synthetic_003-090-127,vocal_synthetic_003-090-127,/root/autodl-tmp/tokenizer-eval/data/nsynth/nsynth-valid/audio/vocal_synthetic_003-090-127.wav,37,vocal_synthetic_003,10,vocal,2,synthetic,90,127,16000,bright|distortion|long_release|nonlinear_env
-24.74777,30.348467,string_acoustic_071-049-127,string_acoustic_071-049-127,/root/autodl-tmp/tokenizer-eval/data/nsynth/nsynth-valid/audio/string_acoustic_071-049-127.wav,609,string_acoustic_071,8,string,0,acoustic,49,127,16000,long_release|reverb
15.188555,-6.1665235,brass_acoustic_015-054-025,brass_acoustic_015-054-025,/root/autodl-tmp/tokenizer-eval/data/nsynth/nsynth-valid/audio/brass_acoustic_015-054-025.wav,121,brass_acoustic_015,1,brass,0,acoustic,54,25,16000,reverb
39.252304,19.064137,mallet_acoustic_062-050-100,mallet_acoustic_062-050-100,/root/autodl-tmp/tokenizer-eval/data/nsynth/nsynth-valid/audio/mallet_acoustic_062-050-100.wav,644,mallet_acoustic_062,5,mallet,0,acoustic,50,100,16000,dark|multiphonic
41.517967,-2.5876322,guitar_acoustic_015-068-050,guitar_acoustic_015-068-050,/root/autodl-tmp/tokenizer-eval/data/nsynth/nsynth-valid/audio/guitar_acoustic_015-068-050.wav,316,guitar_acoustic_015,3,guitar,0,acoustic,68,50,16000,reverb
-36.115562,42.27703,brass_acoustic_046-073-127,brass_acoustic_046-073-127,/root/autodl-tmp/tokenizer-eval/data/nsynth/nsynth-valid/audio/brass_acoustic_046-073-127.wav,414,brass_acoustic_046,1,brass,0,acoustic,73,127,16000,bright
61.26148,-0.7488912,bass_synthetic_134-087-050,bass_synthetic_134-087-050,/root/autodl-tmp/tokenizer-eval/data/nsynth/nsynth-valid/audio/bass_synthetic_134-087-050.wav,914,bass_synthetic_134,0,bass,2,synthetic,87,50,16000,fast_decay|percussive|reverb
-55.881645,27.455536,mallet_acoustic_062-070-100,mallet_acoustic_062-070-100,/root/autodl-tmp/tokenizer-eval/data/nsynth/nsynth-valid/audio/mallet_acoustic_062-070-100.wav,644,mallet_acoustic_062,5,mallet,0,acoustic,70,100,16000,dark|multiphonic
-7.4068136,11.675246,keyboard_electronic_001-048-100,keyboard_electronic_001-048-100,/root/autodl-tmp/tokenizer-eval/data/nsynth/nsynth-valid/audio/keyboard_electronic_001-048-100.wav,40,keyboard_electronic_001,4,keyboard,1,electronic,48,100,16000,
15.815142,-28.522661,organ_electronic_057-066-100,organ_electronic_057-066-100,/root/autodl-tmp/tokenizer-eval/data/nsynth/nsynth-valid/audio/organ_electronic_057-066-100.wav,701,organ_electronic_057,6,organ,1,electronic,66,100,16000,
43.605564,5.255239,bass_electronic_025-049-127,bass_electronic_025-049-127,/root/autodl-tmp/tokenizer-eval/data/nsynth/nsynth-valid/audio/bass_electronic_025-049-127.wav,872,bass_electronic_025,0,bass,1,electronic,49,127,16000,
46.747234,-18.913416,string_acoustic_056-070-127,string_acoustic_056-070-127,/root/autodl-tmp/tokenizer-eval/data/nsynth/nsynth-valid/audio/string_acoustic_056-070-127.wav,436,string_acoustic_056,8,string,0,acoustic,70,127,16000,fast_decay|percussive|reverb
40.76155,-10.480505,keyboard_electronic_001-085-127,keyboard_electronic_001-085-127,/root/autodl-tmp/tokenizer-eval/data/nsynth/nsynth-valid/audio/keyboard_electronic_001-085-127.wav,40,keyboard_electronic_001,4,keyboard,1,electronic,85,127,16000,percussive
-10.105325,44.502285,keyboard_electronic_078-056-100,keyboard_electronic_078-056-100,/root/autodl-tmp/tokenizer-eval/data/nsynth/nsynth-valid/audio/keyboard_electronic_078-056-100.wav,838,keyboard_electronic_078,4,keyboard,1,electronic,56,100,16000,bright
-33.422302,-5.6119175,guitar_acoustic_010-091-050,guitar_acoustic_010-091-050,/root/autodl-tmp/tokenizer-eval/data/nsynth/nsynth-valid/audio/guitar_acoustic_010-091-050.wav,219,guitar_acoustic_010,3,guitar,0,acoustic,91,50,16000,
76.293236,-28.049654,mallet_acoustic_047-077-025,mallet_acoustic_047-077-025,/root/autodl-tmp/tokenizer-eval/data/nsynth/nsynth-valid/audio/mallet_acoustic_047-077-025.wav,488,mallet_acoustic_047,5,mallet,0,acoustic,77,25,16000,fast_decay|percussive|reverb
22.03547,-8.133171,guitar_acoustic_015-047-127,guitar_acoustic_015-047-127,/root/autodl-tmp/tokenizer-eval/data/nsynth/nsynth-valid/audio/guitar_acoustic_015-047-127.wav,316,guitar_acoustic_015,3,guitar,0,acoustic,47,127,16000,reverb
-1.5034966,-75.23956,flute_synthetic_000-088-050,flute_synthetic_000-088-050,/root/autodl-tmp/tokenizer-eval/data/nsynth/nsynth-valid/audio/flute_synthetic_000-088-050.wav,82,flute_synthetic_000,2,flute,2,synthetic,88,50,16000,distortion
-12.377077,23.209925,brass_acoustic_006-034-050,brass_acoustic_006-034-050,/root/autodl-tmp/tokenizer-eval/data/nsynth/nsynth-valid/audio/brass_acoustic_006-034-050.wav,43,brass_acoustic_006,1,brass,0,acoustic,34,50,16000,reverb
-35.692623,-24.497501,guitar_acoustic_014-065-050,guitar_acoustic_014-065-050,/root/autodl-tmp/tokenizer-eval/data/nsynth/nsynth-valid/audio/guitar_acoustic_014-065-050.wav,263,guitar_acoustic_014,3,guitar,0,acoustic,65,50,16000,
-1.1488903,-15.378005,brass_acoustic_015-050-025,brass_acoustic_015-050-025,/root/autodl-tmp/tokenizer-eval/data/nsynth/nsynth-valid/audio/brass_acoustic_015-050-025.wav,121,brass_acoustic_015,1,brass,0,acoustic,50,25,16000,reverb
-42.678493,-51.591408,brass_acoustic_016-073-100,brass_acoustic_016-073-100,/root/autodl-tmp/tokenizer-eval/data/nsynth/nsynth-valid/audio/brass_acoustic_016-073-100.wav,128,brass_acoustic_016,1,brass,0,acoustic,73,100,16000,bright
-6.725662,54.864635,guitar_acoustic_014-056-050,guitar_acoustic_014-056-050,/root/autodl-tmp/tokenizer-eval/data/nsynth/nsynth-valid/audio/guitar_acoustic_014-056-050.wav,263,guitar_acoustic_014,3,guitar,0,acoustic,56,50,16000,
-18.63874,7.29062,guitar_acoustic_014-060-025,guitar_acoustic_014-060-025,/root/autodl-tmp/tokenizer-eval/data/nsynth/nsynth-valid/audio/guitar_acoustic_014-060-025.wav,263,guitar_acoustic_014,3,guitar,0,acoustic,60,25,16000,
-75.686455,26.43372,vocal_synthetic_003-082-050,vocal_synthetic_003-082-050,/root/autodl-tmp/tokenizer-eval/data/nsynth/nsynth-valid/audio/vocal_synthetic_003-082-050.wav,37,vocal_synthetic_003,10,vocal,2,synthetic,82,50,16000,bright|distortion|long_release|nonlinear_env
-9.711912,-32.454876,string_acoustic_057-086-025,string_acoustic_057-086-025,/root/autodl-tmp/tokenizer-eval/data/nsynth/nsynth-valid/audio/string_acoustic_057-086-025.wav,450,string_acoustic_057,8,string,0,acoustic,86,25,16000,bright|nonlinear_env|reverb
-37.752335,-0.6997611,brass_acoustic_046-079-025,brass_acoustic_046-079-025,/root/autodl-tmp/tokenizer-eval/data/nsynth/nsynth-valid/audio/brass_acoustic_046-079-025.wav,414,brass_acoustic_046,1,brass,0,acoustic,79,25,16000,
-26.860153,26.528328,bass_synthetic_135-061-075,bass_synthetic_135-061-075,/root/autodl-tmp/tokenizer-eval/data/nsynth/nsynth-valid/audio/bass_synthetic_135-061-075.wav,927,bass_synthetic_135,0,bass,2,synthetic,61,75,16000,distortion
-62.36814,31.906324,flute_synthetic_000-082-127,flute_synthetic_000-082-127,/root/autodl-tmp/tokenizer-eval/data/nsynth/nsynth-valid/audio/flute_synthetic_000-082-127.wav,82,flute_synthetic_000,2,flute,2,synthetic,82,127,16000,distortion
-45.538914,-30.298527,vocal_synthetic_003-065-025,vocal_synthetic_003-065-025,/root/autodl-tmp/tokenizer-eval/data/nsynth/nsynth-valid/audio/vocal_synthetic_003-065-025.wav,37,vocal_synthetic_003,10,vocal,2,synthetic,65,25,16000,bright|distortion|long_release|nonlinear_env
-15.149918,-13.648043,brass_acoustic_059-038-075,brass_acoustic_059-038-075,/root/autodl-tmp/tokenizer-eval/data/nsynth/nsynth-valid/audio/brass_acoustic_059-038-075.wav,572,brass_acoustic_059,1,brass,0,acoustic,38,75,16000,bright|reverb
1.4777101,50.54908,keyboard_acoustic_004-044-075,keyboard_acoustic_004-044-075,/root/autodl-tmp/tokenizer-eval/data/nsynth/nsynth-valid/audio/keyboard_acoustic_004-044-075.wav,327,keyboard_acoustic_004,4,keyboard,0,acoustic,44,75,16000,reverb
-38.230865,-27.139748,brass_acoustic_059-058-075,brass_acoustic_059-058-075,/root/autodl-tmp/tokenizer-eval/data/nsynth/nsynth-valid/audio/brass_acoustic_059-058-075.wav,572,brass_acoustic_059,1,brass,0,acoustic,58,75,16000,reverb
-13.732622,5.623381,mallet_acoustic_062-060-100,mallet_acoustic_062-060-100,/root/autodl-tmp/tokenizer-eval/data/nsynth/nsynth-valid/audio/mallet_acoustic_062-060-100.wav,644,mallet_acoustic_062,5,mallet,0,acoustic,60,100,16000,dark|multiphonic
38.590733,30.719584,mallet_acoustic_062-044-075,mallet_acoustic_062-044-075,/root/autodl-tmp/tokenizer-eval/data/nsynth/nsynth-valid/audio/mallet_acoustic_062-044-075.wav,644,mallet_acoustic_062,5,mallet,0,acoustic,44,75,16000,dark|multiphonic
-13.523827,55.197067,vocal_acoustic_000-056-075,vocal_acoustic_000-056-075,/root/autodl-tmp/tokenizer-eval/data/nsynth/nsynth-valid/audio/vocal_acoustic_000-056-075.wav,46,vocal_acoustic_000,10,vocal,0,acoustic,56,75,16000,reverb
62.181915,-1.1185277,bass_synthetic_134-091-100,bass_synthetic_134-091-100,/root/autodl-tmp/tokenizer-eval/data/nsynth/nsynth-valid/audio/bass_synthetic_134-091-100.wav,914,bass_synthetic_134,0,bass,2,synthetic,91,100,16000,fast_decay|percussive|reverb
-13.264585,-0.26292166,guitar_electronic_028-072-100,guitar_electronic_028-072-100,/root/autodl-tmp/tokenizer-eval/data/nsynth/nsynth-valid/audio/guitar_electronic_028-072-100.wav,510,guitar_electronic_028,3,guitar,1,electronic,72,100,16000,
-38.25677,-24.928612,organ_electronic_057-065-100,organ_electronic_057-065-100,/root/autodl-tmp/tokenizer-eval/data/nsynth/nsynth-valid/audio/organ_electronic_057-065-100.wav,701,organ_electronic_057,6,organ,1,electronic,65,100,16000,
49.359383,-57.660404,keyboard_synthetic_000-089-100,keyboard_synthetic_000-089-100,/root/autodl-tmp/tokenizer-eval/data/nsynth/nsynth-valid/audio/keyboard_synthetic_000-089-100.wav,577,keyboard_synthetic_000,4,keyboard,2,synthetic,89,100,16000,bright|distortion|fast_decay|nonlinear_env
-8.609645,-68.743454,organ_electronic_007-052-127,organ_electronic_007-052-127,/root/autodl-tmp/tokenizer-eval/data/nsynth/nsynth-valid/audio/organ_electronic_007-052-127.wav,123,organ_electronic_007,6,organ,1,electronic,52,127,16000,distortion|long_release|nonlinear_env
51.14545,-53.05225,reed_acoustic_023-092-075,reed_acoustic_023-092-075,/root/autodl-tmp/tokenizer-eval/data/nsynth/nsynth-valid/audio/reed_acoustic_023-092-075.wav,224,reed_acoustic_023,7,reed,0,acoustic,92,75,16000,fast_decay|multiphonic|nonlinear_env
46.865406,9.624093,mallet_acoustic_062-051-050,mallet_acoustic_062-051-050,/root/autodl-tmp/tokenizer-eval/data/nsynth/nsynth-valid/audio/mallet_acoustic_062-051-050.wav,644,mallet_acoustic_062,5,mallet,0,acoustic,51,50,16000,dark|multiphonic
55.675304,-10.813502,keyboard_acoustic_004-088-050,keyboard_acoustic_004-088-050,/root/autodl-tmp/tokenizer-eval/data/nsynth/nsynth-valid/audio/keyboard_acoustic_004-088-050.wav,327,keyboard_acoustic_004,4,keyboard,0,acoustic,88,50,16000,dark|reverb
-2.0082755,72.80117,guitar_acoustic_021-063-025,guitar_acoustic_021-063-025,/root/autodl-tmp/tokenizer-eval/data/nsynth/nsynth-valid/audio/guitar_acoustic_021-063-025.wav,457,guitar_acoustic_021,3,guitar,0,acoustic,63,25,16000,
3.9007905,19.606958,bass_synthetic_033-082-025,bass_synthetic_033-082-025,/root/autodl-tmp/tokenizer-eval/data/nsynth/nsynth-valid/audio/bass_synthetic_033-082-025.wav,417,bass_synthetic_033,0,bass,2,synthetic,82,25,16000,
-38.60114,8.312185,string_acoustic_080-055-075,string_acoustic_080-055-075,/root/autodl-tmp/tokenizer-eval/data/nsynth/nsynth-valid/audio/string_acoustic_080-055-075.wav,675,string_acoustic_080,8,string,0,acoustic,55,75,16000,long_release|reverb
15.334871,-21.473904,guitar_electronic_022-054-075,guitar_electronic_022-054-075,/root/autodl-tmp/tokenizer-eval/data/nsynth/nsynth-valid/audio/guitar_electronic_022-054-075.wav,378,guitar_electronic_022,3,guitar,1,electronic,54,75,16000,dark
26.287344,39.978943,flute_synthetic_000-034-050,flute_synthetic_000-034-050,/root/autodl-tmp/tokenizer-eval/data/nsynth/nsynth-valid/audio/flute_synthetic_000-034-050.wav,82,flute_synthetic_000,2,flute,2,synthetic,34,50,16000,distortion
-55.16193,27.498886,keyboard_electronic_098-058-127,keyboard_electronic_098-058-127,/root/autodl-tmp/tokenizer-eval/data/nsynth/nsynth-valid/audio/keyboard_electronic_098-058-127.wav,905,keyboard_electronic_098,4,keyboard,1,electronic,58,127,16000,
2.6418147,-72.687515,bass_synthetic_135-088-100,bass_synthetic_135-088-100,/root/autodl-tmp/tokenizer-eval/data/nsynth/nsynth-valid/audio/bass_synthetic_135-088-100.wav,927,bass_synthetic_135,0,bass,2,synthetic,88,100,16000,distortion
-75.40469,26.39627,vocal_synthetic_003-082-100,vocal_synthetic_003-082-100,/root/autodl-tmp/tokenizer-eval/data/nsynth/nsynth-valid/audio/vocal_synthetic_003-082-100.wav,37,vocal_synthetic_003,10,vocal,2,synthetic,82,100,16000,bright|distortion|long_release|nonlinear_env
1.8165574,54.416714,string_acoustic_071-044-025,string_acoustic_071-044-025,/root/autodl-tmp/tokenizer-eval/data/nsynth/nsynth-valid/audio/string_acoustic_071-044-025.wav,609,string_acoustic_071,8,string,0,acoustic,44,25,16000,long_release|reverb
34.78552,2.4567971,string_acoustic_014-047-025,string_acoustic_014-047-025,/root/autodl-tmp/tokenizer-eval/data/nsynth/nsynth-valid/audio/string_acoustic_014-047-025.wav,100,string_acoustic_014,8,string,0,acoustic,47,25,16000,dark|fast_decay|reverb
-28.720896,3.7625515,bass_synthetic_033-067-075,bass_synthetic_033-067-075,/root/autodl-tmp/tokenizer-eval/data/nsynth/nsynth-valid/audio/bass_synthetic_033-067-075.wav,417,bass_synthetic_033,0,bass,2,synthetic,67,75,16000,
68.977036,-5.6184654,mallet_acoustic_056-066-050,mallet_acoustic_056-066-050,/root/autodl-tmp/tokenizer-eval/data/nsynth/nsynth-valid/audio/mallet_acoustic_056-066-050.wav,590,mallet_acoustic_056,5,mallet,0,acoustic,66,50,16000,fast_decay|percussive
-6.7135773,-17.820045,guitar_acoustic_014-062-100,guitar_acoustic_014-062-100,/root/autodl-tmp/tokenizer-eval/data/nsynth/nsynth-valid/audio/guitar_acoustic_014-062-100.wav,263,guitar_acoustic_014,3,guitar,0,acoustic,62,100,16000,
16.80109,-49.05764,keyboard_electronic_069-057-127,keyboard_electronic_069-057-127,/root/autodl-tmp/tokenizer-eval/data/nsynth/nsynth-valid/audio/keyboard_electronic_069-057-127.wav,805,keyboard_electronic_069,4,keyboard,1,electronic,57,127,16000,distortion
41.529305,17.704891,bass_synthetic_068-038-025,bass_synthetic_068-038-025,/root/autodl-tmp/tokenizer-eval/data/nsynth/nsynth-valid/audio/bass_synthetic_068-038-025.wav,656,bass_synthetic_068,0,bass,2,synthetic,38,25,16000,dark
27.810022,33.874836,keyboard_electronic_003-035-075,keyboard_electronic_003-035-075,/root/autodl-tmp/tokenizer-eval/data/nsynth/nsynth-valid/audio/keyboard_electronic_003-035-075.wav,65,keyboard_electronic_003,4,keyboard,1,electronic,35,75,16000,distortion
21.037704,-24.490446,guitar_acoustic_021-066-075,guitar_acoustic_021-066-075,/root/autodl-tmp/tokenizer-eval/data/nsynth/nsynth-valid/audio/guitar_acoustic_021-066-075.wav,457,guitar_acoustic_021,3,guitar,0,acoustic,66,75,16000,
7.630419,49.251907,guitar_acoustic_021-032-050,guitar_acoustic_021-032-050,/root/autodl-tmp/tokenizer-eval/data/nsynth/nsynth-valid/audio/guitar_acoustic_021-032-050.wav,457,guitar_acoustic_021,3,guitar,0,acoustic,32,50,16000,
-34.222294,-21.435337,flute_synthetic_000-065-127,flute_synthetic_000-065-127,/root/autodl-tmp/tokenizer-eval/data/nsynth/nsynth-valid/audio/flute_synthetic_000-065-127.wav,82,flute_synthetic_000,2,flute,2,synthetic,65,127,16000,distortion
-13.180728,-13.778085,reed_acoustic_011-038-100,reed_acoustic_011-038-100,/root/autodl-tmp/tokenizer-eval/data/nsynth/nsynth-valid/audio/reed_acoustic_011-038-100.wav,104,reed_acoustic_011,7,reed,0,acoustic,38,100,16000,bright
-22.009834,57.47705,brass_acoustic_046-080-075,brass_acoustic_046-080-075,/root/autodl-tmp/tokenizer-eval/data/nsynth/nsynth-valid/audio/brass_acoustic_046-080-075.wav,414,brass_acoustic_046,1,brass,0,acoustic,80,75,16000,
54.128193,-17.31938,mallet_acoustic_047-089-100,mallet_acoustic_047-089-100,/root/autodl-tmp/tokenizer-eval/data/nsynth/nsynth-valid/audio/mallet_acoustic_047-089-100.wav,488,mallet_acoustic_047,5,mallet,0,acoustic,89,100,16000,fast_decay|percussive|reverb
-57.735744,8.609142,vocal_synthetic_003-043-050,vocal_synthetic_003-043-050,/root/autodl-tmp/tokenizer-eval/data/nsynth/nsynth-valid/audio/vocal_synthetic_003-043-050.wav,37,vocal_synthetic_003,10,vocal,2,synthetic,43,50,16000,distortion|long_release|nonlinear_env
26.919897,10.709582,organ_electronic_113-040-100,organ_electronic_113-040-100,/root/autodl-tmp/tokenizer-eval/data/nsynth/nsynth-valid/audio/organ_electronic_113-040-100.wav,958,organ_electronic_113,6,organ,1,electronic,40,100,16000,dark
32.212505,46.461765,flute_synthetic_000-045-050,flute_synthetic_000-045-050,/root/autodl-tmp/tokenizer-eval/data/nsynth/nsynth-valid/audio/flute_synthetic_000-045-050.wav,82,flute_synthetic_000,2,flute,2,synthetic,45,50,16000,distortion
-7.3367376,-26.337175,flute_synthetic_000-086-127,flute_synthetic_000-086-127,/root/autodl-tmp/tokenizer-eval/data/nsynth/nsynth-valid/audio/flute_synthetic_000-086-127.wav,82,flute_synthetic_000,2,flute,2,synthetic,86,127,16000,distortion
-1.8369461,52.60222,guitar_acoustic_021-044-127,guitar_acoustic_021-044-127,/root/autodl-tmp/tokenizer-eval/data/nsynth/nsynth-valid/audio/guitar_acoustic_021-044-127.wav,457,guitar_acoustic_021,3,guitar,0,acoustic,44,127,16000,distortion
42.4356,12.307017,bass_electronic_027-051-050,bass_electronic_027-051-050,/root/autodl-tmp/tokenizer-eval/data/nsynth/nsynth-valid/audio/bass_electronic_027-051-050.wav,880,bass_electronic_027,0,bass,1,electronic,51,50,16000,
-11.793093,49.5323,keyboard_electronic_003-080-050,keyboard_electronic_003-080-050,/root/autodl-tmp/tokenizer-eval/data/nsynth/nsynth-valid/audio/keyboard_electronic_003-080-050.wav,65,keyboard_electronic_003,4,keyboard,1,electronic,80,50,16000,
-73.31697,26.001173,bass_synthetic_009-070-075,bass_synthetic_009-070-075,/root/autodl-tmp/tokenizer-eval/data/nsynth/nsynth-valid/audio/bass_synthetic_009-070-075.wav,150,bass_synthetic_009,0,bass,2,synthetic,70,75,16000,bright|distortion|long_release
80.68596,-17.666918,mallet_acoustic_047-067-100,mallet_acoustic_047-067-100,/root/autodl-tmp/tokenizer-eval/data/nsynth/nsynth-valid/audio/mallet_acoustic_047-067-100.wav,488,mallet_acoustic_047,5,mallet,0,acoustic,67,100,16000,reverb
83.29373,-19.451065,mallet_acoustic_047-079-075,mallet_acoustic_047-079-075,/root/autodl-tmp/tokenizer-eval/data/nsynth/nsynth-valid/audio/mallet_acoustic_047-079-075.wav,488,mallet_acoustic_047,5,mallet,0,acoustic,79,75,16000,fast_decay|percussive|reverb
-7.2626467,-68.78198,string_acoustic_080-052-100,string_acoustic_080-052-100,/root/autodl-tmp/tokenizer-eval/data/nsynth/nsynth-valid/audio/string_acoustic_080-052-100.wav,675,string_acoustic_080,8,string,0,acoustic,52,100,16000,reverb
62.156525,-46.211803,reed_acoustic_023-069-050,reed_acoustic_023-069-050,/root/autodl-tmp/tokenizer-eval/data/nsynth/nsynth-valid/audio/reed_acoustic_023-069-050.wav,224,reed_acoustic_023,7,reed,0,acoustic,69,50,16000,bright|fast_decay|multiphonic|nonlinear_env
-19.111843,89.63232,vocal_synthetic_003-075-075,vocal_synthetic_003-075-075,/root/autodl-tmp/tokenizer-eval/data/nsynth/nsynth-valid/audio/vocal_synthetic_003-075-075.wav,37,vocal_synthetic_003,10,vocal,2,synthetic,75,75,16000,bright|distortion|long_release|nonlinear_env
-11.594375,4.915839,guitar_electronic_028-048-075,guitar_electronic_028-048-075,/root/autodl-tmp/tokenizer-eval/data/nsynth/nsynth-valid/audio/guitar_electronic_028-048-075.wav,510,guitar_electronic_028,3,guitar,1,electronic,48,75,16000,dark
55.210094,-54.556423,reed_acoustic_023-091-100,reed_acoustic_023-091-100,/root/autodl-tmp/tokenizer-eval/data/nsynth/nsynth-valid/audio/reed_acoustic_023-091-100.wav,224,reed_acoustic_023,7,reed,0,acoustic,91,100,16000,fast_decay|multiphonic|nonlinear_env
-7.678969,24.765375,brass_acoustic_006-033-050,brass_acoustic_006-033-050,/root/autodl-tmp/tokenizer-eval/data/nsynth/nsynth-valid/audio/brass_acoustic_006-033-050.wav,43,brass_acoustic_006,1,brass,0,acoustic,33,50,16000,reverb
-37.302967,-54.227665,string_acoustic_057-090-050,string_acoustic_057-090-050,/root/autodl-tmp/tokenizer-eval/data/nsynth/nsynth-valid/audio/string_acoustic_057-090-050.wav,450,string_acoustic_057,8,string,0,acoustic,90,50,16000,bright|nonlinear_env|reverb
0.13514423,39.465755,keyboard_electronic_098-031-025,keyboard_electronic_098-031-025,/root/autodl-tmp/tokenizer-eval/data/nsynth/nsynth-valid/audio/keyboard_electronic_098-031-025.wav,905,keyboard_electronic_098,4,keyboard,1,electronic,31,25,16000,dark
40.882805,-19.525505,mallet_acoustic_062-070-075,mallet_acoustic_062-070-075,/root/autodl-tmp/tokenizer-eval/data/nsynth/nsynth-valid/audio/mallet_acoustic_062-070-075.wav,644,mallet_acoustic_062,5,mallet,0,acoustic,70,75,16000,dark|multiphonic
57.70728,-4.2002363,string_acoustic_056-066-127,string_acoustic_056-066-127,/root/autodl-tmp/tokenizer-eval/data/nsynth/nsynth-valid/audio/string_acoustic_056-066-127.wav,436,string_acoustic_056,8,string,0,acoustic,66,127,16000,fast_decay|percussive|reverb
34.703552,1.1863568,mallet_acoustic_062-047-050,mallet_acoustic_062-047-050,/root/autodl-tmp/tokenizer-eval/data/nsynth/nsynth-valid/audio/mallet_acoustic_062-047-050.wav,644,mallet_acoustic_062,5,mallet,0,acoustic,47,50,16000,dark|multiphonic
-68.944405,5.503089,vocal_synthetic_003-043-100,vocal_synthetic_003-043-100,/root/autodl-tmp/tokenizer-eval/data/nsynth/nsynth-valid/audio/vocal_synthetic_003-043-100.wav,37,vocal_synthetic_003,10,vocal,2,synthetic,43,100,16000,bright|distortion|long_release|nonlinear_env
48.190228,16.933928,mallet_acoustic_062-037-025,mallet_acoustic_062-037-025,/root/autodl-tmp/tokenizer-eval/data/nsynth/nsynth-valid/audio/mallet_acoustic_062-037-025.wav,644,mallet_acoustic_062,5,mallet,0,acoustic,37,25,16000,dark|fast_decay|multiphonic
-15.329393,44.018623,string_acoustic_057-056-075,string_acoustic_057-056-075,/root/autodl-tmp/tokenizer-eval/data/nsynth/nsynth-valid/audio/string_acoustic_057-056-075.wav,450,string_acoustic_057,8,string,0,acoustic,56,75,16000,nonlinear_env|reverb
44.486538,21.732323,keyboard_synthetic_000-038-050,keyboard_synthetic_000-038-050,/root/autodl-tmp/tokenizer-eval/data/nsynth/nsynth-valid/audio/keyboard_synthetic_000-038-050.wav,577,keyboard_synthetic_000,4,keyboard,2,synthetic,38,50,16000,distortion|fast_decay|nonlinear_env
6.3499084,18.412558,bass_synthetic_098-058-075,bass_synthetic_098-058-075,/root/autodl-tmp/tokenizer-eval/data/nsynth/nsynth-valid/audio/bass_synthetic_098-058-075.wav,803,bass_synthetic_098,0,bass,2,synthetic,58,75,16000,
-36.5838,2.6513073,flute_acoustic_002-067-075,flute_acoustic_002-067-075,/root/autodl-tmp/tokenizer-eval/data/nsynth/nsynth-valid/audio/flute_acoustic_002-067-075.wav,86,flute_acoustic_002,2,flute,0,acoustic,67,75,16000,long_release|reverb
52.538174,-45.83535,reed_acoustic_023-060-025,reed_acoustic_023-060-025,/root/autodl-tmp/tokenizer-eval/data/nsynth/nsynth-valid/audio/reed_acoustic_023-060-025.wav,224,reed_acoustic_023,7,reed,0,acoustic,60,25,16000,bright|fast_decay|multiphonic|nonlinear_env
46.96327,28.0973,mallet_acoustic_062-042-050,mallet_acoustic_062-042-050,/root/autodl-tmp/tokenizer-eval/data/nsynth/nsynth-valid/audio/mallet_acoustic_062-042-050.wav,644,mallet_acoustic_062,5,mallet,0,acoustic,42,50,16000,dark|multiphonic
63.475258,-50.226093,reed_acoustic_023-088-075,reed_acoustic_023-088-075,/root/autodl-tmp/tokenizer-eval/data/nsynth/nsynth-valid/audio/reed_acoustic_023-088-075.wav,224,reed_acoustic_023,7,reed,0,acoustic,88,75,16000,fast_decay|multiphonic|nonlinear_env
-36.63808,5.340239,reed_acoustic_037-055-025,reed_acoustic_037-055-025,/root/autodl-tmp/tokenizer-eval/data/nsynth/nsynth-valid/audio/reed_acoustic_037-055-025.wav,387,reed_acoustic_037,7,reed,0,acoustic,55,25,16000,reverb
-21.733826,89.421074,vocal_synthetic_003-087-100,vocal_synthetic_003-087-100,/root/autodl-tmp/tokenizer-eval/data/nsynth/nsynth-valid/audio/vocal_synthetic_003-087-100.wav,37,vocal_synthetic_003,10,vocal,2,synthetic,87,100,16000,bright|distortion|long_release|nonlinear_env
26.004694,13.484234,string_acoustic_071-040-025,string_acoustic_071-040-025,/root/autodl-tmp/tokenizer-eval/data/nsynth/nsynth-valid/audio/string_acoustic_071-040-025.wav,609,string_acoustic_071,8,string,0,acoustic,40,25,16000,long_release|reverb
-45.45215,-47.272095,brass_acoustic_016-087-127,brass_acoustic_016-087-127,/root/autodl-tmp/tokenizer-eval/data/nsynth/nsynth-valid/audio/brass_acoustic_016-087-127.wav,128,brass_acoustic_016,1,brass,0,acoustic,87,127,16000,
-34.239967,-21.488901,flute_synthetic_000-065-100,flute_synthetic_000-065-100,/root/autodl-tmp/tokenizer-eval/data/nsynth/nsynth-valid/audio/flute_synthetic_000-065-100.wav,82,flute_synthetic_000,2,flute,2,synthetic,65,100,16000,distortion
-31.892622,29.990168,guitar_electronic_022-073-025,guitar_electronic_022-073-025,/root/autodl-tmp/tokenizer-eval/data/nsynth/nsynth-valid/audio/guitar_electronic_022-073-025.wav,378,guitar_electronic_022,3,guitar,1,electronic,73,25,16000,
-14.797476,-79.22269,bass_synthetic_009-088-127,bass_synthetic_009-088-127,/root/autodl-tmp/tokenizer-eval/data/nsynth/nsynth-valid/audio/bass_synthetic_009-088-127.wav,150,bass_synthetic_009,0,bass,2,synthetic,88,127,16000,long_release
-35.505085,-3.315272,brass_acoustic_006-079-100,brass_acoustic_006-079-100,/root/autodl-tmp/tokenizer-eval/data/nsynth/nsynth-valid/audio/brass_acoustic_006-079-100.wav,43,brass_acoustic_006,1,brass,0,acoustic,79,100,16000,reverb
77.202515,-9.519651,mallet_acoustic_056-046-127,mallet_acoustic_056-046-127,/root/autodl-tmp/tokenizer-eval/data/nsynth/nsynth-valid/audio/mallet_acoustic_056-046-127.wav,590,mallet_acoustic_056,5,mallet,0,acoustic,46,127,16000,bright|fast_decay|percussive
-55.778316,-17.566765,string_acoustic_057-096-050,string_acoustic_057-096-050,/root/autodl-tmp/tokenizer-eval/data/nsynth/nsynth-valid/audio/string_acoustic_057-096-050.wav,450,string_acoustic_057,8,string,0,acoustic,96,50,16000,bright|nonlinear_env|reverb
-63.655125,28.450531,string_acoustic_057-058-100,string_acoustic_057-058-100,/root/autodl-tmp/tokenizer-eval/data/nsynth/nsynth-valid/audio/string_acoustic_057-058-100.wav,450,string_acoustic_057,8,string,0,acoustic,58,100,16000,bright|nonlinear_env|reverb
74.016815,-18.620564,mallet_acoustic_062-092-025,mallet_acoustic_062-092-025,/root/autodl-tmp/tokenizer-eval/data/nsynth/nsynth-valid/audio/mallet_acoustic_062-092-025.wav,644,mallet_acoustic_062,5,mallet,0,acoustic,92,25,16000,fast_decay|multiphonic|percussive
-64.991,11.035018,vocal_synthetic_003-039-100,vocal_synthetic_003-039-100,/root/autodl-tmp/tokenizer-eval/data/nsynth/nsynth-valid/audio/vocal_synthetic_003-039-100.wav,37,vocal_synthetic_003,10,vocal,2,synthetic,39,100,16000,bright|distortion|long_release|nonlinear_env
53.383064,-3.8501186,mallet_acoustic_062-064-025,mallet_acoustic_062-064-025,/root/autodl-tmp/tokenizer-eval/data/nsynth/nsynth-valid/audio/mallet_acoustic_062-064-025.wav,644,mallet_acoustic_062,5,mallet,0,acoustic,64,25,16000,dark|fast_decay|multiphonic
46.95268,17.299099,bass_synthetic_134-038-127,bass_synthetic_134-038-127,/root/autodl-tmp/tokenizer-eval/data/nsynth/nsynth-valid/audio/bass_synthetic_134-038-127.wav,914,bass_synthetic_134,0,bass,2,synthetic,38,127,16000,dark|fast_decay|reverb
21.225882,23.848322,mallet_acoustic_062-036-127,mallet_acoustic_062-036-127,/root/autodl-tmp/tokenizer-eval/data/nsynth/nsynth-valid/audio/mallet_acoustic_062-036-127.wav,644,mallet_acoustic_062,5,mallet,0,acoustic,36,127,16000,dark|long_release|multiphonic
-61.457123,36.981907,guitar_acoustic_010-082-075,guitar_acoustic_010-082-075,/root/autodl-tmp/tokenizer-eval/data/nsynth/nsynth-valid/audio/guitar_acoustic_010-082-075.wav,219,guitar_acoustic_010,3,guitar,0,acoustic,82,75,16000,
-41.76141,3.6782782,vocal_synthetic_003-055-075,vocal_synthetic_003-055-075,/root/autodl-tmp/tokenizer-eval/data/nsynth/nsynth-valid/audio/vocal_synthetic_003-055-075.wav,37,vocal_synthetic_003,10,vocal,2,synthetic,55,75,16000,distortion|long_release|nonlinear_env
51.820587,-40.354366,reed_acoustic_023-044-025,reed_acoustic_023-044-025,/root/autodl-tmp/tokenizer-eval/data/nsynth/nsynth-valid/audio/reed_acoustic_023-044-025.wav,224,reed_acoustic_023,7,reed,0,acoustic,44,25,16000,bright|fast_decay|multiphonic|nonlinear_env
-37.622776,10.548257,guitar_acoustic_014-055-025,guitar_acoustic_014-055-025,/root/autodl-tmp/tokenizer-eval/data/nsynth/nsynth-valid/audio/guitar_acoustic_014-055-025.wav,263,guitar_acoustic_014,3,guitar,0,acoustic,55,25,16000,
-35.484245,-2.5501401,organ_electronic_104-079-025,organ_electronic_104-079-025,/root/autodl-tmp/tokenizer-eval/data/nsynth/nsynth-valid/audio/organ_electronic_104-079-025.wav,921,organ_electronic_104,6,organ,1,electronic,79,25,16000,
-86.103325,0.012626664,brass_acoustic_046-091-075,brass_acoustic_046-091-075,/root/autodl-tmp/tokenizer-eval/data/nsynth/nsynth-valid/audio/brass_acoustic_046-091-075.wav,414,brass_acoustic_046,1,brass,0,acoustic,91,75,16000,long_release
54.78249,-16.737421,mallet_acoustic_056-089-075,mallet_acoustic_056-089-075,/root/autodl-tmp/tokenizer-eval/data/nsynth/nsynth-valid/audio/mallet_acoustic_056-089-075.wav,590,mallet_acoustic_056,5,mallet,0,acoustic,89,75,16000,fast_decay
-13.622294,56.652016,vocal_acoustic_000-068-127,vocal_acoustic_000-068-127,/root/autodl-tmp/tokenizer-eval/data/nsynth/nsynth-valid/audio/vocal_acoustic_000-068-127.wav,46,vocal_acoustic_000,10,vocal,0,acoustic,68,127,16000,reverb
-1.1483386,-15.37944,brass_acoustic_015-050-050,brass_acoustic_015-050-050,/root/autodl-tmp/tokenizer-eval/data/nsynth/nsynth-valid/audio/brass_acoustic_015-050-050.wav,121,brass_acoustic_015,1,brass,0,acoustic,50,50,16000,reverb
-49.631447,-31.831127,bass_synthetic_009-077-050,bass_synthetic_009-077-050,/root/autodl-tmp/tokenizer-eval/data/nsynth/nsynth-valid/audio/bass_synthetic_009-077-050.wav,150,bass_synthetic_009,0,bass,2,synthetic,77,50,16000,bright|distortion|long_release
-37.282433,-25.078354,guitar_acoustic_010-065-050,guitar_acoustic_010-065-050,/root/autodl-tmp/tokenizer-eval/data/nsynth/nsynth-valid/audio/guitar_acoustic_010-065-050.wav,219,guitar_acoustic_010,3,guitar,0,acoustic,65,50,16000,
50.150505,-12.797408,mallet_acoustic_062-065-050,mallet_acoustic_062-065-050,/root/autodl-tmp/tokenizer-eval/data/nsynth/nsynth-valid/audio/mallet_acoustic_062-065-050.wav,644,mallet_acoustic_062,5,mallet,0,acoustic,65,50,16000,dark|fast_decay|multiphonic
-30.369131,-26.645283,bass_synthetic_033-077-100,bass_synthetic_033-077-100,/root/autodl-tmp/tokenizer-eval/data/nsynth/nsynth-valid/audio/bass_synthetic_033-077-100.wav,417,bass_synthetic_033,0,bass,2,synthetic,77,100,16000,
-25.610813,56.21438,string_acoustic_057-092-075,string_acoustic_057-092-075,/root/autodl-tmp/tokenizer-eval/data/nsynth/nsynth-valid/audio/string_acoustic_057-092-075.wav,450,string_acoustic_057,8,string,0,acoustic,92,75,16000,nonlinear_env|reverb
46.524647,-21.21953,mallet_acoustic_062-082-050,mallet_acoustic_062-082-050,/root/autodl-tmp/tokenizer-eval/data/nsynth/nsynth-valid/audio/mallet_acoustic_062-082-050.wav,644,mallet_acoustic_062,5,mallet,0,acoustic,82,50,16000,fast_decay|multiphonic
-11.503471,51.57224,brass_acoustic_015-068-025,brass_acoustic_015-068-025,/root/autodl-tmp/tokenizer-eval/data/nsynth/nsynth-valid/audio/brass_acoustic_015-068-025.wav,121,brass_acoustic_015,1,brass,0,acoustic,68,25,16000,reverb
-16.169891,18.60448,brass_acoustic_006-038-075,brass_acoustic_006-038-075,/root/autodl-tmp/tokenizer-eval/data/nsynth/nsynth-valid/audio/brass_acoustic_006-038-075.wav,43,brass_acoustic_006,1,brass,0,acoustic,38,75,16000,reverb
-12.245661,26.182882,brass_acoustic_006-032-025,brass_acoustic_006-032-025,/root/autodl-tmp/tokenizer-eval/data/nsynth/nsynth-valid/audio/brass_acoustic_006-032-025.wav,43,brass_acoustic_006,1,brass,0,acoustic,32,25,16000,long_release|reverb
36.857548,45.60375,flute_synthetic_000-057-127,flute_synthetic_000-057-127,/root/autodl-tmp/tokenizer-eval/data/nsynth/nsynth-valid/audio/flute_synthetic_000-057-127.wav,82,flute_synthetic_000,2,flute,2,synthetic,57,127,16000,distortion
-72.74208,5.173368,vocal_synthetic_003-047-127,vocal_synthetic_003-047-127,/root/autodl-tmp/tokenizer-eval/data/nsynth/nsynth-valid/audio/vocal_synthetic_003-047-127.wav,37,vocal_synthetic_003,10,vocal,2,synthetic,47,127,16000,bright|distortion|long_release|nonlinear_env
23.209915,-24.402105,bass_synthetic_068-078-127,bass_synthetic_068-078-127,/root/autodl-tmp/tokenizer-eval/data/nsynth/nsynth-valid/audio/bass_synthetic_068-078-127.wav,656,bass_synthetic_068,0,bass,2,synthetic,78,127,16000,distortion|fast_decay
-30.707586,-54.26254,vocal_synthetic_003-078-075,vocal_synthetic_003-078-075,/root/autodl-tmp/tokenizer-eval/data/nsynth/nsynth-valid/audio/vocal_synthetic_003-078-075.wav,37,vocal_synthetic_003,10,vocal,2,synthetic,78,75,16000,bright|distortion|long_release|nonlinear_env
65.97178,-29.35862,mallet_acoustic_047-095-075,mallet_acoustic_047-095-075,/root/autodl-tmp/tokenizer-eval/data/nsynth/nsynth-valid/audio/mallet_acoustic_047-095-075.wav,488,mallet_acoustic_047,5,mallet,0,acoustic,95,75,16000,fast_decay|percussive|reverb
2.525284,-72.13229,mallet_acoustic_062-076-127,mallet_acoustic_062-076-127,/root/autodl-tmp/tokenizer-eval/data/nsynth/nsynth-valid/audio/mallet_acoustic_062-076-127.wav,644,mallet_acoustic_062,5,mallet,0,acoustic,76,127,16000,dark|multiphonic
29.19975,36.625874,bass_electronic_018-034-025,bass_electronic_018-034-025,/root/autodl-tmp/tokenizer-eval/data/nsynth/nsynth-valid/audio/bass_electronic_018-034-025.wav,759,bass_electronic_018,0,bass,1,electronic,34,25,16000,
-15.136917,83.67879,string_acoustic_057-075-127,string_acoustic_057-075-127,/root/autodl-tmp/tokenizer-eval/data/nsynth/nsynth-valid/audio/string_acoustic_057-075-127.wav,450,string_acoustic_057,8,string,0,acoustic,75,127,16000,bright|nonlinear_env|reverb
-23.469324,30.074972,flute_synthetic_000-061-025,flute_synthetic_000-061-025,/root/autodl-tmp/tokenizer-eval/data/nsynth/nsynth-valid/audio/flute_synthetic_000-061-025.wav,82,flute_synthetic_000,2,flute,2,synthetic,61,25,16000,distortion
-15.4535675,-15.24053,brass_acoustic_006-050-050,brass_acoustic_006-050-050,/root/autodl-tmp/tokenizer-eval/data/nsynth/nsynth-valid/audio/brass_acoustic_006-050-050.wav,43,brass_acoustic_006,1,brass,0,acoustic,50,50,16000,reverb
-18.709398,90.02386,vocal_synthetic_003-075-050,vocal_synthetic_003-075-050,/root/autodl-tmp/tokenizer-eval/data/nsynth/nsynth-valid/audio/vocal_synthetic_003-075-050.wav,37,vocal_synthetic_003,10,vocal,2,synthetic,75,50,16000,bright|distortion|long_release|nonlinear_env
17.716042,-46.33942,guitar_acoustic_030-057-075,guitar_acoustic_030-057-075,/root/autodl-tmp/tokenizer-eval/data/nsynth/nsynth-valid/audio/guitar_acoustic_030-057-075.wav,642,guitar_acoustic_030,3,guitar,0,acoustic,57,75,16000,tempo-synced
36.557446,14.646057,bass_synthetic_033-039-075,bass_synthetic_033-039-075,/root/autodl-tmp/tokenizer-eval/data/nsynth/nsynth-valid/audio/bass_synthetic_033-039-075.wav,417,bass_synthetic_033,0,bass,2,synthetic,39,75,16000,dark
0.23617288,37.661522,keyboard_electronic_098-031-100,keyboard_electronic_098-031-100,/root/autodl-tmp/tokenizer-eval/data/nsynth/nsynth-valid/audio/keyboard_electronic_098-031-100.wav,905,keyboard_electronic_098,4,keyboard,1,electronic,31,100,16000,dark|distortion
-42.02538,-22.23087,reed_acoustic_037-041-127,reed_acoustic_037-041-127,/root/autodl-tmp/tokenizer-eval/data/nsynth/nsynth-valid/audio/reed_acoustic_037-041-127.wav,387,reed_acoustic_037,7,reed,0,acoustic,41,127,16000,long_release|reverb
10.834786,72.82955,flute_synthetic_000-051-050,flute_synthetic_000-051-050,/root/autodl-tmp/tokenizer-eval/data/nsynth/nsynth-valid/audio/flute_synthetic_000-051-050.wav,82,flute_synthetic_000,2,flute,2,synthetic,51,50,16000,distortion
4.2068663,48.984146,flute_synthetic_000-044-127,flute_synthetic_000-044-127,/root/autodl-tmp/tokenizer-eval/data/nsynth/nsynth-valid/audio/flute_synthetic_000-044-127.wav,82,flute_synthetic_000,2,flute,2,synthetic,44,127,16000,distortion
-39.545315,49.426544,vocal_synthetic_003-073-100,vocal_synthetic_003-073-100,/root/autodl-tmp/tokenizer-eval/data/nsynth/nsynth-valid/audio/vocal_synthetic_003-073-100.wav,37,vocal_synthetic_003,10,vocal,2,synthetic,73,100,16000,bright|distortion|long_release|nonlinear_env
30.341223,26.585442,string_acoustic_014-036-050,string_acoustic_014-036-050,/root/autodl-tmp/tokenizer-eval/data/nsynth/nsynth-valid/audio/string_acoustic_014-036-050.wav,100,string_acoustic_014,8,string,0,acoustic,36,50,16000,dark|reverb
21.84592,-16.702501,organ_electronic_113-059-075,organ_electronic_113-059-075,/root/autodl-tmp/tokenizer-eval/data/nsynth/nsynth-valid/audio/organ_electronic_113-059-075.wav,958,organ_electronic_113,6,organ,1,electronic,59,75,16000,dark
-0.43001655,37.636375,organ_electronic_057-031-100,organ_electronic_057-031-100,/root/autodl-tmp/tokenizer-eval/data/nsynth/nsynth-valid/audio/organ_electronic_057-031-100.wav,701,organ_electronic_057,6,organ,1,electronic,31,100,16000,dark
-7.38114,-68.72156,string_acoustic_080-052-025,string_acoustic_080-052-025,/root/autodl-tmp/tokenizer-eval/data/nsynth/nsynth-valid/audio/string_acoustic_080-052-025.wav,675,string_acoustic_080,8,string,0,acoustic,52,25,16000,long_release|reverb
4.675245,13.294776,bass_synthetic_098-091-100,bass_synthetic_098-091-100,/root/autodl-tmp/tokenizer-eval/data/nsynth/nsynth-valid/audio/bass_synthetic_098-091-100.wav,803,bass_synthetic_098,0,bass,2,synthetic,91,100,16000,
-43.842808,-5.279843,vocal_synthetic_003-079-025,vocal_synthetic_003-079-025,/root/autodl-tmp/tokenizer-eval/data/nsynth/nsynth-valid/audio/vocal_synthetic_003-079-025.wav,37,vocal_synthetic_003,10,vocal,2,synthetic,79,25,16000,bright|distortion|long_release|nonlinear_env
9.477397,-47.089817,string_acoustic_057-069-100,string_acoustic_057-069-100,/root/autodl-tmp/tokenizer-eval/data/nsynth/nsynth-valid/audio/string_acoustic_057-069-100.wav,450,string_acoustic_057,8,string,0,acoustic,69,100,16000,bright|nonlinear_env|reverb
-16.4498,58.720516,organ_electronic_001-080-127,organ_electronic_001-080-127,/root/autodl-tmp/tokenizer-eval/data/nsynth/nsynth-valid/audio/organ_electronic_001-080-127.wav,8,organ_electronic_001,6,organ,1,electronic,80,127,16000,
22.232979,-15.128089,guitar_acoustic_014-059-075,guitar_acoustic_014-059-075,/root/autodl-tmp/tokenizer-eval/data/nsynth/nsynth-valid/audio/guitar_acoustic_014-059-075.wav,263,guitar_acoustic_014,3,guitar,0,acoustic,59,75,16000,
-30.692472,31.097433,brass_acoustic_015-073-127,brass_acoustic_015-073-127,/root/autodl-tmp/tokenizer-eval/data/nsynth/nsynth-valid/audio/brass_acoustic_015-073-127.wav,121,brass_acoustic_015,1,brass,0,acoustic,73,127,16000,reverb
-63.49474,36.931877,organ_electronic_028-082-127,organ_electronic_028-082-127,/root/autodl-tmp/tokenizer-eval/data/nsynth/nsynth-valid/audio/organ_electronic_028-082-127.wav,440,organ_electronic_028,6,organ,1,electronic,82,127,16000,
-28.299973,62.56751,vocal_synthetic_003-092-127,vocal_synthetic_003-092-127,/root/autodl-tmp/tokenizer-eval/data/nsynth/nsynth-valid/audio/vocal_synthetic_003-092-127.wav,37,vocal_synthetic_003,10,vocal,2,synthetic,92,127,16000,bright|distortion|long_release|nonlinear_env
5.79448,19.581842,bass_synthetic_098-050-100,bass_synthetic_098-050-100,/root/autodl-tmp/tokenizer-eval/data/nsynth/nsynth-valid/audio/bass_synthetic_098-050-100.wav,803,bass_synthetic_098,0,bass,2,synthetic,50,100,16000,distortion
64.80098,-37.354816,reed_acoustic_023-094-050,reed_acoustic_023-094-050,/root/autodl-tmp/tokenizer-eval/data/nsynth/nsynth-valid/audio/reed_acoustic_023-094-050.wav,224,reed_acoustic_023,7,reed,0,acoustic,94,50,16000,fast_decay|multiphonic|nonlinear_env
14.547583,-24.019373,organ_electronic_057-054-127,organ_electronic_057-054-127,/root/autodl-tmp/tokenizer-eval/data/nsynth/nsynth-valid/audio/organ_electronic_057-054-127.wav,701,organ_electronic_057,6,organ,1,electronic,54,127,16000,dark
-8.171253,77.19601,flute_synthetic_000-063-050,flute_synthetic_000-063-050,/root/autodl-tmp/tokenizer-eval/data/nsynth/nsynth-valid/audio/flute_synthetic_000-063-050.wav,82,flute_synthetic_000,2,flute,2,synthetic,63,50,16000,distortion
-22.427452,33.284355,organ_electronic_028-037-127,organ_electronic_028-037-127,/root/autodl-tmp/tokenizer-eval/data/nsynth/nsynth-valid/audio/organ_electronic_028-037-127.wav,440,organ_electronic_028,6,organ,1,electronic,37,127,16000,dark
-41.152702,-35.978004,string_acoustic_057-089-127,string_acoustic_057-089-127,/root/autodl-tmp/tokenizer-eval/data/nsynth/nsynth-valid/audio/string_acoustic_057-089-127.wav,450,string_acoustic_057,8,string,0,acoustic,89,127,16000,nonlinear_env|reverb
50.644604,7.5163474,string_acoustic_014-063-100,string_acoustic_014-063-100,/root/autodl-tmp/tokenizer-eval/data/nsynth/nsynth-valid/audio/string_acoustic_014-063-100.wav,100,string_acoustic_014,8,string,0,acoustic,63,100,16000,fast_decay|percussive|reverb
5.0297985,35.410374,flute_synthetic_000-055-025,flute_synthetic_000-055-025,/root/autodl-tmp/tokenizer-eval/data/nsynth/nsynth-valid/audio/flute_synthetic_000-055-025.wav,82,flute_synthetic_000,2,flute,2,synthetic,55,25,16000,distortion
-37.902287,-1.5383556,organ_electronic_028-079-127,organ_electronic_028-079-127,/root/autodl-tmp/tokenizer-eval/data/nsynth/nsynth-valid/audio/organ_electronic_028-079-127.wav,440,organ_electronic_028,6,organ,1,electronic,79,127,16000,
61.286884,-12.330565,mallet_acoustic_062-086-050,mallet_acoustic_062-086-050,/root/autodl-tmp/tokenizer-eval/data/nsynth/nsynth-valid/audio/mallet_acoustic_062-086-050.wav,644,mallet_acoustic_062,5,mallet,0,acoustic,86,50,16000,fast_decay|multiphonic
9.118921,17.407454,bass_synthetic_098-048-075,bass_synthetic_098-048-075,/root/autodl-tmp/tokenizer-eval/data/nsynth/nsynth-valid/audio/bass_synthetic_098-048-075.wav,803,bass_synthetic_098,0,bass,2,synthetic,48,75,16000,
-26.107773,0.1767611,keyboard_electronic_098-067-127,keyboard_electronic_098-067-127,/root/autodl-tmp/tokenizer-eval/data/nsynth/nsynth-valid/audio/keyboard_electronic_098-067-127.wav,905,keyboard_electronic_098,4,keyboard,1,electronic,67,127,16000,
-13.10815,-54.174572,brass_acoustic_059-047-127,brass_acoustic_059-047-127,/root/autodl-tmp/tokenizer-eval/data/nsynth/nsynth-valid/audio/brass_acoustic_059-047-127.wav,572,brass_acoustic_059,1,brass,0,acoustic,47,127,16000,reverb
45.422752,-59.933475,keyboard_synthetic_000-082-075,keyboard_synthetic_000-082-075,/root/autodl-tmp/tokenizer-eval/data/nsynth/nsynth-valid/audio/keyboard_synthetic_000-082-075.wav,577,keyboard_synthetic_000,4,keyboard,2,synthetic,82,75,16000,bright|distortion|fast_decay|nonlinear_env
-53.750298,-2.932198,brass_acoustic_059-060-025,brass_acoustic_059-060-025,/root/autodl-tmp/tokenizer-eval/data/nsynth/nsynth-valid/audio/brass_acoustic_059-060-025.wav,572,brass_acoustic_059,1,brass,0,acoustic,60,25,16000,dark|reverb
-10.108307,44.507748,keyboard_electronic_078-056-075,keyboard_electronic_078-056-075,/root/autodl-tmp/tokenizer-eval/data/nsynth/nsynth-valid/audio/keyboard_electronic_078-056-075.wav,838,keyboard_electronic_078,4,keyboard,1,electronic,56,75,16000,bright
-4.8534207,69.77761,keyboard_electronic_001-039-050,keyboard_electronic_001-039-050,/root/autodl-tmp/tokenizer-eval/data/nsynth/nsynth-valid/audio/keyboard_electronic_001-039-050.wav,40,keyboard_electronic_001,4,keyboard,1,electronic,39,50,16000,dark
54.714172,-37.61732,reed_acoustic_023-031-050,reed_acoustic_023-031-050,/root/autodl-tmp/tokenizer-eval/data/nsynth/nsynth-valid/audio/reed_acoustic_023-031-050.wav,224,reed_acoustic_023,7,reed,0,acoustic,31,50,16000,bright|fast_decay|multiphonic|nonlinear_env
-12.547434,85.777824,brass_acoustic_046-075-100,brass_acoustic_046-075-100,/root/autodl-tmp/tokenizer-eval/data/nsynth/nsynth-valid/audio/brass_acoustic_046-075-100.wav,414,brass_acoustic_046,1,brass,0,acoustic,75,100,16000,bright
-50.828224,37.3249,organ_electronic_001-046-127,organ_electronic_001-046-127,/root/autodl-tmp/tokenizer-eval/data/nsynth/nsynth-valid/audio/organ_electronic_001-046-127.wav,8,organ_electronic_001,6,organ,1,electronic,46,127,16000,dark
-71.355865,27.703772,organ_electronic_007-070-100,organ_electronic_007-070-100,/root/autodl-tmp/tokenizer-eval/data/nsynth/nsynth-valid/audio/organ_electronic_007-070-100.wav,123,organ_electronic_007,6,organ,1,electronic,70,100,16000,distortion|long_release|nonlinear_env
29.765577,15.825102,flute_synthetic_000-040-100,flute_synthetic_000-040-100,/root/autodl-tmp/tokenizer-eval/data/nsynth/nsynth-valid/audio/flute_synthetic_000-040-100.wav,82,flute_synthetic_000,2,flute,2,synthetic,40,100,16000,distortion
-4.4096274,73.12812,brass_acoustic_015-063-025,brass_acoustic_015-063-025,/root/autodl-tmp/tokenizer-eval/data/nsynth/nsynth-valid/audio/brass_acoustic_015-063-025.wav,121,brass_acoustic_015,1,brass,0,acoustic,63,25,16000,reverb
31.576359,-8.587692,mallet_acoustic_062-071-075,mallet_acoustic_062-071-075,/root/autodl-tmp/tokenizer-eval/data/nsynth/nsynth-valid/audio/mallet_acoustic_062-071-075.wav,644,mallet_acoustic_062,5,mallet,0,acoustic,71,75,16000,dark|multiphonic
-10.822781,29.526556,brass_acoustic_015-044-075,brass_acoustic_015-044-075,/root/autodl-tmp/tokenizer-eval/data/nsynth/nsynth-valid/audio/brass_acoustic_015-044-075.wav,121,brass_acoustic_015,1,brass,0,acoustic,44,75,16000,reverb
74.33592,-7.553107,mallet_acoustic_056-058-025,mallet_acoustic_056-058-025,/root/autodl-tmp/tokenizer-eval/data/nsynth/nsynth-valid/audio/mallet_acoustic_056-058-025.wav,590,mallet_acoustic_056,5,mallet,0,acoustic,58,25,16000,fast_decay|percussive
-40.366222,-30.741049,organ_electronic_057-077-100,organ_electronic_057-077-100,/root/autodl-tmp/tokenizer-eval/data/nsynth/nsynth-valid/audio/organ_electronic_057-077-100.wav,701,organ_electronic_057,6,organ,1,electronic,77,100,16000,
-23.131334,57.9041,brass_acoustic_046-080-127,brass_acoustic_046-080-127,/root/autodl-tmp/tokenizer-eval/data/nsynth/nsynth-valid/audio/brass_acoustic_046-080-127.wav,414,brass_acoustic_046,1,brass,0,acoustic,80,127,16000,
-57.865067,39.59225,reed_acoustic_037-042-025,reed_acoustic_037-042-025,/root/autodl-tmp/tokenizer-eval/data/nsynth/nsynth-valid/audio/reed_acoustic_037-042-025.wav,387,reed_acoustic_037,7,reed,0,acoustic,42,25,16000,reverb
-12.365784,56.03836,vocal_acoustic_000-056-050,vocal_acoustic_000-056-050,/root/autodl-tmp/tokenizer-eval/data/nsynth/nsynth-valid/audio/vocal_acoustic_000-056-050.wav,46,vocal_acoustic_000,10,vocal,0,acoustic,56,50,16000,reverb
44.31534,-56.12046,bass_synthetic_034-075-075,bass_synthetic_034-075-075,/root/autodl-tmp/tokenizer-eval/data/nsynth/nsynth-valid/audio/bass_synthetic_034-075-075.wav,420,bass_synthetic_034,0,bass,2,synthetic,75,75,16000,distortion|tempo-synced
-36.517433,40.073273,reed_acoustic_018-085-075,reed_acoustic_018-085-075,/root/autodl-tmp/tokenizer-eval/data/nsynth/nsynth-valid/audio/reed_acoustic_018-085-075.wav,183,reed_acoustic_018,7,reed,0,acoustic,85,75,16000,
28.292234,32.264885,guitar_acoustic_030-035-100,guitar_acoustic_030-035-100,/root/autodl-tmp/tokenizer-eval/data/nsynth/nsynth-valid/audio/guitar_acoustic_030-035-100.wav,642,guitar_acoustic_030,3,guitar,0,acoustic,35,100,16000,long_release|tempo-synced
-37.88185,41.14109,string_acoustic_057-085-050,string_acoustic_057-085-050,/root/autodl-tmp/tokenizer-eval/data/nsynth/nsynth-valid/audio/string_acoustic_057-085-050.wav,450,string_acoustic_057,8,string,0,acoustic,85,50,16000,bright|nonlinear_env|reverb
73.43672,-7.699931,mallet_acoustic_056-060-127,mallet_acoustic_056-060-127,/root/autodl-tmp/tokenizer-eval/data/nsynth/nsynth-valid/audio/mallet_acoustic_056-060-127.wav,590,mallet_acoustic_056,5,mallet,0,acoustic,60,127,16000,fast_decay|percussive
-16.326786,58.803394,reed_acoustic_018-068-050,reed_acoustic_018-068-050,/root/autodl-tmp/tokenizer-eval/data/nsynth/nsynth-valid/audio/reed_acoustic_018-068-050.wav,183,reed_acoustic_018,7,reed,0,acoustic,68,50,16000,
-15.657792,-78.64525,organ_electronic_007-076-075,organ_electronic_007-076-075,/root/autodl-tmp/tokenizer-eval/data/nsynth/nsynth-valid/audio/organ_electronic_007-076-075.wav,123,organ_electronic_007,6,organ,1,electronic,76,75,16000,bright|distortion|long_release|nonlinear_env
-62.900253,10.137051,vocal_synthetic_003-033-100,vocal_synthetic_003-033-100,/root/autodl-tmp/tokenizer-eval/data/nsynth/nsynth-valid/audio/vocal_synthetic_003-033-100.wav,37,vocal_synthetic_003,10,vocal,2,synthetic,33,100,16000,bright|distortion|long_release|nonlinear_env
-30.735142,-1.1433535,bass_synthetic_135-079-025,bass_synthetic_135-079-025,/root/autodl-tmp/tokenizer-eval/data/nsynth/nsynth-valid/audio/bass_synthetic_135-079-025.wav,927,bass_synthetic_135,0,bass,2,synthetic,79,25,16000,distortion
10.047519,-4.4207034,guitar_acoustic_010-042-075,guitar_acoustic_010-042-075,/root/autodl-tmp/tokenizer-eval/data/nsynth/nsynth-valid/audio/guitar_acoustic_010-042-075.wav,219,guitar_acoustic_010,3,guitar,0,acoustic,42,75,16000,
-58.39952,-12.017103,flute_acoustic_002-072-050,flute_acoustic_002-072-050,/root/autodl-tmp/tokenizer-eval/data/nsynth/nsynth-valid/audio/flute_acoustic_002-072-050.wav,86,flute_acoustic_002,2,flute,0,acoustic,72,50,16000,long_release|reverb
14.07141,32.704365,string_acoustic_071-046-050,string_acoustic_071-046-050,/root/autodl-tmp/tokenizer-eval/data/nsynth/nsynth-valid/audio/string_acoustic_071-046-050.wav,609,string_acoustic_071,8,string,0,acoustic,46,50,16000,long_release|reverb
30.331589,28.974798,bass_synthetic_068-035-075,bass_synthetic_068-035-075,/root/autodl-tmp/tokenizer-eval/data/nsynth/nsynth-valid/audio/bass_synthetic_068-035-075.wav,656,bass_synthetic_068,0,bass,2,synthetic,35,75,16000,dark
-58.652386,-14.492394,flute_acoustic_002-084-127,flute_acoustic_002-084-127,/root/autodl-tmp/tokenizer-eval/data/nsynth/nsynth-valid/audio/flute_acoustic_002-084-127.wav,86,flute_acoustic_002,2,flute,0,acoustic,84,127,16000,long_release|reverb
11.057444,-27.712166,brass_acoustic_046-066-127,brass_acoustic_046-066-127,/root/autodl-tmp/tokenizer-eval/data/nsynth/nsynth-valid/audio/brass_acoustic_046-066-127.wav,414,brass_acoustic_046,1,brass,0,acoustic,66,127,16000,bright
-17.574902,84.382385,brass_acoustic_006-087-075,brass_acoustic_006-087-075,/root/autodl-tmp/tokenizer-eval/data/nsynth/nsynth-valid/audio/brass_acoustic_006-087-075.wav,43,brass_acoustic_006,1,brass,0,acoustic,87,75,16000,reverb
-33.118183,5.202836,string_acoustic_057-067-025,string_acoustic_057-067-025,/root/autodl-tmp/tokenizer-eval/data/nsynth/nsynth-valid/audio/string_acoustic_057-067-025.wav,450,string_acoustic_057,8,string,0,acoustic,67,25,16000,bright|nonlinear_env|reverb
6.943476,15.865924,bass_synthetic_098-069-050,bass_synthetic_098-069-050,/root/autodl-tmp/tokenizer-eval/data/nsynth/nsynth-valid/audio/bass_synthetic_098-069-050.wav,803,bass_synthetic_098,0,bass,2,synthetic,69,50,16000,
-33.68125,37.91964,string_acoustic_057-073-075,string_acoustic_057-073-075,/root/autodl-tmp/tokenizer-eval/data/nsynth/nsynth-valid/audio/string_acoustic_057-073-075.wav,450,string_acoustic_057,8,string,0,acoustic,73,75,16000,bright|nonlinear_env|reverb
-14.490224,10.485573,flute_synthetic_000-060-075,flute_synthetic_000-060-075,/root/autodl-tmp/tokenizer-eval/data/nsynth/nsynth-valid/audio/flute_synthetic_000-060-075.wav,82,flute_synthetic_000,2,flute,2,synthetic,60,75,16000,distortion
57.959938,-16.969374,guitar_acoustic_015-078-127,guitar_acoustic_015-078-127,/root/autodl-tmp/tokenizer-eval/data/nsynth/nsynth-valid/audio/guitar_acoustic_015-078-127.wav,316,guitar_acoustic_015,3,guitar,0,acoustic,78,127,16000,fast_decay|reverb
45.18054,-2.3145912,string_acoustic_056-068-050,string_acoustic_056-068-050,/root/autodl-tmp/tokenizer-eval/data/nsynth/nsynth-valid/audio/string_acoustic_056-068-050.wav,436,string_acoustic_056,8,string,0,acoustic,68,50,16000,fast_decay|percussive|reverb
