tsne_x,tsne_y,id,note_str,audio_path,instrument,instrument_str,instrument_family,instrument_family_str,instrument_source,instrument_source_str,pitch,velocity,sample_rate,qualities_str
-24.664051,7.507012,organ_electronic_028-091-025,organ_electronic_028-091-025,/root/autodl-tmp/tokenizer-eval/data/nsynth/nsynth-valid/audio/organ_electronic_028-091-025.wav,440,organ_electronic_028,6,organ,1,electronic,91,25,16000,
-22.509703,-6.8295608,brass_acoustic_006-043-127,brass_acoustic_006-043-127,/root/autodl-tmp/tokenizer-eval/data/nsynth/nsynth-valid/audio/brass_acoustic_006-043-127.wav,43,brass_acoustic_006,1,brass,0,acoustic,43,127,16000,reverb
16.886555,-3.9598908,bass_synthetic_068-075-050,bass_synthetic_068-075-050,/root/autodl-tmp/tokenizer-eval/data/nsynth/nsynth-valid/audio/bass_synthetic_068-075-050.wav,656,bass_synthetic_068,0,bass,2,synthetic,75,50,16000,
34.135506,2.4242284,mallet_acoustic_062-061-050,mallet_acoustic_062-061-050,/root/autodl-tmp/tokenizer-eval/data/nsynth/nsynth-valid/audio/mallet_acoustic_062-061-050.wav,644,mallet_acoustic_062,5,mallet,0,acoustic,61,50,16000,dark|fast_decay|multiphonic
-22.232805,-31.57605,reed_acoustic_018-073-025,reed_acoustic_018-073-025,/root/autodl-tmp/tokenizer-eval/data/nsynth/nsynth-valid/audio/reed_acoustic_018-073-025.wav,183,reed_acoustic_018,7,reed,0,acoustic,73,25,16000,
32.793495,4.204278,guitar_acoustic_015-073-075,guitar_acoustic_015-073-075,/root/autodl-tmp/tokenizer-eval/data/nsynth/nsynth-valid/audio/guitar_acoustic_015-073-075.wav,316,guitar_acoustic_015,3,guitar,0,acoustic,73,75,16000,reverb
-9.666351,-8.73055,organ_electronic_113-062-075,organ_electronic_113-062-075,/root/autodl-tmp/tokenizer-eval/data/nsynth/nsynth-valid/audio/organ_electronic_113-062-075.wav,958,organ_electronic_113,6,organ,1,electronic,62,75,16000,dark
39.18511,17.815525,guitar_acoustic_014-087-025,guitar_acoustic_014-087-025,/root/autodl-tmp/tokenizer-eval/data/nsynth/nsynth-valid/audio/guitar_acoustic_014-087-025.wav,263,guitar_acoustic_014,3,guitar,0,acoustic,87,25,16000,fast_decay|percussive
-18.477259,-11.35774,brass_acoustic_059-033-127,brass_acoustic_059-033-127,/root/autodl-tmp/tokenizer-eval/data/nsynth/nsynth-valid/audio/brass_acoustic_059-033-127.wav,572,brass_acoustic_059,1,brass,0,acoustic,33,127,16000,reverb
-8.921321,-4.281907,reed_acoustic_037-074-050,reed_acoustic_037-074-050,/root/autodl-tmp/tokenizer-eval/data/nsynth/nsynth-valid/audio/reed_acoustic_037-074-050.wav,387,reed_acoustic_037,7,reed,0,acoustic,74,50,16000,reverb
46.710663,-8.0311365,string_acoustic_014-032-127,string_acoustic_014-032-127,/root/autodl-tmp/tokenizer-eval/data/nsynth/nsynth-valid/audio/string_acoustic_014-032-127.wav,100,string_acoustic_014,8,string,0,acoustic,32,127,16000,dark|fast_decay|reverb
45.794785,22.759693,string_acoustic_056-073-075,string_acoustic_056-073-075,/root/autodl-tmp/tokenizer-eval/data/nsynth/nsynth-valid/audio/string_acoustic_056-073-075.wav,436,string_acoustic_056,8,string,0,acoustic,73,75,16000,fast_decay|percussive|reverb
-11.685236,-55.02895,organ_electronic_113-068-025,organ_electronic_113-068-025,/root/autodl-tmp/tokenizer-eval/data/nsynth/nsynth-valid/audio/organ_electronic_113-068-025.wav,958,organ_electronic_113,6,organ,1,electronic,68,25,16000,
-10.646291,-12.964166,string_acoustic_012-050-127,string_acoustic_012-050-127,/root/autodl-tmp/tokenizer-eval/data/nsynth/nsynth-valid/audio/string_acoustic_012-050-127.wav,97,string_acoustic_012,8,string,0,acoustic,50,127,16000,reverb
-0.050690375,-43.66048,string_acoustic_080-043-100,string_acoustic_080-043-100,/root/autodl-tmp/tokenizer-eval/data/nsynth/nsynth-valid/audio/string_acoustic_080-043-100.wav,675,string_acoustic_080,8,string,0,acoustic,43,100,16000,long_release|reverb
-25.645262,-12.331797,brass_acoustic_006-040-025,brass_acoustic_006-040-025,/root/autodl-tmp/tokenizer-eval/data/nsynth/nsynth-valid/audio/brass_acoustic_006-040-025.wav,43,brass_acoustic_006,1,brass,0,acoustic,40,25,16000,reverb
20.72656,-0.37941286,keyboard_electronic_001-056-100,keyboard_electronic_001-056-100,/root/autodl-tmp/tokenizer-eval/data/nsynth/nsynth-valid/audio/keyboard_electronic_001-056-100.wav,40,keyboard_electronic_001,4,keyboard,1,electronic,56,100,16000,
20.185997,-42.220905,flute_synthetic_000-035-100,flute_synthetic_000-035-100,/root/autodl-tmp/tokenizer-eval/data/nsynth/nsynth-valid/audio/flute_synthetic_000-035-100.wav,82,flute_synthetic_000,2,flute,2,synthetic,35,100,16000,distortion
13.9342375,18.971077,keyboard_electronic_078-084-075,keyboard_electronic_078-084-075,/root/autodl-tmp/tokenizer-eval/data/nsynth/nsynth-valid/audio/keyboard_electronic_078-084-075.wav,838,keyboard_electronic_078,4,keyboard,1,electronic,84,75,16000,bright
40.301426,24.982635,keyboard_acoustic_004-091-050,keyboard_acoustic_004-091-050,/root/autodl-tmp/tokenizer-eval/data/nsynth/nsynth-valid/audio/keyboard_acoustic_004-091-050.wav,327,keyboard_acoustic_004,4,keyboard,0,acoustic,91,50,16000,dark|reverb
7.1409445,39.05114,string_acoustic_012-053-100,string_acoustic_012-053-100,/root/autodl-tmp/tokenizer-eval/data/nsynth/nsynth-valid/audio/string_acoustic_012-053-100.wav,97,string_acoustic_012,8,string,0,acoustic,53,100,16000,reverb
-18.955404,18.044867,string_acoustic_057-084-075,string_acoustic_057-084-075,/root/autodl-tmp/tokenizer-eval/data/nsynth/nsynth-valid/audio/string_acoustic_057-084-075.wav,450,string_acoustic_057,8,string,0,acoustic,84,75,16000,bright|nonlinear_env|reverb
13.538444,-21.456484,bass_synthetic_033-096-050,bass_synthetic_033-096-050,/root/autodl-tmp/tokenizer-eval/data/nsynth/nsynth-valid/audio/bass_synthetic_033-096-050.wav,417,bass_synthetic_033,0,bass,2,synthetic,96,50,16000,
28.970896,-3.8995461,keyboard_acoustic_004-067-050,keyboard_acoustic_004-067-050,/root/autodl-tmp/tokenizer-eval/data/nsynth/nsynth-valid/audio/keyboard_acoustic_004-067-050.wav,327,keyboard_acoustic_004,4,keyboard,0,acoustic,67,50,16000,dark|reverb
40.803246,43.681812,reed_acoustic_023-093-075,reed_acoustic_023-093-075,/root/autodl-tmp/tokenizer-eval/data/nsynth/nsynth-valid/audio/reed_acoustic_023-093-075.wav,224,reed_acoustic_023,7,reed,0,acoustic,93,75,16000,fast_decay|multiphonic|nonlinear_env
17.210382,-40.6125,guitar_acoustic_021-034-025,guitar_acoustic_021-034-025,/root/autodl-tmp/tokenizer-eval/data/nsynth/nsynth-valid/audio/guitar_acoustic_021-034-025.wav,457,guitar_acoustic_021,3,guitar,0,acoustic,34,25,16000,
15.486835,4.5678897,keyboard_acoustic_004-070-127,keyboard_acoustic_004-070-127,/root/autodl-tmp/tokenizer-eval/data/nsynth/nsynth-valid/audio/keyboard_acoustic_004-070-127.wav,327,keyboard_acoustic_004,4,keyboard,0,acoustic,70,127,16000,reverb
13.987484,-4.7166533,keyboard_electronic_078-063-025,keyboard_electronic_078-063-025,/root/autodl-tmp/tokenizer-eval/data/nsynth/nsynth-valid/audio/keyboard_electronic_078-063-025.wav,838,keyboard_electronic_078,4,keyboard,1,electronic,63,25,16000,bright
39.70304,-3.930953,bass_electronic_018-058-127,bass_electronic_018-058-127,/root/autodl-tmp/tokenizer-eval/data/nsynth/nsynth-valid/audio/bass_electronic_018-058-127.wav,759,bass_electronic_018,0,bass,1,electronic,58,127,16000,
-58.217014,-7.029425,vocal_synthetic_003-031-075,vocal_synthetic_003-031-075,/root/autodl-tmp/tokenizer-eval/data/nsynth/nsynth-valid/audio/vocal_synthetic_003-031-075.wav,37,vocal_synthetic_003,10,vocal,2,synthetic,31,75,16000,distortion|long_release|nonlinear_env
-42.41154,-33.71373,vocal_acoustic_000-051-100,vocal_acoustic_000-051-100,/root/autodl-tmp/tokenizer-eval/data/nsynth/nsynth-valid/audio/vocal_acoustic_000-051-100.wav,46,vocal_acoustic_000,10,vocal,0,acoustic,51,100,16000,reverb
42.43832,5.0363026,string_acoustic_014-062-050,string_acoustic_014-062-050,/root/autodl-tmp/tokenizer-eval/data/nsynth/nsynth-valid/audio/string_acoustic_014-062-050.wav,100,string_acoustic_014,8,string,0,acoustic,62,50,16000,dark|percussive|reverb
-5.4749045,-12.926317,keyboard_electronic_002-050-075,keyboard_electronic_002-050-075,/root/autodl-tmp/tokenizer-eval/data/nsynth/nsynth-valid/audio/keyboard_electronic_002-050-075.wav,50,keyboard_electronic_002,4,keyboard,1,electronic,50,75,16000,
-14.666333,-30.68119,mallet_acoustic_062-061-127,mallet_acoustic_062-061-127,/root/autodl-tmp/tokenizer-eval/data/nsynth/nsynth-valid/audio/mallet_acoustic_062-061-127.wav,644,mallet_acoustic_062,5,mallet,0,acoustic,61,127,16000,dark|long_release|multiphonic
-18.092882,1.7357904,guitar_electronic_028-067-127,guitar_electronic_028-067-127,/root/autodl-tmp/tokenizer-eval/data/nsynth/nsynth-valid/audio/guitar_electronic_028-067-127.wav,510,guitar_electronic_028,3,guitar,1,electronic,67,127,16000,
15.912395,-34.5992,guitar_acoustic_021-046-075,guitar_acoustic_021-046-075,/root/autodl-tmp/tokenizer-eval/data/nsynth/nsynth-valid/audio/guitar_acoustic_021-046-075.wav,457,guitar_acoustic_021,3,guitar,0,acoustic,46,75,16000,
4.1863556,4.4335375,guitar_electronic_022-083-025,guitar_electronic_022-083-025,/root/autodl-tmp/tokenizer-eval/data/nsynth/nsynth-valid/audio/guitar_electronic_022-083-025.wav,378,guitar_electronic_022,3,guitar,1,electronic,83,25,16000,
-21.766602,-32.910908,reed_acoustic_037-073-100,reed_acoustic_037-073-100,/root/autodl-tmp/tokenizer-eval/data/nsynth/nsynth-valid/audio/reed_acoustic_037-073-100.wav,387,reed_acoustic_037,7,reed,0,acoustic,73,100,16000,reverb
-21.0431,-0.300444,flute_synthetic_000-067-127,flute_synthetic_000-067-127,/root/autodl-tmp/tokenizer-eval/data/nsynth/nsynth-valid/audio/flute_synthetic_000-067-127.wav,82,flute_synthetic_000,2,flute,2,synthetic,67,127,16000,distortion
33.997826,-21.529598,keyboard_electronic_069-039-075,keyboard_electronic_069-039-075,/root/autodl-tmp/tokenizer-eval/data/nsynth/nsynth-valid/audio/keyboard_electronic_069-039-075.wav,805,keyboard_electronic_069,4,keyboard,1,electronic,39,75,16000,distortion
-18.216087,-12.213674,brass_acoustic_006-035-127,brass_acoustic_006-035-127,/root/autodl-tmp/tokenizer-eval/data/nsynth/nsynth-valid/audio/brass_acoustic_006-035-127.wav,43,brass_acoustic_006,1,brass,0,acoustic,35,127,16000,reverb
-47.370438,39.18338,vocal_synthetic_003-093-025,vocal_synthetic_003-093-025,/root/autodl-tmp/tokenizer-eval/data/nsynth/nsynth-valid/audio/vocal_synthetic_003-093-025.wav,37,vocal_synthetic_003,10,vocal,2,synthetic,93,25,16000,bright|distortion|long_release|nonlinear_env
-16.592077,-1.4575286,guitar_acoustic_015-039-050,guitar_acoustic_015-039-050,/root/autodl-tmp/tokenizer-eval/data/nsynth/nsynth-valid/audio/guitar_acoustic_015-039-050.wav,316,guitar_acoustic_015,3,guitar,0,acoustic,39,50,16000,reverb
47.41152,-0.2422031,string_acoustic_056-050-075,string_acoustic_056-050-075,/root/autodl-tmp/tokenizer-eval/data/nsynth/nsynth-valid/audio/string_acoustic_056-050-075.wav,436,string_acoustic_056,8,string,0,acoustic,50,75,16000,fast_decay|reverb
-45.610645,40.319313,vocal_synthetic_003-081-075,vocal_synthetic_003-081-075,/root/autodl-tmp/tokenizer-eval/data/nsynth/nsynth-valid/audio/vocal_synthetic_003-081-075.wav,37,vocal_synthetic_003,10,vocal,2,synthetic,81,75,16000,bright|distortion|long_release|nonlinear_env
-32.398533,51.7123,brass_acoustic_016-059-100,brass_acoustic_016-059-100,/root/autodl-tmp/tokenizer-eval/data/nsynth/nsynth-valid/audio/brass_acoustic_016-059-100.wav,128,brass_acoustic_016,1,brass,0,acoustic,59,100,16000,bright
-60.517902,3.3879247,vocal_synthetic_003-047-075,vocal_synthetic_003-047-075,/root/autodl-tmp/tokenizer-eval/data/nsynth/nsynth-valid/audio/vocal_synthetic_003-047-075.wav,37,vocal_synthetic_003,10,vocal,2,synthetic,47,75,16000,distortion|long_release|nonlinear_env
-17.024897,11.69578,vocal_acoustic_000-060-100,vocal_acoustic_000-060-100,/root/autodl-tmp/tokenizer-eval/data/nsynth/nsynth-valid/audio/vocal_acoustic_000-060-100.wav,46,vocal_acoustic_000,10,vocal,0,acoustic,60,100,16000,reverb
16.299788,-43.57441,guitar_acoustic_030-033-025,guitar_acoustic_030-033-025,/root/autodl-tmp/tokenizer-eval/data/nsynth/nsynth-valid/audio/guitar_acoustic_030-033-025.wav,642,guitar_acoustic_030,3,guitar,0,acoustic,33,25,16000,long_release|tempo-synced
-28.310553,26.968304,flute_acoustic_002-083-050,flute_acoustic_002-083-050,/root/autodl-tmp/tokenizer-eval/data/nsynth/nsynth-valid/audio/flute_acoustic_002-083-050.wav,86,flute_acoustic_002,2,flute,0,acoustic,83,50,16000,reverb
38.218052,48.077972,reed_acoustic_023-080-050,reed_acoustic_023-080-050,/root/autodl-tmp/tokenizer-eval/data/nsynth/nsynth-valid/audio/reed_acoustic_023-080-050.wav,224,reed_acoustic_023,7,reed,0,acoustic,80,50,16000,bright|fast_decay|multiphonic|nonlinear_env
31.088758,-28.400494,flute_synthetic_000-039-025,flute_synthetic_000-039-025,/root/autodl-tmp/tokenizer-eval/data/nsynth/nsynth-valid/audio/flute_synthetic_000-039-025.wav,82,flute_synthetic_000,2,flute,2,synthetic,39,25,16000,distortion
-45.095345,23.85922,bass_synthetic_009-078-127,bass_synthetic_009-078-127,/root/autodl-tmp/tokenizer-eval/data/nsynth/nsynth-valid/audio/bass_synthetic_009-078-127.wav,150,bass_synthetic_009,0,bass,2,synthetic,78,127,16000,bright|distortion|long_release
37.82124,-22.870031,guitar_acoustic_010-038-050,guitar_acoustic_010-038-050,/root/autodl-tmp/tokenizer-eval/data/nsynth/nsynth-valid/audio/guitar_acoustic_010-038-050.wav,219,guitar_acoustic_010,3,guitar,0,acoustic,38,50,16000,
-22.681221,-35.039837,organ_electronic_007-061-127,organ_electronic_007-061-127,/root/autodl-tmp/tokenizer-eval/data/nsynth/nsynth-valid/audio/organ_electronic_007-061-127.wav,123,organ_electronic_007,6,organ,1,electronic,61,127,16000,distortion|long_release|nonlinear_env
31.427032,45.30805,reed_acoustic_023-087-050,reed_acoustic_023-087-050,/root/autodl-tmp/tokenizer-eval/data/nsynth/nsynth-valid/audio/reed_acoustic_023-087-050.wav,224,reed_acoustic_023,7,reed,0,acoustic,87,50,16000,fast_decay|multiphonic|nonlinear_env
14.40753,16.192413,keyboard_acoustic_004-072-050,keyboard_acoustic_004-072-050,/root/autodl-tmp/tokenizer-eval/data/nsynth/nsynth-valid/audio/keyboard_acoustic_004-072-050.wav,327,keyboard_acoustic_004,4,keyboard,0,acoustic,72,50,16000,dark|reverb
-7.8990335,-3.8187397,flute_synthetic_000-086-100,flute_synthetic_000-086-100,/root/autodl-tmp/tokenizer-eval/data/nsynth/nsynth-valid/audio/flute_synthetic_000-086-100.wav,82,flute_synthetic_000,2,flute,2,synthetic,86,100,16000,distortion
55.438354,27.761805,mallet_acoustic_047-070-025,mallet_acoustic_047-070-025,/root/autodl-tmp/tokenizer-eval/data/nsynth/nsynth-valid/audio/mallet_acoustic_047-070-025.wav,488,mallet_acoustic_047,5,mallet,0,acoustic,70,25,16000,fast_decay|percussive|reverb
5.7660475,-39.41982,guitar_electronic_022-043-100,guitar_electronic_022-043-100,/root/autodl-tmp/tokenizer-eval/data/nsynth/nsynth-valid/audio/guitar_electronic_022-043-100.wav,378,guitar_electronic_022,3,guitar,1,electronic,43,100,16000,dark
28.401768,44.356853,reed_acoustic_023-078-127,reed_acoustic_023-078-127,/root/autodl-tmp/tokenizer-eval/data/nsynth/nsynth-valid/audio/reed_acoustic_023-078-127.wav,224,reed_acoustic_023,7,reed,0,acoustic,78,127,16000,bright|fast_decay|multiphonic|nonlinear_env
9.875338,36.447918,vocal_acoustic_000-053-127,vocal_acoustic_000-053-127,/root/autodl-tmp/tokenizer-eval/data/nsynth/nsynth-valid/audio/vocal_acoustic_000-053-127.wav,46,vocal_acoustic_000,10,vocal,0,acoustic,53,127,16000,reverb
37.833553,40.603127,reed_acoustic_023-083-100,reed_acoustic_023-083-100,/root/autodl-tmp/tokenizer-eval/data/nsynth/nsynth-valid/audio/reed_acoustic_023-083-100.wav,224,reed_acoustic_023,7,reed,0,acoustic,83,100,16000,bright|fast_decay|multiphonic|nonlinear_env
-2.0522542,-37.265038,organ_electronic_001-067-127,organ_electronic_001-067-127,/root/autodl-tmp/tokenizer-eval/data/nsynth/nsynth-valid/audio/organ_electronic_001-067-127.wav,8,organ_electronic_001,6,organ,1,electronic,67,127,16000,
52.627747,21.40298,guitar_acoustic_014-096-050,guitar_acoustic_014-096-050,/root/autodl-tmp/tokenizer-eval/data/nsynth/nsynth-valid/audio/guitar_acoustic_014-096-050.wav,263,guitar_acoustic_014,3,guitar,0,acoustic,96,50,16000,fast_decay|percussive
-24.492645,3.9787552,flute_synthetic_000-091-127,flute_synthetic_000-091-127,/root/autodl-tmp/tokenizer-eval/data/nsynth/nsynth-valid/audio/flute_synthetic_000-091-127.wav,82,flute_synthetic_000,2,flute,2,synthetic,91,127,16000,distortion
-16.609169,27.913605,flute_synthetic_000-064-050,flute_synthetic_000-064-050,/root/autodl-tmp/tokenizer-eval/data/nsynth/nsynth-valid/audio/flute_synthetic_000-064-050.wav,82,flute_synthetic_000,2,flute,2,synthetic,64,50,16000,distortion
17.819277,-18.743933,bass_synthetic_098-080-127,bass_synthetic_098-080-127,/root/autodl-tmp/tokenizer-eval/data/nsynth/nsynth-valid/audio/bass_synthetic_098-080-127.wav,803,bass_synthetic_098,0,bass,2,synthetic,80,127,16000,
-21.659388,-19.28477,reed_acoustic_037-034-050,reed_acoustic_037-034-050,/root/autodl-tmp/tokenizer-eval/data/nsynth/nsynth-valid/audio/reed_acoustic_037-034-050.wav,387,reed_acoustic_037,7,reed,0,acoustic,34,50,16000,reverb
-22.523987,3.3356774,flute_synthetic_000-079-075,flute_synthetic_000-079-075,/root/autodl-tmp/tokenizer-eval/data/nsynth/nsynth-valid/audio/flute_synthetic_000-079-075.wav,82,flute_synthetic_000,2,flute,2,synthetic,79,75,16000,distortion
-36.025295,40.464214,brass_acoustic_016-078-025,brass_acoustic_016-078-025,/root/autodl-tmp/tokenizer-eval/data/nsynth/nsynth-valid/audio/brass_acoustic_016-078-025.wav,128,brass_acoustic_016,1,brass,0,acoustic,78,25,16000,bright
16.677341,-0.31554037,brass_acoustic_015-044-100,brass_acoustic_015-044-100,/root/autodl-tmp/tokenizer-eval/data/nsynth/nsynth-valid/audio/brass_acoustic_015-044-100.wav,121,brass_acoustic_015,1,brass,0,acoustic,44,100,16000,reverb
-16.858622,36.058468,organ_electronic_113-076-127,organ_electronic_113-076-127,/root/autodl-tmp/tokenizer-eval/data/nsynth/nsynth-valid/audio/organ_electronic_113-076-127.wav,958,organ_electronic_113,6,organ,1,electronic,76,127,16000,
2.6502192,14.191467,keyboard_electronic_078-066-075,keyboard_electronic_078-066-075,/root/autodl-tmp/tokenizer-eval/data/nsynth/nsynth-valid/audio/keyboard_electronic_078-066-075.wav,838,keyboard_electronic_078,4,keyboard,1,electronic,66,75,16000,bright
-9.440217,-53.90083,organ_electronic_057-056-075,organ_electronic_057-056-075,/root/autodl-tmp/tokenizer-eval/data/nsynth/nsynth-valid/audio/organ_electronic_057-056-075.wav,701,organ_electronic_057,6,organ,1,electronic,56,75,16000,dark
-15.721797,-7.7943125,brass_acoustic_006-042-025,brass_acoustic_006-042-025,/root/autodl-tmp/tokenizer-eval/data/nsynth/nsynth-valid/audio/brass_acoustic_006-042-025.wav,43,brass_acoustic_006,1,brass,0,acoustic,42,25,16000,reverb
-30.03558,28.095356,reed_acoustic_018-083-025,reed_acoustic_018-083-025,/root/autodl-tmp/tokenizer-eval/data/nsynth/nsynth-valid/audio/reed_acoustic_018-083-025.wav,183,reed_acoustic_018,7,reed,0,acoustic,83,25,16000,
-2.0000982,-20.864939,string_acoustic_057-057-127,string_acoustic_057-057-127,/root/autodl-tmp/tokenizer-eval/data/nsynth/nsynth-valid/audio/string_acoustic_057-057-127.wav,450,string_acoustic_057,8,string,0,acoustic,57,127,16000,nonlinear_env|reverb
0.21281277,-34.210033,organ_electronic_001-043-050,organ_electronic_001-043-050,/root/autodl-tmp/tokenizer-eval/data/nsynth/nsynth-valid/audio/organ_electronic_001-043-050.wav,8,organ_electronic_001,6,organ,1,electronic,43,50,16000,dark
42.603134,21.064583,guitar_acoustic_014-090-127,guitar_acoustic_014-090-127,/root/autodl-tmp/tokenizer-eval/data/nsynth/nsynth-valid/audio/guitar_acoustic_014-090-127.wav,263,guitar_acoustic_014,3,guitar,0,acoustic,90,127,16000,fast_decay|percussive
14.96272,-46.4843,guitar_electronic_022-033-075,guitar_electronic_022-033-075,/root/autodl-tmp/tokenizer-eval/data/nsynth/nsynth-valid/audio/guitar_electronic_022-033-075.wav,378,guitar_electronic_022,3,guitar,1,electronic,33,75,16000,dark
11.660412,14.961234,brass_acoustic_015-060-050,brass_acoustic_015-060-050,/root/autodl-tmp/tokenizer-eval/data/nsynth/nsynth-valid/audio/brass_acoustic_015-060-050.wav,121,brass_acoustic_015,1,brass,0,acoustic,60,50,16000,reverb
-27.72706,3.8866317,brass_acoustic_046-079-127,brass_acoustic_046-079-127,/root/autodl-tmp/tokenizer-eval/data/nsynth/nsynth-valid/audio/brass_acoustic_046-079-127.wav,414,brass_acoustic_046,1,brass,0,acoustic,79,127,16000,
47.5814,17.878572,mallet_acoustic_047-081-025,mallet_acoustic_047-081-025,/root/autodl-tmp/tokenizer-eval/data/nsynth/nsynth-valid/audio/mallet_acoustic_047-081-025.wav,488,mallet_acoustic_047,5,mallet,0,acoustic,81,25,16000,fast_decay|percussive|reverb
30.259369,14.6444235,bass_synthetic_068-086-075,bass_synthetic_068-086-075,/root/autodl-tmp/tokenizer-eval/data/nsynth/nsynth-valid/audio/bass_synthetic_068-086-075.wav,656,bass_synthetic_068,0,bass,2,synthetic,86,75,16000,fast_decay
41.101818,20.070074,string_acoustic_056-078-025,string_acoustic_056-078-025,/root/autodl-tmp/tokenizer-eval/data/nsynth/nsynth-valid/audio/string_acoustic_056-078-025.wav,436,string_acoustic_056,8,string,0,acoustic,78,25,16000,fast_decay|percussive|reverb
-2.7043188,32.42298,organ_electronic_028-089-127,organ_electronic_028-089-127,/root/autodl-tmp/tokenizer-eval/data/nsynth/nsynth-valid/audio/organ_electronic_028-089-127.wav,440,organ_electronic_028,6,organ,1,electronic,89,127,16000,bright|long_release
24.074982,-40.757908,flute_synthetic_000-047-025,flute_synthetic_000-047-025,/root/autodl-tmp/tokenizer-eval/data/nsynth/nsynth-valid/audio/flute_synthetic_000-047-025.wav,82,flute_synthetic_000,2,flute,2,synthetic,47,25,16000,distortion
27.562239,-23.89341,guitar_electronic_022-040-025,guitar_electronic_022-040-025,/root/autodl-tmp/tokenizer-eval/data/nsynth/nsynth-valid/audio/guitar_electronic_022-040-025.wav,378,guitar_electronic_022,3,guitar,1,electronic,40,25,16000,dark
11.166966,20.334877,keyboard_electronic_069-084-075,keyboard_electronic_069-084-075,/root/autodl-tmp/tokenizer-eval/data/nsynth/nsynth-valid/audio/keyboard_electronic_069-084-075.wav,805,keyboard_electronic_069,4,keyboard,1,electronic,84,75,16000,distortion
50.529354,14.692018,mallet_acoustic_056-081-025,mallet_acoustic_056-081-025,/root/autodl-tmp/tokenizer-eval/data/nsynth/nsynth-valid/audio/mallet_acoustic_056-081-025.wav,590,mallet_acoustic_056,5,mallet,0,acoustic,81,25,16000,fast_decay
25.634253,26.003365,guitar_electronic_028-087-100,guitar_electronic_028-087-100,/root/autodl-tmp/tokenizer-eval/data/nsynth/nsynth-valid/audio/guitar_electronic_028-087-100.wav,510,guitar_electronic_028,3,guitar,1,electronic,87,100,16000,
38.724213,-31.509909,flute_synthetic_000-038-127,flute_synthetic_000-038-127,/root/autodl-tmp/tokenizer-eval/data/nsynth/nsynth-valid/audio/flute_synthetic_000-038-127.wav,82,flute_synthetic_000,2,flute,2,synthetic,38,127,16000,distortion
-63.014725,-1.1100434,vocal_synthetic_003-040-100,vocal_synthetic_003-040-100,/root/autodl-tmp/tokenizer-eval/data/nsynth/nsynth-valid/audio/vocal_synthetic_003-040-100.wav,37,vocal_synthetic_003,10,vocal,2,synthetic,40,100,16000,bright|distortion|long_release|nonlinear_env
38.551678,26.697453,keyboard_electronic_098-092-050,keyboard_electronic_098-092-050,/root/autodl-tmp/tokenizer-eval/data/nsynth/nsynth-valid/audio/keyboard_electronic_098-092-050.wav,905,keyboard_electronic_098,4,keyboard,1,electronic,92,50,16000,fast_decay|percussive
28.694656,47.89057,reed_acoustic_023-090-100,reed_acoustic_023-090-100,/root/autodl-tmp/tokenizer-eval/data/nsynth/nsynth-valid/audio/reed_acoustic_023-090-100.wav,224,reed_acoustic_023,7,reed,0,acoustic,90,100,16000,fast_decay|multiphonic|nonlinear_env
35.340897,-3.845831,bass_electronic_018-053-100,bass_electronic_018-053-100,/root/autodl-tmp/tokenizer-eval/data/nsynth/nsynth-valid/audio/bass_electronic_018-053-100.wav,759,bass_electronic_018,0,bass,1,electronic,53,100,16000,
-39.4716,48.413235,brass_acoustic_016-072-075,brass_acoustic_016-072-075,/root/autodl-tmp/tokenizer-eval/data/nsynth/nsynth-valid/audio/brass_acoustic_016-072-075.wav,128,brass_acoustic_016,1,brass,0,acoustic,72,75,16000,bright
-23.555353,3.9267144,reed_acoustic_018-079-025,reed_acoustic_018-079-025,/root/autodl-tmp/tokenizer-eval/data/nsynth/nsynth-valid/audio/reed_acoustic_018-079-025.wav,183,reed_acoustic_018,7,reed,0,acoustic,79,25,16000,
41.598446,30.688486,bass_synthetic_068-094-050,bass_synthetic_068-094-050,/root/autodl-tmp/tokenizer-eval/data/nsynth/nsynth-valid/audio/bass_synthetic_068-094-050.wav,656,bass_synthetic_068,0,bass,2,synthetic,94,50,16000,fast_decay|percussive
-18.486,-32.75712,string_acoustic_057-061-075,string_acoustic_057-061-075,/root/autodl-tmp/tokenizer-eval/data/nsynth/nsynth-valid/audio/string_acoustic_057-061-075.wav,450,string_acoustic_057,8,string,0,acoustic,61,75,16000,bright|nonlinear_env|reverb
39.638252,10.665926,keyboard_synthetic_000-064-050,keyboard_synthetic_000-064-050,/root/autodl-tmp/tokenizer-eval/data/nsynth/nsynth-valid/audio/keyboard_synthetic_000-064-050.wav,577,keyboard_synthetic_000,4,keyboard,2,synthetic,64,50,16000,distortion|fast_decay|nonlinear_env
13.877586,-49.492363,organ_electronic_028-045-025,organ_electronic_028-045-025,/root/autodl-tmp/tokenizer-eval/data/nsynth/nsynth-valid/audio/organ_electronic_028-045-025.wav,440,organ_electronic_028,6,organ,1,electronic,45,25,16000,dark
-9.002642,29.627327,bass_synthetic_068-076-100,bass_synthetic_068-076-100,/root/autodl-tmp/tokenizer-eval/data/nsynth/nsynth-valid/audio/bass_synthetic_068-076-100.wav,656,bass_synthetic_068,0,bass,2,synthetic,76,100,16000,
-61.88443,-2.055807,vocal_synthetic_003-038-127,vocal_synthetic_003-038-127,/root/autodl-tmp/tokenizer-eval/data/nsynth/nsynth-valid/audio/vocal_synthetic_003-038-127.wav,37,vocal_synthetic_003,10,vocal,2,synthetic,38,127,16000,bright|distortion|long_release|nonlinear_env
-14.982667,13.388138,reed_acoustic_037-060-050,reed_acoustic_037-060-050,/root/autodl-tmp/tokenizer-eval/data/nsynth/nsynth-valid/audio/reed_acoustic_037-060-050.wav,387,reed_acoustic_037,7,reed,0,acoustic,60,50,16000,reverb
-38.918236,-24.465155,reed_acoustic_037-051-100,reed_acoustic_037-051-100,/root/autodl-tmp/tokenizer-eval/data/nsynth/nsynth-valid/audio/reed_acoustic_037-051-100.wav,387,reed_acoustic_037,7,reed,0,acoustic,51,100,16000,reverb
33.495285,-18.696373,mallet_acoustic_062-039-050,mallet_acoustic_062-039-050,/root/autodl-tmp/tokenizer-eval/data/nsynth/nsynth-valid/audio/mallet_acoustic_062-039-050.wav,644,mallet_acoustic_062,5,mallet,0,acoustic,39,50,16000,dark|multiphonic
57.679115,16.975294,mallet_acoustic_056-051-050,mallet_acoustic_056-051-050,/root/autodl-tmp/tokenizer-eval/data/nsynth/nsynth-valid/audio/mallet_acoustic_056-051-050.wav,590,mallet_acoustic_056,5,mallet,0,acoustic,51,50,16000,fast_decay|percussive
44.5092,-31.563673,flute_synthetic_000-049-127,flute_synthetic_000-049-127,/root/autodl-tmp/tokenizer-eval/data/nsynth/nsynth-valid/audio/flute_synthetic_000-049-127.wav,82,flute_synthetic_000,2,flute,2,synthetic,49,127,16000,distortion
8.152101,-27.26053,bass_synthetic_033-057-025,bass_synthetic_033-057-025,/root/autodl-tmp/tokenizer-eval/data/nsynth/nsynth-valid/audio/bass_synthetic_033-057-025.wav,417,bass_synthetic_033,0,bass,2,synthetic,57,25,16000,dark
4.874728,32.960106,flute_synthetic_000-077-127,flute_synthetic_000-077-127,/root/autodl-tmp/tokenizer-eval/data/nsynth/nsynth-valid/audio/flute_synthetic_000-077-127.wav,82,flute_synthetic_000,2,flute,2,synthetic,77,127,16000,distortion
-45.611553,24.403189,bass_synthetic_009-066-127,bass_synthetic_009-066-127,/root/autodl-tmp/tokenizer-eval/data/nsynth/nsynth-valid/audio/bass_synthetic_009-066-127.wav,150,bass_synthetic_009,0,bass,2,synthetic,66,127,16000,bright|distortion|long_release
44.487896,20.152119,guitar_acoustic_021-089-075,guitar_acoustic_021-089-075,/root/autodl-tmp/tokenizer-eval/data/nsynth/nsynth-valid/audio/guitar_acoustic_021-089-075.wav,457,guitar_acoustic_021,3,guitar,0,acoustic,89,75,16000,fast_decay|percussive
31.10863,36.92309,reed_acoustic_023-056-100,reed_acoustic_023-056-100,/root/autodl-tmp/tokenizer-eval/data/nsynth/nsynth-valid/audio/reed_acoustic_023-056-100.wav,224,reed_acoustic_023,7,reed,0,acoustic,56,100,16000,bright|fast_decay|multiphonic|nonlinear_env
48.169197,-14.561546,bass_synthetic_134-044-025,bass_synthetic_134-044-025,/root/autodl-tmp/tokenizer-eval/data/nsynth/nsynth-valid/audio/bass_synthetic_134-044-025.wav,914,bass_synthetic_134,0,bass,2,synthetic,44,25,16000,dark|reverb
-10.704565,-50.12817,brass_acoustic_015-068-100,brass_acoustic_015-068-100,/root/autodl-tmp/tokenizer-eval/data/nsynth/nsynth-valid/audio/brass_acoustic_015-068-100.wav,121,brass_acoustic_015,1,brass,0,acoustic,68,100,16000,reverb
-44.59546,-38.63441,reed_acoustic_018-063-100,reed_acoustic_018-063-100,/root/autodl-tmp/tokenizer-eval/data/nsynth/nsynth-valid/audio/reed_acoustic_018-063-100.wav,183,reed_acoustic_018,7,reed,0,acoustic,63,100,16000,
18.514229,-21.30636,bass_synthetic_098-043-100,bass_synthetic_098-043-100,/root/autodl-tmp/tokenizer-eval/data/nsynth/nsynth-valid/audio/bass_synthetic_098-043-100.wav,803,bass_synthetic_098,0,bass,2,synthetic,43,100,16000,distortion
-29.493101,27.66566,brass_acoustic_046-083-050,brass_acoustic_046-083-050,/root/autodl-tmp/tokenizer-eval/data/nsynth/nsynth-valid/audio/brass_acoustic_046-083-050.wav,414,brass_acoustic_046,1,brass,0,acoustic,83,50,16000,
54.15967,26.347406,mallet_acoustic_062-090-025,mallet_acoustic_062-090-025,/root/autodl-tmp/tokenizer-eval/data/nsynth/nsynth-valid/audio/mallet_acoustic_062-090-025.wav,644,mallet_acoustic_062,5,mallet,0,acoustic,90,25,16000,fast_decay|multiphonic|percussive
8.564642,36.227634,string_acoustic_057-065-075,string_acoustic_057-065-075,/root/autodl-tmp/tokenizer-eval/data/nsynth/nsynth-valid/audio/string_acoustic_057-065-075.wav,450,string_acoustic_057,8,string,0,acoustic,65,75,16000,bright|nonlinear_env|reverb
-10.054217,-51.56116,flute_synthetic_000-068-025,flute_synthetic_000-068-025,/root/autodl-tmp/tokenizer-eval/data/nsynth/nsynth-valid/audio/flute_synthetic_000-068-025.wav,82,flute_synthetic_000,2,flute,2,synthetic,68,25,16000,distortion
0.7906688,-1.5826241,organ_electronic_057-047-025,organ_electronic_057-047-025,/root/autodl-tmp/tokenizer-eval/data/nsynth/nsynth-valid/audio/organ_electronic_057-047-025.wav,701,organ_electronic_057,6,organ,1,electronic,47,25,16000,dark
-0.82740533,-50.554184,keyboard_electronic_003-044-075,keyboard_electronic_003-044-075,/root/autodl-tmp/tokenizer-eval/data/nsynth/nsynth-valid/audio/keyboard_electronic_003-044-075.wav,65,keyboard_electronic_003,4,keyboard,1,electronic,44,75,16000,distortion
-15.56025,50.83693,flute_acoustic_002-081-100,flute_acoustic_002-081-100,/root/autodl-tmp/tokenizer-eval/data/nsynth/nsynth-valid/audio/flute_acoustic_002-081-100.wav,86,flute_acoustic_002,2,flute,0,acoustic,81,100,16000,reverb
41.46379,-3.025041,string_acoustic_056-046-100,string_acoustic_056-046-100,/root/autodl-tmp/tokenizer-eval/data/nsynth/nsynth-valid/audio/string_acoustic_056-046-100.wav,436,string_acoustic_056,8,string,0,acoustic,46,100,16000,reverb
-25.200443,13.851315,vocal_synthetic_003-060-025,vocal_synthetic_003-060-025,/root/autodl-tmp/tokenizer-eval/data/nsynth/nsynth-valid/audio/vocal_synthetic_003-060-025.wav,37,vocal_synthetic_003,10,vocal,2,synthetic,60,25,16000,bright|distortion|long_release|nonlinear_env
-40.81126,-13.77585,string_acoustic_057-070-075,string_acoustic_057-070-075,/root/autodl-tmp/tokenizer-eval/data/nsynth/nsynth-valid/audio/string_acoustic_057-070-075.wav,450,string_acoustic_057,8,string,0,acoustic,70,75,16000,bright|nonlinear_env|reverb
47.253376,-8.794793,mallet_acoustic_062-043-050,mallet_acoustic_062-043-050,/root/autodl-tmp/tokenizer-eval/data/nsynth/nsynth-valid/audio/mallet_acoustic_062-043-050.wav,644,mallet_acoustic_062,5,mallet,0,acoustic,43,50,16000,dark|multiphonic
39.977295,46.71898,reed_acoustic_023-092-127,reed_acoustic_023-092-127,/root/autodl-tmp/tokenizer-eval/data/nsynth/nsynth-valid/audio/reed_acoustic_023-092-127.wav,224,reed_acoustic_023,7,reed,0,acoustic,92,127,16000,fast_decay|multiphonic|nonlinear_env
-64.44381,8.326956,brass_acoustic_046-092-025,brass_acoustic_046-092-025,/root/autodl-tmp/tokenizer-eval/data/nsynth/nsynth-valid/audio/brass_acoustic_046-092-025.wav,414,brass_acoustic_046,1,brass,0,acoustic,92,25,16000,long_release
-6.7207413,-52.181747,guitar_acoustic_014-056-127,guitar_acoustic_014-056-127,/root/autodl-tmp/tokenizer-eval/data/nsynth/nsynth-valid/audio/guitar_acoustic_014-056-127.wav,263,guitar_acoustic_014,3,guitar,0,acoustic,56,127,16000,
-20.190283,10.141513,organ_electronic_007-048-050,organ_electronic_007-048-050,/root/autodl-tmp/tokenizer-eval/data/nsynth/nsynth-valid/audio/organ_electronic_007-048-050.wav,123,organ_electronic_007,6,organ,1,electronic,48,50,16000,distortion|long_release|nonlinear_env
39.17987,-3.4384634,keyboard_synthetic_000-058-025,keyboard_synthetic_000-058-025,/root/autodl-tmp/tokenizer-eval/data/nsynth/nsynth-valid/audio/keyboard_synthetic_000-058-025.wav,577,keyboard_synthetic_000,4,keyboard,2,synthetic,58,25,16000,distortion|fast_decay|nonlinear_env
-35.04,28.85192,reed_acoustic_011-071-100,reed_acoustic_011-071-100,/root/autodl-tmp/tokenizer-eval/data/nsynth/nsynth-valid/audio/reed_acoustic_011-071-100.wav,104,reed_acoustic_011,7,reed,0,acoustic,71,100,16000,
-36.976635,33.427494,vocal_synthetic_003-095-050,vocal_synthetic_003-095-050,/root/autodl-tmp/tokenizer-eval/data/nsynth/nsynth-valid/audio/vocal_synthetic_003-095-050.wav,37,vocal_synthetic_003,10,vocal,2,synthetic,95,50,16000,bright|distortion|long_release|nonlinear_env
-64.44381,8.326956,brass_acoustic_046-093-127,brass_acoustic_046-093-127,/root/autodl-tmp/tokenizer-eval/data/nsynth/nsynth-valid/audio/brass_acoustic_046-093-127.wav,414,brass_acoustic_046,1,brass,0,acoustic,93,127,16000,long_release
30.32973,14.67117,guitar_acoustic_014-086-050,guitar_acoustic_014-086-050,/root/autodl-tmp/tokenizer-eval/data/nsynth/nsynth-valid/audio/guitar_acoustic_014-086-050.wav,263,guitar_acoustic_014,3,guitar,0,acoustic,86,50,16000,fast_decay|percussive
-19.46591,50.853245,brass_acoustic_016-081-025,brass_acoustic_016-081-025,/root/autodl-tmp/tokenizer-eval/data/nsynth/nsynth-valid/audio/brass_acoustic_016-081-025.wav,128,brass_acoustic_016,1,brass,0,acoustic,81,25,16000,bright
-5.056257,-6.490575,keyboard_electronic_069-074-100,keyboard_electronic_069-074-100,/root/autodl-tmp/tokenizer-eval/data/nsynth/nsynth-valid/audio/keyboard_electronic_069-074-100.wav,805,keyboard_electronic_069,4,keyboard,1,electronic,74,100,16000,distortion
22.554934,-10.46377,guitar_acoustic_030-041-100,guitar_acoustic_030-041-100,/root/autodl-tmp/tokenizer-eval/data/nsynth/nsynth-valid/audio/guitar_acoustic_030-041-100.wav,642,guitar_acoustic_030,3,guitar,0,acoustic,41,100,16000,long_release|tempo-synced
-30.52365,14.071017,vocal_synthetic_003-084-127,vocal_synthetic_003-084-127,/root/autodl-tmp/tokenizer-eval/data/nsynth/nsynth-valid/audio/vocal_synthetic_003-084-127.wav,37,vocal_synthetic_003,10,vocal,2,synthetic,84,127,16000,bright|distortion|long_release|nonlinear_env
5.796359,-12.219827,guitar_acoustic_010-060-075,guitar_acoustic_010-060-075,/root/autodl-tmp/tokenizer-eval/data/nsynth/nsynth-valid/audio/guitar_acoustic_010-060-075.wav,219,guitar_acoustic_010,3,guitar,0,acoustic,60,75,16000,
-18.132462,51.03194,string_acoustic_057-081-050,string_acoustic_057-081-050,/root/autodl-tmp/tokenizer-eval/data/nsynth/nsynth-valid/audio/string_acoustic_057-081-050.wav,450,string_acoustic_057,8,string,0,acoustic,81,50,16000,bright|nonlinear_env|reverb
6.308852,-14.74454,organ_electronic_028-048-100,organ_electronic_028-048-100,/root/autodl-tmp/tokenizer-eval/data/nsynth/nsynth-valid/audio/organ_electronic_028-048-100.wav,440,organ_electronic_028,6,organ,1,electronic,48,100,16000,dark
15.149301,13.535245,brass_acoustic_015-053-100,brass_acoustic_015-053-100,/root/autodl-tmp/tokenizer-eval/data/nsynth/nsynth-valid/audio/brass_acoustic_015-053-100.wav,121,brass_acoustic_015,1,brass,0,acoustic,53,100,16000,reverb
-34.513767,14.354802,vocal_synthetic_003-072-127,vocal_synthetic_003-072-127,/root/autodl-tmp/tokenizer-eval/data/nsynth/nsynth-valid/audio/vocal_synthetic_003-072-127.wav,37,vocal_synthetic_003,10,vocal,2,synthetic,72,127,16000,bright|distortion|long_release|nonlinear_env
35.736156,-32.646908,string_acoustic_012-038-025,string_acoustic_012-038-025,/root/autodl-tmp/tokenizer-eval/data/nsynth/nsynth-valid/audio/string_acoustic_012-038-025.wav,97,string_acoustic_012,8,string,0,acoustic,38,25,16000,long_release|reverb
21.865627,-39.09082,bass_electronic_025-035-075,bass_electronic_025-035-075,/root/autodl-tmp/tokenizer-eval/data/nsynth/nsynth-valid/audio/bass_electronic_025-035-075.wav,872,bass_electronic_025,0,bass,1,electronic,35,75,16000,
-10.734678,-4.1958838,flute_acoustic_002-086-050,flute_acoustic_002-086-050,/root/autodl-tmp/tokenizer-eval/data/nsynth/nsynth-valid/audio/flute_acoustic_002-086-050.wav,86,flute_acoustic_002,2,flute,0,acoustic,86,50,16000,reverb
-57.43145,7.2280354,vocal_synthetic_003-062-127,vocal_synthetic_003-062-127,/root/autodl-tmp/tokenizer-eval/data/nsynth/nsynth-valid/audio/vocal_synthetic_003-062-127.wav,37,vocal_synthetic_003,10,vocal,2,synthetic,62,127,16000,bright|distortion|long_release|nonlinear_env
-34.52328,-36.75318,organ_electronic_104-051-075,organ_electronic_104-051-075,/root/autodl-tmp/tokenizer-eval/data/nsynth/nsynth-valid/audio/organ_electronic_104-051-075.wav,921,organ_electronic_104,6,organ,1,electronic,51,75,16000,
16.002172,5.073381,keyboard_electronic_002-070-075,keyboard_electronic_002-070-075,/root/autodl-tmp/tokenizer-eval/data/nsynth/nsynth-valid/audio/keyboard_electronic_002-070-075.wav,50,keyboard_electronic_002,4,keyboard,1,electronic,70,75,16000,
27.221119,-13.73939,guitar_acoustic_030-041-050,guitar_acoustic_030-041-050,/root/autodl-tmp/tokenizer-eval/data/nsynth/nsynth-valid/audio/guitar_acoustic_030-041-050.wav,642,guitar_acoustic_030,3,guitar,0,acoustic,41,50,16000,tempo-synced
22.174267,-36.730305,mallet_acoustic_062-035-100,mallet_acoustic_062-035-100,/root/autodl-tmp/tokenizer-eval/data/nsynth/nsynth-valid/audio/mallet_acoustic_062-035-100.wav,644,mallet_acoustic_062,5,mallet,0,acoustic,35,100,16000,dark|long_release|multiphonic
-19.54228,-28.598307,reed_acoustic_037-049-075,reed_acoustic_037-049-075,/root/autodl-tmp/tokenizer-eval/data/nsynth/nsynth-valid/audio/reed_acoustic_037-049-075.wav,387,reed_acoustic_037,7,reed,0,acoustic,49,75,16000,reverb
-24.977644,-31.980434,brass_acoustic_006-085-075,brass_acoustic_006-085-075,/root/autodl-tmp/tokenizer-eval/data/nsynth/nsynth-valid/audio/brass_acoustic_006-085-075.wav,43,brass_acoustic_006,1,brass,0,acoustic,85,75,16000,reverb
-10.20301,-10.574457,reed_acoustic_037-050-025,reed_acoustic_037-050-025,/root/autodl-tmp/tokenizer-eval/data/nsynth/nsynth-valid/audio/reed_acoustic_037-050-025.wav,387,reed_acoustic_037,7,reed,0,acoustic,50,25,16000,reverb
-14.819026,15.823216,flute_synthetic_000-084-127,flute_synthetic_000-084-127,/root/autodl-tmp/tokenizer-eval/data/nsynth/nsynth-valid/audio/flute_synthetic_000-084-127.wav,82,flute_synthetic_000,2,flute,2,synthetic,84,127,16000,distortion
6.431015,36.23539,organ_electronic_001-053-100,organ_electronic_001-053-100,/root/autodl-tmp/tokenizer-eval/data/nsynth/nsynth-valid/audio/organ_electronic_001-053-100.wav,8,organ_electronic_001,6,organ,1,electronic,53,100,16000,dark
5.2583413,1.5460987,keyboard_electronic_003-059-100,keyboard_electronic_003-059-100,/root/autodl-tmp/tokenizer-eval/data/nsynth/nsynth-valid/audio/keyboard_electronic_003-059-100.wav,65,keyboard_electronic_003,4,keyboard,1,electronic,59,100,16000,
12.369941,-34.41851,organ_electronic_007-034-100,organ_electronic_007-034-100,/root/autodl-tmp/tokenizer-eval/data/nsynth/nsynth-valid/audio/organ_electronic_007-034-100.wav,123,organ_electronic_007,6,organ,1,electronic,34,100,16000,distortion|long_release|nonlinear_env
-35.74333,45.587543,brass_acoustic_016-070-075,brass_acoustic_016-070-075,/root/autodl-tmp/tokenizer-eval/data/nsynth/nsynth-valid/audio/brass_acoustic_016-070-075.wav,128,brass_acoustic_016,1,brass,0,acoustic,70,75,16000,bright
-47.096344,-4.724388,vocal_synthetic_003-094-025,vocal_synthetic_003-094-025,/root/autodl-tmp/tokenizer-eval/data/nsynth/nsynth-valid/audio/vocal_synthetic_003-094-025.wav,37,vocal_synthetic_003,10,vocal,2,synthetic,94,25,16000,bright|distortion|long_release|nonlinear_env
6.2068357,13.921329,keyboard_electronic_001-078-100,keyboard_electronic_001-078-100,/root/autodl-tmp/tokenizer-eval/data/nsynth/nsynth-valid/audio/keyboard_electronic_001-078-100.wav,40,keyboard_electronic_001,4,keyboard,1,electronic,78,100,16000,
-44.678295,-37.52773,flute_synthetic_000-087-025,flute_synthetic_000-087-025,/root/autodl-tmp/tokenizer-eval/data/nsynth/nsynth-valid/audio/flute_synthetic_000-087-025.wav,82,flute_synthetic_000,2,flute,2,synthetic,87,25,16000,distortion
-11.838402,13.109773,keyboard_electronic_069-072-025,keyboard_electronic_069-072-025,/root/autodl-tmp/tokenizer-eval/data/nsynth/nsynth-valid/audio/keyboard_electronic_069-072-025.wav,805,keyboard_electronic_069,4,keyboard,1,electronic,72,25,16000,distortion
38.538063,-31.224463,flute_synthetic_000-038-075,flute_synthetic_000-038-075,/root/autodl-tmp/tokenizer-eval/data/nsynth/nsynth-valid/audio/flute_synthetic_000-038-075.wav,82,flute_synthetic_000,2,flute,2,synthetic,38,75,16000,distortion
49.56944,29.07671,mallet_acoustic_047-088-025,mallet_acoustic_047-088-025,/root/autodl-tmp/tokenizer-eval/data/nsynth/nsynth-valid/audio/mallet_acoustic_047-088-025.wav,488,mallet_acoustic_047,5,mallet,0,acoustic,88,25,16000,fast_decay|percussive|reverb
-19.894032,-56.192505,organ_electronic_007-068-100,organ_electronic_007-068-100,/root/autodl-tmp/tokenizer-eval/data/nsynth/nsynth-valid/audio/organ_electronic_007-068-100.wav,123,organ_electronic_007,6,organ,1,electronic,68,100,16000,distortion|long_release|nonlinear_env
9.172939,35.455315,vocal_acoustic_000-053-025,vocal_acoustic_000-053-025,/root/autodl-tmp/tokenizer-eval/data/nsynth/nsynth-valid/audio/vocal_acoustic_000-053-025.wav,46,vocal_acoustic_000,10,vocal,0,acoustic,53,25,16000,reverb
-39.370876,-10.0181055,organ_electronic_001-094-127,organ_electronic_001-094-127,/root/autodl-tmp/tokenizer-eval/data/nsynth/nsynth-valid/audio/organ_electronic_001-094-127.wav,8,organ_electronic_001,6,organ,1,electronic,94,127,16000,
-45.10499,21.669106,vocal_synthetic_003-090-025,vocal_synthetic_003-090-025,/root/autodl-tmp/tokenizer-eval/data/nsynth/nsynth-valid/audio/vocal_synthetic_003-090-025.wav,37,vocal_synthetic_003,10,vocal,2,synthetic,90,25,16000,bright|distortion|long_release|nonlinear_env
16.849907,-22.718649,bass_synthetic_098-045-025,bass_synthetic_098-045-025,/root/autodl-tmp/tokenizer-eval/data/nsynth/nsynth-valid/audio/bass_synthetic_098-045-025.wav,803,bass_synthetic_098,0,bass,2,synthetic,45,25,16000,dark
-7.6420083,-6.3293347,string_acoustic_057-074-127,string_acoustic_057-074-127,/root/autodl-tmp/tokenizer-eval/data/nsynth/nsynth-valid/audio/string_acoustic_057-074-127.wav,450,string_acoustic_057,8,string,0,acoustic,74,127,16000,bright|nonlinear_env|reverb
3.1813545,-25.398817,organ_electronic_057-057-100,organ_electronic_057-057-100,/root/autodl-tmp/tokenizer-eval/data/nsynth/nsynth-valid/audio/organ_electronic_057-057-100.wav,701,organ_electronic_057,6,organ,1,electronic,57,100,16000,dark
-41.35019,-38.609783,guitar_electronic_022-075-127,guitar_electronic_022-075-127,/root/autodl-tmp/tokenizer-eval/data/nsynth/nsynth-valid/audio/guitar_electronic_022-075-127.wav,378,guitar_electronic_022,3,guitar,1,electronic,75,127,16000,
-20.119896,12.7559395,organ_electronic_007-060-050,organ_electronic_007-060-050,/root/autodl-tmp/tokenizer-eval/data/nsynth/nsynth-valid/audio/organ_electronic_007-060-050.wav,123,organ_electronic_007,6,organ,1,electronic,60,50,16000,distortion|long_release|nonlinear_env
15.761038,19.648525,mallet_acoustic_062-084-075,mallet_acoustic_062-084-075,/root/autodl-tmp/tokenizer-eval/data/nsynth/nsynth-valid/audio/mallet_acoustic_062-084-075.wav,644,mallet_acoustic_062,5,mallet,0,acoustic,84,75,16000,fast_decay|multiphonic
25.011942,41.454258,keyboard_electronic_078-073-025,keyboard_electronic_078-073-025,/root/autodl-tmp/tokenizer-eval/data/nsynth/nsynth-valid/audio/keyboard_electronic_078-073-025.wav,838,keyboard_electronic_078,4,keyboard,1,electronic,73,25,16000,bright
0.12666665,-26.062359,reed_acoustic_037-057-075,reed_acoustic_037-057-075,/root/autodl-tmp/tokenizer-eval/data/nsynth/nsynth-valid/audio/reed_acoustic_037-057-075.wav,387,reed_acoustic_037,7,reed,0,acoustic,57,75,16000,long_release|reverb
-41.312126,24.62692,flute_acoustic_002-090-075,flute_acoustic_002-090-075,/root/autodl-tmp/tokenizer-eval/data/nsynth/nsynth-valid/audio/flute_acoustic_002-090-075.wav,86,flute_acoustic_002,2,flute,0,acoustic,90,75,16000,long_release|reverb
-40.405983,-14.858368,vocal_acoustic_000-070-127,vocal_acoustic_000-070-127,/root/autodl-tmp/tokenizer-eval/data/nsynth/nsynth-valid/audio/vocal_acoustic_000-070-127.wav,46,vocal_acoustic_000,10,vocal,0,acoustic,70,127,16000,reverb
13.826061,2.99506,mallet_acoustic_062-058-127,mallet_acoustic_062-058-127,/root/autodl-tmp/tokenizer-eval/data/nsynth/nsynth-valid/audio/mallet_acoustic_062-058-127.wav,644,mallet_acoustic_062,5,mallet,0,acoustic,58,127,16000,dark|long_release|multiphonic
55.93971,18.90087,mallet_acoustic_056-055-127,mallet_acoustic_056-055-127,/root/autodl-tmp/tokenizer-eval/data/nsynth/nsynth-valid/audio/mallet_acoustic_056-055-127.wav,590,mallet_acoustic_056,5,mallet,0,acoustic,55,127,16000,bright|fast_decay|percussive
45.83732,31.429132,mallet_acoustic_047-096-050,mallet_acoustic_047-096-050,/root/autodl-tmp/tokenizer-eval/data/nsynth/nsynth-valid/audio/mallet_acoustic_047-096-050.wav,488,mallet_acoustic_047,5,mallet,0,acoustic,96,50,16000,fast_decay|percussive|reverb
-17.09861,16.62307,reed_acoustic_018-084-025,reed_acoustic_018-084-025,/root/autodl-tmp/tokenizer-eval/data/nsynth/nsynth-valid/audio/reed_acoustic_018-084-025.wav,183,reed_acoustic_018,7,reed,0,acoustic,84,25,16000,
-40.173073,-18.007627,reed_acoustic_018-070-075,reed_acoustic_018-070-075,/root/autodl-tmp/tokenizer-eval/data/nsynth/nsynth-valid/audio/reed_acoustic_018-070-075.wav,183,reed_acoustic_018,7,reed,0,acoustic,70,75,16000,
-31.161497,24.654736,string_acoustic_057-071-050,string_acoustic_057-071-050,/root/autodl-tmp/tokenizer-eval/data/nsynth/nsynth-valid/audio/string_acoustic_057-071-050.wav,450,string_acoustic_057,8,string,0,acoustic,71,50,16000,bright|nonlinear_env|reverb
14.349509,-6.4060717,guitar_acoustic_015-051-100,guitar_acoustic_015-051-100,/root/autodl-tmp/tokenizer-eval/data/nsynth/nsynth-valid/audio/guitar_acoustic_015-051-100.wav,316,guitar_acoustic_015,3,guitar,0,acoustic,51,100,16000,reverb
26.44974,-26.366474,bass_electronic_025-040-075,bass_electronic_025-040-075,/root/autodl-tmp/tokenizer-eval/data/nsynth/nsynth-valid/audio/bass_electronic_025-040-075.wav,872,bass_electronic_025,0,bass,1,electronic,40,75,16000,
39.926582,13.197919,guitar_acoustic_015-076-127,guitar_acoustic_015-076-127,/root/autodl-tmp/tokenizer-eval/data/nsynth/nsynth-valid/audio/guitar_acoustic_015-076-127.wav,316,guitar_acoustic_015,3,guitar,0,acoustic,76,127,16000,fast_decay|reverb
35.958366,33.478107,reed_acoustic_023-038-100,reed_acoustic_023-038-100,/root/autodl-tmp/tokenizer-eval/data/nsynth/nsynth-valid/audio/reed_acoustic_023-038-100.wav,224,reed_acoustic_023,7,reed,0,acoustic,38,100,16000,bright|fast_decay|multiphonic|nonlinear_env
-0.8592964,-54.024548,organ_electronic_007-032-050,organ_electronic_007-032-050,/root/autodl-tmp/tokenizer-eval/data/nsynth/nsynth-valid/audio/organ_electronic_007-032-050.wav,123,organ_electronic_007,6,organ,1,electronic,32,50,16000,distortion|long_release|nonlinear_env
-36.335846,-19.975163,reed_acoustic_037-046-050,reed_acoustic_037-046-050,/root/autodl-tmp/tokenizer-eval/data/nsynth/nsynth-valid/audio/reed_acoustic_037-046-050.wav,387,reed_acoustic_037,7,reed,0,acoustic,46,50,16000,reverb
-17.459373,-54.847847,brass_acoustic_046-068-075,brass_acoustic_046-068-075,/root/autodl-tmp/tokenizer-eval/data/nsynth/nsynth-valid/audio/brass_acoustic_046-068-075.wav,414,brass_acoustic_046,1,brass,0,acoustic,68,75,16000,bright
11.6604185,14.961237,brass_acoustic_015-060-100,brass_acoustic_015-060-100,/root/autodl-tmp/tokenizer-eval/data/nsynth/nsynth-valid/audio/brass_acoustic_015-060-100.wav,121,brass_acoustic_015,1,brass,0,acoustic,60,100,16000,reverb
5.6415,-36.271152,bass_synthetic_134-055-025,bass_synthetic_134-055-025,/root/autodl-tmp/tokenizer-eval/data/nsynth/nsynth-valid/audio/bass_synthetic_134-055-025.wav,914,bass_synthetic_134,0,bass,2,synthetic,55,25,16000,dark|reverb
-1.1528442,-25.540125,guitar_acoustic_010-081-050,guitar_acoustic_010-081-050,/root/autodl-tmp/tokenizer-eval/data/nsynth/nsynth-valid/audio/guitar_acoustic_010-081-050.wav,219,guitar_acoustic_010,3,guitar,0,acoustic,81,50,16000,
17.038195,-18.157497,bass_synthetic_098-092-100,bass_synthetic_098-092-100,/root/autodl-tmp/tokenizer-eval/data/nsynth/nsynth-valid/audio/bass_synthetic_098-092-100.wav,803,bass_synthetic_098,0,bass,2,synthetic,92,100,16000,
34.243645,-9.259953,mallet_acoustic_062-048-075,mallet_acoustic_062-048-075,/root/autodl-tmp/tokenizer-eval/data/nsynth/nsynth-valid/audio/mallet_acoustic_062-048-075.wav,644,mallet_acoustic_062,5,mallet,0,acoustic,48,75,16000,dark|multiphonic
-21.436106,-12.3833065,brass_acoustic_006-037-100,brass_acoustic_006-037-100,/root/autodl-tmp/tokenizer-eval/data/nsynth/nsynth-valid/audio/brass_acoustic_006-037-100.wav,43,brass_acoustic_006,1,brass,0,acoustic,37,100,16000,reverb
-26.625463,-3.185479,reed_acoustic_037-055-100,reed_acoustic_037-055-100,/root/autodl-tmp/tokenizer-eval/data/nsynth/nsynth-valid/audio/reed_acoustic_037-055-100.wav,387,reed_acoustic_037,7,reed,0,acoustic,55,100,16000,reverb
-6.802112,-21.43991,brass_acoustic_006-045-025,brass_acoustic_006-045-025,/root/autodl-tmp/tokenizer-eval/data/nsynth/nsynth-valid/audio/brass_acoustic_006-045-025.wav,43,brass_acoustic_006,1,brass,0,acoustic,45,25,16000,reverb
-62.83047,-3.8351967,vocal_synthetic_003-038-075,vocal_synthetic_003-038-075,/root/autodl-tmp/tokenizer-eval/data/nsynth/nsynth-valid/audio/vocal_synthetic_003-038-075.wav,37,vocal_synthetic_003,10,vocal,2,synthetic,38,75,16000,distortion|long_release|nonlinear_env
-3.6098027,15.729582,reed_acoustic_018-078-075,reed_acoustic_018-078-075,/root/autodl-tmp/tokenizer-eval/data/nsynth/nsynth-valid/audio/reed_acoustic_018-078-075.wav,183,reed_acoustic_018,7,reed,0,acoustic,78,75,16000,
-45.84429,-38.775993,brass_acoustic_006-075-025,brass_acoustic_006-075-025,/root/autodl-tmp/tokenizer-eval/data/nsynth/nsynth-valid/audio/brass_acoustic_006-075-025.wav,43,brass_acoustic_006,1,brass,0,acoustic,75,25,16000,reverb
28.614498,42.6942,reed_acoustic_023-066-025,reed_acoustic_023-066-025,/root/autodl-tmp/tokenizer-eval/data/nsynth/nsynth-valid/audio/reed_acoustic_023-066-025.wav,224,reed_acoustic_023,7,reed,0,acoustic,66,25,16000,bright|fast_decay|multiphonic|nonlinear_env
-16.66117,-20.132687,reed_acoustic_037-031-025,reed_acoustic_037-031-025,/root/autodl-tmp/tokenizer-eval/data/nsynth/nsynth-valid/audio/reed_acoustic_037-031-025.wav,387,reed_acoustic_037,7,reed,0,acoustic,31,25,16000,reverb
53.314957,25.3063,mallet_acoustic_062-088-025,mallet_acoustic_062-088-025,/root/autodl-tmp/tokenizer-eval/data/nsynth/nsynth-valid/audio/mallet_acoustic_062-088-025.wav,644,mallet_acoustic_062,5,mallet,0,acoustic,88,25,16000,fast_decay|multiphonic|percussive
-17.76068,-21.041065,brass_acoustic_059-033-050,brass_acoustic_059-033-050,/root/autodl-tmp/tokenizer-eval/data/nsynth/nsynth-valid/audio/brass_acoustic_059-033-050.wav,572,brass_acoustic_059,1,brass,0,acoustic,33,50,16000,reverb
25.833076,-27.303957,organ_electronic_028-040-127,organ_electronic_028-040-127,/root/autodl-tmp/tokenizer-eval/data/nsynth/nsynth-valid/audio/organ_electronic_028-040-127.wav,440,organ_electronic_028,6,organ,1,electronic,40,127,16000,dark
-8.930701,-37.026066,organ_electronic_113-037-127,organ_electronic_113-037-127,/root/autodl-tmp/tokenizer-eval/data/nsynth/nsynth-valid/audio/organ_electronic_113-037-127.wav,958,organ_electronic_113,6,organ,1,electronic,37,127,16000,dark
4.2445784,-38.15391,flute_synthetic_000-055-075,flute_synthetic_000-055-075,/root/autodl-tmp/tokenizer-eval/data/nsynth/nsynth-valid/audio/flute_synthetic_000-055-075.wav,82,flute_synthetic_000,2,flute,2,synthetic,55,75,16000,distortion
-65.73089,9.849533,brass_acoustic_046-090-050,brass_acoustic_046-090-050,/root/autodl-tmp/tokenizer-eval/data/nsynth/nsynth-valid/audio/brass_acoustic_046-090-050.wav,414,brass_acoustic_046,1,brass,0,acoustic,90,50,16000,long_release
0.46520224,-21.844387,flute_synthetic_000-069-025,flute_synthetic_000-069-025,/root/autodl-tmp/tokenizer-eval/data/nsynth/nsynth-valid/audio/flute_synthetic_000-069-025.wav,82,flute_synthetic_000,2,flute,2,synthetic,69,25,16000,distortion
-13.479895,0.76810586,brass_acoustic_015-043-050,brass_acoustic_015-043-050,/root/autodl-tmp/tokenizer-eval/data/nsynth/nsynth-valid/audio/brass_acoustic_015-043-050.wav,121,brass_acoustic_015,1,brass,0,acoustic,43,50,16000,reverb
15.672893,-48.245033,flute_synthetic_000-045-025,flute_synthetic_000-045-025,/root/autodl-tmp/tokenizer-eval/data/nsynth/nsynth-valid/audio/flute_synthetic_000-045-025.wav,82,flute_synthetic_000,2,flute,2,synthetic,45,25,16000,distortion
55.308357,29.210201,mallet_acoustic_047-072-127,mallet_acoustic_047-072-127,/root/autodl-tmp/tokenizer-eval/data/nsynth/nsynth-valid/audio/mallet_acoustic_047-072-127.wav,488,mallet_acoustic_047,5,mallet,0,acoustic,72,127,16000,fast_decay|percussive|reverb
22.394382,11.198447,guitar_acoustic_030-062-075,guitar_acoustic_030-062-075,/root/autodl-tmp/tokenizer-eval/data/nsynth/nsynth-valid/audio/guitar_acoustic_030-062-075.wav,642,guitar_acoustic_030,3,guitar,0,acoustic,62,75,16000,tempo-synced
36.60247,-0.11742191,string_acoustic_056-037-075,string_acoustic_056-037-075,/root/autodl-tmp/tokenizer-eval/data/nsynth/nsynth-valid/audio/string_acoustic_056-037-075.wav,436,string_acoustic_056,8,string,0,acoustic,37,75,16000,reverb
-4.1749415,-12.537532,organ_electronic_057-050-127,organ_electronic_057-050-127,/root/autodl-tmp/tokenizer-eval/data/nsynth/nsynth-valid/audio/organ_electronic_057-050-127.wav,701,organ_electronic_057,6,organ,1,electronic,50,127,16000,dark
-1.6432501,-23.360506,brass_acoustic_006-069-050,brass_acoustic_006-069-050,/root/autodl-tmp/tokenizer-eval/data/nsynth/nsynth-valid/audio/brass_acoustic_006-069-050.wav,43,brass_acoustic_006,1,brass,0,acoustic,69,50,16000,reverb
-64.44381,8.326956,brass_acoustic_046-090-075,brass_acoustic_046-090-075,/root/autodl-tmp/tokenizer-eval/data/nsynth/nsynth-valid/audio/brass_acoustic_046-090-075.wav,414,brass_acoustic_046,1,brass,0,acoustic,90,75,16000,long_release
-63.96914,10.007117,brass_acoustic_046-094-050,brass_acoustic_046-094-050,/root/autodl-tmp/tokenizer-eval/data/nsynth/nsynth-valid/audio/brass_acoustic_046-094-050.wav,414,brass_acoustic_046,1,brass,0,acoustic,94,50,16000,long_release
34.70005,37.133064,reed_acoustic_023-045-025,reed_acoustic_023-045-025,/root/autodl-tmp/tokenizer-eval/data/nsynth/nsynth-valid/audio/reed_acoustic_023-045-025.wav,224,reed_acoustic_023,7,reed,0,acoustic,45,25,16000,bright|fast_decay|multiphonic|nonlinear_env
20.984695,-38.594936,guitar_acoustic_030-034-075,guitar_acoustic_030-034-075,/root/autodl-tmp/tokenizer-eval/data/nsynth/nsynth-valid/audio/guitar_acoustic_030-034-075.wav,642,guitar_acoustic_030,3,guitar,0,acoustic,34,75,16000,long_release|tempo-synced
-16.68609,14.169457,organ_electronic_028-084-025,organ_electronic_028-084-025,/root/autodl-tmp/tokenizer-eval/data/nsynth/nsynth-valid/audio/organ_electronic_028-084-025.wav,440,organ_electronic_028,6,organ,1,electronic,84,25,16000,
-1.89472,-51.945312,keyboard_electronic_002-044-050,keyboard_electronic_002-044-050,/root/autodl-tmp/tokenizer-eval/data/nsynth/nsynth-valid/audio/keyboard_electronic_002-044-050.wav,50,keyboard_electronic_002,4,keyboard,1,electronic,44,50,16000,distortion
-41.4829,-7.902086,flute_acoustic_002-094-025,flute_acoustic_002-094-025,/root/autodl-tmp/tokenizer-eval/data/nsynth/nsynth-valid/audio/flute_acoustic_002-094-025.wav,86,flute_acoustic_002,2,flute,0,acoustic,94,25,16000,reverb
36.789074,-22.449717,mallet_acoustic_062-038-100,mallet_acoustic_062-038-100,/root/autodl-tmp/tokenizer-eval/data/nsynth/nsynth-valid/audio/mallet_acoustic_062-038-100.wav,644,mallet_acoustic_062,5,mallet,0,acoustic,38,100,16000,dark|long_release|multiphonic
-18.720676,-30.949396,flute_synthetic_000-085-050,flute_synthetic_000-085-050,/root/autodl-tmp/tokenizer-eval/data/nsynth/nsynth-valid/audio/flute_synthetic_000-085-050.wav,82,flute_synthetic_000,2,flute,2,synthetic,85,50,16000,distortion
39.08685,23.01948,mallet_acoustic_062-079-050,mallet_acoustic_062-079-050,/root/autodl-tmp/tokenizer-eval/data/nsynth/nsynth-valid/audio/mallet_acoustic_062-079-050.wav,644,mallet_acoustic_062,5,mallet,0,acoustic,79,50,16000,fast_decay|multiphonic
-65.73089,9.849533,brass_acoustic_046-089-127,brass_acoustic_046-089-127,/root/autodl-tmp/tokenizer-eval/data/nsynth/nsynth-valid/audio/brass_acoustic_046-089-127.wav,414,brass_acoustic_046,1,brass,0,acoustic,89,127,16000,long_release
24.459631,-14.40748,string_acoustic_080-042-127,string_acoustic_080-042-127,/root/autodl-tmp/tokenizer-eval/data/nsynth/nsynth-valid/audio/string_acoustic_080-042-127.wav,675,string_acoustic_080,8,string,0,acoustic,42,127,16000,long_release|reverb
57.735443,25.275023,mallet_acoustic_047-065-050,mallet_acoustic_047-065-050,/root/autodl-tmp/tokenizer-eval/data/nsynth/nsynth-valid/audio/mallet_acoustic_047-065-050.wav,488,mallet_acoustic_047,5,mallet,0,acoustic,65,50,16000,fast_decay|percussive|reverb
-25.960497,13.893088,vocal_synthetic_003-060-075,vocal_synthetic_003-060-075,/root/autodl-tmp/tokenizer-eval/data/nsynth/nsynth-valid/audio/vocal_synthetic_003-060-075.wav,37,vocal_synthetic_003,10,vocal,2,synthetic,60,75,16000,bright|distortion|long_release|nonlinear_env
57.793182,29.395386,mallet_acoustic_047-075-100,mallet_acoustic_047-075-100,/root/autodl-tmp/tokenizer-eval/data/nsynth/nsynth-valid/audio/mallet_acoustic_047-075-100.wav,488,mallet_acoustic_047,5,mallet,0,acoustic,75,100,16000,fast_decay|percussive|reverb
-9.122822,-36.884212,organ_electronic_104-049-100,organ_electronic_104-049-100,/root/autodl-tmp/tokenizer-eval/data/nsynth/nsynth-valid/audio/organ_electronic_104-049-100.wav,921,organ_electronic_104,6,organ,1,electronic,49,100,16000,
21.420713,-0.97727174,guitar_acoustic_015-056-100,guitar_acoustic_015-056-100,/root/autodl-tmp/tokenizer-eval/data/nsynth/nsynth-valid/audio/guitar_acoustic_015-056-100.wav,316,guitar_acoustic_015,3,guitar,0,acoustic,56,100,16000,reverb
50.793236,13.187645,bass_synthetic_134-081-127,bass_synthetic_134-081-127,/root/autodl-tmp/tokenizer-eval/data/nsynth/nsynth-valid/audio/bass_synthetic_134-081-127.wav,914,bass_synthetic_134,0,bass,2,synthetic,81,127,16000,fast_decay|percussive|reverb
-55.352116,0.072904706,vocal_synthetic_003-048-100,vocal_synthetic_003-048-100,/root/autodl-tmp/tokenizer-eval/data/nsynth/nsynth-valid/audio/vocal_synthetic_003-048-100.wav,37,vocal_synthetic_003,10,vocal,2,synthetic,48,100,16000,bright|distortion|long_release|nonlinear_env
43.9172,4.3767023,mallet_acoustic_062-061-025,mallet_acoustic_062-061-025,/root/autodl-tmp/tokenizer-eval/data/nsynth/nsynth-valid/audio/mallet_acoustic_062-061-025.wav,644,mallet_acoustic_062,5,mallet,0,acoustic,61,25,16000,dark|fast_decay|multiphonic
-26.543428,31.16691,organ_electronic_057-076-050,organ_electronic_057-076-050,/root/autodl-tmp/tokenizer-eval/data/nsynth/nsynth-valid/audio/organ_electronic_057-076-050.wav,701,organ_electronic_057,6,organ,1,electronic,76,50,16000,
14.619396,-37.9159,string_acoustic_012-034-075,string_acoustic_012-034-075,/root/autodl-tmp/tokenizer-eval/data/nsynth/nsynth-valid/audio/string_acoustic_012-034-075.wav,97,string_acoustic_012,8,string,0,acoustic,34,75,16000,long_release|reverb
6.4331856,1.1425037,guitar_electronic_028-059-100,guitar_electronic_028-059-100,/root/autodl-tmp/tokenizer-eval/data/nsynth/nsynth-valid/audio/guitar_electronic_028-059-100.wav,510,guitar_electronic_028,3,guitar,1,electronic,59,100,16000,dark
-38.323296,-12.389434,flute_synthetic_000-094-050,flute_synthetic_000-094-050,/root/autodl-tmp/tokenizer-eval/data/nsynth/nsynth-valid/audio/flute_synthetic_000-094-050.wav,82,flute_synthetic_000,2,flute,2,synthetic,94,50,16000,distortion
-37.796185,-20.206537,organ_electronic_001-058-100,organ_electronic_001-058-100,/root/autodl-tmp/tokenizer-eval/data/nsynth/nsynth-valid/audio/organ_electronic_001-058-100.wav,8,organ_electronic_001,6,organ,1,electronic,58,100,16000,dark
-3.9344246,-4.1475277,guitar_acoustic_014-074-050,guitar_acoustic_014-074-050,/root/autodl-tmp/tokenizer-eval/data/nsynth/nsynth-valid/audio/guitar_acoustic_014-074-050.wav,263,guitar_acoustic_014,3,guitar,0,acoustic,74,50,16000,
41.15172,11.394647,string_acoustic_056-064-025,string_acoustic_056-064-025,/root/autodl-tmp/tokenizer-eval/data/nsynth/nsynth-valid/audio/string_acoustic_056-064-025.wav,436,string_acoustic_056,8,string,0,acoustic,64,25,16000,fast_decay|percussive|reverb
21.327158,-15.377605,flute_synthetic_000-041-050,flute_synthetic_000-041-050,/root/autodl-tmp/tokenizer-eval/data/nsynth/nsynth-valid/audio/flute_synthetic_000-041-050.wav,82,flute_synthetic_000,2,flute,2,synthetic,41,50,16000,distortion
24.108377,-0.29111645,bass_synthetic_068-068-100,bass_synthetic_068-068-100,/root/autodl-tmp/tokenizer-eval/data/nsynth/nsynth-valid/audio/bass_synthetic_068-068-100.wav,656,bass_synthetic_068,0,bass,2,synthetic,68,100,16000,
23.927906,-40.9444,flute_synthetic_000-047-050,flute_synthetic_000-047-050,/root/autodl-tmp/tokenizer-eval/data/nsynth/nsynth-valid/audio/flute_synthetic_000-047-050.wav,82,flute_synthetic_000,2,flute,2,synthetic,47,50,16000,distortion
5.335787,28.913294,guitar_electronic_028-077-075,guitar_electronic_028-077-075,/root/autodl-tmp/tokenizer-eval/data/nsynth/nsynth-valid/audio/guitar_electronic_028-077-075.wav,510,guitar_electronic_028,3,guitar,1,electronic,77,75,16000,
-28.543922,2.0944407,brass_acoustic_006-067-127,brass_acoustic_006-067-127,/root/autodl-tmp/tokenizer-eval/data/nsynth/nsynth-valid/audio/brass_acoustic_006-067-127.wav,43,brass_acoustic_006,1,brass,0,acoustic,67,127,16000,reverb
20.602537,9.55641,guitar_acoustic_015-050-100,guitar_acoustic_015-050-100,/root/autodl-tmp/tokenizer-eval/data/nsynth/nsynth-valid/audio/guitar_acoustic_015-050-100.wav,316,guitar_acoustic_015,3,guitar,0,acoustic,50,100,16000,reverb
30.06021,34.354507,reed_acoustic_023-051-050,reed_acoustic_023-051-050,/root/autodl-tmp/tokenizer-eval/data/nsynth/nsynth-valid/audio/reed_acoustic_023-051-050.wav,224,reed_acoustic_023,7,reed,0,acoustic,51,50,16000,bright|fast_decay|multiphonic|nonlinear_env
-49.32724,13.931915,vocal_synthetic_003-092-075,vocal_synthetic_003-092-075,/root/autodl-tmp/tokenizer-eval/data/nsynth/nsynth-valid/audio/vocal_synthetic_003-092-075.wav,37,vocal_synthetic_003,10,vocal,2,synthetic,92,75,16000,long_release|nonlinear_env
-16.64263,-30.322985,brass_acoustic_015-073-025,brass_acoustic_015-073-025,/root/autodl-tmp/tokenizer-eval/data/nsynth/nsynth-valid/audio/brass_acoustic_015-073-025.wav,121,brass_acoustic_015,1,brass,0,acoustic,73,25,16000,reverb
12.365566,-53.456795,organ_electronic_007-033-100,organ_electronic_007-033-100,/root/autodl-tmp/tokenizer-eval/data/nsynth/nsynth-valid/audio/organ_electronic_007-033-100.wav,123,organ_electronic_007,6,organ,1,electronic,33,100,16000,distortion|long_release|nonlinear_env
53.11277,19.990019,guitar_acoustic_021-093-075,guitar_acoustic_021-093-075,/root/autodl-tmp/tokenizer-eval/data/nsynth/nsynth-valid/audio/guitar_acoustic_021-093-075.wav,457,guitar_acoustic_021,3,guitar,0,acoustic,93,75,16000,fast_decay|percussive
44.226265,-13.120777,bass_synthetic_135-032-100,bass_synthetic_135-032-100,/root/autodl-tmp/tokenizer-eval/data/nsynth/nsynth-valid/audio/bass_synthetic_135-032-100.wav,927,bass_synthetic_135,0,bass,2,synthetic,32,100,16000,distortion
-21.672974,-58.66887,vocal_synthetic_003-080-025,vocal_synthetic_003-080-025,/root/autodl-tmp/tokenizer-eval/data/nsynth/nsynth-valid/audio/vocal_synthetic_003-080-025.wav,37,vocal_synthetic_003,10,vocal,2,synthetic,80,25,16000,bright|distortion|long_release|nonlinear_env
4.23152,35.49541,reed_acoustic_037-065-025,reed_acoustic_037-065-025,/root/autodl-tmp/tokenizer-eval/data/nsynth/nsynth-valid/audio/reed_acoustic_037-065-025.wav,387,reed_acoustic_037,7,reed,0,acoustic,65,25,16000,reverb
37.92877,43.850773,reed_acoustic_023-081-050,reed_acoustic_023-081-050,/root/autodl-tmp/tokenizer-eval/data/nsynth/nsynth-valid/audio/reed_acoustic_023-081-050.wav,224,reed_acoustic_023,7,reed,0,acoustic,81,50,16000,bright|fast_decay|multiphonic|nonlinear_env
47.334442,-10.607595,bass_synthetic_068-043-100,bass_synthetic_068-043-100,/root/autodl-tmp/tokenizer-eval/data/nsynth/nsynth-valid/audio/bass_synthetic_068-043-100.wav,656,bass_synthetic_068,0,bass,2,synthetic,43,100,16000,dark
41.234074,-37.534473,organ_electronic_057-036-025,organ_electronic_057-036-025,/root/autodl-tmp/tokenizer-eval/data/nsynth/nsynth-valid/audio/organ_electronic_057-036-025.wav,701,organ_electronic_057,6,organ,1,electronic,36,25,16000,dark
35.559517,-29.77985,bass_electronic_027-038-050,bass_electronic_027-038-050,/root/autodl-tmp/tokenizer-eval/data/nsynth/nsynth-valid/audio/bass_electronic_027-038-050.wav,880,bass_electronic_027,0,bass,1,electronic,38,50,16000,
6.627949,14.389953,keyboard_electronic_001-066-127,keyboard_electronic_001-066-127,/root/autodl-tmp/tokenizer-eval/data/nsynth/nsynth-valid/audio/keyboard_electronic_001-066-127.wav,40,keyboard_electronic_001,4,keyboard,1,electronic,66,127,16000,percussive
-47.304363,-36.554432,string_acoustic_057-075-100,string_acoustic_057-075-100,/root/autodl-tmp/tokenizer-eval/data/nsynth/nsynth-valid/audio/string_acoustic_057-075-100.wav,450,string_acoustic_057,8,string,0,acoustic,75,100,16000,bright|nonlinear_env|reverb
54.446774,21.110178,guitar_acoustic_015-095-100,guitar_acoustic_015-095-100,/root/autodl-tmp/tokenizer-eval/data/nsynth/nsynth-valid/audio/guitar_acoustic_015-095-100.wav,316,guitar_acoustic_015,3,guitar,0,acoustic,95,100,16000,fast_decay|percussive|reverb
-27.1177,22.52939,organ_electronic_007-047-025,organ_electronic_007-047-025,/root/autodl-tmp/tokenizer-eval/data/nsynth/nsynth-valid/audio/organ_electronic_007-047-025.wav,123,organ_electronic_007,6,organ,1,electronic,47,25,16000,distortion|long_release|nonlinear_env
-32.438057,28.725792,string_acoustic_057-083-025,string_acoustic_057-083-025,/root/autodl-tmp/tokenizer-eval/data/nsynth/nsynth-valid/audio/string_acoustic_057-083-025.wav,450,string_acoustic_057,8,string,0,acoustic,83,25,16000,bright|nonlinear_env|reverb
-28.791338,30.34197,flute_acoustic_002-095-100,flute_acoustic_002-095-100,/root/autodl-tmp/tokenizer-eval/data/nsynth/nsynth-valid/audio/flute_acoustic_002-095-100.wav,86,flute_acoustic_002,2,flute,0,acoustic,95,100,16000,reverb
-63.96914,10.007117,brass_acoustic_046-095-025,brass_acoustic_046-095-025,/root/autodl-tmp/tokenizer-eval/data/nsynth/nsynth-valid/audio/brass_acoustic_046-095-025.wav,414,brass_acoustic_046,1,brass,0,acoustic,95,25,16000,long_release
35.743153,-18.577145,mallet_acoustic_062-051-075,mallet_acoustic_062-051-075,/root/autodl-tmp/tokenizer-eval/data/nsynth/nsynth-valid/audio/mallet_acoustic_062-051-075.wav,644,mallet_acoustic_062,5,mallet,0,acoustic,51,75,16000,dark|multiphonic
0.13449407,-26.825624,reed_acoustic_037-045-075,reed_acoustic_037-045-075,/root/autodl-tmp/tokenizer-eval/data/nsynth/nsynth-valid/audio/reed_acoustic_037-045-075.wav,387,reed_acoustic_037,7,reed,0,acoustic,45,75,16000,long_release|reverb
-19.059427,3.1566744,guitar_electronic_022-079-050,guitar_electronic_022-079-050,/root/autodl-tmp/tokenizer-eval/data/nsynth/nsynth-valid/audio/guitar_electronic_022-079-050.wav,378,guitar_electronic_022,3,guitar,1,electronic,79,50,16000,
35.604107,-30.003199,keyboard_electronic_003-038-025,keyboard_electronic_003-038-025,/root/autodl-tmp/tokenizer-eval/data/nsynth/nsynth-valid/audio/keyboard_electronic_003-038-025.wav,65,keyboard_electronic_003,4,keyboard,1,electronic,38,25,16000,dark
51.11826,11.607029,bass_synthetic_134-094-075,bass_synthetic_134-094-075,/root/autodl-tmp/tokenizer-eval/data/nsynth/nsynth-valid/audio/bass_synthetic_134-094-075.wav,914,bass_synthetic_134,0,bass,2,synthetic,94,75,16000,fast_decay|percussive|reverb
60.34389,28.203077,mallet_acoustic_047-078-050,mallet_acoustic_047-078-050,/root/autodl-tmp/tokenizer-eval/data/nsynth/nsynth-valid/audio/mallet_acoustic_047-078-050.wav,488,mallet_acoustic_047,5,mallet,0,acoustic,78,50,16000,fast_decay|percussive|reverb
27.161953,-22.81721,bass_synthetic_034-052-127,bass_synthetic_034-052-127,/root/autodl-tmp/tokenizer-eval/data/nsynth/nsynth-valid/audio/bass_synthetic_034-052-127.wav,420,bass_synthetic_034,0,bass,2,synthetic,52,127,16000,distortion|tempo-synced
-15.830761,33.02445,flute_synthetic_000-076-100,flute_synthetic_000-076-100,/root/autodl-tmp/tokenizer-eval/data/nsynth/nsynth-valid/audio/flute_synthetic_000-076-100.wav,82,flute_synthetic_000,2,flute,2,synthetic,76,100,16000,distortion
-46.625217,34.310757,bass_synthetic_009-074-050,bass_synthetic_009-074-050,/root/autodl-tmp/tokenizer-eval/data/nsynth/nsynth-valid/audio/bass_synthetic_009-074-050.wav,150,bass_synthetic_009,0,bass,2,synthetic,74,50,16000,bright|distortion|long_release
-59.292686,-4.8431654,vocal_synthetic_003-032-100,vocal_synthetic_003-032-100,/root/autodl-tmp/tokenizer-eval/data/nsynth/nsynth-valid/audio/vocal_synthetic_003-032-100.wav,37,vocal_synthetic_003,10,vocal,2,synthetic,32,100,16000,bright|distortion|long_release|nonlinear_env
24.287968,-29.678785,vocal_synthetic_003-040-025,vocal_synthetic_003-040-025,/root/autodl-tmp/tokenizer-eval/data/nsynth/nsynth-valid/audio/vocal_synthetic_003-040-025.wav,37,vocal_synthetic_003,10,vocal,2,synthetic,40,25,16000,distortion|long_release|nonlinear_env
-11.036078,-4.466353,organ_electronic_028-086-025,organ_electronic_028-086-025,/root/autodl-tmp/tokenizer-eval/data/nsynth/nsynth-valid/audio/organ_electronic_028-086-025.wav,440,organ_electronic_028,6,organ,1,electronic,86,25,16000,
-10.377304,-19.651075,keyboard_electronic_001-033-127,keyboard_electronic_001-033-127,/root/autodl-tmp/tokenizer-eval/data/nsynth/nsynth-valid/audio/keyboard_electronic_001-033-127.wav,40,keyboard_electronic_001,4,keyboard,1,electronic,33,127,16000,
0.13535297,-39.0201,organ_electronic_001-036-127,organ_electronic_001-036-127,/root/autodl-tmp/tokenizer-eval/data/nsynth/nsynth-valid/audio/organ_electronic_001-036-127.wav,8,organ_electronic_001,6,organ,1,electronic,36,127,16000,dark
-15.071198,-29.80262,guitar_acoustic_014-073-075,guitar_acoustic_014-073-075,/root/autodl-tmp/tokenizer-eval/data/nsynth/nsynth-valid/audio/guitar_acoustic_014-073-075.wav,263,guitar_acoustic_014,3,guitar,0,acoustic,73,75,16000,
38.682808,39.09404,reed_acoustic_023-082-100,reed_acoustic_023-082-100,/root/autodl-tmp/tokenizer-eval/data/nsynth/nsynth-valid/audio/reed_acoustic_023-082-100.wav,224,reed_acoustic_023,7,reed,0,acoustic,82,100,16000,bright|fast_decay|multiphonic|nonlinear_env
4.1025085,28.648005,mallet_acoustic_062-077-127,mallet_acoustic_062-077-127,/root/autodl-tmp/tokenizer-eval/data/nsynth/nsynth-valid/audio/mallet_acoustic_062-077-127.wav,644,mallet_acoustic_062,5,mallet,0,acoustic,77,127,16000,multiphonic
49.852757,18.254179,keyboard_acoustic_004-083-127,keyboard_acoustic_004-083-127,/root/autodl-tmp/tokenizer-eval/data/nsynth/nsynth-valid/audio/keyboard_acoustic_004-083-127.wav,327,keyboard_acoustic_004,4,keyboard,0,acoustic,83,127,16000,reverb
35.51973,-18.2112,bass_electronic_025-051-100,bass_electronic_025-051-100,/root/autodl-tmp/tokenizer-eval/data/nsynth/nsynth-valid/audio/bass_electronic_025-051-100.wav,872,bass_electronic_025,0,bass,1,electronic,51,100,16000,
47.56103,9.097717,string_acoustic_056-041-100,string_acoustic_056-041-100,/root/autodl-tmp/tokenizer-eval/data/nsynth/nsynth-valid/audio/string_acoustic_056-041-100.wav,436,string_acoustic_056,8,string,0,acoustic,41,100,16000,fast_decay|percussive|reverb
44.321484,-10.498148,mallet_acoustic_062-032-050,mallet_acoustic_062-032-050,/root/autodl-tmp/tokenizer-eval/data/nsynth/nsynth-valid/audio/mallet_acoustic_062-032-050.wav,644,mallet_acoustic_062,5,mallet,0,acoustic,32,50,16000,dark|multiphonic
-48.47137,34.647266,vocal_synthetic_003-086-075,vocal_synthetic_003-086-075,/root/autodl-tmp/tokenizer-eval/data/nsynth/nsynth-valid/audio/vocal_synthetic_003-086-075.wav,37,vocal_synthetic_003,10,vocal,2,synthetic,86,75,16000,long_release|nonlinear_env
28.695196,47.890022,reed_acoustic_023-090-127,reed_acoustic_023-090-127,/root/autodl-tmp/tokenizer-eval/data/nsynth/nsynth-valid/audio/reed_acoustic_023-090-127.wav,224,reed_acoustic_023,7,reed,0,acoustic,90,127,16000,fast_decay|multiphonic|nonlinear_env
10.987354,-27.30012,mallet_acoustic_062-045-100,mallet_acoustic_062-045-100,/root/autodl-tmp/tokenizer-eval/data/nsynth/nsynth-valid/audio/mallet_acoustic_062-045-100.wav,644,mallet_acoustic_062,5,mallet,0,acoustic,45,100,16000,dark|long_release|multiphonic
-9.529092,-12.899798,reed_acoustic_011-050-050,reed_acoustic_011-050-050,/root/autodl-tmp/tokenizer-eval/data/nsynth/nsynth-valid/audio/reed_acoustic_011-050-050.wav,104,reed_acoustic_011,7,reed,0,acoustic,50,50,16000,
15.9730835,-45.293724,mallet_acoustic_062-033-127,mallet_acoustic_062-033-127,/root/autodl-tmp/tokenizer-eval/data/nsynth/nsynth-valid/audio/mallet_acoustic_062-033-127.wav,644,mallet_acoustic_062,5,mallet,0,acoustic,33,127,16000,dark|long_release|multiphonic
20.150242,44.621616,mallet_acoustic_062-093-127,mallet_acoustic_062-093-127,/root/autodl-tmp/tokenizer-eval/data/nsynth/nsynth-valid/audio/mallet_acoustic_062-093-127.wav,644,mallet_acoustic_062,5,mallet,0,acoustic,93,127,16000,multiphonic
0.31592202,34.677826,brass_acoustic_006-077-100,brass_acoustic_006-077-100,/root/autodl-tmp/tokenizer-eval/data/nsynth/nsynth-valid/audio/brass_acoustic_006-077-100.wav,43,brass_acoustic_006,1,brass,0,acoustic,77,100,16000,reverb
26.644629,6.4584675,mallet_acoustic_062-057-075,mallet_acoustic_062-057-075,/root/autodl-tmp/tokenizer-eval/data/nsynth/nsynth-valid/audio/mallet_acoustic_062-057-075.wav,644,mallet_acoustic_062,5,mallet,0,acoustic,57,75,16000,dark|multiphonic
-16.582977,47.396008,organ_electronic_001-093-025,organ_electronic_001-093-025,/root/autodl-tmp/tokenizer-eval/data/nsynth/nsynth-valid/audio/organ_electronic_001-093-025.wav,8,organ_electronic_001,6,organ,1,electronic,93,25,16000,
-36.683514,-17.206614,guitar_electronic_022-070-025,guitar_electronic_022-070-025,/root/autodl-tmp/tokenizer-eval/data/nsynth/nsynth-valid/audio/guitar_electronic_022-070-025.wav,378,guitar_electronic_022,3,guitar,1,electronic,70,25,16000,
-25.281927,48.956593,organ_electronic_007-074-075,organ_electronic_007-074-075,/root/autodl-tmp/tokenizer-eval/data/nsynth/nsynth-valid/audio/organ_electronic_007-074-075.wav,123,organ_electronic_007,6,organ,1,electronic,74,75,16000,distortion|long_release|nonlinear_env
41.355076,4.4458847,mallet_acoustic_062-062-050,mallet_acoustic_062-062-050,/root/autodl-tmp/tokenizer-eval/data/nsynth/nsynth-valid/audio/mallet_acoustic_062-062-050.wav,644,mallet_acoustic_062,5,mallet,0,acoustic,62,50,16000,dark|fast_decay|multiphonic
46.913536,-13.509747,bass_synthetic_033-032-100,bass_synthetic_033-032-100,/root/autodl-tmp/tokenizer-eval/data/nsynth/nsynth-valid/audio/bass_synthetic_033-032-100.wav,417,bass_synthetic_033,0,bass,2,synthetic,32,100,16000,dark
-27.32265,-0.41555017,reed_acoustic_011-067-025,reed_acoustic_011-067-025,/root/autodl-tmp/tokenizer-eval/data/nsynth/nsynth-valid/audio/reed_acoustic_011-067-025.wav,104,reed_acoustic_011,7,reed,0,acoustic,67,25,16000,
60.670986,23.725605,mallet_acoustic_047-083-127,mallet_acoustic_047-083-127,/root/autodl-tmp/tokenizer-eval/data/nsynth/nsynth-valid/audio/mallet_acoustic_047-083-127.wav,488,mallet_acoustic_047,5,mallet,0,acoustic,83,127,16000,fast_decay|percussive|reverb
-38.574383,30.774149,vocal_synthetic_003-071-025,vocal_synthetic_003-071-025,/root/autodl-tmp/tokenizer-eval/data/nsynth/nsynth-valid/audio/vocal_synthetic_003-071-025.wav,37,vocal_synthetic_003,10,vocal,2,synthetic,71,25,16000,bright|distortion|long_release|nonlinear_env
41.38555,6.412318,string_acoustic_014-063-075,string_acoustic_014-063-075,/root/autodl-tmp/tokenizer-eval/data/nsynth/nsynth-valid/audio/string_acoustic_014-063-075.wav,100,string_acoustic_014,8,string,0,acoustic,63,75,16000,fast_decay|percussive|reverb
29.037752,-3.5122144,keyboard_synthetic_000-067-025,keyboard_synthetic_000-067-025,/root/autodl-tmp/tokenizer-eval/data/nsynth/nsynth-valid/audio/keyboard_synthetic_000-067-025.wav,577,keyboard_synthetic_000,4,keyboard,2,synthetic,67,25,16000,distortion|fast_decay|nonlinear_env
12.437928,13.032811,brass_acoustic_015-048-127,brass_acoustic_015-048-127,/root/autodl-tmp/tokenizer-eval/data/nsynth/nsynth-valid/audio/brass_acoustic_015-048-127.wav,121,brass_acoustic_015,1,brass,0,acoustic,48,127,16000,reverb
46.96379,17.437065,guitar_acoustic_015-081-075,guitar_acoustic_015-081-075,/root/autodl-tmp/tokenizer-eval/data/nsynth/nsynth-valid/audio/guitar_acoustic_015-081-075.wav,316,guitar_acoustic_015,3,guitar,0,acoustic,81,75,16000,fast_decay|percussive|reverb
-45.687927,40.20814,vocal_synthetic_003-081-100,vocal_synthetic_003-081-100,/root/autodl-tmp/tokenizer-eval/data/nsynth/nsynth-valid/audio/vocal_synthetic_003-081-100.wav,37,vocal_synthetic_003,10,vocal,2,synthetic,81,100,16000,bright|distortion|long_release|nonlinear_env
-38.045986,37.91703,bass_synthetic_009-090-050,bass_synthetic_009-090-050,/root/autodl-tmp/tokenizer-eval/data/nsynth/nsynth-valid/audio/bass_synthetic_009-090-050.wav,150,bass_synthetic_009,0,bass,2,synthetic,90,50,16000,long_release
-41.26579,-16.634129,brass_acoustic_046-082-025,brass_acoustic_046-082-025,/root/autodl-tmp/tokenizer-eval/data/nsynth/nsynth-valid/audio/brass_acoustic_046-082-025.wav,414,brass_acoustic_046,1,brass,0,acoustic,82,25,16000,
-11.007747,-19.438812,keyboard_electronic_001-032-100,keyboard_electronic_001-032-100,/root/autodl-tmp/tokenizer-eval/data/nsynth/nsynth-valid/audio/keyboard_electronic_001-032-100.wav,40,keyboard_electronic_001,4,keyboard,1,electronic,32,100,16000,
-24.946783,-32.643135,string_acoustic_057-085-025,string_acoustic_057-085-025,/root/autodl-tmp/tokenizer-eval/data/nsynth/nsynth-valid/audio/string_acoustic_057-085-025.wav,450,string_acoustic_057,8,string,0,acoustic,85,25,16000,bright|nonlinear_env|reverb
-56.546467,-4.7244534,vocal_synthetic_003-036-075,vocal_synthetic_003-036-075,/root/autodl-tmp/tokenizer-eval/data/nsynth/nsynth-valid/audio/vocal_synthetic_003-036-075.wav,37,vocal_synthetic_003,10,vocal,2,synthetic,36,75,16000,distortion|long_release|nonlinear_env
14.62741,12.303369,brass_acoustic_015-041-075,brass_acoustic_015-041-075,/root/autodl-tmp/tokenizer-eval/data/nsynth/nsynth-valid/audio/brass_acoustic_015-041-075.wav,121,brass_acoustic_015,1,brass,0,acoustic,41,75,16000,reverb
-17.334454,33.12875,guitar_acoustic_010-064-127,guitar_acoustic_010-064-127,/root/autodl-tmp/tokenizer-eval/data/nsynth/nsynth-valid/audio/guitar_acoustic_010-064-127.wav,219,guitar_acoustic_010,3,guitar,0,acoustic,64,127,16000,
-20.85269,-36.248043,reed_acoustic_011-049-100,reed_acoustic_011-049-100,/root/autodl-tmp/tokenizer-eval/data/nsynth/nsynth-valid/audio/reed_acoustic_011-049-100.wav,104,reed_acoustic_011,7,reed,0,acoustic,49,100,16000,bright
-20.936037,49.65754,string_acoustic_057-093-075,string_acoustic_057-093-075,/root/autodl-tmp/tokenizer-eval/data/nsynth/nsynth-valid/audio/string_acoustic_057-093-075.wav,450,string_acoustic_057,8,string,0,acoustic,93,75,16000,nonlinear_env|reverb
32.260902,-24.020845,keyboard_electronic_003-051-075,keyboard_electronic_003-051-075,/root/autodl-tmp/tokenizer-eval/data/nsynth/nsynth-valid/audio/keyboard_electronic_003-051-075.wav,65,keyboard_electronic_003,4,keyboard,1,electronic,51,75,16000,
-34.475555,26.510925,organ_electronic_104-083-075,organ_electronic_104-083-075,/root/autodl-tmp/tokenizer-eval/data/nsynth/nsynth-valid/audio/organ_electronic_104-083-075.wav,921,organ_electronic_104,6,organ,1,electronic,83,75,16000,
-8.4672575,-54.346375,organ_electronic_104-056-025,organ_electronic_104-056-025,/root/autodl-tmp/tokenizer-eval/data/nsynth/nsynth-valid/audio/organ_electronic_104-056-025.wav,921,organ_electronic_104,6,organ,1,electronic,56,25,16000,
-62.210983,1.7480004,vocal_synthetic_003-045-100,vocal_synthetic_003-045-100,/root/autodl-tmp/tokenizer-eval/data/nsynth/nsynth-valid/audio/vocal_synthetic_003-045-100.wav,37,vocal_synthetic_003,10,vocal,2,synthetic,45,100,16000,bright|distortion|long_release|nonlinear_env
32.595367,40.74863,reed_acoustic_023-050-075,reed_acoustic_023-050-075,/root/autodl-tmp/tokenizer-eval/data/nsynth/nsynth-valid/audio/reed_acoustic_023-050-075.wav,224,reed_acoustic_023,7,reed,0,acoustic,50,75,16000,bright|fast_decay|multiphonic|nonlinear_env
-14.574158,-53.16863,flute_synthetic_000-080-075,flute_synthetic_000-080-075,/root/autodl-tmp/tokenizer-eval/data/nsynth/nsynth-valid/audio/flute_synthetic_000-080-075.wav,82,flute_synthetic_000,2,flute,2,synthetic,80,75,16000,distortion
10.077788,-12.117561,mallet_acoustic_062-048-127,mallet_acoustic_062-048-127,/root/autodl-tmp/tokenizer-eval/data/nsynth/nsynth-valid/audio/mallet_acoustic_062-048-127.wav,644,mallet_acoustic_062,5,mallet,0,acoustic,48,127,16000,dark|long_release|multiphonic
-19.568884,-9.719094,reed_acoustic_011-042-075,reed_acoustic_011-042-075,/root/autodl-tmp/tokenizer-eval/data/nsynth/nsynth-valid/audio/reed_acoustic_011-042-075.wav,104,reed_acoustic_011,7,reed,0,acoustic,42,75,16000,
47.795517,27.440792,mallet_acoustic_047-087-050,mallet_acoustic_047-087-050,/root/autodl-tmp/tokenizer-eval/data/nsynth/nsynth-valid/audio/mallet_acoustic_047-087-050.wav,488,mallet_acoustic_047,5,mallet,0,acoustic,87,50,16000,fast_decay|percussive|reverb
58.40441,19.760843,mallet_acoustic_056-043-025,mallet_acoustic_056-043-025,/root/autodl-tmp/tokenizer-eval/data/nsynth/nsynth-valid/audio/mallet_acoustic_056-043-025.wav,590,mallet_acoustic_056,5,mallet,0,acoustic,43,25,16000,bright|fast_decay|percussive
39.46391,-13.787427,mallet_acoustic_062-037-050,mallet_acoustic_062-037-050,/root/autodl-tmp/tokenizer-eval/data/nsynth/nsynth-valid/audio/mallet_acoustic_062-037-050.wav,644,mallet_acoustic_062,5,mallet,0,acoustic,37,50,16000,dark|multiphonic
24.730135,0.8222943,mallet_acoustic_062-068-075,mallet_acoustic_062-068-075,/root/autodl-tmp/tokenizer-eval/data/nsynth/nsynth-valid/audio/mallet_acoustic_062-068-075.wav,644,mallet_acoustic_062,5,mallet,0,acoustic,68,75,16000,dark|multiphonic
-63.96914,10.007117,brass_acoustic_046-088-025,brass_acoustic_046-088-025,/root/autodl-tmp/tokenizer-eval/data/nsynth/nsynth-valid/audio/brass_acoustic_046-088-025.wav,414,brass_acoustic_046,1,brass,0,acoustic,88,25,16000,long_release
5.7458177,31.34431,guitar_electronic_022-077-025,guitar_electronic_022-077-025,/root/autodl-tmp/tokenizer-eval/data/nsynth/nsynth-valid/audio/guitar_electronic_022-077-025.wav,378,guitar_electronic_022,3,guitar,1,electronic,77,25,16000,
29.574099,-14.692053,bass_synthetic_135-041-100,bass_synthetic_135-041-100,/root/autodl-tmp/tokenizer-eval/data/nsynth/nsynth-valid/audio/bass_synthetic_135-041-100.wav,927,bass_synthetic_135,0,bass,2,synthetic,41,100,16000,distortion
-63.96914,10.007117,brass_acoustic_046-093-100,brass_acoustic_046-093-100,/root/autodl-tmp/tokenizer-eval/data/nsynth/nsynth-valid/audio/brass_acoustic_046-093-100.wav,414,brass_acoustic_046,1,brass,0,acoustic,93,100,16000,long_release
7.787773,3.2991035,keyboard_electronic_069-059-050,keyboard_electronic_069-059-050,/root/autodl-tmp/tokenizer-eval/data/nsynth/nsynth-valid/audio/keyboard_electronic_069-059-050.wav,805,keyboard_electronic_069,4,keyboard,1,electronic,59,50,16000,distortion
-19.578506,-28.755186,brass_acoustic_006-049-050,brass_acoustic_006-049-050,/root/autodl-tmp/tokenizer-eval/data/nsynth/nsynth-valid/audio/brass_acoustic_006-049-050.wav,43,brass_acoustic_006,1,brass,0,acoustic,49,50,16000,reverb
26.27583,17.605556,bass_synthetic_068-083-025,bass_synthetic_068-083-025,/root/autodl-tmp/tokenizer-eval/data/nsynth/nsynth-valid/audio/bass_synthetic_068-083-025.wav,656,bass_synthetic_068,0,bass,2,synthetic,83,25,16000,fast_decay
47.257915,-10.832693,bass_synthetic_068-043-025,bass_synthetic_068-043-025,/root/autodl-tmp/tokenizer-eval/data/nsynth/nsynth-valid/audio/bass_synthetic_068-043-025.wav,656,bass_synthetic_068,0,bass,2,synthetic,43,25,16000,dark
-4.729708,23.85961,bass_synthetic_135-094-050,bass_synthetic_135-094-050,/root/autodl-tmp/tokenizer-eval/data/nsynth/nsynth-valid/audio/bass_synthetic_135-094-050.wav,927,bass_synthetic_135,0,bass,2,synthetic,94,50,16000,distortion
25.462643,2.2057164,bass_synthetic_068-080-025,bass_synthetic_068-080-025,/root/autodl-tmp/tokenizer-eval/data/nsynth/nsynth-valid/audio/bass_synthetic_068-080-025.wav,656,bass_synthetic_068,0,bass,2,synthetic,80,25,16000,fast_decay
-42.545696,-36.067497,vocal_acoustic_000-063-025,vocal_acoustic_000-063-025,/root/autodl-tmp/tokenizer-eval/data/nsynth/nsynth-valid/audio/vocal_acoustic_000-063-025.wav,46,vocal_acoustic_000,10,vocal,0,acoustic,63,25,16000,reverb
-21.43612,-12.383412,brass_acoustic_006-037-075,brass_acoustic_006-037-075,/root/autodl-tmp/tokenizer-eval/data/nsynth/nsynth-valid/audio/brass_acoustic_006-037-075.wav,43,brass_acoustic_006,1,brass,0,acoustic,37,75,16000,reverb
7.2969775,-1.4777871,guitar_acoustic_015-047-075,guitar_acoustic_015-047-075,/root/autodl-tmp/tokenizer-eval/data/nsynth/nsynth-valid/audio/guitar_acoustic_015-047-075.wav,316,guitar_acoustic_015,3,guitar,0,acoustic,47,75,16000,reverb
6.420205,29.284105,bass_synthetic_135-077-025,bass_synthetic_135-077-025,/root/autodl-tmp/tokenizer-eval/data/nsynth/nsynth-valid/audio/bass_synthetic_135-077-025.wav,927,bass_synthetic_135,0,bass,2,synthetic,77,25,16000,distortion
-27.994116,26.426601,guitar_acoustic_010-083-100,guitar_acoustic_010-083-100,/root/autodl-tmp/tokenizer-eval/data/nsynth/nsynth-valid/audio/guitar_acoustic_010-083-100.wav,219,guitar_acoustic_010,3,guitar,0,acoustic,83,100,16000,
-17.15751,-17.360481,brass_acoustic_059-035-100,brass_acoustic_059-035-100,/root/autodl-tmp/tokenizer-eval/data/nsynth/nsynth-valid/audio/brass_acoustic_059-035-100.wav,572,brass_acoustic_059,1,brass,0,acoustic,35,100,16000,reverb
31.880766,-31.060604,flute_synthetic_000-051-127,flute_synthetic_000-051-127,/root/autodl-tmp/tokenizer-eval/data/nsynth/nsynth-valid/audio/flute_synthetic_000-051-127.wav,82,flute_synthetic_000,2,flute,2,synthetic,51,127,16000,distortion
34.004326,24.302822,keyboard_electronic_001-089-050,keyboard_electronic_001-089-050,/root/autodl-tmp/tokenizer-eval/data/nsynth/nsynth-valid/audio/keyboard_electronic_001-089-050.wav,40,keyboard_electronic_001,4,keyboard,1,electronic,89,50,16000,long_release
-48.837914,-34.88537,string_acoustic_057-087-025,string_acoustic_057-087-025,/root/autodl-tmp/tokenizer-eval/data/nsynth/nsynth-valid/audio/string_acoustic_057-087-025.wav,450,string_acoustic_057,8,string,0,acoustic,87,25,16000,bright|nonlinear_env|reverb
-19.144276,36.047207,flute_acoustic_002-076-025,flute_acoustic_002-076-025,/root/autodl-tmp/tokenizer-eval/data/nsynth/nsynth-valid/audio/flute_acoustic_002-076-025.wav,86,flute_acoustic_002,2,flute,0,acoustic,76,25,16000,reverb
-44.89464,-10.479333,organ_electronic_007-070-050,organ_electronic_007-070-050,/root/autodl-tmp/tokenizer-eval/data/nsynth/nsynth-valid/audio/organ_electronic_007-070-050.wav,123,organ_electronic_007,6,organ,1,electronic,70,50,16000,distortion|long_release|nonlinear_env
7.8211365,-0.0009135891,guitar_electronic_028-047-050,guitar_electronic_028-047-050,/root/autodl-tmp/tokenizer-eval/data/nsynth/nsynth-valid/audio/guitar_electronic_028-047-050.wav,510,guitar_electronic_028,3,guitar,1,electronic,47,50,16000,dark
5.798725,9.590274,guitar_electronic_028-042-100,guitar_electronic_028-042-100,/root/autodl-tmp/tokenizer-eval/data/nsynth/nsynth-valid/audio/guitar_electronic_028-042-100.wav,510,guitar_electronic_028,3,guitar,1,electronic,42,100,16000,dark
-1.8793682,-21.624647,vocal_acoustic_000-057-100,vocal_acoustic_000-057-100,/root/autodl-tmp/tokenizer-eval/data/nsynth/nsynth-valid/audio/vocal_acoustic_000-057-100.wav,46,vocal_acoustic_000,10,vocal,0,acoustic,57,100,16000,reverb
36.520664,-0.19642134,string_acoustic_056-037-100,string_acoustic_056-037-100,/root/autodl-tmp/tokenizer-eval/data/nsynth/nsynth-valid/audio/string_acoustic_056-037-100.wav,436,string_acoustic_056,8,string,0,acoustic,37,100,16000,fast_decay|reverb
24.73602,-23.145401,guitar_acoustic_021-052-050,guitar_acoustic_021-052-050,/root/autodl-tmp/tokenizer-eval/data/nsynth/nsynth-valid/audio/guitar_acoustic_021-052-050.wav,457,guitar_acoustic_021,3,guitar,0,acoustic,52,50,16000,
15.915991,-24.456917,bass_synthetic_098-047-100,bass_synthetic_098-047-100,/root/autodl-tmp/tokenizer-eval/data/nsynth/nsynth-valid/audio/bass_synthetic_098-047-100.wav,803,bass_synthetic_098,0,bass,2,synthetic,47,100,16000,distortion
33.683506,43.16356,reed_acoustic_023-086-127,reed_acoustic_023-086-127,/root/autodl-tmp/tokenizer-eval/data/nsynth/nsynth-valid/audio/reed_acoustic_023-086-127.wav,224,reed_acoustic_023,7,reed,0,acoustic,86,127,16000,fast_decay|multiphonic|nonlinear_env
25.661285,-12.635324,bass_electronic_018-042-127,bass_electronic_018-042-127,/root/autodl-tmp/tokenizer-eval/data/nsynth/nsynth-valid/audio/bass_electronic_018-042-127.wav,759,bass_electronic_018,0,bass,1,electronic,42,127,16000,
-47.625633,-9.0669,vocal_synthetic_003-070-100,vocal_synthetic_003-070-100,/root/autodl-tmp/tokenizer-eval/data/nsynth/nsynth-valid/audio/vocal_synthetic_003-070-100.wav,37,vocal_synthetic_003,10,vocal,2,synthetic,70,100,16000,bright|distortion|long_release|nonlinear_env
30.085266,-33.11386,string_acoustic_012-039-075,string_acoustic_012-039-075,/root/autodl-tmp/tokenizer-eval/data/nsynth/nsynth-valid/audio/string_acoustic_012-039-075.wav,97,string_acoustic_012,8,string,0,acoustic,39,75,16000,long_release|reverb
-16.900295,48.220432,brass_acoustic_046-081-100,brass_acoustic_046-081-100,/root/autodl-tmp/tokenizer-eval/data/nsynth/nsynth-valid/audio/brass_acoustic_046-081-100.wav,414,brass_acoustic_046,1,brass,0,acoustic,81,100,16000,
31.117086,50.29732,reed_acoustic_023-089-050,reed_acoustic_023-089-050,/root/autodl-tmp/tokenizer-eval/data/nsynth/nsynth-valid/audio/reed_acoustic_023-089-050.wav,224,reed_acoustic_023,7,reed,0,acoustic,89,50,16000,fast_decay|multiphonic|nonlinear_env
13.458932,-43.868366,flute_synthetic_000-033-075,flute_synthetic_000-033-075,/root/autodl-tmp/tokenizer-eval/data/nsynth/nsynth-valid/audio/flute_synthetic_000-033-075.wav,82,flute_synthetic_000,2,flute,2,synthetic,33,75,16000,distortion
45.97535,26.892746,mallet_acoustic_062-087-050,mallet_acoustic_062-087-050,/root/autodl-tmp/tokenizer-eval/data/nsynth/nsynth-valid/audio/mallet_acoustic_062-087-050.wav,644,mallet_acoustic_062,5,mallet,0,acoustic,87,50,16000,fast_decay|multiphonic
-40.51274,-16.302267,reed_acoustic_018-082-075,reed_acoustic_018-082-075,/root/autodl-tmp/tokenizer-eval/data/nsynth/nsynth-valid/audio/reed_acoustic_018-082-075.wav,183,reed_acoustic_018,7,reed,0,acoustic,82,75,16000,
-15.020254,50.432144,reed_acoustic_018-081-127,reed_acoustic_018-081-127,/root/autodl-tmp/tokenizer-eval/data/nsynth/nsynth-valid/audio/reed_acoustic_018-081-127.wav,183,reed_acoustic_018,7,reed,0,acoustic,81,127,16000,
24.368158,-41.073673,flute_synthetic_000-047-100,flute_synthetic_000-047-100,/root/autodl-tmp/tokenizer-eval/data/nsynth/nsynth-valid/audio/flute_synthetic_000-047-100.wav,82,flute_synthetic_000,2,flute,2,synthetic,47,100,16000,distortion
-18.522827,37.928986,flute_acoustic_002-088-100,flute_acoustic_002-088-100,/root/autodl-tmp/tokenizer-eval/data/nsynth/nsynth-valid/audio/flute_acoustic_002-088-100.wav,86,flute_acoustic_002,2,flute,0,acoustic,88,100,16000,reverb
39.650043,28.649786,keyboard_electronic_002-093-050,keyboard_electronic_002-093-050,/root/autodl-tmp/tokenizer-eval/data/nsynth/nsynth-valid/audio/keyboard_electronic_002-093-050.wav,50,keyboard_electronic_002,4,keyboard,1,electronic,93,50,16000,fast_decay|percussive
0.19213839,37.509937,reed_acoustic_011-077-050,reed_acoustic_011-077-050,/root/autodl-tmp/tokenizer-eval/data/nsynth/nsynth-valid/audio/reed_acoustic_011-077-050.wav,104,reed_acoustic_011,7,reed,0,acoustic,77,50,16000,
5.109508,12.964694,guitar_acoustic_021-078-050,guitar_acoustic_021-078-050,/root/autodl-tmp/tokenizer-eval/data/nsynth/nsynth-valid/audio/guitar_acoustic_021-078-050.wav,457,guitar_acoustic_021,3,guitar,0,acoustic,78,50,16000,fast_decay
-25.637693,13.878714,vocal_synthetic_003-060-050,vocal_synthetic_003-060-050,/root/autodl-tmp/tokenizer-eval/data/nsynth/nsynth-valid/audio/vocal_synthetic_003-060-050.wav,37,vocal_synthetic_003,10,vocal,2,synthetic,60,50,16000,bright|distortion|long_release|nonlinear_env
-7.9686913,-20.465332,keyboard_electronic_078-045-100,keyboard_electronic_078-045-100,/root/autodl-tmp/tokenizer-eval/data/nsynth/nsynth-valid/audio/keyboard_electronic_078-045-100.wav,838,keyboard_electronic_078,4,keyboard,1,electronic,45,100,16000,bright
-23.406702,-31.636862,flute_acoustic_002-085-075,flute_acoustic_002-085-075,/root/autodl-tmp/tokenizer-eval/data/nsynth/nsynth-valid/audio/flute_acoustic_002-085-075.wav,86,flute_acoustic_002,2,flute,0,acoustic,85,75,16000,long_release|reverb
-39.237972,14.886039,vocal_synthetic_003-077-050,vocal_synthetic_003-077-050,/root/autodl-tmp/tokenizer-eval/data/nsynth/nsynth-valid/audio/vocal_synthetic_003-077-050.wav,37,vocal_synthetic_003,10,vocal,2,synthetic,77,50,16000,bright|distortion|long_release|nonlinear_env
-15.448436,-48.1986,string_acoustic_057-056-025,string_acoustic_057-056-025,/root/autodl-tmp/tokenizer-eval/data/nsynth/nsynth-valid/audio/string_acoustic_057-056-025.wav,450,string_acoustic_057,8,string,0,acoustic,56,25,16000,nonlinear_env|reverb
-16.717495,0.26212347,guitar_acoustic_015-048-050,guitar_acoustic_015-048-050,/root/autodl-tmp/tokenizer-eval/data/nsynth/nsynth-valid/audio/guitar_acoustic_015-048-050.wav,316,guitar_acoustic_015,3,guitar,0,acoustic,48,50,16000,reverb
42.081547,17.754425,mallet_acoustic_062-077-025,mallet_acoustic_062-077-025,/root/autodl-tmp/tokenizer-eval/data/nsynth/nsynth-valid/audio/mallet_acoustic_062-077-025.wav,644,mallet_acoustic_062,5,mallet,0,acoustic,77,25,16000,fast_decay|multiphonic|percussive
42.331085,6.9370365,mallet_acoustic_062-051-025,mallet_acoustic_062-051-025,/root/autodl-tmp/tokenizer-eval/data/nsynth/nsynth-valid/audio/mallet_acoustic_062-051-025.wav,644,mallet_acoustic_062,5,mallet,0,acoustic,51,25,16000,dark|fast_decay|multiphonic
-19.49674,-51.337093,organ_electronic_057-080-025,organ_electronic_057-080-025,/root/autodl-tmp/tokenizer-eval/data/nsynth/nsynth-valid/audio/organ_electronic_057-080-025.wav,701,organ_electronic_057,6,organ,1,electronic,80,25,16000,
16.433,-18.039318,bass_synthetic_098-089-100,bass_synthetic_098-089-100,/root/autodl-tmp/tokenizer-eval/data/nsynth/nsynth-valid/audio/bass_synthetic_098-089-100.wav,803,bass_synthetic_098,0,bass,2,synthetic,89,100,16000,
-17.118015,17.579622,reed_acoustic_018-084-127,reed_acoustic_018-084-127,/root/autodl-tmp/tokenizer-eval/data/nsynth/nsynth-valid/audio/reed_acoustic_018-084-127.wav,183,reed_acoustic_018,7,reed,0,acoustic,84,127,16000,
16.819962,-35.23618,keyboard_electronic_003-046-075,keyboard_electronic_003-046-075,/root/autodl-tmp/tokenizer-eval/data/nsynth/nsynth-valid/audio/keyboard_electronic_003-046-075.wav,65,keyboard_electronic_003,4,keyboard,1,electronic,46,75,16000,distortion
18.007662,-19.77099,bass_synthetic_098-056-127,bass_synthetic_098-056-127,/root/autodl-tmp/tokenizer-eval/data/nsynth/nsynth-valid/audio/bass_synthetic_098-056-127.wav,803,bass_synthetic_098,0,bass,2,synthetic,56,127,16000,distortion
45.35298,6.060409,string_acoustic_056-048-100,string_acoustic_056-048-100,/root/autodl-tmp/tokenizer-eval/data/nsynth/nsynth-valid/audio/string_acoustic_056-048-100.wav,436,string_acoustic_056,8,string,0,acoustic,48,100,16000,fast_decay|reverb
-40.03471,-37.793102,mallet_acoustic_062-063-127,mallet_acoustic_062-063-127,/root/autodl-tmp/tokenizer-eval/data/nsynth/nsynth-valid/audio/mallet_acoustic_062-063-127.wav,644,mallet_acoustic_062,5,mallet,0,acoustic,63,127,16000,dark|long_release|multiphonic
-47.636703,5.375102,organ_electronic_007-073-050,organ_electronic_007-073-050,/root/autodl-tmp/tokenizer-eval/data/nsynth/nsynth-valid/audio/organ_electronic_007-073-050.wav,123,organ_electronic_007,6,organ,1,electronic,73,50,16000,distortion|long_release|nonlinear_env
-52.33275,-34.40844,organ_electronic_007-087-050,organ_electronic_007-087-050,/root/autodl-tmp/tokenizer-eval/data/nsynth/nsynth-valid/audio/organ_electronic_007-087-050.wav,123,organ_electronic_007,6,organ,1,electronic,87,50,16000,long_release|nonlinear_env
-37.699757,-24.360346,reed_acoustic_037-039-025,reed_acoustic_037-039-025,/root/autodl-tmp/tokenizer-eval/data/nsynth/nsynth-valid/audio/reed_acoustic_037-039-025.wav,387,reed_acoustic_037,7,reed,0,acoustic,39,25,16000,reverb
6.6489882,-17.056324,string_acoustic_012-048-075,string_acoustic_012-048-075,/root/autodl-tmp/tokenizer-eval/data/nsynth/nsynth-valid/audio/string_acoustic_012-048-075.wav,97,string_acoustic_012,8,string,0,acoustic,48,75,16000,long_release|reverb
-40.28833,-40.185802,organ_electronic_028-063-100,organ_electronic_028-063-100,/root/autodl-tmp/tokenizer-eval/data/nsynth/nsynth-valid/audio/organ_electronic_028-063-100.wav,440,organ_electronic_028,6,organ,1,electronic,63,100,16000,dark
29.27564,-30.686888,bass_electronic_027-039-075,bass_electronic_027-039-075,/root/autodl-tmp/tokenizer-eval/data/nsynth/nsynth-valid/audio/bass_electronic_027-039-075.wav,880,bass_electronic_027,0,bass,1,electronic,39,75,16000,
-57.091034,5.331385,vocal_synthetic_003-058-127,vocal_synthetic_003-058-127,/root/autodl-tmp/tokenizer-eval/data/nsynth/nsynth-valid/audio/vocal_synthetic_003-058-127.wav,37,vocal_synthetic_003,10,vocal,2,synthetic,58,127,16000,bright|distortion|long_release|nonlinear_env
29.277529,-5.347632,bass_synthetic_068-055-127,bass_synthetic_068-055-127,/root/autodl-tmp/tokenizer-eval/data/nsynth/nsynth-valid/audio/bass_synthetic_068-055-127.wav,656,bass_synthetic_068,0,bass,2,synthetic,55,127,16000,dark|distortion
40.2102,-7.648421,guitar_acoustic_030-045-025,guitar_acoustic_030-045-025,/root/autodl-tmp/tokenizer-eval/data/nsynth/nsynth-valid/audio/guitar_acoustic_030-045-025.wav,642,guitar_acoustic_030,3,guitar,0,acoustic,45,25,16000,tempo-synced
58.132732,26.515032,mallet_acoustic_047-067-025,mallet_acoustic_047-067-025,/root/autodl-tmp/tokenizer-eval/data/nsynth/nsynth-valid/audio/mallet_acoustic_047-067-025.wav,488,mallet_acoustic_047,5,mallet,0,acoustic,67,25,16000,fast_decay|percussive|reverb
-60.75566,7.9300876,vocal_synthetic_003-096-127,vocal_synthetic_003-096-127,/root/autodl-tmp/tokenizer-eval/data/nsynth/nsynth-valid/audio/vocal_synthetic_003-096-127.wav,37,vocal_synthetic_003,10,vocal,2,synthetic,96,127,16000,bright|distortion|long_release|nonlinear_env
46.689827,-12.070139,mallet_acoustic_062-043-075,mallet_acoustic_062-043-075,/root/autodl-tmp/tokenizer-eval/data/nsynth/nsynth-valid/audio/mallet_acoustic_062-043-075.wav,644,mallet_acoustic_062,5,mallet,0,acoustic,43,75,16000,dark|multiphonic
8.183663,29.954155,keyboard_electronic_098-065-025,keyboard_electronic_098-065-025,/root/autodl-tmp/tokenizer-eval/data/nsynth/nsynth-valid/audio/keyboard_electronic_098-065-025.wav,905,keyboard_electronic_098,4,keyboard,1,electronic,65,25,16000,
13.672513,16.715607,guitar_acoustic_015-072-075,guitar_acoustic_015-072-075,/root/autodl-tmp/tokenizer-eval/data/nsynth/nsynth-valid/audio/guitar_acoustic_015-072-075.wav,316,guitar_acoustic_015,3,guitar,0,acoustic,72,75,16000,reverb
-7.455276,-12.290563,vocal_acoustic_000-050-075,vocal_acoustic_000-050-075,/root/autodl-tmp/tokenizer-eval/data/nsynth/nsynth-valid/audio/vocal_acoustic_000-050-075.wav,46,vocal_acoustic_000,10,vocal,0,acoustic,50,75,16000,reverb
-14.321073,-45.926533,brass_acoustic_059-056-100,brass_acoustic_059-056-100,/root/autodl-tmp/tokenizer-eval/data/nsynth/nsynth-valid/audio/brass_acoustic_059-056-100.wav,572,brass_acoustic_059,1,brass,0,acoustic,56,100,16000,reverb
-17.006624,37.748985,guitar_acoustic_010-088-075,guitar_acoustic_010-088-075,/root/autodl-tmp/tokenizer-eval/data/nsynth/nsynth-valid/audio/guitar_acoustic_010-088-075.wav,219,guitar_acoustic_010,3,guitar,0,acoustic,88,75,16000,
32.845383,41.442387,reed_acoustic_023-062-025,reed_acoustic_023-062-025,/root/autodl-tmp/tokenizer-eval/data/nsynth/nsynth-valid/audio/reed_acoustic_023-062-025.wav,224,reed_acoustic_023,7,reed,0,acoustic,62,25,16000,bright|fast_decay|multiphonic|nonlinear_env
14.962598,-46.484367,guitar_electronic_022-033-100,guitar_electronic_022-033-100,/root/autodl-tmp/tokenizer-eval/data/nsynth/nsynth-valid/audio/guitar_electronic_022-033-100.wav,378,guitar_electronic_022,3,guitar,1,electronic,33,100,16000,dark
-28.89678,37.677914,vocal_synthetic_003-076-127,vocal_synthetic_003-076-127,/root/autodl-tmp/tokenizer-eval/data/nsynth/nsynth-valid/audio/vocal_synthetic_003-076-127.wav,37,vocal_synthetic_003,10,vocal,2,synthetic,76,127,16000,bright|distortion|long_release|nonlinear_env
29.525074,-30.488897,organ_electronic_028-039-075,organ_electronic_028-039-075,/root/autodl-tmp/tokenizer-eval/data/nsynth/nsynth-valid/audio/organ_electronic_028-039-075.wav,440,organ_electronic_028,6,organ,1,electronic,39,75,16000,dark
-20.327602,-18.442415,reed_acoustic_037-032-075,reed_acoustic_037-032-075,/root/autodl-tmp/tokenizer-eval/data/nsynth/nsynth-valid/audio/reed_acoustic_037-032-075.wav,387,reed_acoustic_037,7,reed,0,acoustic,32,75,16000,long_release|reverb
-58.370026,-4.772198,vocal_synthetic_003-037-075,vocal_synthetic_003-037-075,/root/autodl-tmp/tokenizer-eval/data/nsynth/nsynth-valid/audio/vocal_synthetic_003-037-075.wav,37,vocal_synthetic_003,10,vocal,2,synthetic,37,75,16000,distortion|long_release|nonlinear_env
-3.2041135,35.04721,flute_acoustic_002-089-075,flute_acoustic_002-089-075,/root/autodl-tmp/tokenizer-eval/data/nsynth/nsynth-valid/audio/flute_acoustic_002-089-075.wav,86,flute_acoustic_002,2,flute,0,acoustic,89,75,16000,long_release|reverb
16.965017,-21.995312,bass_synthetic_098-053-025,bass_synthetic_098-053-025,/root/autodl-tmp/tokenizer-eval/data/nsynth/nsynth-valid/audio/bass_synthetic_098-053-025.wav,803,bass_synthetic_098,0,bass,2,synthetic,53,25,16000,dark
28.36112,-12.458887,keyboard_acoustic_004-042-025,keyboard_acoustic_004-042-025,/root/autodl-tmp/tokenizer-eval/data/nsynth/nsynth-valid/audio/keyboard_acoustic_004-042-025.wav,327,keyboard_acoustic_004,4,keyboard,0,acoustic,42,25,16000,dark|reverb
-48.69737,-39.00879,reed_acoustic_011-075-127,reed_acoustic_011-075-127,/root/autodl-tmp/tokenizer-eval/data/nsynth/nsynth-valid/audio/reed_acoustic_011-075-127.wav,104,reed_acoustic_011,7,reed,0,acoustic,75,127,16000,
-46.37568,-33.449604,bass_synthetic_009-051-075,bass_synthetic_009-051-075,/root/autodl-tmp/tokenizer-eval/data/nsynth/nsynth-valid/audio/bass_synthetic_009-051-075.wav,150,bass_synthetic_009,0,bass,2,synthetic,51,75,16000,bright|distortion|long_release
58.806465,30.461416,mallet_acoustic_047-076-075,mallet_acoustic_047-076-075,/root/autodl-tmp/tokenizer-eval/data/nsynth/nsynth-valid/audio/mallet_acoustic_047-076-075.wav,488,mallet_acoustic_047,5,mallet,0,acoustic,76,75,16000,percussive|reverb
-0.5402407,30.59366,organ_electronic_028-089-025,organ_electronic_028-089-025,/root/autodl-tmp/tokenizer-eval/data/nsynth/nsynth-valid/audio/organ_electronic_028-089-025.wav,440,organ_electronic_028,6,organ,1,electronic,89,25,16000,
20.315289,13.17989,keyboard_electronic_002-074-075,keyboard_electronic_002-074-075,/root/autodl-tmp/tokenizer-eval/data/nsynth/nsynth-valid/audio/keyboard_electronic_002-074-075.wav,50,keyboard_electronic_002,4,keyboard,1,electronic,74,75,16000,
-12.71801,-55.038246,guitar_acoustic_010-068-100,guitar_acoustic_010-068-100,/root/autodl-tmp/tokenizer-eval/data/nsynth/nsynth-valid/audio/guitar_acoustic_010-068-100.wav,219,guitar_acoustic_010,3,guitar,0,acoustic,68,100,16000,
42.45958,9.587997,string_acoustic_014-064-100,string_acoustic_014-064-100,/root/autodl-tmp/tokenizer-eval/data/nsynth/nsynth-valid/audio/string_acoustic_014-064-100.wav,100,string_acoustic_014,8,string,0,acoustic,64,100,16000,fast_decay|percussive|reverb
48.34248,20.032137,string_acoustic_056-074-127,string_acoustic_056-074-127,/root/autodl-tmp/tokenizer-eval/data/nsynth/nsynth-valid/audio/string_acoustic_056-074-127.wav,436,string_acoustic_056,8,string,0,acoustic,74,127,16000,fast_decay|percussive|reverb
43.714203,-7.043544,mallet_acoustic_062-045-050,mallet_acoustic_062-045-050,/root/autodl-tmp/tokenizer-eval/data/nsynth/nsynth-valid/audio/mallet_acoustic_062-045-050.wav,644,mallet_acoustic_062,5,mallet,0,acoustic,45,50,16000,dark|multiphonic
-16.538803,47.326515,organ_electronic_057-081-075,organ_electronic_057-081-075,/root/autodl-tmp/tokenizer-eval/data/nsynth/nsynth-valid/audio/organ_electronic_057-081-075.wav,701,organ_electronic_057,6,organ,1,electronic,81,75,16000,
45.75973,22.875322,string_acoustic_056-073-100,string_acoustic_056-073-100,/root/autodl-tmp/tokenizer-eval/data/nsynth/nsynth-valid/audio/string_acoustic_056-073-100.wav,436,string_acoustic_056,8,string,0,acoustic,73,100,16000,fast_decay|percussive|reverb
32.800694,-23.310797,bass_synthetic_034-051-050,bass_synthetic_034-051-050,/root/autodl-tmp/tokenizer-eval/data/nsynth/nsynth-valid/audio/bass_synthetic_034-051-050.wav,420,bass_synthetic_034,0,bass,2,synthetic,51,50,16000,distortion|tempo-synced
-47.084133,-4.7893863,vocal_synthetic_003-094-075,vocal_synthetic_003-094-075,/root/autodl-tmp/tokenizer-eval/data/nsynth/nsynth-valid/audio/vocal_synthetic_003-094-075.wav,37,vocal_synthetic_003,10,vocal,2,synthetic,94,75,16000,long_release|nonlinear_env
-33.081005,31.060293,string_acoustic_057-095-100,string_acoustic_057-095-100,/root/autodl-tmp/tokenizer-eval/data/nsynth/nsynth-valid/audio/string_acoustic_057-095-100.wav,450,string_acoustic_057,8,string,0,acoustic,95,100,16000,nonlinear_env|reverb
17.281176,-19.959053,bass_synthetic_098-069-127,bass_synthetic_098-069-127,/root/autodl-tmp/tokenizer-eval/data/nsynth/nsynth-valid/audio/bass_synthetic_098-069-127.wav,803,bass_synthetic_098,0,bass,2,synthetic,69,127,16000,
-19.21484,32.93685,brass_acoustic_046-064-025,brass_acoustic_046-064-025,/root/autodl-tmp/tokenizer-eval/data/nsynth/nsynth-valid/audio/brass_acoustic_046-064-025.wav,414,brass_acoustic_046,1,brass,0,acoustic,64,25,16000,
-0.6235513,-52.778046,organ_electronic_104-044-075,organ_electronic_104-044-075,/root/autodl-tmp/tokenizer-eval/data/nsynth/nsynth-valid/audio/organ_electronic_104-044-075.wav,921,organ_electronic_104,6,organ,1,electronic,44,75,16000,
36.800488,11.650732,bass_synthetic_134-080-075,bass_synthetic_134-080-075,/root/autodl-tmp/tokenizer-eval/data/nsynth/nsynth-valid/audio/bass_synthetic_134-080-075.wav,914,bass_synthetic_134,0,bass,2,synthetic,80,75,16000,fast_decay|percussive|reverb
14.777984,-52.43133,string_acoustic_012-045-075,string_acoustic_012-045-075,/root/autodl-tmp/tokenizer-eval/data/nsynth/nsynth-valid/audio/string_acoustic_012-045-075.wav,97,string_acoustic_012,8,string,0,acoustic,45,75,16000,reverb
35.925682,34.12096,reed_acoustic_023-037-050,reed_acoustic_023-037-050,/root/autodl-tmp/tokenizer-eval/data/nsynth/nsynth-valid/audio/reed_acoustic_023-037-050.wav,224,reed_acoustic_023,7,reed,0,acoustic,37,50,16000,bright|fast_decay|multiphonic|nonlinear_env
4.2558403,36.225433,organ_electronic_001-077-075,organ_electronic_001-077-075,/root/autodl-tmp/tokenizer-eval/data/nsynth/nsynth-valid/audio/organ_electronic_001-077-075.wav,8,organ_electronic_001,6,organ,1,electronic,77,75,16000,
-36.716324,-37.791584,organ_electronic_028-051-100,organ_electronic_028-051-100,/root/autodl-tmp/tokenizer-eval/data/nsynth/nsynth-valid/audio/organ_electronic_028-051-100.wav,440,organ_electronic_028,6,organ,1,electronic,51,100,16000,dark
-15.668072,3.145163,keyboard_synthetic_000-079-025,keyboard_synthetic_000-079-025,/root/autodl-tmp/tokenizer-eval/data/nsynth/nsynth-valid/audio/keyboard_synthetic_000-079-025.wav,577,keyboard_synthetic_000,4,keyboard,2,synthetic,79,25,16000,distortion|fast_decay|nonlinear_env
38.943928,-21.07909,mallet_acoustic_062-050-075,mallet_acoustic_062-050-075,/root/autodl-tmp/tokenizer-eval/data/nsynth/nsynth-valid/audio/mallet_acoustic_062-050-075.wav,644,mallet_acoustic_062,5,mallet,0,acoustic,50,75,16000,dark|multiphonic
-16.638193,27.959074,flute_synthetic_000-064-025,flute_synthetic_000-064-025,/root/autodl-tmp/tokenizer-eval/data/nsynth/nsynth-valid/audio/flute_synthetic_000-064-025.wav,82,flute_synthetic_000,2,flute,2,synthetic,64,25,16000,distortion
52.451,33.249664,mallet_acoustic_047-077-050,mallet_acoustic_047-077-050,/root/autodl-tmp/tokenizer-eval/data/nsynth/nsynth-valid/audio/mallet_acoustic_047-077-050.wav,488,mallet_acoustic_047,5,mallet,0,acoustic,77,50,16000,fast_decay|percussive|reverb
5.5445647,-36.279316,keyboard_electronic_003-055-050,keyboard_electronic_003-055-050,/root/autodl-tmp/tokenizer-eval/data/nsynth/nsynth-valid/audio/keyboard_electronic_003-055-050.wav,65,keyboard_electronic_003,4,keyboard,1,electronic,55,50,16000,dark
-28.880436,14.147795,vocal_synthetic_003-072-025,vocal_synthetic_003-072-025,/root/autodl-tmp/tokenizer-eval/data/nsynth/nsynth-valid/audio/vocal_synthetic_003-072-025.wav,37,vocal_synthetic_003,10,vocal,2,synthetic,72,25,16000,bright|distortion|long_release|nonlinear_env
-16.039532,-21.371664,reed_acoustic_037-035-050,reed_acoustic_037-035-050,/root/autodl-tmp/tokenizer-eval/data/nsynth/nsynth-valid/audio/reed_acoustic_037-035-050.wav,387,reed_acoustic_037,7,reed,0,acoustic,35,50,16000,reverb
-42.043846,-39.933033,organ_electronic_028-075-050,organ_electronic_028-075-050,/root/autodl-tmp/tokenizer-eval/data/nsynth/nsynth-valid/audio/organ_electronic_028-075-050.wav,440,organ_electronic_028,6,organ,1,electronic,75,50,16000,dark
5.1038737,-42.384007,bass_electronic_027-031-075,bass_electronic_027-031-075,/root/autodl-tmp/tokenizer-eval/data/nsynth/nsynth-valid/audio/bass_electronic_027-031-075.wav,880,bass_electronic_027,0,bass,1,electronic,31,75,16000,
-35.115936,28.743784,reed_acoustic_011-071-075,reed_acoustic_011-071-075,/root/autodl-tmp/tokenizer-eval/data/nsynth/nsynth-valid/audio/reed_acoustic_011-071-075.wav,104,reed_acoustic_011,7,reed,0,acoustic,71,75,16000,
-34.392036,8.965847,vocal_synthetic_003-091-100,vocal_synthetic_003-091-100,/root/autodl-tmp/tokenizer-eval/data/nsynth/nsynth-valid/audio/vocal_synthetic_003-091-100.wav,37,vocal_synthetic_003,10,vocal,2,synthetic,91,100,16000,bright|distortion|long_release|nonlinear_env
37.832962,40.602516,reed_acoustic_023-083-127,reed_acoustic_023-083-127,/root/autodl-tmp/tokenizer-eval/data/nsynth/nsynth-valid/audio/reed_acoustic_023-083-127.wav,224,reed_acoustic_023,7,reed,0,acoustic,83,127,16000,bright|fast_decay|multiphonic|nonlinear_env
25.437029,-18.261688,organ_electronic_057-042-050,organ_electronic_057-042-050,/root/autodl-tmp/tokenizer-eval/data/nsynth/nsynth-valid/audio/organ_electronic_057-042-050.wav,701,organ_electronic_057,6,organ,1,electronic,42,50,16000,dark
-27.04502,31.327911,organ_electronic_001-088-127,organ_electronic_001-088-127,/root/autodl-tmp/tokenizer-eval/data/nsynth/nsynth-valid/audio/organ_electronic_001-088-127.wav,8,organ_electronic_001,6,organ,1,electronic,88,127,16000,
-20.55794,-54.34066,string_acoustic_057-080-100,string_acoustic_057-080-100,/root/autodl-tmp/tokenizer-eval/data/nsynth/nsynth-valid/audio/string_acoustic_057-080-100.wav,450,string_acoustic_057,8,string,0,acoustic,80,100,16000,bright|nonlinear_env|reverb
7.8364224,0.15056142,guitar_electronic_028-047-075,guitar_electronic_028-047-075,/root/autodl-tmp/tokenizer-eval/data/nsynth/nsynth-valid/audio/guitar_electronic_028-047-075.wav,510,guitar_electronic_028,3,guitar,1,electronic,47,75,16000,dark
43.408184,6.758133,string_acoustic_056-039-025,string_acoustic_056-039-025,/root/autodl-tmp/tokenizer-eval/data/nsynth/nsynth-valid/audio/string_acoustic_056-039-025.wav,436,string_acoustic_056,8,string,0,acoustic,39,25,16000,fast_decay|reverb
44.538357,7.4666967,string_acoustic_056-043-127,string_acoustic_056-043-127,/root/autodl-tmp/tokenizer-eval/data/nsynth/nsynth-valid/audio/string_acoustic_056-043-127.wav,436,string_acoustic_056,8,string,0,acoustic,43,127,16000,fast_decay|percussive|reverb
-3.573519,-49.319088,flute_synthetic_000-056-025,flute_synthetic_000-056-025,/root/autodl-tmp/tokenizer-eval/data/nsynth/nsynth-valid/audio/flute_synthetic_000-056-025.wav,82,flute_synthetic_000,2,flute,2,synthetic,56,25,16000,distortion
1.9484373,35.698124,brass_acoustic_006-065-075,brass_acoustic_006-065-075,/root/autodl-tmp/tokenizer-eval/data/nsynth/nsynth-valid/audio/brass_acoustic_006-065-075.wav,43,brass_acoustic_006,1,brass,0,acoustic,65,75,16000,reverb
-62.184895,2.5973778,vocal_synthetic_003-045-127,vocal_synthetic_003-045-127,/root/autodl-tmp/tokenizer-eval/data/nsynth/nsynth-valid/audio/vocal_synthetic_003-045-127.wav,37,vocal_synthetic_003,10,vocal,2,synthetic,45,127,16000,bright|distortion|long_release|nonlinear_env
26.217897,-26.442879,bass_electronic_025-040-050,bass_electronic_025-040-050,/root/autodl-tmp/tokenizer-eval/data/nsynth/nsynth-valid/audio/bass_electronic_025-040-050.wav,872,bass_electronic_025,0,bass,1,electronic,40,50,16000,
44.587616,-25.748905,keyboard_electronic_069-037-075,keyboard_electronic_069-037-075,/root/autodl-tmp/tokenizer-eval/data/nsynth/nsynth-valid/audio/keyboard_electronic_069-037-075.wav,805,keyboard_electronic_069,4,keyboard,1,electronic,37,75,16000,distortion
-8.972548,-9.278249,organ_electronic_057-062-025,organ_electronic_057-062-025,/root/autodl-tmp/tokenizer-eval/data/nsynth/nsynth-valid/audio/organ_electronic_057-062-025.wav,701,organ_electronic_057,6,organ,1,electronic,62,25,16000,dark
-21.35214,-15.210438,brass_acoustic_006-039-050,brass_acoustic_006-039-050,/root/autodl-tmp/tokenizer-eval/data/nsynth/nsynth-valid/audio/brass_acoustic_006-039-050.wav,43,brass_acoustic_006,1,brass,0,acoustic,39,50,16000,long_release|reverb
19.889362,10.485245,guitar_acoustic_015-062-127,guitar_acoustic_015-062-127,/root/autodl-tmp/tokenizer-eval/data/nsynth/nsynth-valid/audio/guitar_acoustic_015-062-127.wav,316,guitar_acoustic_015,3,guitar,0,acoustic,62,127,16000,reverb
16.022535,6.996514,brass_acoustic_015-046-100,brass_acoustic_015-046-100,/root/autodl-tmp/tokenizer-eval/data/nsynth/nsynth-valid/audio/brass_acoustic_015-046-100.wav,121,brass_acoustic_015,1,brass,0,acoustic,46,100,16000,reverb
-39.408443,-32.002674,brass_acoustic_006-051-050,brass_acoustic_006-051-050,/root/autodl-tmp/tokenizer-eval/data/nsynth/nsynth-valid/audio/brass_acoustic_006-051-050.wav,43,brass_acoustic_006,1,brass,0,acoustic,51,50,16000,reverb
-46.761543,-11.776769,vocal_synthetic_003-058-025,vocal_synthetic_003-058-025,/root/autodl-tmp/tokenizer-eval/data/nsynth/nsynth-valid/audio/vocal_synthetic_003-058-025.wav,37,vocal_synthetic_003,10,vocal,2,synthetic,58,25,16000,bright|distortion|long_release|nonlinear_env
-15.192065,-29.824816,guitar_acoustic_014-073-025,guitar_acoustic_014-073-025,/root/autodl-tmp/tokenizer-eval/data/nsynth/nsynth-valid/audio/guitar_acoustic_014-073-025.wav,263,guitar_acoustic_014,3,guitar,0,acoustic,73,25,16000,
54.933662,19.388327,guitar_acoustic_030-085-025,guitar_acoustic_030-085-025,/root/autodl-tmp/tokenizer-eval/data/nsynth/nsynth-valid/audio/guitar_acoustic_030-085-025.wav,642,guitar_acoustic_030,3,guitar,0,acoustic,85,25,16000,fast_decay|percussive|tempo-synced
24.098104,-36.013454,keyboard_acoustic_004-047-025,keyboard_acoustic_004-047-025,/root/autodl-tmp/tokenizer-eval/data/nsynth/nsynth-valid/audio/keyboard_acoustic_004-047-025.wav,327,keyboard_acoustic_004,4,keyboard,0,acoustic,47,25,16000,dark|reverb
26.986639,-12.242289,bass_synthetic_135-054-127,bass_synthetic_135-054-127,/root/autodl-tmp/tokenizer-eval/data/nsynth/nsynth-valid/audio/bass_synthetic_135-054-127.wav,927,bass_synthetic_135,0,bass,2,synthetic,54,127,16000,distortion
-6.9368644,-22.389994,brass_acoustic_006-045-075,brass_acoustic_006-045-075,/root/autodl-tmp/tokenizer-eval/data/nsynth/nsynth-valid/audio/brass_acoustic_006-045-075.wav,43,brass_acoustic_006,1,brass,0,acoustic,45,75,16000,reverb
-25.069708,-11.991699,brass_acoustic_006-040-100,brass_acoustic_006-040-100,/root/autodl-tmp/tokenizer-eval/data/nsynth/nsynth-valid/audio/brass_acoustic_006-040-100.wav,43,brass_acoustic_006,1,brass,0,acoustic,40,100,16000,reverb
28.4017,44.35686,reed_acoustic_023-078-050,reed_acoustic_023-078-050,/root/autodl-tmp/tokenizer-eval/data/nsynth/nsynth-valid/audio/reed_acoustic_023-078-050.wav,224,reed_acoustic_023,7,reed,0,acoustic,78,50,16000,bright|fast_decay|multiphonic|nonlinear_env
-37.13866,39.179264,organ_electronic_007-090-075,organ_electronic_007-090-075,/root/autodl-tmp/tokenizer-eval/data/nsynth/nsynth-valid/audio/organ_electronic_007-090-075.wav,123,organ_electronic_007,6,organ,1,electronic,90,75,16000,long_release|nonlinear_env
-4.3382874,15.378254,brass_acoustic_006-078-025,brass_acoustic_006-078-025,/root/autodl-tmp/tokenizer-eval/data/nsynth/nsynth-valid/audio/brass_acoustic_006-078-025.wav,43,brass_acoustic_006,1,brass,0,acoustic,78,25,16000,reverb
30.644855,-29.863226,guitar_acoustic_021-039-050,guitar_acoustic_021-039-050,/root/autodl-tmp/tokenizer-eval/data/nsynth/nsynth-valid/audio/guitar_acoustic_021-039-050.wav,457,guitar_acoustic_021,3,guitar,0,acoustic,39,50,16000,
-6.6304045,-22.056704,brass_acoustic_059-045-100,brass_acoustic_059-045-100,/root/autodl-tmp/tokenizer-eval/data/nsynth/nsynth-valid/audio/brass_acoustic_059-045-100.wav,572,brass_acoustic_059,1,brass,0,acoustic,45,100,16000,reverb
-18.448431,35.363937,guitar_acoustic_010-076-100,guitar_acoustic_010-076-100,/root/autodl-tmp/tokenizer-eval/data/nsynth/nsynth-valid/audio/guitar_acoustic_010-076-100.wav,219,guitar_acoustic_010,3,guitar,0,acoustic,76,100,16000,
-6.9227195,-5.5189257,flute_synthetic_000-074-025,flute_synthetic_000-074-025,/root/autodl-tmp/tokenizer-eval/data/nsynth/nsynth-valid/audio/flute_synthetic_000-074-025.wav,82,flute_synthetic_000,2,flute,2,synthetic,74,25,16000,distortion
-2.3447053,-36.081547,organ_electronic_057-055-127,organ_electronic_057-055-127,/root/autodl-tmp/tokenizer-eval/data/nsynth/nsynth-valid/audio/organ_electronic_057-055-127.wav,701,organ_electronic_057,6,organ,1,electronic,55,127,16000,dark
59.43763,18.977272,mallet_acoustic_056-041-075,mallet_acoustic_056-041-075,/root/autodl-tmp/tokenizer-eval/data/nsynth/nsynth-valid/audio/mallet_acoustic_056-041-075.wav,590,mallet_acoustic_056,5,mallet,0,acoustic,41,75,16000,fast_decay|percussive
-4.957753,-10.93952,flute_synthetic_000-062-050,flute_synthetic_000-062-050,/root/autodl-tmp/tokenizer-eval/data/nsynth/nsynth-valid/audio/flute_synthetic_000-062-050.wav,82,flute_synthetic_000,2,flute,2,synthetic,62,50,16000,distortion
48.189346,-13.127264,bass_synthetic_068-044-025,bass_synthetic_068-044-025,/root/autodl-tmp/tokenizer-eval/data/nsynth/nsynth-valid/audio/bass_synthetic_068-044-025.wav,656,bass_synthetic_068,0,bass,2,synthetic,44,25,16000,dark
-18.544634,51.17292,string_acoustic_057-081-100,string_acoustic_057-081-100,/root/autodl-tmp/tokenizer-eval/data/nsynth/nsynth-valid/audio/string_acoustic_057-081-100.wav,450,string_acoustic_057,8,string,0,acoustic,81,100,16000,bright|nonlinear_env|reverb
10.206156,-27.412048,mallet_acoustic_062-045-127,mallet_acoustic_062-045-127,/root/autodl-tmp/tokenizer-eval/data/nsynth/nsynth-valid/audio/mallet_acoustic_062-045-127.wav,644,mallet_acoustic_062,5,mallet,0,acoustic,45,127,16000,dark|long_release|multiphonic
-64.44381,8.326956,brass_acoustic_046-092-100,brass_acoustic_046-092-100,/root/autodl-tmp/tokenizer-eval/data/nsynth/nsynth-valid/audio/brass_acoustic_046-092-100.wav,414,brass_acoustic_046,1,brass,0,acoustic,92,100,16000,long_release
28.932577,37.59439,reed_acoustic_023-048-025,reed_acoustic_023-048-025,/root/autodl-tmp/tokenizer-eval/data/nsynth/nsynth-valid/audio/reed_acoustic_023-048-025.wav,224,reed_acoustic_023,7,reed,0,acoustic,48,25,16000,bright|fast_decay|multiphonic|nonlinear_env
55.87988,16.909561,mallet_acoustic_056-056-050,mallet_acoustic_056-056-050,/root/autodl-tmp/tokenizer-eval/data/nsynth/nsynth-valid/audio/mallet_acoustic_056-056-050.wav,590,mallet_acoustic_056,5,mallet,0,acoustic,56,50,16000,fast_decay|percussive
35.47655,8.958742,string_acoustic_056-056-050,string_acoustic_056-056-050,/root/autodl-tmp/tokenizer-eval/data/nsynth/nsynth-valid/audio/string_acoustic_056-056-050.wav,436,string_acoustic_056,8,string,0,acoustic,56,50,16000,fast_decay|percussive|reverb
-42.054333,-40.22856,organ_electronic_028-075-025,organ_electronic_028-075-025,/root/autodl-tmp/tokenizer-eval/data/nsynth/nsynth-valid/audio/organ_electronic_028-075-025.wav,440,organ_electronic_028,6,organ,1,electronic,75,25,16000,dark
-57.7062,-1.4341549,vocal_synthetic_003-044-100,vocal_synthetic_003-044-100,/root/autodl-tmp/tokenizer-eval/data/nsynth/nsynth-valid/audio/vocal_synthetic_003-044-100.wav,37,vocal_synthetic_003,10,vocal,2,synthetic,44,100,16000,bright|distortion|long_release|nonlinear_env
22.874842,20.91687,keyboard_electronic_078-083-127,keyboard_electronic_078-083-127,/root/autodl-tmp/tokenizer-eval/data/nsynth/nsynth-valid/audio/keyboard_electronic_078-083-127.wav,838,keyboard_electronic_078,4,keyboard,1,electronic,83,127,16000,bright
-34.625095,50.369736,brass_acoustic_016-055-127,brass_acoustic_016-055-127,/root/autodl-tmp/tokenizer-eval/data/nsynth/nsynth-valid/audio/brass_acoustic_016-055-127.wav,128,brass_acoustic_016,1,brass,0,acoustic,55,127,16000,
-52.32816,-34.3809,organ_electronic_007-087-025,organ_electronic_007-087-025,/root/autodl-tmp/tokenizer-eval/data/nsynth/nsynth-valid/audio/organ_electronic_007-087-025.wav,123,organ_electronic_007,6,organ,1,electronic,87,25,16000,long_release|nonlinear_env
45.20352,-29.829447,keyboard_electronic_003-049-025,keyboard_electronic_003-049-025,/root/autodl-tmp/tokenizer-eval/data/nsynth/nsynth-valid/audio/keyboard_electronic_003-049-025.wav,65,keyboard_electronic_003,4,keyboard,1,electronic,49,25,16000,dark
54.760513,16.33754,mallet_acoustic_056-062-075,mallet_acoustic_056-062-075,/root/autodl-tmp/tokenizer-eval/data/nsynth/nsynth-valid/audio/mallet_acoustic_056-062-075.wav,590,mallet_acoustic_056,5,mallet,0,acoustic,62,75,16000,fast_decay|percussive
-8.353086,29.840929,keyboard_electronic_002-076-075,keyboard_electronic_002-076-075,/root/autodl-tmp/tokenizer-eval/data/nsynth/nsynth-valid/audio/keyboard_electronic_002-076-075.wav,50,keyboard_electronic_002,4,keyboard,1,electronic,76,75,16000,fast_decay
-30.349848,26.361387,flute_synthetic_000-083-025,flute_synthetic_000-083-025,/root/autodl-tmp/tokenizer-eval/data/nsynth/nsynth-valid/audio/flute_synthetic_000-083-025.wav,82,flute_synthetic_000,2,flute,2,synthetic,83,25,16000,distortion
-37.67423,-9.909623,guitar_acoustic_010-094-050,guitar_acoustic_010-094-050,/root/autodl-tmp/tokenizer-eval/data/nsynth/nsynth-valid/audio/guitar_acoustic_010-094-050.wav,219,guitar_acoustic_010,3,guitar,0,acoustic,94,50,16000,
-34.551834,7.6221495,bass_synthetic_009-079-100,bass_synthetic_009-079-100,/root/autodl-tmp/tokenizer-eval/data/nsynth/nsynth-valid/audio/bass_synthetic_009-079-100.wav,150,bass_synthetic_009,0,bass,2,synthetic,79,100,16000,bright|distortion|long_release
-11.872766,-35.702152,keyboard_electronic_002-037-100,keyboard_electronic_002-037-100,/root/autodl-tmp/tokenizer-eval/data/nsynth/nsynth-valid/audio/keyboard_electronic_002-037-100.wav,50,keyboard_electronic_002,4,keyboard,1,electronic,37,100,16000,distortion
-4.7168345,23.873844,guitar_electronic_028-094-050,guitar_electronic_028-094-050,/root/autodl-tmp/tokenizer-eval/data/nsynth/nsynth-valid/audio/guitar_electronic_028-094-050.wav,510,guitar_electronic_028,3,guitar,1,electronic,94,50,16000,
16.305172,-20.920815,bass_synthetic_098-070-025,bass_synthetic_098-070-025,/root/autodl-tmp/tokenizer-eval/data/nsynth/nsynth-valid/audio/bass_synthetic_098-070-025.wav,803,bass_synthetic_098,0,bass,2,synthetic,70,25,16000,
42.945053,-27.57526,bass_synthetic_135-037-127,bass_synthetic_135-037-127,/root/autodl-tmp/tokenizer-eval/data/nsynth/nsynth-valid/audio/bass_synthetic_135-037-127.wav,927,bass_synthetic_135,0,bass,2,synthetic,37,127,16000,distortion
31.499413,38.621105,reed_acoustic_023-040-075,reed_acoustic_023-040-075,/root/autodl-tmp/tokenizer-eval/data/nsynth/nsynth-valid/audio/reed_acoustic_023-040-075.wav,224,reed_acoustic_023,7,reed,0,acoustic,40,75,16000,bright|fast_decay|multiphonic|nonlinear_env
39.03386,-20.328241,bass_electronic_025-050-127,bass_electronic_025-050-127,/root/autodl-tmp/tokenizer-eval/data/nsynth/nsynth-valid/audio/bass_electronic_025-050-127.wav,872,bass_electronic_025,0,bass,1,electronic,50,127,16000,
-2.4192257,12.924332,flute_synthetic_000-078-075,flute_synthetic_000-078-075,/root/autodl-tmp/tokenizer-eval/data/nsynth/nsynth-valid/audio/flute_synthetic_000-078-075.wav,82,flute_synthetic_000,2,flute,2,synthetic,78,75,16000,distortion
-18.15395,-52.903717,flute_acoustic_002-092-050,flute_acoustic_002-092-050,/root/autodl-tmp/tokenizer-eval/data/nsynth/nsynth-valid/audio/flute_acoustic_002-092-050.wav,86,flute_acoustic_002,2,flute,0,acoustic,92,50,16000,reverb
49.891663,25.11471,mallet_acoustic_047-084-050,mallet_acoustic_047-084-050,/root/autodl-tmp/tokenizer-eval/data/nsynth/nsynth-valid/audio/mallet_acoustic_047-084-050.wav,488,mallet_acoustic_047,5,mallet,0,acoustic,84,50,16000,fast_decay|percussive|reverb
-57.309414,9.934898,vocal_synthetic_003-059-127,vocal_synthetic_003-059-127,/root/autodl-tmp/tokenizer-eval/data/nsynth/nsynth-valid/audio/vocal_synthetic_003-059-127.wav,37,vocal_synthetic_003,10,vocal,2,synthetic,59,127,16000,bright|distortion|long_release|nonlinear_env
27.678047,-23.75421,bass_synthetic_033-040-050,bass_synthetic_033-040-050,/root/autodl-tmp/tokenizer-eval/data/nsynth/nsynth-valid/audio/bass_synthetic_033-040-050.wav,417,bass_synthetic_033,0,bass,2,synthetic,40,50,16000,dark
46.38341,17.46076,guitar_acoustic_021-081-025,guitar_acoustic_021-081-025,/root/autodl-tmp/tokenizer-eval/data/nsynth/nsynth-valid/audio/guitar_acoustic_021-081-025.wav,457,guitar_acoustic_021,3,guitar,0,acoustic,81,25,16000,fast_decay|percussive
43.502296,14.547473,string_acoustic_056-065-025,string_acoustic_056-065-025,/root/autodl-tmp/tokenizer-eval/data/nsynth/nsynth-valid/audio/string_acoustic_056-065-025.wav,436,string_acoustic_056,8,string,0,acoustic,65,25,16000,fast_decay|reverb
31.425814,45.30879,reed_acoustic_023-087-025,reed_acoustic_023-087-025,/root/autodl-tmp/tokenizer-eval/data/nsynth/nsynth-valid/audio/reed_acoustic_023-087-025.wav,224,reed_acoustic_023,7,reed,0,acoustic,87,25,16000,fast_decay|multiphonic|nonlinear_env
33.040092,38.476955,reed_acoustic_023-043-050,reed_acoustic_023-043-050,/root/autodl-tmp/tokenizer-eval/data/nsynth/nsynth-valid/audio/reed_acoustic_023-043-050.wav,224,reed_acoustic_023,7,reed,0,acoustic,43,50,16000,bright|fast_decay|multiphonic|nonlinear_env
-30.622341,13.924597,vocal_synthetic_003-084-100,vocal_synthetic_003-084-100,/root/autodl-tmp/tokenizer-eval/data/nsynth/nsynth-valid/audio/vocal_synthetic_003-084-100.wav,37,vocal_synthetic_003,10,vocal,2,synthetic,84,100,16000,bright|distortion|long_release|nonlinear_env
33.347218,38.943375,reed_acoustic_023-055-127,reed_acoustic_023-055-127,/root/autodl-tmp/tokenizer-eval/data/nsynth/nsynth-valid/audio/reed_acoustic_023-055-127.wav,224,reed_acoustic_023,7,reed,0,acoustic,55,127,16000,bright|fast_decay|multiphonic|nonlinear_env
25.432962,-2.819741,bass_synthetic_134-056-075,bass_synthetic_134-056-075,/root/autodl-tmp/tokenizer-eval/data/nsynth/nsynth-valid/audio/bass_synthetic_134-056-075.wav,914,bass_synthetic_134,0,bass,2,synthetic,56,75,16000,dark|reverb
24.309515,7.017123,guitar_electronic_028-057-100,guitar_electronic_028-057-100,/root/autodl-tmp/tokenizer-eval/data/nsynth/nsynth-valid/audio/guitar_electronic_028-057-100.wav,510,guitar_electronic_028,3,guitar,1,electronic,57,100,16000,dark
42.979786,-36.317497,flute_synthetic_000-048-075,flute_synthetic_000-048-075,/root/autodl-tmp/tokenizer-eval/data/nsynth/nsynth-valid/audio/flute_synthetic_000-048-075.wav,82,flute_synthetic_000,2,flute,2,synthetic,48,75,16000,distortion
38.3764,0.8750965,keyboard_synthetic_000-042-025,keyboard_synthetic_000-042-025,/root/autodl-tmp/tokenizer-eval/data/nsynth/nsynth-valid/audio/keyboard_synthetic_000-042-025.wav,577,keyboard_synthetic_000,4,keyboard,2,synthetic,42,25,16000,distortion|fast_decay|nonlinear_env
43.068954,1.1014435,string_acoustic_056-059-050,string_acoustic_056-059-050,/root/autodl-tmp/tokenizer-eval/data/nsynth/nsynth-valid/audio/string_acoustic_056-059-050.wav,436,string_acoustic_056,8,string,0,acoustic,59,50,16000,fast_decay|percussive|reverb
26.063305,38.475452,reed_acoustic_023-072-025,reed_acoustic_023-072-025,/root/autodl-tmp/tokenizer-eval/data/nsynth/nsynth-valid/audio/reed_acoustic_023-072-025.wav,224,reed_acoustic_023,7,reed,0,acoustic,72,25,16000,bright|fast_decay|multiphonic|nonlinear_env
26.236313,44.72727,keyboard_synthetic_000-066-075,keyboard_synthetic_000-066-075,/root/autodl-tmp/tokenizer-eval/data/nsynth/nsynth-valid/audio/keyboard_synthetic_000-066-075.wav,577,keyboard_synthetic_000,4,keyboard,2,synthetic,66,75,16000,distortion|fast_decay|nonlinear_env
40.803432,43.681957,reed_acoustic_023-093-050,reed_acoustic_023-093-050,/root/autodl-tmp/tokenizer-eval/data/nsynth/nsynth-valid/audio/reed_acoustic_023-093-050.wav,224,reed_acoustic_023,7,reed,0,acoustic,93,50,16000,fast_decay|multiphonic|nonlinear_env
46.963264,-6.048255,mallet_acoustic_062-031-025,mallet_acoustic_062-031-025,/root/autodl-tmp/tokenizer-eval/data/nsynth/nsynth-valid/audio/mallet_acoustic_062-031-025.wav,644,mallet_acoustic_062,5,mallet,0,acoustic,31,25,16000,dark|multiphonic
-21.44665,-2.2293665,keyboard_electronic_002-055-127,keyboard_electronic_002-055-127,/root/autodl-tmp/tokenizer-eval/data/nsynth/nsynth-valid/audio/keyboard_electronic_002-055-127.wav,50,keyboard_electronic_002,4,keyboard,1,electronic,55,127,16000,distortion
-13.964774,-29.014475,guitar_electronic_028-061-025,guitar_electronic_028-061-025,/root/autodl-tmp/tokenizer-eval/data/nsynth/nsynth-valid/audio/guitar_electronic_028-061-025.wav,510,guitar_electronic_028,3,guitar,1,electronic,61,25,16000,dark
-36.908257,33.3721,vocal_synthetic_003-095-127,vocal_synthetic_003-095-127,/root/autodl-tmp/tokenizer-eval/data/nsynth/nsynth-valid/audio/vocal_synthetic_003-095-127.wav,37,vocal_synthetic_003,10,vocal,2,synthetic,95,127,16000,bright|distortion|long_release|nonlinear_env
27.887756,53.16978,bass_synthetic_034-082-050,bass_synthetic_034-082-050,/root/autodl-tmp/tokenizer-eval/data/nsynth/nsynth-valid/audio/bass_synthetic_034-082-050.wav,420,bass_synthetic_034,0,bass,2,synthetic,82,50,16000,bright|distortion|tempo-synced
-11.82514,-29.996834,keyboard_electronic_069-061-075,keyboard_electronic_069-061-075,/root/autodl-tmp/tokenizer-eval/data/nsynth/nsynth-valid/audio/keyboard_electronic_069-061-075.wav,805,keyboard_electronic_069,4,keyboard,1,electronic,61,75,16000,distortion
14.176676,-36.978626,string_acoustic_012-046-075,string_acoustic_012-046-075,/root/autodl-tmp/tokenizer-eval/data/nsynth/nsynth-valid/audio/string_acoustic_012-046-075.wav,97,string_acoustic_012,8,string,0,acoustic,46,75,16000,long_release|reverb
-32.932823,30.971016,string_acoustic_057-095-075,string_acoustic_057-095-075,/root/autodl-tmp/tokenizer-eval/data/nsynth/nsynth-valid/audio/string_acoustic_057-095-075.wav,450,string_acoustic_057,8,string,0,acoustic,95,75,16000,nonlinear_env|reverb
-12.280645,-36.503864,vocal_synthetic_003-037-025,vocal_synthetic_003-037-025,/root/autodl-tmp/tokenizer-eval/data/nsynth/nsynth-valid/audio/vocal_synthetic_003-037-025.wav,37,vocal_synthetic_003,10,vocal,2,synthetic,37,25,16000,distortion|long_release|nonlinear_env
2.161768,2.0933306,flute_synthetic_000-071-050,flute_synthetic_000-071-050,/root/autodl-tmp/tokenizer-eval/data/nsynth/nsynth-valid/audio/flute_synthetic_000-071-050.wav,82,flute_synthetic_000,2,flute,2,synthetic,71,50,16000,distortion
56.951458,25.616842,mallet_acoustic_047-066-075,mallet_acoustic_047-066-075,/root/autodl-tmp/tokenizer-eval/data/nsynth/nsynth-valid/audio/mallet_acoustic_047-066-075.wav,488,mallet_acoustic_047,5,mallet,0,acoustic,66,75,16000,fast_decay|percussive|reverb
25.53849,8.282166,bass_synthetic_068-069-100,bass_synthetic_068-069-100,/root/autodl-tmp/tokenizer-eval/data/nsynth/nsynth-valid/audio/bass_synthetic_068-069-100.wav,656,bass_synthetic_068,0,bass,2,synthetic,69,100,16000,
-16.16589,32.901672,flute_synthetic_000-076-050,flute_synthetic_000-076-050,/root/autodl-tmp/tokenizer-eval/data/nsynth/nsynth-valid/audio/flute_synthetic_000-076-050.wav,82,flute_synthetic_000,2,flute,2,synthetic,76,50,16000,distortion
-23.897175,33.89739,organ_electronic_007-064-025,organ_electronic_007-064-025,/root/autodl-tmp/tokenizer-eval/data/nsynth/nsynth-valid/audio/organ_electronic_007-064-025.wav,123,organ_electronic_007,6,organ,1,electronic,64,25,16000,distortion|long_release|nonlinear_env
-22.590332,-1.0659729,vocal_acoustic_000-055-127,vocal_acoustic_000-055-127,/root/autodl-tmp/tokenizer-eval/data/nsynth/nsynth-valid/audio/vocal_acoustic_000-055-127.wav,46,vocal_acoustic_000,10,vocal,0,acoustic,55,127,16000,reverb
35.39617,46.034855,reed_acoustic_023-088-100,reed_acoustic_023-088-100,/root/autodl-tmp/tokenizer-eval/data/nsynth/nsynth-valid/audio/reed_acoustic_023-088-100.wav,224,reed_acoustic_023,7,reed,0,acoustic,88,100,16000,fast_decay|multiphonic|nonlinear_env
-14.053172,47.22293,guitar_acoustic_010-093-075,guitar_acoustic_010-093-075,/root/autodl-tmp/tokenizer-eval/data/nsynth/nsynth-valid/audio/guitar_acoustic_010-093-075.wav,219,guitar_acoustic_010,3,guitar,0,acoustic,93,75,16000,
0.58277833,21.417446,guitar_electronic_028-090-100,guitar_electronic_028-090-100,/root/autodl-tmp/tokenizer-eval/data/nsynth/nsynth-valid/audio/guitar_electronic_028-090-100.wav,510,guitar_electronic_028,3,guitar,1,electronic,90,100,16000,
38.037483,-28.415867,flute_synthetic_000-050-100,flute_synthetic_000-050-100,/root/autodl-tmp/tokenizer-eval/data/nsynth/nsynth-valid/audio/flute_synthetic_000-050-100.wav,82,flute_synthetic_000,2,flute,2,synthetic,50,100,16000,distortion
10.758101,-45.924534,keyboard_electronic_003-032-025,keyboard_electronic_003-032-025,/root/autodl-tmp/tokenizer-eval/data/nsynth/nsynth-valid/audio/keyboard_electronic_003-032-025.wav,65,keyboard_electronic_003,4,keyboard,1,electronic,32,25,16000,dark
-25.668488,-12.322813,brass_acoustic_059-040-075,brass_acoustic_059-040-075,/root/autodl-tmp/tokenizer-eval/data/nsynth/nsynth-valid/audio/brass_acoustic_059-040-075.wav,572,brass_acoustic_059,1,brass,0,acoustic,40,75,16000,bright|reverb
-23.580103,-0.76695114,string_acoustic_057-067-050,string_acoustic_057-067-050,/root/autodl-tmp/tokenizer-eval/data/nsynth/nsynth-valid/audio/string_acoustic_057-067-050.wav,450,string_acoustic_057,8,string,0,acoustic,67,50,16000,bright|nonlinear_env|reverb
38.085472,-5.381615,guitar_electronic_028-034-050,guitar_electronic_028-034-050,/root/autodl-tmp/tokenizer-eval/data/nsynth/nsynth-valid/audio/guitar_electronic_028-034-050.wav,510,guitar_electronic_028,3,guitar,1,electronic,34,50,16000,dark
47.89936,4.9324126,bass_synthetic_134-072-100,bass_synthetic_134-072-100,/root/autodl-tmp/tokenizer-eval/data/nsynth/nsynth-valid/audio/bass_synthetic_134-072-100.wav,914,bass_synthetic_134,0,bass,2,synthetic,72,100,16000,dark|fast_decay|reverb
-52.276203,-35.55497,bass_synthetic_009-087-127,bass_synthetic_009-087-127,/root/autodl-tmp/tokenizer-eval/data/nsynth/nsynth-valid/audio/bass_synthetic_009-087-127.wav,150,bass_synthetic_009,0,bass,2,synthetic,87,127,16000,long_release
28.695196,47.89002,reed_acoustic_023-090-025,reed_acoustic_023-090-025,/root/autodl-tmp/tokenizer-eval/data/nsynth/nsynth-valid/audio/reed_acoustic_023-090-025.wav,224,reed_acoustic_023,7,reed,0,acoustic,90,25,16000,fast_decay|multiphonic|nonlinear_env
44.668972,-3.8896582,mallet_acoustic_062-034-025,mallet_acoustic_062-034-025,/root/autodl-tmp/tokenizer-eval/data/nsynth/nsynth-valid/audio/mallet_acoustic_062-034-025.wav,644,mallet_acoustic_062,5,mallet,0,acoustic,34,25,16000,dark|multiphonic
26.511547,17.600834,mallet_acoustic_056-083-100,mallet_acoustic_056-083-100,/root/autodl-tmp/tokenizer-eval/data/nsynth/nsynth-valid/audio/mallet_acoustic_056-083-100.wav,590,mallet_acoustic_056,5,mallet,0,acoustic,83,100,16000,
0.76984316,-1.5927229,organ_electronic_057-047-050,organ_electronic_057-047-050,/root/autodl-tmp/tokenizer-eval/data/nsynth/nsynth-valid/audio/organ_electronic_057-047-050.wav,701,organ_electronic_057,6,organ,1,electronic,47,50,16000,dark
15.414442,-18.32164,bass_synthetic_098-096-127,bass_synthetic_098-096-127,/root/autodl-tmp/tokenizer-eval/data/nsynth/nsynth-valid/audio/bass_synthetic_098-096-127.wav,803,bass_synthetic_098,0,bass,2,synthetic,96,127,16000,
27.729597,37.837276,reed_acoustic_023-060-050,reed_acoustic_023-060-050,/root/autodl-tmp/tokenizer-eval/data/nsynth/nsynth-valid/audio/reed_acoustic_023-060-050.wav,224,reed_acoustic_023,7,reed,0,acoustic,60,50,16000,bright|fast_decay|multiphonic|nonlinear_env
-9.414647,-53.944115,organ_electronic_057-056-050,organ_electronic_057-056-050,/root/autodl-tmp/tokenizer-eval/data/nsynth/nsynth-valid/audio/organ_electronic_057-056-050.wav,701,organ_electronic_057,6,organ,1,electronic,56,50,16000,dark
-45.435547,-32.597588,reed_acoustic_011-051-025,reed_acoustic_011-051-025,/root/autodl-tmp/tokenizer-eval/data/nsynth/nsynth-valid/audio/reed_acoustic_011-051-025.wav,104,reed_acoustic_011,7,reed,0,acoustic,51,25,16000,
-14.392161,-54.67319,flute_acoustic_002-068-075,flute_acoustic_002-068-075,/root/autodl-tmp/tokenizer-eval/data/nsynth/nsynth-valid/audio/flute_acoustic_002-068-075.wav,86,flute_acoustic_002,2,flute,0,acoustic,68,75,16000,long_release|reverb
-63.96914,10.007117,brass_acoustic_046-094-075,brass_acoustic_046-094-075,/root/autodl-tmp/tokenizer-eval/data/nsynth/nsynth-valid/audio/brass_acoustic_046-094-075.wav,414,brass_acoustic_046,1,brass,0,acoustic,94,75,16000,long_release
12.83203,-32.269882,organ_electronic_028-058-050,organ_electronic_028-058-050,/root/autodl-tmp/tokenizer-eval/data/nsynth/nsynth-valid/audio/organ_electronic_028-058-050.wav,440,organ_electronic_028,6,organ,1,electronic,58,50,16000,dark
6.6439304,34.223503,vocal_acoustic_000-065-025,vocal_acoustic_000-065-025,/root/autodl-tmp/tokenizer-eval/data/nsynth/nsynth-valid/audio/vocal_acoustic_000-065-025.wav,46,vocal_acoustic_000,10,vocal,0,acoustic,65,25,16000,reverb
13.200715,-50.213917,keyboard_electronic_098-033-025,keyboard_electronic_098-033-025,/root/autodl-tmp/tokenizer-eval/data/nsynth/nsynth-valid/audio/keyboard_electronic_098-033-025.wav,905,keyboard_electronic_098,4,keyboard,1,electronic,33,25,16000,dark
32.5906,4.903566,mallet_acoustic_062-073-050,mallet_acoustic_062-073-050,/root/autodl-tmp/tokenizer-eval/data/nsynth/nsynth-valid/audio/mallet_acoustic_062-073-050.wav,644,mallet_acoustic_062,5,mallet,0,acoustic,73,50,16000,dark|fast_decay|multiphonic
-22.861868,-32.67594,flute_acoustic_002-073-050,flute_acoustic_002-073-050,/root/autodl-tmp/tokenizer-eval/data/nsynth/nsynth-valid/audio/flute_acoustic_002-073-050.wav,86,flute_acoustic_002,2,flute,0,acoustic,73,50,16000,long_release|reverb
-48.01855,-37.353043,brass_acoustic_006-075-127,brass_acoustic_006-075-127,/root/autodl-tmp/tokenizer-eval/data/nsynth/nsynth-valid/audio/brass_acoustic_006-075-127.wav,43,brass_acoustic_006,1,brass,0,acoustic,75,127,16000,reverb
-2.289345,12.901379,flute_synthetic_000-078-127,flute_synthetic_000-078-127,/root/autodl-tmp/tokenizer-eval/data/nsynth/nsynth-valid/audio/flute_synthetic_000-078-127.wav,82,flute_synthetic_000,2,flute,2,synthetic,78,127,16000,distortion
24.195633,-41.24004,flute_synthetic_000-047-127,flute_synthetic_000-047-127,/root/autodl-tmp/tokenizer-eval/data/nsynth/nsynth-valid/audio/flute_synthetic_000-047-127.wav,82,flute_synthetic_000,2,flute,2,synthetic,47,127,16000,distortion
-47.373848,23.19841,vocal_synthetic_003-066-127,vocal_synthetic_003-066-127,/root/autodl-tmp/tokenizer-eval/data/nsynth/nsynth-valid/audio/vocal_synthetic_003-066-127.wav,37,vocal_synthetic_003,10,vocal,2,synthetic,66,127,16000,bright|distortion|long_release|nonlinear_env
-26.500229,20.705732,vocal_synthetic_003-047-025,vocal_synthetic_003-047-025,/root/autodl-tmp/tokenizer-eval/data/nsynth/nsynth-valid/audio/vocal_synthetic_003-047-025.wav,37,vocal_synthetic_003,10,vocal,2,synthetic,47,25,16000,distortion|long_release|nonlinear_env
-13.626036,14.719043,flute_synthetic_000-072-127,flute_synthetic_000-072-127,/root/autodl-tmp/tokenizer-eval/data/nsynth/nsynth-valid/audio/flute_synthetic_000-072-127.wav,82,flute_synthetic_000,2,flute,2,synthetic,72,127,16000,distortion
35.419624,51.728477,reed_acoustic_023-091-075,reed_acoustic_023-091-075,/root/autodl-tmp/tokenizer-eval/data/nsynth/nsynth-valid/audio/reed_acoustic_023-091-075.wav,224,reed_acoustic_023,7,reed,0,acoustic,91,75,16000,fast_decay|multiphonic|nonlinear_env
46.987026,34.160442,keyboard_synthetic_000-096-050,keyboard_synthetic_000-096-050,/root/autodl-tmp/tokenizer-eval/data/nsynth/nsynth-valid/audio/keyboard_synthetic_000-096-050.wav,577,keyboard_synthetic_000,4,keyboard,2,synthetic,96,50,16000,bright|distortion|fast_decay|nonlinear_env|percussive
-6.190887,13.926984,string_acoustic_057-078-050,string_acoustic_057-078-050,/root/autodl-tmp/tokenizer-eval/data/nsynth/nsynth-valid/audio/string_acoustic_057-078-050.wav,450,string_acoustic_057,8,string,0,acoustic,78,50,16000,bright|nonlinear_env|reverb
-28.402922,5.735351,string_acoustic_057-091-025,string_acoustic_057-091-025,/root/autodl-tmp/tokenizer-eval/data/nsynth/nsynth-valid/audio/string_acoustic_057-091-025.wav,450,string_acoustic_057,8,string,0,acoustic,91,25,16000,bright|nonlinear_env|reverb
-35.729424,41.580856,brass_acoustic_016-078-075,brass_acoustic_016-078-075,/root/autodl-tmp/tokenizer-eval/data/nsynth/nsynth-valid/audio/brass_acoustic_016-078-075.wav,128,brass_acoustic_016,1,brass,0,acoustic,78,75,16000,bright
50.208385,7.2825284,mallet_acoustic_062-041-025,mallet_acoustic_062-041-025,/root/autodl-tmp/tokenizer-eval/data/nsynth/nsynth-valid/audio/mallet_acoustic_062-041-025.wav,644,mallet_acoustic_062,5,mallet,0,acoustic,41,25,16000,dark|fast_decay|multiphonic
38.63485,4.495011,keyboard_acoustic_004-063-050,keyboard_acoustic_004-063-050,/root/autodl-tmp/tokenizer-eval/data/nsynth/nsynth-valid/audio/keyboard_acoustic_004-063-050.wav,327,keyboard_acoustic_004,4,keyboard,0,acoustic,63,50,16000,dark|reverb
46.949184,-8.467848,string_acoustic_014-044-050,string_acoustic_014-044-050,/root/autodl-tmp/tokenizer-eval/data/nsynth/nsynth-valid/audio/string_acoustic_014-044-050.wav,100,string_acoustic_014,8,string,0,acoustic,44,50,16000,dark|reverb
25.687256,51.38782,bass_synthetic_034-075-025,bass_synthetic_034-075-025,/root/autodl-tmp/tokenizer-eval/data/nsynth/nsynth-valid/audio/bass_synthetic_034-075-025.wav,420,bass_synthetic_034,0,bass,2,synthetic,75,25,16000,distortion|tempo-synced
11.166879,20.334978,keyboard_electronic_069-084-050,keyboard_electronic_069-084-050,/root/autodl-tmp/tokenizer-eval/data/nsynth/nsynth-valid/audio/keyboard_electronic_069-084-050.wav,805,keyboard_electronic_069,4,keyboard,1,electronic,84,50,16000,distortion
29.805248,-14.721369,keyboard_electronic_069-041-100,keyboard_electronic_069-041-100,/root/autodl-tmp/tokenizer-eval/data/nsynth/nsynth-valid/audio/keyboard_electronic_069-041-100.wav,805,keyboard_electronic_069,4,keyboard,1,electronic,41,100,16000,distortion
5.0441604,-28.173496,organ_electronic_001-038-100,organ_electronic_001-038-100,/root/autodl-tmp/tokenizer-eval/data/nsynth/nsynth-valid/audio/organ_electronic_001-038-100.wav,8,organ_electronic_001,6,organ,1,electronic,38,100,16000,dark
53.634716,27.529398,mallet_acoustic_062-091-025,mallet_acoustic_062-091-025,/root/autodl-tmp/tokenizer-eval/data/nsynth/nsynth-valid/audio/mallet_acoustic_062-091-025.wav,644,mallet_acoustic_062,5,mallet,0,acoustic,91,25,16000,fast_decay|multiphonic|percussive
56.659645,16.578165,mallet_acoustic_056-055-075,mallet_acoustic_056-055-075,/root/autodl-tmp/tokenizer-eval/data/nsynth/nsynth-valid/audio/mallet_acoustic_056-055-075.wav,590,mallet_acoustic_056,5,mallet,0,acoustic,55,75,16000,fast_decay|percussive
48.76667,10.459913,keyboard_acoustic_004-094-025,keyboard_acoustic_004-094-025,/root/autodl-tmp/tokenizer-eval/data/nsynth/nsynth-valid/audio/keyboard_acoustic_004-094-025.wav,327,keyboard_acoustic_004,4,keyboard,0,acoustic,94,25,16000,dark|reverb
-10.942861,30.77666,guitar_acoustic_014-076-050,guitar_acoustic_014-076-050,/root/autodl-tmp/tokenizer-eval/data/nsynth/nsynth-valid/audio/guitar_acoustic_014-076-050.wav,263,guitar_acoustic_014,3,guitar,0,acoustic,76,50,16000,
-31.909134,46.53286,brass_acoustic_016-089-100,brass_acoustic_016-089-100,/root/autodl-tmp/tokenizer-eval/data/nsynth/nsynth-valid/audio/brass_acoustic_016-089-100.wav,128,brass_acoustic_016,1,brass,0,acoustic,89,100,16000,
-59.745144,-2.442673,vocal_synthetic_003-035-127,vocal_synthetic_003-035-127,/root/autodl-tmp/tokenizer-eval/data/nsynth/nsynth-valid/audio/vocal_synthetic_003-035-127.wav,37,vocal_synthetic_003,10,vocal,2,synthetic,35,127,16000,bright|distortion|long_release|nonlinear_env
27.059885,9.79899,keyboard_electronic_098-081-025,keyboard_electronic_098-081-025,/root/autodl-tmp/tokenizer-eval/data/nsynth/nsynth-valid/audio/keyboard_electronic_098-081-025.wav,905,keyboard_electronic_098,4,keyboard,1,electronic,81,25,16000,fast_decay
-41.71042,-8.68205,string_acoustic_057-094-025,string_acoustic_057-094-025,/root/autodl-tmp/tokenizer-eval/data/nsynth/nsynth-valid/audio/string_acoustic_057-094-025.wav,450,string_acoustic_057,8,string,0,acoustic,94,25,16000,bright|nonlinear_env|reverb
-34.038418,47.52495,brass_acoustic_016-062-100,brass_acoustic_016-062-100,/root/autodl-tmp/tokenizer-eval/data/nsynth/nsynth-valid/audio/brass_acoustic_016-062-100.wav,128,brass_acoustic_016,1,brass,0,acoustic,62,100,16000,bright
-10.445943,-7.4587607,reed_acoustic_011-062-025,reed_acoustic_011-062-025,/root/autodl-tmp/tokenizer-eval/data/nsynth/nsynth-valid/audio/reed_acoustic_011-062-025.wav,104,reed_acoustic_011,7,reed,0,acoustic,62,25,16000,
55.601223,15.978158,mallet_acoustic_056-059-100,mallet_acoustic_056-059-100,/root/autodl-tmp/tokenizer-eval/data/nsynth/nsynth-valid/audio/mallet_acoustic_056-059-100.wav,590,mallet_acoustic_056,5,mallet,0,acoustic,59,100,16000,fast_decay|percussive
46.671467,-0.2939717,mallet_acoustic_062-050-050,mallet_acoustic_062-050-050,/root/autodl-tmp/tokenizer-eval/data/nsynth/nsynth-valid/audio/mallet_acoustic_062-050-050.wav,644,mallet_acoustic_062,5,mallet,0,acoustic,50,50,16000,dark|multiphonic
35.387794,-0.6543563,string_acoustic_014-049-050,string_acoustic_014-049-050,/root/autodl-tmp/tokenizer-eval/data/nsynth/nsynth-valid/audio/string_acoustic_014-049-050.wav,100,string_acoustic_014,8,string,0,acoustic,49,50,16000,dark|reverb
-13.522092,14.236832,brass_acoustic_015-072-100,brass_acoustic_015-072-100,/root/autodl-tmp/tokenizer-eval/data/nsynth/nsynth-valid/audio/brass_acoustic_015-072-100.wav,121,brass_acoustic_015,1,brass,0,acoustic,72,100,16000,reverb
-45.926197,-39.52376,reed_acoustic_037-075-127,reed_acoustic_037-075-127,/root/autodl-tmp/tokenizer-eval/data/nsynth/nsynth-valid/audio/reed_acoustic_037-075-127.wav,387,reed_acoustic_037,7,reed,0,acoustic,75,127,16000,reverb
15.898344,-4.0422807,keyboard_electronic_098-075-025,keyboard_electronic_098-075-025,/root/autodl-tmp/tokenizer-eval/data/nsynth/nsynth-valid/audio/keyboard_electronic_098-075-025.wav,905,keyboard_electronic_098,4,keyboard,1,electronic,75,25,16000,
27.894623,53.17852,bass_synthetic_034-070-025,bass_synthetic_034-070-025,/root/autodl-tmp/tokenizer-eval/data/nsynth/nsynth-valid/audio/bass_synthetic_034-070-025.wav,420,bass_synthetic_034,0,bass,2,synthetic,70,25,16000,distortion|tempo-synced
43.165627,17.174086,string_acoustic_056-077-127,string_acoustic_056-077-127,/root/autodl-tmp/tokenizer-eval/data/nsynth/nsynth-valid/audio/string_acoustic_056-077-127.wav,436,string_acoustic_056,8,string,0,acoustic,77,127,16000,fast_decay|percussive|reverb
50.07949,6.9992137,mallet_acoustic_062-040-025,mallet_acoustic_062-040-025,/root/autodl-tmp/tokenizer-eval/data/nsynth/nsynth-valid/audio/mallet_acoustic_062-040-025.wav,644,mallet_acoustic_062,5,mallet,0,acoustic,40,25,16000,dark|fast_decay|multiphonic
-32.087196,27.730368,brass_acoustic_046-083-127,brass_acoustic_046-083-127,/root/autodl-tmp/tokenizer-eval/data/nsynth/nsynth-valid/audio/brass_acoustic_046-083-127.wav,414,brass_acoustic_046,1,brass,0,acoustic,83,127,16000,
5.196066,12.096105,mallet_acoustic_062-066-075,mallet_acoustic_062-066-075,/root/autodl-tmp/tokenizer-eval/data/nsynth/nsynth-valid/audio/mallet_acoustic_062-066-075.wav,644,mallet_acoustic_062,5,mallet,0,acoustic,66,75,16000,dark|multiphonic
31.745531,-30.633793,flute_synthetic_000-051-025,flute_synthetic_000-051-025,/root/autodl-tmp/tokenizer-eval/data/nsynth/nsynth-valid/audio/flute_synthetic_000-051-025.wav,82,flute_synthetic_000,2,flute,2,synthetic,51,25,16000,distortion
17.828518,10.026634,keyboard_electronic_069-062-050,keyboard_electronic_069-062-050,/root/autodl-tmp/tokenizer-eval/data/nsynth/nsynth-valid/audio/keyboard_electronic_069-062-050.wav,805,keyboard_electronic_069,4,keyboard,1,electronic,62,50,16000,distortion
-2.0153887,14.825434,guitar_acoustic_010-078-025,guitar_acoustic_010-078-025,/root/autodl-tmp/tokenizer-eval/data/nsynth/nsynth-valid/audio/guitar_acoustic_010-078-025.wav,219,guitar_acoustic_010,3,guitar,0,acoustic,78,25,16000,
-17.688665,18.836082,brass_acoustic_006-084-050,brass_acoustic_006-084-050,/root/autodl-tmp/tokenizer-eval/data/nsynth/nsynth-valid/audio/brass_acoustic_006-084-050.wav,43,brass_acoustic_006,1,brass,0,acoustic,84,50,16000,reverb
60.663174,23.652338,mallet_acoustic_047-082-127,mallet_acoustic_047-082-127,/root/autodl-tmp/tokenizer-eval/data/nsynth/nsynth-valid/audio/mallet_acoustic_047-082-127.wav,488,mallet_acoustic_047,5,mallet,0,acoustic,82,127,16000,fast_decay|percussive|reverb
26.254923,44.97,bass_synthetic_034-066-075,bass_synthetic_034-066-075,/root/autodl-tmp/tokenizer-eval/data/nsynth/nsynth-valid/audio/bass_synthetic_034-066-075.wav,420,bass_synthetic_034,0,bass,2,synthetic,66,75,16000,distortion|tempo-synced
14.5265665,16.25736,bass_synthetic_134-072-025,bass_synthetic_134-072-025,/root/autodl-tmp/tokenizer-eval/data/nsynth/nsynth-valid/audio/bass_synthetic_134-072-025.wav,914,bass_synthetic_134,0,bass,2,synthetic,72,25,16000,dark|reverb
44.317417,2.783582,mallet_acoustic_062-058-025,mallet_acoustic_062-058-025,/root/autodl-tmp/tokenizer-eval/data/nsynth/nsynth-valid/audio/mallet_acoustic_062-058-025.wav,644,mallet_acoustic_062,5,mallet,0,acoustic,58,25,16000,dark|fast_decay|multiphonic
-13.432843,-29.07034,keyboard_electronic_098-061-100,keyboard_electronic_098-061-100,/root/autodl-tmp/tokenizer-eval/data/nsynth/nsynth-valid/audio/keyboard_electronic_098-061-100.wav,905,keyboard_electronic_098,4,keyboard,1,electronic,61,100,16000,dark
31.909283,5.734267,keyboard_electronic_098-085-075,keyboard_electronic_098-085-075,/root/autodl-tmp/tokenizer-eval/data/nsynth/nsynth-valid/audio/keyboard_electronic_098-085-075.wav,905,keyboard_electronic_098,4,keyboard,1,electronic,85,75,16000,fast_decay
-34.72701,43.0857,brass_acoustic_016-071-100,brass_acoustic_016-071-100,/root/autodl-tmp/tokenizer-eval/data/nsynth/nsynth-valid/audio/brass_acoustic_016-071-100.wav,128,brass_acoustic_016,1,brass,0,acoustic,71,100,16000,bright
-13.295103,-51.893814,vocal_acoustic_000-056-100,vocal_acoustic_000-056-100,/root/autodl-tmp/tokenizer-eval/data/nsynth/nsynth-valid/audio/vocal_acoustic_000-056-100.wav,46,vocal_acoustic_000,10,vocal,0,acoustic,56,100,16000,reverb
36.415813,3.0839288,keyboard_synthetic_000-051-025,keyboard_synthetic_000-051-025,/root/autodl-tmp/tokenizer-eval/data/nsynth/nsynth-valid/audio/keyboard_synthetic_000-051-025.wav,577,keyboard_synthetic_000,4,keyboard,2,synthetic,51,25,16000,distortion|fast_decay|nonlinear_env
-19.002064,19.496916,organ_electronic_001-096-100,organ_electronic_001-096-100,/root/autodl-tmp/tokenizer-eval/data/nsynth/nsynth-valid/audio/organ_electronic_001-096-100.wav,8,organ_electronic_001,6,organ,1,electronic,96,100,16000,
-18.32768,50.84357,string_acoustic_057-081-075,string_acoustic_057-081-075,/root/autodl-tmp/tokenizer-eval/data/nsynth/nsynth-valid/audio/string_acoustic_057-081-075.wav,450,string_acoustic_057,8,string,0,acoustic,81,75,16000,bright|nonlinear_env|reverb
8.325414,28.013126,guitar_acoustic_014-077-127,guitar_acoustic_014-077-127,/root/autodl-tmp/tokenizer-eval/data/nsynth/nsynth-valid/audio/guitar_acoustic_014-077-127.wav,263,guitar_acoustic_014,3,guitar,0,acoustic,77,127,16000,
9.434871,28.328732,bass_synthetic_068-065-050,bass_synthetic_068-065-050,/root/autodl-tmp/tokenizer-eval/data/nsynth/nsynth-valid/audio/bass_synthetic_068-065-050.wav,656,bass_synthetic_068,0,bass,2,synthetic,65,50,16000,
57.717113,18.164251,mallet_acoustic_056-047-025,mallet_acoustic_056-047-025,/root/autodl-tmp/tokenizer-eval/data/nsynth/nsynth-valid/audio/mallet_acoustic_056-047-025.wav,590,mallet_acoustic_056,5,mallet,0,acoustic,47,25,16000,bright|fast_decay|percussive
-13.623675,47.17871,organ_electronic_057-074-100,organ_electronic_057-074-100,/root/autodl-tmp/tokenizer-eval/data/nsynth/nsynth-valid/audio/organ_electronic_057-074-100.wav,701,organ_electronic_057,6,organ,1,electronic,74,100,16000,
28.870916,-26.351004,flute_synthetic_000-040-127,flute_synthetic_000-040-127,/root/autodl-tmp/tokenizer-eval/data/nsynth/nsynth-valid/audio/flute_synthetic_000-040-127.wav,82,flute_synthetic_000,2,flute,2,synthetic,40,127,16000,distortion
-24.49439,3.9799378,flute_synthetic_000-091-025,flute_synthetic_000-091-025,/root/autodl-tmp/tokenizer-eval/data/nsynth/nsynth-valid/audio/flute_synthetic_000-091-025.wav,82,flute_synthetic_000,2,flute,2,synthetic,91,25,16000,distortion
7.402446,-41.20514,flute_synthetic_000-043-075,flute_synthetic_000-043-075,/root/autodl-tmp/tokenizer-eval/data/nsynth/nsynth-valid/audio/flute_synthetic_000-043-075.wav,82,flute_synthetic_000,2,flute,2,synthetic,43,75,16000,distortion
25.655918,1.1050677,guitar_acoustic_015-068-025,guitar_acoustic_015-068-025,/root/autodl-tmp/tokenizer-eval/data/nsynth/nsynth-valid/audio/guitar_acoustic_015-068-025.wav,316,guitar_acoustic_015,3,guitar,0,acoustic,68,25,16000,reverb
-63.169228,-4.148186,vocal_synthetic_003-038-050,vocal_synthetic_003-038-050,/root/autodl-tmp/tokenizer-eval/data/nsynth/nsynth-valid/audio/vocal_synthetic_003-038-050.wav,37,vocal_synthetic_003,10,vocal,2,synthetic,38,50,16000,distortion|long_release|nonlinear_env
42.71474,-23.572426,mallet_acoustic_062-049-075,mallet_acoustic_062-049-075,/root/autodl-tmp/tokenizer-eval/data/nsynth/nsynth-valid/audio/mallet_acoustic_062-049-075.wav,644,mallet_acoustic_062,5,mallet,0,acoustic,49,75,16000,dark|multiphonic
-34.458805,9.103032,vocal_synthetic_003-091-075,vocal_synthetic_003-091-075,/root/autodl-tmp/tokenizer-eval/data/nsynth/nsynth-valid/audio/vocal_synthetic_003-091-075.wav,37,vocal_synthetic_003,10,vocal,2,synthetic,91,75,16000,long_release|nonlinear_env
-0.6891376,21.58102,bass_synthetic_135-090-050,bass_synthetic_135-090-050,/root/autodl-tmp/tokenizer-eval/data/nsynth/nsynth-valid/audio/bass_synthetic_135-090-050.wav,927,bass_synthetic_135,0,bass,2,synthetic,90,50,16000,distortion
38.86911,-30.926832,flute_synthetic_000-038-050,flute_synthetic_000-038-050,/root/autodl-tmp/tokenizer-eval/data/nsynth/nsynth-valid/audio/flute_synthetic_000-038-050.wav,82,flute_synthetic_000,2,flute,2,synthetic,38,50,16000,distortion
-9.649774,30.397997,keyboard_acoustic_004-076-100,keyboard_acoustic_004-076-100,/root/autodl-tmp/tokenizer-eval/data/nsynth/nsynth-valid/audio/keyboard_acoustic_004-076-100.wav,327,keyboard_acoustic_004,4,keyboard,0,acoustic,76,100,16000,reverb
-13.222978,45.764534,organ_electronic_113-081-075,organ_electronic_113-081-075,/root/autodl-tmp/tokenizer-eval/data/nsynth/nsynth-valid/audio/organ_electronic_113-081-075.wav,958,organ_electronic_113,6,organ,1,electronic,81,75,16000,
-0.5780119,-54.820656,vocal_synthetic_003-032-025,vocal_synthetic_003-032-025,/root/autodl-tmp/tokenizer-eval/data/nsynth/nsynth-valid/audio/vocal_synthetic_003-032-025.wav,37,vocal_synthetic_003,10,vocal,2,synthetic,32,25,16000,distortion|long_release|nonlinear_env
-25.586035,37.53135,bass_synthetic_009-052-025,bass_synthetic_009-052-025,/root/autodl-tmp/tokenizer-eval/data/nsynth/nsynth-valid/audio/bass_synthetic_009-052-025.wav,150,bass_synthetic_009,0,bass,2,synthetic,52,25,16000,bright|distortion|long_release
16.478079,-19.500067,bass_synthetic_098-095-075,bass_synthetic_098-095-075,/root/autodl-tmp/tokenizer-eval/data/nsynth/nsynth-valid/audio/bass_synthetic_098-095-075.wav,803,bass_synthetic_098,0,bass,2,synthetic,95,75,16000,
-40.769295,46.60127,organ_electronic_007-091-075,organ_electronic_007-091-075,/root/autodl-tmp/tokenizer-eval/data/nsynth/nsynth-valid/audio/organ_electronic_007-091-075.wav,123,organ_electronic_007,6,organ,1,electronic,91,75,16000,long_release|nonlinear_env
-41.312,24.626818,flute_acoustic_002-090-050,flute_acoustic_002-090-050,/root/autodl-tmp/tokenizer-eval/data/nsynth/nsynth-valid/audio/flute_acoustic_002-090-050.wav,86,flute_acoustic_002,2,flute,0,acoustic,90,50,16000,long_release|reverb
1.8948818,-40.460495,keyboard_electronic_098-043-050,keyboard_electronic_098-043-050,/root/autodl-tmp/tokenizer-eval/data/nsynth/nsynth-valid/audio/keyboard_electronic_098-043-050.wav,905,keyboard_electronic_098,4,keyboard,1,electronic,43,50,16000,dark|distortion
4.174691,-5.8488817,string_acoustic_071-047-075,string_acoustic_071-047-075,/root/autodl-tmp/tokenizer-eval/data/nsynth/nsynth-valid/audio/string_acoustic_071-047-075.wav,609,string_acoustic_071,8,string,0,acoustic,47,75,16000,long_release|reverb
-42.75335,-13.521277,brass_acoustic_046-070-100,brass_acoustic_046-070-100,/root/autodl-tmp/tokenizer-eval/data/nsynth/nsynth-valid/audio/brass_acoustic_046-070-100.wav,414,brass_acoustic_046,1,brass,0,acoustic,70,100,16000,bright
-13.141609,-55.02169,reed_acoustic_037-068-075,reed_acoustic_037-068-075,/root/autodl-tmp/tokenizer-eval/data/nsynth/nsynth-valid/audio/reed_acoustic_037-068-075.wav,387,reed_acoustic_037,7,reed,0,acoustic,68,75,16000,reverb
-38.56766,29.094261,vocal_synthetic_003-083-050,vocal_synthetic_003-083-050,/root/autodl-tmp/tokenizer-eval/data/nsynth/nsynth-valid/audio/vocal_synthetic_003-083-050.wav,37,vocal_synthetic_003,10,vocal,2,synthetic,83,50,16000,bright|distortion|long_release|nonlinear_env
50.76002,16.512426,mallet_acoustic_056-071-050,mallet_acoustic_056-071-050,/root/autodl-tmp/tokenizer-eval/data/nsynth/nsynth-valid/audio/mallet_acoustic_056-071-050.wav,590,mallet_acoustic_056,5,mallet,0,acoustic,71,50,16000,fast_decay
-2.23291,-23.69569,reed_acoustic_018-069-100,reed_acoustic_018-069-100,/root/autodl-tmp/tokenizer-eval/data/nsynth/nsynth-valid/audio/reed_acoustic_018-069-100.wav,183,reed_acoustic_018,7,reed,0,acoustic,69,100,16000,
35.04993,9.416295,string_acoustic_056-068-075,string_acoustic_056-068-075,/root/autodl-tmp/tokenizer-eval/data/nsynth/nsynth-valid/audio/string_acoustic_056-068-075.wav,436,string_acoustic_056,8,string,0,acoustic,68,75,16000,fast_decay|percussive|reverb
-40.40777,-12.393187,string_acoustic_057-082-025,string_acoustic_057-082-025,/root/autodl-tmp/tokenizer-eval/data/nsynth/nsynth-valid/audio/string_acoustic_057-082-025.wav,450,string_acoustic_057,8,string,0,acoustic,82,25,16000,bright|nonlinear_env|reverb
-60.63859,-5.4352274,vocal_synthetic_003-034-100,vocal_synthetic_003-034-100,/root/autodl-tmp/tokenizer-eval/data/nsynth/nsynth-valid/audio/vocal_synthetic_003-034-100.wav,37,vocal_synthetic_003,10,vocal,2,synthetic,34,100,16000,bright|distortion|long_release|nonlinear_env
-14.299811,13.011608,organ_electronic_113-072-025,organ_electronic_113-072-025,/root/autodl-tmp/tokenizer-eval/data/nsynth/nsynth-valid/audio/organ_electronic_113-072-025.wav,958,organ_electronic_113,6,organ,1,electronic,72,25,16000,
-22.490002,19.711052,organ_electronic_028-096-127,organ_electronic_028-096-127,/root/autodl-tmp/tokenizer-eval/data/nsynth/nsynth-valid/audio/organ_electronic_028-096-127.wav,440,organ_electronic_028,6,organ,1,electronic,96,127,16000,bright
6.7518597,-13.056863,keyboard_electronic_098-048-100,keyboard_electronic_098-048-100,/root/autodl-tmp/tokenizer-eval/data/nsynth/nsynth-valid/audio/keyboard_electronic_098-048-100.wav,905,keyboard_electronic_098,4,keyboard,1,electronic,48,100,16000,dark
-18.479485,9.075353,brass_acoustic_059-048-075,brass_acoustic_059-048-075,/root/autodl-tmp/tokenizer-eval/data/nsynth/nsynth-valid/audio/brass_acoustic_059-048-075.wav,572,brass_acoustic_059,1,brass,0,acoustic,48,75,16000,bright|reverb
34.02152,36.664764,reed_acoustic_023-033-050,reed_acoustic_023-033-050,/root/autodl-tmp/tokenizer-eval/data/nsynth/nsynth-valid/audio/reed_acoustic_023-033-050.wav,224,reed_acoustic_023,7,reed,0,acoustic,33,50,16000,bright|fast_decay|multiphonic|nonlinear_env
43.905533,4.2537923,string_acoustic_014-061-050,string_acoustic_014-061-050,/root/autodl-tmp/tokenizer-eval/data/nsynth/nsynth-valid/audio/string_acoustic_014-061-050.wav,100,string_acoustic_014,8,string,0,acoustic,61,50,16000,dark|percussive|reverb
8.705618,33.452686,flute_synthetic_000-065-025,flute_synthetic_000-065-025,/root/autodl-tmp/tokenizer-eval/data/nsynth/nsynth-valid/audio/flute_synthetic_000-065-025.wav,82,flute_synthetic_000,2,flute,2,synthetic,65,25,16000,distortion
48.306076,-13.110439,bass_synthetic_134-044-100,bass_synthetic_134-044-100,/root/autodl-tmp/tokenizer-eval/data/nsynth/nsynth-valid/audio/bass_synthetic_134-044-100.wav,914,bass_synthetic_134,0,bass,2,synthetic,44,100,16000,dark|reverb
-0.1995183,36.287872,organ_electronic_007-065-050,organ_electronic_007-065-050,/root/autodl-tmp/tokenizer-eval/data/nsynth/nsynth-valid/audio/organ_electronic_007-065-050.wav,123,organ_electronic_007,6,organ,1,electronic,65,50,16000,distortion|long_release|nonlinear_env
-45.25443,7.473307,vocal_synthetic_003-085-025,vocal_synthetic_003-085-025,/root/autodl-tmp/tokenizer-eval/data/nsynth/nsynth-valid/audio/vocal_synthetic_003-085-025.wav,37,vocal_synthetic_003,10,vocal,2,synthetic,85,25,16000,bright|distortion|long_release|nonlinear_env
13.960342,-51.513775,string_acoustic_012-033-025,string_acoustic_012-033-025,/root/autodl-tmp/tokenizer-eval/data/nsynth/nsynth-valid/audio/string_acoustic_012-033-025.wav,97,string_acoustic_012,8,string,0,acoustic,33,25,16000,reverb
51.461727,21.557749,guitar_acoustic_015-085-075,guitar_acoustic_015-085-075,/root/autodl-tmp/tokenizer-eval/data/nsynth/nsynth-valid/audio/guitar_acoustic_015-085-075.wav,316,guitar_acoustic_015,3,guitar,0,acoustic,85,75,16000,fast_decay|percussive|reverb
25.595442,-14.264633,guitar_electronic_022-042-050,guitar_electronic_022-042-050,/root/autodl-tmp/tokenizer-eval/data/nsynth/nsynth-valid/audio/guitar_electronic_022-042-050.wav,378,guitar_electronic_022,3,guitar,1,electronic,42,50,16000,dark
10.125774,-44.23133,flute_synthetic_000-031-100,flute_synthetic_000-031-100,/root/autodl-tmp/tokenizer-eval/data/nsynth/nsynth-valid/audio/flute_synthetic_000-031-100.wav,82,flute_synthetic_000,2,flute,2,synthetic,31,100,16000,distortion
-10.596177,-52.038242,guitar_acoustic_010-056-127,guitar_acoustic_010-056-127,/root/autodl-tmp/tokenizer-eval/data/nsynth/nsynth-valid/audio/guitar_acoustic_010-056-127.wav,219,guitar_acoustic_010,3,guitar,0,acoustic,56,127,16000,
-12.987555,51.244987,keyboard_electronic_069-081-100,keyboard_electronic_069-081-100,/root/autodl-tmp/tokenizer-eval/data/nsynth/nsynth-valid/audio/keyboard_electronic_069-081-100.wav,805,keyboard_electronic_069,4,keyboard,1,electronic,81,100,16000,distortion
-18.40773,-32.668438,string_acoustic_057-061-025,string_acoustic_057-061-025,/root/autodl-tmp/tokenizer-eval/data/nsynth/nsynth-valid/audio/string_acoustic_057-061-025.wav,450,string_acoustic_057,8,string,0,acoustic,61,25,16000,bright|nonlinear_env|reverb
57.057037,17.357422,mallet_acoustic_056-060-025,mallet_acoustic_056-060-025,/root/autodl-tmp/tokenizer-eval/data/nsynth/nsynth-valid/audio/mallet_acoustic_056-060-025.wav,590,mallet_acoustic_056,5,mallet,0,acoustic,60,25,16000,fast_decay|percussive
16.766882,-34.350384,guitar_electronic_022-046-050,guitar_electronic_022-046-050,/root/autodl-tmp/tokenizer-eval/data/nsynth/nsynth-valid/audio/guitar_electronic_022-046-050.wav,378,guitar_electronic_022,3,guitar,1,electronic,46,50,16000,dark
58.433685,18.700956,mallet_acoustic_056-047-075,mallet_acoustic_056-047-075,/root/autodl-tmp/tokenizer-eval/data/nsynth/nsynth-valid/audio/mallet_acoustic_056-047-075.wav,590,mallet_acoustic_056,5,mallet,0,acoustic,47,75,16000,fast_decay|percussive
-14.971747,3.6095488,bass_synthetic_068-079-050,bass_synthetic_068-079-050,/root/autodl-tmp/tokenizer-eval/data/nsynth/nsynth-valid/audio/bass_synthetic_068-079-050.wav,656,bass_synthetic_068,0,bass,2,synthetic,79,50,16000,fast_decay
31.816628,-18.894966,mallet_acoustic_062-040-075,mallet_acoustic_062-040-075,/root/autodl-tmp/tokenizer-eval/data/nsynth/nsynth-valid/audio/mallet_acoustic_062-040-075.wav,644,mallet_acoustic_062,5,mallet,0,acoustic,40,75,16000,dark|multiphonic
-7.0291753,-10.633261,vocal_acoustic_000-062-075,vocal_acoustic_000-062-075,/root/autodl-tmp/tokenizer-eval/data/nsynth/nsynth-valid/audio/vocal_acoustic_000-062-075.wav,46,vocal_acoustic_000,10,vocal,0,acoustic,62,75,16000,reverb
-16.282639,18.262678,flute_synthetic_000-096-075,flute_synthetic_000-096-075,/root/autodl-tmp/tokenizer-eval/data/nsynth/nsynth-valid/audio/flute_synthetic_000-096-075.wav,82,flute_synthetic_000,2,flute,2,synthetic,96,75,16000,distortion
-51.440365,-39.831047,vocal_synthetic_003-075-025,vocal_synthetic_003-075-025,/root/autodl-tmp/tokenizer-eval/data/nsynth/nsynth-valid/audio/vocal_synthetic_003-075-025.wav,37,vocal_synthetic_003,10,vocal,2,synthetic,75,25,16000,bright|distortion|long_release|nonlinear_env
26.611404,8.866297,mallet_acoustic_062-069-075,mallet_acoustic_062-069-075,/root/autodl-tmp/tokenizer-eval/data/nsynth/nsynth-valid/audio/mallet_acoustic_062-069-075.wav,644,mallet_acoustic_062,5,mallet,0,acoustic,69,75,16000,dark|multiphonic
-18.088507,-0.24170414,guitar_electronic_028-055-127,guitar_electronic_028-055-127,/root/autodl-tmp/tokenizer-eval/data/nsynth/nsynth-valid/audio/guitar_electronic_028-055-127.wav,510,guitar_electronic_028,3,guitar,1,electronic,55,127,16000,
-45.497654,-41.496838,flute_acoustic_002-087-050,flute_acoustic_002-087-050,/root/autodl-tmp/tokenizer-eval/data/nsynth/nsynth-valid/audio/flute_acoustic_002-087-050.wav,86,flute_acoustic_002,2,flute,0,acoustic,87,50,16000,reverb
-4.9963927,-2.107524,guitar_electronic_028-086-050,guitar_electronic_028-086-050,/root/autodl-tmp/tokenizer-eval/data/nsynth/nsynth-valid/audio/guitar_electronic_028-086-050.wav,510,guitar_electronic_028,3,guitar,1,electronic,86,50,16000,
-38.50021,29.165209,vocal_synthetic_003-083-075,vocal_synthetic_003-083-075,/root/autodl-tmp/tokenizer-eval/data/nsynth/nsynth-valid/audio/vocal_synthetic_003-083-075.wav,37,vocal_synthetic_003,10,vocal,2,synthetic,83,75,16000,bright|distortion|long_release|nonlinear_env
-46.420937,-7.4081926,vocal_synthetic_003-082-127,vocal_synthetic_003-082-127,/root/autodl-tmp/tokenizer-eval/data/nsynth/nsynth-valid/audio/vocal_synthetic_003-082-127.wav,37,vocal_synthetic_003,10,vocal,2,synthetic,82,127,16000,bright|distortion|long_release|nonlinear_env
-21.781742,-57.99444,vocal_synthetic_003-080-127,vocal_synthetic_003-080-127,/root/autodl-tmp/tokenizer-eval/data/nsynth/nsynth-valid/audio/vocal_synthetic_003-080-127.wav,37,vocal_synthetic_003,10,vocal,2,synthetic,80,127,16000,bright|distortion|long_release|nonlinear_env
-22.005613,36.61037,string_acoustic_057-076-025,string_acoustic_057-076-025,/root/autodl-tmp/tokenizer-eval/data/nsynth/nsynth-valid/audio/string_acoustic_057-076-025.wav,450,string_acoustic_057,8,string,0,acoustic,76,25,16000,bright|nonlinear_env|reverb
48.237934,24.03998,mallet_acoustic_062-084-025,mallet_acoustic_062-084-025,/root/autodl-tmp/tokenizer-eval/data/nsynth/nsynth-valid/audio/mallet_acoustic_062-084-025.wav,644,mallet_acoustic_062,5,mallet,0,acoustic,84,25,16000,fast_decay|multiphonic|percussive
23.016645,-15.926834,flute_synthetic_000-042-127,flute_synthetic_000-042-127,/root/autodl-tmp/tokenizer-eval/data/nsynth/nsynth-valid/audio/flute_synthetic_000-042-127.wav,82,flute_synthetic_000,2,flute,2,synthetic,42,127,16000,distortion
39.494118,-5.889371,bass_electronic_025-046-025,bass_electronic_025-046-025,/root/autodl-tmp/tokenizer-eval/data/nsynth/nsynth-valid/audio/bass_electronic_025-046-025.wav,872,bass_electronic_025,0,bass,1,electronic,46,25,16000,
8.531093,-25.394005,flute_synthetic_000-057-075,flute_synthetic_000-057-075,/root/autodl-tmp/tokenizer-eval/data/nsynth/nsynth-valid/audio/flute_synthetic_000-057-075.wav,82,flute_synthetic_000,2,flute,2,synthetic,57,75,16000,distortion
52.43129,14.842844,mallet_acoustic_056-067-100,mallet_acoustic_056-067-100,/root/autodl-tmp/tokenizer-eval/data/nsynth/nsynth-valid/audio/mallet_acoustic_056-067-100.wav,590,mallet_acoustic_056,5,mallet,0,acoustic,67,100,16000,fast_decay
-26.733667,25.284456,organ_electronic_028-071-100,organ_electronic_028-071-100,/root/autodl-tmp/tokenizer-eval/data/nsynth/nsynth-valid/audio/organ_electronic_028-071-100.wav,440,organ_electronic_028,6,organ,1,electronic,71,100,16000,dark
-39.17676,47.59482,brass_acoustic_016-084-127,brass_acoustic_016-084-127,/root/autodl-tmp/tokenizer-eval/data/nsynth/nsynth-valid/audio/brass_acoustic_016-084-127.wav,128,brass_acoustic_016,1,brass,0,acoustic,84,127,16000,bright
41.313396,-32.25088,flute_synthetic_000-037-050,flute_synthetic_000-037-050,/root/autodl-tmp/tokenizer-eval/data/nsynth/nsynth-valid/audio/flute_synthetic_000-037-050.wav,82,flute_synthetic_000,2,flute,2,synthetic,37,50,16000,distortion
34.338795,42.885082,reed_acoustic_023-074-050,reed_acoustic_023-074-050,/root/autodl-tmp/tokenizer-eval/data/nsynth/nsynth-valid/audio/reed_acoustic_023-074-050.wav,224,reed_acoustic_023,7,reed,0,acoustic,74,50,16000,bright|fast_decay|multiphonic|nonlinear_env
-17.872358,0.8694479,guitar_acoustic_015-055-100,guitar_acoustic_015-055-100,/root/autodl-tmp/tokenizer-eval/data/nsynth/nsynth-valid/audio/guitar_acoustic_015-055-100.wav,316,guitar_acoustic_015,3,guitar,0,acoustic,55,100,16000,reverb
14.948882,-51.299057,string_acoustic_071-033-100,string_acoustic_071-033-100,/root/autodl-tmp/tokenizer-eval/data/nsynth/nsynth-valid/audio/string_acoustic_071-033-100.wav,609,string_acoustic_071,8,string,0,acoustic,33,100,16000,reverb
40.364704,25.73014,keyboard_acoustic_004-092-100,keyboard_acoustic_004-092-100,/root/autodl-tmp/tokenizer-eval/data/nsynth/nsynth-valid/audio/keyboard_acoustic_004-092-100.wav,327,keyboard_acoustic_004,4,keyboard,0,acoustic,92,100,16000,reverb
42.320076,31.370796,mallet_acoustic_047-094-127,mallet_acoustic_047-094-127,/root/autodl-tmp/tokenizer-eval/data/nsynth/nsynth-valid/audio/mallet_acoustic_047-094-127.wav,488,mallet_acoustic_047,5,mallet,0,acoustic,94,127,16000,fast_decay|percussive|reverb
42.61407,-4.025586,mallet_acoustic_062-046-050,mallet_acoustic_062-046-050,/root/autodl-tmp/tokenizer-eval/data/nsynth/nsynth-valid/audio/mallet_acoustic_062-046-050.wav,644,mallet_acoustic_062,5,mallet,0,acoustic,46,50,16000,dark|multiphonic
-3.561098,17.260614,organ_electronic_028-090-050,organ_electronic_028-090-050,/root/autodl-tmp/tokenizer-eval/data/nsynth/nsynth-valid/audio/organ_electronic_028-090-050.wav,440,organ_electronic_028,6,organ,1,electronic,90,50,16000,
1.3814313,-51.648205,string_acoustic_080-032-050,string_acoustic_080-032-050,/root/autodl-tmp/tokenizer-eval/data/nsynth/nsynth-valid/audio/string_acoustic_080-032-050.wav,675,string_acoustic_080,8,string,0,acoustic,32,50,16000,reverb
34.962337,49.524223,reed_acoustic_023-079-025,reed_acoustic_023-079-025,/root/autodl-tmp/tokenizer-eval/data/nsynth/nsynth-valid/audio/reed_acoustic_023-079-025.wav,224,reed_acoustic_023,7,reed,0,acoustic,79,25,16000,bright|fast_decay|multiphonic|nonlinear_env
-17.516949,29.09548,organ_electronic_057-052-050,organ_electronic_057-052-050,/root/autodl-tmp/tokenizer-eval/data/nsynth/nsynth-valid/audio/organ_electronic_057-052-050.wav,701,organ_electronic_057,6,organ,1,electronic,52,50,16000,dark
9.875318,36.4479,vocal_acoustic_000-053-075,vocal_acoustic_000-053-075,/root/autodl-tmp/tokenizer-eval/data/nsynth/nsynth-valid/audio/vocal_acoustic_000-053-075.wav,46,vocal_acoustic_000,10,vocal,0,acoustic,53,75,16000,reverb
48.53239,1.551473,mallet_acoustic_062-038-025,mallet_acoustic_062-038-025,/root/autodl-tmp/tokenizer-eval/data/nsynth/nsynth-valid/audio/mallet_acoustic_062-038-025.wav,644,mallet_acoustic_062,5,mallet,0,acoustic,38,25,16000,dark|fast_decay|multiphonic
-22.323158,-19.154093,reed_acoustic_037-034-127,reed_acoustic_037-034-127,/root/autodl-tmp/tokenizer-eval/data/nsynth/nsynth-valid/audio/reed_acoustic_037-034-127.wav,387,reed_acoustic_037,7,reed,0,acoustic,34,127,16000,long_release|reverb
-9.272641,28.574022,bass_synthetic_068-064-050,bass_synthetic_068-064-050,/root/autodl-tmp/tokenizer-eval/data/nsynth/nsynth-valid/audio/bass_synthetic_068-064-050.wav,656,bass_synthetic_068,0,bass,2,synthetic,64,50,16000,
-38.747833,32.722073,vocal_synthetic_003-071-127,vocal_synthetic_003-071-127,/root/autodl-tmp/tokenizer-eval/data/nsynth/nsynth-valid/audio/vocal_synthetic_003-071-127.wav,37,vocal_synthetic_003,10,vocal,2,synthetic,71,127,16000,bright|distortion|long_release|nonlinear_env
-23.86713,33.883892,organ_electronic_007-064-127,organ_electronic_007-064-127,/root/autodl-tmp/tokenizer-eval/data/nsynth/nsynth-valid/audio/organ_electronic_007-064-127.wav,123,organ_electronic_007,6,organ,1,electronic,64,127,16000,distortion|long_release|nonlinear_env
-19.481575,-25.177216,brass_acoustic_059-037-050,brass_acoustic_059-037-050,/root/autodl-tmp/tokenizer-eval/data/nsynth/nsynth-valid/audio/brass_acoustic_059-037-050.wav,572,brass_acoustic_059,1,brass,0,acoustic,37,50,16000,reverb
55.62954,17.496563,mallet_acoustic_056-057-050,mallet_acoustic_056-057-050,/root/autodl-tmp/tokenizer-eval/data/nsynth/nsynth-valid/audio/mallet_acoustic_056-057-050.wav,590,mallet_acoustic_056,5,mallet,0,acoustic,57,50,16000,fast_decay|percussive
-7.455291,-12.289921,vocal_acoustic_000-050-100,vocal_acoustic_000-050-100,/root/autodl-tmp/tokenizer-eval/data/nsynth/nsynth-valid/audio/vocal_acoustic_000-050-100.wav,46,vocal_acoustic_000,10,vocal,0,acoustic,50,100,16000,reverb
-13.226483,45.73693,organ_electronic_113-081-050,organ_electronic_113-081-050,/root/autodl-tmp/tokenizer-eval/data/nsynth/nsynth-valid/audio/organ_electronic_113-081-050.wav,958,organ_electronic_113,6,organ,1,electronic,81,50,16000,
1.8196045,-42.708725,organ_electronic_113-031-050,organ_electronic_113-031-050,/root/autodl-tmp/tokenizer-eval/data/nsynth/nsynth-valid/audio/organ_electronic_113-031-050.wav,958,organ_electronic_113,6,organ,1,electronic,31,50,16000,dark
-8.664464,-20.156599,keyboard_electronic_001-045-127,keyboard_electronic_001-045-127,/root/autodl-tmp/tokenizer-eval/data/nsynth/nsynth-valid/audio/keyboard_electronic_001-045-127.wav,40,keyboard_electronic_001,4,keyboard,1,electronic,45,127,16000,
37.921154,6.772765,guitar_acoustic_015-075-050,guitar_acoustic_015-075-050,/root/autodl-tmp/tokenizer-eval/data/nsynth/nsynth-valid/audio/guitar_acoustic_015-075-050.wav,316,guitar_acoustic_015,3,guitar,0,acoustic,75,50,16000,fast_decay|reverb
32.695637,-18.23113,mallet_acoustic_062-040-050,mallet_acoustic_062-040-050,/root/autodl-tmp/tokenizer-eval/data/nsynth/nsynth-valid/audio/mallet_acoustic_062-040-050.wav,644,mallet_acoustic_062,5,mallet,0,acoustic,40,50,16000,dark|multiphonic
33.27274,19.585815,keyboard_electronic_001-082-127,keyboard_electronic_001-082-127,/root/autodl-tmp/tokenizer-eval/data/nsynth/nsynth-valid/audio/keyboard_electronic_001-082-127.wav,40,keyboard_electronic_001,4,keyboard,1,electronic,82,127,16000,
4.3195615,-28.489332,organ_electronic_113-045-075,organ_electronic_113-045-075,/root/autodl-tmp/tokenizer-eval/data/nsynth/nsynth-valid/audio/organ_electronic_113-045-075.wav,958,organ_electronic_113,6,organ,1,electronic,45,75,16000,dark
-33.364727,7.505106,vocal_synthetic_003-079-127,vocal_synthetic_003-079-127,/root/autodl-tmp/tokenizer-eval/data/nsynth/nsynth-valid/audio/vocal_synthetic_003-079-127.wav,37,vocal_synthetic_003,10,vocal,2,synthetic,79,127,16000,bright|distortion|long_release|nonlinear_env
-9.151127,-7.1704407,organ_electronic_113-074-075,organ_electronic_113-074-075,/root/autodl-tmp/tokenizer-eval/data/nsynth/nsynth-valid/audio/organ_electronic_113-074-075.wav,958,organ_electronic_113,6,organ,1,electronic,74,75,16000,
3.4516644,37.475952,organ_electronic_007-053-100,organ_electronic_007-053-100,/root/autodl-tmp/tokenizer-eval/data/nsynth/nsynth-valid/audio/organ_electronic_007-053-100.wav,123,organ_electronic_007,6,organ,1,electronic,53,100,16000,distortion|long_release|nonlinear_env
-3.1332846,-58.947777,bass_synthetic_009-032-025,bass_synthetic_009-032-025,/root/autodl-tmp/tokenizer-eval/data/nsynth/nsynth-valid/audio/bass_synthetic_009-032-025.wav,150,bass_synthetic_009,0,bass,2,synthetic,32,25,16000,bright|distortion|long_release
-9.623066,-8.747145,organ_electronic_113-062-025,organ_electronic_113-062-025,/root/autodl-tmp/tokenizer-eval/data/nsynth/nsynth-valid/audio/organ_electronic_113-062-025.wav,958,organ_electronic_113,6,organ,1,electronic,62,25,16000,dark
44.375015,6.7956443,string_acoustic_014-055-100,string_acoustic_014-055-100,/root/autodl-tmp/tokenizer-eval/data/nsynth/nsynth-valid/audio/string_acoustic_014-055-100.wav,100,string_acoustic_014,8,string,0,acoustic,55,100,16000,dark|fast_decay|reverb
-12.23856,28.618834,keyboard_electronic_069-064-100,keyboard_electronic_069-064-100,/root/autodl-tmp/tokenizer-eval/data/nsynth/nsynth-valid/audio/keyboard_electronic_069-064-100.wav,805,keyboard_electronic_069,4,keyboard,1,electronic,64,100,16000,distortion
37.127197,-30.625633,guitar_acoustic_021-038-075,guitar_acoustic_021-038-075,/root/autodl-tmp/tokenizer-eval/data/nsynth/nsynth-valid/audio/guitar_acoustic_021-038-075.wav,457,guitar_acoustic_021,3,guitar,0,acoustic,38,75,16000,
-43.89886,-14.449202,reed_acoustic_011-058-075,reed_acoustic_011-058-075,/root/autodl-tmp/tokenizer-eval/data/nsynth/nsynth-valid/audio/reed_acoustic_011-058-075.wav,104,reed_acoustic_011,7,reed,0,acoustic,58,75,16000,
23.153849,-15.758208,flute_synthetic_000-042-050,flute_synthetic_000-042-050,/root/autodl-tmp/tokenizer-eval/data/nsynth/nsynth-valid/audio/flute_synthetic_000-042-050.wav,82,flute_synthetic_000,2,flute,2,synthetic,42,50,16000,distortion
39.43433,-20.84356,bass_synthetic_068-050-050,bass_synthetic_068-050-050,/root/autodl-tmp/tokenizer-eval/data/nsynth/nsynth-valid/audio/bass_synthetic_068-050-050.wav,656,bass_synthetic_068,0,bass,2,synthetic,50,50,16000,dark
26.40759,2.0347643,keyboard_electronic_001-068-050,keyboard_electronic_001-068-050,/root/autodl-tmp/tokenizer-eval/data/nsynth/nsynth-valid/audio/keyboard_electronic_001-068-050.wav,40,keyboard_electronic_001,4,keyboard,1,electronic,68,50,16000,dark
3.9725118,-37.992912,flute_synthetic_000-055-100,flute_synthetic_000-055-100,/root/autodl-tmp/tokenizer-eval/data/nsynth/nsynth-valid/audio/flute_synthetic_000-055-100.wav,82,flute_synthetic_000,2,flute,2,synthetic,55,100,16000,distortion
-38.692604,-14.9912815,flute_synthetic_000-082-075,flute_synthetic_000-082-075,/root/autodl-tmp/tokenizer-eval/data/nsynth/nsynth-valid/audio/flute_synthetic_000-082-075.wav,82,flute_synthetic_000,2,flute,2,synthetic,82,75,16000,distortion
-43.63573,-12.847694,reed_acoustic_011-070-050,reed_acoustic_011-070-050,/root/autodl-tmp/tokenizer-eval/data/nsynth/nsynth-valid/audio/reed_acoustic_011-070-050.wav,104,reed_acoustic_011,7,reed,0,acoustic,70,50,16000,
-37.91744,-21.966618,reed_acoustic_037-042-100,reed_acoustic_037-042-100,/root/autodl-tmp/tokenizer-eval/data/nsynth/nsynth-valid/audio/reed_acoustic_037-042-100.wav,387,reed_acoustic_037,7,reed,0,acoustic,42,100,16000,reverb
-45.380875,-31.970629,vocal_synthetic_003-051-050,vocal_synthetic_003-051-050,/root/autodl-tmp/tokenizer-eval/data/nsynth/nsynth-valid/audio/vocal_synthetic_003-051-050.wav,37,vocal_synthetic_003,10,vocal,2,synthetic,51,50,16000,distortion|long_release|nonlinear_env
-59.64965,-3.1020606,vocal_synthetic_003-035-100,vocal_synthetic_003-035-100,/root/autodl-tmp/tokenizer-eval/data/nsynth/nsynth-valid/audio/vocal_synthetic_003-035-100.wav,37,vocal_synthetic_003,10,vocal,2,synthetic,35,100,16000,bright|distortion|long_release|nonlinear_env
19.872606,13.13696,guitar_acoustic_030-074-100,guitar_acoustic_030-074-100,/root/autodl-tmp/tokenizer-eval/data/nsynth/nsynth-valid/audio/guitar_acoustic_030-074-100.wav,642,guitar_acoustic_030,3,guitar,0,acoustic,74,100,16000,long_release|tempo-synced
5.109186,-40.38171,guitar_acoustic_021-043-050,guitar_acoustic_021-043-050,/root/autodl-tmp/tokenizer-eval/data/nsynth/nsynth-valid/audio/guitar_acoustic_021-043-050.wav,457,guitar_acoustic_021,3,guitar,0,acoustic,43,50,16000,
34.02144,36.66383,reed_acoustic_023-033-100,reed_acoustic_023-033-100,/root/autodl-tmp/tokenizer-eval/data/nsynth/nsynth-valid/audio/reed_acoustic_023-033-100.wav,224,reed_acoustic_023,7,reed,0,acoustic,33,100,16000,bright|fast_decay|multiphonic|nonlinear_env
1.70535,-52.55373,organ_electronic_057-032-100,organ_electronic_057-032-100,/root/autodl-tmp/tokenizer-eval/data/nsynth/nsynth-valid/audio/organ_electronic_057-032-100.wav,701,organ_electronic_057,6,organ,1,electronic,32,100,16000,dark
-58.39822,4.1298475,vocal_synthetic_003-046-127,vocal_synthetic_003-046-127,/root/autodl-tmp/tokenizer-eval/data/nsynth/nsynth-valid/audio/vocal_synthetic_003-046-127.wav,37,vocal_synthetic_003,10,vocal,2,synthetic,46,127,16000,bright|distortion|long_release|nonlinear_env
41.614334,-34.069244,flute_synthetic_000-036-025,flute_synthetic_000-036-025,/root/autodl-tmp/tokenizer-eval/data/nsynth/nsynth-valid/audio/flute_synthetic_000-036-025.wav,82,flute_synthetic_000,2,flute,2,synthetic,36,25,16000,distortion
-3.2942293,-22.588726,brass_acoustic_006-057-025,brass_acoustic_006-057-025,/root/autodl-tmp/tokenizer-eval/data/nsynth/nsynth-valid/audio/brass_acoustic_006-057-025.wav,43,brass_acoustic_006,1,brass,0,acoustic,57,25,16000,reverb
-15.604049,13.953758,guitar_acoustic_010-072-100,guitar_acoustic_010-072-100,/root/autodl-tmp/tokenizer-eval/data/nsynth/nsynth-valid/audio/guitar_acoustic_010-072-100.wav,219,guitar_acoustic_010,3,guitar,0,acoustic,72,100,16000,
-37.46605,30.664398,bass_synthetic_009-071-100,bass_synthetic_009-071-100,/root/autodl-tmp/tokenizer-eval/data/nsynth/nsynth-valid/audio/bass_synthetic_009-071-100.wav,150,bass_synthetic_009,0,bass,2,synthetic,71,100,16000,bright|distortion|long_release
-22.270308,37.250134,string_acoustic_057-076-127,string_acoustic_057-076-127,/root/autodl-tmp/tokenizer-eval/data/nsynth/nsynth-valid/audio/string_acoustic_057-076-127.wav,450,string_acoustic_057,8,string,0,acoustic,76,127,16000,bright|nonlinear_env|reverb
23.866608,16.794779,bass_synthetic_068-071-127,bass_synthetic_068-071-127,/root/autodl-tmp/tokenizer-eval/data/nsynth/nsynth-valid/audio/bass_synthetic_068-071-127.wav,656,bass_synthetic_068,0,bass,2,synthetic,71,127,16000,distortion
49.927036,11.07894,bass_synthetic_134-084-050,bass_synthetic_134-084-050,/root/autodl-tmp/tokenizer-eval/data/nsynth/nsynth-valid/audio/bass_synthetic_134-084-050.wav,914,bass_synthetic_134,0,bass,2,synthetic,84,50,16000,fast_decay|percussive|reverb
30.07173,40.37831,reed_acoustic_023-047-025,reed_acoustic_023-047-025,/root/autodl-tmp/tokenizer-eval/data/nsynth/nsynth-valid/audio/reed_acoustic_023-047-025.wav,224,reed_acoustic_023,7,reed,0,acoustic,47,25,16000,bright|fast_decay|multiphonic|nonlinear_env
38.52386,15.796322,keyboard_acoustic_004-088-100,keyboard_acoustic_004-088-100,/root/autodl-tmp/tokenizer-eval/data/nsynth/nsynth-valid/audio/keyboard_acoustic_004-088-100.wav,327,keyboard_acoustic_004,4,keyboard,0,acoustic,88,100,16000,reverb
43.83583,-29.162342,guitar_electronic_022-037-127,guitar_electronic_022-037-127,/root/autodl-tmp/tokenizer-eval/data/nsynth/nsynth-valid/audio/guitar_electronic_022-037-127.wav,378,guitar_electronic_022,3,guitar,1,electronic,37,127,16000,dark
-1.0236341,10.33013,flute_synthetic_000-066-100,flute_synthetic_000-066-100,/root/autodl-tmp/tokenizer-eval/data/nsynth/nsynth-valid/audio/flute_synthetic_000-066-100.wav,82,flute_synthetic_000,2,flute,2,synthetic,66,100,16000,distortion
-63.96914,10.007117,brass_acoustic_046-088-127,brass_acoustic_046-088-127,/root/autodl-tmp/tokenizer-eval/data/nsynth/nsynth-valid/audio/brass_acoustic_046-088-127.wav,414,brass_acoustic_046,1,brass,0,acoustic,88,127,16000,long_release
39.416687,5.0504856,bass_electronic_027-063-127,bass_electronic_027-063-127,/root/autodl-tmp/tokenizer-eval/data/nsynth/nsynth-valid/audio/bass_electronic_027-063-127.wav,880,bass_electronic_027,0,bass,1,electronic,63,127,16000,fast_decay
56.634388,30.855997,mallet_acoustic_047-074-127,mallet_acoustic_047-074-127,/root/autodl-tmp/tokenizer-eval/data/nsynth/nsynth-valid/audio/mallet_acoustic_047-074-127.wav,488,mallet_acoustic_047,5,mallet,0,acoustic,74,127,16000,fast_decay|percussive|reverb
-33.349518,27.17096,organ_electronic_057-083-075,organ_electronic_057-083-075,/root/autodl-tmp/tokenizer-eval/data/nsynth/nsynth-valid/audio/organ_electronic_057-083-075.wav,701,organ_electronic_057,6,organ,1,electronic,83,75,16000,
-20.177744,10.1175375,organ_electronic_007-048-127,organ_electronic_007-048-127,/root/autodl-tmp/tokenizer-eval/data/nsynth/nsynth-valid/audio/organ_electronic_007-048-127.wav,123,organ_electronic_007,6,organ,1,electronic,48,127,16000,distortion|long_release|nonlinear_env
25.892628,-17.821064,string_acoustic_071-042-025,string_acoustic_071-042-025,/root/autodl-tmp/tokenizer-eval/data/nsynth/nsynth-valid/audio/string_acoustic_071-042-025.wav,609,string_acoustic_071,8,string,0,acoustic,42,25,16000,long_release|reverb
-10.081713,30.222187,keyboard_acoustic_004-076-127,keyboard_acoustic_004-076-127,/root/autodl-tmp/tokenizer-eval/data/nsynth/nsynth-valid/audio/keyboard_acoustic_004-076-127.wav,327,keyboard_acoustic_004,4,keyboard,0,acoustic,76,127,16000,reverb
-34.909748,31.864492,bass_synthetic_009-095-075,bass_synthetic_009-095-075,/root/autodl-tmp/tokenizer-eval/data/nsynth/nsynth-valid/audio/bass_synthetic_009-095-075.wav,150,bass_synthetic_009,0,bass,2,synthetic,95,75,16000,long_release
-0.18600865,11.732561,guitar_acoustic_014-066-025,guitar_acoustic_014-066-025,/root/autodl-tmp/tokenizer-eval/data/nsynth/nsynth-valid/audio/guitar_acoustic_014-066-025.wav,263,guitar_acoustic_014,3,guitar,0,acoustic,66,25,16000,
-33.80018,27.154522,organ_electronic_001-095-075,organ_electronic_001-095-075,/root/autodl-tmp/tokenizer-eval/data/nsynth/nsynth-valid/audio/organ_electronic_001-095-075.wav,8,organ_electronic_001,6,organ,1,electronic,95,75,16000,
31.99642,49.052612,reed_acoustic_023-077-100,reed_acoustic_023-077-100,/root/autodl-tmp/tokenizer-eval/data/nsynth/nsynth-valid/audio/reed_acoustic_023-077-100.wav,224,reed_acoustic_023,7,reed,0,acoustic,77,100,16000,bright|fast_decay|multiphonic|nonlinear_env
31.66314,-31.04199,flute_synthetic_000-051-075,flute_synthetic_000-051-075,/root/autodl-tmp/tokenizer-eval/data/nsynth/nsynth-valid/audio/flute_synthetic_000-051-075.wav,82,flute_synthetic_000,2,flute,2,synthetic,51,75,16000,distortion
51.643024,15.773045,mallet_acoustic_056-073-050,mallet_acoustic_056-073-050,/root/autodl-tmp/tokenizer-eval/data/nsynth/nsynth-valid/audio/mallet_acoustic_056-073-050.wav,590,mallet_acoustic_056,5,mallet,0,acoustic,73,50,16000,fast_decay
-21.088146,-13.481806,brass_acoustic_006-039-075,brass_acoustic_006-039-075,/root/autodl-tmp/tokenizer-eval/data/nsynth/nsynth-valid/audio/brass_acoustic_006-039-075.wav,43,brass_acoustic_006,1,brass,0,acoustic,39,75,16000,reverb
-46.364407,-40.555237,brass_acoustic_046-075-050,brass_acoustic_046-075-050,/root/autodl-tmp/tokenizer-eval/data/nsynth/nsynth-valid/audio/brass_acoustic_046-075-050.wav,414,brass_acoustic_046,1,brass,0,acoustic,75,50,16000,
-4.3897233,12.836292,vocal_acoustic_000-066-075,vocal_acoustic_000-066-075,/root/autodl-tmp/tokenizer-eval/data/nsynth/nsynth-valid/audio/vocal_acoustic_000-066-075.wav,46,vocal_acoustic_000,10,vocal,0,acoustic,66,75,16000,reverb
-6.193898,13.885249,string_acoustic_057-078-100,string_acoustic_057-078-100,/root/autodl-tmp/tokenizer-eval/data/nsynth/nsynth-valid/audio/string_acoustic_057-078-100.wav,450,string_acoustic_057,8,string,0,acoustic,78,100,16000,bright|nonlinear_env|reverb
4.303309,-13.366588,organ_electronic_001-041-100,organ_electronic_001-041-100,/root/autodl-tmp/tokenizer-eval/data/nsynth/nsynth-valid/audio/organ_electronic_001-041-100.wav,8,organ_electronic_001,6,organ,1,electronic,41,100,16000,dark
15.586531,-51.944633,string_acoustic_012-045-127,string_acoustic_012-045-127,/root/autodl-tmp/tokenizer-eval/data/nsynth/nsynth-valid/audio/string_acoustic_012-045-127.wav,97,string_acoustic_012,8,string,0,acoustic,45,127,16000,reverb
-49.310207,13.971743,vocal_synthetic_003-092-025,vocal_synthetic_003-092-025,/root/autodl-tmp/tokenizer-eval/data/nsynth/nsynth-valid/audio/vocal_synthetic_003-092-025.wav,37,vocal_synthetic_003,10,vocal,2,synthetic,92,25,16000,bright|distortion|long_release|nonlinear_env
-45.60938,35.396404,vocal_synthetic_003-074-127,vocal_synthetic_003-074-127,/root/autodl-tmp/tokenizer-eval/data/nsynth/nsynth-valid/audio/vocal_synthetic_003-074-127.wav,37,vocal_synthetic_003,10,vocal,2,synthetic,74,127,16000,bright|distortion|long_release|nonlinear_env
21.084219,-10.470525,keyboard_electronic_003-041-100,keyboard_electronic_003-041-100,/root/autodl-tmp/tokenizer-eval/data/nsynth/nsynth-valid/audio/keyboard_electronic_003-041-100.wav,65,keyboard_electronic_003,4,keyboard,1,electronic,41,100,16000,distortion
5.1160765,-28.987259,organ_electronic_057-045-075,organ_electronic_057-045-075,/root/autodl-tmp/tokenizer-eval/data/nsynth/nsynth-valid/audio/organ_electronic_057-045-075.wav,701,organ_electronic_057,6,organ,1,electronic,45,75,16000,dark
8.299537,25.175936,guitar_electronic_028-053-025,guitar_electronic_028-053-025,/root/autodl-tmp/tokenizer-eval/data/nsynth/nsynth-valid/audio/guitar_electronic_028-053-025.wav,510,guitar_electronic_028,3,guitar,1,electronic,53,25,16000,dark
0.67761546,-34.60366,organ_electronic_104-043-050,organ_electronic_104-043-050,/root/autodl-tmp/tokenizer-eval/data/nsynth/nsynth-valid/audio/organ_electronic_104-043-050.wav,921,organ_electronic_104,6,organ,1,electronic,43,50,16000,
37.945797,-28.472528,flute_synthetic_000-050-025,flute_synthetic_000-050-025,/root/autodl-tmp/tokenizer-eval/data/nsynth/nsynth-valid/audio/flute_synthetic_000-050-025.wav,82,flute_synthetic_000,2,flute,2,synthetic,50,25,16000,distortion
-43.9624,-35.67674,vocal_acoustic_000-063-075,vocal_acoustic_000-063-075,/root/autodl-tmp/tokenizer-eval/data/nsynth/nsynth-valid/audio/vocal_acoustic_000-063-075.wav,46,vocal_acoustic_000,10,vocal,0,acoustic,63,75,16000,reverb
44.48523,-26.98635,guitar_acoustic_010-037-050,guitar_acoustic_010-037-050,/root/autodl-tmp/tokenizer-eval/data/nsynth/nsynth-valid/audio/guitar_acoustic_010-037-050.wav,219,guitar_acoustic_010,3,guitar,0,acoustic,37,50,16000,
47.197964,14.386846,string_acoustic_056-075-050,string_acoustic_056-075-050,/root/autodl-tmp/tokenizer-eval/data/nsynth/nsynth-valid/audio/string_acoustic_056-075-050.wav,436,string_acoustic_056,8,string,0,acoustic,75,50,16000,fast_decay|percussive|reverb
30.060024,34.354477,reed_acoustic_023-051-100,reed_acoustic_023-051-100,/root/autodl-tmp/tokenizer-eval/data/nsynth/nsynth-valid/audio/reed_acoustic_023-051-100.wav,224,reed_acoustic_023,7,reed,0,acoustic,51,100,16000,bright|fast_decay|multiphonic|nonlinear_env
-46.83374,-11.181714,vocal_synthetic_003-058-075,vocal_synthetic_003-058-075,/root/autodl-tmp/tokenizer-eval/data/nsynth/nsynth-valid/audio/vocal_synthetic_003-058-075.wav,37,vocal_synthetic_003,10,vocal,2,synthetic,58,75,16000,bright|distortion|long_release|nonlinear_env
-41.30032,-13.451664,string_acoustic_057-070-127,string_acoustic_057-070-127,/root/autodl-tmp/tokenizer-eval/data/nsynth/nsynth-valid/audio/string_acoustic_057-070-127.wav,450,string_acoustic_057,8,string,0,acoustic,70,127,16000,bright|nonlinear_env|reverb
17.293013,-5.0385647,bass_synthetic_068-063-075,bass_synthetic_068-063-075,/root/autodl-tmp/tokenizer-eval/data/nsynth/nsynth-valid/audio/bass_synthetic_068-063-075.wav,656,bass_synthetic_068,0,bass,2,synthetic,63,75,16000,
1.193843,38.089592,flute_acoustic_002-077-075,flute_acoustic_002-077-075,/root/autodl-tmp/tokenizer-eval/data/nsynth/nsynth-valid/audio/flute_acoustic_002-077-075.wav,86,flute_acoustic_002,2,flute,0,acoustic,77,75,16000,reverb
-2.1157603,22.725348,bass_synthetic_135-091-100,bass_synthetic_135-091-100,/root/autodl-tmp/tokenizer-eval/data/nsynth/nsynth-valid/audio/bass_synthetic_135-091-100.wav,927,bass_synthetic_135,0,bass,2,synthetic,91,100,16000,distortion
-2.1861026,-8.313805,bass_synthetic_135-062-127,bass_synthetic_135-062-127,/root/autodl-tmp/tokenizer-eval/data/nsynth/nsynth-valid/audio/bass_synthetic_135-062-127.wav,927,bass_synthetic_135,0,bass,2,synthetic,62,127,16000,distortion
-17.113098,1.4459945,brass_acoustic_015-067-127,brass_acoustic_015-067-127,/root/autodl-tmp/tokenizer-eval/data/nsynth/nsynth-valid/audio/brass_acoustic_015-067-127.wav,121,brass_acoustic_015,1,brass,0,acoustic,67,127,16000,reverb
43.737637,8.672676,string_acoustic_056-040-127,string_acoustic_056-040-127,/root/autodl-tmp/tokenizer-eval/data/nsynth/nsynth-valid/audio/string_acoustic_056-040-127.wav,436,string_acoustic_056,8,string,0,acoustic,40,127,16000,fast_decay|percussive|reverb
55.535248,17.939651,mallet_acoustic_056-063-025,mallet_acoustic_056-063-025,/root/autodl-tmp/tokenizer-eval/data/nsynth/nsynth-valid/audio/mallet_acoustic_056-063-025.wav,590,mallet_acoustic_056,5,mallet,0,acoustic,63,25,16000,fast_decay|percussive
-27.187714,-16.08274,reed_acoustic_011-046-075,reed_acoustic_011-046-075,/root/autodl-tmp/tokenizer-eval/data/nsynth/nsynth-valid/audio/reed_acoustic_011-046-075.wav,104,reed_acoustic_011,7,reed,0,acoustic,46,75,16000,
35.232887,43.423073,bass_synthetic_034-074-025,bass_synthetic_034-074-025,/root/autodl-tmp/tokenizer-eval/data/nsynth/nsynth-valid/audio/bass_synthetic_034-074-025.wav,420,bass_synthetic_034,0,bass,2,synthetic,74,25,16000,distortion|tempo-synced
-36.58917,-15.060479,keyboard_electronic_069-070-050,keyboard_electronic_069-070-050,/root/autodl-tmp/tokenizer-eval/data/nsynth/nsynth-valid/audio/keyboard_electronic_069-070-050.wav,805,keyboard_electronic_069,4,keyboard,1,electronic,70,50,16000,distortion
-60.00845,1.0418005,vocal_synthetic_003-043-127,vocal_synthetic_003-043-127,/root/autodl-tmp/tokenizer-eval/data/nsynth/nsynth-valid/audio/vocal_synthetic_003-043-127.wav,37,vocal_synthetic_003,10,vocal,2,synthetic,43,127,16000,bright|distortion|long_release|nonlinear_env
16.713074,-31.74279,flute_synthetic_000-058-075,flute_synthetic_000-058-075,/root/autodl-tmp/tokenizer-eval/data/nsynth/nsynth-valid/audio/flute_synthetic_000-058-075.wav,82,flute_synthetic_000,2,flute,2,synthetic,58,75,16000,distortion
24.277056,-0.19024909,bass_synthetic_068-068-127,bass_synthetic_068-068-127,/root/autodl-tmp/tokenizer-eval/data/nsynth/nsynth-valid/audio/bass_synthetic_068-068-127.wav,656,bass_synthetic_068,0,bass,2,synthetic,68,127,16000,distortion
58.80306,22.383356,mallet_acoustic_056-034-127,mallet_acoustic_056-034-127,/root/autodl-tmp/tokenizer-eval/data/nsynth/nsynth-valid/audio/mallet_acoustic_056-034-127.wav,590,mallet_acoustic_056,5,mallet,0,acoustic,34,127,16000,bright|fast_decay|percussive
20.15039,-42.331985,flute_synthetic_000-035-127,flute_synthetic_000-035-127,/root/autodl-tmp/tokenizer-eval/data/nsynth/nsynth-valid/audio/flute_synthetic_000-035-127.wav,82,flute_synthetic_000,2,flute,2,synthetic,35,127,16000,distortion
47.805557,35.153652,reed_acoustic_023-096-075,reed_acoustic_023-096-075,/root/autodl-tmp/tokenizer-eval/data/nsynth/nsynth-valid/audio/reed_acoustic_023-096-075.wav,224,reed_acoustic_023,7,reed,0,acoustic,96,75,16000,fast_decay|multiphonic|nonlinear_env|percussive
1.0473924,0.79836494,organ_electronic_057-059-075,organ_electronic_057-059-075,/root/autodl-tmp/tokenizer-eval/data/nsynth/nsynth-valid/audio/organ_electronic_057-059-075.wav,701,organ_electronic_057,6,organ,1,electronic,59,75,16000,dark
-15.352923,-19.165932,brass_acoustic_059-043-050,brass_acoustic_059-043-050,/root/autodl-tmp/tokenizer-eval/data/nsynth/nsynth-valid/audio/brass_acoustic_059-043-050.wav,572,brass_acoustic_059,1,brass,0,acoustic,43,50,16000,dark|reverb
47.402393,24.39041,mallet_acoustic_062-083-025,mallet_acoustic_062-083-025,/root/autodl-tmp/tokenizer-eval/data/nsynth/nsynth-valid/audio/mallet_acoustic_062-083-025.wav,644,mallet_acoustic_062,5,mallet,0,acoustic,83,25,16000,fast_decay|multiphonic|percussive
24.958248,-15.594378,flute_synthetic_000-054-100,flute_synthetic_000-054-100,/root/autodl-tmp/tokenizer-eval/data/nsynth/nsynth-valid/audio/flute_synthetic_000-054-100.wav,82,flute_synthetic_000,2,flute,2,synthetic,54,100,16000,distortion
-38.799896,-20.360048,reed_acoustic_037-058-050,reed_acoustic_037-058-050,/root/autodl-tmp/tokenizer-eval/data/nsynth/nsynth-valid/audio/reed_acoustic_037-058-050.wav,387,reed_acoustic_037,7,reed,0,acoustic,58,50,16000,reverb
45.42635,24.937271,mallet_acoustic_062-085-050,mallet_acoustic_062-085-050,/root/autodl-tmp/tokenizer-eval/data/nsynth/nsynth-valid/audio/mallet_acoustic_062-085-050.wav,644,mallet_acoustic_062,5,mallet,0,acoustic,85,50,16000,fast_decay|multiphonic
38.80249,-31.05543,flute_synthetic_000-038-025,flute_synthetic_000-038-025,/root/autodl-tmp/tokenizer-eval/data/nsynth/nsynth-valid/audio/flute_synthetic_000-038-025.wav,82,flute_synthetic_000,2,flute,2,synthetic,38,25,16000,distortion
-16.298462,3.311017,keyboard_electronic_001-079-025,keyboard_electronic_001-079-025,/root/autodl-tmp/tokenizer-eval/data/nsynth/nsynth-valid/audio/keyboard_electronic_001-079-025.wav,40,keyboard_electronic_001,4,keyboard,1,electronic,79,25,16000,
26.089148,-43.69849,organ_electronic_057-035-127,organ_electronic_057-035-127,/root/autodl-tmp/tokenizer-eval/data/nsynth/nsynth-valid/audio/organ_electronic_057-035-127.wav,701,organ_electronic_057,6,organ,1,electronic,35,127,16000,dark
45.133854,38.40611,reed_acoustic_023-095-075,reed_acoustic_023-095-075,/root/autodl-tmp/tokenizer-eval/data/nsynth/nsynth-valid/audio/reed_acoustic_023-095-075.wav,224,reed_acoustic_023,7,reed,0,acoustic,95,75,16000,fast_decay|multiphonic|nonlinear_env
-42.8539,-37.640987,flute_synthetic_000-075-100,flute_synthetic_000-075-100,/root/autodl-tmp/tokenizer-eval/data/nsynth/nsynth-valid/audio/flute_synthetic_000-075-100.wav,82,flute_synthetic_000,2,flute,2,synthetic,75,100,16000,distortion
34.937275,24.528072,mallet_acoustic_056-089-050,mallet_acoustic_056-089-050,/root/autodl-tmp/tokenizer-eval/data/nsynth/nsynth-valid/audio/mallet_acoustic_056-089-050.wav,590,mallet_acoustic_056,5,mallet,0,acoustic,89,50,16000,
-36.234425,45.941956,brass_acoustic_016-082-075,brass_acoustic_016-082-075,/root/autodl-tmp/tokenizer-eval/data/nsynth/nsynth-valid/audio/brass_acoustic_016-082-075.wav,128,brass_acoustic_016,1,brass,0,acoustic,82,75,16000,bright
55.541935,27.609138,mallet_acoustic_047-070-100,mallet_acoustic_047-070-100,/root/autodl-tmp/tokenizer-eval/data/nsynth/nsynth-valid/audio/mallet_acoustic_047-070-100.wav,488,mallet_acoustic_047,5,mallet,0,acoustic,70,100,16000,fast_decay|percussive|reverb
58.80648,30.461409,mallet_acoustic_047-076-100,mallet_acoustic_047-076-100,/root/autodl-tmp/tokenizer-eval/data/nsynth/nsynth-valid/audio/mallet_acoustic_047-076-100.wav,488,mallet_acoustic_047,5,mallet,0,acoustic,76,100,16000,percussive|reverb
-63.96914,10.007117,brass_acoustic_046-090-100,brass_acoustic_046-090-100,/root/autodl-tmp/tokenizer-eval/data/nsynth/nsynth-valid/audio/brass_acoustic_046-090-100.wav,414,brass_acoustic_046,1,brass,0,acoustic,90,100,16000,long_release
28.904118,-5.1052084,mallet_acoustic_062-055-075,mallet_acoustic_062-055-075,/root/autodl-tmp/tokenizer-eval/data/nsynth/nsynth-valid/audio/mallet_acoustic_062-055-075.wav,644,mallet_acoustic_062,5,mallet,0,acoustic,55,75,16000,dark|multiphonic
34.472157,24.259731,keyboard_electronic_098-089-025,keyboard_electronic_098-089-025,/root/autodl-tmp/tokenizer-eval/data/nsynth/nsynth-valid/audio/keyboard_electronic_098-089-025.wav,905,keyboard_electronic_098,4,keyboard,1,electronic,89,25,16000,fast_decay
34.406136,1.00684,bass_electronic_025-061-025,bass_electronic_025-061-025,/root/autodl-tmp/tokenizer-eval/data/nsynth/nsynth-valid/audio/bass_electronic_025-061-025.wav,872,bass_electronic_025,0,bass,1,electronic,61,25,16000,
9.137171,-14.3806095,flute_synthetic_000-060-050,flute_synthetic_000-060-050,/root/autodl-tmp/tokenizer-eval/data/nsynth/nsynth-valid/audio/flute_synthetic_000-060-050.wav,82,flute_synthetic_000,2,flute,2,synthetic,60,50,16000,distortion
6.3045034,-42.8045,guitar_electronic_022-031-100,guitar_electronic_022-031-100,/root/autodl-tmp/tokenizer-eval/data/nsynth/nsynth-valid/audio/guitar_electronic_022-031-100.wav,378,guitar_electronic_022,3,guitar,1,electronic,31,100,16000,dark
-63.96914,10.007117,brass_acoustic_046-086-100,brass_acoustic_046-086-100,/root/autodl-tmp/tokenizer-eval/data/nsynth/nsynth-valid/audio/brass_acoustic_046-086-100.wav,414,brass_acoustic_046,1,brass,0,acoustic,86,100,16000,long_release
5.1300173,30.49876,keyboard_electronic_069-077-075,keyboard_electronic_069-077-075,/root/autodl-tmp/tokenizer-eval/data/nsynth/nsynth-valid/audio/keyboard_electronic_069-077-075.wav,805,keyboard_electronic_069,4,keyboard,1,electronic,77,75,16000,distortion
9.81801,5.5546474,keyboard_electronic_001-040-100,keyboard_electronic_001-040-100,/root/autodl-tmp/tokenizer-eval/data/nsynth/nsynth-valid/audio/keyboard_electronic_001-040-100.wav,40,keyboard_electronic_001,4,keyboard,1,electronic,40,100,16000,
-37.787544,-20.190804,organ_electronic_001-058-025,organ_electronic_001-058-025,/root/autodl-tmp/tokenizer-eval/data/nsynth/nsynth-valid/audio/organ_electronic_001-058-025.wav,8,organ_electronic_001,6,organ,1,electronic,58,25,16000,dark
-47.266,-41.585773,flute_acoustic_002-075-050,flute_acoustic_002-075-050,/root/autodl-tmp/tokenizer-eval/data/nsynth/nsynth-valid/audio/flute_acoustic_002-075-050.wav,86,flute_acoustic_002,2,flute,0,acoustic,75,50,16000,reverb
31.49941,38.621105,reed_acoustic_023-040-025,reed_acoustic_023-040-025,/root/autodl-tmp/tokenizer-eval/data/nsynth/nsynth-valid/audio/reed_acoustic_023-040-025.wav,224,reed_acoustic_023,7,reed,0,acoustic,40,25,16000,bright|fast_decay|multiphonic|nonlinear_env
-8.114235,-53.299202,organ_electronic_001-056-075,organ_electronic_001-056-075,/root/autodl-tmp/tokenizer-eval/data/nsynth/nsynth-valid/audio/organ_electronic_001-056-075.wav,8,organ_electronic_001,6,organ,1,electronic,56,75,16000,dark
-59.104214,6.229964,vocal_synthetic_003-051-127,vocal_synthetic_003-051-127,/root/autodl-tmp/tokenizer-eval/data/nsynth/nsynth-valid/audio/vocal_synthetic_003-051-127.wav,37,vocal_synthetic_003,10,vocal,2,synthetic,51,127,16000,bright|distortion|long_release|nonlinear_env
32.845177,41.4423,reed_acoustic_023-062-050,reed_acoustic_023-062-050,/root/autodl-tmp/tokenizer-eval/data/nsynth/nsynth-valid/audio/reed_acoustic_023-062-050.wav,224,reed_acoustic_023,7,reed,0,acoustic,62,50,16000,bright|fast_decay|multiphonic|nonlinear_env
9.275771,-14.763575,flute_synthetic_000-060-127,flute_synthetic_000-060-127,/root/autodl-tmp/tokenizer-eval/data/nsynth/nsynth-valid/audio/flute_synthetic_000-060-127.wav,82,flute_synthetic_000,2,flute,2,synthetic,60,127,16000,distortion
23.174261,-43.836777,guitar_acoustic_014-035-075,guitar_acoustic_014-035-075,/root/autodl-tmp/tokenizer-eval/data/nsynth/nsynth-valid/audio/guitar_acoustic_014-035-075.wav,263,guitar_acoustic_014,3,guitar,0,acoustic,35,75,16000,
15.475397,3.7553363,guitar_electronic_028-070-100,guitar_electronic_028-070-100,/root/autodl-tmp/tokenizer-eval/data/nsynth/nsynth-valid/audio/guitar_electronic_028-070-100.wav,510,guitar_electronic_028,3,guitar,1,electronic,70,100,16000,
-19.789106,-9.834283,brass_acoustic_006-042-127,brass_acoustic_006-042-127,/root/autodl-tmp/tokenizer-eval/data/nsynth/nsynth-valid/audio/brass_acoustic_006-042-127.wav,43,brass_acoustic_006,1,brass,0,acoustic,42,127,16000,reverb
-23.39678,1.2710481,organ_electronic_113-067-025,organ_electronic_113-067-025,/root/autodl-tmp/tokenizer-eval/data/nsynth/nsynth-valid/audio/organ_electronic_113-067-025.wav,958,organ_electronic_113,6,organ,1,electronic,67,25,16000,
-27.087381,23.714527,reed_acoustic_037-059-127,reed_acoustic_037-059-127,/root/autodl-tmp/tokenizer-eval/data/nsynth/nsynth-valid/audio/reed_acoustic_037-059-127.wav,387,reed_acoustic_037,7,reed,0,acoustic,59,127,16000,reverb
-39.687172,-37.8548,keyboard_electronic_003-063-050,keyboard_electronic_003-063-050,/root/autodl-tmp/tokenizer-eval/data/nsynth/nsynth-valid/audio/keyboard_electronic_003-063-050.wav,65,keyboard_electronic_003,4,keyboard,1,electronic,63,50,16000,
-28.946072,5.487272,string_acoustic_057-091-100,string_acoustic_057-091-100,/root/autodl-tmp/tokenizer-eval/data/nsynth/nsynth-valid/audio/string_acoustic_057-091-100.wav,450,string_acoustic_057,8,string,0,acoustic,91,100,16000,nonlinear_env|reverb
12.73982,14.005591,guitar_acoustic_021-060-025,guitar_acoustic_021-060-025,/root/autodl-tmp/tokenizer-eval/data/nsynth/nsynth-valid/audio/guitar_acoustic_021-060-025.wav,457,guitar_acoustic_021,3,guitar,0,acoustic,60,25,16000,
19.917135,11.09141,bass_synthetic_068-062-127,bass_synthetic_068-062-127,/root/autodl-tmp/tokenizer-eval/data/nsynth/nsynth-valid/audio/bass_synthetic_068-062-127.wav,656,bass_synthetic_068,0,bass,2,synthetic,62,127,16000,dark|distortion
-13.8308,0.8784653,brass_acoustic_015-055-075,brass_acoustic_015-055-075,/root/autodl-tmp/tokenizer-eval/data/nsynth/nsynth-valid/audio/brass_acoustic_015-055-075.wav,121,brass_acoustic_015,1,brass,0,acoustic,55,75,16000,reverb
40.125282,-20.914038,guitar_electronic_028-038-050,guitar_electronic_028-038-050,/root/autodl-tmp/tokenizer-eval/data/nsynth/nsynth-valid/audio/guitar_electronic_028-038-050.wav,510,guitar_electronic_028,3,guitar,1,electronic,38,50,16000,dark
2.003402,27.634619,bass_synthetic_135-089-050,bass_synthetic_135-089-050,/root/autodl-tmp/tokenizer-eval/data/nsynth/nsynth-valid/audio/bass_synthetic_135-089-050.wav,927,bass_synthetic_135,0,bass,2,synthetic,89,50,16000,distortion
14.830487,-20.844486,bass_synthetic_098-073-075,bass_synthetic_098-073-075,/root/autodl-tmp/tokenizer-eval/data/nsynth/nsynth-valid/audio/bass_synthetic_098-073-075.wav,803,bass_synthetic_098,0,bass,2,synthetic,73,75,16000,
10.270716,8.921741,keyboard_electronic_001-036-075,keyboard_electronic_001-036-075,/root/autodl-tmp/tokenizer-eval/data/nsynth/nsynth-valid/audio/keyboard_electronic_001-036-075.wav,40,keyboard_electronic_001,4,keyboard,1,electronic,36,75,16000,dark
-3.278602,10.483352,organ_electronic_001-066-075,organ_electronic_001-066-075,/root/autodl-tmp/tokenizer-eval/data/nsynth/nsynth-valid/audio/organ_electronic_001-066-075.wav,8,organ_electronic_001,6,organ,1,electronic,66,75,16000,
-16.65067,27.910261,flute_synthetic_000-064-075,flute_synthetic_000-064-075,/root/autodl-tmp/tokenizer-eval/data/nsynth/nsynth-valid/audio/flute_synthetic_000-064-075.wav,82,flute_synthetic_000,2,flute,2,synthetic,64,75,16000,distortion
30.167484,40.875614,reed_acoustic_023-059-075,reed_acoustic_023-059-075,/root/autodl-tmp/tokenizer-eval/data/nsynth/nsynth-valid/audio/reed_acoustic_023-059-075.wav,224,reed_acoustic_023,7,reed,0,acoustic,59,75,16000,bright|fast_decay|multiphonic|nonlinear_env
25.81166,-24.92957,flute_synthetic_000-052-100,flute_synthetic_000-052-100,/root/autodl-tmp/tokenizer-eval/data/nsynth/nsynth-valid/audio/flute_synthetic_000-052-100.wav,82,flute_synthetic_000,2,flute,2,synthetic,52,100,16000,distortion
43.00064,-36.284325,flute_synthetic_000-048-050,flute_synthetic_000-048-050,/root/autodl-tmp/tokenizer-eval/data/nsynth/nsynth-valid/audio/flute_synthetic_000-048-050.wav,82,flute_synthetic_000,2,flute,2,synthetic,48,50,16000,distortion
9.100952,27.883179,keyboard_electronic_002-077-025,keyboard_electronic_002-077-025,/root/autodl-tmp/tokenizer-eval/data/nsynth/nsynth-valid/audio/keyboard_electronic_002-077-025.wav,50,keyboard_electronic_002,4,keyboard,1,electronic,77,25,16000,fast_decay
-54.063015,-37.55454,vocal_synthetic_003-087-025,vocal_synthetic_003-087-025,/root/autodl-tmp/tokenizer-eval/data/nsynth/nsynth-valid/audio/vocal_synthetic_003-087-025.wav,37,vocal_synthetic_003,10,vocal,2,synthetic,87,25,16000,bright|distortion|long_release|nonlinear_env
-38.63187,-32.152126,brass_acoustic_059-051-050,brass_acoustic_059-051-050,/root/autodl-tmp/tokenizer-eval/data/nsynth/nsynth-valid/audio/brass_acoustic_059-051-050.wav,572,brass_acoustic_059,1,brass,0,acoustic,51,50,16000,dark|reverb
-11.582872,-34.967823,string_acoustic_080-037-050,string_acoustic_080-037-050,/root/autodl-tmp/tokenizer-eval/data/nsynth/nsynth-valid/audio/string_acoustic_080-037-050.wav,675,string_acoustic_080,8,string,0,acoustic,37,50,16000,long_release|reverb
-31.954361,46.527225,brass_acoustic_016-089-075,brass_acoustic_016-089-075,/root/autodl-tmp/tokenizer-eval/data/nsynth/nsynth-valid/audio/brass_acoustic_016-089-075.wav,128,brass_acoustic_016,1,brass,0,acoustic,89,75,16000,
8.158426,-11.016477,keyboard_electronic_002-060-075,keyboard_electronic_002-060-075,/root/autodl-tmp/tokenizer-eval/data/nsynth/nsynth-valid/audio/keyboard_electronic_002-060-075.wav,50,keyboard_electronic_002,4,keyboard,1,electronic,60,75,16000,
43.64789,-7.381404,bass_synthetic_134-045-127,bass_synthetic_134-045-127,/root/autodl-tmp/tokenizer-eval/data/nsynth/nsynth-valid/audio/bass_synthetic_134-045-127.wav,914,bass_synthetic_134,0,bass,2,synthetic,45,127,16000,dark|fast_decay|reverb
18.377607,-41.910995,flute_synthetic_000-034-127,flute_synthetic_000-034-127,/root/autodl-tmp/tokenizer-eval/data/nsynth/nsynth-valid/audio/flute_synthetic_000-034-127.wav,82,flute_synthetic_000,2,flute,2,synthetic,34,127,16000,distortion
-17.508457,31.33209,organ_electronic_001-064-050,organ_electronic_001-064-050,/root/autodl-tmp/tokenizer-eval/data/nsynth/nsynth-valid/audio/organ_electronic_001-064-050.wav,8,organ_electronic_001,6,organ,1,electronic,64,50,16000,
-29.775066,3.7304018,string_acoustic_057-079-100,string_acoustic_057-079-100,/root/autodl-tmp/tokenizer-eval/data/nsynth/nsynth-valid/audio/string_acoustic_057-079-100.wav,450,string_acoustic_057,8,string,0,acoustic,79,100,16000,bright|nonlinear_env|reverb
34.308475,-11.154585,guitar_acoustic_010-036-075,guitar_acoustic_010-036-075,/root/autodl-tmp/tokenizer-eval/data/nsynth/nsynth-valid/audio/guitar_acoustic_010-036-075.wav,219,guitar_acoustic_010,3,guitar,0,acoustic,36,75,16000,
25.027748,6.235158,guitar_electronic_028-045-100,guitar_electronic_028-045-100,/root/autodl-tmp/tokenizer-eval/data/nsynth/nsynth-valid/audio/guitar_electronic_028-045-100.wav,510,guitar_electronic_028,3,guitar,1,electronic,45,100,16000,dark
31.117086,50.29732,reed_acoustic_023-089-127,reed_acoustic_023-089-127,/root/autodl-tmp/tokenizer-eval/data/nsynth/nsynth-valid/audio/reed_acoustic_023-089-127.wav,224,reed_acoustic_023,7,reed,0,acoustic,89,127,16000,fast_decay|multiphonic|nonlinear_env
8.600501,0.825052,brass_acoustic_015-047-075,brass_acoustic_015-047-075,/root/autodl-tmp/tokenizer-eval/data/nsynth/nsynth-valid/audio/brass_acoustic_015-047-075.wav,121,brass_acoustic_015,1,brass,0,acoustic,47,75,16000,reverb
41.851086,26.96829,mallet_acoustic_047-091-075,mallet_acoustic_047-091-075,/root/autodl-tmp/tokenizer-eval/data/nsynth/nsynth-valid/audio/mallet_acoustic_047-091-075.wav,488,mallet_acoustic_047,5,mallet,0,acoustic,91,75,16000,percussive|reverb
10.5898695,34.943005,organ_electronic_113-053-100,organ_electronic_113-053-100,/root/autodl-tmp/tokenizer-eval/data/nsynth/nsynth-valid/audio/organ_electronic_113-053-100.wav,958,organ_electronic_113,6,organ,1,electronic,53,100,16000,dark
-0.18228236,35.71106,brass_acoustic_046-077-127,brass_acoustic_046-077-127,/root/autodl-tmp/tokenizer-eval/data/nsynth/nsynth-valid/audio/brass_acoustic_046-077-127.wav,414,brass_acoustic_046,1,brass,0,acoustic,77,127,16000,
38.825413,26.698406,bass_synthetic_068-092-050,bass_synthetic_068-092-050,/root/autodl-tmp/tokenizer-eval/data/nsynth/nsynth-valid/audio/bass_synthetic_068-092-050.wav,656,bass_synthetic_068,0,bass,2,synthetic,92,50,16000,fast_decay
-46.917126,9.061044,vocal_synthetic_003-073-075,vocal_synthetic_003-073-075,/root/autodl-tmp/tokenizer-eval/data/nsynth/nsynth-valid/audio/vocal_synthetic_003-073-075.wav,37,vocal_synthetic_003,10,vocal,2,synthetic,73,75,16000,bright|distortion|long_release|nonlinear_env
17.19499,-38.274055,flute_synthetic_000-046-050,flute_synthetic_000-046-050,/root/autodl-tmp/tokenizer-eval/data/nsynth/nsynth-valid/audio/flute_synthetic_000-046-050.wav,82,flute_synthetic_000,2,flute,2,synthetic,46,50,16000,distortion
-16.353107,-34.68644,organ_electronic_057-049-075,organ_electronic_057-049-075,/root/autodl-tmp/tokenizer-eval/data/nsynth/nsynth-valid/audio/organ_electronic_057-049-075.wav,701,organ_electronic_057,6,organ,1,electronic,49,75,16000,dark
41.107506,-32.32546,flute_synthetic_000-037-100,flute_synthetic_000-037-100,/root/autodl-tmp/tokenizer-eval/data/nsynth/nsynth-valid/audio/flute_synthetic_000-037-100.wav,82,flute_synthetic_000,2,flute,2,synthetic,37,100,16000,distortion
-3.3780513,-51.440308,guitar_acoustic_021-044-100,guitar_acoustic_021-044-100,/root/autodl-tmp/tokenizer-eval/data/nsynth/nsynth-valid/audio/guitar_acoustic_021-044-100.wav,457,guitar_acoustic_021,3,guitar,0,acoustic,44,100,16000,
35.10482,-27.237381,organ_electronic_104-050-127,organ_electronic_104-050-127,/root/autodl-tmp/tokenizer-eval/data/nsynth/nsynth-valid/audio/organ_electronic_104-050-127.wav,921,organ_electronic_104,6,organ,1,electronic,50,127,16000,
-43.644775,23.300594,vocal_synthetic_003-078-025,vocal_synthetic_003-078-025,/root/autodl-tmp/tokenizer-eval/data/nsynth/nsynth-valid/audio/vocal_synthetic_003-078-025.wav,37,vocal_synthetic_003,10,vocal,2,synthetic,78,25,16000,bright|distortion|long_release|nonlinear_env
30.618109,14.715592,mallet_acoustic_056-086-127,mallet_acoustic_056-086-127,/root/autodl-tmp/tokenizer-eval/data/nsynth/nsynth-valid/audio/mallet_acoustic_056-086-127.wav,590,mallet_acoustic_056,5,mallet,0,acoustic,86,127,16000,
-47.64214,5.3858433,organ_electronic_007-073-025,organ_electronic_007-073-025,/root/autodl-tmp/tokenizer-eval/data/nsynth/nsynth-valid/audio/organ_electronic_007-073-025.wav,123,organ_electronic_007,6,organ,1,electronic,73,25,16000,distortion|long_release|nonlinear_env
10.355381,18.702002,guitar_electronic_022-084-127,guitar_electronic_022-084-127,/root/autodl-tmp/tokenizer-eval/data/nsynth/nsynth-valid/audio/guitar_electronic_022-084-127.wav,378,guitar_electronic_022,3,guitar,1,electronic,84,127,16000,
7.0772243,26.549175,keyboard_electronic_078-065-025,keyboard_electronic_078-065-025,/root/autodl-tmp/tokenizer-eval/data/nsynth/nsynth-valid/audio/keyboard_electronic_078-065-025.wav,838,keyboard_electronic_078,4,keyboard,1,electronic,65,25,16000,bright
9.450247,2.4947333,bass_synthetic_068-059-025,bass_synthetic_068-059-025,/root/autodl-tmp/tokenizer-eval/data/nsynth/nsynth-valid/audio/bass_synthetic_068-059-025.wav,656,bass_synthetic_068,0,bass,2,synthetic,59,25,16000,dark
1.2561193,21.398865,keyboard_electronic_003-090-050,keyboard_electronic_003-090-050,/root/autodl-tmp/tokenizer-eval/data/nsynth/nsynth-valid/audio/keyboard_electronic_003-090-050.wav,65,keyboard_electronic_003,4,keyboard,1,electronic,90,50,16000,
-22.567665,34.202923,brass_acoustic_046-064-100,brass_acoustic_046-064-100,/root/autodl-tmp/tokenizer-eval/data/nsynth/nsynth-valid/audio/brass_acoustic_046-064-100.wav,414,brass_acoustic_046,1,brass,0,acoustic,64,100,16000,bright
-47.26642,-41.586166,flute_acoustic_002-075-025,flute_acoustic_002-075-025,/root/autodl-tmp/tokenizer-eval/data/nsynth/nsynth-valid/audio/flute_acoustic_002-075-025.wav,86,flute_acoustic_002,2,flute,0,acoustic,75,25,16000,reverb
10.676868,25.327827,keyboard_electronic_069-053-025,keyboard_electronic_069-053-025,/root/autodl-tmp/tokenizer-eval/data/nsynth/nsynth-valid/audio/keyboard_electronic_069-053-025.wav,805,keyboard_electronic_069,4,keyboard,1,electronic,53,25,16000,distortion
-24.422132,-18.006392,reed_acoustic_011-035-025,reed_acoustic_011-035-025,/root/autodl-tmp/tokenizer-eval/data/nsynth/nsynth-valid/audio/reed_acoustic_011-035-025.wav,104,reed_acoustic_011,7,reed,0,acoustic,35,25,16000,
-15.906453,-56.56882,flute_acoustic_002-080-100,flute_acoustic_002-080-100,/root/autodl-tmp/tokenizer-eval/data/nsynth/nsynth-valid/audio/flute_acoustic_002-080-100.wav,86,flute_acoustic_002,2,flute,0,acoustic,80,100,16000,reverb
5.130016,30.49883,keyboard_electronic_069-077-127,keyboard_electronic_069-077-127,/root/autodl-tmp/tokenizer-eval/data/nsynth/nsynth-valid/audio/keyboard_electronic_069-077-127.wav,805,keyboard_electronic_069,4,keyboard,1,electronic,77,127,16000,distortion
7.8387966,-11.653602,guitar_electronic_022-060-050,guitar_electronic_022-060-050,/root/autodl-tmp/tokenizer-eval/data/nsynth/nsynth-valid/audio/guitar_electronic_022-060-050.wav,378,guitar_electronic_022,3,guitar,1,electronic,60,50,16000,dark
9.426146,-26.866116,guitar_acoustic_010-045-075,guitar_acoustic_010-045-075,/root/autodl-tmp/tokenizer-eval/data/nsynth/nsynth-valid/audio/guitar_acoustic_010-045-075.wav,219,guitar_acoustic_010,3,guitar,0,acoustic,45,75,16000,
24.812042,-23.208918,guitar_electronic_022-052-025,guitar_electronic_022-052-025,/root/autodl-tmp/tokenizer-eval/data/nsynth/nsynth-valid/audio/guitar_electronic_022-052-025.wav,378,guitar_electronic_022,3,guitar,1,electronic,52,25,16000,dark
-28.741127,37.515526,vocal_synthetic_003-076-100,vocal_synthetic_003-076-100,/root/autodl-tmp/tokenizer-eval/data/nsynth/nsynth-valid/audio/vocal_synthetic_003-076-100.wav,37,vocal_synthetic_003,10,vocal,2,synthetic,76,100,16000,bright|distortion|long_release|nonlinear_env
14.635025,5.0529847,guitar_electronic_028-058-100,guitar_electronic_028-058-100,/root/autodl-tmp/tokenizer-eval/data/nsynth/nsynth-valid/audio/guitar_electronic_028-058-100.wav,510,guitar_electronic_028,3,guitar,1,electronic,58,100,16000,dark
40.525127,14.331896,string_acoustic_056-076-100,string_acoustic_056-076-100,/root/autodl-tmp/tokenizer-eval/data/nsynth/nsynth-valid/audio/string_acoustic_056-076-100.wav,436,string_acoustic_056,8,string,0,acoustic,76,100,16000,fast_decay|percussive|reverb
-38.015053,-38.86778,organ_electronic_001-051-127,organ_electronic_001-051-127,/root/autodl-tmp/tokenizer-eval/data/nsynth/nsynth-valid/audio/organ_electronic_001-051-127.wav,8,organ_electronic_001,6,organ,1,electronic,51,127,16000,dark
32.69161,-18.960266,string_acoustic_014-040-075,string_acoustic_014-040-075,/root/autodl-tmp/tokenizer-eval/data/nsynth/nsynth-valid/audio/string_acoustic_014-040-075.wav,100,string_acoustic_014,8,string,0,acoustic,40,75,16000,dark|reverb
-34.03658,47.525627,brass_acoustic_016-062-075,brass_acoustic_016-062-075,/root/autodl-tmp/tokenizer-eval/data/nsynth/nsynth-valid/audio/brass_acoustic_016-062-075.wav,128,brass_acoustic_016,1,brass,0,acoustic,62,75,16000,bright
-22.444038,-32.62494,flute_acoustic_002-073-075,flute_acoustic_002-073-075,/root/autodl-tmp/tokenizer-eval/data/nsynth/nsynth-valid/audio/flute_acoustic_002-073-075.wav,86,flute_acoustic_002,2,flute,0,acoustic,73,75,16000,long_release|reverb
16.869795,-21.112959,bass_synthetic_098-093-050,bass_synthetic_098-093-050,/root/autodl-tmp/tokenizer-eval/data/nsynth/nsynth-valid/audio/bass_synthetic_098-093-050.wav,803,bass_synthetic_098,0,bass,2,synthetic,93,50,16000,
14.092505,-53.363255,vocal_synthetic_003-033-025,vocal_synthetic_003-033-025,/root/autodl-tmp/tokenizer-eval/data/nsynth/nsynth-valid/audio/vocal_synthetic_003-033-025.wav,37,vocal_synthetic_003,10,vocal,2,synthetic,33,25,16000,distortion|long_release|nonlinear_env
-18.21909,-14.939813,guitar_acoustic_015-032-025,guitar_acoustic_015-032-025,/root/autodl-tmp/tokenizer-eval/data/nsynth/nsynth-valid/audio/guitar_acoustic_015-032-025.wav,316,guitar_acoustic_015,3,guitar,0,acoustic,32,25,16000,reverb
31.117086,50.297325,reed_acoustic_023-089-100,reed_acoustic_023-089-100,/root/autodl-tmp/tokenizer-eval/data/nsynth/nsynth-valid/audio/reed_acoustic_023-089-100.wav,224,reed_acoustic_023,7,reed,0,acoustic,89,100,16000,fast_decay|multiphonic|nonlinear_env
-65.73089,9.849533,brass_acoustic_046-094-025,brass_acoustic_046-094-025,/root/autodl-tmp/tokenizer-eval/data/nsynth/nsynth-valid/audio/brass_acoustic_046-094-025.wav,414,brass_acoustic_046,1,brass,0,acoustic,94,25,16000,long_release
30.218182,-9.343456,guitar_electronic_028-035-025,guitar_electronic_028-035-025,/root/autodl-tmp/tokenizer-eval/data/nsynth/nsynth-valid/audio/guitar_electronic_028-035-025.wav,510,guitar_electronic_028,3,guitar,1,electronic,35,25,16000,dark
35.693565,39.844093,reed_acoustic_023-064-100,reed_acoustic_023-064-100,/root/autodl-tmp/tokenizer-eval/data/nsynth/nsynth-valid/audio/reed_acoustic_023-064-100.wav,224,reed_acoustic_023,7,reed,0,acoustic,64,100,16000,bright|fast_decay|multiphonic|nonlinear_env
-43.361164,40.219856,vocal_synthetic_003-069-100,vocal_synthetic_003-069-100,/root/autodl-tmp/tokenizer-eval/data/nsynth/nsynth-valid/audio/vocal_synthetic_003-069-100.wav,37,vocal_synthetic_003,10,vocal,2,synthetic,69,100,16000,bright|distortion|long_release|nonlinear_env
45.258858,6.876485,string_acoustic_056-067-100,string_acoustic_056-067-100,/root/autodl-tmp/tokenizer-eval/data/nsynth/nsynth-valid/audio/string_acoustic_056-067-100.wav,436,string_acoustic_056,8,string,0,acoustic,67,100,16000,fast_decay|percussive|reverb
34.336357,52.35639,keyboard_synthetic_000-091-127,keyboard_synthetic_000-091-127,/root/autodl-tmp/tokenizer-eval/data/nsynth/nsynth-valid/audio/keyboard_synthetic_000-091-127.wav,577,keyboard_synthetic_000,4,keyboard,2,synthetic,91,127,16000,bright|distortion|fast_decay|nonlinear_env
-41.350185,-38.609783,guitar_electronic_022-075-075,guitar_electronic_022-075-075,/root/autodl-tmp/tokenizer-eval/data/nsynth/nsynth-valid/audio/guitar_electronic_022-075-075.wav,378,guitar_electronic_022,3,guitar,1,electronic,75,75,16000,
-40.94899,46.598488,organ_electronic_007-079-050,organ_electronic_007-079-050,/root/autodl-tmp/tokenizer-eval/data/nsynth/nsynth-valid/audio/organ_electronic_007-079-050.wav,123,organ_electronic_007,6,organ,1,electronic,79,50,16000,bright|distortion|long_release|nonlinear_env
-17.16436,-10.9095545,reed_acoustic_011-036-050,reed_acoustic_011-036-050,/root/autodl-tmp/tokenizer-eval/data/nsynth/nsynth-valid/audio/reed_acoustic_011-036-050.wav,104,reed_acoustic_011,7,reed,0,acoustic,36,50,16000,
-20.435432,-3.7953048,string_acoustic_057-055-075,string_acoustic_057-055-075,/root/autodl-tmp/tokenizer-eval/data/nsynth/nsynth-valid/audio/string_acoustic_057-055-075.wav,450,string_acoustic_057,8,string,0,acoustic,55,75,16000,nonlinear_env|reverb
1.1401961,-1.0401652,organ_electronic_001-040-025,organ_electronic_001-040-025,/root/autodl-tmp/tokenizer-eval/data/nsynth/nsynth-valid/audio/organ_electronic_001-040-025.wav,8,organ_electronic_001,6,organ,1,electronic,40,25,16000,dark
-29.627089,25.50362,flute_acoustic_002-071-025,flute_acoustic_002-071-025,/root/autodl-tmp/tokenizer-eval/data/nsynth/nsynth-valid/audio/flute_acoustic_002-071-025.wav,86,flute_acoustic_002,2,flute,0,acoustic,71,25,16000,long_release|reverb
-40.954758,-18.849337,organ_electronic_028-082-075,organ_electronic_028-082-075,/root/autodl-tmp/tokenizer-eval/data/nsynth/nsynth-valid/audio/organ_electronic_028-082-075.wav,440,organ_electronic_028,6,organ,1,electronic,82,75,16000,
-22.743946,-53.962303,string_acoustic_057-092-025,string_acoustic_057-092-025,/root/autodl-tmp/tokenizer-eval/data/nsynth/nsynth-valid/audio/string_acoustic_057-092-025.wav,450,string_acoustic_057,8,string,0,acoustic,92,25,16000,bright|nonlinear_env|reverb
-17.302828,14.991566,flute_acoustic_002-084-100,flute_acoustic_002-084-100,/root/autodl-tmp/tokenizer-eval/data/nsynth/nsynth-valid/audio/flute_acoustic_002-084-100.wav,86,flute_acoustic_002,2,flute,0,acoustic,84,100,16000,long_release|reverb
-46.062668,-37.71312,reed_acoustic_037-075-100,reed_acoustic_037-075-100,/root/autodl-tmp/tokenizer-eval/data/nsynth/nsynth-valid/audio/reed_acoustic_037-075-100.wav,387,reed_acoustic_037,7,reed,0,acoustic,75,100,16000,reverb
24.01655,6.579422,keyboard_electronic_098-057-100,keyboard_electronic_098-057-100,/root/autodl-tmp/tokenizer-eval/data/nsynth/nsynth-valid/audio/keyboard_electronic_098-057-100.wav,905,keyboard_electronic_098,4,keyboard,1,electronic,57,100,16000,dark
0.40804002,-0.112412095,organ_electronic_104-059-127,organ_electronic_104-059-127,/root/autodl-tmp/tokenizer-eval/data/nsynth/nsynth-valid/audio/organ_electronic_104-059-127.wav,921,organ_electronic_104,6,organ,1,electronic,59,127,16000,
-60.683067,-1.5436829,vocal_synthetic_003-042-075,vocal_synthetic_003-042-075,/root/autodl-tmp/tokenizer-eval/data/nsynth/nsynth-valid/audio/vocal_synthetic_003-042-075.wav,37,vocal_synthetic_003,10,vocal,2,synthetic,42,75,16000,distortion|long_release|nonlinear_env
40.54998,30.819616,keyboard_electronic_098-094-025,keyboard_electronic_098-094-025,/root/autodl-tmp/tokenizer-eval/data/nsynth/nsynth-valid/audio/keyboard_electronic_098-094-025.wav,905,keyboard_electronic_098,4,keyboard,1,electronic,94,25,16000,fast_decay|percussive
37.995796,-25.155064,guitar_electronic_022-050-050,guitar_electronic_022-050-050,/root/autodl-tmp/tokenizer-eval/data/nsynth/nsynth-valid/audio/guitar_electronic_022-050-050.wav,378,guitar_electronic_022,3,guitar,1,electronic,50,50,16000,dark
-49.467464,8.298181,vocal_synthetic_003-061-127,vocal_synthetic_003-061-127,/root/autodl-tmp/tokenizer-eval/data/nsynth/nsynth-valid/audio/vocal_synthetic_003-061-127.wav,37,vocal_synthetic_003,10,vocal,2,synthetic,61,127,16000,bright|distortion|long_release|nonlinear_env
-43.82883,-34.627216,string_acoustic_057-063-025,string_acoustic_057-063-025,/root/autodl-tmp/tokenizer-eval/data/nsynth/nsynth-valid/audio/string_acoustic_057-063-025.wav,450,string_acoustic_057,8,string,0,acoustic,63,25,16000,bright|nonlinear_env|reverb
39.52606,28.68061,keyboard_electronic_098-093-100,keyboard_electronic_098-093-100,/root/autodl-tmp/tokenizer-eval/data/nsynth/nsynth-valid/audio/keyboard_electronic_098-093-100.wav,905,keyboard_electronic_098,4,keyboard,1,electronic,93,100,16000,fast_decay|percussive
-6.2458687,17.02956,organ_electronic_057-078-025,organ_electronic_057-078-025,/root/autodl-tmp/tokenizer-eval/data/nsynth/nsynth-valid/audio/organ_electronic_057-078-025.wav,701,organ_electronic_057,6,organ,1,electronic,78,25,16000,
-38.62164,-13.281511,reed_acoustic_018-082-100,reed_acoustic_018-082-100,/root/autodl-tmp/tokenizer-eval/data/nsynth/nsynth-valid/audio/reed_acoustic_018-082-100.wav,183,reed_acoustic_018,7,reed,0,acoustic,82,100,16000,
56.549953,31.327318,mallet_acoustic_047-074-050,mallet_acoustic_047-074-050,/root/autodl-tmp/tokenizer-eval/data/nsynth/nsynth-valid/audio/mallet_acoustic_047-074-050.wav,488,mallet_acoustic_047,5,mallet,0,acoustic,74,50,16000,fast_decay|percussive|reverb
-63.96914,10.007117,brass_acoustic_046-091-100,brass_acoustic_046-091-100,/root/autodl-tmp/tokenizer-eval/data/nsynth/nsynth-valid/audio/brass_acoustic_046-091-100.wav,414,brass_acoustic_046,1,brass,0,acoustic,91,100,16000,long_release
39.88191,-11.83467,mallet_acoustic_062-035-050,mallet_acoustic_062-035-050,/root/autodl-tmp/tokenizer-eval/data/nsynth/nsynth-valid/audio/mallet_acoustic_062-035-050.wav,644,mallet_acoustic_062,5,mallet,0,acoustic,35,50,16000,dark|multiphonic
-35.334396,-20.262259,organ_electronic_007-046-050,organ_electronic_007-046-050,/root/autodl-tmp/tokenizer-eval/data/nsynth/nsynth-valid/audio/organ_electronic_007-046-050.wav,123,organ_electronic_007,6,organ,1,electronic,46,50,16000,distortion|long_release|nonlinear_env
0.022636078,-43.66581,string_acoustic_071-043-100,string_acoustic_071-043-100,/root/autodl-tmp/tokenizer-eval/data/nsynth/nsynth-valid/audio/string_acoustic_071-043-100.wav,609,string_acoustic_071,8,string,0,acoustic,43,100,16000,reverb
15.313776,-3.8052173,guitar_acoustic_014-075-075,guitar_acoustic_014-075-075,/root/autodl-tmp/tokenizer-eval/data/nsynth/nsynth-valid/audio/guitar_acoustic_014-075-075.wav,263,guitar_acoustic_014,3,guitar,0,acoustic,75,75,16000,
-15.605861,-7.5778694,keyboard_electronic_002-042-100,keyboard_electronic_002-042-100,/root/autodl-tmp/tokenizer-eval/data/nsynth/nsynth-valid/audio/keyboard_electronic_002-042-100.wav,50,keyboard_electronic_002,4,keyboard,1,electronic,42,100,16000,distortion
-0.0504377,-22.999191,vocal_acoustic_000-069-025,vocal_acoustic_000-069-025,/root/autodl-tmp/tokenizer-eval/data/nsynth/nsynth-valid/audio/vocal_acoustic_000-069-025.wav,46,vocal_acoustic_000,10,vocal,0,acoustic,69,25,16000,reverb
-16.983988,37.761677,guitar_acoustic_010-088-050,guitar_acoustic_010-088-050,/root/autodl-tmp/tokenizer-eval/data/nsynth/nsynth-valid/audio/guitar_acoustic_010-088-050.wav,219,guitar_acoustic_010,3,guitar,0,acoustic,88,50,16000,
-2.346125,12.900101,flute_synthetic_000-078-050,flute_synthetic_000-078-050,/root/autodl-tmp/tokenizer-eval/data/nsynth/nsynth-valid/audio/flute_synthetic_000-078-050.wav,82,flute_synthetic_000,2,flute,2,synthetic,78,50,16000,distortion
35.93561,17.824768,string_acoustic_056-058-075,string_acoustic_056-058-075,/root/autodl-tmp/tokenizer-eval/data/nsynth/nsynth-valid/audio/string_acoustic_056-058-075.wav,436,string_acoustic_056,8,string,0,acoustic,58,75,16000,fast_decay|percussive|reverb
25.622038,-0.20482475,keyboard_acoustic_004-068-050,keyboard_acoustic_004-068-050,/root/autodl-tmp/tokenizer-eval/data/nsynth/nsynth-valid/audio/keyboard_acoustic_004-068-050.wav,327,keyboard_acoustic_004,4,keyboard,0,acoustic,68,50,16000,dark|reverb
40.944813,11.335839,string_acoustic_056-064-127,string_acoustic_056-064-127,/root/autodl-tmp/tokenizer-eval/data/nsynth/nsynth-valid/audio/string_acoustic_056-064-127.wav,436,string_acoustic_056,8,string,0,acoustic,64,127,16000,fast_decay|reverb
20.099155,43.295376,mallet_acoustic_062-091-127,mallet_acoustic_062-091-127,/root/autodl-tmp/tokenizer-eval/data/nsynth/nsynth-valid/audio/mallet_acoustic_062-091-127.wav,644,mallet_acoustic_062,5,mallet,0,acoustic,91,127,16000,multiphonic
-41.849987,-8.055211,string_acoustic_057-094-127,string_acoustic_057-094-127,/root/autodl-tmp/tokenizer-eval/data/nsynth/nsynth-valid/audio/string_acoustic_057-094-127.wav,450,string_acoustic_057,8,string,0,acoustic,94,127,16000,nonlinear_env|reverb
-2.1131935,22.75006,guitar_electronic_028-091-050,guitar_electronic_028-091-050,/root/autodl-tmp/tokenizer-eval/data/nsynth/nsynth-valid/audio/guitar_electronic_028-091-050.wav,510,guitar_electronic_028,3,guitar,1,electronic,91,50,16000,
-17.06737,-34.774616,organ_electronic_057-061-075,organ_electronic_057-061-075,/root/autodl-tmp/tokenizer-eval/data/nsynth/nsynth-valid/audio/organ_electronic_057-061-075.wav,701,organ_electronic_057,6,organ,1,electronic,61,75,16000,dark
-47.284386,39.19326,vocal_synthetic_003-093-100,vocal_synthetic_003-093-100,/root/autodl-tmp/tokenizer-eval/data/nsynth/nsynth-valid/audio/vocal_synthetic_003-093-100.wav,37,vocal_synthetic_003,10,vocal,2,synthetic,93,100,16000,bright|distortion|long_release|nonlinear_env
35.549862,9.553285,string_acoustic_056-068-100,string_acoustic_056-068-100,/root/autodl-tmp/tokenizer-eval/data/nsynth/nsynth-valid/audio/string_acoustic_056-068-100.wav,436,string_acoustic_056,8,string,0,acoustic,68,100,16000,fast_decay|percussive|reverb
23.106136,-15.794389,flute_synthetic_000-042-075,flute_synthetic_000-042-075,/root/autodl-tmp/tokenizer-eval/data/nsynth/nsynth-valid/audio/flute_synthetic_000-042-075.wav,82,flute_synthetic_000,2,flute,2,synthetic,42,75,16000,distortion
-12.266915,14.851223,mallet_acoustic_062-072-127,mallet_acoustic_062-072-127,/root/autodl-tmp/tokenizer-eval/data/nsynth/nsynth-valid/audio/mallet_acoustic_062-072-127.wav,644,mallet_acoustic_062,5,mallet,0,acoustic,72,127,16000,dark|multiphonic
-39.421867,0.4479698,vocal_synthetic_003-041-050,vocal_synthetic_003-041-050,/root/autodl-tmp/tokenizer-eval/data/nsynth/nsynth-valid/audio/vocal_synthetic_003-041-050.wav,37,vocal_synthetic_003,10,vocal,2,synthetic,41,50,16000,distortion|long_release|nonlinear_env
-45.28809,7.4677577,vocal_synthetic_003-085-075,vocal_synthetic_003-085-075,/root/autodl-tmp/tokenizer-eval/data/nsynth/nsynth-valid/audio/vocal_synthetic_003-085-075.wav,37,vocal_synthetic_003,10,vocal,2,synthetic,85,75,16000,bright|distortion|long_release|nonlinear_env
-44.285778,-39.877922,reed_acoustic_018-075-050,reed_acoustic_018-075-050,/root/autodl-tmp/tokenizer-eval/data/nsynth/nsynth-valid/audio/reed_acoustic_018-075-050.wav,183,reed_acoustic_018,7,reed,0,acoustic,75,50,16000,
26.231602,26.394394,keyboard_electronic_078-087-127,keyboard_electronic_078-087-127,/root/autodl-tmp/tokenizer-eval/data/nsynth/nsynth-valid/audio/keyboard_electronic_078-087-127.wav,838,keyboard_electronic_078,4,keyboard,1,electronic,87,127,16000,fast_decay
41.434856,-36.96612,string_acoustic_071-036-100,string_acoustic_071-036-100,/root/autodl-tmp/tokenizer-eval/data/nsynth/nsynth-valid/audio/string_acoustic_071-036-100.wav,609,string_acoustic_071,8,string,0,acoustic,36,100,16000,long_release|reverb
45.324913,-15.190361,keyboard_electronic_069-031-075,keyboard_electronic_069-031-075,/root/autodl-tmp/tokenizer-eval/data/nsynth/nsynth-valid/audio/keyboard_electronic_069-031-075.wav,805,keyboard_electronic_069,4,keyboard,1,electronic,31,75,16000,distortion
-20.31715,49.282818,string_acoustic_057-093-025,string_acoustic_057-093-025,/root/autodl-tmp/tokenizer-eval/data/nsynth/nsynth-valid/audio/string_acoustic_057-093-025.wav,450,string_acoustic_057,8,string,0,acoustic,93,25,16000,bright|nonlinear_env|reverb
42.9758,-28.955536,bass_electronic_025-037-100,bass_electronic_025-037-100,/root/autodl-tmp/tokenizer-eval/data/nsynth/nsynth-valid/audio/bass_electronic_025-037-100.wav,872,bass_electronic_025,0,bass,1,electronic,37,100,16000,
-58.654423,8.850911,vocal_synthetic_003-052-127,vocal_synthetic_003-052-127,/root/autodl-tmp/tokenizer-eval/data/nsynth/nsynth-valid/audio/vocal_synthetic_003-052-127.wav,37,vocal_synthetic_003,10,vocal,2,synthetic,52,127,16000,bright|distortion|long_release|nonlinear_env
28.614326,42.693733,reed_acoustic_023-066-075,reed_acoustic_023-066-075,/root/autodl-tmp/tokenizer-eval/data/nsynth/nsynth-valid/audio/reed_acoustic_023-066-075.wav,224,reed_acoustic_023,7,reed,0,acoustic,66,75,16000,bright|fast_decay|multiphonic|nonlinear_env
28.724186,-32.17559,organ_electronic_057-039-025,organ_electronic_057-039-025,/root/autodl-tmp/tokenizer-eval/data/nsynth/nsynth-valid/audio/organ_electronic_057-039-025.wav,701,organ_electronic_057,6,organ,1,electronic,39,25,16000,dark
-52.206657,-38.909817,vocal_synthetic_003-075-100,vocal_synthetic_003-075-100,/root/autodl-tmp/tokenizer-eval/data/nsynth/nsynth-valid/audio/vocal_synthetic_003-075-100.wav,37,vocal_synthetic_003,10,vocal,2,synthetic,75,100,16000,bright|distortion|long_release|nonlinear_env
-15.561228,50.83612,flute_acoustic_002-081-050,flute_acoustic_002-081-050,/root/autodl-tmp/tokenizer-eval/data/nsynth/nsynth-valid/audio/flute_acoustic_002-081-050.wav,86,flute_acoustic_002,2,flute,0,acoustic,81,50,16000,reverb
30.70126,2.2122743,guitar_acoustic_015-061-025,guitar_acoustic_015-061-025,/root/autodl-tmp/tokenizer-eval/data/nsynth/nsynth-valid/audio/guitar_acoustic_015-061-025.wav,316,guitar_acoustic_015,3,guitar,0,acoustic,61,25,16000,reverb
10.813651,37.254494,reed_acoustic_011-053-127,reed_acoustic_011-053-127,/root/autodl-tmp/tokenizer-eval/data/nsynth/nsynth-valid/audio/reed_acoustic_011-053-127.wav,104,reed_acoustic_011,7,reed,0,acoustic,53,127,16000,bright
12.567567,-32.20045,organ_electronic_001-039-100,organ_electronic_001-039-100,/root/autodl-tmp/tokenizer-eval/data/nsynth/nsynth-valid/audio/organ_electronic_001-039-100.wav,8,organ_electronic_001,6,organ,1,electronic,39,100,16000,dark
42.868393,-0.023597417,string_acoustic_014-059-025,string_acoustic_014-059-025,/root/autodl-tmp/tokenizer-eval/data/nsynth/nsynth-valid/audio/string_acoustic_014-059-025.wav,100,string_acoustic_014,8,string,0,acoustic,59,25,16000,dark|reverb
12.975259,15.265702,keyboard_electronic_001-060-050,keyboard_electronic_001-060-050,/root/autodl-tmp/tokenizer-eval/data/nsynth/nsynth-valid/audio/keyboard_electronic_001-060-050.wav,40,keyboard_electronic_001,4,keyboard,1,electronic,60,50,16000,dark
-0.06874725,34.09652,organ_electronic_001-089-050,organ_electronic_001-089-050,/root/autodl-tmp/tokenizer-eval/data/nsynth/nsynth-valid/audio/organ_electronic_001-089-050.wav,8,organ_electronic_001,6,organ,1,electronic,89,50,16000,
26.090204,-43.70173,organ_electronic_057-035-075,organ_electronic_057-035-075,/root/autodl-tmp/tokenizer-eval/data/nsynth/nsynth-valid/audio/organ_electronic_057-035-075.wav,701,organ_electronic_057,6,organ,1,electronic,35,75,16000,dark
-35.49547,48.436436,brass_acoustic_016-061-100,brass_acoustic_016-061-100,/root/autodl-tmp/tokenizer-eval/data/nsynth/nsynth-valid/audio/brass_acoustic_016-061-100.wav,128,brass_acoustic_016,1,brass,0,acoustic,61,100,16000,bright
-46.047203,21.435972,vocal_synthetic_003-090-100,vocal_synthetic_003-090-100,/root/autodl-tmp/tokenizer-eval/data/nsynth/nsynth-valid/audio/vocal_synthetic_003-090-100.wav,37,vocal_synthetic_003,10,vocal,2,synthetic,90,100,16000,bright|distortion|long_release|nonlinear_env
45.45596,-25.230446,keyboard_electronic_069-049-025,keyboard_electronic_069-049-025,/root/autodl-tmp/tokenizer-eval/data/nsynth/nsynth-valid/audio/keyboard_electronic_069-049-025.wav,805,keyboard_electronic_069,4,keyboard,1,electronic,49,25,16000,distortion
-39.397076,0.4555903,vocal_synthetic_003-041-025,vocal_synthetic_003-041-025,/root/autodl-tmp/tokenizer-eval/data/nsynth/nsynth-valid/audio/vocal_synthetic_003-041-025.wav,37,vocal_synthetic_003,10,vocal,2,synthetic,41,25,16000,distortion|long_release|nonlinear_env
42.902428,23.283575,mallet_acoustic_062-080-025,mallet_acoustic_062-080-025,/root/autodl-tmp/tokenizer-eval/data/nsynth/nsynth-valid/audio/mallet_acoustic_062-080-025.wav,644,mallet_acoustic_062,5,mallet,0,acoustic,80,25,16000,fast_decay|multiphonic|percussive
-3.8033288,35.68328,string_acoustic_057-089-100,string_acoustic_057-089-100,/root/autodl-tmp/tokenizer-eval/data/nsynth/nsynth-valid/audio/string_acoustic_057-089-100.wav,450,string_acoustic_057,8,string,0,acoustic,89,100,16000,nonlinear_env|reverb
30.5241,19.39408,keyboard_synthetic_000-070-050,keyboard_synthetic_000-070-050,/root/autodl-tmp/tokenizer-eval/data/nsynth/nsynth-valid/audio/keyboard_synthetic_000-070-050.wav,577,keyboard_synthetic_000,4,keyboard,2,synthetic,70,50,16000,distortion|fast_decay|nonlinear_env
-58.524963,-0.097892046,vocal_synthetic_003-049-100,vocal_synthetic_003-049-100,/root/autodl-tmp/tokenizer-eval/data/nsynth/nsynth-valid/audio/vocal_synthetic_003-049-100.wav,37,vocal_synthetic_003,10,vocal,2,synthetic,49,100,16000,bright|distortion|long_release|nonlinear_env
25.103903,-18.761452,organ_electronic_104-035-100,organ_electronic_104-035-100,/root/autodl-tmp/tokenizer-eval/data/nsynth/nsynth-valid/audio/organ_electronic_104-035-100.wav,921,organ_electronic_104,6,organ,1,electronic,35,100,16000,
24.634298,26.332214,keyboard_electronic_069-087-025,keyboard_electronic_069-087-025,/root/autodl-tmp/tokenizer-eval/data/nsynth/nsynth-valid/audio/keyboard_electronic_069-087-025.wav,805,keyboard_electronic_069,4,keyboard,1,electronic,87,25,16000,
28.932697,37.594654,reed_acoustic_023-048-075,reed_acoustic_023-048-075,/root/autodl-tmp/tokenizer-eval/data/nsynth/nsynth-valid/audio/reed_acoustic_023-048-075.wav,224,reed_acoustic_023,7,reed,0,acoustic,48,75,16000,bright|fast_decay|multiphonic|nonlinear_env
35.377663,-28.28428,organ_electronic_057-038-050,organ_electronic_057-038-050,/root/autodl-tmp/tokenizer-eval/data/nsynth/nsynth-valid/audio/organ_electronic_057-038-050.wav,701,organ_electronic_057,6,organ,1,electronic,38,50,16000,dark
-23.9724,-3.6954403,string_acoustic_012-055-075,string_acoustic_012-055-075,/root/autodl-tmp/tokenizer-eval/data/nsynth/nsynth-valid/audio/string_acoustic_012-055-075.wav,97,string_acoustic_012,8,string,0,acoustic,55,75,16000,long_release|reverb
42.942303,-6.540131,string_acoustic_014-057-075,string_acoustic_014-057-075,/root/autodl-tmp/tokenizer-eval/data/nsynth/nsynth-valid/audio/string_acoustic_014-057-075.wav,100,string_acoustic_014,8,string,0,acoustic,57,75,16000,dark|reverb
-48.345974,34.65599,vocal_synthetic_003-086-127,vocal_synthetic_003-086-127,/root/autodl-tmp/tokenizer-eval/data/nsynth/nsynth-valid/audio/vocal_synthetic_003-086-127.wav,37,vocal_synthetic_003,10,vocal,2,synthetic,86,127,16000,bright|distortion|long_release|nonlinear_env
-21.689503,35.21138,vocal_acoustic_000-064-100,vocal_acoustic_000-064-100,/root/autodl-tmp/tokenizer-eval/data/nsynth/nsynth-valid/audio/vocal_acoustic_000-064-100.wav,46,vocal_acoustic_000,10,vocal,0,acoustic,64,100,16000,reverb
-57.54433,-1.6252683,vocal_synthetic_003-044-075,vocal_synthetic_003-044-075,/root/autodl-tmp/tokenizer-eval/data/nsynth/nsynth-valid/audio/vocal_synthetic_003-044-075.wav,37,vocal_synthetic_003,10,vocal,2,synthetic,44,75,16000,distortion|long_release|nonlinear_env
6.2386518,9.601909,brass_acoustic_015-042-025,brass_acoustic_015-042-025,/root/autodl-tmp/tokenizer-eval/data/nsynth/nsynth-valid/audio/brass_acoustic_015-042-025.wav,121,brass_acoustic_015,1,brass,0,acoustic,42,25,16000,reverb
49.569443,29.07713,mallet_acoustic_047-088-050,mallet_acoustic_047-088-050,/root/autodl-tmp/tokenizer-eval/data/nsynth/nsynth-valid/audio/mallet_acoustic_047-088-050.wav,488,mallet_acoustic_047,5,mallet,0,acoustic,88,50,16000,fast_decay|percussive|reverb
-63.21227,-1.1463069,vocal_synthetic_003-040-075,vocal_synthetic_003-040-075,/root/autodl-tmp/tokenizer-eval/data/nsynth/nsynth-valid/audio/vocal_synthetic_003-040-075.wav,37,vocal_synthetic_003,10,vocal,2,synthetic,40,75,16000,distortion|long_release|nonlinear_env
-46.74597,7.9932933,bass_synthetic_009-073-100,bass_synthetic_009-073-100,/root/autodl-tmp/tokenizer-eval/data/nsynth/nsynth-valid/audio/bass_synthetic_009-073-100.wav,150,bass_synthetic_009,0,bass,2,synthetic,73,100,16000,bright|distortion|long_release
20.833813,45.194515,mallet_acoustic_062-094-127,mallet_acoustic_062-094-127,/root/autodl-tmp/tokenizer-eval/data/nsynth/nsynth-valid/audio/mallet_acoustic_062-094-127.wav,644,mallet_acoustic_062,5,mallet,0,acoustic,94,127,16000,multiphonic
3.5012155,-42.580944,string_acoustic_071-031-025,string_acoustic_071-031-025,/root/autodl-tmp/tokenizer-eval/data/nsynth/nsynth-valid/audio/string_acoustic_071-031-025.wav,609,string_acoustic_071,8,string,0,acoustic,31,25,16000,reverb
-25.016272,7.651166,organ_electronic_028-091-075,organ_electronic_028-091-075,/root/autodl-tmp/tokenizer-eval/data/nsynth/nsynth-valid/audio/organ_electronic_028-091-075.wav,440,organ_electronic_028,6,organ,1,electronic,91,75,16000,
-1.2174098,-38.85716,organ_electronic_104-055-025,organ_electronic_104-055-025,/root/autodl-tmp/tokenizer-eval/data/nsynth/nsynth-valid/audio/organ_electronic_104-055-025.wav,921,organ_electronic_104,6,organ,1,electronic,55,25,16000,
-31.06713,36.58552,vocal_synthetic_003-064-100,vocal_synthetic_003-064-100,/root/autodl-tmp/tokenizer-eval/data/nsynth/nsynth-valid/audio/vocal_synthetic_003-064-100.wav,37,vocal_synthetic_003,10,vocal,2,synthetic,64,100,16000,bright|distortion|long_release|nonlinear_env
-19.544657,-24.865528,reed_acoustic_037-037-025,reed_acoustic_037-037-025,/root/autodl-tmp/tokenizer-eval/data/nsynth/nsynth-valid/audio/reed_acoustic_037-037-025.wav,387,reed_acoustic_037,7,reed,0,acoustic,37,25,16000,reverb
39.543068,-6.235909,bass_synthetic_134-046-100,bass_synthetic_134-046-100,/root/autodl-tmp/tokenizer-eval/data/nsynth/nsynth-valid/audio/bass_synthetic_134-046-100.wav,914,bass_synthetic_134,0,bass,2,synthetic,46,100,16000,dark|reverb
48.55789,-0.8306333,keyboard_synthetic_000-050-127,keyboard_synthetic_000-050-127,/root/autodl-tmp/tokenizer-eval/data/nsynth/nsynth-valid/audio/keyboard_synthetic_000-050-127.wav,577,keyboard_synthetic_000,4,keyboard,2,synthetic,50,127,16000,bright|distortion|fast_decay|nonlinear_env
-7.2421184,-8.950177,string_acoustic_057-062-025,string_acoustic_057-062-025,/root/autodl-tmp/tokenizer-eval/data/nsynth/nsynth-valid/audio/string_acoustic_057-062-025.wav,450,string_acoustic_057,8,string,0,acoustic,62,25,16000,bright|nonlinear_env|reverb
53.216576,15.42125,mallet_acoustic_056-064-075,mallet_acoustic_056-064-075,/root/autodl-tmp/tokenizer-eval/data/nsynth/nsynth-valid/audio/mallet_acoustic_056-064-075.wav,590,mallet_acoustic_056,5,mallet,0,acoustic,64,75,16000,fast_decay
4.5207796,-5.3822193,string_acoustic_071-047-127,string_acoustic_071-047-127,/root/autodl-tmp/tokenizer-eval/data/nsynth/nsynth-valid/audio/string_acoustic_071-047-127.wav,609,string_acoustic_071,8,string,0,acoustic,47,127,16000,long_release|reverb
14.872465,-6.628845,guitar_electronic_028-051-127,guitar_electronic_028-051-127,/root/autodl-tmp/tokenizer-eval/data/nsynth/nsynth-valid/audio/guitar_electronic_028-051-127.wav,510,guitar_electronic_028,3,guitar,1,electronic,51,127,16000,
-8.72398,-0.31399724,string_acoustic_057-086-075,string_acoustic_057-086-075,/root/autodl-tmp/tokenizer-eval/data/nsynth/nsynth-valid/audio/string_acoustic_057-086-075.wav,450,string_acoustic_057,8,string,0,acoustic,86,75,16000,nonlinear_env|reverb
14.539893,3.6798196,bass_synthetic_135-070-100,bass_synthetic_135-070-100,/root/autodl-tmp/tokenizer-eval/data/nsynth/nsynth-valid/audio/bass_synthetic_135-070-100.wav,927,bass_synthetic_135,0,bass,2,synthetic,70,100,16000,distortion
1.738756,31.7432,flute_synthetic_000-089-100,flute_synthetic_000-089-100,/root/autodl-tmp/tokenizer-eval/data/nsynth/nsynth-valid/audio/flute_synthetic_000-089-100.wav,82,flute_synthetic_000,2,flute,2,synthetic,89,100,16000,distortion
42.868343,-0.023596428,string_acoustic_014-059-100,string_acoustic_014-059-100,/root/autodl-tmp/tokenizer-eval/data/nsynth/nsynth-valid/audio/string_acoustic_014-059-100.wav,100,string_acoustic_014,8,string,0,acoustic,59,100,16000,dark|reverb
-17.448261,-18.601828,brass_acoustic_059-031-075,brass_acoustic_059-031-075,/root/autodl-tmp/tokenizer-eval/data/nsynth/nsynth-valid/audio/brass_acoustic_059-031-075.wav,572,brass_acoustic_059,1,brass,0,acoustic,31,75,16000,bright|reverb
-21.774734,-30.25851,organ_electronic_057-073-025,organ_electronic_057-073-025,/root/autodl-tmp/tokenizer-eval/data/nsynth/nsynth-valid/audio/organ_electronic_057-073-025.wav,701,organ_electronic_057,6,organ,1,electronic,73,25,16000,
-27.890816,25.596888,reed_acoustic_037-071-075,reed_acoustic_037-071-075,/root/autodl-tmp/tokenizer-eval/data/nsynth/nsynth-valid/audio/reed_acoustic_037-071-075.wav,387,reed_acoustic_037,7,reed,0,acoustic,71,75,16000,reverb
-58.174538,2.50748,vocal_synthetic_003-046-075,vocal_synthetic_003-046-075,/root/autodl-tmp/tokenizer-eval/data/nsynth/nsynth-valid/audio/vocal_synthetic_003-046-075.wav,37,vocal_synthetic_003,10,vocal,2,synthetic,46,75,16000,distortion|long_release|nonlinear_env
26.040993,-15.001603,bass_electronic_025-042-075,bass_electronic_025-042-075,/root/autodl-tmp/tokenizer-eval/data/nsynth/nsynth-valid/audio/bass_electronic_025-042-075.wav,872,bass_electronic_025,0,bass,1,electronic,42,75,16000,
-17.051098,-19.432886,brass_acoustic_059-031-025,brass_acoustic_059-031-025,/root/autodl-tmp/tokenizer-eval/data/nsynth/nsynth-valid/audio/brass_acoustic_059-031-025.wav,572,brass_acoustic_059,1,brass,0,acoustic,31,25,16000,reverb
36.633114,-21.933598,mallet_acoustic_062-038-075,mallet_acoustic_062-038-075,/root/autodl-tmp/tokenizer-eval/data/nsynth/nsynth-valid/audio/mallet_acoustic_062-038-075.wav,644,mallet_acoustic_062,5,mallet,0,acoustic,38,75,16000,dark|multiphonic
-32.438908,42.706394,brass_acoustic_016-076-100,brass_acoustic_016-076-100,/root/autodl-tmp/tokenizer-eval/data/nsynth/nsynth-valid/audio/brass_acoustic_016-076-100.wav,128,brass_acoustic_016,1,brass,0,acoustic,76,100,16000,bright
-9.812921,-35.941257,guitar_acoustic_014-049-100,guitar_acoustic_014-049-100,/root/autodl-tmp/tokenizer-eval/data/nsynth/nsynth-valid/audio/guitar_acoustic_014-049-100.wav,263,guitar_acoustic_014,3,guitar,0,acoustic,49,100,16000,
-13.365382,-13.1917925,reed_acoustic_011-038-025,reed_acoustic_011-038-025,/root/autodl-tmp/tokenizer-eval/data/nsynth/nsynth-valid/audio/reed_acoustic_011-038-025.wav,104,reed_acoustic_011,7,reed,0,acoustic,38,25,16000,
8.7483,-46.285183,guitar_acoustic_021-032-100,guitar_acoustic_021-032-100,/root/autodl-tmp/tokenizer-eval/data/nsynth/nsynth-valid/audio/guitar_acoustic_021-032-100.wav,457,guitar_acoustic_021,3,guitar,0,acoustic,32,100,16000,
-19.814947,-26.42151,brass_acoustic_059-049-050,brass_acoustic_059-049-050,/root/autodl-tmp/tokenizer-eval/data/nsynth/nsynth-valid/audio/brass_acoustic_059-049-050.wav,572,brass_acoustic_059,1,brass,0,acoustic,49,50,16000,dark|reverb
29.178713,-30.956383,bass_electronic_025-039-050,bass_electronic_025-039-050,/root/autodl-tmp/tokenizer-eval/data/nsynth/nsynth-valid/audio/bass_electronic_025-039-050.wav,872,bass_electronic_025,0,bass,1,electronic,39,50,16000,
-10.821697,-32.19792,flute_synthetic_000-061-100,flute_synthetic_000-061-100,/root/autodl-tmp/tokenizer-eval/data/nsynth/nsynth-valid/audio/flute_synthetic_000-061-100.wav,82,flute_synthetic_000,2,flute,2,synthetic,61,100,16000,distortion
1.407017,-22.750715,brass_acoustic_015-069-100,brass_acoustic_015-069-100,/root/autodl-tmp/tokenizer-eval/data/nsynth/nsynth-valid/audio/brass_acoustic_015-069-100.wav,121,brass_acoustic_015,1,brass,0,acoustic,69,100,16000,reverb
-39.528225,15.144511,vocal_synthetic_003-077-075,vocal_synthetic_003-077-075,/root/autodl-tmp/tokenizer-eval/data/nsynth/nsynth-valid/audio/vocal_synthetic_003-077-075.wav,37,vocal_synthetic_003,10,vocal,2,synthetic,77,75,16000,bright|distortion|long_release|nonlinear_env
-34.50732,9.203835,vocal_synthetic_003-091-050,vocal_synthetic_003-091-050,/root/autodl-tmp/tokenizer-eval/data/nsynth/nsynth-valid/audio/vocal_synthetic_003-091-050.wav,37,vocal_synthetic_003,10,vocal,2,synthetic,91,50,16000,bright|distortion|long_release|nonlinear_env
4.847382,-0.16584478,reed_acoustic_018-059-075,reed_acoustic_018-059-075,/root/autodl-tmp/tokenizer-eval/data/nsynth/nsynth-valid/audio/reed_acoustic_018-059-075.wav,183,reed_acoustic_018,7,reed,0,acoustic,59,75,16000,
4.880572,32.96988,flute_synthetic_000-077-050,flute_synthetic_000-077-050,/root/autodl-tmp/tokenizer-eval/data/nsynth/nsynth-valid/audio/flute_synthetic_000-077-050.wav,82,flute_synthetic_000,2,flute,2,synthetic,77,50,16000,distortion
12.16926,19.606474,mallet_acoustic_062-084-127,mallet_acoustic_062-084-127,/root/autodl-tmp/tokenizer-eval/data/nsynth/nsynth-valid/audio/mallet_acoustic_062-084-127.wav,644,mallet_acoustic_062,5,mallet,0,acoustic,84,127,16000,multiphonic
43.678825,30.718616,keyboard_electronic_002-095-025,keyboard_electronic_002-095-025,/root/autodl-tmp/tokenizer-eval/data/nsynth/nsynth-valid/audio/keyboard_electronic_002-095-025.wav,50,keyboard_electronic_002,4,keyboard,1,electronic,95,25,16000,fast_decay|percussive
8.154822,24.797272,guitar_acoustic_015-053-050,guitar_acoustic_015-053-050,/root/autodl-tmp/tokenizer-eval/data/nsynth/nsynth-valid/audio/guitar_acoustic_015-053-050.wav,316,guitar_acoustic_015,3,guitar,0,acoustic,53,50,16000,reverb
4.429679,3.5493083,guitar_electronic_028-071-127,guitar_electronic_028-071-127,/root/autodl-tmp/tokenizer-eval/data/nsynth/nsynth-valid/audio/guitar_electronic_028-071-127.wav,510,guitar_electronic_028,3,guitar,1,electronic,71,127,16000,
7.376752,37.25053,reed_acoustic_011-041-025,reed_acoustic_011-041-025,/root/autodl-tmp/tokenizer-eval/data/nsynth/nsynth-valid/audio/reed_acoustic_011-041-025.wav,104,reed_acoustic_011,7,reed,0,acoustic,41,25,16000,
29.694284,-5.0077295,bass_electronic_018-055-100,bass_electronic_018-055-100,/root/autodl-tmp/tokenizer-eval/data/nsynth/nsynth-valid/audio/bass_electronic_018-055-100.wav,759,bass_electronic_018,0,bass,1,electronic,55,100,16000,
34.96232,49.524227,reed_acoustic_023-079-127,reed_acoustic_023-079-127,/root/autodl-tmp/tokenizer-eval/data/nsynth/nsynth-valid/audio/reed_acoustic_023-079-127.wav,224,reed_acoustic_023,7,reed,0,acoustic,79,127,16000,bright|fast_decay|multiphonic|nonlinear_env
-7.8301215,-20.434986,keyboard_electronic_078-045-025,keyboard_electronic_078-045-025,/root/autodl-tmp/tokenizer-eval/data/nsynth/nsynth-valid/audio/keyboard_electronic_078-045-025.wav,838,keyboard_electronic_078,4,keyboard,1,electronic,45,25,16000,bright
-38.95014,-32.07197,brass_acoustic_059-051-075,brass_acoustic_059-051-075,/root/autodl-tmp/tokenizer-eval/data/nsynth/nsynth-valid/audio/brass_acoustic_059-051-075.wav,572,brass_acoustic_059,1,brass,0,acoustic,51,75,16000,bright|reverb
-64.44381,8.326956,brass_acoustic_046-095-127,brass_acoustic_046-095-127,/root/autodl-tmp/tokenizer-eval/data/nsynth/nsynth-valid/audio/brass_acoustic_046-095-127.wav,414,brass_acoustic_046,1,brass,0,acoustic,95,127,16000,long_release
-36.22645,-36.069916,string_acoustic_071-051-075,string_acoustic_071-051-075,/root/autodl-tmp/tokenizer-eval/data/nsynth/nsynth-valid/audio/string_acoustic_071-051-075.wav,609,string_acoustic_071,8,string,0,acoustic,51,75,16000,reverb
-37.215687,-15.868899,flute_synthetic_000-070-025,flute_synthetic_000-070-025,/root/autodl-tmp/tokenizer-eval/data/nsynth/nsynth-valid/audio/flute_synthetic_000-070-025.wav,82,flute_synthetic_000,2,flute,2,synthetic,70,25,16000,distortion
-3.5098286,14.396282,brass_acoustic_046-066-025,brass_acoustic_046-066-025,/root/autodl-tmp/tokenizer-eval/data/nsynth/nsynth-valid/audio/brass_acoustic_046-066-025.wav,414,brass_acoustic_046,1,brass,0,acoustic,66,25,16000,
-4.827071,-14.338832,organ_electronic_007-038-100,organ_electronic_007-038-100,/root/autodl-tmp/tokenizer-eval/data/nsynth/nsynth-valid/audio/organ_electronic_007-038-100.wav,123,organ_electronic_007,6,organ,1,electronic,38,100,16000,distortion|long_release|nonlinear_env
55.701954,26.30048,mallet_acoustic_047-068-050,mallet_acoustic_047-068-050,/root/autodl-tmp/tokenizer-eval/data/nsynth/nsynth-valid/audio/mallet_acoustic_047-068-050.wav,488,mallet_acoustic_047,5,mallet,0,acoustic,68,50,16000,fast_decay|percussive|reverb
15.628349,-19.399242,bass_synthetic_098-075-100,bass_synthetic_098-075-100,/root/autodl-tmp/tokenizer-eval/data/nsynth/nsynth-valid/audio/bass_synthetic_098-075-100.wav,803,bass_synthetic_098,0,bass,2,synthetic,75,100,16000,
56.571884,31.23426,mallet_acoustic_047-074-100,mallet_acoustic_047-074-100,/root/autodl-tmp/tokenizer-eval/data/nsynth/nsynth-valid/audio/mallet_acoustic_047-074-100.wav,488,mallet_acoustic_047,5,mallet,0,acoustic,74,100,16000,fast_decay|percussive|reverb
13.764061,-43.912827,flute_synthetic_000-033-050,flute_synthetic_000-033-050,/root/autodl-tmp/tokenizer-eval/data/nsynth/nsynth-valid/audio/flute_synthetic_000-033-050.wav,82,flute_synthetic_000,2,flute,2,synthetic,33,50,16000,distortion
2.6178129,-43.709335,string_acoustic_012-031-127,string_acoustic_012-031-127,/root/autodl-tmp/tokenizer-eval/data/nsynth/nsynth-valid/audio/string_acoustic_012-031-127.wav,97,string_acoustic_012,8,string,0,acoustic,31,127,16000,reverb
22.646862,-43.0246,string_acoustic_012-035-025,string_acoustic_012-035-025,/root/autodl-tmp/tokenizer-eval/data/nsynth/nsynth-valid/audio/string_acoustic_012-035-025.wav,97,string_acoustic_012,8,string,0,acoustic,35,25,16000,long_release|reverb
6.6615868,-16.730026,string_acoustic_071-048-100,string_acoustic_071-048-100,/root/autodl-tmp/tokenizer-eval/data/nsynth/nsynth-valid/audio/string_acoustic_071-048-100.wav,609,string_acoustic_071,8,string,0,acoustic,48,100,16000,long_release|reverb
37.647163,38.4409,reed_acoustic_023-058-100,reed_acoustic_023-058-100,/root/autodl-tmp/tokenizer-eval/data/nsynth/nsynth-valid/audio/reed_acoustic_023-058-100.wav,224,reed_acoustic_023,7,reed,0,acoustic,58,100,16000,bright|fast_decay|multiphonic|nonlinear_env
60.319798,28.239927,mallet_acoustic_047-078-127,mallet_acoustic_047-078-127,/root/autodl-tmp/tokenizer-eval/data/nsynth/nsynth-valid/audio/mallet_acoustic_047-078-127.wav,488,mallet_acoustic_047,5,mallet,0,acoustic,78,127,16000,fast_decay|percussive|reverb
14.322376,-50.815754,string_acoustic_080-033-050,string_acoustic_080-033-050,/root/autodl-tmp/tokenizer-eval/data/nsynth/nsynth-valid/audio/string_acoustic_080-033-050.wav,675,string_acoustic_080,8,string,0,acoustic,33,50,16000,reverb
26.038,38.554123,reed_acoustic_023-084-025,reed_acoustic_023-084-025,/root/autodl-tmp/tokenizer-eval/data/nsynth/nsynth-valid/audio/reed_acoustic_023-084-025.wav,224,reed_acoustic_023,7,reed,0,acoustic,84,25,16000,bright|fast_decay|multiphonic|nonlinear_env
11.423767,18.433897,guitar_electronic_028-084-100,guitar_electronic_028-084-100,/root/autodl-tmp/tokenizer-eval/data/nsynth/nsynth-valid/audio/guitar_electronic_028-084-100.wav,510,guitar_electronic_028,3,guitar,1,electronic,84,100,16000,
-3.6502678,35.703407,string_acoustic_057-089-050,string_acoustic_057-089-050,/root/autodl-tmp/tokenizer-eval/data/nsynth/nsynth-valid/audio/string_acoustic_057-089-050.wav,450,string_acoustic_057,8,string,0,acoustic,89,50,16000,bright|nonlinear_env|reverb
-41.311634,24.626999,flute_acoustic_002-090-100,flute_acoustic_002-090-100,/root/autodl-tmp/tokenizer-eval/data/nsynth/nsynth-valid/audio/flute_acoustic_002-090-100.wav,86,flute_acoustic_002,2,flute,0,acoustic,90,100,16000,long_release|reverb
-40.079735,-12.517053,flute_acoustic_002-082-127,flute_acoustic_002-082-127,/root/autodl-tmp/tokenizer-eval/data/nsynth/nsynth-valid/audio/flute_acoustic_002-082-127.wav,86,flute_acoustic_002,2,flute,0,acoustic,82,127,16000,long_release|reverb
24.884493,8.081016,keyboard_electronic_002-069-075,keyboard_electronic_002-069-075,/root/autodl-tmp/tokenizer-eval/data/nsynth/nsynth-valid/audio/keyboard_electronic_002-069-075.wav,50,keyboard_electronic_002,4,keyboard,1,electronic,69,75,16000,
5.00965,-41.41883,keyboard_electronic_003-043-050,keyboard_electronic_003-043-050,/root/autodl-tmp/tokenizer-eval/data/nsynth/nsynth-valid/audio/keyboard_electronic_003-043-050.wav,65,keyboard_electronic_003,4,keyboard,1,electronic,43,50,16000,dark
4.5385747,4.754373,guitar_electronic_028-083-127,guitar_electronic_028-083-127,/root/autodl-tmp/tokenizer-eval/data/nsynth/nsynth-valid/audio/guitar_electronic_028-083-127.wav,510,guitar_electronic_028,3,guitar,1,electronic,83,127,16000,
-28.946392,5.4739776,string_acoustic_057-091-127,string_acoustic_057-091-127,/root/autodl-tmp/tokenizer-eval/data/nsynth/nsynth-valid/audio/string_acoustic_057-091-127.wav,450,string_acoustic_057,8,string,0,acoustic,91,127,16000,nonlinear_env|reverb
57.854237,25.36069,mallet_acoustic_047-065-075,mallet_acoustic_047-065-075,/root/autodl-tmp/tokenizer-eval/data/nsynth/nsynth-valid/audio/mallet_acoustic_047-065-075.wav,488,mallet_acoustic_047,5,mallet,0,acoustic,65,75,16000,reverb
6.376797,36.12831,organ_electronic_001-065-050,organ_electronic_001-065-050,/root/autodl-tmp/tokenizer-eval/data/nsynth/nsynth-valid/audio/organ_electronic_001-065-050.wav,8,organ_electronic_001,6,organ,1,electronic,65,50,16000,
-10.347681,-2.1451015,brass_acoustic_046-074-127,brass_acoustic_046-074-127,/root/autodl-tmp/tokenizer-eval/data/nsynth/nsynth-valid/audio/brass_acoustic_046-074-127.wav,414,brass_acoustic_046,1,brass,0,acoustic,74,127,16000,bright
-51.871956,-35.72716,organ_electronic_007-075-100,organ_electronic_007-075-100,/root/autodl-tmp/tokenizer-eval/data/nsynth/nsynth-valid/audio/organ_electronic_007-075-100.wav,123,organ_electronic_007,6,organ,1,electronic,75,100,16000,distortion|long_release|nonlinear_env
27.008778,25.982788,guitar_acoustic_030-087-127,guitar_acoustic_030-087-127,/root/autodl-tmp/tokenizer-eval/data/nsynth/nsynth-valid/audio/guitar_acoustic_030-087-127.wav,642,guitar_acoustic_030,3,guitar,0,acoustic,87,127,16000,fast_decay|tempo-synced
56.471676,19.42464,mallet_acoustic_056-053-100,mallet_acoustic_056-053-100,/root/autodl-tmp/tokenizer-eval/data/nsynth/nsynth-valid/audio/mallet_acoustic_056-053-100.wav,590,mallet_acoustic_056,5,mallet,0,acoustic,53,100,16000,bright|fast_decay|percussive
2.475421,-41.185947,keyboard_electronic_098-043-025,keyboard_electronic_098-043-025,/root/autodl-tmp/tokenizer-eval/data/nsynth/nsynth-valid/audio/keyboard_electronic_098-043-025.wav,905,keyboard_electronic_098,4,keyboard,1,electronic,43,25,16000,dark
43.629417,-10.512498,mallet_acoustic_062-033-050,mallet_acoustic_062-033-050,/root/autodl-tmp/tokenizer-eval/data/nsynth/nsynth-valid/audio/mallet_acoustic_062-033-050.wav,644,mallet_acoustic_062,5,mallet,0,acoustic,33,50,16000,dark|multiphonic
-59.651672,-4.0203757,vocal_synthetic_003-031-127,vocal_synthetic_003-031-127,/root/autodl-tmp/tokenizer-eval/data/nsynth/nsynth-valid/audio/vocal_synthetic_003-031-127.wav,37,vocal_synthetic_003,10,vocal,2,synthetic,31,127,16000,bright|distortion|long_release|nonlinear_env
-0.541012,31.294413,organ_electronic_113-077-127,organ_electronic_113-077-127,/root/autodl-tmp/tokenizer-eval/data/nsynth/nsynth-valid/audio/organ_electronic_113-077-127.wav,958,organ_electronic_113,6,organ,1,electronic,77,127,16000,
58.39302,17.706766,mallet_acoustic_056-048-025,mallet_acoustic_056-048-025,/root/autodl-tmp/tokenizer-eval/data/nsynth/nsynth-valid/audio/mallet_acoustic_056-048-025.wav,590,mallet_acoustic_056,5,mallet,0,acoustic,48,25,16000,bright|fast_decay|percussive
-36.162666,38.802658,string_acoustic_057-090-127,string_acoustic_057-090-127,/root/autodl-tmp/tokenizer-eval/data/nsynth/nsynth-valid/audio/string_acoustic_057-090-127.wav,450,string_acoustic_057,8,string,0,acoustic,90,127,16000,nonlinear_env|reverb
1.3795767,-51.785072,string_acoustic_080-032-025,string_acoustic_080-032-025,/root/autodl-tmp/tokenizer-eval/data/nsynth/nsynth-valid/audio/string_acoustic_080-032-025.wav,675,string_acoustic_080,8,string,0,acoustic,32,25,16000,long_release|reverb
-15.36957,29.200787,keyboard_electronic_098-052-127,keyboard_electronic_098-052-127,/root/autodl-tmp/tokenizer-eval/data/nsynth/nsynth-valid/audio/keyboard_electronic_098-052-127.wav,905,keyboard_electronic_098,4,keyboard,1,electronic,52,127,16000,
14.627473,12.303297,brass_acoustic_015-041-127,brass_acoustic_015-041-127,/root/autodl-tmp/tokenizer-eval/data/nsynth/nsynth-valid/audio/brass_acoustic_015-041-127.wav,121,brass_acoustic_015,1,brass,0,acoustic,41,127,16000,reverb
-24.508993,-3.933398,reed_acoustic_011-055-025,reed_acoustic_011-055-025,/root/autodl-tmp/tokenizer-eval/data/nsynth/nsynth-valid/audio/reed_acoustic_011-055-025.wav,104,reed_acoustic_011,7,reed,0,acoustic,55,25,16000,
-36.62121,-35.58274,string_acoustic_012-051-050,string_acoustic_012-051-050,/root/autodl-tmp/tokenizer-eval/data/nsynth/nsynth-valid/audio/string_acoustic_012-051-050.wav,97,string_acoustic_012,8,string,0,acoustic,51,50,16000,reverb
10.182765,-43.87372,flute_synthetic_000-031-127,flute_synthetic_000-031-127,/root/autodl-tmp/tokenizer-eval/data/nsynth/nsynth-valid/audio/flute_synthetic_000-031-127.wav,82,flute_synthetic_000,2,flute,2,synthetic,31,127,16000,distortion
16.142136,-29.650417,keyboard_electronic_003-058-025,keyboard_electronic_003-058-025,/root/autodl-tmp/tokenizer-eval/data/nsynth/nsynth-valid/audio/keyboard_electronic_003-058-025.wav,65,keyboard_electronic_003,4,keyboard,1,electronic,58,25,16000,dark
3.6067681,12.004038,guitar_acoustic_021-066-025,guitar_acoustic_021-066-025,/root/autodl-tmp/tokenizer-eval/data/nsynth/nsynth-valid/audio/guitar_acoustic_021-066-025.wav,457,guitar_acoustic_021,3,guitar,0,acoustic,66,25,16000,
26.291122,-14.376374,mallet_acoustic_062-042-127,mallet_acoustic_062-042-127,/root/autodl-tmp/tokenizer-eval/data/nsynth/nsynth-valid/audio/mallet_acoustic_062-042-127.wav,644,mallet_acoustic_062,5,mallet,0,acoustic,42,127,16000,dark|long_release|multiphonic
46.73922,-5.7152114,mallet_acoustic_062-032-025,mallet_acoustic_062-032-025,/root/autodl-tmp/tokenizer-eval/data/nsynth/nsynth-valid/audio/mallet_acoustic_062-032-025.wav,644,mallet_acoustic_062,5,mallet,0,acoustic,32,25,16000,dark|multiphonic
-7.4260416,29.7402,keyboard_electronic_003-088-100,keyboard_electronic_003-088-100,/root/autodl-tmp/tokenizer-eval/data/nsynth/nsynth-valid/audio/keyboard_electronic_003-088-100.wav,65,keyboard_electronic_003,4,keyboard,1,electronic,88,100,16000,
41.709095,-11.458553,mallet_acoustic_062-034-075,mallet_acoustic_062-034-075,/root/autodl-tmp/tokenizer-eval/data/nsynth/nsynth-valid/audio/mallet_acoustic_062-034-075.wav,644,mallet_acoustic_062,5,mallet,0,acoustic,34,75,16000,dark|multiphonic
-60.65523,-1.3802409,vocal_synthetic_003-042-100,vocal_synthetic_003-042-100,/root/autodl-tmp/tokenizer-eval/data/nsynth/nsynth-valid/audio/vocal_synthetic_003-042-100.wav,37,vocal_synthetic_003,10,vocal,2,synthetic,42,100,16000,bright|distortion|long_release|nonlinear_env
-18.111357,1.8467852,guitar_electronic_028-067-075,guitar_electronic_028-067-075,/root/autodl-tmp/tokenizer-eval/data/nsynth/nsynth-valid/audio/guitar_electronic_028-067-075.wav,510,guitar_electronic_028,3,guitar,1,electronic,67,75,16000,
-62.128174,-2.7679856,vocal_synthetic_003-038-100,vocal_synthetic_003-038-100,/root/autodl-tmp/tokenizer-eval/data/nsynth/nsynth-valid/audio/vocal_synthetic_003-038-100.wav,37,vocal_synthetic_003,10,vocal,2,synthetic,38,100,16000,bright|distortion|long_release|nonlinear_env
37.306213,-30.60928,guitar_acoustic_021-038-100,guitar_acoustic_021-038-100,/root/autodl-tmp/tokenizer-eval/data/nsynth/nsynth-valid/audio/guitar_acoustic_021-038-100.wav,457,guitar_acoustic_021,3,guitar,0,acoustic,38,100,16000,
-22.649027,38.872166,string_acoustic_057-088-127,string_acoustic_057-088-127,/root/autodl-tmp/tokenizer-eval/data/nsynth/nsynth-valid/audio/string_acoustic_057-088-127.wav,450,string_acoustic_057,8,string,0,acoustic,88,127,16000,nonlinear_env|reverb
0.4346241,-21.807905,flute_synthetic_000-069-050,flute_synthetic_000-069-050,/root/autodl-tmp/tokenizer-eval/data/nsynth/nsynth-valid/audio/flute_synthetic_000-069-050.wav,82,flute_synthetic_000,2,flute,2,synthetic,69,50,16000,distortion
-34.72178,50.184685,brass_acoustic_016-058-050,brass_acoustic_016-058-050,/root/autodl-tmp/tokenizer-eval/data/nsynth/nsynth-valid/audio/brass_acoustic_016-058-050.wav,128,brass_acoustic_016,1,brass,0,acoustic,58,50,16000,bright
36.23524,19.941717,mallet_acoustic_062-082-025,mallet_acoustic_062-082-025,/root/autodl-tmp/tokenizer-eval/data/nsynth/nsynth-valid/audio/mallet_acoustic_062-082-025.wav,644,mallet_acoustic_062,5,mallet,0,acoustic,82,25,16000,fast_decay|multiphonic|percussive
29.109276,53.87884,keyboard_synthetic_000-082-100,keyboard_synthetic_000-082-100,/root/autodl-tmp/tokenizer-eval/data/nsynth/nsynth-valid/audio/keyboard_synthetic_000-082-100.wav,577,keyboard_synthetic_000,4,keyboard,2,synthetic,82,100,16000,bright|distortion|fast_decay|nonlinear_env
-46.660313,5.9760246,bass_synthetic_009-085-127,bass_synthetic_009-085-127,/root/autodl-tmp/tokenizer-eval/data/nsynth/nsynth-valid/audio/bass_synthetic_009-085-127.wav,150,bass_synthetic_009,0,bass,2,synthetic,85,127,16000,bright|distortion|long_release
35.347908,-8.558193,keyboard_synthetic_000-048-050,keyboard_synthetic_000-048-050,/root/autodl-tmp/tokenizer-eval/data/nsynth/nsynth-valid/audio/keyboard_synthetic_000-048-050.wav,577,keyboard_synthetic_000,4,keyboard,2,synthetic,48,50,16000,distortion|fast_decay|nonlinear_env
38.643494,-29.509827,string_acoustic_080-038-127,string_acoustic_080-038-127,/root/autodl-tmp/tokenizer-eval/data/nsynth/nsynth-valid/audio/string_acoustic_080-038-127.wav,675,string_acoustic_080,8,string,0,acoustic,38,127,16000,long_release|reverb
-13.102944,30.267439,reed_acoustic_018-052-050,reed_acoustic_018-052-050,/root/autodl-tmp/tokenizer-eval/data/nsynth/nsynth-valid/audio/reed_acoustic_018-052-050.wav,183,reed_acoustic_018,7,reed,0,acoustic,52,50,16000,
-33.148064,7.3940225,vocal_synthetic_003-079-100,vocal_synthetic_003-079-100,/root/autodl-tmp/tokenizer-eval/data/nsynth/nsynth-valid/audio/vocal_synthetic_003-079-100.wav,37,vocal_synthetic_003,10,vocal,2,synthetic,79,100,16000,bright|distortion|long_release|nonlinear_env
-19.104612,7.760572,reed_acoustic_037-048-025,reed_acoustic_037-048-025,/root/autodl-tmp/tokenizer-eval/data/nsynth/nsynth-valid/audio/reed_acoustic_037-048-025.wav,387,reed_acoustic_037,7,reed,0,acoustic,48,25,16000,reverb
40.289093,31.128244,guitar_acoustic_030-094-100,guitar_acoustic_030-094-100,/root/autodl-tmp/tokenizer-eval/data/nsynth/nsynth-valid/audio/guitar_acoustic_030-094-100.wav,642,guitar_acoustic_030,3,guitar,0,acoustic,94,100,16000,tempo-synced
-36.34952,-37.319,guitar_acoustic_014-051-050,guitar_acoustic_014-051-050,/root/autodl-tmp/tokenizer-eval/data/nsynth/nsynth-valid/audio/guitar_acoustic_014-051-050.wav,263,guitar_acoustic_014,3,guitar,0,acoustic,51,50,16000,
-45.982555,35.044777,vocal_synthetic_003-074-075,vocal_synthetic_003-074-075,/root/autodl-tmp/tokenizer-eval/data/nsynth/nsynth-valid/audio/vocal_synthetic_003-074-075.wav,37,vocal_synthetic_003,10,vocal,2,synthetic,74,75,16000,bright|distortion|long_release|nonlinear_env
-26.16764,-1.0549022,brass_acoustic_046-067-050,brass_acoustic_046-067-050,/root/autodl-tmp/tokenizer-eval/data/nsynth/nsynth-valid/audio/brass_acoustic_046-067-050.wav,414,brass_acoustic_046,1,brass,0,acoustic,67,50,16000,
-5.415815,-6.0210543,brass_acoustic_015-074-100,brass_acoustic_015-074-100,/root/autodl-tmp/tokenizer-eval/data/nsynth/nsynth-valid/audio/brass_acoustic_015-074-100.wav,121,brass_acoustic_015,1,brass,0,acoustic,74,100,16000,reverb
16.93647,-44.45446,bass_synthetic_135-033-127,bass_synthetic_135-033-127,/root/autodl-tmp/tokenizer-eval/data/nsynth/nsynth-valid/audio/bass_synthetic_135-033-127.wav,927,bass_synthetic_135,0,bass,2,synthetic,33,127,16000,distortion
14.483827,-19.904747,bass_synthetic_098-073-127,bass_synthetic_098-073-127,/root/autodl-tmp/tokenizer-eval/data/nsynth/nsynth-valid/audio/bass_synthetic_098-073-127.wav,803,bass_synthetic_098,0,bass,2,synthetic,73,127,16000,
-25.624493,-17.347776,bass_synthetic_009-034-050,bass_synthetic_009-034-050,/root/autodl-tmp/tokenizer-eval/data/nsynth/nsynth-valid/audio/bass_synthetic_009-034-050.wav,150,bass_synthetic_009,0,bass,2,synthetic,34,50,16000,bright|distortion|long_release
22.64239,-10.246749,mallet_acoustic_062-053-100,mallet_acoustic_062-053-100,/root/autodl-tmp/tokenizer-eval/data/nsynth/nsynth-valid/audio/mallet_acoustic_062-053-100.wav,644,mallet_acoustic_062,5,mallet,0,acoustic,53,100,16000,dark|multiphonic
25.355156,-28.982805,guitar_acoustic_014-040-127,guitar_acoustic_014-040-127,/root/autodl-tmp/tokenizer-eval/data/nsynth/nsynth-valid/audio/guitar_acoustic_014-040-127.wav,263,guitar_acoustic_014,3,guitar,0,acoustic,40,127,16000,
23.223888,-0.8577879,keyboard_electronic_002-068-025,keyboard_electronic_002-068-025,/root/autodl-tmp/tokenizer-eval/data/nsynth/nsynth-valid/audio/keyboard_electronic_002-068-025.wav,50,keyboard_electronic_002,4,keyboard,1,electronic,68,25,16000,
5.4520345,-40.307217,guitar_acoustic_021-043-025,guitar_acoustic_021-043-025,/root/autodl-tmp/tokenizer-eval/data/nsynth/nsynth-valid/audio/guitar_acoustic_021-043-025.wav,457,guitar_acoustic_021,3,guitar,0,acoustic,43,25,16000,
-50.840294,11.577802,vocal_synthetic_003-068-127,vocal_synthetic_003-068-127,/root/autodl-tmp/tokenizer-eval/data/nsynth/nsynth-valid/audio/vocal_synthetic_003-068-127.wav,37,vocal_synthetic_003,10,vocal,2,synthetic,68,127,16000,bright|distortion|long_release|nonlinear_env
-41.700092,-14.999024,flute_acoustic_002-070-025,flute_acoustic_002-070-025,/root/autodl-tmp/tokenizer-eval/data/nsynth/nsynth-valid/audio/flute_acoustic_002-070-025.wav,86,flute_acoustic_002,2,flute,0,acoustic,70,25,16000,long_release|reverb
-57.264866,9.9742155,vocal_synthetic_003-059-100,vocal_synthetic_003-059-100,/root/autodl-tmp/tokenizer-eval/data/nsynth/nsynth-valid/audio/vocal_synthetic_003-059-100.wav,37,vocal_synthetic_003,10,vocal,2,synthetic,59,100,16000,bright|distortion|long_release|nonlinear_env
-12.202628,-49.657505,guitar_electronic_028-080-025,guitar_electronic_028-080-025,/root/autodl-tmp/tokenizer-eval/data/nsynth/nsynth-valid/audio/guitar_electronic_028-080-025.wav,510,guitar_electronic_028,3,guitar,1,electronic,80,25,16000,
13.437375,-37.714413,organ_electronic_057-034-075,organ_electronic_057-034-075,/root/autodl-tmp/tokenizer-eval/data/nsynth/nsynth-valid/audio/organ_electronic_057-034-075.wav,701,organ_electronic_057,6,organ,1,electronic,34,75,16000,dark
-16.273903,-16.160532,keyboard_electronic_078-032-050,keyboard_electronic_078-032-050,/root/autodl-tmp/tokenizer-eval/data/nsynth/nsynth-valid/audio/keyboard_electronic_078-032-050.wav,838,keyboard_electronic_078,4,keyboard,1,electronic,32,50,16000,bright
-18.309608,-12.302152,brass_acoustic_006-035-075,brass_acoustic_006-035-075,/root/autodl-tmp/tokenizer-eval/data/nsynth/nsynth-valid/audio/brass_acoustic_006-035-075.wav,43,brass_acoustic_006,1,brass,0,acoustic,35,75,16000,reverb
-13.152317,-15.295496,brass_acoustic_059-038-025,brass_acoustic_059-038-025,/root/autodl-tmp/tokenizer-eval/data/nsynth/nsynth-valid/audio/brass_acoustic_059-038-025.wav,572,brass_acoustic_059,1,brass,0,acoustic,38,25,16000,long_release|reverb
31.601328,35.703716,reed_acoustic_023-032-100,reed_acoustic_023-032-100,/root/autodl-tmp/tokenizer-eval/data/nsynth/nsynth-valid/audio/reed_acoustic_023-032-100.wav,224,reed_acoustic_023,7,reed,0,acoustic,32,100,16000,bright|fast_decay|multiphonic|nonlinear_env
44.50409,-31.529577,flute_synthetic_000-049-075,flute_synthetic_000-049-075,/root/autodl-tmp/tokenizer-eval/data/nsynth/nsynth-valid/audio/flute_synthetic_000-049-075.wav,82,flute_synthetic_000,2,flute,2,synthetic,49,75,16000,distortion
13.503813,-44.25391,flute_synthetic_000-033-025,flute_synthetic_000-033-025,/root/autodl-tmp/tokenizer-eval/data/nsynth/nsynth-valid/audio/flute_synthetic_000-033-025.wav,82,flute_synthetic_000,2,flute,2,synthetic,33,25,16000,distortion
-44.84439,-41.37188,organ_electronic_028-087-025,organ_electronic_028-087-025,/root/autodl-tmp/tokenizer-eval/data/nsynth/nsynth-valid/audio/organ_electronic_028-087-025.wav,440,organ_electronic_028,6,organ,1,electronic,87,25,16000,
-16.486057,50.461548,flute_acoustic_002-081-127,flute_acoustic_002-081-127,/root/autodl-tmp/tokenizer-eval/data/nsynth/nsynth-valid/audio/flute_acoustic_002-081-127.wav,86,flute_acoustic_002,2,flute,0,acoustic,81,127,16000,long_release|reverb
44.587616,-25.748901,keyboard_electronic_069-037-025,keyboard_electronic_069-037-025,/root/autodl-tmp/tokenizer-eval/data/nsynth/nsynth-valid/audio/keyboard_electronic_069-037-025.wav,805,keyboard_electronic_069,4,keyboard,1,electronic,37,25,16000,distortion
57.41114,21.63477,mallet_acoustic_056-035-100,mallet_acoustic_056-035-100,/root/autodl-tmp/tokenizer-eval/data/nsynth/nsynth-valid/audio/mallet_acoustic_056-035-100.wav,590,mallet_acoustic_056,5,mallet,0,acoustic,35,100,16000,bright|fast_decay|percussive
-12.373932,-29.229225,guitar_acoustic_021-061-100,guitar_acoustic_021-061-100,/root/autodl-tmp/tokenizer-eval/data/nsynth/nsynth-valid/audio/guitar_acoustic_021-061-100.wav,457,guitar_acoustic_021,3,guitar,0,acoustic,61,100,16000,
16.694613,-31.768248,flute_synthetic_000-058-050,flute_synthetic_000-058-050,/root/autodl-tmp/tokenizer-eval/data/nsynth/nsynth-valid/audio/flute_synthetic_000-058-050.wav,82,flute_synthetic_000,2,flute,2,synthetic,58,50,16000,distortion
9.196634,-2.01883,keyboard_acoustic_004-035-127,keyboard_acoustic_004-035-127,/root/autodl-tmp/tokenizer-eval/data/nsynth/nsynth-valid/audio/keyboard_acoustic_004-035-127.wav,327,keyboard_acoustic_004,4,keyboard,0,acoustic,35,127,16000,reverb
12.514866,-51.110188,organ_electronic_113-033-050,organ_electronic_113-033-050,/root/autodl-tmp/tokenizer-eval/data/nsynth/nsynth-valid/audio/organ_electronic_113-033-050.wav,958,organ_electronic_113,6,organ,1,electronic,33,50,16000,dark
52.428,21.555126,guitar_acoustic_021-096-075,guitar_acoustic_021-096-075,/root/autodl-tmp/tokenizer-eval/data/nsynth/nsynth-valid/audio/guitar_acoustic_021-096-075.wav,457,guitar_acoustic_021,3,guitar,0,acoustic,96,75,16000,fast_decay|percussive
26.855627,10.377857,bass_synthetic_068-081-025,bass_synthetic_068-081-025,/root/autodl-tmp/tokenizer-eval/data/nsynth/nsynth-valid/audio/bass_synthetic_068-081-025.wav,656,bass_synthetic_068,0,bass,2,synthetic,81,25,16000,fast_decay
45.154224,-27.425154,bass_synthetic_034-049-100,bass_synthetic_034-049-100,/root/autodl-tmp/tokenizer-eval/data/nsynth/nsynth-valid/audio/bass_synthetic_034-049-100.wav,420,bass_synthetic_034,0,bass,2,synthetic,49,100,16000,distortion|tempo-synced
-30.950962,13.826381,vocal_synthetic_003-084-025,vocal_synthetic_003-084-025,/root/autodl-tmp/tokenizer-eval/data/nsynth/nsynth-valid/audio/vocal_synthetic_003-084-025.wav,37,vocal_synthetic_003,10,vocal,2,synthetic,84,25,16000,bright|distortion|long_release|nonlinear_env
-18.277956,33.0468,brass_acoustic_006-064-050,brass_acoustic_006-064-050,/root/autodl-tmp/tokenizer-eval/data/nsynth/nsynth-valid/audio/brass_acoustic_006-064-050.wav,43,brass_acoustic_006,1,brass,0,acoustic,64,50,16000,reverb
-20.170933,-20.143562,reed_acoustic_037-036-050,reed_acoustic_037-036-050,/root/autodl-tmp/tokenizer-eval/data/nsynth/nsynth-valid/audio/reed_acoustic_037-036-050.wav,387,reed_acoustic_037,7,reed,0,acoustic,36,50,16000,reverb
31.1265,-28.3063,flute_synthetic_000-039-075,flute_synthetic_000-039-075,/root/autodl-tmp/tokenizer-eval/data/nsynth/nsynth-valid/audio/flute_synthetic_000-039-075.wav,82,flute_synthetic_000,2,flute,2,synthetic,39,75,16000,distortion
17.224363,-38.276207,flute_synthetic_000-046-100,flute_synthetic_000-046-100,/root/autodl-tmp/tokenizer-eval/data/nsynth/nsynth-valid/audio/flute_synthetic_000-046-100.wav,82,flute_synthetic_000,2,flute,2,synthetic,46,100,16000,distortion
-35.041576,44.38133,brass_acoustic_016-080-127,brass_acoustic_016-080-127,/root/autodl-tmp/tokenizer-eval/data/nsynth/nsynth-valid/audio/brass_acoustic_016-080-127.wav,128,brass_acoustic_016,1,brass,0,acoustic,80,127,16000,bright
9.409331,-14.54618,flute_synthetic_000-060-100,flute_synthetic_000-060-100,/root/autodl-tmp/tokenizer-eval/data/nsynth/nsynth-valid/audio/flute_synthetic_000-060-100.wav,82,flute_synthetic_000,2,flute,2,synthetic,60,100,16000,distortion
24.416365,17.49775,guitar_acoustic_015-071-075,guitar_acoustic_015-071-075,/root/autodl-tmp/tokenizer-eval/data/nsynth/nsynth-valid/audio/guitar_acoustic_015-071-075.wav,316,guitar_acoustic_015,3,guitar,0,acoustic,71,75,16000,reverb
18.063608,-42.067005,flute_synthetic_000-034-025,flute_synthetic_000-034-025,/root/autodl-tmp/tokenizer-eval/data/nsynth/nsynth-valid/audio/flute_synthetic_000-034-025.wav,82,flute_synthetic_000,2,flute,2,synthetic,34,25,16000,distortion
-33.875946,27.132801,organ_electronic_001-095-025,organ_electronic_001-095-025,/root/autodl-tmp/tokenizer-eval/data/nsynth/nsynth-valid/audio/organ_electronic_001-095-025.wav,8,organ_electronic_001,6,organ,1,electronic,95,25,16000,
-32.426987,51.694553,brass_acoustic_016-056-127,brass_acoustic_016-056-127,/root/autodl-tmp/tokenizer-eval/data/nsynth/nsynth-valid/audio/brass_acoustic_016-056-127.wav,128,brass_acoustic_016,1,brass,0,acoustic,56,127,16000,
50.070847,23.50561,string_acoustic_056-072-075,string_acoustic_056-072-075,/root/autodl-tmp/tokenizer-eval/data/nsynth/nsynth-valid/audio/string_acoustic_056-072-075.wav,436,string_acoustic_056,8,string,0,acoustic,72,75,16000,fast_decay|percussive|reverb
17.493605,-37.253494,keyboard_electronic_001-034-075,keyboard_electronic_001-034-075,/root/autodl-tmp/tokenizer-eval/data/nsynth/nsynth-valid/audio/keyboard_electronic_001-034-075.wav,40,keyboard_electronic_001,4,keyboard,1,electronic,34,75,16000,dark
15.121203,-52.620007,string_acoustic_012-045-025,string_acoustic_012-045-025,/root/autodl-tmp/tokenizer-eval/data/nsynth/nsynth-valid/audio/string_acoustic_012-045-025.wav,97,string_acoustic_012,8,string,0,acoustic,45,25,16000,long_release|reverb
13.046877,-50.63066,keyboard_electronic_098-033-050,keyboard_electronic_098-033-050,/root/autodl-tmp/tokenizer-eval/data/nsynth/nsynth-valid/audio/keyboard_electronic_098-033-050.wav,905,keyboard_electronic_098,4,keyboard,1,electronic,33,50,16000,dark|distortion
-0.47972944,30.499693,guitar_acoustic_010-089-025,guitar_acoustic_010-089-025,/root/autodl-tmp/tokenizer-eval/data/nsynth/nsynth-valid/audio/guitar_acoustic_010-089-025.wav,219,guitar_acoustic_010,3,guitar,0,acoustic,89,25,16000,
-19.506832,16.272247,brass_acoustic_006-072-127,brass_acoustic_006-072-127,/root/autodl-tmp/tokenizer-eval/data/nsynth/nsynth-valid/audio/brass_acoustic_006-072-127.wav,43,brass_acoustic_006,1,brass,0,acoustic,72,127,16000,reverb
-48.348804,7.4865384,vocal_synthetic_003-061-050,vocal_synthetic_003-061-050,/root/autodl-tmp/tokenizer-eval/data/nsynth/nsynth-valid/audio/vocal_synthetic_003-061-050.wav,37,vocal_synthetic_003,10,vocal,2,synthetic,61,50,16000,bright|distortion|long_release|nonlinear_env
-9.064611,-1.9160272,reed_acoustic_018-086-075,reed_acoustic_018-086-075,/root/autodl-tmp/tokenizer-eval/data/nsynth/nsynth-valid/audio/reed_acoustic_018-086-075.wav,183,reed_acoustic_018,7,reed,0,acoustic,86,75,16000,
15.452393,-20.156294,bass_synthetic_098-085-075,bass_synthetic_098-085-075,/root/autodl-tmp/tokenizer-eval/data/nsynth/nsynth-valid/audio/bass_synthetic_098-085-075.wav,803,bass_synthetic_098,0,bass,2,synthetic,85,75,16000,
-34.3262,32.669277,organ_electronic_007-083-075,organ_electronic_007-083-075,/root/autodl-tmp/tokenizer-eval/data/nsynth/nsynth-valid/audio/organ_electronic_007-083-075.wav,123,organ_electronic_007,6,organ,1,electronic,83,75,16000,bright|distortion|long_release|nonlinear_env
-15.10109,-48.32007,string_acoustic_057-056-100,string_acoustic_057-056-100,/root/autodl-tmp/tokenizer-eval/data/nsynth/nsynth-valid/audio/string_acoustic_057-056-100.wav,450,string_acoustic_057,8,string,0,acoustic,56,100,16000,nonlinear_env|reverb
-16.10498,30.034674,guitar_acoustic_014-064-050,guitar_acoustic_014-064-050,/root/autodl-tmp/tokenizer-eval/data/nsynth/nsynth-valid/audio/guitar_acoustic_014-064-050.wav,263,guitar_acoustic_014,3,guitar,0,acoustic,64,50,16000,
6.576573,-48.103405,flute_synthetic_000-044-075,flute_synthetic_000-044-075,/root/autodl-tmp/tokenizer-eval/data/nsynth/nsynth-valid/audio/flute_synthetic_000-044-075.wav,82,flute_synthetic_000,2,flute,2,synthetic,44,75,16000,distortion
36.30879,-32.802635,string_acoustic_080-038-025,string_acoustic_080-038-025,/root/autodl-tmp/tokenizer-eval/data/nsynth/nsynth-valid/audio/string_acoustic_080-038-025.wav,675,string_acoustic_080,8,string,0,acoustic,38,25,16000,long_release|reverb
-29.796057,3.7343776,string_acoustic_057-079-127,string_acoustic_057-079-127,/root/autodl-tmp/tokenizer-eval/data/nsynth/nsynth-valid/audio/string_acoustic_057-079-127.wav,450,string_acoustic_057,8,string,0,acoustic,79,127,16000,bright|nonlinear_env|reverb
-61.003483,-4.091322,vocal_synthetic_003-039-075,vocal_synthetic_003-039-075,/root/autodl-tmp/tokenizer-eval/data/nsynth/nsynth-valid/audio/vocal_synthetic_003-039-075.wav,37,vocal_synthetic_003,10,vocal,2,synthetic,39,75,16000,distortion|long_release|nonlinear_env
-38.514168,-17.981901,organ_electronic_104-070-025,organ_electronic_104-070-025,/root/autodl-tmp/tokenizer-eval/data/nsynth/nsynth-valid/audio/organ_electronic_104-070-025.wav,921,organ_electronic_104,6,organ,1,electronic,70,25,16000,
-60.888832,-6.592455,vocal_synthetic_003-034-075,vocal_synthetic_003-034-075,/root/autodl-tmp/tokenizer-eval/data/nsynth/nsynth-valid/audio/vocal_synthetic_003-034-075.wav,37,vocal_synthetic_003,10,vocal,2,synthetic,34,75,16000,distortion|long_release|nonlinear_env
-28.308245,26.970282,flute_acoustic_002-083-025,flute_acoustic_002-083-025,/root/autodl-tmp/tokenizer-eval/data/nsynth/nsynth-valid/audio/flute_acoustic_002-083-025.wav,86,flute_acoustic_002,2,flute,0,acoustic,83,25,16000,reverb
5.4344707,38.500973,reed_acoustic_037-053-075,reed_acoustic_037-053-075,/root/autodl-tmp/tokenizer-eval/data/nsynth/nsynth-valid/audio/reed_acoustic_037-053-075.wav,387,reed_acoustic_037,7,reed,0,acoustic,53,75,16000,reverb
30.196339,-33.227806,guitar_acoustic_014-039-100,guitar_acoustic_014-039-100,/root/autodl-tmp/tokenizer-eval/data/nsynth/nsynth-valid/audio/guitar_acoustic_014-039-100.wav,263,guitar_acoustic_014,3,guitar,0,acoustic,39,100,16000,
1.2888886,12.299497,bass_synthetic_135-078-025,bass_synthetic_135-078-025,/root/autodl-tmp/tokenizer-eval/data/nsynth/nsynth-valid/audio/bass_synthetic_135-078-025.wav,927,bass_synthetic_135,0,bass,2,synthetic,78,25,16000,distortion
47.80553,35.153652,reed_acoustic_023-096-025,reed_acoustic_023-096-025,/root/autodl-tmp/tokenizer-eval/data/nsynth/nsynth-valid/audio/reed_acoustic_023-096-025.wav,224,reed_acoustic_023,7,reed,0,acoustic,96,25,16000,fast_decay|multiphonic|nonlinear_env|percussive
-19.467241,-17.069126,brass_acoustic_059-034-075,brass_acoustic_059-034-075,/root/autodl-tmp/tokenizer-eval/data/nsynth/nsynth-valid/audio/brass_acoustic_059-034-075.wav,572,brass_acoustic_059,1,brass,0,acoustic,34,75,16000,bright|reverb
-18.159327,-17.75572,brass_acoustic_059-032-075,brass_acoustic_059-032-075,/root/autodl-tmp/tokenizer-eval/data/nsynth/nsynth-valid/audio/brass_acoustic_059-032-075.wav,572,brass_acoustic_059,1,brass,0,acoustic,32,75,16000,bright|reverb
5.5035663,12.853035,keyboard_acoustic_004-078-075,keyboard_acoustic_004-078-075,/root/autodl-tmp/tokenizer-eval/data/nsynth/nsynth-valid/audio/keyboard_acoustic_004-078-075.wav,327,keyboard_acoustic_004,4,keyboard,0,acoustic,78,75,16000,reverb
-30.943287,13.917423,vocal_synthetic_003-084-050,vocal_synthetic_003-084-050,/root/autodl-tmp/tokenizer-eval/data/nsynth/nsynth-valid/audio/vocal_synthetic_003-084-050.wav,37,vocal_synthetic_003,10,vocal,2,synthetic,84,50,16000,bright|distortion|long_release|nonlinear_env
17.269508,-38.24718,flute_synthetic_000-046-127,flute_synthetic_000-046-127,/root/autodl-tmp/tokenizer-eval/data/nsynth/nsynth-valid/audio/flute_synthetic_000-046-127.wav,82,flute_synthetic_000,2,flute,2,synthetic,46,127,16000,distortion
-1.9597921,-37.38908,organ_electronic_001-055-050,organ_electronic_001-055-050,/root/autodl-tmp/tokenizer-eval/data/nsynth/nsynth-valid/audio/organ_electronic_001-055-050.wav,8,organ_electronic_001,6,organ,1,electronic,55,50,16000,dark
-40.794765,12.963349,vocal_synthetic_003-089-050,vocal_synthetic_003-089-050,/root/autodl-tmp/tokenizer-eval/data/nsynth/nsynth-valid/audio/vocal_synthetic_003-089-050.wav,37,vocal_synthetic_003,10,vocal,2,synthetic,89,50,16000,bright|distortion|long_release|nonlinear_env
-14.580112,-53.163437,flute_synthetic_000-080-127,flute_synthetic_000-080-127,/root/autodl-tmp/tokenizer-eval/data/nsynth/nsynth-valid/audio/flute_synthetic_000-080-127.wav,82,flute_synthetic_000,2,flute,2,synthetic,80,127,16000,distortion
44.54616,-15.011993,bass_synthetic_033-031-050,bass_synthetic_033-031-050,/root/autodl-tmp/tokenizer-eval/data/nsynth/nsynth-valid/audio/bass_synthetic_033-031-050.wav,417,bass_synthetic_033,0,bass,2,synthetic,31,50,16000,dark
-17.51811,34.865032,brass_acoustic_006-076-050,brass_acoustic_006-076-050,/root/autodl-tmp/tokenizer-eval/data/nsynth/nsynth-valid/audio/brass_acoustic_006-076-050.wav,43,brass_acoustic_006,1,brass,0,acoustic,76,50,16000,reverb
-20.413206,-57.238106,bass_synthetic_009-068-025,bass_synthetic_009-068-025,/root/autodl-tmp/tokenizer-eval/data/nsynth/nsynth-valid/audio/bass_synthetic_009-068-025.wav,150,bass_synthetic_009,0,bass,2,synthetic,68,25,16000,bright|distortion|long_release
-14.993772,-54.811325,flute_acoustic_002-068-127,flute_acoustic_002-068-127,/root/autodl-tmp/tokenizer-eval/data/nsynth/nsynth-valid/audio/flute_acoustic_002-068-127.wav,86,flute_acoustic_002,2,flute,0,acoustic,68,127,16000,long_release|reverb
50.208168,17.05115,string_acoustic_056-071-025,string_acoustic_056-071-025,/root/autodl-tmp/tokenizer-eval/data/nsynth/nsynth-valid/audio/string_acoustic_056-071-025.wav,436,string_acoustic_056,8,string,0,acoustic,71,25,16000,fast_decay|percussive|reverb
-16.818054,-20.933014,reed_acoustic_037-033-025,reed_acoustic_037-033-025,/root/autodl-tmp/tokenizer-eval/data/nsynth/nsynth-valid/audio/reed_acoustic_037-033-025.wav,387,reed_acoustic_037,7,reed,0,acoustic,33,25,16000,reverb
-22.910694,-34.283566,reed_acoustic_011-073-050,reed_acoustic_011-073-050,/root/autodl-tmp/tokenizer-eval/data/nsynth/nsynth-valid/audio/reed_acoustic_011-073-050.wav,104,reed_acoustic_011,7,reed,0,acoustic,73,50,16000,
7.1362915,39.00963,string_acoustic_071-053-100,string_acoustic_071-053-100,/root/autodl-tmp/tokenizer-eval/data/nsynth/nsynth-valid/audio/string_acoustic_071-053-100.wav,609,string_acoustic_071,8,string,0,acoustic,53,100,16000,reverb
-22.489374,49.556805,organ_electronic_007-093-127,organ_electronic_007-093-127,/root/autodl-tmp/tokenizer-eval/data/nsynth/nsynth-valid/audio/organ_electronic_007-093-127.wav,123,organ_electronic_007,6,organ,1,electronic,93,127,16000,long_release|nonlinear_env
-0.9587413,10.332566,flute_synthetic_000-066-050,flute_synthetic_000-066-050,/root/autodl-tmp/tokenizer-eval/data/nsynth/nsynth-valid/audio/flute_synthetic_000-066-050.wav,82,flute_synthetic_000,2,flute,2,synthetic,66,50,16000,distortion
11.585028,-26.181902,bass_synthetic_135-057-050,bass_synthetic_135-057-050,/root/autodl-tmp/tokenizer-eval/data/nsynth/nsynth-valid/audio/bass_synthetic_135-057-050.wav,927,bass_synthetic_135,0,bass,2,synthetic,57,50,16000,distortion
42.306175,31.807793,mallet_acoustic_047-094-100,mallet_acoustic_047-094-100,/root/autodl-tmp/tokenizer-eval/data/nsynth/nsynth-valid/audio/mallet_acoustic_047-094-100.wav,488,mallet_acoustic_047,5,mallet,0,acoustic,94,100,16000,fast_decay|percussive|reverb
-14.694066,-28.236599,mallet_acoustic_062-073-100,mallet_acoustic_062-073-100,/root/autodl-tmp/tokenizer-eval/data/nsynth/nsynth-valid/audio/mallet_acoustic_062-073-100.wav,644,mallet_acoustic_062,5,mallet,0,acoustic,73,100,16000,dark|multiphonic
36.05052,19.62084,guitar_acoustic_015-082-075,guitar_acoustic_015-082-075,/root/autodl-tmp/tokenizer-eval/data/nsynth/nsynth-valid/audio/guitar_acoustic_015-082-075.wav,316,guitar_acoustic_015,3,guitar,0,acoustic,82,75,16000,fast_decay|percussive|reverb
-25.50775,5.546511,flute_acoustic_002-079-050,flute_acoustic_002-079-050,/root/autodl-tmp/tokenizer-eval/data/nsynth/nsynth-valid/audio/flute_acoustic_002-079-050.wav,86,flute_acoustic_002,2,flute,0,acoustic,79,50,16000,reverb
35.618225,7.836189,string_acoustic_056-044-100,string_acoustic_056-044-100,/root/autodl-tmp/tokenizer-eval/data/nsynth/nsynth-valid/audio/string_acoustic_056-044-100.wav,436,string_acoustic_056,8,string,0,acoustic,44,100,16000,reverb
-44.677753,-37.527565,flute_synthetic_000-087-100,flute_synthetic_000-087-100,/root/autodl-tmp/tokenizer-eval/data/nsynth/nsynth-valid/audio/flute_synthetic_000-087-100.wav,82,flute_synthetic_000,2,flute,2,synthetic,87,100,16000,distortion
-47.428993,9.753231,vocal_synthetic_003-073-127,vocal_synthetic_003-073-127,/root/autodl-tmp/tokenizer-eval/data/nsynth/nsynth-valid/audio/vocal_synthetic_003-073-127.wav,37,vocal_synthetic_003,10,vocal,2,synthetic,73,127,16000,bright|distortion|long_release|nonlinear_env
-42.817284,-37.678738,flute_synthetic_000-075-050,flute_synthetic_000-075-050,/root/autodl-tmp/tokenizer-eval/data/nsynth/nsynth-valid/audio/flute_synthetic_000-075-050.wav,82,flute_synthetic_000,2,flute,2,synthetic,75,50,16000,distortion
19.499346,-39.609917,keyboard_electronic_003-034-050,keyboard_electronic_003-034-050,/root/autodl-tmp/tokenizer-eval/data/nsynth/nsynth-valid/audio/keyboard_electronic_003-034-050.wav,65,keyboard_electronic_003,4,keyboard,1,electronic,34,50,16000,dark
-6.40225,10.496877,string_acoustic_071-054-050,string_acoustic_071-054-050,/root/autodl-tmp/tokenizer-eval/data/nsynth/nsynth-valid/audio/string_acoustic_071-054-050.wav,609,string_acoustic_071,8,string,0,acoustic,54,50,16000,reverb
-5.415816,-6.0210543,brass_acoustic_015-074-075,brass_acoustic_015-074-075,/root/autodl-tmp/tokenizer-eval/data/nsynth/nsynth-valid/audio/brass_acoustic_015-074-075.wav,121,brass_acoustic_015,1,brass,0,acoustic,74,75,16000,reverb
4.247646,-3.3123493,flute_synthetic_000-059-100,flute_synthetic_000-059-100,/root/autodl-tmp/tokenizer-eval/data/nsynth/nsynth-valid/audio/flute_synthetic_000-059-100.wav,82,flute_synthetic_000,2,flute,2,synthetic,59,100,16000,distortion
43.314167,-11.971975,bass_synthetic_135-033-025,bass_synthetic_135-033-025,/root/autodl-tmp/tokenizer-eval/data/nsynth/nsynth-valid/audio/bass_synthetic_135-033-025.wav,927,bass_synthetic_135,0,bass,2,synthetic,33,25,16000,distortion
34.162132,-6.796467,bass_electronic_025-060-075,bass_electronic_025-060-075,/root/autodl-tmp/tokenizer-eval/data/nsynth/nsynth-valid/audio/bass_electronic_025-060-075.wav,872,bass_electronic_025,0,bass,1,electronic,60,75,16000,
-41.21712,-37.63812,mallet_acoustic_062-075-127,mallet_acoustic_062-075-127,/root/autodl-tmp/tokenizer-eval/data/nsynth/nsynth-valid/audio/mallet_acoustic_062-075-127.wav,644,mallet_acoustic_062,5,mallet,0,acoustic,75,127,16000,dark|multiphonic
58.33441,21.398476,mallet_acoustic_056-038-100,mallet_acoustic_056-038-100,/root/autodl-tmp/tokenizer-eval/data/nsynth/nsynth-valid/audio/mallet_acoustic_056-038-100.wav,590,mallet_acoustic_056,5,mallet,0,acoustic,38,100,16000,bright|fast_decay|percussive
22.33632,-41.90048,string_acoustic_071-035-127,string_acoustic_071-035-127,/root/autodl-tmp/tokenizer-eval/data/nsynth/nsynth-valid/audio/string_acoustic_071-035-127.wav,609,string_acoustic_071,8,string,0,acoustic,35,127,16000,long_release|reverb
-1.8633478,-36.94299,organ_electronic_001-067-100,organ_electronic_001-067-100,/root/autodl-tmp/tokenizer-eval/data/nsynth/nsynth-valid/audio/organ_electronic_001-067-100.wav,8,organ_electronic_001,6,organ,1,electronic,67,100,16000,
33.040215,38.47625,reed_acoustic_023-043-100,reed_acoustic_023-043-100,/root/autodl-tmp/tokenizer-eval/data/nsynth/nsynth-valid/audio/reed_acoustic_023-043-100.wav,224,reed_acoustic_023,7,reed,0,acoustic,43,100,16000,bright|fast_decay|multiphonic|nonlinear_env
0.64274704,37.798454,flute_acoustic_002-077-127,flute_acoustic_002-077-127,/root/autodl-tmp/tokenizer-eval/data/nsynth/nsynth-valid/audio/flute_acoustic_002-077-127.wav,86,flute_acoustic_002,2,flute,0,acoustic,77,127,16000,reverb
25.312777,9.298754,keyboard_synthetic_000-069-050,keyboard_synthetic_000-069-050,/root/autodl-tmp/tokenizer-eval/data/nsynth/nsynth-valid/audio/keyboard_synthetic_000-069-050.wav,577,keyboard_synthetic_000,4,keyboard,2,synthetic,69,50,16000,distortion|fast_decay|nonlinear_env
42.167953,20.85062,mallet_acoustic_056-090-050,mallet_acoustic_056-090-050,/root/autodl-tmp/tokenizer-eval/data/nsynth/nsynth-valid/audio/mallet_acoustic_056-090-050.wav,590,mallet_acoustic_056,5,mallet,0,acoustic,90,50,16000,fast_decay
-18.782154,3.5209606,keyboard_electronic_069-079-127,keyboard_electronic_069-079-127,/root/autodl-tmp/tokenizer-eval/data/nsynth/nsynth-valid/audio/keyboard_electronic_069-079-127.wav,805,keyboard_electronic_069,4,keyboard,1,electronic,79,127,16000,distortion
-36.078,31.092144,bass_synthetic_009-083-127,bass_synthetic_009-083-127,/root/autodl-tmp/tokenizer-eval/data/nsynth/nsynth-valid/audio/bass_synthetic_009-083-127.wav,150,bass_synthetic_009,0,bass,2,synthetic,83,127,16000,bright|distortion|long_release
-22.980015,-33.040863,flute_acoustic_002-073-025,flute_acoustic_002-073-025,/root/autodl-tmp/tokenizer-eval/data/nsynth/nsynth-valid/audio/flute_acoustic_002-073-025.wav,86,flute_acoustic_002,2,flute,0,acoustic,73,25,16000,long_release|reverb
3.212164,-44.53558,guitar_acoustic_014-031-050,guitar_acoustic_014-031-050,/root/autodl-tmp/tokenizer-eval/data/nsynth/nsynth-valid/audio/guitar_acoustic_014-031-050.wav,263,guitar_acoustic_014,3,guitar,0,acoustic,31,50,16000,
16.320704,-34.95554,guitar_acoustic_021-046-025,guitar_acoustic_021-046-025,/root/autodl-tmp/tokenizer-eval/data/nsynth/nsynth-valid/audio/guitar_acoustic_021-046-025.wav,457,guitar_acoustic_021,3,guitar,0,acoustic,46,25,16000,
29.508543,-5.0762925,keyboard_acoustic_004-055-050,keyboard_acoustic_004-055-050,/root/autodl-tmp/tokenizer-eval/data/nsynth/nsynth-valid/audio/keyboard_acoustic_004-055-050.wav,327,keyboard_acoustic_004,4,keyboard,0,acoustic,55,50,16000,dark|reverb
32.95142,-20.466713,mallet_acoustic_062-039-075,mallet_acoustic_062-039-075,/root/autodl-tmp/tokenizer-eval/data/nsynth/nsynth-valid/audio/mallet_acoustic_062-039-075.wav,644,mallet_acoustic_062,5,mallet,0,acoustic,39,75,16000,dark|multiphonic
-16.102936,11.354592,string_acoustic_057-060-050,string_acoustic_057-060-050,/root/autodl-tmp/tokenizer-eval/data/nsynth/nsynth-valid/audio/string_acoustic_057-060-050.wav,450,string_acoustic_057,8,string,0,acoustic,60,50,16000,bright|nonlinear_env|reverb
-1.3451041,-49.47379,guitar_acoustic_010-044-050,guitar_acoustic_010-044-050,/root/autodl-tmp/tokenizer-eval/data/nsynth/nsynth-valid/audio/guitar_acoustic_010-044-050.wav,219,guitar_acoustic_010,3,guitar,0,acoustic,44,50,16000,
-17.06409,-35.07263,organ_electronic_001-061-127,organ_electronic_001-061-127,/root/autodl-tmp/tokenizer-eval/data/nsynth/nsynth-valid/audio/organ_electronic_001-061-127.wav,8,organ_electronic_001,6,organ,1,electronic,61,127,16000,dark
-9.038168,-5.4393387,brass_acoustic_006-062-075,brass_acoustic_006-062-075,/root/autodl-tmp/tokenizer-eval/data/nsynth/nsynth-valid/audio/brass_acoustic_006-062-075.wav,43,brass_acoustic_006,1,brass,0,acoustic,62,75,16000,reverb
20.600447,14.1209345,keyboard_synthetic_000-086-025,keyboard_synthetic_000-086-025,/root/autodl-tmp/tokenizer-eval/data/nsynth/nsynth-valid/audio/keyboard_synthetic_000-086-025.wav,577,keyboard_synthetic_000,4,keyboard,2,synthetic,86,25,16000,distortion|fast_decay|nonlinear_env
13.240575,16.605251,bass_synthetic_068-072-025,bass_synthetic_068-072-025,/root/autodl-tmp/tokenizer-eval/data/nsynth/nsynth-valid/audio/bass_synthetic_068-072-025.wav,656,bass_synthetic_068,0,bass,2,synthetic,72,25,16000,
14.117735,-32.869144,organ_electronic_028-046-100,organ_electronic_028-046-100,/root/autodl-tmp/tokenizer-eval/data/nsynth/nsynth-valid/audio/organ_electronic_028-046-100.wav,440,organ_electronic_028,6,organ,1,electronic,46,100,16000,dark
-22.4593,-33.160957,flute_acoustic_002-073-100,flute_acoustic_002-073-100,/root/autodl-tmp/tokenizer-eval/data/nsynth/nsynth-valid/audio/flute_acoustic_002-073-100.wav,86,flute_acoustic_002,2,flute,0,acoustic,73,100,16000,long_release|reverb
40.360027,15.473529,guitar_acoustic_021-088-050,guitar_acoustic_021-088-050,/root/autodl-tmp/tokenizer-eval/data/nsynth/nsynth-valid/audio/guitar_acoustic_021-088-050.wav,457,guitar_acoustic_021,3,guitar,0,acoustic,88,50,16000,fast_decay|percussive
-37.226143,-15.793804,flute_synthetic_000-070-075,flute_synthetic_000-070-075,/root/autodl-tmp/tokenizer-eval/data/nsynth/nsynth-valid/audio/flute_synthetic_000-070-075.wav,82,flute_synthetic_000,2,flute,2,synthetic,70,75,16000,distortion
-40.412754,-35.39306,flute_synthetic_000-063-127,flute_synthetic_000-063-127,/root/autodl-tmp/tokenizer-eval/data/nsynth/nsynth-valid/audio/flute_synthetic_000-063-127.wav,82,flute_synthetic_000,2,flute,2,synthetic,63,127,16000,distortion
-27.813114,22.4538,reed_acoustic_037-047-127,reed_acoustic_037-047-127,/root/autodl-tmp/tokenizer-eval/data/nsynth/nsynth-valid/audio/reed_acoustic_037-047-127.wav,387,reed_acoustic_037,7,reed,0,acoustic,47,127,16000,reverb
-3.751628,-49.026485,flute_synthetic_000-056-127,flute_synthetic_000-056-127,/root/autodl-tmp/tokenizer-eval/data/nsynth/nsynth-valid/audio/flute_synthetic_000-056-127.wav,82,flute_synthetic_000,2,flute,2,synthetic,56,127,16000,distortion
56.080784,22.030159,guitar_acoustic_015-091-075,guitar_acoustic_015-091-075,/root/autodl-tmp/tokenizer-eval/data/nsynth/nsynth-valid/audio/guitar_acoustic_015-091-075.wav,316,guitar_acoustic_015,3,guitar,0,acoustic,91,75,16000,fast_decay|percussive|reverb
33.98602,-7.073178,keyboard_acoustic_004-060-050,keyboard_acoustic_004-060-050,/root/autodl-tmp/tokenizer-eval/data/nsynth/nsynth-valid/audio/keyboard_acoustic_004-060-050.wav,327,keyboard_acoustic_004,4,keyboard,0,acoustic,60,50,16000,dark|reverb
22.626799,-2.264238,bass_synthetic_033-056-100,bass_synthetic_033-056-100,/root/autodl-tmp/tokenizer-eval/data/nsynth/nsynth-valid/audio/bass_synthetic_033-056-100.wav,417,bass_synthetic_033,0,bass,2,synthetic,56,100,16000,dark
-54.866356,-0.6984382,vocal_synthetic_003-048-050,vocal_synthetic_003-048-050,/root/autodl-tmp/tokenizer-eval/data/nsynth/nsynth-valid/audio/vocal_synthetic_003-048-050.wav,37,vocal_synthetic_003,10,vocal,2,synthetic,48,50,16000,distortion|long_release|nonlinear_env
3.413164,2.6087434,bass_synthetic_033-071-050,bass_synthetic_033-071-050,/root/autodl-tmp/tokenizer-eval/data/nsynth/nsynth-valid/audio/bass_synthetic_033-071-050.wav,417,bass_synthetic_033,0,bass,2,synthetic,71,50,16000,
-22.497417,-2.9582713,brass_acoustic_046-055-025,brass_acoustic_046-055-025,/root/autodl-tmp/tokenizer-eval/data/nsynth/nsynth-valid/audio/brass_acoustic_046-055-025.wav,414,brass_acoustic_046,1,brass,0,acoustic,55,25,16000,
40.770775,15.184788,mallet_acoustic_062-076-025,mallet_acoustic_062-076-025,/root/autodl-tmp/tokenizer-eval/data/nsynth/nsynth-valid/audio/mallet_acoustic_062-076-025.wav,644,mallet_acoustic_062,5,mallet,0,acoustic,76,25,16000,dark|fast_decay|multiphonic|percussive
-16.336134,33.979942,brass_acoustic_015-076-075,brass_acoustic_015-076-075,/root/autodl-tmp/tokenizer-eval/data/nsynth/nsynth-valid/audio/brass_acoustic_015-076-075.wav,121,brass_acoustic_015,1,brass,0,acoustic,76,75,16000,reverb
55.88935,26.852394,mallet_acoustic_047-069-100,mallet_acoustic_047-069-100,/root/autodl-tmp/tokenizer-eval/data/nsynth/nsynth-valid/audio/mallet_acoustic_047-069-100.wav,488,mallet_acoustic_047,5,mallet,0,acoustic,69,100,16000,fast_decay|percussive|reverb
37.129,37.31653,reed_acoustic_023-065-075,reed_acoustic_023-065-075,/root/autodl-tmp/tokenizer-eval/data/nsynth/nsynth-valid/audio/reed_acoustic_023-065-075.wav,224,reed_acoustic_023,7,reed,0,acoustic,65,75,16000,bright|fast_decay|multiphonic|nonlinear_env
-22.566187,-6.6765265,reed_acoustic_011-043-100,reed_acoustic_011-043-100,/root/autodl-tmp/tokenizer-eval/data/nsynth/nsynth-valid/audio/reed_acoustic_011-043-100.wav,104,reed_acoustic_011,7,reed,0,acoustic,43,100,16000,bright
57.00041,19.113611,mallet_acoustic_056-053-127,mallet_acoustic_056-053-127,/root/autodl-tmp/tokenizer-eval/data/nsynth/nsynth-valid/audio/mallet_acoustic_056-053-127.wav,590,mallet_acoustic_056,5,mallet,0,acoustic,53,127,16000,bright|fast_decay|percussive
34.80846,11.306082,mallet_acoustic_056-080-127,mallet_acoustic_056-080-127,/root/autodl-tmp/tokenizer-eval/data/nsynth/nsynth-valid/audio/mallet_acoustic_056-080-127.wav,590,mallet_acoustic_056,5,mallet,0,acoustic,80,127,16000,fast_decay
7.422765,-41.21395,flute_synthetic_000-043-100,flute_synthetic_000-043-100,/root/autodl-tmp/tokenizer-eval/data/nsynth/nsynth-valid/audio/flute_synthetic_000-043-100.wav,82,flute_synthetic_000,2,flute,2,synthetic,43,100,16000,distortion
38.599632,5.695339,mallet_acoustic_062-063-050,mallet_acoustic_062-063-050,/root/autodl-tmp/tokenizer-eval/data/nsynth/nsynth-valid/audio/mallet_acoustic_062-063-050.wav,644,mallet_acoustic_062,5,mallet,0,acoustic,63,50,16000,dark|fast_decay|multiphonic
3.803859,-24.884642,organ_electronic_113-057-050,organ_electronic_113-057-050,/root/autodl-tmp/tokenizer-eval/data/nsynth/nsynth-valid/audio/organ_electronic_113-057-050.wav,958,organ_electronic_113,6,organ,1,electronic,57,50,16000,dark
20.876669,-1.8049811,brass_acoustic_015-056-100,brass_acoustic_015-056-100,/root/autodl-tmp/tokenizer-eval/data/nsynth/nsynth-valid/audio/brass_acoustic_015-056-100.wav,121,brass_acoustic_015,1,brass,0,acoustic,56,100,16000,reverb
43.50261,14.547729,string_acoustic_056-065-075,string_acoustic_056-065-075,/root/autodl-tmp/tokenizer-eval/data/nsynth/nsynth-valid/audio/string_acoustic_056-065-075.wav,436,string_acoustic_056,8,string,0,acoustic,65,75,16000,fast_decay|reverb
-39.834774,-39.70079,organ_electronic_028-063-075,organ_electronic_028-063-075,/root/autodl-tmp/tokenizer-eval/data/nsynth/nsynth-valid/audio/organ_electronic_028-063-075.wav,440,organ_electronic_028,6,organ,1,electronic,63,75,16000,dark
39.142372,49.217907,keyboard_synthetic_000-080-075,keyboard_synthetic_000-080-075,/root/autodl-tmp/tokenizer-eval/data/nsynth/nsynth-valid/audio/keyboard_synthetic_000-080-075.wav,577,keyboard_synthetic_000,4,keyboard,2,synthetic,80,75,16000,bright|distortion|fast_decay|nonlinear_env
-22.523312,3.3353245,flute_synthetic_000-079-050,flute_synthetic_000-079-050,/root/autodl-tmp/tokenizer-eval/data/nsynth/nsynth-valid/audio/flute_synthetic_000-079-050.wav,82,flute_synthetic_000,2,flute,2,synthetic,79,50,16000,distortion
36.23882,11.430187,keyboard_acoustic_004-080-050,keyboard_acoustic_004-080-050,/root/autodl-tmp/tokenizer-eval/data/nsynth/nsynth-valid/audio/keyboard_acoustic_004-080-050.wav,327,keyboard_acoustic_004,4,keyboard,0,acoustic,80,50,16000,dark|reverb
38.666924,22.79062,guitar_acoustic_015-079-127,guitar_acoustic_015-079-127,/root/autodl-tmp/tokenizer-eval/data/nsynth/nsynth-valid/audio/guitar_acoustic_015-079-127.wav,316,guitar_acoustic_015,3,guitar,0,acoustic,79,127,16000,fast_decay|reverb
49.251167,24.141798,guitar_acoustic_015-084-100,guitar_acoustic_015-084-100,/root/autodl-tmp/tokenizer-eval/data/nsynth/nsynth-valid/audio/guitar_acoustic_015-084-100.wav,316,guitar_acoustic_015,3,guitar,0,acoustic,84,100,16000,fast_decay|percussive|reverb
-20.196821,13.814618,reed_acoustic_011-072-050,reed_acoustic_011-072-050,/root/autodl-tmp/tokenizer-eval/data/nsynth/nsynth-valid/audio/reed_acoustic_011-072-050.wav,104,reed_acoustic_011,7,reed,0,acoustic,72,50,16000,
-23.739803,49.35093,brass_acoustic_016-086-050,brass_acoustic_016-086-050,/root/autodl-tmp/tokenizer-eval/data/nsynth/nsynth-valid/audio/brass_acoustic_016-086-050.wav,128,brass_acoustic_016,1,brass,0,acoustic,86,50,16000,
-54.014225,-37.542965,vocal_synthetic_003-087-050,vocal_synthetic_003-087-050,/root/autodl-tmp/tokenizer-eval/data/nsynth/nsynth-valid/audio/vocal_synthetic_003-087-050.wav,37,vocal_synthetic_003,10,vocal,2,synthetic,87,50,16000,bright|distortion|long_release|nonlinear_env
-18.381323,14.665726,flute_acoustic_002-072-075,flute_acoustic_002-072-075,/root/autodl-tmp/tokenizer-eval/data/nsynth/nsynth-valid/audio/flute_acoustic_002-072-075.wav,86,flute_acoustic_002,2,flute,0,acoustic,72,75,16000,long_release|reverb
46.59889,4.6246376,string_acoustic_014-060-100,string_acoustic_014-060-100,/root/autodl-tmp/tokenizer-eval/data/nsynth/nsynth-valid/audio/string_acoustic_014-060-100.wav,100,string_acoustic_014,8,string,0,acoustic,60,100,16000,dark|reverb
12.298205,-53.542393,organ_electronic_007-033-050,organ_electronic_007-033-050,/root/autodl-tmp/tokenizer-eval/data/nsynth/nsynth-valid/audio/organ_electronic_007-033-050.wav,123,organ_electronic_007,6,organ,1,electronic,33,50,16000,distortion|long_release|nonlinear_env
33.176395,19.0364,guitar_acoustic_030-070-075,guitar_acoustic_030-070-075,/root/autodl-tmp/tokenizer-eval/data/nsynth/nsynth-valid/audio/guitar_acoustic_030-070-075.wav,642,guitar_acoustic_030,3,guitar,0,acoustic,70,75,16000,fast_decay|tempo-synced
40.0087,-3.7028794,string_acoustic_014-058-127,string_acoustic_014-058-127,/root/autodl-tmp/tokenizer-eval/data/nsynth/nsynth-valid/audio/string_acoustic_014-058-127.wav,100,string_acoustic_014,8,string,0,acoustic,58,127,16000,dark|reverb
-21.684645,-30.62246,organ_electronic_104-073-127,organ_electronic_104-073-127,/root/autodl-tmp/tokenizer-eval/data/nsynth/nsynth-valid/audio/organ_electronic_104-073-127.wav,921,organ_electronic_104,6,organ,1,electronic,73,127,16000,
7.2733226,23.43101,reed_acoustic_018-053-127,reed_acoustic_018-053-127,/root/autodl-tmp/tokenizer-eval/data/nsynth/nsynth-valid/audio/reed_acoustic_018-053-127.wav,183,reed_acoustic_018,7,reed,0,acoustic,53,127,16000,
38.217953,48.078007,reed_acoustic_023-080-025,reed_acoustic_023-080-025,/root/autodl-tmp/tokenizer-eval/data/nsynth/nsynth-valid/audio/reed_acoustic_023-080-025.wav,224,reed_acoustic_023,7,reed,0,acoustic,80,25,16000,bright|fast_decay|multiphonic|nonlinear_env
-58.752254,-5.9762697,vocal_synthetic_003-032-075,vocal_synthetic_003-032-075,/root/autodl-tmp/tokenizer-eval/data/nsynth/nsynth-valid/audio/vocal_synthetic_003-032-075.wav,37,vocal_synthetic_003,10,vocal,2,synthetic,32,75,16000,distortion|long_release|nonlinear_env
7.8038774,-3.7136283,keyboard_electronic_003-035-100,keyboard_electronic_003-035-100,/root/autodl-tmp/tokenizer-eval/data/nsynth/nsynth-valid/audio/keyboard_electronic_003-035-100.wav,65,keyboard_electronic_003,4,keyboard,1,electronic,35,100,16000,distortion
26.248411,9.86677,guitar_acoustic_015-069-127,guitar_acoustic_015-069-127,/root/autodl-tmp/tokenizer-eval/data/nsynth/nsynth-valid/audio/guitar_acoustic_015-069-127.wav,316,guitar_acoustic_015,3,guitar,0,acoustic,69,127,16000,reverb
-3.0722294,-8.403777,keyboard_electronic_003-062-075,keyboard_electronic_003-062-075,/root/autodl-tmp/tokenizer-eval/data/nsynth/nsynth-valid/audio/keyboard_electronic_003-062-075.wav,65,keyboard_electronic_003,4,keyboard,1,electronic,62,75,16000,
26.177225,41.6761,reed_acoustic_023-085-050,reed_acoustic_023-085-050,/root/autodl-tmp/tokenizer-eval/data/nsynth/nsynth-valid/audio/reed_acoustic_023-085-050.wav,224,reed_acoustic_023,7,reed,0,acoustic,85,50,16000,bright|fast_decay|multiphonic|nonlinear_env
6.106008,0.95130914,brass_acoustic_015-059-100,brass_acoustic_015-059-100,/root/autodl-tmp/tokenizer-eval/data/nsynth/nsynth-valid/audio/brass_acoustic_015-059-100.wav,121,brass_acoustic_015,1,brass,0,acoustic,59,100,16000,reverb
5.336983,3.1075346,keyboard_electronic_003-071-025,keyboard_electronic_003-071-025,/root/autodl-tmp/tokenizer-eval/data/nsynth/nsynth-valid/audio/keyboard_electronic_003-071-025.wav,65,keyboard_electronic_003,4,keyboard,1,electronic,71,25,16000,
44.25338,-3.0340517,string_acoustic_014-047-100,string_acoustic_014-047-100,/root/autodl-tmp/tokenizer-eval/data/nsynth/nsynth-valid/audio/string_acoustic_014-047-100.wav,100,string_acoustic_014,8,string,0,acoustic,47,100,16000,dark|fast_decay|reverb
-22.633804,38.74693,string_acoustic_057-088-075,string_acoustic_057-088-075,/root/autodl-tmp/tokenizer-eval/data/nsynth/nsynth-valid/audio/string_acoustic_057-088-075.wav,450,string_acoustic_057,8,string,0,acoustic,88,75,16000,nonlinear_env|reverb
-15.888584,-6.332223,vocal_synthetic_003-042-025,vocal_synthetic_003-042-025,/root/autodl-tmp/tokenizer-eval/data/nsynth/nsynth-valid/audio/vocal_synthetic_003-042-025.wav,37,vocal_synthetic_003,10,vocal,2,synthetic,42,25,16000,distortion|long_release|nonlinear_env
6.577573,-48.103107,flute_synthetic_000-044-100,flute_synthetic_000-044-100,/root/autodl-tmp/tokenizer-eval/data/nsynth/nsynth-valid/audio/flute_synthetic_000-044-100.wav,82,flute_synthetic_000,2,flute,2,synthetic,44,100,16000,distortion
6.833058,26.732777,keyboard_electronic_078-065-050,keyboard_electronic_078-065-050,/root/autodl-tmp/tokenizer-eval/data/nsynth/nsynth-valid/audio/keyboard_electronic_078-065-050.wav,838,keyboard_electronic_078,4,keyboard,1,electronic,65,50,16000,bright
-35.448635,48.419064,brass_acoustic_016-061-127,brass_acoustic_016-061-127,/root/autodl-tmp/tokenizer-eval/data/nsynth/nsynth-valid/audio/brass_acoustic_016-061-127.wav,128,brass_acoustic_016,1,brass,0,acoustic,61,127,16000,bright
4.2390876,-3.2898598,flute_synthetic_000-059-050,flute_synthetic_000-059-050,/root/autodl-tmp/tokenizer-eval/data/nsynth/nsynth-valid/audio/flute_synthetic_000-059-050.wav,82,flute_synthetic_000,2,flute,2,synthetic,59,50,16000,distortion
39.977436,46.71898,reed_acoustic_023-092-050,reed_acoustic_023-092-050,/root/autodl-tmp/tokenizer-eval/data/nsynth/nsynth-valid/audio/reed_acoustic_023-092-050.wav,224,reed_acoustic_023,7,reed,0,acoustic,92,50,16000,fast_decay|multiphonic|nonlinear_env
8.600706,0.8248573,brass_acoustic_015-047-025,brass_acoustic_015-047-025,/root/autodl-tmp/tokenizer-eval/data/nsynth/nsynth-valid/audio/brass_acoustic_015-047-025.wav,121,brass_acoustic_015,1,brass,0,acoustic,47,25,16000,reverb
-3.2487712,15.8436775,organ_electronic_113-078-075,organ_electronic_113-078-075,/root/autodl-tmp/tokenizer-eval/data/nsynth/nsynth-valid/audio/organ_electronic_113-078-075.wav,958,organ_electronic_113,6,organ,1,electronic,78,75,16000,
-39.928215,15.6842375,vocal_synthetic_003-077-127,vocal_synthetic_003-077-127,/root/autodl-tmp/tokenizer-eval/data/nsynth/nsynth-valid/audio/vocal_synthetic_003-077-127.wav,37,vocal_synthetic_003,10,vocal,2,synthetic,77,127,16000,bright|distortion|long_release|nonlinear_env
31.375664,18.616316,guitar_acoustic_014-082-127,guitar_acoustic_014-082-127,/root/autodl-tmp/tokenizer-eval/data/nsynth/nsynth-valid/audio/guitar_acoustic_014-082-127.wav,263,guitar_acoustic_014,3,guitar,0,acoustic,82,127,16000,fast_decay
35.333405,-3.859113,bass_electronic_018-053-050,bass_electronic_018-053-050,/root/autodl-tmp/tokenizer-eval/data/nsynth/nsynth-valid/audio/bass_electronic_018-053-050.wav,759,bass_electronic_018,0,bass,1,electronic,53,50,16000,
42.957817,-27.001032,bass_synthetic_135-037-025,bass_synthetic_135-037-025,/root/autodl-tmp/tokenizer-eval/data/nsynth/nsynth-valid/audio/bass_synthetic_135-037-025.wav,927,bass_synthetic_135,0,bass,2,synthetic,37,25,16000,distortion
0.4590347,-24.286695,organ_electronic_113-069-050,organ_electronic_113-069-050,/root/autodl-tmp/tokenizer-eval/data/nsynth/nsynth-valid/audio/organ_electronic_113-069-050.wav,958,organ_electronic_113,6,organ,1,electronic,69,50,16000,
11.587513,-44.83686,flute_synthetic_000-032-025,flute_synthetic_000-032-025,/root/autodl-tmp/tokenizer-eval/data/nsynth/nsynth-valid/audio/flute_synthetic_000-032-025.wav,82,flute_synthetic_000,2,flute,2,synthetic,32,25,16000,distortion
27.664938,-6.0709424,mallet_acoustic_062-055-100,mallet_acoustic_062-055-100,/root/autodl-tmp/tokenizer-eval/data/nsynth/nsynth-valid/audio/mallet_acoustic_062-055-100.wav,644,mallet_acoustic_062,5,mallet,0,acoustic,55,100,16000,dark|multiphonic
20.795712,-37.416904,bass_synthetic_135-034-127,bass_synthetic_135-034-127,/root/autodl-tmp/tokenizer-eval/data/nsynth/nsynth-valid/audio/bass_synthetic_135-034-127.wav,927,bass_synthetic_135,0,bass,2,synthetic,34,127,16000,distortion
-38.324207,-12.388896,flute_synthetic_000-094-127,flute_synthetic_000-094-127,/root/autodl-tmp/tokenizer-eval/data/nsynth/nsynth-valid/audio/flute_synthetic_000-094-127.wav,82,flute_synthetic_000,2,flute,2,synthetic,94,127,16000,distortion
-29.131788,25.56365,brass_acoustic_006-071-100,brass_acoustic_006-071-100,/root/autodl-tmp/tokenizer-eval/data/nsynth/nsynth-valid/audio/brass_acoustic_006-071-100.wav,43,brass_acoustic_006,1,brass,0,acoustic,71,100,16000,reverb
5.275779,-12.72894,organ_electronic_028-060-050,organ_electronic_028-060-050,/root/autodl-tmp/tokenizer-eval/data/nsynth/nsynth-valid/audio/organ_electronic_028-060-050.wav,440,organ_electronic_028,6,organ,1,electronic,60,50,16000,dark
48.59827,14.41907,mallet_acoustic_056-075-127,mallet_acoustic_056-075-127,/root/autodl-tmp/tokenizer-eval/data/nsynth/nsynth-valid/audio/mallet_acoustic_056-075-127.wav,590,mallet_acoustic_056,5,mallet,0,acoustic,75,127,16000,fast_decay
-33.47562,44.512623,organ_electronic_007-092-075,organ_electronic_007-092-075,/root/autodl-tmp/tokenizer-eval/data/nsynth/nsynth-valid/audio/organ_electronic_007-092-075.wav,123,organ_electronic_007,6,organ,1,electronic,92,75,16000,long_release|nonlinear_env
-23.674442,-2.466296,reed_acoustic_018-067-127,reed_acoustic_018-067-127,/root/autodl-tmp/tokenizer-eval/data/nsynth/nsynth-valid/audio/reed_acoustic_018-067-127.wav,183,reed_acoustic_018,7,reed,0,acoustic,67,127,16000,
45.92111,16.456057,string_acoustic_056-069-075,string_acoustic_056-069-075,/root/autodl-tmp/tokenizer-eval/data/nsynth/nsynth-valid/audio/string_acoustic_056-069-075.wav,436,string_acoustic_056,8,string,0,acoustic,69,75,16000,fast_decay|percussive|reverb
34.95473,24.304892,bass_synthetic_068-089-127,bass_synthetic_068-089-127,/root/autodl-tmp/tokenizer-eval/data/nsynth/nsynth-valid/audio/bass_synthetic_068-089-127.wav,656,bass_synthetic_068,0,bass,2,synthetic,89,127,16000,fast_decay
-47.082554,-4.8234386,vocal_synthetic_003-094-100,vocal_synthetic_003-094-100,/root/autodl-tmp/tokenizer-eval/data/nsynth/nsynth-valid/audio/vocal_synthetic_003-094-100.wav,37,vocal_synthetic_003,10,vocal,2,synthetic,94,100,16000,bright|distortion|long_release|nonlinear_env
-29.498596,20.381945,reed_acoustic_011-047-075,reed_acoustic_011-047-075,/root/autodl-tmp/tokenizer-eval/data/nsynth/nsynth-valid/audio/reed_acoustic_011-047-075.wav,104,reed_acoustic_011,7,reed,0,acoustic,47,75,16000,
25.026073,-18.874327,organ_electronic_113-042-100,organ_electronic_113-042-100,/root/autodl-tmp/tokenizer-eval/data/nsynth/nsynth-valid/audio/organ_electronic_113-042-100.wav,958,organ_electronic_113,6,organ,1,electronic,42,100,16000,dark
-43.736294,-10.682406,reed_acoustic_011-070-127,reed_acoustic_011-070-127,/root/autodl-tmp/tokenizer-eval/data/nsynth/nsynth-valid/audio/reed_acoustic_011-070-127.wav,104,reed_acoustic_011,7,reed,0,acoustic,70,127,16000,
-58.035873,-7.4034224,vocal_synthetic_003-031-050,vocal_synthetic_003-031-050,/root/autodl-tmp/tokenizer-eval/data/nsynth/nsynth-valid/audio/vocal_synthetic_003-031-050.wav,37,vocal_synthetic_003,10,vocal,2,synthetic,31,50,16000,distortion|long_release|nonlinear_env
55.247524,28.599874,mallet_acoustic_047-071-075,mallet_acoustic_047-071-075,/root/autodl-tmp/tokenizer-eval/data/nsynth/nsynth-valid/audio/mallet_acoustic_047-071-075.wav,488,mallet_acoustic_047,5,mallet,0,acoustic,71,75,16000,fast_decay|percussive|reverb
34.192738,46.08182,reed_acoustic_023-076-100,reed_acoustic_023-076-100,/root/autodl-tmp/tokenizer-eval/data/nsynth/nsynth-valid/audio/reed_acoustic_023-076-100.wav,224,reed_acoustic_023,7,reed,0,acoustic,76,100,16000,bright|fast_decay|multiphonic|nonlinear_env
42.76578,21.036428,guitar_acoustic_021-090-100,guitar_acoustic_021-090-100,/root/autodl-tmp/tokenizer-eval/data/nsynth/nsynth-valid/audio/guitar_acoustic_021-090-100.wav,457,guitar_acoustic_021,3,guitar,0,acoustic,90,100,16000,fast_decay|percussive
-7.2177334,-8.871429,string_acoustic_057-062-075,string_acoustic_057-062-075,/root/autodl-tmp/tokenizer-eval/data/nsynth/nsynth-valid/audio/string_acoustic_057-062-075.wav,450,string_acoustic_057,8,string,0,acoustic,62,75,16000,bright|nonlinear_env|reverb
-56.329224,-4.7706847,vocal_synthetic_003-036-050,vocal_synthetic_003-036-050,/root/autodl-tmp/tokenizer-eval/data/nsynth/nsynth-valid/audio/vocal_synthetic_003-036-050.wav,37,vocal_synthetic_003,10,vocal,2,synthetic,36,50,16000,distortion|long_release|nonlinear_env
-22.234741,36.927868,string_acoustic_057-076-050,string_acoustic_057-076-050,/root/autodl-tmp/tokenizer-eval/data/nsynth/nsynth-valid/audio/string_acoustic_057-076-050.wav,450,string_acoustic_057,8,string,0,acoustic,76,50,16000,bright|nonlinear_env|reverb
-46.52847,-8.735296,vocal_synthetic_003-070-025,vocal_synthetic_003-070-025,/root/autodl-tmp/tokenizer-eval/data/nsynth/nsynth-valid/audio/vocal_synthetic_003-070-025.wav,37,vocal_synthetic_003,10,vocal,2,synthetic,70,25,16000,bright|distortion|long_release|nonlinear_env
-20.540672,13.90333,reed_acoustic_011-072-025,reed_acoustic_011-072-025,/root/autodl-tmp/tokenizer-eval/data/nsynth/nsynth-valid/audio/reed_acoustic_011-072-025.wav,104,reed_acoustic_011,7,reed,0,acoustic,72,25,16000,
22.847246,20.732603,keyboard_electronic_078-083-050,keyboard_electronic_078-083-050,/root/autodl-tmp/tokenizer-eval/data/nsynth/nsynth-valid/audio/keyboard_electronic_078-083-050.wav,838,keyboard_electronic_078,4,keyboard,1,electronic,83,50,16000,bright
-21.139465,-34.8117,reed_acoustic_011-061-075,reed_acoustic_011-061-075,/root/autodl-tmp/tokenizer-eval/data/nsynth/nsynth-valid/audio/reed_acoustic_011-061-075.wav,104,reed_acoustic_011,7,reed,0,acoustic,61,75,16000,
23.65777,-35.810642,mallet_acoustic_062-047-100,mallet_acoustic_062-047-100,/root/autodl-tmp/tokenizer-eval/data/nsynth/nsynth-valid/audio/mallet_acoustic_062-047-100.wav,644,mallet_acoustic_062,5,mallet,0,acoustic,47,100,16000,dark|long_release|multiphonic
-45.442623,-35.91345,brass_acoustic_059-063-127,brass_acoustic_059-063-127,/root/autodl-tmp/tokenizer-eval/data/nsynth/nsynth-valid/audio/brass_acoustic_059-063-127.wav,572,brass_acoustic_059,1,brass,0,acoustic,63,127,16000,reverb
-22.85035,0.84757364,vocal_acoustic_000-067-050,vocal_acoustic_000-067-050,/root/autodl-tmp/tokenizer-eval/data/nsynth/nsynth-valid/audio/vocal_acoustic_000-067-050.wav,46,vocal_acoustic_000,10,vocal,0,acoustic,67,50,16000,reverb
37.128616,37.316685,reed_acoustic_023-065-100,reed_acoustic_023-065-100,/root/autodl-tmp/tokenizer-eval/data/nsynth/nsynth-valid/audio/reed_acoustic_023-065-100.wav,224,reed_acoustic_023,7,reed,0,acoustic,65,100,16000,bright|fast_decay|multiphonic|nonlinear_env
-58.34505,6.958344,vocal_synthetic_003-050-127,vocal_synthetic_003-050-127,/root/autodl-tmp/tokenizer-eval/data/nsynth/nsynth-valid/audio/vocal_synthetic_003-050-127.wav,37,vocal_synthetic_003,10,vocal,2,synthetic,50,127,16000,bright|distortion|long_release|nonlinear_env
25.756613,-1.300704,mallet_acoustic_062-056-075,mallet_acoustic_062-056-075,/root/autodl-tmp/tokenizer-eval/data/nsynth/nsynth-valid/audio/mallet_acoustic_062-056-075.wav,644,mallet_acoustic_062,5,mallet,0,acoustic,56,75,16000,dark|multiphonic
19.844955,-13.421312,flute_synthetic_000-053-075,flute_synthetic_000-053-075,/root/autodl-tmp/tokenizer-eval/data/nsynth/nsynth-valid/audio/flute_synthetic_000-053-075.wav,82,flute_synthetic_000,2,flute,2,synthetic,53,75,16000,distortion
35.784264,-32.74342,string_acoustic_080-038-100,string_acoustic_080-038-100,/root/autodl-tmp/tokenizer-eval/data/nsynth/nsynth-valid/audio/string_acoustic_080-038-100.wav,675,string_acoustic_080,8,string,0,acoustic,38,100,16000,long_release|reverb
25.383158,-3.045973,bass_synthetic_135-056-050,bass_synthetic_135-056-050,/root/autodl-tmp/tokenizer-eval/data/nsynth/nsynth-valid/audio/bass_synthetic_135-056-050.wav,927,bass_synthetic_135,0,bass,2,synthetic,56,50,16000,distortion
45.74247,30.616758,keyboard_electronic_001-096-075,keyboard_electronic_001-096-075,/root/autodl-tmp/tokenizer-eval/data/nsynth/nsynth-valid/audio/keyboard_electronic_001-096-075.wav,40,keyboard_electronic_001,4,keyboard,1,electronic,96,75,16000,
15.616197,18.809465,bass_synthetic_068-084-075,bass_synthetic_068-084-075,/root/autodl-tmp/tokenizer-eval/data/nsynth/nsynth-valid/audio/bass_synthetic_068-084-075.wav,656,bass_synthetic_068,0,bass,2,synthetic,84,75,16000,fast_decay
45.99752,16.43022,string_acoustic_056-069-127,string_acoustic_056-069-127,/root/autodl-tmp/tokenizer-eval/data/nsynth/nsynth-valid/audio/string_acoustic_056-069-127.wav,436,string_acoustic_056,8,string,0,acoustic,69,127,16000,fast_decay|percussive|reverb
-6.397452,17.006176,organ_electronic_104-078-025,organ_electronic_104-078-025,/root/autodl-tmp/tokenizer-eval/data/nsynth/nsynth-valid/audio/organ_electronic_104-078-025.wav,921,organ_electronic_104,6,organ,1,electronic,78,25,16000,
43.149944,15.959014,guitar_acoustic_015-077-025,guitar_acoustic_015-077-025,/root/autodl-tmp/tokenizer-eval/data/nsynth/nsynth-valid/audio/guitar_acoustic_015-077-025.wav,316,guitar_acoustic_015,3,guitar,0,acoustic,77,25,16000,fast_decay|reverb
-38.26591,29.363214,vocal_synthetic_003-083-127,vocal_synthetic_003-083-127,/root/autodl-tmp/tokenizer-eval/data/nsynth/nsynth-valid/audio/vocal_synthetic_003-083-127.wav,37,vocal_synthetic_003,10,vocal,2,synthetic,83,127,16000,bright|distortion|long_release|nonlinear_env
-3.3944907,-8.4768915,keyboard_electronic_098-062-025,keyboard_electronic_098-062-025,/root/autodl-tmp/tokenizer-eval/data/nsynth/nsynth-valid/audio/keyboard_electronic_098-062-025.wav,905,keyboard_electronic_098,4,keyboard,1,electronic,62,25,16000,dark
3.2879393,2.8829558,guitar_electronic_022-071-075,guitar_electronic_022-071-075,/root/autodl-tmp/tokenizer-eval/data/nsynth/nsynth-valid/audio/guitar_electronic_022-071-075.wav,378,guitar_electronic_022,3,guitar,1,electronic,71,75,16000,
-5.065107,12.71903,string_acoustic_057-066-127,string_acoustic_057-066-127,/root/autodl-tmp/tokenizer-eval/data/nsynth/nsynth-valid/audio/string_acoustic_057-066-127.wav,450,string_acoustic_057,8,string,0,acoustic,66,127,16000,bright|nonlinear_env|reverb
18.76035,-11.670893,organ_electronic_104-034-025,organ_electronic_104-034-025,/root/autodl-tmp/tokenizer-eval/data/nsynth/nsynth-valid/audio/organ_electronic_104-034-025.wav,921,organ_electronic_104,6,organ,1,electronic,34,25,16000,
26.87729,10.404447,bass_synthetic_068-081-075,bass_synthetic_068-081-075,/root/autodl-tmp/tokenizer-eval/data/nsynth/nsynth-valid/audio/bass_synthetic_068-081-075.wav,656,bass_synthetic_068,0,bass,2,synthetic,81,75,16000,fast_decay
38.034325,-28.517939,flute_synthetic_000-050-075,flute_synthetic_000-050-075,/root/autodl-tmp/tokenizer-eval/data/nsynth/nsynth-valid/audio/flute_synthetic_000-050-075.wav,82,flute_synthetic_000,2,flute,2,synthetic,50,75,16000,distortion
-36.364098,-16.313778,brass_acoustic_015-070-075,brass_acoustic_015-070-075,/root/autodl-tmp/tokenizer-eval/data/nsynth/nsynth-valid/audio/brass_acoustic_015-070-075.wav,121,brass_acoustic_015,1,brass,0,acoustic,70,75,16000,reverb
-39.353497,-18.406467,guitar_acoustic_010-070-100,guitar_acoustic_010-070-100,/root/autodl-tmp/tokenizer-eval/data/nsynth/nsynth-valid/audio/guitar_acoustic_010-070-100.wav,219,guitar_acoustic_010,3,guitar,0,acoustic,70,100,16000,
-11.488921,-27.952179,bass_synthetic_135-061-127,bass_synthetic_135-061-127,/root/autodl-tmp/tokenizer-eval/data/nsynth/nsynth-valid/audio/bass_synthetic_135-061-127.wav,927,bass_synthetic_135,0,bass,2,synthetic,61,127,16000,distortion
-6.1046505,-10.048982,vocal_acoustic_000-062-050,vocal_acoustic_000-062-050,/root/autodl-tmp/tokenizer-eval/data/nsynth/nsynth-valid/audio/vocal_acoustic_000-062-050.wav,46,vocal_acoustic_000,10,vocal,0,acoustic,62,50,16000,reverb
-1.0398861,10.317617,flute_synthetic_000-066-127,flute_synthetic_000-066-127,/root/autodl-tmp/tokenizer-eval/data/nsynth/nsynth-valid/audio/flute_synthetic_000-066-127.wav,82,flute_synthetic_000,2,flute,2,synthetic,66,127,16000,distortion
48.279335,14.311999,mallet_acoustic_056-075-100,mallet_acoustic_056-075-100,/root/autodl-tmp/tokenizer-eval/data/nsynth/nsynth-valid/audio/mallet_acoustic_056-075-100.wav,590,mallet_acoustic_056,5,mallet,0,acoustic,75,100,16000,fast_decay
-29.389364,39.865795,vocal_synthetic_003-088-075,vocal_synthetic_003-088-075,/root/autodl-tmp/tokenizer-eval/data/nsynth/nsynth-valid/audio/vocal_synthetic_003-088-075.wav,37,vocal_synthetic_003,10,vocal,2,synthetic,88,75,16000,long_release|nonlinear_env
-39.783268,15.456672,vocal_synthetic_003-077-100,vocal_synthetic_003-077-100,/root/autodl-tmp/tokenizer-eval/data/nsynth/nsynth-valid/audio/vocal_synthetic_003-077-100.wav,37,vocal_synthetic_003,10,vocal,2,synthetic,77,100,16000,bright|distortion|long_release|nonlinear_env
47.433914,6.1249204,string_acoustic_014-060-127,string_acoustic_014-060-127,/root/autodl-tmp/tokenizer-eval/data/nsynth/nsynth-valid/audio/string_acoustic_014-060-127.wav,100,string_acoustic_014,8,string,0,acoustic,60,127,16000,dark|percussive|reverb
-33.038322,45.650448,brass_acoustic_016-085-100,brass_acoustic_016-085-100,/root/autodl-tmp/tokenizer-eval/data/nsynth/nsynth-valid/audio/brass_acoustic_016-085-100.wav,128,brass_acoustic_016,1,brass,0,acoustic,85,100,16000,bright
26.504559,36.41507,bass_synthetic_034-060-025,bass_synthetic_034-060-025,/root/autodl-tmp/tokenizer-eval/data/nsynth/nsynth-valid/audio/bass_synthetic_034-060-025.wav,420,bass_synthetic_034,0,bass,2,synthetic,60,25,16000,distortion|tempo-synced
20.876997,-1.8049084,brass_acoustic_015-056-127,brass_acoustic_015-056-127,/root/autodl-tmp/tokenizer-eval/data/nsynth/nsynth-valid/audio/brass_acoustic_015-056-127.wav,121,brass_acoustic_015,1,brass,0,acoustic,56,127,16000,reverb
-27.03218,-1.6624817,organ_electronic_007-055-100,organ_electronic_007-055-100,/root/autodl-tmp/tokenizer-eval/data/nsynth/nsynth-valid/audio/organ_electronic_007-055-100.wav,123,organ_electronic_007,6,organ,1,electronic,55,100,16000,distortion|long_release|nonlinear_env
38.42041,-7.8056912,keyboard_electronic_069-046-075,keyboard_electronic_069-046-075,/root/autodl-tmp/tokenizer-eval/data/nsynth/nsynth-valid/audio/keyboard_electronic_069-046-075.wav,805,keyboard_electronic_069,4,keyboard,1,electronic,46,75,16000,distortion
30.867031,-32.324398,string_acoustic_012-039-100,string_acoustic_012-039-100,/root/autodl-tmp/tokenizer-eval/data/nsynth/nsynth-valid/audio/string_acoustic_012-039-100.wav,97,string_acoustic_012,8,string,0,acoustic,39,100,16000,long_release|reverb
43.174004,-11.778372,mallet_acoustic_062-033-075,mallet_acoustic_062-033-075,/root/autodl-tmp/tokenizer-eval/data/nsynth/nsynth-valid/audio/mallet_acoustic_062-033-075.wav,644,mallet_acoustic_062,5,mallet,0,acoustic,33,75,16000,dark|multiphonic
-18.737381,19.797934,organ_electronic_057-084-075,organ_electronic_057-084-075,/root/autodl-tmp/tokenizer-eval/data/nsynth/nsynth-valid/audio/organ_electronic_057-084-075.wav,701,organ_electronic_057,6,organ,1,electronic,84,75,16000,
16.022594,6.996518,brass_acoustic_015-046-127,brass_acoustic_015-046-127,/root/autodl-tmp/tokenizer-eval/data/nsynth/nsynth-valid/audio/brass_acoustic_015-046-127.wav,121,brass_acoustic_015,1,brass,0,acoustic,46,127,16000,reverb
46.018307,-8.126622,mallet_acoustic_062-044-050,mallet_acoustic_062-044-050,/root/autodl-tmp/tokenizer-eval/data/nsynth/nsynth-valid/audio/mallet_acoustic_062-044-050.wav,644,mallet_acoustic_062,5,mallet,0,acoustic,44,50,16000,dark|multiphonic
41.254234,-32.08134,flute_synthetic_000-037-025,flute_synthetic_000-037-025,/root/autodl-tmp/tokenizer-eval/data/nsynth/nsynth-valid/audio/flute_synthetic_000-037-025.wav,82,flute_synthetic_000,2,flute,2,synthetic,37,25,16000,distortion
1.8383219,11.235899,bass_synthetic_135-066-025,bass_synthetic_135-066-025,/root/autodl-tmp/tokenizer-eval/data/nsynth/nsynth-valid/audio/bass_synthetic_135-066-025.wav,927,bass_synthetic_135,0,bass,2,synthetic,66,25,16000,distortion
26.182516,27.36692,mallet_acoustic_062-087-100,mallet_acoustic_062-087-100,/root/autodl-tmp/tokenizer-eval/data/nsynth/nsynth-valid/audio/mallet_acoustic_062-087-100.wav,644,mallet_acoustic_062,5,mallet,0,acoustic,87,100,16000,multiphonic
34.19309,46.08161,reed_acoustic_023-076-025,reed_acoustic_023-076-025,/root/autodl-tmp/tokenizer-eval/data/nsynth/nsynth-valid/audio/reed_acoustic_023-076-025.wav,224,reed_acoustic_023,7,reed,0,acoustic,76,25,16000,bright|fast_decay|multiphonic|nonlinear_env
-16.09418,32.89675,flute_synthetic_000-076-075,flute_synthetic_000-076-075,/root/autodl-tmp/tokenizer-eval/data/nsynth/nsynth-valid/audio/flute_synthetic_000-076-075.wav,82,flute_synthetic_000,2,flute,2,synthetic,76,75,16000,distortion
-39.872143,-31.60427,brass_acoustic_059-051-100,brass_acoustic_059-051-100,/root/autodl-tmp/tokenizer-eval/data/nsynth/nsynth-valid/audio/brass_acoustic_059-051-100.wav,572,brass_acoustic_059,1,brass,0,acoustic,51,100,16000,reverb
16.053017,-45.37144,bass_synthetic_033-033-025,bass_synthetic_033-033-025,/root/autodl-tmp/tokenizer-eval/data/nsynth/nsynth-valid/audio/bass_synthetic_033-033-025.wav,417,bass_synthetic_033,0,bass,2,synthetic,33,25,16000,dark
-46.1182,8.538906,vocal_synthetic_003-073-025,vocal_synthetic_003-073-025,/root/autodl-tmp/tokenizer-eval/data/nsynth/nsynth-valid/audio/vocal_synthetic_003-073-025.wav,37,vocal_synthetic_003,10,vocal,2,synthetic,73,25,16000,bright|distortion|long_release|nonlinear_env
47.298023,5.433744,mallet_acoustic_062-060-025,mallet_acoustic_062-060-025,/root/autodl-tmp/tokenizer-eval/data/nsynth/nsynth-valid/audio/mallet_acoustic_062-060-025.wav,644,mallet_acoustic_062,5,mallet,0,acoustic,60,25,16000,dark|fast_decay|multiphonic
-15.431506,3.4040554,guitar_acoustic_014-079-075,guitar_acoustic_014-079-075,/root/autodl-tmp/tokenizer-eval/data/nsynth/nsynth-valid/audio/guitar_acoustic_014-079-075.wav,263,guitar_acoustic_014,3,guitar,0,acoustic,79,75,16000,
-16.703367,-52.1864,flute_synthetic_000-092-050,flute_synthetic_000-092-050,/root/autodl-tmp/tokenizer-eval/data/nsynth/nsynth-valid/audio/flute_synthetic_000-092-050.wav,82,flute_synthetic_000,2,flute,2,synthetic,92,50,16000,distortion
28.878492,-26.362505,flute_synthetic_000-040-075,flute_synthetic_000-040-075,/root/autodl-tmp/tokenizer-eval/data/nsynth/nsynth-valid/audio/flute_synthetic_000-040-075.wav,82,flute_synthetic_000,2,flute,2,synthetic,40,75,16000,distortion
11.789567,-44.283085,flute_synthetic_000-032-127,flute_synthetic_000-032-127,/root/autodl-tmp/tokenizer-eval/data/nsynth/nsynth-valid/audio/flute_synthetic_000-032-127.wav,82,flute_synthetic_000,2,flute,2,synthetic,32,127,16000,distortion
45.133835,38.406143,reed_acoustic_023-095-100,reed_acoustic_023-095-100,/root/autodl-tmp/tokenizer-eval/data/nsynth/nsynth-valid/audio/reed_acoustic_023-095-100.wav,224,reed_acoustic_023,7,reed,0,acoustic,95,100,16000,fast_decay|multiphonic|nonlinear_env
19.907915,-11.933409,keyboard_electronic_003-053-025,keyboard_electronic_003-053-025,/root/autodl-tmp/tokenizer-eval/data/nsynth/nsynth-valid/audio/keyboard_electronic_003-053-025.wav,65,keyboard_electronic_003,4,keyboard,1,electronic,53,25,16000,dark
42.06304,39.440098,reed_acoustic_023-094-025,reed_acoustic_023-094-025,/root/autodl-tmp/tokenizer-eval/data/nsynth/nsynth-valid/audio/reed_acoustic_023-094-025.wav,224,reed_acoustic_023,7,reed,0,acoustic,94,25,16000,fast_decay|multiphonic|nonlinear_env
43.214783,17.768394,string_acoustic_056-077-075,string_acoustic_056-077-075,/root/autodl-tmp/tokenizer-eval/data/nsynth/nsynth-valid/audio/string_acoustic_056-077-075.wav,436,string_acoustic_056,8,string,0,acoustic,77,75,16000,fast_decay|percussive|reverb
-51.859543,-37.36346,vocal_synthetic_003-063-075,vocal_synthetic_003-063-075,/root/autodl-tmp/tokenizer-eval/data/nsynth/nsynth-valid/audio/vocal_synthetic_003-063-075.wav,37,vocal_synthetic_003,10,vocal,2,synthetic,63,75,16000,bright|distortion|long_release|nonlinear_env
31.220146,18.537214,bass_synthetic_068-082-127,bass_synthetic_068-082-127,/root/autodl-tmp/tokenizer-eval/data/nsynth/nsynth-valid/audio/bass_synthetic_068-082-127.wav,656,bass_synthetic_068,0,bass,2,synthetic,82,127,16000,distortion|fast_decay
-3.5168293,-48.935463,flute_synthetic_000-056-100,flute_synthetic_000-056-100,/root/autodl-tmp/tokenizer-eval/data/nsynth/nsynth-valid/audio/flute_synthetic_000-056-100.wav,82,flute_synthetic_000,2,flute,2,synthetic,56,100,16000,distortion
-19.656492,-24.850807,reed_acoustic_037-037-127,reed_acoustic_037-037-127,/root/autodl-tmp/tokenizer-eval/data/nsynth/nsynth-valid/audio/reed_acoustic_037-037-127.wav,387,reed_acoustic_037,7,reed,0,acoustic,37,127,16000,long_release|reverb
-48.633526,7.6286077,vocal_synthetic_003-061-075,vocal_synthetic_003-061-075,/root/autodl-tmp/tokenizer-eval/data/nsynth/nsynth-valid/audio/vocal_synthetic_003-061-075.wav,37,vocal_synthetic_003,10,vocal,2,synthetic,61,75,16000,bright|distortion|long_release|nonlinear_env
43.759415,-3.722715,mallet_acoustic_062-046-025,mallet_acoustic_062-046-025,/root/autodl-tmp/tokenizer-eval/data/nsynth/nsynth-valid/audio/mallet_acoustic_062-046-025.wav,644,mallet_acoustic_062,5,mallet,0,acoustic,46,25,16000,dark|fast_decay|multiphonic
6.21602,38.362732,string_acoustic_080-053-075,string_acoustic_080-053-075,/root/autodl-tmp/tokenizer-eval/data/nsynth/nsynth-valid/audio/string_acoustic_080-053-075.wav,675,string_acoustic_080,8,string,0,acoustic,53,75,16000,reverb
-13.466809,-45.47218,reed_acoustic_018-056-100,reed_acoustic_018-056-100,/root/autodl-tmp/tokenizer-eval/data/nsynth/nsynth-valid/audio/reed_acoustic_018-056-100.wav,183,reed_acoustic_018,7,reed,0,acoustic,56,100,16000,
-40.802715,12.923072,vocal_synthetic_003-089-025,vocal_synthetic_003-089-025,/root/autodl-tmp/tokenizer-eval/data/nsynth/nsynth-valid/audio/vocal_synthetic_003-089-025.wav,37,vocal_synthetic_003,10,vocal,2,synthetic,89,25,16000,bright|distortion|long_release|nonlinear_env
24.730862,49.05861,bass_synthetic_034-083-127,bass_synthetic_034-083-127,/root/autodl-tmp/tokenizer-eval/data/nsynth/nsynth-valid/audio/bass_synthetic_034-083-127.wav,420,bass_synthetic_034,0,bass,2,synthetic,83,127,16000,bright|distortion|tempo-synced
-28.53388,-1.3621958,vocal_synthetic_003-055-025,vocal_synthetic_003-055-025,/root/autodl-tmp/tokenizer-eval/data/nsynth/nsynth-valid/audio/vocal_synthetic_003-055-025.wav,37,vocal_synthetic_003,10,vocal,2,synthetic,55,25,16000,distortion|long_release|nonlinear_env
11.174969,-26.861446,bass_electronic_027-045-100,bass_electronic_027-045-100,/root/autodl-tmp/tokenizer-eval/data/nsynth/nsynth-valid/audio/bass_electronic_027-045-100.wav,880,bass_electronic_027,0,bass,1,electronic,45,100,16000,
-33.274033,5.0691175,vocal_synthetic_003-067-050,vocal_synthetic_003-067-050,/root/autodl-tmp/tokenizer-eval/data/nsynth/nsynth-valid/audio/vocal_synthetic_003-067-050.wav,37,vocal_synthetic_003,10,vocal,2,synthetic,67,50,16000,bright|distortion|long_release|nonlinear_env
-29.26778,22.20926,brass_acoustic_006-059-075,brass_acoustic_006-059-075,/root/autodl-tmp/tokenizer-eval/data/nsynth/nsynth-valid/audio/brass_acoustic_006-059-075.wav,43,brass_acoustic_006,1,brass,0,acoustic,59,75,16000,reverb
-14.831489,15.815294,flute_synthetic_000-084-075,flute_synthetic_000-084-075,/root/autodl-tmp/tokenizer-eval/data/nsynth/nsynth-valid/audio/flute_synthetic_000-084-075.wav,82,flute_synthetic_000,2,flute,2,synthetic,84,75,16000,distortion
-34.482494,-36.73039,organ_electronic_104-051-127,organ_electronic_104-051-127,/root/autodl-tmp/tokenizer-eval/data/nsynth/nsynth-valid/audio/organ_electronic_104-051-127.wav,921,organ_electronic_104,6,organ,1,electronic,51,127,16000,
18.062849,-40.796535,string_acoustic_080-034-127,string_acoustic_080-034-127,/root/autodl-tmp/tokenizer-eval/data/nsynth/nsynth-valid/audio/string_acoustic_080-034-127.wav,675,string_acoustic_080,8,string,0,acoustic,34,127,16000,long_release|reverb
15.818341,-48.276836,flute_synthetic_000-045-075,flute_synthetic_000-045-075,/root/autodl-tmp/tokenizer-eval/data/nsynth/nsynth-valid/audio/flute_synthetic_000-045-075.wav,82,flute_synthetic_000,2,flute,2,synthetic,45,75,16000,distortion
55.02698,18.696589,guitar_acoustic_030-093-025,guitar_acoustic_030-093-025,/root/autodl-tmp/tokenizer-eval/data/nsynth/nsynth-valid/audio/guitar_acoustic_030-093-025.wav,642,guitar_acoustic_030,3,guitar,0,acoustic,93,25,16000,fast_decay|percussive|tempo-synced
-39.367012,-40.15438,organ_electronic_001-063-025,organ_electronic_001-063-025,/root/autodl-tmp/tokenizer-eval/data/nsynth/nsynth-valid/audio/organ_electronic_001-063-025.wav,8,organ_electronic_001,6,organ,1,electronic,63,25,16000,
-36.043144,-37.347786,guitar_acoustic_014-051-100,guitar_acoustic_014-051-100,/root/autodl-tmp/tokenizer-eval/data/nsynth/nsynth-valid/audio/guitar_acoustic_014-051-100.wav,263,guitar_acoustic_014,3,guitar,0,acoustic,51,100,16000,
-14.172048,45.245224,organ_electronic_028-093-100,organ_electronic_028-093-100,/root/autodl-tmp/tokenizer-eval/data/nsynth/nsynth-valid/audio/organ_electronic_028-093-100.wav,440,organ_electronic_028,6,organ,1,electronic,93,100,16000,bright
-59.68618,-5.999552,vocal_synthetic_003-033-075,vocal_synthetic_003-033-075,/root/autodl-tmp/tokenizer-eval/data/nsynth/nsynth-valid/audio/vocal_synthetic_003-033-075.wav,37,vocal_synthetic_003,10,vocal,2,synthetic,33,75,16000,distortion|long_release|nonlinear_env
-30.68377,23.401377,vocal_acoustic_000-059-075,vocal_acoustic_000-059-075,/root/autodl-tmp/tokenizer-eval/data/nsynth/nsynth-valid/audio/vocal_acoustic_000-059-075.wav,46,vocal_acoustic_000,10,vocal,0,acoustic,59,75,16000,reverb
34.642643,11.154501,guitar_acoustic_021-080-127,guitar_acoustic_021-080-127,/root/autodl-tmp/tokenizer-eval/data/nsynth/nsynth-valid/audio/guitar_acoustic_021-080-127.wav,457,guitar_acoustic_021,3,guitar,0,acoustic,80,127,16000,fast_decay|percussive
41.052162,28.667913,mallet_acoustic_047-093-075,mallet_acoustic_047-093-075,/root/autodl-tmp/tokenizer-eval/data/nsynth/nsynth-valid/audio/mallet_acoustic_047-093-075.wav,488,mallet_acoustic_047,5,mallet,0,acoustic,93,75,16000,fast_decay|percussive|reverb
23.99102,-2.8937032,mallet_acoustic_062-056-100,mallet_acoustic_062-056-100,/root/autodl-tmp/tokenizer-eval/data/nsynth/nsynth-valid/audio/mallet_acoustic_062-056-100.wav,644,mallet_acoustic_062,5,mallet,0,acoustic,56,100,16000,dark|multiphonic
30.071686,40.37853,reed_acoustic_023-047-100,reed_acoustic_023-047-100,/root/autodl-tmp/tokenizer-eval/data/nsynth/nsynth-valid/audio/reed_acoustic_023-047-100.wav,224,reed_acoustic_023,7,reed,0,acoustic,47,100,16000,bright|fast_decay|multiphonic|nonlinear_env
31.190283,2.8034313,keyboard_acoustic_004-073-100,keyboard_acoustic_004-073-100,/root/autodl-tmp/tokenizer-eval/data/nsynth/nsynth-valid/audio/keyboard_acoustic_004-073-100.wav,327,keyboard_acoustic_004,4,keyboard,0,acoustic,73,100,16000,reverb
48.39476,20.090065,string_acoustic_056-074-050,string_acoustic_056-074-050,/root/autodl-tmp/tokenizer-eval/data/nsynth/nsynth-valid/audio/string_acoustic_056-074-050.wav,436,string_acoustic_056,8,string,0,acoustic,74,50,16000,fast_decay|percussive|reverb
6.3045025,-42.80451,guitar_electronic_022-031-075,guitar_electronic_022-031-075,/root/autodl-tmp/tokenizer-eval/data/nsynth/nsynth-valid/audio/guitar_electronic_022-031-075.wav,378,guitar_electronic_022,3,guitar,1,electronic,31,75,16000,dark
47.272408,-4.9897747,mallet_acoustic_062-044-025,mallet_acoustic_062-044-025,/root/autodl-tmp/tokenizer-eval/data/nsynth/nsynth-valid/audio/mallet_acoustic_062-044-025.wav,644,mallet_acoustic_062,5,mallet,0,acoustic,44,25,16000,dark|fast_decay|multiphonic
24.997961,-26.492079,keyboard_electronic_098-040-075,keyboard_electronic_098-040-075,/root/autodl-tmp/tokenizer-eval/data/nsynth/nsynth-valid/audio/keyboard_electronic_098-040-075.wav,905,keyboard_electronic_098,4,keyboard,1,electronic,40,75,16000,dark|distortion
45.891937,11.529945,string_acoustic_056-066-025,string_acoustic_056-066-025,/root/autodl-tmp/tokenizer-eval/data/nsynth/nsynth-valid/audio/string_acoustic_056-066-025.wav,436,string_acoustic_056,8,string,0,acoustic,66,25,16000,fast_decay|percussive|reverb
-39.612625,-14.102847,reed_acoustic_018-070-127,reed_acoustic_018-070-127,/root/autodl-tmp/tokenizer-eval/data/nsynth/nsynth-valid/audio/reed_acoustic_018-070-127.wav,183,reed_acoustic_018,7,reed,0,acoustic,70,127,16000,
-49.5778,-35.055393,string_acoustic_057-087-127,string_acoustic_057-087-127,/root/autodl-tmp/tokenizer-eval/data/nsynth/nsynth-valid/audio/string_acoustic_057-087-127.wav,450,string_acoustic_057,8,string,0,acoustic,87,127,16000,nonlinear_env|reverb
29.093336,-6.206849,bass_electronic_027-055-075,bass_electronic_027-055-075,/root/autodl-tmp/tokenizer-eval/data/nsynth/nsynth-valid/audio/bass_electronic_027-055-075.wav,880,bass_electronic_027,0,bass,1,electronic,55,75,16000,
-27.21046,40.978836,bass_synthetic_009-088-050,bass_synthetic_009-088-050,/root/autodl-tmp/tokenizer-eval/data/nsynth/nsynth-valid/audio/bass_synthetic_009-088-050.wav,150,bass_synthetic_009,0,bass,2,synthetic,88,50,16000,long_release
-65.73089,9.849533,brass_acoustic_046-092-127,brass_acoustic_046-092-127,/root/autodl-tmp/tokenizer-eval/data/nsynth/nsynth-valid/audio/brass_acoustic_046-092-127.wav,414,brass_acoustic_046,1,brass,0,acoustic,92,127,16000,long_release
-7.104566,9.725167,vocal_synthetic_003-054-025,vocal_synthetic_003-054-025,/root/autodl-tmp/tokenizer-eval/data/nsynth/nsynth-valid/audio/vocal_synthetic_003-054-025.wav,37,vocal_synthetic_003,10,vocal,2,synthetic,54,25,16000,distortion|long_release|nonlinear_env
15.4080305,-21.592625,bass_synthetic_098-060-025,bass_synthetic_098-060-025,/root/autodl-tmp/tokenizer-eval/data/nsynth/nsynth-valid/audio/bass_synthetic_098-060-025.wav,803,bass_synthetic_098,0,bass,2,synthetic,60,25,16000,dark
10.304549,9.000651,keyboard_electronic_001-036-100,keyboard_electronic_001-036-100,/root/autodl-tmp/tokenizer-eval/data/nsynth/nsynth-valid/audio/keyboard_electronic_001-036-100.wav,40,keyboard_electronic_001,4,keyboard,1,electronic,36,100,16000,
-20.32031,-31.323914,brass_acoustic_006-061-050,brass_acoustic_006-061-050,/root/autodl-tmp/tokenizer-eval/data/nsynth/nsynth-valid/audio/brass_acoustic_006-061-050.wav,43,brass_acoustic_006,1,brass,0,acoustic,61,50,16000,reverb
-41.339077,-16.314005,brass_acoustic_046-082-050,brass_acoustic_046-082-050,/root/autodl-tmp/tokenizer-eval/data/nsynth/nsynth-valid/audio/brass_acoustic_046-082-050.wav,414,brass_acoustic_046,1,brass,0,acoustic,82,50,16000,
32.596756,-21.762527,mallet_acoustic_062-039-100,mallet_acoustic_062-039-100,/root/autodl-tmp/tokenizer-eval/data/nsynth/nsynth-valid/audio/mallet_acoustic_062-039-100.wav,644,mallet_acoustic_062,5,mallet,0,acoustic,39,100,16000,dark|long_release|multiphonic
28.296463,-12.775759,mallet_acoustic_062-042-075,mallet_acoustic_062-042-075,/root/autodl-tmp/tokenizer-eval/data/nsynth/nsynth-valid/audio/mallet_acoustic_062-042-075.wav,644,mallet_acoustic_062,5,mallet,0,acoustic,42,75,16000,dark|multiphonic
55.32239,22.860933,guitar_acoustic_015-092-050,guitar_acoustic_015-092-050,/root/autodl-tmp/tokenizer-eval/data/nsynth/nsynth-valid/audio/guitar_acoustic_015-092-050.wav,316,guitar_acoustic_015,3,guitar,0,acoustic,92,50,16000,fast_decay|percussive|reverb
8.037845,35.194126,vocal_acoustic_000-065-075,vocal_acoustic_000-065-075,/root/autodl-tmp/tokenizer-eval/data/nsynth/nsynth-valid/audio/vocal_acoustic_000-065-075.wav,46,vocal_acoustic_000,10,vocal,0,acoustic,65,75,16000,reverb
-17.908941,9.895958,brass_acoustic_006-048-050,brass_acoustic_006-048-050,/root/autodl-tmp/tokenizer-eval/data/nsynth/nsynth-valid/audio/brass_acoustic_006-048-050.wav,43,brass_acoustic_006,1,brass,0,acoustic,48,50,16000,reverb
16.118818,-3.7101064,keyboard_acoustic_004-075-127,keyboard_acoustic_004-075-127,/root/autodl-tmp/tokenizer-eval/data/nsynth/nsynth-valid/audio/keyboard_acoustic_004-075-127.wav,327,keyboard_acoustic_004,4,keyboard,0,acoustic,75,127,16000,reverb
2.8664656,36.722256,brass_acoustic_046-065-050,brass_acoustic_046-065-050,/root/autodl-tmp/tokenizer-eval/data/nsynth/nsynth-valid/audio/brass_acoustic_046-065-050.wav,414,brass_acoustic_046,1,brass,0,acoustic,65,50,16000,
-19.139708,-57.42412,vocal_synthetic_003-056-075,vocal_synthetic_003-056-075,/root/autodl-tmp/tokenizer-eval/data/nsynth/nsynth-valid/audio/vocal_synthetic_003-056-075.wav,37,vocal_synthetic_003,10,vocal,2,synthetic,56,75,16000,distortion|long_release|nonlinear_env
-49.197605,-34.97332,string_acoustic_057-087-075,string_acoustic_057-087-075,/root/autodl-tmp/tokenizer-eval/data/nsynth/nsynth-valid/audio/string_acoustic_057-087-075.wav,450,string_acoustic_057,8,string,0,acoustic,87,75,16000,nonlinear_env|reverb
-13.508402,-45.519207,reed_acoustic_018-056-127,reed_acoustic_018-056-127,/root/autodl-tmp/tokenizer-eval/data/nsynth/nsynth-valid/audio/reed_acoustic_018-056-127.wav,183,reed_acoustic_018,7,reed,0,acoustic,56,127,16000,
54.418137,17.432713,mallet_acoustic_056-072-050,mallet_acoustic_056-072-050,/root/autodl-tmp/tokenizer-eval/data/nsynth/nsynth-valid/audio/mallet_acoustic_056-072-050.wav,590,mallet_acoustic_056,5,mallet,0,acoustic,72,50,16000,fast_decay|percussive
-34.713646,43.00757,brass_acoustic_016-071-050,brass_acoustic_016-071-050,/root/autodl-tmp/tokenizer-eval/data/nsynth/nsynth-valid/audio/brass_acoustic_016-071-050.wav,128,brass_acoustic_016,1,brass,0,acoustic,71,50,16000,bright
39.566082,20.798286,mallet_acoustic_062-078-050,mallet_acoustic_062-078-050,/root/autodl-tmp/tokenizer-eval/data/nsynth/nsynth-valid/audio/mallet_acoustic_062-078-050.wav,644,mallet_acoustic_062,5,mallet,0,acoustic,78,50,16000,fast_decay|multiphonic
-65.73089,9.849533,brass_acoustic_046-096-075,brass_acoustic_046-096-075,/root/autodl-tmp/tokenizer-eval/data/nsynth/nsynth-valid/audio/brass_acoustic_046-096-075.wav,414,brass_acoustic_046,1,brass,0,acoustic,96,75,16000,long_release
6.577569,-15.635816,guitar_acoustic_014-048-025,guitar_acoustic_014-048-025,/root/autodl-tmp/tokenizer-eval/data/nsynth/nsynth-valid/audio/guitar_acoustic_014-048-025.wav,263,guitar_acoustic_014,3,guitar,0,acoustic,48,25,16000,
33.21998,34.836143,reed_acoustic_023-031-127,reed_acoustic_023-031-127,/root/autodl-tmp/tokenizer-eval/data/nsynth/nsynth-valid/audio/reed_acoustic_023-031-127.wav,224,reed_acoustic_023,7,reed,0,acoustic,31,127,16000,bright|fast_decay|multiphonic|nonlinear_env
7.578787,-41.131493,flute_synthetic_000-043-127,flute_synthetic_000-043-127,/root/autodl-tmp/tokenizer-eval/data/nsynth/nsynth-valid/audio/flute_synthetic_000-043-127.wav,82,flute_synthetic_000,2,flute,2,synthetic,43,127,16000,distortion
31.008375,2.7510638,keyboard_electronic_001-073-127,keyboard_electronic_001-073-127,/root/autodl-tmp/tokenizer-eval/data/nsynth/nsynth-valid/audio/keyboard_electronic_001-073-127.wav,40,keyboard_electronic_001,4,keyboard,1,electronic,73,127,16000,
20.57406,13.094472,keyboard_synthetic_000-074-050,keyboard_synthetic_000-074-050,/root/autodl-tmp/tokenizer-eval/data/nsynth/nsynth-valid/audio/keyboard_synthetic_000-074-050.wav,577,keyboard_synthetic_000,4,keyboard,2,synthetic,74,50,16000,distortion|fast_decay|nonlinear_env
-22.158167,-30.748022,organ_electronic_001-085-050,organ_electronic_001-085-050,/root/autodl-tmp/tokenizer-eval/data/nsynth/nsynth-valid/audio/organ_electronic_001-085-050.wav,8,organ_electronic_001,6,organ,1,electronic,85,50,16000,
-16.338177,-35.24497,organ_electronic_001-042-075,organ_electronic_001-042-075,/root/autodl-tmp/tokenizer-eval/data/nsynth/nsynth-valid/audio/organ_electronic_001-042-075.wav,8,organ_electronic_001,6,organ,1,electronic,42,75,16000,dark
-6.844321,-23.078781,reed_acoustic_011-045-100,reed_acoustic_011-045-100,/root/autodl-tmp/tokenizer-eval/data/nsynth/nsynth-valid/audio/reed_acoustic_011-045-100.wav,104,reed_acoustic_011,7,reed,0,acoustic,45,100,16000,bright
24.854523,-38.684334,bass_synthetic_034-047-050,bass_synthetic_034-047-050,/root/autodl-tmp/tokenizer-eval/data/nsynth/nsynth-valid/audio/bass_synthetic_034-047-050.wav,420,bass_synthetic_034,0,bass,2,synthetic,47,50,16000,distortion|tempo-synced
49.679928,-2.0107944,keyboard_synthetic_000-038-127,keyboard_synthetic_000-038-127,/root/autodl-tmp/tokenizer-eval/data/nsynth/nsynth-valid/audio/keyboard_synthetic_000-038-127.wav,577,keyboard_synthetic_000,4,keyboard,2,synthetic,38,127,16000,bright|distortion|fast_decay|nonlinear_env
26.644516,41.25714,reed_acoustic_023-061-025,reed_acoustic_023-061-025,/root/autodl-tmp/tokenizer-eval/data/nsynth/nsynth-valid/audio/reed_acoustic_023-061-025.wav,224,reed_acoustic_023,7,reed,0,acoustic,61,25,16000,bright|fast_decay|multiphonic|nonlinear_env
-38.47615,30.885658,vocal_synthetic_003-071-050,vocal_synthetic_003-071-050,/root/autodl-tmp/tokenizer-eval/data/nsynth/nsynth-valid/audio/vocal_synthetic_003-071-050.wav,37,vocal_synthetic_003,10,vocal,2,synthetic,71,50,16000,bright|distortion|long_release|nonlinear_env
-42.33101,-10.316693,string_acoustic_057-082-127,string_acoustic_057-082-127,/root/autodl-tmp/tokenizer-eval/data/nsynth/nsynth-valid/audio/string_acoustic_057-082-127.wav,450,string_acoustic_057,8,string,0,acoustic,82,127,16000,bright|nonlinear_env|reverb
8.822465,29.512363,bass_synthetic_135-065-127,bass_synthetic_135-065-127,/root/autodl-tmp/tokenizer-eval/data/nsynth/nsynth-valid/audio/bass_synthetic_135-065-127.wav,927,bass_synthetic_135,0,bass,2,synthetic,65,127,16000,distortion
-39.379856,-9.615021,organ_electronic_001-094-025,organ_electronic_001-094-025,/root/autodl-tmp/tokenizer-eval/data/nsynth/nsynth-valid/audio/organ_electronic_001-094-025.wav,8,organ_electronic_001,6,organ,1,electronic,94,25,16000,
-19.090921,-12.487285,brass_acoustic_006-034-075,brass_acoustic_006-034-075,/root/autodl-tmp/tokenizer-eval/data/nsynth/nsynth-valid/audio/brass_acoustic_006-034-075.wav,43,brass_acoustic_006,1,brass,0,acoustic,34,75,16000,reverb
-30.985262,36.57779,vocal_synthetic_003-064-075,vocal_synthetic_003-064-075,/root/autodl-tmp/tokenizer-eval/data/nsynth/nsynth-valid/audio/vocal_synthetic_003-064-075.wav,37,vocal_synthetic_003,10,vocal,2,synthetic,64,75,16000,bright|distortion|long_release|nonlinear_env
-31.90966,5.1387353,bass_synthetic_009-067-050,bass_synthetic_009-067-050,/root/autodl-tmp/tokenizer-eval/data/nsynth/nsynth-valid/audio/bass_synthetic_009-067-050.wav,150,bass_synthetic_009,0,bass,2,synthetic,67,50,16000,bright|distortion|long_release
-25.798668,-2.2306342,reed_acoustic_018-067-075,reed_acoustic_018-067-075,/root/autodl-tmp/tokenizer-eval/data/nsynth/nsynth-valid/audio/reed_acoustic_018-067-075.wav,183,reed_acoustic_018,7,reed,0,acoustic,67,75,16000,
39.40471,28.652042,keyboard_electronic_098-093-075,keyboard_electronic_098-093-075,/root/autodl-tmp/tokenizer-eval/data/nsynth/nsynth-valid/audio/keyboard_electronic_098-093-075.wav,905,keyboard_electronic_098,4,keyboard,1,electronic,93,75,16000,fast_decay|percussive
-9.484783,-3.1150534,flute_acoustic_002-074-100,flute_acoustic_002-074-100,/root/autodl-tmp/tokenizer-eval/data/nsynth/nsynth-valid/audio/flute_acoustic_002-074-100.wav,86,flute_acoustic_002,2,flute,0,acoustic,74,100,16000,reverb
-23.30543,-5.0313883,brass_acoustic_046-055-100,brass_acoustic_046-055-100,/root/autodl-tmp/tokenizer-eval/data/nsynth/nsynth-valid/audio/brass_acoustic_046-055-100.wav,414,brass_acoustic_046,1,brass,0,acoustic,55,100,16000,
34.24068,25.810883,mallet_acoustic_056-090-100,mallet_acoustic_056-090-100,/root/autodl-tmp/tokenizer-eval/data/nsynth/nsynth-valid/audio/mallet_acoustic_056-090-100.wav,590,mallet_acoustic_056,5,mallet,0,acoustic,90,100,16000,
-10.963864,31.334057,mallet_acoustic_062-064-100,mallet_acoustic_062-064-100,/root/autodl-tmp/tokenizer-eval/data/nsynth/nsynth-valid/audio/mallet_acoustic_062-064-100.wav,644,mallet_acoustic_062,5,mallet,0,acoustic,64,100,16000,dark|multiphonic
-20.121885,-10.844956,brass_acoustic_006-036-127,brass_acoustic_006-036-127,/root/autodl-tmp/tokenizer-eval/data/nsynth/nsynth-valid/audio/brass_acoustic_006-036-127.wav,43,brass_acoustic_006,1,brass,0,acoustic,36,127,16000,reverb
-33.310104,5.051294,vocal_synthetic_003-067-075,vocal_synthetic_003-067-075,/root/autodl-tmp/tokenizer-eval/data/nsynth/nsynth-valid/audio/vocal_synthetic_003-067-075.wav,37,vocal_synthetic_003,10,vocal,2,synthetic,67,75,16000,bright|distortion|long_release|nonlinear_env
-48.415886,34.653122,vocal_synthetic_003-086-100,vocal_synthetic_003-086-100,/root/autodl-tmp/tokenizer-eval/data/nsynth/nsynth-valid/audio/vocal_synthetic_003-086-100.wav,37,vocal_synthetic_003,10,vocal,2,synthetic,86,100,16000,bright|distortion|long_release|nonlinear_env
-17.0763,20.018429,string_acoustic_057-096-127,string_acoustic_057-096-127,/root/autodl-tmp/tokenizer-eval/data/nsynth/nsynth-valid/audio/string_acoustic_057-096-127.wav,450,string_acoustic_057,8,string,0,acoustic,96,127,16000,nonlinear_env|reverb
-1.245163,-21.925539,vocal_acoustic_000-057-050,vocal_acoustic_000-057-050,/root/autodl-tmp/tokenizer-eval/data/nsynth/nsynth-valid/audio/vocal_acoustic_000-057-050.wav,46,vocal_acoustic_000,10,vocal,0,acoustic,57,50,16000,reverb
-3.4879344,-12.345762,organ_electronic_113-050-100,organ_electronic_113-050-100,/root/autodl-tmp/tokenizer-eval/data/nsynth/nsynth-valid/audio/organ_electronic_113-050-100.wav,958,organ_electronic_113,6,organ,1,electronic,50,100,16000,dark
-0.8970473,-37.306103,guitar_acoustic_014-055-050,guitar_acoustic_014-055-050,/root/autodl-tmp/tokenizer-eval/data/nsynth/nsynth-valid/audio/guitar_acoustic_014-055-050.wav,263,guitar_acoustic_014,3,guitar,0,acoustic,55,50,16000,
40.801674,0.48540327,keyboard_acoustic_004-071-025,keyboard_acoustic_004-071-025,/root/autodl-tmp/tokenizer-eval/data/nsynth/nsynth-valid/audio/keyboard_acoustic_004-071-025.wav,327,keyboard_acoustic_004,4,keyboard,0,acoustic,71,25,16000,dark|reverb
-20.193285,-32.922554,string_acoustic_057-073-100,string_acoustic_057-073-100,/root/autodl-tmp/tokenizer-eval/data/nsynth/nsynth-valid/audio/string_acoustic_057-073-100.wav,450,string_acoustic_057,8,string,0,acoustic,73,100,16000,bright|nonlinear_env|reverb
-19.146656,17.612144,string_acoustic_057-084-050,string_acoustic_057-084-050,/root/autodl-tmp/tokenizer-eval/data/nsynth/nsynth-valid/audio/string_acoustic_057-084-050.wav,450,string_acoustic_057,8,string,0,acoustic,84,50,16000,bright|nonlinear_env|reverb
33.295044,3.2548592,bass_synthetic_134-073-050,bass_synthetic_134-073-050,/root/autodl-tmp/tokenizer-eval/data/nsynth/nsynth-valid/audio/bass_synthetic_134-073-050.wav,914,bass_synthetic_134,0,bass,2,synthetic,73,50,16000,dark|reverb
5.95349,-1.3727547,keyboard_electronic_078-047-050,keyboard_electronic_078-047-050,/root/autodl-tmp/tokenizer-eval/data/nsynth/nsynth-valid/audio/keyboard_electronic_078-047-050.wav,838,keyboard_electronic_078,4,keyboard,1,electronic,47,50,16000,bright
-21.543463,-36.269054,vocal_synthetic_003-049-025,vocal_synthetic_003-049-025,/root/autodl-tmp/tokenizer-eval/data/nsynth/nsynth-valid/audio/vocal_synthetic_003-049-025.wav,37,vocal_synthetic_003,10,vocal,2,synthetic,49,25,16000,distortion|long_release|nonlinear_env
2.0807788,-22.135437,guitar_acoustic_014-069-127,guitar_acoustic_014-069-127,/root/autodl-tmp/tokenizer-eval/data/nsynth/nsynth-valid/audio/guitar_acoustic_014-069-127.wav,263,guitar_acoustic_014,3,guitar,0,acoustic,69,127,16000,
-11.697623,-55.165916,organ_electronic_113-068-075,organ_electronic_113-068-075,/root/autodl-tmp/tokenizer-eval/data/nsynth/nsynth-valid/audio/organ_electronic_113-068-075.wav,958,organ_electronic_113,6,organ,1,electronic,68,75,16000,
14.574661,6.1670628,guitar_acoustic_015-058-025,guitar_acoustic_015-058-025,/root/autodl-tmp/tokenizer-eval/data/nsynth/nsynth-valid/audio/guitar_acoustic_015-058-025.wav,316,guitar_acoustic_015,3,guitar,0,acoustic,58,25,16000,reverb
34.19856,-7.9399405,bass_electronic_027-048-100,bass_electronic_027-048-100,/root/autodl-tmp/tokenizer-eval/data/nsynth/nsynth-valid/audio/bass_electronic_027-048-100.wav,880,bass_electronic_027,0,bass,1,electronic,48,100,16000,
-26.14926,-10.830736,brass_acoustic_046-052-075,brass_acoustic_046-052-075,/root/autodl-tmp/tokenizer-eval/data/nsynth/nsynth-valid/audio/brass_acoustic_046-052-075.wav,414,brass_acoustic_046,1,brass,0,acoustic,52,75,16000,
40.808083,43.682064,reed_acoustic_023-093-025,reed_acoustic_023-093-025,/root/autodl-tmp/tokenizer-eval/data/nsynth/nsynth-valid/audio/reed_acoustic_023-093-025.wav,224,reed_acoustic_023,7,reed,0,acoustic,93,25,16000,fast_decay|multiphonic|nonlinear_env
1.7418966,31.741226,flute_synthetic_000-089-127,flute_synthetic_000-089-127,/root/autodl-tmp/tokenizer-eval/data/nsynth/nsynth-valid/audio/flute_synthetic_000-089-127.wav,82,flute_synthetic_000,2,flute,2,synthetic,89,127,16000,distortion
-18.578224,50.095592,brass_acoustic_006-081-050,brass_acoustic_006-081-050,/root/autodl-tmp/tokenizer-eval/data/nsynth/nsynth-valid/audio/brass_acoustic_006-081-050.wav,43,brass_acoustic_006,1,brass,0,acoustic,81,50,16000,reverb
0.45855892,-24.299221,organ_electronic_113-069-100,organ_electronic_113-069-100,/root/autodl-tmp/tokenizer-eval/data/nsynth/nsynth-valid/audio/organ_electronic_113-069-100.wav,958,organ_electronic_113,6,organ,1,electronic,69,100,16000,
16.186398,-21.651136,bass_synthetic_098-058-025,bass_synthetic_098-058-025,/root/autodl-tmp/tokenizer-eval/data/nsynth/nsynth-valid/audio/bass_synthetic_098-058-025.wav,803,bass_synthetic_098,0,bass,2,synthetic,58,25,16000,dark
14.202516,-37.700752,string_acoustic_012-034-100,string_acoustic_012-034-100,/root/autodl-tmp/tokenizer-eval/data/nsynth/nsynth-valid/audio/string_acoustic_012-034-100.wav,97,string_acoustic_012,8,string,0,acoustic,34,100,16000,long_release|reverb
-3.3460886,-49.13516,flute_synthetic_000-056-050,flute_synthetic_000-056-050,/root/autodl-tmp/tokenizer-eval/data/nsynth/nsynth-valid/audio/flute_synthetic_000-056-050.wav,82,flute_synthetic_000,2,flute,2,synthetic,56,50,16000,distortion
-4.7509747,-2.3995278,bass_synthetic_135-086-025,bass_synthetic_135-086-025,/root/autodl-tmp/tokenizer-eval/data/nsynth/nsynth-valid/audio/bass_synthetic_135-086-025.wav,927,bass_synthetic_135,0,bass,2,synthetic,86,25,16000,distortion
-17.033058,1.8683337,guitar_acoustic_015-067-025,guitar_acoustic_015-067-025,/root/autodl-tmp/tokenizer-eval/data/nsynth/nsynth-valid/audio/guitar_acoustic_015-067-025.wav,316,guitar_acoustic_015,3,guitar,0,acoustic,67,25,16000,reverb
7.5721784,1.5517685,guitar_acoustic_021-059-075,guitar_acoustic_021-059-075,/root/autodl-tmp/tokenizer-eval/data/nsynth/nsynth-valid/audio/guitar_acoustic_021-059-075.wav,457,guitar_acoustic_021,3,guitar,0,acoustic,59,75,16000,
-61.095238,-7.062347,vocal_synthetic_003-034-050,vocal_synthetic_003-034-050,/root/autodl-tmp/tokenizer-eval/data/nsynth/nsynth-valid/audio/vocal_synthetic_003-034-050.wav,37,vocal_synthetic_003,10,vocal,2,synthetic,34,50,16000,distortion|long_release|nonlinear_env
19.84901,-13.322216,flute_synthetic_000-053-050,flute_synthetic_000-053-050,/root/autodl-tmp/tokenizer-eval/data/nsynth/nsynth-valid/audio/flute_synthetic_000-053-050.wav,82,flute_synthetic_000,2,flute,2,synthetic,53,50,16000,distortion
-14.754519,49.29487,flute_synthetic_000-093-075,flute_synthetic_000-093-075,/root/autodl-tmp/tokenizer-eval/data/nsynth/nsynth-valid/audio/flute_synthetic_000-093-075.wav,82,flute_synthetic_000,2,flute,2,synthetic,93,75,16000,distortion
25.82451,-24.934015,flute_synthetic_000-052-075,flute_synthetic_000-052-075,/root/autodl-tmp/tokenizer-eval/data/nsynth/nsynth-valid/audio/flute_synthetic_000-052-075.wav,82,flute_synthetic_000,2,flute,2,synthetic,52,75,16000,distortion
0.21360947,-34.205917,organ_electronic_001-043-100,organ_electronic_001-043-100,/root/autodl-tmp/tokenizer-eval/data/nsynth/nsynth-valid/audio/organ_electronic_001-043-100.wav,8,organ_electronic_001,6,organ,1,electronic,43,100,16000,dark
-35.72192,-34.001427,vocal_synthetic_003-039-025,vocal_synthetic_003-039-025,/root/autodl-tmp/tokenizer-eval/data/nsynth/nsynth-valid/audio/vocal_synthetic_003-039-025.wav,37,vocal_synthetic_003,10,vocal,2,synthetic,39,25,16000,distortion|long_release|nonlinear_env
9.618901,39.577343,brass_acoustic_016-053-050,brass_acoustic_016-053-050,/root/autodl-tmp/tokenizer-eval/data/nsynth/nsynth-valid/audio/brass_acoustic_016-053-050.wav,128,brass_acoustic_016,1,brass,0,acoustic,53,50,16000,
42.37932,5.019123,mallet_acoustic_062-062-025,mallet_acoustic_062-062-025,/root/autodl-tmp/tokenizer-eval/data/nsynth/nsynth-valid/audio/mallet_acoustic_062-062-025.wav,644,mallet_acoustic_062,5,mallet,0,acoustic,62,25,16000,dark|fast_decay|multiphonic
41.305264,-0.6029222,bass_electronic_018-059-075,bass_electronic_018-059-075,/root/autodl-tmp/tokenizer-eval/data/nsynth/nsynth-valid/audio/bass_electronic_018-059-075.wav,759,bass_electronic_018,0,bass,1,electronic,59,75,16000,
8.713473,-11.464757,keyboard_electronic_002-060-025,keyboard_electronic_002-060-025,/root/autodl-tmp/tokenizer-eval/data/nsynth/nsynth-valid/audio/keyboard_electronic_002-060-025.wav,50,keyboard_electronic_002,4,keyboard,1,electronic,60,25,16000,
45.216766,-13.277543,mallet_acoustic_062-032-100,mallet_acoustic_062-032-100,/root/autodl-tmp/tokenizer-eval/data/nsynth/nsynth-valid/audio/mallet_acoustic_062-032-100.wav,644,mallet_acoustic_062,5,mallet,0,acoustic,32,100,16000,dark|long_release|multiphonic
-12.744415,31.940166,bass_synthetic_033-076-100,bass_synthetic_033-076-100,/root/autodl-tmp/tokenizer-eval/data/nsynth/nsynth-valid/audio/bass_synthetic_033-076-100.wav,417,bass_synthetic_033,0,bass,2,synthetic,76,100,16000,
-24.70351,49.141888,organ_electronic_007-086-100,organ_electronic_007-086-100,/root/autodl-tmp/tokenizer-eval/data/nsynth/nsynth-valid/audio/organ_electronic_007-086-100.wav,123,organ_electronic_007,6,organ,1,electronic,86,100,16000,long_release|nonlinear_env
-12.0964985,30.478506,guitar_electronic_028-064-100,guitar_electronic_028-064-100,/root/autodl-tmp/tokenizer-eval/data/nsynth/nsynth-valid/audio/guitar_electronic_028-064-100.wav,510,guitar_electronic_028,3,guitar,1,electronic,64,100,16000,
5.036963,-11.043263,organ_electronic_113-060-127,organ_electronic_113-060-127,/root/autodl-tmp/tokenizer-eval/data/nsynth/nsynth-valid/audio/organ_electronic_113-060-127.wav,958,organ_electronic_113,6,organ,1,electronic,60,127,16000,dark
-6.3842015,-23.764948,brass_acoustic_046-057-127,brass_acoustic_046-057-127,/root/autodl-tmp/tokenizer-eval/data/nsynth/nsynth-valid/audio/brass_acoustic_046-057-127.wav,414,brass_acoustic_046,1,brass,0,acoustic,57,127,16000,
-26.887234,26.211731,organ_electronic_113-071-050,organ_electronic_113-071-050,/root/autodl-tmp/tokenizer-eval/data/nsynth/nsynth-valid/audio/organ_electronic_113-071-050.wav,958,organ_electronic_113,6,organ,1,electronic,71,50,16000,
-32.589447,13.643876,vocal_synthetic_003-096-025,vocal_synthetic_003-096-025,/root/autodl-tmp/tokenizer-eval/data/nsynth/nsynth-valid/audio/vocal_synthetic_003-096-025.wav,37,vocal_synthetic_003,10,vocal,2,synthetic,96,25,16000,bright|distortion|long_release|nonlinear_env
-18.785234,-12.926828,brass_acoustic_006-031-100,brass_acoustic_006-031-100,/root/autodl-tmp/tokenizer-eval/data/nsynth/nsynth-valid/audio/brass_acoustic_006-031-100.wav,43,brass_acoustic_006,1,brass,0,acoustic,31,100,16000,reverb
-18.495012,34.096035,reed_acoustic_037-064-127,reed_acoustic_037-064-127,/root/autodl-tmp/tokenizer-eval/data/nsynth/nsynth-valid/audio/reed_acoustic_037-064-127.wav,387,reed_acoustic_037,7,reed,0,acoustic,64,127,16000,long_release|reverb
-65.73089,9.849533,brass_acoustic_046-087-100,brass_acoustic_046-087-100,/root/autodl-tmp/tokenizer-eval/data/nsynth/nsynth-valid/audio/brass_acoustic_046-087-100.wav,414,brass_acoustic_046,1,brass,0,acoustic,87,100,16000,long_release
-37.699757,-24.360346,reed_acoustic_037-039-050,reed_acoustic_037-039-050,/root/autodl-tmp/tokenizer-eval/data/nsynth/nsynth-valid/audio/reed_acoustic_037-039-050.wav,387,reed_acoustic_037,7,reed,0,acoustic,39,50,16000,reverb
-45.49784,40.507393,vocal_synthetic_003-081-025,vocal_synthetic_003-081-025,/root/autodl-tmp/tokenizer-eval/data/nsynth/nsynth-valid/audio/vocal_synthetic_003-081-025.wav,37,vocal_synthetic_003,10,vocal,2,synthetic,81,25,16000,bright|distortion|long_release|nonlinear_env
-3.546336,17.63774,organ_electronic_028-090-075,organ_electronic_028-090-075,/root/autodl-tmp/tokenizer-eval/data/nsynth/nsynth-valid/audio/organ_electronic_028-090-075.wav,440,organ_electronic_028,6,organ,1,electronic,90,75,16000,
-23.47708,-13.692556,brass_acoustic_006-046-100,brass_acoustic_006-046-100,/root/autodl-tmp/tokenizer-eval/data/nsynth/nsynth-valid/audio/brass_acoustic_006-046-100.wav,43,brass_acoustic_006,1,brass,0,acoustic,46,100,16000,long_release|reverb
35.69356,39.844093,reed_acoustic_023-064-050,reed_acoustic_023-064-050,/root/autodl-tmp/tokenizer-eval/data/nsynth/nsynth-valid/audio/reed_acoustic_023-064-050.wav,224,reed_acoustic_023,7,reed,0,acoustic,64,50,16000,bright|fast_decay|multiphonic|nonlinear_env
-25.219208,-0.2364737,flute_acoustic_002-067-127,flute_acoustic_002-067-127,/root/autodl-tmp/tokenizer-eval/data/nsynth/nsynth-valid/audio/flute_acoustic_002-067-127.wav,86,flute_acoustic_002,2,flute,0,acoustic,67,127,16000,long_release|reverb
6.4097195,2.5451605,mallet_acoustic_062-059-100,mallet_acoustic_062-059-100,/root/autodl-tmp/tokenizer-eval/data/nsynth/nsynth-valid/audio/mallet_acoustic_062-059-100.wav,644,mallet_acoustic_062,5,mallet,0,acoustic,59,100,16000,dark|multiphonic
2.0374572,27.645615,guitar_electronic_028-089-025,guitar_electronic_028-089-025,/root/autodl-tmp/tokenizer-eval/data/nsynth/nsynth-valid/audio/guitar_electronic_028-089-025.wav,510,guitar_electronic_028,3,guitar,1,electronic,89,25,16000,
21.332842,-15.394463,flute_synthetic_000-041-127,flute_synthetic_000-041-127,/root/autodl-tmp/tokenizer-eval/data/nsynth/nsynth-valid/audio/flute_synthetic_000-041-127.wav,82,flute_synthetic_000,2,flute,2,synthetic,41,127,16000,distortion
47.19794,14.387015,string_acoustic_056-075-075,string_acoustic_056-075-075,/root/autodl-tmp/tokenizer-eval/data/nsynth/nsynth-valid/audio/string_acoustic_056-075-075.wav,436,string_acoustic_056,8,string,0,acoustic,75,75,16000,fast_decay|percussive|reverb
36.363808,21.785921,mallet_acoustic_062-081-050,mallet_acoustic_062-081-050,/root/autodl-tmp/tokenizer-eval/data/nsynth/nsynth-valid/audio/mallet_acoustic_062-081-050.wav,644,mallet_acoustic_062,5,mallet,0,acoustic,81,50,16000,fast_decay|multiphonic
4.116829,-13.551443,organ_electronic_104-041-050,organ_electronic_104-041-050,/root/autodl-tmp/tokenizer-eval/data/nsynth/nsynth-valid/audio/organ_electronic_104-041-050.wav,921,organ_electronic_104,6,organ,1,electronic,41,50,16000,
3.3038838,-7.000268,vocal_synthetic_003-035-025,vocal_synthetic_003-035-025,/root/autodl-tmp/tokenizer-eval/data/nsynth/nsynth-valid/audio/vocal_synthetic_003-035-025.wav,37,vocal_synthetic_003,10,vocal,2,synthetic,35,25,16000,distortion|long_release|nonlinear_env
2.4860036,-26.548431,organ_electronic_001-069-025,organ_electronic_001-069-025,/root/autodl-tmp/tokenizer-eval/data/nsynth/nsynth-valid/audio/organ_electronic_001-069-025.wav,8,organ_electronic_001,6,organ,1,electronic,69,25,16000,
23.941162,17.990917,keyboard_electronic_001-071-127,keyboard_electronic_001-071-127,/root/autodl-tmp/tokenizer-eval/data/nsynth/nsynth-valid/audio/keyboard_electronic_001-071-127.wav,40,keyboard_electronic_001,4,keyboard,1,electronic,71,127,16000,
21.171103,9.714427,keyboard_electronic_001-050-100,keyboard_electronic_001-050-100,/root/autodl-tmp/tokenizer-eval/data/nsynth/nsynth-valid/audio/keyboard_electronic_001-050-100.wav,40,keyboard_electronic_001,4,keyboard,1,electronic,50,100,16000,
1.9664743,-52.77465,organ_electronic_113-032-075,organ_electronic_113-032-075,/root/autodl-tmp/tokenizer-eval/data/nsynth/nsynth-valid/audio/organ_electronic_113-032-075.wav,958,organ_electronic_113,6,organ,1,electronic,32,75,16000,dark
27.155333,11.188091,keyboard_electronic_001-081-050,keyboard_electronic_001-081-050,/root/autodl-tmp/tokenizer-eval/data/nsynth/nsynth-valid/audio/keyboard_electronic_001-081-050.wav,40,keyboard_electronic_001,4,keyboard,1,electronic,81,50,16000,
-22.11423,-0.5173379,vocal_acoustic_000-055-050,vocal_acoustic_000-055-050,/root/autodl-tmp/tokenizer-eval/data/nsynth/nsynth-valid/audio/vocal_acoustic_000-055-050.wav,46,vocal_acoustic_000,10,vocal,0,acoustic,55,50,16000,reverb
23.423565,18.294605,keyboard_electronic_001-059-075,keyboard_electronic_001-059-075,/root/autodl-tmp/tokenizer-eval/data/nsynth/nsynth-valid/audio/keyboard_electronic_001-059-075.wav,40,keyboard_electronic_001,4,keyboard,1,electronic,59,75,16000,dark
-16.336126,33.979942,brass_acoustic_015-076-050,brass_acoustic_015-076-050,/root/autodl-tmp/tokenizer-eval/data/nsynth/nsynth-valid/audio/brass_acoustic_015-076-050.wav,121,brass_acoustic_015,1,brass,0,acoustic,76,50,16000,reverb
55.54109,26.285591,mallet_acoustic_047-068-075,mallet_acoustic_047-068-075,/root/autodl-tmp/tokenizer-eval/data/nsynth/nsynth-valid/audio/mallet_acoustic_047-068-075.wav,488,mallet_acoustic_047,5,mallet,0,acoustic,68,75,16000,fast_decay|percussive|reverb
-43.138416,-12.032368,brass_acoustic_046-070-127,brass_acoustic_046-070-127,/root/autodl-tmp/tokenizer-eval/data/nsynth/nsynth-valid/audio/brass_acoustic_046-070-127.wav,414,brass_acoustic_046,1,brass,0,acoustic,70,127,16000,bright
15.840941,-24.015377,bass_synthetic_098-047-075,bass_synthetic_098-047-075,/root/autodl-tmp/tokenizer-eval/data/nsynth/nsynth-valid/audio/bass_synthetic_098-047-075.wav,803,bass_synthetic_098,0,bass,2,synthetic,47,75,16000,
-44.55989,-38.932125,reed_acoustic_018-063-025,reed_acoustic_018-063-025,/root/autodl-tmp/tokenizer-eval/data/nsynth/nsynth-valid/audio/reed_acoustic_018-063-025.wav,183,reed_acoustic_018,7,reed,0,acoustic,63,25,16000,
9.823563,39.76462,brass_acoustic_016-053-127,brass_acoustic_016-053-127,/root/autodl-tmp/tokenizer-eval/data/nsynth/nsynth-valid/audio/brass_acoustic_016-053-127.wav,128,brass_acoustic_016,1,brass,0,acoustic,53,127,16000,
-0.37783965,-50.375744,organ_electronic_028-044-050,organ_electronic_028-044-050,/root/autodl-tmp/tokenizer-eval/data/nsynth/nsynth-valid/audio/organ_electronic_028-044-050.wav,440,organ_electronic_028,6,organ,1,electronic,44,50,16000,dark
34.270893,-8.942121,bass_synthetic_068-048-025,bass_synthetic_068-048-025,/root/autodl-tmp/tokenizer-eval/data/nsynth/nsynth-valid/audio/bass_synthetic_068-048-025.wav,656,bass_synthetic_068,0,bass,2,synthetic,48,25,16000,dark
26.041443,-15.124399,bass_electronic_025-042-100,bass_electronic_025-042-100,/root/autodl-tmp/tokenizer-eval/data/nsynth/nsynth-valid/audio/bass_electronic_025-042-100.wav,872,bass_electronic_025,0,bass,1,electronic,42,100,16000,
35.474186,-27.887068,organ_electronic_104-031-075,organ_electronic_104-031-075,/root/autodl-tmp/tokenizer-eval/data/nsynth/nsynth-valid/audio/organ_electronic_104-031-075.wav,921,organ_electronic_104,6,organ,1,electronic,31,75,16000,
0.2184431,9.237041,keyboard_electronic_098-054-050,keyboard_electronic_098-054-050,/root/autodl-tmp/tokenizer-eval/data/nsynth/nsynth-valid/audio/keyboard_electronic_098-054-050.wav,905,keyboard_electronic_098,4,keyboard,1,electronic,54,50,16000,dark
-18.290176,-17.093952,brass_acoustic_006-032-050,brass_acoustic_006-032-050,/root/autodl-tmp/tokenizer-eval/data/nsynth/nsynth-valid/audio/brass_acoustic_006-032-050.wav,43,brass_acoustic_006,1,brass,0,acoustic,32,50,16000,long_release|reverb
-12.936869,-29.081934,keyboard_electronic_003-061-100,keyboard_electronic_003-061-100,/root/autodl-tmp/tokenizer-eval/data/nsynth/nsynth-valid/audio/keyboard_electronic_003-061-100.wav,65,keyboard_electronic_003,4,keyboard,1,electronic,61,100,16000,
-29.514091,39.841278,vocal_synthetic_003-088-050,vocal_synthetic_003-088-050,/root/autodl-tmp/tokenizer-eval/data/nsynth/nsynth-valid/audio/vocal_synthetic_003-088-050.wav,37,vocal_synthetic_003,10,vocal,2,synthetic,88,50,16000,bright|distortion|long_release|nonlinear_env
4.255624,-3.3150015,flute_synthetic_000-059-127,flute_synthetic_000-059-127,/root/autodl-tmp/tokenizer-eval/data/nsynth/nsynth-valid/audio/flute_synthetic_000-059-127.wav,82,flute_synthetic_000,2,flute,2,synthetic,59,127,16000,distortion
37.955593,24.38624,keyboard_electronic_098-091-025,keyboard_electronic_098-091-025,/root/autodl-tmp/tokenizer-eval/data/nsynth/nsynth-valid/audio/keyboard_electronic_098-091-025.wav,905,keyboard_electronic_098,4,keyboard,1,electronic,91,25,16000,fast_decay|percussive
-5.5820465,-56.889942,vocal_synthetic_003-044-025,vocal_synthetic_003-044-025,/root/autodl-tmp/tokenizer-eval/data/nsynth/nsynth-valid/audio/vocal_synthetic_003-044-025.wav,37,vocal_synthetic_003,10,vocal,2,synthetic,44,25,16000,distortion|long_release|nonlinear_env
-45.443027,33.221302,bass_synthetic_009-062-025,bass_synthetic_009-062-025,/root/autodl-tmp/tokenizer-eval/data/nsynth/nsynth-valid/audio/bass_synthetic_009-062-025.wav,150,bass_synthetic_009,0,bass,2,synthetic,62,25,16000,bright|distortion|long_release
-55.093895,-0.327825,vocal_synthetic_003-048-075,vocal_synthetic_003-048-075,/root/autodl-tmp/tokenizer-eval/data/nsynth/nsynth-valid/audio/vocal_synthetic_003-048-075.wav,37,vocal_synthetic_003,10,vocal,2,synthetic,48,75,16000,distortion|long_release|nonlinear_env
-42.577606,-42.188053,reed_acoustic_037-056-075,reed_acoustic_037-056-075,/root/autodl-tmp/tokenizer-eval/data/nsynth/nsynth-valid/audio/reed_acoustic_037-056-075.wav,387,reed_acoustic_037,7,reed,0,acoustic,56,75,16000,reverb
-65.674736,8.080722,brass_acoustic_046-093-025,brass_acoustic_046-093-025,/root/autodl-tmp/tokenizer-eval/data/nsynth/nsynth-valid/audio/brass_acoustic_046-093-025.wav,414,brass_acoustic_046,1,brass,0,acoustic,93,25,16000,long_release
28.61433,42.69374,reed_acoustic_023-066-127,reed_acoustic_023-066-127,/root/autodl-tmp/tokenizer-eval/data/nsynth/nsynth-valid/audio/reed_acoustic_023-066-127.wav,224,reed_acoustic_023,7,reed,0,acoustic,66,127,16000,bright|fast_decay|multiphonic|nonlinear_env
-37.796467,-15.281987,vocal_acoustic_000-070-050,vocal_acoustic_000-070-050,/root/autodl-tmp/tokenizer-eval/data/nsynth/nsynth-valid/audio/vocal_acoustic_000-070-050.wav,46,vocal_acoustic_000,10,vocal,0,acoustic,70,50,16000,reverb
-21.32489,-14.82741,brass_acoustic_059-039-100,brass_acoustic_059-039-100,/root/autodl-tmp/tokenizer-eval/data/nsynth/nsynth-valid/audio/brass_acoustic_059-039-100.wav,572,brass_acoustic_059,1,brass,0,acoustic,39,100,16000,reverb
4.113567,32.314777,brass_acoustic_015-077-127,brass_acoustic_015-077-127,/root/autodl-tmp/tokenizer-eval/data/nsynth/nsynth-valid/audio/brass_acoustic_015-077-127.wav,121,brass_acoustic_015,1,brass,0,acoustic,77,127,16000,reverb
-12.330102,-54.27039,vocal_acoustic_000-068-025,vocal_acoustic_000-068-025,/root/autodl-tmp/tokenizer-eval/data/nsynth/nsynth-valid/audio/vocal_acoustic_000-068-025.wav,46,vocal_acoustic_000,10,vocal,0,acoustic,68,25,16000,reverb
0.12666139,-26.062357,reed_acoustic_037-057-100,reed_acoustic_037-057-100,/root/autodl-tmp/tokenizer-eval/data/nsynth/nsynth-valid/audio/reed_acoustic_037-057-100.wav,387,reed_acoustic_037,7,reed,0,acoustic,57,100,16000,long_release|reverb
31.42695,45.308086,reed_acoustic_023-087-127,reed_acoustic_023-087-127,/root/autodl-tmp/tokenizer-eval/data/nsynth/nsynth-valid/audio/reed_acoustic_023-087-127.wav,224,reed_acoustic_023,7,reed,0,acoustic,87,127,16000,fast_decay|multiphonic|nonlinear_env
10.035808,-1.799244,keyboard_electronic_069-047-075,keyboard_electronic_069-047-075,/root/autodl-tmp/tokenizer-eval/data/nsynth/nsynth-valid/audio/keyboard_electronic_069-047-075.wav,805,keyboard_electronic_069,4,keyboard,1,electronic,47,75,16000,distortion
41.60688,-34.100136,flute_synthetic_000-036-050,flute_synthetic_000-036-050,/root/autodl-tmp/tokenizer-eval/data/nsynth/nsynth-valid/audio/flute_synthetic_000-036-050.wav,82,flute_synthetic_000,2,flute,2,synthetic,36,50,16000,distortion
38.143505,6.3806167,guitar_acoustic_030-063-050,guitar_acoustic_030-063-050,/root/autodl-tmp/tokenizer-eval/data/nsynth/nsynth-valid/audio/guitar_acoustic_030-063-050.wav,642,guitar_acoustic_030,3,guitar,0,acoustic,63,50,16000,fast_decay|tempo-synced
9.493543,-11.671171,bass_synthetic_135-060-100,bass_synthetic_135-060-100,/root/autodl-tmp/tokenizer-eval/data/nsynth/nsynth-valid/audio/bass_synthetic_135-060-100.wav,927,bass_synthetic_135,0,bass,2,synthetic,60,100,16000,distortion
-3.8846595,-4.118201,guitar_acoustic_014-074-100,guitar_acoustic_014-074-100,/root/autodl-tmp/tokenizer-eval/data/nsynth/nsynth-valid/audio/guitar_acoustic_014-074-100.wav,263,guitar_acoustic_014,3,guitar,0,acoustic,74,100,16000,
38.1093,4.0345254,string_acoustic_056-051-075,string_acoustic_056-051-075,/root/autodl-tmp/tokenizer-eval/data/nsynth/nsynth-valid/audio/string_acoustic_056-051-075.wav,436,string_acoustic_056,8,string,0,acoustic,51,75,16000,fast_decay|reverb
57.45731,18.827763,mallet_acoustic_056-054-127,mallet_acoustic_056-054-127,/root/autodl-tmp/tokenizer-eval/data/nsynth/nsynth-valid/audio/mallet_acoustic_056-054-127.wav,590,mallet_acoustic_056,5,mallet,0,acoustic,54,127,16000,bright|fast_decay|percussive
37.92871,43.850834,reed_acoustic_023-081-025,reed_acoustic_023-081-025,/root/autodl-tmp/tokenizer-eval/data/nsynth/nsynth-valid/audio/reed_acoustic_023-081-025.wav,224,reed_acoustic_023,7,reed,0,acoustic,81,25,16000,bright|fast_decay|multiphonic|nonlinear_env
37.875175,-25.465223,guitar_acoustic_010-050-025,guitar_acoustic_010-050-025,/root/autodl-tmp/tokenizer-eval/data/nsynth/nsynth-valid/audio/guitar_acoustic_010-050-025.wav,219,guitar_acoustic_010,3,guitar,0,acoustic,50,25,16000,
-19.547087,49.01523,flute_acoustic_002-093-075,flute_acoustic_002-093-075,/root/autodl-tmp/tokenizer-eval/data/nsynth/nsynth-valid/audio/flute_acoustic_002-093-075.wav,86,flute_acoustic_002,2,flute,0,acoustic,93,75,16000,reverb
44.885487,-13.820681,mallet_acoustic_062-031-075,mallet_acoustic_062-031-075,/root/autodl-tmp/tokenizer-eval/data/nsynth/nsynth-valid/audio/mallet_acoustic_062-031-075.wav,644,mallet_acoustic_062,5,mallet,0,acoustic,31,75,16000,dark|multiphonic
20.199135,-42.017246,flute_synthetic_000-035-075,flute_synthetic_000-035-075,/root/autodl-tmp/tokenizer-eval/data/nsynth/nsynth-valid/audio/flute_synthetic_000-035-075.wav,82,flute_synthetic_000,2,flute,2,synthetic,35,75,16000,distortion
27.372017,30.101154,keyboard_synthetic_000-075-100,keyboard_synthetic_000-075-100,/root/autodl-tmp/tokenizer-eval/data/nsynth/nsynth-valid/audio/keyboard_synthetic_000-075-100.wav,577,keyboard_synthetic_000,4,keyboard,2,synthetic,75,100,16000,bright|distortion|fast_decay|nonlinear_env
-15.775205,-31.215025,keyboard_electronic_069-073-050,keyboard_electronic_069-073-050,/root/autodl-tmp/tokenizer-eval/data/nsynth/nsynth-valid/audio/keyboard_electronic_069-073-050.wav,805,keyboard_electronic_069,4,keyboard,1,electronic,73,50,16000,distortion
44.154457,30.439692,keyboard_electronic_001-095-127,keyboard_electronic_001-095-127,/root/autodl-tmp/tokenizer-eval/data/nsynth/nsynth-valid/audio/keyboard_electronic_001-095-127.wav,40,keyboard_electronic_001,4,keyboard,1,electronic,95,127,16000,percussive
-4.9774737,-10.922271,flute_synthetic_000-062-100,flute_synthetic_000-062-100,/root/autodl-tmp/tokenizer-eval/data/nsynth/nsynth-valid/audio/flute_synthetic_000-062-100.wav,82,flute_synthetic_000,2,flute,2,synthetic,62,100,16000,distortion
-26.009197,37.661106,bass_synthetic_009-064-075,bass_synthetic_009-064-075,/root/autodl-tmp/tokenizer-eval/data/nsynth/nsynth-valid/audio/bass_synthetic_009-064-075.wav,150,bass_synthetic_009,0,bass,2,synthetic,64,75,16000,bright|distortion|long_release
-30.669361,28.96949,flute_synthetic_000-095-127,flute_synthetic_000-095-127,/root/autodl-tmp/tokenizer-eval/data/nsynth/nsynth-valid/audio/flute_synthetic_000-095-127.wav,82,flute_synthetic_000,2,flute,2,synthetic,95,127,16000,distortion
-4.536646,-53.168922,organ_electronic_104-037-025,organ_electronic_104-037-025,/root/autodl-tmp/tokenizer-eval/data/nsynth/nsynth-valid/audio/organ_electronic_104-037-025.wav,921,organ_electronic_104,6,organ,1,electronic,37,25,16000,
1.786695,-21.709314,guitar_electronic_022-069-127,guitar_electronic_022-069-127,/root/autodl-tmp/tokenizer-eval/data/nsynth/nsynth-valid/audio/guitar_electronic_022-069-127.wav,378,guitar_electronic_022,3,guitar,1,electronic,69,127,16000,
-11.848108,29.557266,keyboard_electronic_002-064-127,keyboard_electronic_002-064-127,/root/autodl-tmp/tokenizer-eval/data/nsynth/nsynth-valid/audio/keyboard_electronic_002-064-127.wav,50,keyboard_electronic_002,4,keyboard,1,electronic,64,127,16000,distortion
-41.860165,-8.389664,string_acoustic_057-094-075,string_acoustic_057-094-075,/root/autodl-tmp/tokenizer-eval/data/nsynth/nsynth-valid/audio/string_acoustic_057-094-075.wav,450,string_acoustic_057,8,string,0,acoustic,94,75,16000,nonlinear_env|reverb
-39.502453,46.551304,organ_electronic_007-084-100,organ_electronic_007-084-100,/root/autodl-tmp/tokenizer-eval/data/nsynth/nsynth-valid/audio/organ_electronic_007-084-100.wav,123,organ_electronic_007,6,organ,1,electronic,84,100,16000,bright|distortion|long_release|nonlinear_env
36.958347,3.3715289,keyboard_synthetic_000-051-075,keyboard_synthetic_000-051-075,/root/autodl-tmp/tokenizer-eval/data/nsynth/nsynth-valid/audio/keyboard_synthetic_000-051-075.wav,577,keyboard_synthetic_000,4,keyboard,2,synthetic,51,75,16000,distortion|fast_decay|nonlinear_env
43.83599,-29.16231,guitar_electronic_022-037-025,guitar_electronic_022-037-025,/root/autodl-tmp/tokenizer-eval/data/nsynth/nsynth-valid/audio/guitar_electronic_022-037-025.wav,378,guitar_electronic_022,3,guitar,1,electronic,37,25,16000,dark
20.271683,-12.217093,bass_electronic_025-041-075,bass_electronic_025-041-075,/root/autodl-tmp/tokenizer-eval/data/nsynth/nsynth-valid/audio/bass_electronic_025-041-075.wav,872,bass_electronic_025,0,bass,1,electronic,41,75,16000,
24.83924,-39.19181,organ_electronic_028-047-025,organ_electronic_028-047-025,/root/autodl-tmp/tokenizer-eval/data/nsynth/nsynth-valid/audio/organ_electronic_028-047-025.wav,440,organ_electronic_028,6,organ,1,electronic,47,25,16000,dark
51.422955,12.256572,bass_synthetic_134-087-100,bass_synthetic_134-087-100,/root/autodl-tmp/tokenizer-eval/data/nsynth/nsynth-valid/audio/bass_synthetic_134-087-100.wav,914,bass_synthetic_134,0,bass,2,synthetic,87,100,16000,fast_decay|percussive|reverb
-11.714687,-4.4544826,organ_electronic_028-086-100,organ_electronic_028-086-100,/root/autodl-tmp/tokenizer-eval/data/nsynth/nsynth-valid/audio/organ_electronic_028-086-100.wav,440,organ_electronic_028,6,organ,1,electronic,86,100,16000,bright
40.748016,27.12799,mallet_acoustic_047-092-025,mallet_acoustic_047-092-025,/root/autodl-tmp/tokenizer-eval/data/nsynth/nsynth-valid/audio/mallet_acoustic_047-092-025.wav,488,mallet_acoustic_047,5,mallet,0,acoustic,92,25,16000,fast_decay|percussive|reverb
45.83723,31.4287,mallet_acoustic_047-096-025,mallet_acoustic_047-096-025,/root/autodl-tmp/tokenizer-eval/data/nsynth/nsynth-valid/audio/mallet_acoustic_047-096-025.wav,488,mallet_acoustic_047,5,mallet,0,acoustic,96,25,16000,fast_decay|percussive|reverb
43.008026,-36.286644,flute_synthetic_000-048-025,flute_synthetic_000-048-025,/root/autodl-tmp/tokenizer-eval/data/nsynth/nsynth-valid/audio/flute_synthetic_000-048-025.wav,82,flute_synthetic_000,2,flute,2,synthetic,48,25,16000,distortion
-22.32035,19.715485,flute_acoustic_002-096-100,flute_acoustic_002-096-100,/root/autodl-tmp/tokenizer-eval/data/nsynth/nsynth-valid/audio/flute_acoustic_002-096-100.wav,86,flute_acoustic_002,2,flute,0,acoustic,96,100,16000,long_release|reverb
-47.001007,23.387259,vocal_synthetic_003-066-075,vocal_synthetic_003-066-075,/root/autodl-tmp/tokenizer-eval/data/nsynth/nsynth-valid/audio/vocal_synthetic_003-066-075.wav,37,vocal_synthetic_003,10,vocal,2,synthetic,66,75,16000,bright|distortion|long_release|nonlinear_env
-28.905674,21.018692,brass_acoustic_059-047-100,brass_acoustic_059-047-100,/root/autodl-tmp/tokenizer-eval/data/nsynth/nsynth-valid/audio/brass_acoustic_059-047-100.wav,572,brass_acoustic_059,1,brass,0,acoustic,47,100,16000,reverb
34.407898,-11.092609,guitar_acoustic_010-036-050,guitar_acoustic_010-036-050,/root/autodl-tmp/tokenizer-eval/data/nsynth/nsynth-valid/audio/guitar_acoustic_010-036-050.wav,219,guitar_acoustic_010,3,guitar,0,acoustic,36,50,16000,
14.002806,17.113523,keyboard_electronic_098-072-127,keyboard_electronic_098-072-127,/root/autodl-tmp/tokenizer-eval/data/nsynth/nsynth-valid/audio/keyboard_electronic_098-072-127.wav,905,keyboard_electronic_098,4,keyboard,1,electronic,72,127,16000,
35.847763,18.456947,string_acoustic_056-070-075,string_acoustic_056-070-075,/root/autodl-tmp/tokenizer-eval/data/nsynth/nsynth-valid/audio/string_acoustic_056-070-075.wav,436,string_acoustic_056,8,string,0,acoustic,70,75,16000,fast_decay|percussive|reverb
44.731884,-14.502912,mallet_acoustic_062-031-100,mallet_acoustic_062-031-100,/root/autodl-tmp/tokenizer-eval/data/nsynth/nsynth-valid/audio/mallet_acoustic_062-031-100.wav,644,mallet_acoustic_062,5,mallet,0,acoustic,31,100,16000,dark|long_release|multiphonic
-20.980215,-54.42212,string_acoustic_057-080-050,string_acoustic_057-080-050,/root/autodl-tmp/tokenizer-eval/data/nsynth/nsynth-valid/audio/string_acoustic_057-080-050.wav,450,string_acoustic_057,8,string,0,acoustic,80,50,16000,bright|nonlinear_env|reverb
-19.082125,0.805117,bass_synthetic_135-067-050,bass_synthetic_135-067-050,/root/autodl-tmp/tokenizer-eval/data/nsynth/nsynth-valid/audio/bass_synthetic_135-067-050.wav,927,bass_synthetic_135,0,bass,2,synthetic,67,50,16000,distortion
44.12305,31.466656,mallet_acoustic_047-095-025,mallet_acoustic_047-095-025,/root/autodl-tmp/tokenizer-eval/data/nsynth/nsynth-valid/audio/mallet_acoustic_047-095-025.wav,488,mallet_acoustic_047,5,mallet,0,acoustic,95,25,16000,fast_decay|percussive|reverb
-9.650696,-34.199863,guitar_acoustic_021-049-100,guitar_acoustic_021-049-100,/root/autodl-tmp/tokenizer-eval/data/nsynth/nsynth-valid/audio/guitar_acoustic_021-049-100.wav,457,guitar_acoustic_021,3,guitar,0,acoustic,49,100,16000,
-21.707079,-58.343952,vocal_synthetic_003-080-075,vocal_synthetic_003-080-075,/root/autodl-tmp/tokenizer-eval/data/nsynth/nsynth-valid/audio/vocal_synthetic_003-080-075.wav,37,vocal_synthetic_003,10,vocal,2,synthetic,80,75,16000,bright|distortion|long_release|nonlinear_env
19.831923,-13.4204035,flute_synthetic_000-053-100,flute_synthetic_000-053-100,/root/autodl-tmp/tokenizer-eval/data/nsynth/nsynth-valid/audio/flute_synthetic_000-053-100.wav,82,flute_synthetic_000,2,flute,2,synthetic,53,100,16000,distortion
-32.5568,28.971777,string_acoustic_057-083-050,string_acoustic_057-083-050,/root/autodl-tmp/tokenizer-eval/data/nsynth/nsynth-valid/audio/string_acoustic_057-083-050.wav,450,string_acoustic_057,8,string,0,acoustic,83,50,16000,bright|nonlinear_env|reverb
6.684006,28.186682,guitar_electronic_028-065-025,guitar_electronic_028-065-025,/root/autodl-tmp/tokenizer-eval/data/nsynth/nsynth-valid/audio/guitar_electronic_028-065-025.wav,510,guitar_electronic_028,3,guitar,1,electronic,65,25,16000,
-19.445965,17.912432,string_acoustic_057-084-100,string_acoustic_057-084-100,/root/autodl-tmp/tokenizer-eval/data/nsynth/nsynth-valid/audio/string_acoustic_057-084-100.wav,450,string_acoustic_057,8,string,0,acoustic,84,100,16000,bright|nonlinear_env|reverb
41.09828,22.932404,string_acoustic_056-079-100,string_acoustic_056-079-100,/root/autodl-tmp/tokenizer-eval/data/nsynth/nsynth-valid/audio/string_acoustic_056-079-100.wav,436,string_acoustic_056,8,string,0,acoustic,79,100,16000,fast_decay|percussive|reverb
15.910009,-5.0703564,guitar_acoustic_030-063-100,guitar_acoustic_030-063-100,/root/autodl-tmp/tokenizer-eval/data/nsynth/nsynth-valid/audio/guitar_acoustic_030-063-100.wav,642,guitar_acoustic_030,3,guitar,0,acoustic,63,100,16000,long_release|tempo-synced
43.30109,23.308578,guitar_acoustic_014-092-050,guitar_acoustic_014-092-050,/root/autodl-tmp/tokenizer-eval/data/nsynth/nsynth-valid/audio/guitar_acoustic_014-092-050.wav,263,guitar_acoustic_014,3,guitar,0,acoustic,92,50,16000,fast_decay|percussive
31.33641,-19.844593,keyboard_electronic_069-040-025,keyboard_electronic_069-040-025,/root/autodl-tmp/tokenizer-eval/data/nsynth/nsynth-valid/audio/keyboard_electronic_069-040-025.wav,805,keyboard_electronic_069,4,keyboard,1,electronic,40,25,16000,distortion
16.748198,-31.72054,flute_synthetic_000-058-127,flute_synthetic_000-058-127,/root/autodl-tmp/tokenizer-eval/data/nsynth/nsynth-valid/audio/flute_synthetic_000-058-127.wav,82,flute_synthetic_000,2,flute,2,synthetic,58,127,16000,distortion
-32.973717,29.246742,string_acoustic_057-083-075,string_acoustic_057-083-075,/root/autodl-tmp/tokenizer-eval/data/nsynth/nsynth-valid/audio/string_acoustic_057-083-075.wav,450,string_acoustic_057,8,string,0,acoustic,83,75,16000,bright|nonlinear_env|reverb
4.9692397,-28.2059,organ_electronic_001-038-050,organ_electronic_001-038-050,/root/autodl-tmp/tokenizer-eval/data/nsynth/nsynth-valid/audio/organ_electronic_001-038-050.wav,8,organ_electronic_001,6,organ,1,electronic,38,50,16000,dark
2.274239,-43.460117,string_acoustic_012-031-050,string_acoustic_012-031-050,/root/autodl-tmp/tokenizer-eval/data/nsynth/nsynth-valid/audio/string_acoustic_012-031-050.wav,97,string_acoustic_012,8,string,0,acoustic,31,50,16000,long_release|reverb
-17.137197,37.591457,organ_electronic_028-088-050,organ_electronic_028-088-050,/root/autodl-tmp/tokenizer-eval/data/nsynth/nsynth-valid/audio/organ_electronic_028-088-050.wav,440,organ_electronic_028,6,organ,1,electronic,88,50,16000,
-62.329517,1.3293263,vocal_synthetic_003-045-075,vocal_synthetic_003-045-075,/root/autodl-tmp/tokenizer-eval/data/nsynth/nsynth-valid/audio/vocal_synthetic_003-045-075.wav,37,vocal_synthetic_003,10,vocal,2,synthetic,45,75,16000,distortion|long_release|nonlinear_env
-39.515762,-9.883966,organ_electronic_001-094-075,organ_electronic_001-094-075,/root/autodl-tmp/tokenizer-eval/data/nsynth/nsynth-valid/audio/organ_electronic_001-094-075.wav,8,organ_electronic_001,6,organ,1,electronic,94,75,16000,
-8.907646,30.160877,keyboard_electronic_003-076-127,keyboard_electronic_003-076-127,/root/autodl-tmp/tokenizer-eval/data/nsynth/nsynth-valid/audio/keyboard_electronic_003-076-127.wav,65,keyboard_electronic_003,4,keyboard,1,electronic,76,127,16000,
-11.854081,-14.497932,reed_acoustic_037-038-127,reed_acoustic_037-038-127,/root/autodl-tmp/tokenizer-eval/data/nsynth/nsynth-valid/audio/reed_acoustic_037-038-127.wav,387,reed_acoustic_037,7,reed,0,acoustic,38,127,16000,long_release|reverb
11.574252,-44.57777,flute_synthetic_000-032-050,flute_synthetic_000-032-050,/root/autodl-tmp/tokenizer-eval/data/nsynth/nsynth-valid/audio/flute_synthetic_000-032-050.wav,82,flute_synthetic_000,2,flute,2,synthetic,32,50,16000,distortion
-6.5659833,-50.831627,keyboard_electronic_098-056-025,keyboard_electronic_098-056-025,/root/autodl-tmp/tokenizer-eval/data/nsynth/nsynth-valid/audio/keyboard_electronic_098-056-025.wav,905,keyboard_electronic_098,4,keyboard,1,electronic,56,25,16000,dark
2.4051154,12.045868,brass_acoustic_015-066-075,brass_acoustic_015-066-075,/root/autodl-tmp/tokenizer-eval/data/nsynth/nsynth-valid/audio/brass_acoustic_015-066-075.wav,121,brass_acoustic_015,1,brass,0,acoustic,66,75,16000,reverb
-17.406723,34.507072,reed_acoustic_037-076-025,reed_acoustic_037-076-025,/root/autodl-tmp/tokenizer-eval/data/nsynth/nsynth-valid/audio/reed_acoustic_037-076-025.wav,387,reed_acoustic_037,7,reed,0,acoustic,76,25,16000,reverb
-58.283768,3.0115957,vocal_synthetic_003-046-100,vocal_synthetic_003-046-100,/root/autodl-tmp/tokenizer-eval/data/nsynth/nsynth-valid/audio/vocal_synthetic_003-046-100.wav,37,vocal_synthetic_003,10,vocal,2,synthetic,46,100,16000,bright|distortion|long_release|nonlinear_env
-4.9263935,-1.54461,bass_synthetic_033-086-127,bass_synthetic_033-086-127,/root/autodl-tmp/tokenizer-eval/data/nsynth/nsynth-valid/audio/bass_synthetic_033-086-127.wav,417,bass_synthetic_033,0,bass,2,synthetic,86,127,16000,
54.231262,21.156837,guitar_acoustic_015-095-050,guitar_acoustic_015-095-050,/root/autodl-tmp/tokenizer-eval/data/nsynth/nsynth-valid/audio/guitar_acoustic_015-095-050.wav,316,guitar_acoustic_015,3,guitar,0,acoustic,95,50,16000,fast_decay|percussive|reverb
-6.522886,10.599943,reed_acoustic_011-054-050,reed_acoustic_011-054-050,/root/autodl-tmp/tokenizer-eval/data/nsynth/nsynth-valid/audio/reed_acoustic_011-054-050.wav,104,reed_acoustic_011,7,reed,0,acoustic,54,50,16000,
-65.73089,9.849533,brass_acoustic_046-091-050,brass_acoustic_046-091-050,/root/autodl-tmp/tokenizer-eval/data/nsynth/nsynth-valid/audio/brass_acoustic_046-091-050.wav,414,brass_acoustic_046,1,brass,0,acoustic,91,50,16000,long_release
-15.463889,29.161541,keyboard_electronic_098-052-100,keyboard_electronic_098-052-100,/root/autodl-tmp/tokenizer-eval/data/nsynth/nsynth-valid/audio/keyboard_electronic_098-052-100.wav,905,keyboard_electronic_098,4,keyboard,1,electronic,52,100,16000,dark
33.683506,43.16356,reed_acoustic_023-086-075,reed_acoustic_023-086-075,/root/autodl-tmp/tokenizer-eval/data/nsynth/nsynth-valid/audio/reed_acoustic_023-086-075.wav,224,reed_acoustic_023,7,reed,0,acoustic,86,75,16000,fast_decay|multiphonic|nonlinear_env
-28.434792,24.7975,organ_electronic_104-071-127,organ_electronic_104-071-127,/root/autodl-tmp/tokenizer-eval/data/nsynth/nsynth-valid/audio/organ_electronic_104-071-127.wav,921,organ_electronic_104,6,organ,1,electronic,71,127,16000,
-43.48504,40.247425,vocal_synthetic_003-069-050,vocal_synthetic_003-069-050,/root/autodl-tmp/tokenizer-eval/data/nsynth/nsynth-valid/audio/vocal_synthetic_003-069-050.wav,37,vocal_synthetic_003,10,vocal,2,synthetic,69,50,16000,bright|distortion|long_release|nonlinear_env
-37.701984,46.762356,brass_acoustic_016-077-127,brass_acoustic_016-077-127,/root/autodl-tmp/tokenizer-eval/data/nsynth/nsynth-valid/audio/brass_acoustic_016-077-127.wav,128,brass_acoustic_016,1,brass,0,acoustic,77,127,16000,bright
59.459076,25.059917,mallet_acoustic_047-080-127,mallet_acoustic_047-080-127,/root/autodl-tmp/tokenizer-eval/data/nsynth/nsynth-valid/audio/mallet_acoustic_047-080-127.wav,488,mallet_acoustic_047,5,mallet,0,acoustic,80,127,16000,fast_decay|percussive|reverb
-18.788708,12.849191,organ_electronic_001-084-100,organ_electronic_001-084-100,/root/autodl-tmp/tokenizer-eval/data/nsynth/nsynth-valid/audio/organ_electronic_001-084-100.wav,8,organ_electronic_001,6,organ,1,electronic,84,100,16000,
16.356342,-20.37605,bass_synthetic_098-074-050,bass_synthetic_098-074-050,/root/autodl-tmp/tokenizer-eval/data/nsynth/nsynth-valid/audio/bass_synthetic_098-074-050.wav,803,bass_synthetic_098,0,bass,2,synthetic,74,50,16000,
26.74216,48.14347,keyboard_synthetic_000-090-127,keyboard_synthetic_000-090-127,/root/autodl-tmp/tokenizer-eval/data/nsynth/nsynth-valid/audio/keyboard_synthetic_000-090-127.wav,577,keyboard_synthetic_000,4,keyboard,2,synthetic,90,127,16000,bright|distortion|fast_decay|nonlinear_env
14.612807,5.748047,guitar_acoustic_015-058-050,guitar_acoustic_015-058-050,/root/autodl-tmp/tokenizer-eval/data/nsynth/nsynth-valid/audio/guitar_acoustic_015-058-050.wav,316,guitar_acoustic_015,3,guitar,0,acoustic,58,50,16000,reverb
-31.475649,28.854034,brass_acoustic_006-083-075,brass_acoustic_006-083-075,/root/autodl-tmp/tokenizer-eval/data/nsynth/nsynth-valid/audio/brass_acoustic_006-083-075.wav,43,brass_acoustic_006,1,brass,0,acoustic,83,75,16000,reverb
39.394154,-12.807792,mallet_acoustic_062-036-050,mallet_acoustic_062-036-050,/root/autodl-tmp/tokenizer-eval/data/nsynth/nsynth-valid/audio/mallet_acoustic_062-036-050.wav,644,mallet_acoustic_062,5,mallet,0,acoustic,36,50,16000,dark|multiphonic
-40.38154,-35.426666,flute_synthetic_000-063-100,flute_synthetic_000-063-100,/root/autodl-tmp/tokenizer-eval/data/nsynth/nsynth-valid/audio/flute_synthetic_000-063-100.wav,82,flute_synthetic_000,2,flute,2,synthetic,63,100,16000,distortion
-39.781513,-17.474384,organ_electronic_113-070-025,organ_electronic_113-070-025,/root/autodl-tmp/tokenizer-eval/data/nsynth/nsynth-valid/audio/organ_electronic_113-070-025.wav,958,organ_electronic_113,6,organ,1,electronic,70,25,16000,
41.080463,-0.9418202,bass_electronic_025-059-100,bass_electronic_025-059-100,/root/autodl-tmp/tokenizer-eval/data/nsynth/nsynth-valid/audio/bass_electronic_025-059-100.wav,872,bass_electronic_025,0,bass,1,electronic,59,100,16000,
46.95026,22.549017,mallet_acoustic_047-085-025,mallet_acoustic_047-085-025,/root/autodl-tmp/tokenizer-eval/data/nsynth/nsynth-valid/audio/mallet_acoustic_047-085-025.wav,488,mallet_acoustic_047,5,mallet,0,acoustic,85,25,16000,fast_decay|percussive|reverb
5.0179114,-11.452735,organ_electronic_057-060-050,organ_electronic_057-060-050,/root/autodl-tmp/tokenizer-eval/data/nsynth/nsynth-valid/audio/organ_electronic_057-060-050.wav,701,organ_electronic_057,6,organ,1,electronic,60,50,16000,dark
-18.790098,-34.252087,reed_acoustic_037-061-075,reed_acoustic_037-061-075,/root/autodl-tmp/tokenizer-eval/data/nsynth/nsynth-valid/audio/reed_acoustic_037-061-075.wav,387,reed_acoustic_037,7,reed,0,acoustic,61,75,16000,long_release|reverb
-19.414328,-20.090775,brass_acoustic_059-036-050,brass_acoustic_059-036-050,/root/autodl-tmp/tokenizer-eval/data/nsynth/nsynth-valid/audio/brass_acoustic_059-036-050.wav,572,brass_acoustic_059,1,brass,0,acoustic,36,50,16000,reverb
-24.182869,-54.24971,bass_synthetic_009-092-127,bass_synthetic_009-092-127,/root/autodl-tmp/tokenizer-eval/data/nsynth/nsynth-valid/audio/bass_synthetic_009-092-127.wav,150,bass_synthetic_009,0,bass,2,synthetic,92,127,16000,long_release
-22.111042,38.578827,string_acoustic_057-088-025,string_acoustic_057-088-025,/root/autodl-tmp/tokenizer-eval/data/nsynth/nsynth-valid/audio/string_acoustic_057-088-025.wav,450,string_acoustic_057,8,string,0,acoustic,88,25,16000,bright|nonlinear_env|reverb
-60.500286,3.8474882,vocal_synthetic_003-047-100,vocal_synthetic_003-047-100,/root/autodl-tmp/tokenizer-eval/data/nsynth/nsynth-valid/audio/vocal_synthetic_003-047-100.wav,37,vocal_synthetic_003,10,vocal,2,synthetic,47,100,16000,bright|distortion|long_release|nonlinear_env
1.4070115,-22.750708,brass_acoustic_015-069-075,brass_acoustic_015-069-075,/root/autodl-tmp/tokenizer-eval/data/nsynth/nsynth-valid/audio/brass_acoustic_015-069-075.wav,121,brass_acoustic_015,1,brass,0,acoustic,69,75,16000,reverb
-14.599799,13.779406,organ_electronic_028-072-050,organ_electronic_028-072-050,/root/autodl-tmp/tokenizer-eval/data/nsynth/nsynth-valid/audio/organ_electronic_028-072-050.wav,440,organ_electronic_028,6,organ,1,electronic,72,50,16000,dark
-46.98561,4.5702777,organ_electronic_007-085-127,organ_electronic_007-085-127,/root/autodl-tmp/tokenizer-eval/data/nsynth/nsynth-valid/audio/organ_electronic_007-085-127.wav,123,organ_electronic_007,6,organ,1,electronic,85,127,16000,bright|distortion|long_release|nonlinear_env
39.070423,-0.55241525,keyboard_synthetic_000-034-100,keyboard_synthetic_000-034-100,/root/autodl-tmp/tokenizer-eval/data/nsynth/nsynth-valid/audio/keyboard_synthetic_000-034-100.wav,577,keyboard_synthetic_000,4,keyboard,2,synthetic,34,100,16000,distortion|fast_decay|nonlinear_env
43.214146,17.768112,string_acoustic_056-077-025,string_acoustic_056-077-025,/root/autodl-tmp/tokenizer-eval/data/nsynth/nsynth-valid/audio/string_acoustic_056-077-025.wav,436,string_acoustic_056,8,string,0,acoustic,77,25,16000,fast_decay|percussive|reverb
-2.824892,36.282784,string_acoustic_057-077-127,string_acoustic_057-077-127,/root/autodl-tmp/tokenizer-eval/data/nsynth/nsynth-valid/audio/string_acoustic_057-077-127.wav,450,string_acoustic_057,8,string,0,acoustic,77,127,16000,bright|nonlinear_env|reverb
46.771084,-0.40349847,string_acoustic_014-050-050,string_acoustic_014-050-050,/root/autodl-tmp/tokenizer-eval/data/nsynth/nsynth-valid/audio/string_acoustic_014-050-050.wav,100,string_acoustic_014,8,string,0,acoustic,50,50,16000,dark|reverb
-27.056366,31.310884,organ_electronic_001-088-025,organ_electronic_001-088-025,/root/autodl-tmp/tokenizer-eval/data/nsynth/nsynth-valid/audio/organ_electronic_001-088-025.wav,8,organ_electronic_001,6,organ,1,electronic,88,25,16000,
0.7757405,-20.906517,keyboard_electronic_069-069-075,keyboard_electronic_069-069-075,/root/autodl-tmp/tokenizer-eval/data/nsynth/nsynth-valid/audio/keyboard_electronic_069-069-075.wav,805,keyboard_electronic_069,4,keyboard,1,electronic,69,75,16000,distortion
31.601631,35.70353,reed_acoustic_023-032-127,reed_acoustic_023-032-127,/root/autodl-tmp/tokenizer-eval/data/nsynth/nsynth-valid/audio/reed_acoustic_023-032-127.wav,224,reed_acoustic_023,7,reed,0,acoustic,32,127,16000,bright|fast_decay|multiphonic|nonlinear_env
38.593517,-12.612216,bass_synthetic_135-036-050,bass_synthetic_135-036-050,/root/autodl-tmp/tokenizer-eval/data/nsynth/nsynth-valid/audio/bass_synthetic_135-036-050.wav,927,bass_synthetic_135,0,bass,2,synthetic,36,50,16000,distortion
31.58477,37.40094,reed_acoustic_023-044-100,reed_acoustic_023-044-100,/root/autodl-tmp/tokenizer-eval/data/nsynth/nsynth-valid/audio/reed_acoustic_023-044-100.wav,224,reed_acoustic_023,7,reed,0,acoustic,44,100,16000,bright|fast_decay|multiphonic|nonlinear_env
42.787437,29.894829,keyboard_electronic_001-094-100,keyboard_electronic_001-094-100,/root/autodl-tmp/tokenizer-eval/data/nsynth/nsynth-valid/audio/keyboard_electronic_001-094-100.wav,40,keyboard_electronic_001,4,keyboard,1,electronic,94,100,16000,
-13.151594,-15.293797,brass_acoustic_059-038-050,brass_acoustic_059-038-050,/root/autodl-tmp/tokenizer-eval/data/nsynth/nsynth-valid/audio/brass_acoustic_059-038-050.wav,572,brass_acoustic_059,1,brass,0,acoustic,38,50,16000,reverb
-22.566288,-53.977024,string_acoustic_057-092-127,string_acoustic_057-092-127,/root/autodl-tmp/tokenizer-eval/data/nsynth/nsynth-valid/audio/string_acoustic_057-092-127.wav,450,string_acoustic_057,8,string,0,acoustic,92,127,16000,nonlinear_env|reverb
-18.950163,-56.2961,reed_acoustic_011-068-127,reed_acoustic_011-068-127,/root/autodl-tmp/tokenizer-eval/data/nsynth/nsynth-valid/audio/reed_acoustic_011-068-127.wav,104,reed_acoustic_011,7,reed,0,acoustic,68,127,16000,
-20.073124,-51.53735,organ_electronic_001-092-050,organ_electronic_001-092-050,/root/autodl-tmp/tokenizer-eval/data/nsynth/nsynth-valid/audio/organ_electronic_001-092-050.wav,8,organ_electronic_001,6,organ,1,electronic,92,50,16000,
10.321903,-43.96545,flute_synthetic_000-031-075,flute_synthetic_000-031-075,/root/autodl-tmp/tokenizer-eval/data/nsynth/nsynth-valid/audio/flute_synthetic_000-031-075.wav,82,flute_synthetic_000,2,flute,2,synthetic,31,75,16000,distortion
7.512595,27.722937,brass_acoustic_015-065-050,brass_acoustic_015-065-050,/root/autodl-tmp/tokenizer-eval/data/nsynth/nsynth-valid/audio/brass_acoustic_015-065-050.wav,121,brass_acoustic_015,1,brass,0,acoustic,65,50,16000,reverb
-14.754467,49.294956,flute_synthetic_000-093-025,flute_synthetic_000-093-025,/root/autodl-tmp/tokenizer-eval/data/nsynth/nsynth-valid/audio/flute_synthetic_000-093-025.wav,82,flute_synthetic_000,2,flute,2,synthetic,93,25,16000,distortion
-3.2278676,10.483688,organ_electronic_001-066-050,organ_electronic_001-066-050,/root/autodl-tmp/tokenizer-eval/data/nsynth/nsynth-valid/audio/organ_electronic_001-066-050.wav,8,organ_electronic_001,6,organ,1,electronic,66,50,16000,
38.420425,-7.805659,keyboard_electronic_069-046-050,keyboard_electronic_069-046-050,/root/autodl-tmp/tokenizer-eval/data/nsynth/nsynth-valid/audio/keyboard_electronic_069-046-050.wav,805,keyboard_electronic_069,4,keyboard,1,electronic,46,50,16000,distortion
33.99782,-21.529598,keyboard_electronic_069-039-050,keyboard_electronic_069-039-050,/root/autodl-tmp/tokenizer-eval/data/nsynth/nsynth-valid/audio/keyboard_electronic_069-039-050.wav,805,keyboard_electronic_069,4,keyboard,1,electronic,39,50,16000,distortion
-45.800777,35.2263,vocal_synthetic_003-074-100,vocal_synthetic_003-074-100,/root/autodl-tmp/tokenizer-eval/data/nsynth/nsynth-valid/audio/vocal_synthetic_003-074-100.wav,37,vocal_synthetic_003,10,vocal,2,synthetic,74,100,16000,bright|distortion|long_release|nonlinear_env
-10.826749,-32.15502,flute_synthetic_000-061-127,flute_synthetic_000-061-127,/root/autodl-tmp/tokenizer-eval/data/nsynth/nsynth-valid/audio/flute_synthetic_000-061-127.wav,82,flute_synthetic_000,2,flute,2,synthetic,61,127,16000,distortion
47.468925,27.21087,keyboard_acoustic_004-087-127,keyboard_acoustic_004-087-127,/root/autodl-tmp/tokenizer-eval/data/nsynth/nsynth-valid/audio/keyboard_acoustic_004-087-127.wav,327,keyboard_acoustic_004,4,keyboard,0,acoustic,87,127,16000,reverb
27.729916,37.83651,reed_acoustic_023-060-100,reed_acoustic_023-060-100,/root/autodl-tmp/tokenizer-eval/data/nsynth/nsynth-valid/audio/reed_acoustic_023-060-100.wav,224,reed_acoustic_023,7,reed,0,acoustic,60,100,16000,bright|fast_decay|multiphonic|nonlinear_env
-42.253044,-10.34387,string_acoustic_057-082-100,string_acoustic_057-082-100,/root/autodl-tmp/tokenizer-eval/data/nsynth/nsynth-valid/audio/string_acoustic_057-082-100.wav,450,string_acoustic_057,8,string,0,acoustic,82,100,16000,bright|nonlinear_env|reverb
-20.143347,-51.55065,organ_electronic_001-092-025,organ_electronic_001-092-025,/root/autodl-tmp/tokenizer-eval/data/nsynth/nsynth-valid/audio/organ_electronic_001-092-025.wav,8,organ_electronic_001,6,organ,1,electronic,92,25,16000,
-36.78367,-35.96292,string_acoustic_071-051-025,string_acoustic_071-051-025,/root/autodl-tmp/tokenizer-eval/data/nsynth/nsynth-valid/audio/string_acoustic_071-051-025.wav,609,string_acoustic_071,8,string,0,acoustic,51,25,16000,long_release|reverb
45.587337,9.67964,string_acoustic_056-042-127,string_acoustic_056-042-127,/root/autodl-tmp/tokenizer-eval/data/nsynth/nsynth-valid/audio/string_acoustic_056-042-127.wav,436,string_acoustic_056,8,string,0,acoustic,42,127,16000,fast_decay|percussive|reverb
49.191345,21.388626,keyboard_electronic_001-086-100,keyboard_electronic_001-086-100,/root/autodl-tmp/tokenizer-eval/data/nsynth/nsynth-valid/audio/keyboard_electronic_001-086-100.wav,40,keyboard_electronic_001,4,keyboard,1,electronic,86,100,16000,percussive
-38.528584,-24.890856,reed_acoustic_037-039-127,reed_acoustic_037-039-127,/root/autodl-tmp/tokenizer-eval/data/nsynth/nsynth-valid/audio/reed_acoustic_037-039-127.wav,387,reed_acoustic_037,7,reed,0,acoustic,39,127,16000,long_release|reverb
-39.226254,47.60407,brass_acoustic_016-084-050,brass_acoustic_016-084-050,/root/autodl-tmp/tokenizer-eval/data/nsynth/nsynth-valid/audio/brass_acoustic_016-084-050.wav,128,brass_acoustic_016,1,brass,0,acoustic,84,50,16000,bright
-9.668169,-4.0685406,reed_acoustic_037-074-127,reed_acoustic_037-074-127,/root/autodl-tmp/tokenizer-eval/data/nsynth/nsynth-valid/audio/reed_acoustic_037-074-127.wav,387,reed_acoustic_037,7,reed,0,acoustic,74,127,16000,reverb
31.995975,49.052254,reed_acoustic_023-077-127,reed_acoustic_023-077-127,/root/autodl-tmp/tokenizer-eval/data/nsynth/nsynth-valid/audio/reed_acoustic_023-077-127.wav,224,reed_acoustic_023,7,reed,0,acoustic,77,127,16000,bright|fast_decay|multiphonic|nonlinear_env
34.30656,-10.502899,bass_synthetic_033-036-127,bass_synthetic_033-036-127,/root/autodl-tmp/tokenizer-eval/data/nsynth/nsynth-valid/audio/bass_synthetic_033-036-127.wav,417,bass_synthetic_033,0,bass,2,synthetic,36,127,16000,distortion
16.446375,-24.291945,bass_synthetic_098-047-127,bass_synthetic_098-047-127,/root/autodl-tmp/tokenizer-eval/data/nsynth/nsynth-valid/audio/bass_synthetic_098-047-127.wav,803,bass_synthetic_098,0,bass,2,synthetic,47,127,16000,distortion
56.829998,18.1858,mallet_acoustic_056-052-075,mallet_acoustic_056-052-075,/root/autodl-tmp/tokenizer-eval/data/nsynth/nsynth-valid/audio/mallet_acoustic_056-052-075.wav,590,mallet_acoustic_056,5,mallet,0,acoustic,52,75,16000,fast_decay|percussive
-63.96914,10.007117,brass_acoustic_046-096-100,brass_acoustic_046-096-100,/root/autodl-tmp/tokenizer-eval/data/nsynth/nsynth-valid/audio/brass_acoustic_046-096-100.wav,414,brass_acoustic_046,1,brass,0,acoustic,96,100,16000,long_release
37.3502,27.040009,keyboard_synthetic_000-092-025,keyboard_synthetic_000-092-025,/root/autodl-tmp/tokenizer-eval/data/nsynth/nsynth-valid/audio/keyboard_synthetic_000-092-025.wav,577,keyboard_synthetic_000,4,keyboard,2,synthetic,92,25,16000,distortion|fast_decay|nonlinear_env|percussive
42.733097,-24.086014,mallet_acoustic_062-049-100,mallet_acoustic_062-049-100,/root/autodl-tmp/tokenizer-eval/data/nsynth/nsynth-valid/audio/mallet_acoustic_062-049-100.wav,644,mallet_acoustic_062,5,mallet,0,acoustic,49,100,16000,dark|multiphonic
-29.068993,39.940826,vocal_synthetic_003-088-127,vocal_synthetic_003-088-127,/root/autodl-tmp/tokenizer-eval/data/nsynth/nsynth-valid/audio/vocal_synthetic_003-088-127.wav,37,vocal_synthetic_003,10,vocal,2,synthetic,88,127,16000,bright|distortion|long_release|nonlinear_env
-5.010909,-10.930904,flute_synthetic_000-062-127,flute_synthetic_000-062-127,/root/autodl-tmp/tokenizer-eval/data/nsynth/nsynth-valid/audio/flute_synthetic_000-062-127.wav,82,flute_synthetic_000,2,flute,2,synthetic,62,127,16000,distortion
8.412821,-0.64806473,keyboard_acoustic_004-047-075,keyboard_acoustic_004-047-075,/root/autodl-tmp/tokenizer-eval/data/nsynth/nsynth-valid/audio/keyboard_acoustic_004-047-075.wav,327,keyboard_acoustic_004,4,keyboard,0,acoustic,47,75,16000,reverb
0.36649966,21.35569,bass_synthetic_033-090-127,bass_synthetic_033-090-127,/root/autodl-tmp/tokenizer-eval/data/nsynth/nsynth-valid/audio/bass_synthetic_033-090-127.wav,417,bass_synthetic_033,0,bass,2,synthetic,90,127,16000,
-42.026676,-14.471173,flute_acoustic_002-070-127,flute_acoustic_002-070-127,/root/autodl-tmp/tokenizer-eval/data/nsynth/nsynth-valid/audio/flute_acoustic_002-070-127.wav,86,flute_acoustic_002,2,flute,0,acoustic,70,127,16000,long_release|reverb
22.505545,-43.211384,string_acoustic_080-035-075,string_acoustic_080-035-075,/root/autodl-tmp/tokenizer-eval/data/nsynth/nsynth-valid/audio/string_acoustic_080-035-075.wav,675,string_acoustic_080,8,string,0,acoustic,35,75,16000,long_release|reverb
20.994009,14.295361,keyboard_electronic_078-086-025,keyboard_electronic_078-086-025,/root/autodl-tmp/tokenizer-eval/data/nsynth/nsynth-valid/audio/keyboard_electronic_078-086-025.wav,838,keyboard_electronic_078,4,keyboard,1,electronic,86,25,16000,
-47.247387,39.185318,vocal_synthetic_003-093-127,vocal_synthetic_003-093-127,/root/autodl-tmp/tokenizer-eval/data/nsynth/nsynth-valid/audio/vocal_synthetic_003-093-127.wav,37,vocal_synthetic_003,10,vocal,2,synthetic,93,127,16000,bright|distortion|long_release|nonlinear_env
-16.85069,-47.139217,reed_acoustic_011-044-100,reed_acoustic_011-044-100,/root/autodl-tmp/tokenizer-eval/data/nsynth/nsynth-valid/audio/reed_acoustic_011-044-100.wav,104,reed_acoustic_011,7,reed,0,acoustic,44,100,16000,bright
-46.831547,-39.77769,brass_acoustic_059-063-100,brass_acoustic_059-063-100,/root/autodl-tmp/tokenizer-eval/data/nsynth/nsynth-valid/audio/brass_acoustic_059-063-100.wav,572,brass_acoustic_059,1,brass,0,acoustic,63,100,16000,reverb
-16.703785,-52.187244,flute_synthetic_000-092-025,flute_synthetic_000-092-025,/root/autodl-tmp/tokenizer-eval/data/nsynth/nsynth-valid/audio/flute_synthetic_000-092-025.wav,82,flute_synthetic_000,2,flute,2,synthetic,92,25,16000,distortion
21.498508,-9.806188,guitar_electronic_022-053-025,guitar_electronic_022-053-025,/root/autodl-tmp/tokenizer-eval/data/nsynth/nsynth-valid/audio/guitar_electronic_022-053-025.wav,378,guitar_electronic_022,3,guitar,1,electronic,53,25,16000,dark
-9.135552,29.664484,bass_synthetic_068-076-050,bass_synthetic_068-076-050,/root/autodl-tmp/tokenizer-eval/data/nsynth/nsynth-valid/audio/bass_synthetic_068-076-050.wav,656,bass_synthetic_068,0,bass,2,synthetic,76,50,16000,
-36.197994,-20.152061,reed_acoustic_037-046-127,reed_acoustic_037-046-127,/root/autodl-tmp/tokenizer-eval/data/nsynth/nsynth-valid/audio/reed_acoustic_037-046-127.wav,387,reed_acoustic_037,7,reed,0,acoustic,46,127,16000,reverb
16.77245,-3.9730332,keyboard_electronic_002-075-025,keyboard_electronic_002-075-025,/root/autodl-tmp/tokenizer-eval/data/nsynth/nsynth-valid/audio/keyboard_electronic_002-075-025.wav,50,keyboard_electronic_002,4,keyboard,1,electronic,75,25,16000,
57.24365,20.59163,mallet_acoustic_056-037-100,mallet_acoustic_056-037-100,/root/autodl-tmp/tokenizer-eval/data/nsynth/nsynth-valid/audio/mallet_acoustic_056-037-100.wav,590,mallet_acoustic_056,5,mallet,0,acoustic,37,100,16000,bright|fast_decay|percussive
51.33562,14.493565,mallet_acoustic_056-069-100,mallet_acoustic_056-069-100,/root/autodl-tmp/tokenizer-eval/data/nsynth/nsynth-valid/audio/mallet_acoustic_056-069-100.wav,590,mallet_acoustic_056,5,mallet,0,acoustic,69,100,16000,fast_decay
-31.135904,24.759516,string_acoustic_057-071-127,string_acoustic_057-071-127,/root/autodl-tmp/tokenizer-eval/data/nsynth/nsynth-valid/audio/string_acoustic_057-071-127.wav,450,string_acoustic_057,8,string,0,acoustic,71,127,16000,bright|nonlinear_env|reverb
14.626148,-6.990639,keyboard_electronic_003-051-127,keyboard_electronic_003-051-127,/root/autodl-tmp/tokenizer-eval/data/nsynth/nsynth-valid/audio/keyboard_electronic_003-051-127.wav,65,keyboard_electronic_003,4,keyboard,1,electronic,51,127,16000,
-16.890736,-13.021562,reed_acoustic_011-035-075,reed_acoustic_011-035-075,/root/autodl-tmp/tokenizer-eval/data/nsynth/nsynth-valid/audio/reed_acoustic_011-035-075.wav,104,reed_acoustic_011,7,reed,0,acoustic,35,75,16000,
-6.9108505,-50.24224,mallet_acoustic_062-056-127,mallet_acoustic_062-056-127,/root/autodl-tmp/tokenizer-eval/data/nsynth/nsynth-valid/audio/mallet_acoustic_062-056-127.wav,644,mallet_acoustic_062,5,mallet,0,acoustic,56,127,16000,dark|long_release|multiphonic
-20.962944,-54.31152,string_acoustic_057-080-075,string_acoustic_057-080-075,/root/autodl-tmp/tokenizer-eval/data/nsynth/nsynth-valid/audio/string_acoustic_057-080-075.wav,450,string_acoustic_057,8,string,0,acoustic,80,75,16000,bright|nonlinear_env|reverb
-15.999178,29.893461,bass_synthetic_033-064-050,bass_synthetic_033-064-050,/root/autodl-tmp/tokenizer-eval/data/nsynth/nsynth-valid/audio/bass_synthetic_033-064-050.wav,417,bass_synthetic_033,0,bass,2,synthetic,64,50,16000,
-59.2078,-1.0556284,vocal_synthetic_003-037-127,vocal_synthetic_003-037-127,/root/autodl-tmp/tokenizer-eval/data/nsynth/nsynth-valid/audio/vocal_synthetic_003-037-127.wav,37,vocal_synthetic_003,10,vocal,2,synthetic,37,127,16000,bright|distortion|long_release|nonlinear_env
49.71996,11.06246,bass_synthetic_134-084-025,bass_synthetic_134-084-025,/root/autodl-tmp/tokenizer-eval/data/nsynth/nsynth-valid/audio/bass_synthetic_134-084-025.wav,914,bass_synthetic_134,0,bass,2,synthetic,84,25,16000,fast_decay|percussive|reverb
46.598892,4.624641,string_acoustic_014-060-050,string_acoustic_014-060-050,/root/autodl-tmp/tokenizer-eval/data/nsynth/nsynth-valid/audio/string_acoustic_014-060-050.wav,100,string_acoustic_014,8,string,0,acoustic,60,50,16000,dark|reverb
10.319485,2.5828035,guitar_electronic_028-040-050,guitar_electronic_028-040-050,/root/autodl-tmp/tokenizer-eval/data/nsynth/nsynth-valid/audio/guitar_electronic_028-040-050.wav,510,guitar_electronic_028,3,guitar,1,electronic,40,50,16000,dark
-25.17062,24.467785,reed_acoustic_037-040-050,reed_acoustic_037-040-050,/root/autodl-tmp/tokenizer-eval/data/nsynth/nsynth-valid/audio/reed_acoustic_037-040-050.wav,387,reed_acoustic_037,7,reed,0,acoustic,40,50,16000,reverb
26.752785,48.069458,keyboard_synthetic_000-090-050,keyboard_synthetic_000-090-050,/root/autodl-tmp/tokenizer-eval/data/nsynth/nsynth-valid/audio/keyboard_synthetic_000-090-050.wav,577,keyboard_synthetic_000,4,keyboard,2,synthetic,90,50,16000,bright|distortion|fast_decay|nonlinear_env
-3.471977,-53.08617,organ_electronic_057-044-025,organ_electronic_057-044-025,/root/autodl-tmp/tokenizer-eval/data/nsynth/nsynth-valid/audio/organ_electronic_057-044-025.wav,701,organ_electronic_057,6,organ,1,electronic,44,25,16000,dark
21.600853,-37.100304,bass_synthetic_135-035-127,bass_synthetic_135-035-127,/root/autodl-tmp/tokenizer-eval/data/nsynth/nsynth-valid/audio/bass_synthetic_135-035-127.wav,927,bass_synthetic_135,0,bass,2,synthetic,35,127,16000,distortion
2.1639493,2.0920434,flute_synthetic_000-071-025,flute_synthetic_000-071-025,/root/autodl-tmp/tokenizer-eval/data/nsynth/nsynth-valid/audio/flute_synthetic_000-071-025.wav,82,flute_synthetic_000,2,flute,2,synthetic,71,25,16000,distortion
35.460003,-29.81415,bass_electronic_027-038-075,bass_electronic_027-038-075,/root/autodl-tmp/tokenizer-eval/data/nsynth/nsynth-valid/audio/bass_electronic_027-038-075.wav,880,bass_electronic_027,0,bass,1,electronic,38,75,16000,
3.5906348,12.640362,keyboard_electronic_003-078-100,keyboard_electronic_003-078-100,/root/autodl-tmp/tokenizer-eval/data/nsynth/nsynth-valid/audio/keyboard_electronic_003-078-100.wav,65,keyboard_electronic_003,4,keyboard,1,electronic,78,100,16000,
41.709816,0.18590987,mallet_acoustic_062-059-050,mallet_acoustic_062-059-050,/root/autodl-tmp/tokenizer-eval/data/nsynth/nsynth-valid/audio/mallet_acoustic_062-059-050.wav,644,mallet_acoustic_062,5,mallet,0,acoustic,59,50,16000,dark|fast_decay|multiphonic
31.102726,-28.255915,flute_synthetic_000-039-050,flute_synthetic_000-039-050,/root/autodl-tmp/tokenizer-eval/data/nsynth/nsynth-valid/audio/flute_synthetic_000-039-050.wav,82,flute_synthetic_000,2,flute,2,synthetic,39,50,16000,distortion
31.993517,49.054173,reed_acoustic_023-077-050,reed_acoustic_023-077-050,/root/autodl-tmp/tokenizer-eval/data/nsynth/nsynth-valid/audio/reed_acoustic_023-077-050.wav,224,reed_acoustic_023,7,reed,0,acoustic,77,50,16000,bright|fast_decay|multiphonic|nonlinear_env
-32.14795,45.541115,brass_acoustic_016-088-075,brass_acoustic_016-088-075,/root/autodl-tmp/tokenizer-eval/data/nsynth/nsynth-valid/audio/brass_acoustic_016-088-075.wav,128,brass_acoustic_016,1,brass,0,acoustic,88,75,16000,
19.021946,44.494225,bass_synthetic_033-093-127,bass_synthetic_033-093-127,/root/autodl-tmp/tokenizer-eval/data/nsynth/nsynth-valid/audio/bass_synthetic_033-093-127.wav,417,bass_synthetic_033,0,bass,2,synthetic,93,127,16000,
47.898323,21.069218,mallet_acoustic_056-086-025,mallet_acoustic_056-086-025,/root/autodl-tmp/tokenizer-eval/data/nsynth/nsynth-valid/audio/mallet_acoustic_056-086-025.wav,590,mallet_acoustic_056,5,mallet,0,acoustic,86,25,16000,fast_decay
-17.321468,-51.48348,guitar_acoustic_010-092-050,guitar_acoustic_010-092-050,/root/autodl-tmp/tokenizer-eval/data/nsynth/nsynth-valid/audio/guitar_acoustic_010-092-050.wav,219,guitar_acoustic_010,3,guitar,0,acoustic,92,50,16000,
-0.40549254,-24.655064,reed_acoustic_037-069-050,reed_acoustic_037-069-050,/root/autodl-tmp/tokenizer-eval/data/nsynth/nsynth-valid/audio/reed_acoustic_037-069-050.wav,387,reed_acoustic_037,7,reed,0,acoustic,69,50,16000,reverb
-15.798121,17.132448,reed_acoustic_018-084-100,reed_acoustic_018-084-100,/root/autodl-tmp/tokenizer-eval/data/nsynth/nsynth-valid/audio/reed_acoustic_018-084-100.wav,183,reed_acoustic_018,7,reed,0,acoustic,84,100,16000,
49.934647,9.478645,keyboard_acoustic_004-077-050,keyboard_acoustic_004-077-050,/root/autodl-tmp/tokenizer-eval/data/nsynth/nsynth-valid/audio/keyboard_acoustic_004-077-050.wav,327,keyboard_acoustic_004,4,keyboard,0,acoustic,77,50,16000,dark|reverb
-14.950915,-44.891056,brass_acoustic_059-044-025,brass_acoustic_059-044-025,/root/autodl-tmp/tokenizer-eval/data/nsynth/nsynth-valid/audio/brass_acoustic_059-044-025.wav,572,brass_acoustic_059,1,brass,0,acoustic,44,25,16000,dark|reverb
-18.523043,37.929115,flute_acoustic_002-088-025,flute_acoustic_002-088-025,/root/autodl-tmp/tokenizer-eval/data/nsynth/nsynth-valid/audio/flute_acoustic_002-088-025.wav,86,flute_acoustic_002,2,flute,0,acoustic,88,25,16000,reverb
-17.95247,10.815453,brass_acoustic_006-060-050,brass_acoustic_006-060-050,/root/autodl-tmp/tokenizer-eval/data/nsynth/nsynth-valid/audio/brass_acoustic_006-060-050.wav,43,brass_acoustic_006,1,brass,0,acoustic,60,50,16000,reverb
-38.835243,-9.708913,organ_electronic_057-082-127,organ_electronic_057-082-127,/root/autodl-tmp/tokenizer-eval/data/nsynth/nsynth-valid/audio/organ_electronic_057-082-127.wav,701,organ_electronic_057,6,organ,1,electronic,82,127,16000,
-12.392818,-13.980512,keyboard_electronic_078-038-100,keyboard_electronic_078-038-100,/root/autodl-tmp/tokenizer-eval/data/nsynth/nsynth-valid/audio/keyboard_electronic_078-038-100.wav,838,keyboard_electronic_078,4,keyboard,1,electronic,38,100,16000,bright
42.728836,8.714685,mallet_acoustic_062-052-025,mallet_acoustic_062-052-025,/root/autodl-tmp/tokenizer-eval/data/nsynth/nsynth-valid/audio/mallet_acoustic_062-052-025.wav,644,mallet_acoustic_062,5,mallet,0,acoustic,52,25,16000,dark|fast_decay|multiphonic
-3.069817,-58.992565,bass_synthetic_009-031-075,bass_synthetic_009-031-075,/root/autodl-tmp/tokenizer-eval/data/nsynth/nsynth-valid/audio/bass_synthetic_009-031-075.wav,150,bass_synthetic_009,0,bass,2,synthetic,31,75,16000,bright|distortion|long_release
-21.991266,-19.2642,reed_acoustic_037-034-100,reed_acoustic_037-034-100,/root/autodl-tmp/tokenizer-eval/data/nsynth/nsynth-valid/audio/reed_acoustic_037-034-100.wav,387,reed_acoustic_037,7,reed,0,acoustic,34,100,16000,reverb
3.8103147,-38.178337,flute_synthetic_000-055-127,flute_synthetic_000-055-127,/root/autodl-tmp/tokenizer-eval/data/nsynth/nsynth-valid/audio/flute_synthetic_000-055-127.wav,82,flute_synthetic_000,2,flute,2,synthetic,55,127,16000,distortion
20.066189,44.588074,mallet_acoustic_062-093-100,mallet_acoustic_062-093-100,/root/autodl-tmp/tokenizer-eval/data/nsynth/nsynth-valid/audio/mallet_acoustic_062-093-100.wav,644,mallet_acoustic_062,5,mallet,0,acoustic,93,100,16000,multiphonic
39.12925,5.150597,bass_electronic_018-063-100,bass_electronic_018-063-100,/root/autodl-tmp/tokenizer-eval/data/nsynth/nsynth-valid/audio/bass_electronic_018-063-100.wav,759,bass_electronic_018,0,bass,1,electronic,63,100,16000,fast_decay
15.542277,18.934061,keyboard_electronic_098-084-075,keyboard_electronic_098-084-075,/root/autodl-tmp/tokenizer-eval/data/nsynth/nsynth-valid/audio/keyboard_electronic_098-084-075.wav,905,keyboard_electronic_098,4,keyboard,1,electronic,84,75,16000,fast_decay
-17.688675,18.836082,brass_acoustic_006-084-025,brass_acoustic_006-084-025,/root/autodl-tmp/tokenizer-eval/data/nsynth/nsynth-valid/audio/brass_acoustic_006-084-025.wav,43,brass_acoustic_006,1,brass,0,acoustic,84,25,16000,reverb
53.19365,28.961166,mallet_acoustic_062-092-050,mallet_acoustic_062-092-050,/root/autodl-tmp/tokenizer-eval/data/nsynth/nsynth-valid/audio/mallet_acoustic_062-092-050.wav,644,mallet_acoustic_062,5,mallet,0,acoustic,92,50,16000,fast_decay|multiphonic
5.362997,28.513834,bass_synthetic_033-077-127,bass_synthetic_033-077-127,/root/autodl-tmp/tokenizer-eval/data/nsynth/nsynth-valid/audio/bass_synthetic_033-077-127.wav,417,bass_synthetic_033,0,bass,2,synthetic,77,127,16000,
-28.025803,36.449665,vocal_synthetic_003-076-050,vocal_synthetic_003-076-050,/root/autodl-tmp/tokenizer-eval/data/nsynth/nsynth-valid/audio/vocal_synthetic_003-076-050.wav,37,vocal_synthetic_003,10,vocal,2,synthetic,76,50,16000,bright|distortion|long_release|nonlinear_env
-15.8878975,-52.164616,reed_acoustic_018-080-050,reed_acoustic_018-080-050,/root/autodl-tmp/tokenizer-eval/data/nsynth/nsynth-valid/audio/reed_acoustic_018-080-050.wav,183,reed_acoustic_018,7,reed,0,acoustic,80,50,16000,
26.015694,41.54159,reed_acoustic_023-073-025,reed_acoustic_023-073-025,/root/autodl-tmp/tokenizer-eval/data/nsynth/nsynth-valid/audio/reed_acoustic_023-073-025.wav,224,reed_acoustic_023,7,reed,0,acoustic,73,25,16000,bright|fast_decay|multiphonic|nonlinear_env
-40.792873,13.013532,vocal_synthetic_003-089-075,vocal_synthetic_003-089-075,/root/autodl-tmp/tokenizer-eval/data/nsynth/nsynth-valid/audio/vocal_synthetic_003-089-075.wav,37,vocal_synthetic_003,10,vocal,2,synthetic,89,75,16000,long_release|nonlinear_env
39.117477,-4.6183596,bass_electronic_018-046-127,bass_electronic_018-046-127,/root/autodl-tmp/tokenizer-eval/data/nsynth/nsynth-valid/audio/bass_electronic_018-046-127.wav,759,bass_electronic_018,0,bass,1,electronic,46,127,16000,
-11.596497,-49.127422,guitar_electronic_022-080-025,guitar_electronic_022-080-025,/root/autodl-tmp/tokenizer-eval/data/nsynth/nsynth-valid/audio/guitar_electronic_022-080-025.wav,378,guitar_electronic_022,3,guitar,1,electronic,80,25,16000,
-1.7913339,-23.744204,flute_acoustic_002-069-100,flute_acoustic_002-069-100,/root/autodl-tmp/tokenizer-eval/data/nsynth/nsynth-valid/audio/flute_acoustic_002-069-100.wav,86,flute_acoustic_002,2,flute,0,acoustic,69,100,16000,long_release|reverb
-8.663187,-0.10692429,string_acoustic_057-086-050,string_acoustic_057-086-050,/root/autodl-tmp/tokenizer-eval/data/nsynth/nsynth-valid/audio/string_acoustic_057-086-050.wav,450,string_acoustic_057,8,string,0,acoustic,86,50,16000,bright|nonlinear_env|reverb
50.069313,23.496479,string_acoustic_056-072-127,string_acoustic_056-072-127,/root/autodl-tmp/tokenizer-eval/data/nsynth/nsynth-valid/audio/string_acoustic_056-072-127.wav,436,string_acoustic_056,8,string,0,acoustic,72,127,16000,fast_decay|percussive|reverb
35.419613,51.72827,reed_acoustic_023-091-050,reed_acoustic_023-091-050,/root/autodl-tmp/tokenizer-eval/data/nsynth/nsynth-valid/audio/reed_acoustic_023-091-050.wav,224,reed_acoustic_023,7,reed,0,acoustic,91,50,16000,fast_decay|multiphonic|nonlinear_env
15.563258,-17.747915,bass_synthetic_098-084-127,bass_synthetic_098-084-127,/root/autodl-tmp/tokenizer-eval/data/nsynth/nsynth-valid/audio/bass_synthetic_098-084-127.wav,803,bass_synthetic_098,0,bass,2,synthetic,84,127,16000,
-8.99374,-0.89409184,brass_acoustic_006-086-100,brass_acoustic_006-086-100,/root/autodl-tmp/tokenizer-eval/data/nsynth/nsynth-valid/audio/brass_acoustic_006-086-100.wav,43,brass_acoustic_006,1,brass,0,acoustic,86,100,16000,reverb
-27.26172,30.880287,organ_electronic_104-076-127,organ_electronic_104-076-127,/root/autodl-tmp/tokenizer-eval/data/nsynth/nsynth-valid/audio/organ_electronic_104-076-127.wav,921,organ_electronic_104,6,organ,1,electronic,76,127,16000,
10.603596,25.302174,keyboard_electronic_001-053-100,keyboard_electronic_001-053-100,/root/autodl-tmp/tokenizer-eval/data/nsynth/nsynth-valid/audio/keyboard_electronic_001-053-100.wav,40,keyboard_electronic_001,4,keyboard,1,electronic,53,100,16000,
-36.15059,38.74124,string_acoustic_057-090-075,string_acoustic_057-090-075,/root/autodl-tmp/tokenizer-eval/data/nsynth/nsynth-valid/audio/string_acoustic_057-090-075.wav,450,string_acoustic_057,8,string,0,acoustic,90,75,16000,nonlinear_env|reverb
-34.456337,14.342218,vocal_synthetic_003-072-100,vocal_synthetic_003-072-100,/root/autodl-tmp/tokenizer-eval/data/nsynth/nsynth-valid/audio/vocal_synthetic_003-072-100.wav,37,vocal_synthetic_003,10,vocal,2,synthetic,72,100,16000,bright|distortion|long_release|nonlinear_env
35.396175,46.034855,reed_acoustic_023-088-025,reed_acoustic_023-088-025,/root/autodl-tmp/tokenizer-eval/data/nsynth/nsynth-valid/audio/reed_acoustic_023-088-025.wav,224,reed_acoustic_023,7,reed,0,acoustic,88,25,16000,fast_decay|multiphonic|nonlinear_env
50.26607,20.982765,guitar_acoustic_015-086-025,guitar_acoustic_015-086-025,/root/autodl-tmp/tokenizer-eval/data/nsynth/nsynth-valid/audio/guitar_acoustic_015-086-025.wav,316,guitar_acoustic_015,3,guitar,0,acoustic,86,25,16000,fast_decay|percussive|reverb
47.521645,9.007401,string_acoustic_056-041-075,string_acoustic_056-041-075,/root/autodl-tmp/tokenizer-eval/data/nsynth/nsynth-valid/audio/string_acoustic_056-041-075.wav,436,string_acoustic_056,8,string,0,acoustic,41,75,16000,fast_decay|percussive|reverb
-22.912758,32.516975,vocal_synthetic_003-052-025,vocal_synthetic_003-052-025,/root/autodl-tmp/tokenizer-eval/data/nsynth/nsynth-valid/audio/vocal_synthetic_003-052-025.wav,37,vocal_synthetic_003,10,vocal,2,synthetic,52,25,16000,distortion|long_release|nonlinear_env
4.3830047,36.178883,organ_electronic_001-077-127,organ_electronic_001-077-127,/root/autodl-tmp/tokenizer-eval/data/nsynth/nsynth-valid/audio/organ_electronic_001-077-127.wav,8,organ_electronic_001,6,organ,1,electronic,77,127,16000,
-43.86541,23.335842,vocal_synthetic_003-078-050,vocal_synthetic_003-078-050,/root/autodl-tmp/tokenizer-eval/data/nsynth/nsynth-valid/audio/vocal_synthetic_003-078-050.wav,37,vocal_synthetic_003,10,vocal,2,synthetic,78,50,16000,bright|distortion|long_release|nonlinear_env
-18.596138,-0.07772201,keyboard_electronic_098-055-100,keyboard_electronic_098-055-100,/root/autodl-tmp/tokenizer-eval/data/nsynth/nsynth-valid/audio/keyboard_electronic_098-055-100.wav,905,keyboard_electronic_098,4,keyboard,1,electronic,55,100,16000,dark
40.38276,13.743315,guitar_acoustic_015-076-100,guitar_acoustic_015-076-100,/root/autodl-tmp/tokenizer-eval/data/nsynth/nsynth-valid/audio/guitar_acoustic_015-076-100.wav,316,guitar_acoustic_015,3,guitar,0,acoustic,76,100,16000,fast_decay|reverb
-16.568552,-29.359125,mallet_acoustic_062-073-127,mallet_acoustic_062-073-127,/root/autodl-tmp/tokenizer-eval/data/nsynth/nsynth-valid/audio/mallet_acoustic_062-073-127.wav,644,mallet_acoustic_062,5,mallet,0,acoustic,73,127,16000,dark|multiphonic
-46.912674,-42.524323,reed_acoustic_037-063-025,reed_acoustic_037-063-025,/root/autodl-tmp/tokenizer-eval/data/nsynth/nsynth-valid/audio/reed_acoustic_037-063-025.wav,387,reed_acoustic_037,7,reed,0,acoustic,63,25,16000,reverb
-42.41154,-33.713722,vocal_acoustic_000-051-075,vocal_acoustic_000-051-075,/root/autodl-tmp/tokenizer-eval/data/nsynth/nsynth-valid/audio/vocal_acoustic_000-051-075.wav,46,vocal_acoustic_000,10,vocal,0,acoustic,51,75,16000,reverb
-25.9986,-11.11102,brass_acoustic_006-052-075,brass_acoustic_006-052-075,/root/autodl-tmp/tokenizer-eval/data/nsynth/nsynth-valid/audio/brass_acoustic_006-052-075.wav,43,brass_acoustic_006,1,brass,0,acoustic,52,75,16000,reverb
-6.928013,-5.5116787,flute_synthetic_000-074-075,flute_synthetic_000-074-075,/root/autodl-tmp/tokenizer-eval/data/nsynth/nsynth-valid/audio/flute_synthetic_000-074-075.wav,82,flute_synthetic_000,2,flute,2,synthetic,74,75,16000,distortion
-19.500526,36.183693,reed_acoustic_011-076-025,reed_acoustic_011-076-025,/root/autodl-tmp/tokenizer-eval/data/nsynth/nsynth-valid/audio/reed_acoustic_011-076-025.wav,104,reed_acoustic_011,7,reed,0,acoustic,76,25,16000,
-27.85219,36.190758,vocal_synthetic_003-076-025,vocal_synthetic_003-076-025,/root/autodl-tmp/tokenizer-eval/data/nsynth/nsynth-valid/audio/vocal_synthetic_003-076-025.wav,37,vocal_synthetic_003,10,vocal,2,synthetic,76,25,16000,bright|distortion|long_release|nonlinear_env
-16.35879,15.358622,organ_electronic_028-072-127,organ_electronic_028-072-127,/root/autodl-tmp/tokenizer-eval/data/nsynth/nsynth-valid/audio/organ_electronic_028-072-127.wav,440,organ_electronic_028,6,organ,1,electronic,72,127,16000,dark
42.063038,39.440098,reed_acoustic_023-094-127,reed_acoustic_023-094-127,/root/autodl-tmp/tokenizer-eval/data/nsynth/nsynth-valid/audio/reed_acoustic_023-094-127.wav,224,reed_acoustic_023,7,reed,0,acoustic,94,127,16000,fast_decay|multiphonic|nonlinear_env
-16.220512,12.476866,string_acoustic_057-072-075,string_acoustic_057-072-075,/root/autodl-tmp/tokenizer-eval/data/nsynth/nsynth-valid/audio/string_acoustic_057-072-075.wav,450,string_acoustic_057,8,string,0,acoustic,72,75,16000,bright|nonlinear_env|reverb
40.667965,22.804886,mallet_acoustic_062-079-025,mallet_acoustic_062-079-025,/root/autodl-tmp/tokenizer-eval/data/nsynth/nsynth-valid/audio/mallet_acoustic_062-079-025.wav,644,mallet_acoustic_062,5,mallet,0,acoustic,79,25,16000,fast_decay|multiphonic|percussive
14.571549,-19.015102,bass_synthetic_098-076-127,bass_synthetic_098-076-127,/root/autodl-tmp/tokenizer-eval/data/nsynth/nsynth-valid/audio/bass_synthetic_098-076-127.wav,803,bass_synthetic_098,0,bass,2,synthetic,76,127,16000,
-16.215918,-56.44827,organ_electronic_028-080-127,organ_electronic_028-080-127,/root/autodl-tmp/tokenizer-eval/data/nsynth/nsynth-valid/audio/organ_electronic_028-080-127.wav,440,organ_electronic_028,6,organ,1,electronic,80,127,16000,
-18.458298,17.524084,string_acoustic_057-084-025,string_acoustic_057-084-025,/root/autodl-tmp/tokenizer-eval/data/nsynth/nsynth-valid/audio/string_acoustic_057-084-025.wav,450,string_acoustic_057,8,string,0,acoustic,84,25,16000,bright|nonlinear_env|reverb
-44.32999,-40.82809,organ_electronic_113-075-075,organ_electronic_113-075-075,/root/autodl-tmp/tokenizer-eval/data/nsynth/nsynth-valid/audio/organ_electronic_113-075-075.wav,958,organ_electronic_113,6,organ,1,electronic,75,75,16000,
-20.78456,49.669136,string_acoustic_057-093-127,string_acoustic_057-093-127,/root/autodl-tmp/tokenizer-eval/data/nsynth/nsynth-valid/audio/string_acoustic_057-093-127.wav,450,string_acoustic_057,8,string,0,acoustic,93,127,16000,nonlinear_env|reverb
16.928362,-18.839636,bass_synthetic_098-093-100,bass_synthetic_098-093-100,/root/autodl-tmp/tokenizer-eval/data/nsynth/nsynth-valid/audio/bass_synthetic_098-093-100.wav,803,bass_synthetic_098,0,bass,2,synthetic,93,100,16000,
49.25956,24.291471,guitar_acoustic_015-084-025,guitar_acoustic_015-084-025,/root/autodl-tmp/tokenizer-eval/data/nsynth/nsynth-valid/audio/guitar_acoustic_015-084-025.wav,316,guitar_acoustic_015,3,guitar,0,acoustic,84,25,16000,fast_decay|percussive|reverb
-27.403875,6.606095,flute_acoustic_002-091-025,flute_acoustic_002-091-025,/root/autodl-tmp/tokenizer-eval/data/nsynth/nsynth-valid/audio/flute_acoustic_002-091-025.wav,86,flute_acoustic_002,2,flute,0,acoustic,91,25,16000,long_release|reverb
-43.45416,-15.100744,brass_acoustic_046-058-050,brass_acoustic_046-058-050,/root/autodl-tmp/tokenizer-eval/data/nsynth/nsynth-valid/audio/brass_acoustic_046-058-050.wav,414,brass_acoustic_046,1,brass,0,acoustic,58,50,16000,
34.89552,39.299675,reed_acoustic_023-052-050,reed_acoustic_023-052-050,/root/autodl-tmp/tokenizer-eval/data/nsynth/nsynth-valid/audio/reed_acoustic_023-052-050.wav,224,reed_acoustic_023,7,reed,0,acoustic,52,50,16000,bright|fast_decay|multiphonic|nonlinear_env
15.724872,-20.903225,bass_synthetic_098-065-025,bass_synthetic_098-065-025,/root/autodl-tmp/tokenizer-eval/data/nsynth/nsynth-valid/audio/bass_synthetic_098-065-025.wav,803,bass_synthetic_098,0,bass,2,synthetic,65,25,16000,
-46.313854,21.303602,vocal_synthetic_003-090-127,vocal_synthetic_003-090-127,/root/autodl-tmp/tokenizer-eval/data/nsynth/nsynth-valid/audio/vocal_synthetic_003-090-127.wav,37,vocal_synthetic_003,10,vocal,2,synthetic,90,127,16000,bright|distortion|long_release|nonlinear_env
-11.997968,-31.780798,string_acoustic_071-049-127,string_acoustic_071-049-127,/root/autodl-tmp/tokenizer-eval/data/nsynth/nsynth-valid/audio/string_acoustic_071-049-127.wav,609,string_acoustic_071,8,string,0,acoustic,49,127,16000,long_release|reverb
5.549508,10.408929,brass_acoustic_015-054-025,brass_acoustic_015-054-025,/root/autodl-tmp/tokenizer-eval/data/nsynth/nsynth-valid/audio/brass_acoustic_015-054-025.wav,121,brass_acoustic_015,1,brass,0,acoustic,54,25,16000,reverb
38.886055,-22.161629,mallet_acoustic_062-050-100,mallet_acoustic_062-050-100,/root/autodl-tmp/tokenizer-eval/data/nsynth/nsynth-valid/audio/mallet_acoustic_062-050-100.wav,644,mallet_acoustic_062,5,mallet,0,acoustic,50,100,16000,dark|multiphonic
25.947683,1.5689931,guitar_acoustic_015-068-050,guitar_acoustic_015-068-050,/root/autodl-tmp/tokenizer-eval/data/nsynth/nsynth-valid/audio/guitar_acoustic_015-068-050.wav,316,guitar_acoustic_015,3,guitar,0,acoustic,68,50,16000,reverb
-24.286737,-33.83151,brass_acoustic_046-073-127,brass_acoustic_046-073-127,/root/autodl-tmp/tokenizer-eval/data/nsynth/nsynth-valid/audio/brass_acoustic_046-073-127.wav,414,brass_acoustic_046,1,brass,0,acoustic,73,127,16000,bright
50.62576,11.3597355,bass_synthetic_134-087-050,bass_synthetic_134-087-050,/root/autodl-tmp/tokenizer-eval/data/nsynth/nsynth-valid/audio/bass_synthetic_134-087-050.wav,914,bass_synthetic_134,0,bass,2,synthetic,87,50,16000,fast_decay|percussive|reverb
16.254503,4.237547,mallet_acoustic_062-070-100,mallet_acoustic_062-070-100,/root/autodl-tmp/tokenizer-eval/data/nsynth/nsynth-valid/audio/mallet_acoustic_062-070-100.wav,644,mallet_acoustic_062,5,mallet,0,acoustic,70,100,16000,dark|multiphonic
10.954295,10.260323,keyboard_electronic_001-048-100,keyboard_electronic_001-048-100,/root/autodl-tmp/tokenizer-eval/data/nsynth/nsynth-valid/audio/keyboard_electronic_001-048-100.wav,40,keyboard_electronic_001,4,keyboard,1,electronic,48,100,16000,
-2.9780629,11.745093,organ_electronic_057-066-100,organ_electronic_057-066-100,/root/autodl-tmp/tokenizer-eval/data/nsynth/nsynth-valid/audio/organ_electronic_057-066-100.wav,701,organ_electronic_057,6,organ,1,electronic,66,100,16000,
34.69641,0.28127572,bass_electronic_025-049-127,bass_electronic_025-049-127,/root/autodl-tmp/tokenizer-eval/data/nsynth/nsynth-valid/audio/bass_electronic_025-049-127.wav,872,bass_electronic_025,0,bass,1,electronic,49,127,16000,
35.923138,18.38287,string_acoustic_056-070-127,string_acoustic_056-070-127,/root/autodl-tmp/tokenizer-eval/data/nsynth/nsynth-valid/audio/string_acoustic_056-070-127.wav,436,string_acoustic_056,8,string,0,acoustic,70,127,16000,fast_decay|percussive|reverb
31.971983,5.7490735,keyboard_electronic_001-085-127,keyboard_electronic_001-085-127,/root/autodl-tmp/tokenizer-eval/data/nsynth/nsynth-valid/audio/keyboard_electronic_001-085-127.wav,40,keyboard_electronic_001,4,keyboard,1,electronic,85,127,16000,percussive
19.718948,-0.52317333,keyboard_electronic_078-056-100,keyboard_electronic_078-056-100,/root/autodl-tmp/tokenizer-eval/data/nsynth/nsynth-valid/audio/keyboard_electronic_078-056-100.wav,838,keyboard_electronic_078,4,keyboard,1,electronic,56,100,16000,bright
-24.259481,7.3158927,guitar_acoustic_010-091-050,guitar_acoustic_010-091-050,/root/autodl-tmp/tokenizer-eval/data/nsynth/nsynth-valid/audio/guitar_acoustic_010-091-050.wav,219,guitar_acoustic_010,3,guitar,0,acoustic,91,50,16000,
52.450867,33.249783,mallet_acoustic_047-077-025,mallet_acoustic_047-077-025,/root/autodl-tmp/tokenizer-eval/data/nsynth/nsynth-valid/audio/mallet_acoustic_047-077-025.wav,488,mallet_acoustic_047,5,mallet,0,acoustic,77,25,16000,fast_decay|percussive|reverb
7.635899,-1.4084877,guitar_acoustic_015-047-127,guitar_acoustic_015-047-127,/root/autodl-tmp/tokenizer-eval/data/nsynth/nsynth-valid/audio/guitar_acoustic_015-047-127.wav,316,guitar_acoustic_015,3,guitar,0,acoustic,47,127,16000,reverb
-15.53398,34.64,flute_synthetic_000-088-050,flute_synthetic_000-088-050,/root/autodl-tmp/tokenizer-eval/data/nsynth/nsynth-valid/audio/flute_synthetic_000-088-050.wav,82,flute_synthetic_000,2,flute,2,synthetic,88,50,16000,distortion
-18.587023,-15.907594,brass_acoustic_006-034-050,brass_acoustic_006-034-050,/root/autodl-tmp/tokenizer-eval/data/nsynth/nsynth-valid/audio/brass_acoustic_006-034-050.wav,43,brass_acoustic_006,1,brass,0,acoustic,34,50,16000,reverb
6.6834035,32.91054,guitar_acoustic_014-065-050,guitar_acoustic_014-065-050,/root/autodl-tmp/tokenizer-eval/data/nsynth/nsynth-valid/audio/guitar_acoustic_014-065-050.wav,263,guitar_acoustic_014,3,guitar,0,acoustic,65,50,16000,
19.079798,9.67015,brass_acoustic_015-050-025,brass_acoustic_015-050-025,/root/autodl-tmp/tokenizer-eval/data/nsynth/nsynth-valid/audio/brass_acoustic_015-050-025.wav,121,brass_acoustic_015,1,brass,0,acoustic,50,25,16000,reverb
-35.69438,44.101265,brass_acoustic_016-073-100,brass_acoustic_016-073-100,/root/autodl-tmp/tokenizer-eval/data/nsynth/nsynth-valid/audio/brass_acoustic_016-073-100.wav,128,brass_acoustic_016,1,brass,0,acoustic,73,100,16000,bright
-7.484412,-52.600716,guitar_acoustic_014-056-050,guitar_acoustic_014-056-050,/root/autodl-tmp/tokenizer-eval/data/nsynth/nsynth-valid/audio/guitar_acoustic_014-056-050.wav,263,guitar_acoustic_014,3,guitar,0,acoustic,56,50,16000,
6.012296,-12.357142,guitar_acoustic_014-060-025,guitar_acoustic_014-060-025,/root/autodl-tmp/tokenizer-eval/data/nsynth/nsynth-valid/audio/guitar_acoustic_014-060-025.wav,263,guitar_acoustic_014,3,guitar,0,acoustic,60,25,16000,
-46.432068,-6.9912024,vocal_synthetic_003-082-050,vocal_synthetic_003-082-050,/root/autodl-tmp/tokenizer-eval/data/nsynth/nsynth-valid/audio/vocal_synthetic_003-082-050.wav,37,vocal_synthetic_003,10,vocal,2,synthetic,82,50,16000,bright|distortion|long_release|nonlinear_env
-8.779263,0.098188505,string_acoustic_057-086-025,string_acoustic_057-086-025,/root/autodl-tmp/tokenizer-eval/data/nsynth/nsynth-valid/audio/string_acoustic_057-086-025.wav,450,string_acoustic_057,8,string,0,acoustic,86,25,16000,bright|nonlinear_env|reverb
-25.374884,6.1150045,brass_acoustic_046-079-025,brass_acoustic_046-079-025,/root/autodl-tmp/tokenizer-eval/data/nsynth/nsynth-valid/audio/brass_acoustic_046-079-025.wav,414,brass_acoustic_046,1,brass,0,acoustic,79,25,16000,
-11.491336,-27.952873,bass_synthetic_135-061-075,bass_synthetic_135-061-075,/root/autodl-tmp/tokenizer-eval/data/nsynth/nsynth-valid/audio/bass_synthetic_135-061-075.wav,927,bass_synthetic_135,0,bass,2,synthetic,61,75,16000,distortion
-38.71295,-15.0117235,flute_synthetic_000-082-127,flute_synthetic_000-082-127,/root/autodl-tmp/tokenizer-eval/data/nsynth/nsynth-valid/audio/flute_synthetic_000-082-127.wav,82,flute_synthetic_000,2,flute,2,synthetic,82,127,16000,distortion
-0.22764759,38.69522,vocal_synthetic_003-065-025,vocal_synthetic_003-065-025,/root/autodl-tmp/tokenizer-eval/data/nsynth/nsynth-valid/audio/vocal_synthetic_003-065-025.wav,37,vocal_synthetic_003,10,vocal,2,synthetic,65,25,16000,bright|distortion|long_release|nonlinear_env
-13.573293,-13.973304,brass_acoustic_059-038-075,brass_acoustic_059-038-075,/root/autodl-tmp/tokenizer-eval/data/nsynth/nsynth-valid/audio/brass_acoustic_059-038-075.wav,572,brass_acoustic_059,1,brass,0,acoustic,38,75,16000,bright|reverb
48.40213,-15.0424185,keyboard_acoustic_004-044-075,keyboard_acoustic_004-044-075,/root/autodl-tmp/tokenizer-eval/data/nsynth/nsynth-valid/audio/keyboard_acoustic_004-044-075.wav,327,keyboard_acoustic_004,4,keyboard,0,acoustic,44,75,16000,reverb
-34.10947,-19.728058,brass_acoustic_059-058-075,brass_acoustic_059-058-075,/root/autodl-tmp/tokenizer-eval/data/nsynth/nsynth-valid/audio/brass_acoustic_059-058-075.wav,572,brass_acoustic_059,1,brass,0,acoustic,58,75,16000,reverb
9.225153,-10.520147,mallet_acoustic_062-060-100,mallet_acoustic_062-060-100,/root/autodl-tmp/tokenizer-eval/data/nsynth/nsynth-valid/audio/mallet_acoustic_062-060-100.wav,644,mallet_acoustic_062,5,mallet,0,acoustic,60,100,16000,dark|multiphonic
47.46766,-13.389604,mallet_acoustic_062-044-075,mallet_acoustic_062-044-075,/root/autodl-tmp/tokenizer-eval/data/nsynth/nsynth-valid/audio/mallet_acoustic_062-044-075.wav,644,mallet_acoustic_062,5,mallet,0,acoustic,44,75,16000,dark|multiphonic
-13.295131,-51.893776,vocal_acoustic_000-056-075,vocal_acoustic_000-056-075,/root/autodl-tmp/tokenizer-eval/data/nsynth/nsynth-valid/audio/vocal_acoustic_000-056-075.wav,46,vocal_acoustic_000,10,vocal,0,acoustic,56,75,16000,reverb
51.115685,12.178626,bass_synthetic_134-091-100,bass_synthetic_134-091-100,/root/autodl-tmp/tokenizer-eval/data/nsynth/nsynth-valid/audio/bass_synthetic_134-091-100.wav,914,bass_synthetic_134,0,bass,2,synthetic,91,100,16000,fast_decay|percussive|reverb
11.450554,17.923334,guitar_electronic_028-072-100,guitar_electronic_028-072-100,/root/autodl-tmp/tokenizer-eval/data/nsynth/nsynth-valid/audio/guitar_electronic_028-072-100.wav,510,guitar_electronic_028,3,guitar,1,electronic,72,100,16000,
5.114406,35.404686,organ_electronic_057-065-100,organ_electronic_057-065-100,/root/autodl-tmp/tokenizer-eval/data/nsynth/nsynth-valid/audio/organ_electronic_057-065-100.wav,701,organ_electronic_057,6,organ,1,electronic,65,100,16000,
32.04882,51.64413,keyboard_synthetic_000-089-100,keyboard_synthetic_000-089-100,/root/autodl-tmp/tokenizer-eval/data/nsynth/nsynth-valid/audio/keyboard_synthetic_000-089-100.wav,577,keyboard_synthetic_000,4,keyboard,2,synthetic,89,100,16000,bright|distortion|fast_decay|nonlinear_env
-20.369297,32.12375,organ_electronic_007-052-127,organ_electronic_007-052-127,/root/autodl-tmp/tokenizer-eval/data/nsynth/nsynth-valid/audio/organ_electronic_007-052-127.wav,123,organ_electronic_007,6,organ,1,electronic,52,127,16000,distortion|long_release|nonlinear_env
39.97867,46.719807,reed_acoustic_023-092-075,reed_acoustic_023-092-075,/root/autodl-tmp/tokenizer-eval/data/nsynth/nsynth-valid/audio/reed_acoustic_023-092-075.wav,224,reed_acoustic_023,7,reed,0,acoustic,92,75,16000,fast_decay|multiphonic|nonlinear_env
39.59426,3.5037696,mallet_acoustic_062-051-050,mallet_acoustic_062-051-050,/root/autodl-tmp/tokenizer-eval/data/nsynth/nsynth-valid/audio/mallet_acoustic_062-051-050.wav,644,mallet_acoustic_062,5,mallet,0,acoustic,51,50,16000,dark|multiphonic
38.42352,15.760603,keyboard_acoustic_004-088-050,keyboard_acoustic_004-088-050,/root/autodl-tmp/tokenizer-eval/data/nsynth/nsynth-valid/audio/keyboard_acoustic_004-088-050.wav,327,keyboard_acoustic_004,4,keyboard,0,acoustic,88,50,16000,dark|reverb
17.280464,-4.8682666,guitar_acoustic_021-063-025,guitar_acoustic_021-063-025,/root/autodl-tmp/tokenizer-eval/data/nsynth/nsynth-valid/audio/guitar_acoustic_021-063-025.wav,457,guitar_acoustic_021,3,guitar,0,acoustic,63,25,16000,
13.361702,-22.831244,bass_synthetic_033-082-025,bass_synthetic_033-082-025,/root/autodl-tmp/tokenizer-eval/data/nsynth/nsynth-valid/audio/bass_synthetic_033-082-025.wav,417,bass_synthetic_033,0,bass,2,synthetic,82,25,16000,
-2.656759,-38.728725,string_acoustic_080-055-075,string_acoustic_080-055-075,/root/autodl-tmp/tokenizer-eval/data/nsynth/nsynth-valid/audio/string_acoustic_080-055-075.wav,675,string_acoustic_080,8,string,0,acoustic,55,75,16000,long_release|reverb
0.46863195,9.168784,guitar_electronic_022-054-075,guitar_electronic_022-054-075,/root/autodl-tmp/tokenizer-eval/data/nsynth/nsynth-valid/audio/guitar_electronic_022-054-075.wav,378,guitar_electronic_022,3,guitar,1,electronic,54,75,16000,dark
18.118689,-41.85314,flute_synthetic_000-034-050,flute_synthetic_000-034-050,/root/autodl-tmp/tokenizer-eval/data/nsynth/nsynth-valid/audio/flute_synthetic_000-034-050.wav,82,flute_synthetic_000,2,flute,2,synthetic,34,50,16000,distortion
14.666242,4.5905957,keyboard_electronic_098-058-127,keyboard_electronic_098-058-127,/root/autodl-tmp/tokenizer-eval/data/nsynth/nsynth-valid/audio/keyboard_electronic_098-058-127.wav,905,keyboard_electronic_098,4,keyboard,1,electronic,58,127,16000,
-13.120707,33.257122,bass_synthetic_135-088-100,bass_synthetic_135-088-100,/root/autodl-tmp/tokenizer-eval/data/nsynth/nsynth-valid/audio/bass_synthetic_135-088-100.wav,927,bass_synthetic_135,0,bass,2,synthetic,88,100,16000,distortion
-46.4249,-7.25524,vocal_synthetic_003-082-100,vocal_synthetic_003-082-100,/root/autodl-tmp/tokenizer-eval/data/nsynth/nsynth-valid/audio/vocal_synthetic_003-082-100.wav,37,vocal_synthetic_003,10,vocal,2,synthetic,82,100,16000,bright|distortion|long_release|nonlinear_env
-0.107457474,-52.04583,string_acoustic_071-044-025,string_acoustic_071-044-025,/root/autodl-tmp/tokenizer-eval/data/nsynth/nsynth-valid/audio/string_acoustic_071-044-025.wav,609,string_acoustic_071,8,string,0,acoustic,44,25,16000,long_release|reverb
44.253395,-3.0340564,string_acoustic_014-047-025,string_acoustic_014-047-025,/root/autodl-tmp/tokenizer-eval/data/nsynth/nsynth-valid/audio/string_acoustic_014-047-025.wav,100,string_acoustic_014,8,string,0,acoustic,47,25,16000,dark|fast_decay|reverb
-19.602354,0.9041753,bass_synthetic_033-067-075,bass_synthetic_033-067-075,/root/autodl-tmp/tokenizer-eval/data/nsynth/nsynth-valid/audio/bass_synthetic_033-067-075.wav,417,bass_synthetic_033,0,bass,2,synthetic,67,75,16000,
53.83425,16.082285,mallet_acoustic_056-066-050,mallet_acoustic_056-066-050,/root/autodl-tmp/tokenizer-eval/data/nsynth/nsynth-valid/audio/mallet_acoustic_056-066-050.wav,590,mallet_acoustic_056,5,mallet,0,acoustic,66,50,16000,fast_decay|percussive
-4.5971546,-9.000825,guitar_acoustic_014-062-100,guitar_acoustic_014-062-100,/root/autodl-tmp/tokenizer-eval/data/nsynth/nsynth-valid/audio/guitar_acoustic_014-062-100.wav,263,guitar_acoustic_014,3,guitar,0,acoustic,62,100,16000,
23.787352,8.133704,keyboard_electronic_069-057-127,keyboard_electronic_069-057-127,/root/autodl-tmp/tokenizer-eval/data/nsynth/nsynth-valid/audio/keyboard_electronic_069-057-127.wav,805,keyboard_electronic_069,4,keyboard,1,electronic,57,127,16000,distortion
38.4696,-19.83812,bass_synthetic_068-038-025,bass_synthetic_068-038-025,/root/autodl-tmp/tokenizer-eval/data/nsynth/nsynth-valid/audio/bass_synthetic_068-038-025.wav,656,bass_synthetic_068,0,bass,2,synthetic,38,25,16000,dark
22.784744,-38.455822,keyboard_electronic_003-035-075,keyboard_electronic_003-035-075,/root/autodl-tmp/tokenizer-eval/data/nsynth/nsynth-valid/audio/keyboard_electronic_003-035-075.wav,65,keyboard_electronic_003,4,keyboard,1,electronic,35,75,16000,distortion
3.1102471,12.098053,guitar_acoustic_021-066-075,guitar_acoustic_021-066-075,/root/autodl-tmp/tokenizer-eval/data/nsynth/nsynth-valid/audio/guitar_acoustic_021-066-075.wav,457,guitar_acoustic_021,3,guitar,0,acoustic,66,75,16000,
9.150542,-46.128304,guitar_acoustic_021-032-050,guitar_acoustic_021-032-050,/root/autodl-tmp/tokenizer-eval/data/nsynth/nsynth-valid/audio/guitar_acoustic_021-032-050.wav,457,guitar_acoustic_021,3,guitar,0,acoustic,32,50,16000,
8.819434,33.609623,flute_synthetic_000-065-127,flute_synthetic_000-065-127,/root/autodl-tmp/tokenizer-eval/data/nsynth/nsynth-valid/audio/flute_synthetic_000-065-127.wav,82,flute_synthetic_000,2,flute,2,synthetic,65,127,16000,distortion
-15.855875,-11.35722,reed_acoustic_011-038-100,reed_acoustic_011-038-100,/root/autodl-tmp/tokenizer-eval/data/nsynth/nsynth-valid/audio/reed_acoustic_011-038-100.wav,104,reed_acoustic_011,7,reed,0,acoustic,38,100,16000,bright
-19.25065,-54.088486,brass_acoustic_046-080-075,brass_acoustic_046-080-075,/root/autodl-tmp/tokenizer-eval/data/nsynth/nsynth-valid/audio/brass_acoustic_046-080-075.wav,414,brass_acoustic_046,1,brass,0,acoustic,80,75,16000,
43.249733,19.550802,mallet_acoustic_047-089-100,mallet_acoustic_047-089-100,/root/autodl-tmp/tokenizer-eval/data/nsynth/nsynth-valid/audio/mallet_acoustic_047-089-100.wav,488,mallet_acoustic_047,5,mallet,0,acoustic,89,100,16000,fast_decay|percussive|reverb
-56.42757,-7.48771,vocal_synthetic_003-043-050,vocal_synthetic_003-043-050,/root/autodl-tmp/tokenizer-eval/data/nsynth/nsynth-valid/audio/vocal_synthetic_003-043-050.wav,37,vocal_synthetic_003,10,vocal,2,synthetic,43,50,16000,distortion|long_release|nonlinear_env
24.126741,-26.841808,organ_electronic_113-040-100,organ_electronic_113-040-100,/root/autodl-tmp/tokenizer-eval/data/nsynth/nsynth-valid/audio/organ_electronic_113-040-100.wav,958,organ_electronic_113,6,organ,1,electronic,40,100,16000,dark
15.77805,-48.27983,flute_synthetic_000-045-050,flute_synthetic_000-045-050,/root/autodl-tmp/tokenizer-eval/data/nsynth/nsynth-valid/audio/flute_synthetic_000-045-050.wav,82,flute_synthetic_000,2,flute,2,synthetic,45,50,16000,distortion
-7.897466,-3.8186352,flute_synthetic_000-086-127,flute_synthetic_000-086-127,/root/autodl-tmp/tokenizer-eval/data/nsynth/nsynth-valid/audio/flute_synthetic_000-086-127.wav,82,flute_synthetic_000,2,flute,2,synthetic,86,127,16000,distortion
-3.4908643,-50.933945,guitar_acoustic_021-044-127,guitar_acoustic_021-044-127,/root/autodl-tmp/tokenizer-eval/data/nsynth/nsynth-valid/audio/guitar_acoustic_021-044-127.wav,457,guitar_acoustic_021,3,guitar,0,acoustic,44,127,16000,distortion
35.467552,-18.121065,bass_electronic_027-051-050,bass_electronic_027-051-050,/root/autodl-tmp/tokenizer-eval/data/nsynth/nsynth-valid/audio/bass_electronic_027-051-050.wav,880,bass_electronic_027,0,bass,1,electronic,51,50,16000,
22.648737,0.25283492,keyboard_electronic_003-080-050,keyboard_electronic_003-080-050,/root/autodl-tmp/tokenizer-eval/data/nsynth/nsynth-valid/audio/keyboard_electronic_003-080-050.wav,65,keyboard_electronic_003,4,keyboard,1,electronic,80,50,16000,
-46.67107,-9.18009,bass_synthetic_009-070-075,bass_synthetic_009-070-075,/root/autodl-tmp/tokenizer-eval/data/nsynth/nsynth-valid/audio/bass_synthetic_009-070-075.wav,150,bass_synthetic_009,0,bass,2,synthetic,70,75,16000,bright|distortion|long_release
58.277603,26.30683,mallet_acoustic_047-067-100,mallet_acoustic_047-067-100,/root/autodl-tmp/tokenizer-eval/data/nsynth/nsynth-valid/audio/mallet_acoustic_047-067-100.wav,488,mallet_acoustic_047,5,mallet,0,acoustic,67,100,16000,reverb
60.669563,26.93512,mallet_acoustic_047-079-075,mallet_acoustic_047-079-075,/root/autodl-tmp/tokenizer-eval/data/nsynth/nsynth-valid/audio/mallet_acoustic_047-079-075.wav,488,mallet_acoustic_047,5,mallet,0,acoustic,79,75,16000,fast_decay|percussive|reverb
-21.40062,30.442558,string_acoustic_080-052-100,string_acoustic_080-052-100,/root/autodl-tmp/tokenizer-eval/data/nsynth/nsynth-valid/audio/string_acoustic_080-052-100.wav,675,string_acoustic_080,8,string,0,acoustic,52,100,16000,reverb
37.288116,44.03803,reed_acoustic_023-069-050,reed_acoustic_023-069-050,/root/autodl-tmp/tokenizer-eval/data/nsynth/nsynth-valid/audio/reed_acoustic_023-069-050.wav,224,reed_acoustic_023,7,reed,0,acoustic,69,50,16000,bright|fast_decay|multiphonic|nonlinear_env
-52.020096,-39.10154,vocal_synthetic_003-075-075,vocal_synthetic_003-075-075,/root/autodl-tmp/tokenizer-eval/data/nsynth/nsynth-valid/audio/vocal_synthetic_003-075-075.wav,37,vocal_synthetic_003,10,vocal,2,synthetic,75,75,16000,bright|distortion|long_release|nonlinear_env
11.2216835,13.5323925,guitar_electronic_028-048-075,guitar_electronic_028-048-075,/root/autodl-tmp/tokenizer-eval/data/nsynth/nsynth-valid/audio/guitar_electronic_028-048-075.wav,510,guitar_electronic_028,3,guitar,1,electronic,48,75,16000,dark
35.41962,51.728477,reed_acoustic_023-091-100,reed_acoustic_023-091-100,/root/autodl-tmp/tokenizer-eval/data/nsynth/nsynth-valid/audio/reed_acoustic_023-091-100.wav,224,reed_acoustic_023,7,reed,0,acoustic,91,100,16000,fast_decay|multiphonic|nonlinear_env
-17.897615,-15.923551,brass_acoustic_006-033-050,brass_acoustic_006-033-050,/root/autodl-tmp/tokenizer-eval/data/nsynth/nsynth-valid/audio/brass_acoustic_006-033-050.wav,43,brass_acoustic_006,1,brass,0,acoustic,33,50,16000,reverb
-36.08094,38.661606,string_acoustic_057-090-050,string_acoustic_057-090-050,/root/autodl-tmp/tokenizer-eval/data/nsynth/nsynth-valid/audio/string_acoustic_057-090-050.wav,450,string_acoustic_057,8,string,0,acoustic,90,50,16000,bright|nonlinear_env|reverb
3.454319,-43.4343,keyboard_electronic_098-031-025,keyboard_electronic_098-031-025,/root/autodl-tmp/tokenizer-eval/data/nsynth/nsynth-valid/audio/keyboard_electronic_098-031-025.wav,905,keyboard_electronic_098,4,keyboard,1,electronic,31,25,16000,dark
30.469086,18.099682,mallet_acoustic_062-070-075,mallet_acoustic_062-070-075,/root/autodl-tmp/tokenizer-eval/data/nsynth/nsynth-valid/audio/mallet_acoustic_062-070-075.wav,644,mallet_acoustic_062,5,mallet,0,acoustic,70,75,16000,dark|multiphonic
45.878353,11.555956,string_acoustic_056-066-127,string_acoustic_056-066-127,/root/autodl-tmp/tokenizer-eval/data/nsynth/nsynth-valid/audio/string_acoustic_056-066-127.wav,436,string_acoustic_056,8,string,0,acoustic,66,127,16000,fast_decay|percussive|reverb
43.515484,-2.1590087,mallet_acoustic_062-047-050,mallet_acoustic_062-047-050,/root/autodl-tmp/tokenizer-eval/data/nsynth/nsynth-valid/audio/mallet_acoustic_062-047-050.wav,644,mallet_acoustic_062,5,mallet,0,acoustic,47,50,16000,dark|multiphonic
-59.95896,0.76147187,vocal_synthetic_003-043-100,vocal_synthetic_003-043-100,/root/autodl-tmp/tokenizer-eval/data/nsynth/nsynth-valid/audio/vocal_synthetic_003-043-100.wav,37,vocal_synthetic_003,10,vocal,2,synthetic,43,100,16000,bright|distortion|long_release|nonlinear_env
48.661335,1.630982,mallet_acoustic_062-037-025,mallet_acoustic_062-037-025,/root/autodl-tmp/tokenizer-eval/data/nsynth/nsynth-valid/audio/mallet_acoustic_062-037-025.wav,644,mallet_acoustic_062,5,mallet,0,acoustic,37,25,16000,dark|fast_decay|multiphonic
-15.035792,-48.431114,string_acoustic_057-056-075,string_acoustic_057-056-075,/root/autodl-tmp/tokenizer-eval/data/nsynth/nsynth-valid/audio/string_acoustic_057-056-075.wav,450,string_acoustic_057,8,string,0,acoustic,56,75,16000,nonlinear_env|reverb
38.68909,-1.7537366,keyboard_synthetic_000-038-050,keyboard_synthetic_000-038-050,/root/autodl-tmp/tokenizer-eval/data/nsynth/nsynth-valid/audio/keyboard_synthetic_000-038-050.wav,577,keyboard_synthetic_000,4,keyboard,2,synthetic,38,50,16000,distortion|fast_decay|nonlinear_env
15.910549,-22.44401,bass_synthetic_098-058-075,bass_synthetic_098-058-075,/root/autodl-tmp/tokenizer-eval/data/nsynth/nsynth-valid/audio/bass_synthetic_098-058-075.wav,803,bass_synthetic_098,0,bass,2,synthetic,58,75,16000,
-25.46838,-0.12785456,flute_acoustic_002-067-075,flute_acoustic_002-067-075,/root/autodl-tmp/tokenizer-eval/data/nsynth/nsynth-valid/audio/flute_acoustic_002-067-075.wav,86,flute_acoustic_002,2,flute,0,acoustic,67,75,16000,long_release|reverb
27.729704,37.83685,reed_acoustic_023-060-025,reed_acoustic_023-060-025,/root/autodl-tmp/tokenizer-eval/data/nsynth/nsynth-valid/audio/reed_acoustic_023-060-025.wav,224,reed_acoustic_023,7,reed,0,acoustic,60,25,16000,bright|fast_decay|multiphonic|nonlinear_env
48.33703,-6.7526364,mallet_acoustic_062-042-050,mallet_acoustic_062-042-050,/root/autodl-tmp/tokenizer-eval/data/nsynth/nsynth-valid/audio/mallet_acoustic_062-042-050.wav,644,mallet_acoustic_062,5,mallet,0,acoustic,42,50,16000,dark|multiphonic
35.396217,46.03485,reed_acoustic_023-088-075,reed_acoustic_023-088-075,/root/autodl-tmp/tokenizer-eval/data/nsynth/nsynth-valid/audio/reed_acoustic_023-088-075.wav,224,reed_acoustic_023,7,reed,0,acoustic,88,75,16000,fast_decay|multiphonic|nonlinear_env
-26.127068,-3.082192,reed_acoustic_037-055-025,reed_acoustic_037-055-025,/root/autodl-tmp/tokenizer-eval/data/nsynth/nsynth-valid/audio/reed_acoustic_037-055-025.wav,387,reed_acoustic_037,7,reed,0,acoustic,55,25,16000,reverb
-53.75734,-37.44436,vocal_synthetic_003-087-100,vocal_synthetic_003-087-100,/root/autodl-tmp/tokenizer-eval/data/nsynth/nsynth-valid/audio/vocal_synthetic_003-087-100.wav,37,vocal_synthetic_003,10,vocal,2,synthetic,87,100,16000,bright|distortion|long_release|nonlinear_env
25.259491,-29.028402,string_acoustic_071-040-025,string_acoustic_071-040-025,/root/autodl-tmp/tokenizer-eval/data/nsynth/nsynth-valid/audio/string_acoustic_071-040-025.wav,609,string_acoustic_071,8,string,0,acoustic,40,25,16000,long_release|reverb
-35.451195,46.40788,brass_acoustic_016-087-127,brass_acoustic_016-087-127,/root/autodl-tmp/tokenizer-eval/data/nsynth/nsynth-valid/audio/brass_acoustic_016-087-127.wav,128,brass_acoustic_016,1,brass,0,acoustic,87,127,16000,
8.774671,33.587074,flute_synthetic_000-065-100,flute_synthetic_000-065-100,/root/autodl-tmp/tokenizer-eval/data/nsynth/nsynth-valid/audio/flute_synthetic_000-065-100.wav,82,flute_synthetic_000,2,flute,2,synthetic,65,100,16000,distortion
-16.039963,-31.337364,guitar_electronic_022-073-025,guitar_electronic_022-073-025,/root/autodl-tmp/tokenizer-eval/data/nsynth/nsynth-valid/audio/guitar_electronic_022-073-025.wav,378,guitar_electronic_022,3,guitar,1,electronic,73,25,16000,
-27.206045,40.979164,bass_synthetic_009-088-127,bass_synthetic_009-088-127,/root/autodl-tmp/tokenizer-eval/data/nsynth/nsynth-valid/audio/bass_synthetic_009-088-127.wav,150,bass_synthetic_009,0,bass,2,synthetic,88,127,16000,long_release
-26.642046,3.486385,brass_acoustic_006-079-100,brass_acoustic_006-079-100,/root/autodl-tmp/tokenizer-eval/data/nsynth/nsynth-valid/audio/brass_acoustic_006-079-100.wav,43,brass_acoustic_006,1,brass,0,acoustic,79,100,16000,reverb
57.85232,19.958748,mallet_acoustic_056-046-127,mallet_acoustic_056-046-127,/root/autodl-tmp/tokenizer-eval/data/nsynth/nsynth-valid/audio/mallet_acoustic_056-046-127.wav,590,mallet_acoustic_056,5,mallet,0,acoustic,46,127,16000,bright|fast_decay|percussive
-16.98701,20.261173,string_acoustic_057-096-050,string_acoustic_057-096-050,/root/autodl-tmp/tokenizer-eval/data/nsynth/nsynth-valid/audio/string_acoustic_057-096-050.wav,450,string_acoustic_057,8,string,0,acoustic,96,50,16000,bright|nonlinear_env|reverb
-40.817913,-14.298414,string_acoustic_057-058-100,string_acoustic_057-058-100,/root/autodl-tmp/tokenizer-eval/data/nsynth/nsynth-valid/audio/string_acoustic_057-058-100.wav,450,string_acoustic_057,8,string,0,acoustic,58,100,16000,bright|nonlinear_env|reverb
53.57569,28.354244,mallet_acoustic_062-092-025,mallet_acoustic_062-092-025,/root/autodl-tmp/tokenizer-eval/data/nsynth/nsynth-valid/audio/mallet_acoustic_062-092-025.wav,644,mallet_acoustic_062,5,mallet,0,acoustic,92,25,16000,fast_decay|multiphonic|percussive
-60.94754,-3.636594,vocal_synthetic_003-039-100,vocal_synthetic_003-039-100,/root/autodl-tmp/tokenizer-eval/data/nsynth/nsynth-valid/audio/vocal_synthetic_003-039-100.wav,37,vocal_synthetic_003,10,vocal,2,synthetic,39,100,16000,bright|distortion|long_release|nonlinear_env
42.089516,10.490882,mallet_acoustic_062-064-025,mallet_acoustic_062-064-025,/root/autodl-tmp/tokenizer-eval/data/nsynth/nsynth-valid/audio/mallet_acoustic_062-064-025.wav,644,mallet_acoustic_062,5,mallet,0,acoustic,64,25,16000,dark|fast_decay|multiphonic
47.59738,0.98341167,bass_synthetic_134-038-127,bass_synthetic_134-038-127,/root/autodl-tmp/tokenizer-eval/data/nsynth/nsynth-valid/audio/bass_synthetic_134-038-127.wav,914,bass_synthetic_134,0,bass,2,synthetic,38,127,16000,dark|fast_decay|reverb
42.708046,-30.19683,mallet_acoustic_062-036-127,mallet_acoustic_062-036-127,/root/autodl-tmp/tokenizer-eval/data/nsynth/nsynth-valid/audio/mallet_acoustic_062-036-127.wav,644,mallet_acoustic_062,5,mallet,0,acoustic,36,127,16000,dark|long_release|multiphonic
-40.72463,-18.949652,guitar_acoustic_010-082-075,guitar_acoustic_010-082-075,/root/autodl-tmp/tokenizer-eval/data/nsynth/nsynth-valid/audio/guitar_acoustic_010-082-075.wav,219,guitar_acoustic_010,3,guitar,0,acoustic,82,75,16000,
-53.19152,1.5945847,vocal_synthetic_003-055-075,vocal_synthetic_003-055-075,/root/autodl-tmp/tokenizer-eval/data/nsynth/nsynth-valid/audio/vocal_synthetic_003-055-075.wav,37,vocal_synthetic_003,10,vocal,2,synthetic,55,75,16000,distortion|long_release|nonlinear_env
31.584766,37.40093,reed_acoustic_023-044-025,reed_acoustic_023-044-025,/root/autodl-tmp/tokenizer-eval/data/nsynth/nsynth-valid/audio/reed_acoustic_023-044-025.wav,224,reed_acoustic_023,7,reed,0,acoustic,44,25,16000,bright|fast_decay|multiphonic|nonlinear_env
-0.8694265,-37.37591,guitar_acoustic_014-055-025,guitar_acoustic_014-055-025,/root/autodl-tmp/tokenizer-eval/data/nsynth/nsynth-valid/audio/guitar_acoustic_014-055-025.wav,263,guitar_acoustic_014,3,guitar,0,acoustic,55,25,16000,
-26.170773,2.6504488,organ_electronic_104-079-025,organ_electronic_104-079-025,/root/autodl-tmp/tokenizer-eval/data/nsynth/nsynth-valid/audio/organ_electronic_104-079-025.wav,921,organ_electronic_104,6,organ,1,electronic,79,25,16000,
-66.22934,8.521846,brass_acoustic_046-091-075,brass_acoustic_046-091-075,/root/autodl-tmp/tokenizer-eval/data/nsynth/nsynth-valid/audio/brass_acoustic_046-091-075.wav,414,brass_acoustic_046,1,brass,0,acoustic,91,75,16000,long_release
43.43161,19.802536,mallet_acoustic_056-089-075,mallet_acoustic_056-089-075,/root/autodl-tmp/tokenizer-eval/data/nsynth/nsynth-valid/audio/mallet_acoustic_056-089-075.wav,590,mallet_acoustic_056,5,mallet,0,acoustic,89,75,16000,fast_decay
-13.096754,-53.453304,vocal_acoustic_000-068-127,vocal_acoustic_000-068-127,/root/autodl-tmp/tokenizer-eval/data/nsynth/nsynth-valid/audio/vocal_acoustic_000-068-127.wav,46,vocal_acoustic_000,10,vocal,0,acoustic,68,127,16000,reverb
19.079556,9.670202,brass_acoustic_015-050-050,brass_acoustic_015-050-050,/root/autodl-tmp/tokenizer-eval/data/nsynth/nsynth-valid/audio/brass_acoustic_015-050-050.wav,121,brass_acoustic_015,1,brass,0,acoustic,50,50,16000,reverb
-40.50085,14.533225,bass_synthetic_009-077-050,bass_synthetic_009-077-050,/root/autodl-tmp/tokenizer-eval/data/nsynth/nsynth-valid/audio/bass_synthetic_009-077-050.wav,150,bass_synthetic_009,0,bass,2,synthetic,77,50,16000,bright|distortion|long_release
5.4602532,34.603226,guitar_acoustic_010-065-050,guitar_acoustic_010-065-050,/root/autodl-tmp/tokenizer-eval/data/nsynth/nsynth-valid/audio/guitar_acoustic_010-065-050.wav,219,guitar_acoustic_010,3,guitar,0,acoustic,65,50,16000,
43.407646,13.53859,mallet_acoustic_062-065-050,mallet_acoustic_062-065-050,/root/autodl-tmp/tokenizer-eval/data/nsynth/nsynth-valid/audio/mallet_acoustic_062-065-050.wav,644,mallet_acoustic_062,5,mallet,0,acoustic,65,50,16000,dark|fast_decay|multiphonic
5.8242826,29.255056,bass_synthetic_033-077-100,bass_synthetic_033-077-100,/root/autodl-tmp/tokenizer-eval/data/nsynth/nsynth-valid/audio/bass_synthetic_033-077-100.wav,417,bass_synthetic_033,0,bass,2,synthetic,77,100,16000,
-22.434029,-53.842262,string_acoustic_057-092-075,string_acoustic_057-092-075,/root/autodl-tmp/tokenizer-eval/data/nsynth/nsynth-valid/audio/string_acoustic_057-092-075.wav,450,string_acoustic_057,8,string,0,acoustic,92,75,16000,nonlinear_env|reverb
34.190468,20.256912,mallet_acoustic_062-082-050,mallet_acoustic_062-082-050,/root/autodl-tmp/tokenizer-eval/data/nsynth/nsynth-valid/audio/mallet_acoustic_062-082-050.wav,644,mallet_acoustic_062,5,mallet,0,acoustic,82,50,16000,fast_decay|multiphonic
-10.704564,-50.12817,brass_acoustic_015-068-025,brass_acoustic_015-068-025,/root/autodl-tmp/tokenizer-eval/data/nsynth/nsynth-valid/audio/brass_acoustic_015-068-025.wav,121,brass_acoustic_015,1,brass,0,acoustic,68,25,16000,reverb
-20.453074,-13.048421,brass_acoustic_006-038-075,brass_acoustic_006-038-075,/root/autodl-tmp/tokenizer-eval/data/nsynth/nsynth-valid/audio/brass_acoustic_006-038-075.wav,43,brass_acoustic_006,1,brass,0,acoustic,38,75,16000,reverb
-18.290201,-17.093983,brass_acoustic_006-032-025,brass_acoustic_006-032-025,/root/autodl-tmp/tokenizer-eval/data/nsynth/nsynth-valid/audio/brass_acoustic_006-032-025.wav,43,brass_acoustic_006,1,brass,0,acoustic,32,25,16000,long_release|reverb
8.513341,-25.3605,flute_synthetic_000-057-127,flute_synthetic_000-057-127,/root/autodl-tmp/tokenizer-eval/data/nsynth/nsynth-valid/audio/flute_synthetic_000-057-127.wav,82,flute_synthetic_000,2,flute,2,synthetic,57,127,16000,distortion
-60.46617,4.628926,vocal_synthetic_003-047-127,vocal_synthetic_003-047-127,/root/autodl-tmp/tokenizer-eval/data/nsynth/nsynth-valid/audio/vocal_synthetic_003-047-127.wav,37,vocal_synthetic_003,10,vocal,2,synthetic,47,127,16000,bright|distortion|long_release|nonlinear_env
4.9266205,12.8364525,bass_synthetic_068-078-127,bass_synthetic_068-078-127,/root/autodl-tmp/tokenizer-eval/data/nsynth/nsynth-valid/audio/bass_synthetic_068-078-127.wav,656,bass_synthetic_068,0,bass,2,synthetic,78,127,16000,distortion|fast_decay
-44.106804,23.405096,vocal_synthetic_003-078-075,vocal_synthetic_003-078-075,/root/autodl-tmp/tokenizer-eval/data/nsynth/nsynth-valid/audio/vocal_synthetic_003-078-075.wav,37,vocal_synthetic_003,10,vocal,2,synthetic,78,75,16000,bright|distortion|long_release|nonlinear_env
43.9891,31.642492,mallet_acoustic_047-095-075,mallet_acoustic_047-095-075,/root/autodl-tmp/tokenizer-eval/data/nsynth/nsynth-valid/audio/mallet_acoustic_047-095-075.wav,488,mallet_acoustic_047,5,mallet,0,acoustic,95,75,16000,fast_decay|percussive|reverb
-13.150519,32.555954,mallet_acoustic_062-076-127,mallet_acoustic_062-076-127,/root/autodl-tmp/tokenizer-eval/data/nsynth/nsynth-valid/audio/mallet_acoustic_062-076-127.wav,644,mallet_acoustic_062,5,mallet,0,acoustic,76,127,16000,dark|multiphonic
20.126183,-38.229115,bass_electronic_018-034-025,bass_electronic_018-034-025,/root/autodl-tmp/tokenizer-eval/data/nsynth/nsynth-valid/audio/bass_electronic_018-034-025.wav,759,bass_electronic_018,0,bass,1,electronic,34,25,16000,
-47.19782,-36.419548,string_acoustic_057-075-127,string_acoustic_057-075-127,/root/autodl-tmp/tokenizer-eval/data/nsynth/nsynth-valid/audio/string_acoustic_057-075-127.wav,450,string_acoustic_057,8,string,0,acoustic,75,127,16000,bright|nonlinear_env|reverb
-10.852969,-32.271862,flute_synthetic_000-061-025,flute_synthetic_000-061-025,/root/autodl-tmp/tokenizer-eval/data/nsynth/nsynth-valid/audio/flute_synthetic_000-061-025.wav,82,flute_synthetic_000,2,flute,2,synthetic,61,25,16000,distortion
-11.432193,-13.254996,brass_acoustic_006-050-050,brass_acoustic_006-050-050,/root/autodl-tmp/tokenizer-eval/data/nsynth/nsynth-valid/audio/brass_acoustic_006-050-050.wav,43,brass_acoustic_006,1,brass,0,acoustic,50,50,16000,reverb
-51.713684,-39.50726,vocal_synthetic_003-075-050,vocal_synthetic_003-075-050,/root/autodl-tmp/tokenizer-eval/data/nsynth/nsynth-valid/audio/vocal_synthetic_003-075-050.wav,37,vocal_synthetic_003,10,vocal,2,synthetic,75,50,16000,bright|distortion|long_release|nonlinear_env
25.951756,7.6767836,guitar_acoustic_030-057-075,guitar_acoustic_030-057-075,/root/autodl-tmp/tokenizer-eval/data/nsynth/nsynth-valid/audio/guitar_acoustic_030-057-075.wav,642,guitar_acoustic_030,3,guitar,0,acoustic,57,75,16000,tempo-synced
32.619118,-22.44329,bass_synthetic_033-039-075,bass_synthetic_033-039-075,/root/autodl-tmp/tokenizer-eval/data/nsynth/nsynth-valid/audio/bass_synthetic_033-039-075.wav,417,bass_synthetic_033,0,bass,2,synthetic,39,75,16000,dark
2.7016535,-41.959404,keyboard_electronic_098-031-100,keyboard_electronic_098-031-100,/root/autodl-tmp/tokenizer-eval/data/nsynth/nsynth-valid/audio/keyboard_electronic_098-031-100.wav,905,keyboard_electronic_098,4,keyboard,1,electronic,31,100,16000,dark|distortion
5.2954655,39.147552,reed_acoustic_037-041-127,reed_acoustic_037-041-127,/root/autodl-tmp/tokenizer-eval/data/nsynth/nsynth-valid/audio/reed_acoustic_037-041-127.wav,387,reed_acoustic_037,7,reed,0,acoustic,41,127,16000,long_release|reverb
31.460989,-30.751785,flute_synthetic_000-051-050,flute_synthetic_000-051-050,/root/autodl-tmp/tokenizer-eval/data/nsynth/nsynth-valid/audio/flute_synthetic_000-051-050.wav,82,flute_synthetic_000,2,flute,2,synthetic,51,50,16000,distortion
6.5936904,-48.100204,flute_synthetic_000-044-127,flute_synthetic_000-044-127,/root/autodl-tmp/tokenizer-eval/data/nsynth/nsynth-valid/audio/flute_synthetic_000-044-127.wav,82,flute_synthetic_000,2,flute,2,synthetic,44,127,16000,distortion
-47.239388,9.480352,vocal_synthetic_003-073-100,vocal_synthetic_003-073-100,/root/autodl-tmp/tokenizer-eval/data/nsynth/nsynth-valid/audio/vocal_synthetic_003-073-100.wav,37,vocal_synthetic_003,10,vocal,2,synthetic,73,100,16000,bright|distortion|long_release|nonlinear_env
39.416687,-12.552115,string_acoustic_014-036-050,string_acoustic_014-036-050,/root/autodl-tmp/tokenizer-eval/data/nsynth/nsynth-valid/audio/string_acoustic_014-036-050.wav,100,string_acoustic_014,8,string,0,acoustic,36,50,16000,dark|reverb
0.15592417,0.78223497,organ_electronic_113-059-075,organ_electronic_113-059-075,/root/autodl-tmp/tokenizer-eval/data/nsynth/nsynth-valid/audio/organ_electronic_113-059-075.wav,958,organ_electronic_113,6,organ,1,electronic,59,75,16000,dark
2.160843,-42.146797,organ_electronic_057-031-100,organ_electronic_057-031-100,/root/autodl-tmp/tokenizer-eval/data/nsynth/nsynth-valid/audio/organ_electronic_057-031-100.wav,701,organ_electronic_057,6,organ,1,electronic,31,100,16000,dark
-21.346035,30.452707,string_acoustic_080-052-025,string_acoustic_080-052-025,/root/autodl-tmp/tokenizer-eval/data/nsynth/nsynth-valid/audio/string_acoustic_080-052-025.wav,675,string_acoustic_080,8,string,0,acoustic,52,25,16000,long_release|reverb
16.2091,-18.810455,bass_synthetic_098-091-100,bass_synthetic_098-091-100,/root/autodl-tmp/tokenizer-eval/data/nsynth/nsynth-valid/audio/bass_synthetic_098-091-100.wav,803,bass_synthetic_098,0,bass,2,synthetic,91,100,16000,
-32.39326,7.112116,vocal_synthetic_003-079-025,vocal_synthetic_003-079-025,/root/autodl-tmp/tokenizer-eval/data/nsynth/nsynth-valid/audio/vocal_synthetic_003-079-025.wav,37,vocal_synthetic_003,10,vocal,2,synthetic,79,25,16000,bright|distortion|long_release|nonlinear_env
-0.31590623,-20.927841,string_acoustic_057-069-100,string_acoustic_057-069-100,/root/autodl-tmp/tokenizer-eval/data/nsynth/nsynth-valid/audio/string_acoustic_057-069-100.wav,450,string_acoustic_057,8,string,0,acoustic,69,100,16000,bright|nonlinear_env|reverb
-14.19642,-56.068745,organ_electronic_001-080-127,organ_electronic_001-080-127,/root/autodl-tmp/tokenizer-eval/data/nsynth/nsynth-valid/audio/organ_electronic_001-080-127.wav,8,organ_electronic_001,6,organ,1,electronic,80,127,16000,
1.7366898,0.34128067,guitar_acoustic_014-059-075,guitar_acoustic_014-059-075,/root/autodl-tmp/tokenizer-eval/data/nsynth/nsynth-valid/audio/guitar_acoustic_014-059-075.wav,263,guitar_acoustic_014,3,guitar,0,acoustic,59,75,16000,
-16.642618,-30.322979,brass_acoustic_015-073-127,brass_acoustic_015-073-127,/root/autodl-tmp/tokenizer-eval/data/nsynth/nsynth-valid/audio/brass_acoustic_015-073-127.wav,121,brass_acoustic_015,1,brass,0,acoustic,73,127,16000,reverb
-42.546394,-17.436838,organ_electronic_028-082-127,organ_electronic_028-082-127,/root/autodl-tmp/tokenizer-eval/data/nsynth/nsynth-valid/audio/organ_electronic_028-082-127.wav,440,organ_electronic_028,6,organ,1,electronic,82,127,16000,
-49.40245,13.79123,vocal_synthetic_003-092-127,vocal_synthetic_003-092-127,/root/autodl-tmp/tokenizer-eval/data/nsynth/nsynth-valid/audio/vocal_synthetic_003-092-127.wav,37,vocal_synthetic_003,10,vocal,2,synthetic,92,127,16000,bright|distortion|long_release|nonlinear_env
18.038658,-22.550114,bass_synthetic_098-050-100,bass_synthetic_098-050-100,/root/autodl-tmp/tokenizer-eval/data/nsynth/nsynth-valid/audio/bass_synthetic_098-050-100.wav,803,bass_synthetic_098,0,bass,2,synthetic,50,100,16000,distortion
42.06304,39.440098,reed_acoustic_023-094-050,reed_acoustic_023-094-050,/root/autodl-tmp/tokenizer-eval/data/nsynth/nsynth-valid/audio/reed_acoustic_023-094-050.wav,224,reed_acoustic_023,7,reed,0,acoustic,94,50,16000,fast_decay|multiphonic|nonlinear_env
-2.071947,9.381912,organ_electronic_057-054-127,organ_electronic_057-054-127,/root/autodl-tmp/tokenizer-eval/data/nsynth/nsynth-valid/audio/organ_electronic_057-054-127.wav,701,organ_electronic_057,6,organ,1,electronic,54,127,16000,dark
-40.33666,-35.487087,flute_synthetic_000-063-050,flute_synthetic_000-063-050,/root/autodl-tmp/tokenizer-eval/data/nsynth/nsynth-valid/audio/flute_synthetic_000-063-050.wav,82,flute_synthetic_000,2,flute,2,synthetic,63,50,16000,distortion
-11.50785,-34.431843,organ_electronic_028-037-127,organ_electronic_028-037-127,/root/autodl-tmp/tokenizer-eval/data/nsynth/nsynth-valid/audio/organ_electronic_028-037-127.wav,440,organ_electronic_028,6,organ,1,electronic,37,127,16000,dark
-3.8170357,35.645023,string_acoustic_057-089-127,string_acoustic_057-089-127,/root/autodl-tmp/tokenizer-eval/data/nsynth/nsynth-valid/audio/string_acoustic_057-089-127.wav,450,string_acoustic_057,8,string,0,acoustic,89,127,16000,nonlinear_env|reverb
41.385555,6.4123173,string_acoustic_014-063-100,string_acoustic_014-063-100,/root/autodl-tmp/tokenizer-eval/data/nsynth/nsynth-valid/audio/string_acoustic_014-063-100.wav,100,string_acoustic_014,8,string,0,acoustic,63,100,16000,fast_decay|percussive|reverb
4.0594397,-38.391373,flute_synthetic_000-055-025,flute_synthetic_000-055-025,/root/autodl-tmp/tokenizer-eval/data/nsynth/nsynth-valid/audio/flute_synthetic_000-055-025.wav,82,flute_synthetic_000,2,flute,2,synthetic,55,25,16000,distortion
-25.881546,5.3113585,organ_electronic_028-079-127,organ_electronic_028-079-127,/root/autodl-tmp/tokenizer-eval/data/nsynth/nsynth-valid/audio/organ_electronic_028-079-127.wav,440,organ_electronic_028,6,organ,1,electronic,79,127,16000,
45.58046,26.349068,mallet_acoustic_062-086-050,mallet_acoustic_062-086-050,/root/autodl-tmp/tokenizer-eval/data/nsynth/nsynth-valid/audio/mallet_acoustic_062-086-050.wav,644,mallet_acoustic_062,5,mallet,0,acoustic,86,50,16000,fast_decay|multiphonic
14.943316,-22.755304,bass_synthetic_098-048-075,bass_synthetic_098-048-075,/root/autodl-tmp/tokenizer-eval/data/nsynth/nsynth-valid/audio/bass_synthetic_098-048-075.wav,803,bass_synthetic_098,0,bass,2,synthetic,48,75,16000,
-16.020092,2.2419233,keyboard_electronic_098-067-127,keyboard_electronic_098-067-127,/root/autodl-tmp/tokenizer-eval/data/nsynth/nsynth-valid/audio/keyboard_electronic_098-067-127.wav,905,keyboard_electronic_098,4,keyboard,1,electronic,67,127,16000,
-29.334053,20.04636,brass_acoustic_059-047-127,brass_acoustic_059-047-127,/root/autodl-tmp/tokenizer-eval/data/nsynth/nsynth-valid/audio/brass_acoustic_059-047-127.wav,572,brass_acoustic_059,1,brass,0,acoustic,47,127,16000,reverb
29.141895,53.920525,keyboard_synthetic_000-082-075,keyboard_synthetic_000-082-075,/root/autodl-tmp/tokenizer-eval/data/nsynth/nsynth-valid/audio/keyboard_synthetic_000-082-075.wav,577,keyboard_synthetic_000,4,keyboard,2,synthetic,82,75,16000,bright|distortion|fast_decay|nonlinear_env
-19.049908,8.51367,brass_acoustic_059-060-025,brass_acoustic_059-060-025,/root/autodl-tmp/tokenizer-eval/data/nsynth/nsynth-valid/audio/brass_acoustic_059-060-025.wav,572,brass_acoustic_059,1,brass,0,acoustic,60,25,16000,dark|reverb
19.717257,-0.52074665,keyboard_electronic_078-056-075,keyboard_electronic_078-056-075,/root/autodl-tmp/tokenizer-eval/data/nsynth/nsynth-valid/audio/keyboard_electronic_078-056-075.wav,838,keyboard_electronic_078,4,keyboard,1,electronic,56,75,16000,bright
14.405831,-7.8827796,keyboard_electronic_001-039-050,keyboard_electronic_001-039-050,/root/autodl-tmp/tokenizer-eval/data/nsynth/nsynth-valid/audio/keyboard_electronic_001-039-050.wav,40,keyboard_electronic_001,4,keyboard,1,electronic,39,50,16000,dark
33.219833,34.836136,reed_acoustic_023-031-050,reed_acoustic_023-031-050,/root/autodl-tmp/tokenizer-eval/data/nsynth/nsynth-valid/audio/reed_acoustic_023-031-050.wav,224,reed_acoustic_023,7,reed,0,acoustic,31,50,16000,bright|fast_decay|multiphonic|nonlinear_env
-46.629864,-39.045753,brass_acoustic_046-075-100,brass_acoustic_046-075-100,/root/autodl-tmp/tokenizer-eval/data/nsynth/nsynth-valid/audio/brass_acoustic_046-075-100.wav,414,brass_acoustic_046,1,brass,0,acoustic,75,100,16000,bright
12.029955,-34.048008,organ_electronic_001-046-127,organ_electronic_001-046-127,/root/autodl-tmp/tokenizer-eval/data/nsynth/nsynth-valid/audio/organ_electronic_001-046-127.wav,8,organ_electronic_001,6,organ,1,electronic,46,127,16000,dark
-45.015022,-10.504283,organ_electronic_007-070-100,organ_electronic_007-070-100,/root/autodl-tmp/tokenizer-eval/data/nsynth/nsynth-valid/audio/organ_electronic_007-070-100.wav,123,organ_electronic_007,6,organ,1,electronic,70,100,16000,distortion|long_release|nonlinear_env
28.848036,-26.347584,flute_synthetic_000-040-100,flute_synthetic_000-040-100,/root/autodl-tmp/tokenizer-eval/data/nsynth/nsynth-valid/audio/flute_synthetic_000-040-100.wav,82,flute_synthetic_000,2,flute,2,synthetic,40,100,16000,distortion
15.274942,-4.943394,brass_acoustic_015-063-025,brass_acoustic_015-063-025,/root/autodl-tmp/tokenizer-eval/data/nsynth/nsynth-valid/audio/brass_acoustic_015-063-025.wav,121,brass_acoustic_015,1,brass,0,acoustic,63,25,16000,reverb
24.802929,17.034424,mallet_acoustic_062-071-075,mallet_acoustic_062-071-075,/root/autodl-tmp/tokenizer-eval/data/nsynth/nsynth-valid/audio/mallet_acoustic_062-071-075.wav,644,mallet_acoustic_062,5,mallet,0,acoustic,71,75,16000,dark|multiphonic
16.677208,-0.3157816,brass_acoustic_015-044-075,brass_acoustic_015-044-075,/root/autodl-tmp/tokenizer-eval/data/nsynth/nsynth-valid/audio/brass_acoustic_015-044-075.wav,121,brass_acoustic_015,1,brass,0,acoustic,44,75,16000,reverb
56.25995,18.331766,mallet_acoustic_056-058-025,mallet_acoustic_056-058-025,/root/autodl-tmp/tokenizer-eval/data/nsynth/nsynth-valid/audio/mallet_acoustic_056-058-025.wav,590,mallet_acoustic_056,5,mallet,0,acoustic,58,25,16000,fast_decay|percussive
-0.122189626,33.81826,organ_electronic_057-077-100,organ_electronic_057-077-100,/root/autodl-tmp/tokenizer-eval/data/nsynth/nsynth-valid/audio/organ_electronic_057-077-100.wav,701,organ_electronic_057,6,organ,1,electronic,77,100,16000,
-20.2786,-55.053123,brass_acoustic_046-080-127,brass_acoustic_046-080-127,/root/autodl-tmp/tokenizer-eval/data/nsynth/nsynth-valid/audio/brass_acoustic_046-080-127.wav,414,brass_acoustic_046,1,brass,0,acoustic,80,127,16000,
-37.8252,-22.57792,reed_acoustic_037-042-025,reed_acoustic_037-042-025,/root/autodl-tmp/tokenizer-eval/data/nsynth/nsynth-valid/audio/reed_acoustic_037-042-025.wav,387,reed_acoustic_037,7,reed,0,acoustic,42,25,16000,reverb
-11.567764,-53.16775,vocal_acoustic_000-056-050,vocal_acoustic_000-056-050,/root/autodl-tmp/tokenizer-eval/data/nsynth/nsynth-valid/audio/vocal_acoustic_000-056-050.wav,46,vocal_acoustic_000,10,vocal,0,acoustic,56,50,16000,reverb
25.690214,51.39155,bass_synthetic_034-075-075,bass_synthetic_034-075-075,/root/autodl-tmp/tokenizer-eval/data/nsynth/nsynth-valid/audio/bass_synthetic_034-075-075.wav,420,bass_synthetic_034,0,bass,2,synthetic,75,75,16000,distortion|tempo-synced
-24.033941,-32.085285,reed_acoustic_018-085-075,reed_acoustic_018-085-075,/root/autodl-tmp/tokenizer-eval/data/nsynth/nsynth-valid/audio/reed_acoustic_018-085-075.wav,183,reed_acoustic_018,7,reed,0,acoustic,85,75,16000,
23.577673,-36.61786,guitar_acoustic_030-035-100,guitar_acoustic_030-035-100,/root/autodl-tmp/tokenizer-eval/data/nsynth/nsynth-valid/audio/guitar_acoustic_030-035-100.wav,642,guitar_acoustic_030,3,guitar,0,acoustic,35,100,16000,long_release|tempo-synced
-25.414143,-32.572834,string_acoustic_057-085-050,string_acoustic_057-085-050,/root/autodl-tmp/tokenizer-eval/data/nsynth/nsynth-valid/audio/string_acoustic_057-085-050.wav,450,string_acoustic_057,8,string,0,acoustic,85,50,16000,bright|nonlinear_env|reverb
56.49617,17.534763,mallet_acoustic_056-060-127,mallet_acoustic_056-060-127,/root/autodl-tmp/tokenizer-eval/data/nsynth/nsynth-valid/audio/mallet_acoustic_056-060-127.wav,590,mallet_acoustic_056,5,mallet,0,acoustic,60,127,16000,fast_decay|percussive
-14.071364,-56.21531,reed_acoustic_018-068-050,reed_acoustic_018-068-050,/root/autodl-tmp/tokenizer-eval/data/nsynth/nsynth-valid/audio/reed_acoustic_018-068-050.wav,183,reed_acoustic_018,7,reed,0,acoustic,68,50,16000,
-27.79814,40.3471,organ_electronic_007-076-075,organ_electronic_007-076-075,/root/autodl-tmp/tokenizer-eval/data/nsynth/nsynth-valid/audio/organ_electronic_007-076-075.wav,123,organ_electronic_007,6,organ,1,electronic,76,75,16000,bright|distortion|long_release|nonlinear_env
-59.819366,-5.3057475,vocal_synthetic_003-033-100,vocal_synthetic_003-033-100,/root/autodl-tmp/tokenizer-eval/data/nsynth/nsynth-valid/audio/vocal_synthetic_003-033-100.wav,37,vocal_synthetic_003,10,vocal,2,synthetic,33,100,16000,bright|distortion|long_release|nonlinear_env
-20.389744,3.1994417,bass_synthetic_135-079-025,bass_synthetic_135-079-025,/root/autodl-tmp/tokenizer-eval/data/nsynth/nsynth-valid/audio/bass_synthetic_135-079-025.wav,927,bass_synthetic_135,0,bass,2,synthetic,79,25,16000,distortion
25.524155,-13.6481,guitar_acoustic_010-042-075,guitar_acoustic_010-042-075,/root/autodl-tmp/tokenizer-eval/data/nsynth/nsynth-valid/audio/guitar_acoustic_010-042-075.wav,219,guitar_acoustic_010,3,guitar,0,acoustic,42,75,16000,
-18.381948,14.666323,flute_acoustic_002-072-050,flute_acoustic_002-072-050,/root/autodl-tmp/tokenizer-eval/data/nsynth/nsynth-valid/audio/flute_acoustic_002-072-050.wav,86,flute_acoustic_002,2,flute,0,acoustic,72,50,16000,long_release|reverb
13.716108,-37.130856,string_acoustic_071-046-050,string_acoustic_071-046-050,/root/autodl-tmp/tokenizer-eval/data/nsynth/nsynth-valid/audio/string_acoustic_071-046-050.wav,609,string_acoustic_071,8,string,0,acoustic,46,50,16000,long_release|reverb
40.131065,-10.887324,bass_synthetic_068-035-075,bass_synthetic_068-035-075,/root/autodl-tmp/tokenizer-eval/data/nsynth/nsynth-valid/audio/bass_synthetic_068-035-075.wav,656,bass_synthetic_068,0,bass,2,synthetic,35,75,16000,dark
-18.45178,16.612928,flute_acoustic_002-084-127,flute_acoustic_002-084-127,/root/autodl-tmp/tokenizer-eval/data/nsynth/nsynth-valid/audio/flute_acoustic_002-084-127.wav,86,flute_acoustic_002,2,flute,0,acoustic,84,127,16000,long_release|reverb
-6.6836443,12.945177,brass_acoustic_046-066-127,brass_acoustic_046-066-127,/root/autodl-tmp/tokenizer-eval/data/nsynth/nsynth-valid/audio/brass_acoustic_046-066-127.wav,414,brass_acoustic_046,1,brass,0,acoustic,66,127,16000,bright
-49.04571,-35.449608,brass_acoustic_006-087-075,brass_acoustic_006-087-075,/root/autodl-tmp/tokenizer-eval/data/nsynth/nsynth-valid/audio/brass_acoustic_006-087-075.wav,43,brass_acoustic_006,1,brass,0,acoustic,87,75,16000,reverb
-23.631374,-0.7876376,string_acoustic_057-067-025,string_acoustic_057-067-025,/root/autodl-tmp/tokenizer-eval/data/nsynth/nsynth-valid/audio/string_acoustic_057-067-025.wav,450,string_acoustic_057,8,string,0,acoustic,67,25,16000,bright|nonlinear_env|reverb
17.350454,-20.972885,bass_synthetic_098-069-050,bass_synthetic_098-069-050,/root/autodl-tmp/tokenizer-eval/data/nsynth/nsynth-valid/audio/bass_synthetic_098-069-050.wav,803,bass_synthetic_098,0,bass,2,synthetic,69,50,16000,
-20.529799,-32.938725,string_acoustic_057-073-075,string_acoustic_057-073-075,/root/autodl-tmp/tokenizer-eval/data/nsynth/nsynth-valid/audio/string_acoustic_057-073-075.wav,450,string_acoustic_057,8,string,0,acoustic,73,75,16000,bright|nonlinear_env|reverb
9.065348,-14.525189,flute_synthetic_000-060-075,flute_synthetic_000-060-075,/root/autodl-tmp/tokenizer-eval/data/nsynth/nsynth-valid/audio/flute_synthetic_000-060-075.wav,82,flute_synthetic_000,2,flute,2,synthetic,60,75,16000,distortion
40.231045,19.912405,guitar_acoustic_015-078-127,guitar_acoustic_015-078-127,/root/autodl-tmp/tokenizer-eval/data/nsynth/nsynth-valid/audio/guitar_acoustic_015-078-127.wav,316,guitar_acoustic_015,3,guitar,0,acoustic,78,127,16000,fast_decay|reverb
35.049732,9.416006,string_acoustic_056-068-050,string_acoustic_056-068-050,/root/autodl-tmp/tokenizer-eval/data/nsynth/nsynth-valid/audio/string_acoustic_056-068-050.wav,436,string_acoustic_056,8,string,0,acoustic,68,50,16000,fast_decay|percussive|reverb
