tsne_x,tsne_y,id,note_str,audio_path,instrument,instrument_str,instrument_family,instrument_family_str,instrument_source,instrument_source_str,pitch,velocity,sample_rate,qualities_str
-15.056987,-10.008267,mallet_acoustic_062-055-050,mallet_acoustic_062-055-050,/root/autodl-tmp/tokenizer-eval/data/nsynth/nsynth-test/audio/mallet_acoustic_062-055-050.wav,644,mallet_acoustic_062,5,mallet,0,acoustic,55,50,16000,dark|multiphonic
21.736357,17.51892,string_acoustic_056-041-025,string_acoustic_056-041-025,/root/autodl-tmp/tokenizer-eval/data/nsynth/nsynth-test/audio/string_acoustic_056-041-025.wav,436,string_acoustic_056,8,string,0,acoustic,41,25,16000,fast_decay|percussive|reverb
23.05655,32.646168,guitar_acoustic_030-102-127,guitar_acoustic_030-102-127,/root/autodl-tmp/tokenizer-eval/data/nsynth/nsynth-test/audio/guitar_acoustic_030-102-127.wav,642,guitar_acoustic_030,3,guitar,0,acoustic,102,127,16000,fast_decay|percussive|tempo-synced
-36.88411,44.154922,flute_acoustic_002-085-050,flute_acoustic_002-085-050,/root/autodl-tmp/tokenizer-eval/data/nsynth/nsynth-test/audio/flute_acoustic_002-085-050.wav,86,flute_acoustic_002,2,flute,0,acoustic,85,50,16000,long_release|reverb
-26.22142,44.92205,flute_acoustic_002-105-100,flute_acoustic_002-105-100,/root/autodl-tmp/tokenizer-eval/data/nsynth/nsynth-test/audio/flute_acoustic_002-105-100.wav,86,flute_acoustic_002,2,flute,0,acoustic,105,100,16000,bright|reverb
19.427057,42.32001,mallet_acoustic_056-049-050,mallet_acoustic_056-049-050,/root/autodl-tmp/tokenizer-eval/data/nsynth/nsynth-test/audio/mallet_acoustic_056-049-050.wav,590,mallet_acoustic_056,5,mallet,0,acoustic,49,50,16000,fast_decay|percussive
21.227427,-25.50372,flute_synthetic_000-031-025,flute_synthetic_000-031-025,/root/autodl-tmp/tokenizer-eval/data/nsynth/nsynth-test/audio/flute_synthetic_000-031-025.wav,82,flute_synthetic_000,2,flute,2,synthetic,31,25,16000,distortion
26.8298,-19.75442,flute_synthetic_000-029-127,flute_synthetic_000-029-127,/root/autodl-tmp/tokenizer-eval/data/nsynth/nsynth-test/audio/flute_synthetic_000-029-127.wav,82,flute_synthetic_000,2,flute,2,synthetic,29,127,16000,distortion
0.9387884,-22.285145,brass_acoustic_006-039-025,brass_acoustic_006-039-025,/root/autodl-tmp/tokenizer-eval/data/nsynth/nsynth-test/audio/brass_acoustic_006-039-025.wav,43,brass_acoustic_006,1,brass,0,acoustic,39,25,16000,long_release|reverb
35.16259,-17.520643,string_acoustic_014-029-100,string_acoustic_014-029-100,/root/autodl-tmp/tokenizer-eval/data/nsynth/nsynth-test/audio/string_acoustic_014-029-100.wav,100,string_acoustic_014,8,string,0,acoustic,29,100,16000,dark|reverb
56.23104,-19.016768,organ_electronic_104-026-050,organ_electronic_104-026-050,/root/autodl-tmp/tokenizer-eval/data/nsynth/nsynth-test/audio/organ_electronic_104-026-050.wav,921,organ_electronic_104,6,organ,1,electronic,26,50,16000,
0.19378223,21.134295,mallet_acoustic_062-075-075,mallet_acoustic_062-075-075,/root/autodl-tmp/tokenizer-eval/data/nsynth/nsynth-test/audio/mallet_acoustic_062-075-075.wav,644,mallet_acoustic_062,5,mallet,0,acoustic,75,75,16000,dark|fast_decay|multiphonic
-43.12818,12.355045,organ_electronic_007-080-050,organ_electronic_007-080-050,/root/autodl-tmp/tokenizer-eval/data/nsynth/nsynth-test/audio/organ_electronic_007-080-050.wav,123,organ_electronic_007,6,organ,1,electronic,80,50,16000,bright|distortion|long_release|nonlinear_env
-15.419118,-21.892403,guitar_acoustic_021-053-025,guitar_acoustic_021-053-025,/root/autodl-tmp/tokenizer-eval/data/nsynth/nsynth-test/audio/guitar_acoustic_021-053-025.wav,457,guitar_acoustic_021,3,guitar,0,acoustic,53,25,16000,
-46.651596,-17.82072,reed_acoustic_018-061-075,reed_acoustic_018-061-075,/root/autodl-tmp/tokenizer-eval/data/nsynth/nsynth-test/audio/reed_acoustic_018-061-075.wav,183,reed_acoustic_018,7,reed,0,acoustic,61,75,16000,
32.166054,-3.2130008,organ_electronic_028-036-050,organ_electronic_028-036-050,/root/autodl-tmp/tokenizer-eval/data/nsynth/nsynth-test/audio/organ_electronic_028-036-050.wav,440,organ_electronic_028,6,organ,1,electronic,36,50,16000,dark
50.563805,-17.864504,vocal_synthetic_003-033-050,vocal_synthetic_003-033-050,/root/autodl-tmp/tokenizer-eval/data/nsynth/nsynth-test/audio/vocal_synthetic_003-033-050.wav,37,vocal_synthetic_003,10,vocal,2,synthetic,33,50,16000,distortion|long_release|nonlinear_env
11.457915,0.5053206,bass_synthetic_009-096-127,bass_synthetic_009-096-127,/root/autodl-tmp/tokenizer-eval/data/nsynth/nsynth-test/audio/bass_synthetic_009-096-127.wav,150,bass_synthetic_009,0,bass,2,synthetic,96,127,16000,long_release
0.41300225,-60.149857,bass_electronic_018-044-075,bass_electronic_018-044-075,/root/autodl-tmp/tokenizer-eval/data/nsynth/nsynth-test/audio/bass_electronic_018-044-075.wav,759,bass_electronic_018,0,bass,1,electronic,44,75,16000,
46.590572,38.303234,reed_acoustic_023-046-075,reed_acoustic_023-046-075,/root/autodl-tmp/tokenizer-eval/data/nsynth/nsynth-test/audio/reed_acoustic_023-046-075.wav,224,reed_acoustic_023,7,reed,0,acoustic,46,75,16000,bright|fast_decay|multiphonic|nonlinear_env
-10.841167,5.7936616,keyboard_electronic_002-064-025,keyboard_electronic_002-064-025,/root/autodl-tmp/tokenizer-eval/data/nsynth/nsynth-test/audio/keyboard_electronic_002-064-025.wav,50,keyboard_electronic_002,4,keyboard,1,electronic,64,25,16000,
-2.2117045,33.901764,mallet_acoustic_062-100-127,mallet_acoustic_062-100-127,/root/autodl-tmp/tokenizer-eval/data/nsynth/nsynth-test/audio/mallet_acoustic_062-100-127.wav,644,mallet_acoustic_062,5,mallet,0,acoustic,100,127,16000,bright|multiphonic
51.809143,-14.102095,guitar_acoustic_014-045-025,guitar_acoustic_014-045-025,/root/autodl-tmp/tokenizer-eval/data/nsynth/nsynth-test/audio/guitar_acoustic_014-045-025.wav,263,guitar_acoustic_014,3,guitar,0,acoustic,45,25,16000,
-31.269749,-12.897392,brass_acoustic_046-057-100,brass_acoustic_046-057-100,/root/autodl-tmp/tokenizer-eval/data/nsynth/nsynth-test/audio/brass_acoustic_046-057-100.wav,414,brass_acoustic_046,1,brass,0,acoustic,57,100,16000,
8.737536,-28.423204,brass_acoustic_059-041-075,brass_acoustic_059-041-075,/root/autodl-tmp/tokenizer-eval/data/nsynth/nsynth-test/audio/brass_acoustic_059-041-075.wav,572,brass_acoustic_059,1,brass,0,acoustic,41,75,16000,bright|reverb
-5.907557,-34.21872,keyboard_acoustic_004-052-075,keyboard_acoustic_004-052-075,/root/autodl-tmp/tokenizer-eval/data/nsynth/nsynth-test/audio/keyboard_acoustic_004-052-075.wav,327,keyboard_acoustic_004,4,keyboard,0,acoustic,52,75,16000,reverb
35.755737,-7.477081,string_acoustic_071-024-075,string_acoustic_071-024-075,/root/autodl-tmp/tokenizer-eval/data/nsynth/nsynth-test/audio/string_acoustic_071-024-075.wav,609,string_acoustic_071,8,string,0,acoustic,24,75,16000,long_release|reverb
45.8806,44.456875,reed_acoustic_023-053-100,reed_acoustic_023-053-100,/root/autodl-tmp/tokenizer-eval/data/nsynth/nsynth-test/audio/reed_acoustic_023-053-100.wav,224,reed_acoustic_023,7,reed,0,acoustic,53,100,16000,bright|fast_decay|multiphonic|nonlinear_env
22.843462,-22.580841,organ_electronic_028-032-075,organ_electronic_028-032-075,/root/autodl-tmp/tokenizer-eval/data/nsynth/nsynth-test/audio/organ_electronic_028-032-075.wav,440,organ_electronic_028,6,organ,1,electronic,32,75,16000,dark
-20.505274,13.770275,reed_acoustic_011-067-127,reed_acoustic_011-067-127,/root/autodl-tmp/tokenizer-eval/data/nsynth/nsynth-test/audio/reed_acoustic_011-067-127.wav,104,reed_acoustic_011,7,reed,0,acoustic,67,127,16000,
43.97064,48.11792,keyboard_synthetic_000-022-075,keyboard_synthetic_000-022-075,/root/autodl-tmp/tokenizer-eval/data/nsynth/nsynth-test/audio/keyboard_synthetic_000-022-075.wav,577,keyboard_synthetic_000,4,keyboard,2,synthetic,22,75,16000,distortion|fast_decay|nonlinear_env
32.06781,-29.78466,keyboard_electronic_069-034-100,keyboard_electronic_069-034-100,/root/autodl-tmp/tokenizer-eval/data/nsynth/nsynth-test/audio/keyboard_electronic_069-034-100.wav,805,keyboard_electronic_069,4,keyboard,1,electronic,34,100,16000,distortion
22.05439,13.347179,string_acoustic_014-058-050,string_acoustic_014-058-050,/root/autodl-tmp/tokenizer-eval/data/nsynth/nsynth-test/audio/string_acoustic_014-058-050.wav,100,string_acoustic_014,8,string,0,acoustic,58,50,16000,dark|reverb
22.060993,-41.213425,organ_electronic_007-023-075,organ_electronic_007-023-075,/root/autodl-tmp/tokenizer-eval/data/nsynth/nsynth-test/audio/organ_electronic_007-023-075.wav,123,organ_electronic_007,6,organ,1,electronic,23,75,16000,distortion|long_release|nonlinear_env
-23.144314,-40.2743,bass_synthetic_009-049-075,bass_synthetic_009-049-075,/root/autodl-tmp/tokenizer-eval/data/nsynth/nsynth-test/audio/bass_synthetic_009-049-075.wav,150,bass_synthetic_009,0,bass,2,synthetic,49,75,16000,bright|distortion|long_release
-32.658016,-12.322552,reed_acoustic_011-057-100,reed_acoustic_011-057-100,/root/autodl-tmp/tokenizer-eval/data/nsynth/nsynth-test/audio/reed_acoustic_011-057-100.wav,104,reed_acoustic_011,7,reed,0,acoustic,57,100,16000,bright
40.424713,-3.4511094,organ_electronic_007-024-127,organ_electronic_007-024-127,/root/autodl-tmp/tokenizer-eval/data/nsynth/nsynth-test/audio/organ_electronic_007-024-127.wav,123,organ_electronic_007,6,organ,1,electronic,24,127,16000,distortion|long_release|nonlinear_env
37.47174,-8.506036,guitar_acoustic_010-024-075,guitar_acoustic_010-024-075,/root/autodl-tmp/tokenizer-eval/data/nsynth/nsynth-test/audio/guitar_acoustic_010-024-075.wav,219,guitar_acoustic_010,3,guitar,0,acoustic,24,75,16000,
-8.84704,-10.495241,brass_acoustic_015-042-100,brass_acoustic_015-042-100,/root/autodl-tmp/tokenizer-eval/data/nsynth/nsynth-test/audio/brass_acoustic_015-042-100.wav,121,brass_acoustic_015,1,brass,0,acoustic,42,100,16000,reverb
-40.828136,-17.837538,organ_electronic_028-060-075,organ_electronic_028-060-075,/root/autodl-tmp/tokenizer-eval/data/nsynth/nsynth-test/audio/organ_electronic_028-060-075.wav,440,organ_electronic_028,6,organ,1,electronic,60,75,16000,dark
17.39147,-43.65207,string_acoustic_012-047-025,string_acoustic_012-047-025,/root/autodl-tmp/tokenizer-eval/data/nsynth/nsynth-test/audio/string_acoustic_012-047-025.wav,97,string_acoustic_012,8,string,0,acoustic,47,25,16000,long_release|reverb
-32.045677,13.889864,reed_acoustic_018-066-100,reed_acoustic_018-066-100,/root/autodl-tmp/tokenizer-eval/data/nsynth/nsynth-test/audio/reed_acoustic_018-066-100.wav,183,reed_acoustic_018,7,reed,0,acoustic,66,100,16000,
14.738738,-17.043356,string_acoustic_071-030-100,string_acoustic_071-030-100,/root/autodl-tmp/tokenizer-eval/data/nsynth/nsynth-test/audio/string_acoustic_071-030-100.wav,609,string_acoustic_071,8,string,0,acoustic,30,100,16000,long_release|reverb
47.863003,40.705948,reed_acoustic_023-057-050,reed_acoustic_023-057-050,/root/autodl-tmp/tokenizer-eval/data/nsynth/nsynth-test/audio/reed_acoustic_023-057-050.wav,224,reed_acoustic_023,7,reed,0,acoustic,57,50,16000,bright|fast_decay|multiphonic|nonlinear_env
27.148247,12.955121,string_acoustic_056-045-025,string_acoustic_056-045-025,/root/autodl-tmp/tokenizer-eval/data/nsynth/nsynth-test/audio/string_acoustic_056-045-025.wav,436,string_acoustic_056,8,string,0,acoustic,45,25,16000,fast_decay|reverb
-27.730858,43.61977,flute_acoustic_002-099-127,flute_acoustic_002-099-127,/root/autodl-tmp/tokenizer-eval/data/nsynth/nsynth-test/audio/flute_acoustic_002-099-127.wav,86,flute_acoustic_002,2,flute,0,acoustic,99,127,16000,bright|reverb
-3.923683,35.788414,mallet_acoustic_062-091-100,mallet_acoustic_062-091-100,/root/autodl-tmp/tokenizer-eval/data/nsynth/nsynth-test/audio/mallet_acoustic_062-091-100.wav,644,mallet_acoustic_062,5,mallet,0,acoustic,91,100,16000,multiphonic
-21.58799,1.5824013,reed_acoustic_011-062-075,reed_acoustic_011-062-075,/root/autodl-tmp/tokenizer-eval/data/nsynth/nsynth-test/audio/reed_acoustic_011-062-075.wav,104,reed_acoustic_011,7,reed,0,acoustic,62,75,16000,
22.903826,38.362453,guitar_acoustic_030-074-050,guitar_acoustic_030-074-050,/root/autodl-tmp/tokenizer-eval/data/nsynth/nsynth-test/audio/guitar_acoustic_030-074-050.wav,642,guitar_acoustic_030,3,guitar,0,acoustic,74,50,16000,fast_decay|percussive|tempo-synced
51.243927,-17.028244,keyboard_electronic_002-033-050,keyboard_electronic_002-033-050,/root/autodl-tmp/tokenizer-eval/data/nsynth/nsynth-test/audio/keyboard_electronic_002-033-050.wav,50,keyboard_electronic_002,4,keyboard,1,electronic,33,50,16000,distortion
-46.615604,11.72642,vocal_synthetic_003-105-050,vocal_synthetic_003-105-050,/root/autodl-tmp/tokenizer-eval/data/nsynth/nsynth-test/audio/vocal_synthetic_003-105-050.wav,37,vocal_synthetic_003,10,vocal,2,synthetic,105,50,16000,bright|distortion|long_release|nonlinear_env
-38.176563,25.610811,brass_acoustic_006-075-075,brass_acoustic_006-075-075,/root/autodl-tmp/tokenizer-eval/data/nsynth/nsynth-test/audio/brass_acoustic_006-075-075.wav,43,brass_acoustic_006,1,brass,0,acoustic,75,75,16000,reverb
-51.92433,13.83682,vocal_synthetic_003-092-050,vocal_synthetic_003-092-050,/root/autodl-tmp/tokenizer-eval/data/nsynth/nsynth-test/audio/vocal_synthetic_003-092-050.wav,37,vocal_synthetic_003,10,vocal,2,synthetic,92,50,16000,bright|distortion|long_release|nonlinear_env
-38.632107,-7.3114004,flute_synthetic_000-070-127,flute_synthetic_000-070-127,/root/autodl-tmp/tokenizer-eval/data/nsynth/nsynth-test/audio/flute_synthetic_000-070-127.wav,82,flute_synthetic_000,2,flute,2,synthetic,70,127,16000,distortion
46.255573,36.788654,reed_acoustic_023-055-075,reed_acoustic_023-055-075,/root/autodl-tmp/tokenizer-eval/data/nsynth/nsynth-test/audio/reed_acoustic_023-055-075.wav,224,reed_acoustic_023,7,reed,0,acoustic,55,75,16000,bright|fast_decay|multiphonic|nonlinear_env
-25.509144,39.382107,flute_synthetic_000-104-050,flute_synthetic_000-104-050,/root/autodl-tmp/tokenizer-eval/data/nsynth/nsynth-test/audio/flute_synthetic_000-104-050.wav,82,flute_synthetic_000,2,flute,2,synthetic,104,50,16000,bright|distortion
-0.8662684,33.641617,guitar_acoustic_010-101-075,guitar_acoustic_010-101-075,/root/autodl-tmp/tokenizer-eval/data/nsynth/nsynth-test/audio/guitar_acoustic_010-101-075.wav,219,guitar_acoustic_010,3,guitar,0,acoustic,101,75,16000,bright
-43.683826,28.85536,flute_acoustic_002-074-025,flute_acoustic_002-074-025,/root/autodl-tmp/tokenizer-eval/data/nsynth/nsynth-test/audio/flute_acoustic_002-074-025.wav,86,flute_acoustic_002,2,flute,0,acoustic,74,25,16000,reverb
-5.637849,-0.67209977,mallet_acoustic_062-059-127,mallet_acoustic_062-059-127,/root/autodl-tmp/tokenizer-eval/data/nsynth/nsynth-test/audio/mallet_acoustic_062-059-127.wav,644,mallet_acoustic_062,5,mallet,0,acoustic,59,127,16000,dark|long_release|multiphonic
-20.111006,-49.567898,bass_electronic_027-037-127,bass_electronic_027-037-127,/root/autodl-tmp/tokenizer-eval/data/nsynth/nsynth-test/audio/bass_electronic_027-037-127.wav,880,bass_electronic_027,0,bass,1,electronic,37,127,16000,
-34.538902,6.433408,vocal_synthetic_003-062-050,vocal_synthetic_003-062-050,/root/autodl-tmp/tokenizer-eval/data/nsynth/nsynth-test/audio/vocal_synthetic_003-062-050.wav,37,vocal_synthetic_003,10,vocal,2,synthetic,62,50,16000,bright|distortion|long_release|nonlinear_env
-25.271694,24.542767,reed_acoustic_018-077-050,reed_acoustic_018-077-050,/root/autodl-tmp/tokenizer-eval/data/nsynth/nsynth-test/audio/reed_acoustic_018-077-050.wav,183,reed_acoustic_018,7,reed,0,acoustic,77,50,16000,
-38.717278,24.569414,brass_acoustic_046-075-075,brass_acoustic_046-075-075,/root/autodl-tmp/tokenizer-eval/data/nsynth/nsynth-test/audio/brass_acoustic_046-075-075.wav,414,brass_acoustic_046,1,brass,0,acoustic,75,75,16000,bright
-26.800373,30.095661,flute_synthetic_000-090-100,flute_synthetic_000-090-100,/root/autodl-tmp/tokenizer-eval/data/nsynth/nsynth-test/audio/flute_synthetic_000-090-100.wav,82,flute_synthetic_000,2,flute,2,synthetic,90,100,16000,distortion
-40.726757,29.587433,flute_synthetic_000-086-075,flute_synthetic_000-086-075,/root/autodl-tmp/tokenizer-eval/data/nsynth/nsynth-test/audio/flute_synthetic_000-086-075.wav,82,flute_synthetic_000,2,flute,2,synthetic,86,75,16000,distortion
-4.9278536,-58.696167,organ_electronic_104-025-025,organ_electronic_104-025-025,/root/autodl-tmp/tokenizer-eval/data/nsynth/nsynth-test/audio/organ_electronic_104-025-025.wav,921,organ_electronic_104,6,organ,1,electronic,25,25,16000,
-36.375835,11.118429,vocal_synthetic_003-065-100,vocal_synthetic_003-065-100,/root/autodl-tmp/tokenizer-eval/data/nsynth/nsynth-test/audio/vocal_synthetic_003-065-100.wav,37,vocal_synthetic_003,10,vocal,2,synthetic,65,100,16000,bright|distortion|long_release|nonlinear_env
40.74988,-0.06023182,vocal_synthetic_003-048-127,vocal_synthetic_003-048-127,/root/autodl-tmp/tokenizer-eval/data/nsynth/nsynth-test/audio/vocal_synthetic_003-048-127.wav,37,vocal_synthetic_003,10,vocal,2,synthetic,48,127,16000,bright|distortion|long_release|nonlinear_env
-12.970594,8.66034,guitar_acoustic_021-065-127,guitar_acoustic_021-065-127,/root/autodl-tmp/tokenizer-eval/data/nsynth/nsynth-test/audio/guitar_acoustic_021-065-127.wav,457,guitar_acoustic_021,3,guitar,0,acoustic,65,127,16000,distortion
49.026737,-21.464666,reed_acoustic_011-045-075,reed_acoustic_011-045-075,/root/autodl-tmp/tokenizer-eval/data/nsynth/nsynth-test/audio/reed_acoustic_011-045-075.wav,104,reed_acoustic_011,7,reed,0,acoustic,45,75,16000,
7.213402,-40.333313,flute_synthetic_000-040-050,flute_synthetic_000-040-050,/root/autodl-tmp/tokenizer-eval/data/nsynth/nsynth-test/audio/flute_synthetic_000-040-050.wav,82,flute_synthetic_000,2,flute,2,synthetic,40,50,16000,distortion
49.580677,34.220955,reed_acoustic_023-031-075,reed_acoustic_023-031-075,/root/autodl-tmp/tokenizer-eval/data/nsynth/nsynth-test/audio/reed_acoustic_023-031-075.wav,224,reed_acoustic_023,7,reed,0,acoustic,31,75,16000,bright|fast_decay|multiphonic|nonlinear_env
-11.852436,-22.909342,keyboard_electronic_098-041-100,keyboard_electronic_098-041-100,/root/autodl-tmp/tokenizer-eval/data/nsynth/nsynth-test/audio/keyboard_electronic_098-041-100.wav,905,keyboard_electronic_098,4,keyboard,1,electronic,41,100,16000,dark|distortion
-26.522316,37.929783,string_acoustic_057-092-100,string_acoustic_057-092-100,/root/autodl-tmp/tokenizer-eval/data/nsynth/nsynth-test/audio/string_acoustic_057-092-100.wav,450,string_acoustic_057,8,string,0,acoustic,92,100,16000,nonlinear_env|reverb
-3.9398766,-40.256927,organ_electronic_104-033-025,organ_electronic_104-033-025,/root/autodl-tmp/tokenizer-eval/data/nsynth/nsynth-test/audio/organ_electronic_104-033-025.wav,921,organ_electronic_104,6,organ,1,electronic,33,25,16000,
20.340353,-41.662853,bass_synthetic_009-035-127,bass_synthetic_009-035-127,/root/autodl-tmp/tokenizer-eval/data/nsynth/nsynth-test/audio/bass_synthetic_009-035-127.wav,150,bass_synthetic_009,0,bass,2,synthetic,35,127,16000,bright|distortion|long_release
1.7656085,22.468464,bass_synthetic_068-077-127,bass_synthetic_068-077-127,/root/autodl-tmp/tokenizer-eval/data/nsynth/nsynth-test/audio/bass_synthetic_068-077-127.wav,656,bass_synthetic_068,0,bass,2,synthetic,77,127,16000,distortion
32.25,-3.266274,organ_electronic_028-036-100,organ_electronic_028-036-100,/root/autodl-tmp/tokenizer-eval/data/nsynth/nsynth-test/audio/organ_electronic_028-036-100.wav,440,organ_electronic_028,6,organ,1,electronic,36,100,16000,dark
-28.347687,2.9956453,brass_acoustic_006-063-075,brass_acoustic_006-063-075,/root/autodl-tmp/tokenizer-eval/data/nsynth/nsynth-test/audio/brass_acoustic_006-063-075.wav,43,brass_acoustic_006,1,brass,0,acoustic,63,75,16000,reverb
18.746153,43.224957,mallet_acoustic_056-050-075,mallet_acoustic_056-050-075,/root/autodl-tmp/tokenizer-eval/data/nsynth/nsynth-test/audio/mallet_acoustic_056-050-075.wav,590,mallet_acoustic_056,5,mallet,0,acoustic,50,75,16000,fast_decay|percussive
41.264786,39.72614,reed_acoustic_023-083-050,reed_acoustic_023-083-050,/root/autodl-tmp/tokenizer-eval/data/nsynth/nsynth-test/audio/reed_acoustic_023-083-050.wav,224,reed_acoustic_023,7,reed,0,acoustic,83,50,16000,bright|fast_decay|multiphonic|nonlinear_env
2.785529,17.974937,bass_synthetic_134-073-075,bass_synthetic_134-073-075,/root/autodl-tmp/tokenizer-eval/data/nsynth/nsynth-test/audio/bass_synthetic_134-073-075.wav,914,bass_synthetic_134,0,bass,2,synthetic,73,75,16000,dark|fast_decay|reverb
19.855003,-4.98526,keyboard_acoustic_004-086-100,keyboard_acoustic_004-086-100,/root/autodl-tmp/tokenizer-eval/data/nsynth/nsynth-test/audio/keyboard_acoustic_004-086-100.wav,327,keyboard_acoustic_004,4,keyboard,0,acoustic,86,100,16000,reverb
-42.28829,33.81413,reed_acoustic_018-086-050,reed_acoustic_018-086-050,/root/autodl-tmp/tokenizer-eval/data/nsynth/nsynth-test/audio/reed_acoustic_018-086-050.wav,183,reed_acoustic_018,7,reed,0,acoustic,86,50,16000,
-43.65272,30.333855,reed_acoustic_018-074-075,reed_acoustic_018-074-075,/root/autodl-tmp/tokenizer-eval/data/nsynth/nsynth-test/audio/reed_acoustic_018-074-075.wav,183,reed_acoustic_018,7,reed,0,acoustic,74,75,16000,
2.1239855,-38.99089,guitar_electronic_028-040-025,guitar_electronic_028-040-025,/root/autodl-tmp/tokenizer-eval/data/nsynth/nsynth-test/audio/guitar_electronic_028-040-025.wav,510,guitar_electronic_028,3,guitar,1,electronic,40,25,16000,dark
-6.8430333,16.070898,keyboard_acoustic_004-068-100,keyboard_acoustic_004-068-100,/root/autodl-tmp/tokenizer-eval/data/nsynth/nsynth-test/audio/keyboard_acoustic_004-068-100.wav,327,keyboard_acoustic_004,4,keyboard,0,acoustic,68,100,16000,reverb
-51.87173,-7.5997925,brass_acoustic_046-072-075,brass_acoustic_046-072-075,/root/autodl-tmp/tokenizer-eval/data/nsynth/nsynth-test/audio/brass_acoustic_046-072-075.wav,414,brass_acoustic_046,1,brass,0,acoustic,72,75,16000,bright
24.110481,-4.8129215,keyboard_electronic_001-076-025,keyboard_electronic_001-076-025,/root/autodl-tmp/tokenizer-eval/data/nsynth/nsynth-test/audio/keyboard_electronic_001-076-025.wav,40,keyboard_electronic_001,4,keyboard,1,electronic,76,25,16000,dark
-25.130402,-42.871006,keyboard_electronic_098-037-050,keyboard_electronic_098-037-050,/root/autodl-tmp/tokenizer-eval/data/nsynth/nsynth-test/audio/keyboard_electronic_098-037-050.wav,905,keyboard_electronic_098,4,keyboard,1,electronic,37,50,16000,dark|distortion
54.42224,-17.124693,organ_electronic_057-045-050,organ_electronic_057-045-050,/root/autodl-tmp/tokenizer-eval/data/nsynth/nsynth-test/audio/organ_electronic_057-045-050.wav,701,organ_electronic_057,6,organ,1,electronic,45,50,16000,dark
-41.271206,-17.883312,organ_electronic_028-061-050,organ_electronic_028-061-050,/root/autodl-tmp/tokenizer-eval/data/nsynth/nsynth-test/audio/organ_electronic_028-061-050.wav,440,organ_electronic_028,6,organ,1,electronic,61,50,16000,dark
40.86863,-1.6415229,vocal_synthetic_003-036-100,vocal_synthetic_003-036-100,/root/autodl-tmp/tokenizer-eval/data/nsynth/nsynth-test/audio/vocal_synthetic_003-036-100.wav,37,vocal_synthetic_003,10,vocal,2,synthetic,36,100,16000,bright|distortion|long_release|nonlinear_env
24.868546,23.427084,mallet_acoustic_047-073-025,mallet_acoustic_047-073-025,/root/autodl-tmp/tokenizer-eval/data/nsynth/nsynth-test/audio/mallet_acoustic_047-073-025.wav,488,mallet_acoustic_047,5,mallet,0,acoustic,73,25,16000,fast_decay|percussive|reverb
-38.21522,1.6557696,brass_acoustic_046-069-127,brass_acoustic_046-069-127,/root/autodl-tmp/tokenizer-eval/data/nsynth/nsynth-test/audio/brass_acoustic_046-069-127.wav,414,brass_acoustic_046,1,brass,0,acoustic,69,127,16000,bright
21.069174,-8.838506,bass_synthetic_134-032-127,bass_synthetic_134-032-127,/root/autodl-tmp/tokenizer-eval/data/nsynth/nsynth-test/audio/bass_synthetic_134-032-127.wav,914,bass_synthetic_134,0,bass,2,synthetic,32,127,16000,dark|reverb
-29.297691,33.79729,organ_electronic_057-079-075,organ_electronic_057-079-075,/root/autodl-tmp/tokenizer-eval/data/nsynth/nsynth-test/audio/organ_electronic_057-079-075.wav,701,organ_electronic_057,6,organ,1,electronic,79,75,16000,
-7.087863,2.5615315,bass_synthetic_068-061-075,bass_synthetic_068-061-075,/root/autodl-tmp/tokenizer-eval/data/nsynth/nsynth-test/audio/bass_synthetic_068-061-075.wav,656,bass_synthetic_068,0,bass,2,synthetic,61,75,16000,dark
-25.541416,7.0641985,vocal_acoustic_000-064-075,vocal_acoustic_000-064-075,/root/autodl-tmp/tokenizer-eval/data/nsynth/nsynth-test/audio/vocal_acoustic_000-064-075.wav,46,vocal_acoustic_000,10,vocal,0,acoustic,64,75,16000,reverb
-31.45141,-26.083977,vocal_synthetic_003-050-050,vocal_synthetic_003-050-050,/root/autodl-tmp/tokenizer-eval/data/nsynth/nsynth-test/audio/vocal_synthetic_003-050-050.wav,37,vocal_synthetic_003,10,vocal,2,synthetic,50,50,16000,distortion|long_release|nonlinear_env
-45.92075,23.701239,vocal_synthetic_003-074-025,vocal_synthetic_003-074-025,/root/autodl-tmp/tokenizer-eval/data/nsynth/nsynth-test/audio/vocal_synthetic_003-074-025.wav,37,vocal_synthetic_003,10,vocal,2,synthetic,74,25,16000,bright|distortion|long_release|nonlinear_env
27.993685,-16.43293,flute_synthetic_000-021-127,flute_synthetic_000-021-127,/root/autodl-tmp/tokenizer-eval/data/nsynth/nsynth-test/audio/flute_synthetic_000-021-127.wav,82,flute_synthetic_000,2,flute,2,synthetic,21,127,16000,distortion
42.595768,41.4333,reed_acoustic_023-067-050,reed_acoustic_023-067-050,/root/autodl-tmp/tokenizer-eval/data/nsynth/nsynth-test/audio/reed_acoustic_023-067-050.wav,224,reed_acoustic_023,7,reed,0,acoustic,67,50,16000,bright|fast_decay|multiphonic|nonlinear_env
-40.57672,-2.9380167,brass_acoustic_006-070-100,brass_acoustic_006-070-100,/root/autodl-tmp/tokenizer-eval/data/nsynth/nsynth-test/audio/brass_acoustic_006-070-100.wav,43,brass_acoustic_006,1,brass,0,acoustic,70,100,16000,long_release|reverb
-4.696439,27.900597,guitar_electronic_022-083-075,guitar_electronic_022-083-075,/root/autodl-tmp/tokenizer-eval/data/nsynth/nsynth-test/audio/guitar_electronic_022-083-075.wav,378,guitar_electronic_022,3,guitar,1,electronic,83,75,16000,
-23.19469,9.322136,vocal_acoustic_000-065-100,vocal_acoustic_000-065-100,/root/autodl-tmp/tokenizer-eval/data/nsynth/nsynth-test/audio/vocal_acoustic_000-065-100.wav,46,vocal_acoustic_000,10,vocal,0,acoustic,65,100,16000,reverb
18.25586,18.607265,string_acoustic_056-056-025,string_acoustic_056-056-025,/root/autodl-tmp/tokenizer-eval/data/nsynth/nsynth-test/audio/string_acoustic_056-056-025.wav,436,string_acoustic_056,8,string,0,acoustic,56,25,16000,fast_decay|percussive|reverb
28.033707,-87.61032,brass_acoustic_046-101-075,brass_acoustic_046-101-075,/root/autodl-tmp/tokenizer-eval/data/nsynth/nsynth-test/audio/brass_acoustic_046-101-075.wav,414,brass_acoustic_046,1,brass,0,acoustic,101,75,16000,long_release
26.589615,35.178127,guitar_acoustic_014-101-075,guitar_acoustic_014-101-075,/root/autodl-tmp/tokenizer-eval/data/nsynth/nsynth-test/audio/guitar_acoustic_014-101-075.wav,263,guitar_acoustic_014,3,guitar,0,acoustic,101,75,16000,fast_decay|percussive
0.48696634,-3.1948068,guitar_acoustic_030-048-050,guitar_acoustic_030-048-050,/root/autodl-tmp/tokenizer-eval/data/nsynth/nsynth-test/audio/guitar_acoustic_030-048-050.wav,642,guitar_acoustic_030,3,guitar,0,acoustic,48,50,16000,tempo-synced
23.895992,-20.88547,brass_acoustic_006-030-075,brass_acoustic_006-030-075,/root/autodl-tmp/tokenizer-eval/data/nsynth/nsynth-test/audio/brass_acoustic_006-030-075.wav,43,brass_acoustic_006,1,brass,0,acoustic,30,75,16000,reverb
27.574932,-89.37033,brass_acoustic_046-098-025,brass_acoustic_046-098-025,/root/autodl-tmp/tokenizer-eval/data/nsynth/nsynth-test/audio/brass_acoustic_046-098-025.wav,414,brass_acoustic_046,1,brass,0,acoustic,98,25,16000,long_release
25.360056,46.317394,guitar_acoustic_015-091-100,guitar_acoustic_015-091-100,/root/autodl-tmp/tokenizer-eval/data/nsynth/nsynth-test/audio/guitar_acoustic_015-091-100.wav,316,guitar_acoustic_015,3,guitar,0,acoustic,91,100,16000,fast_decay|percussive|reverb
-32.895622,-13.834837,brass_acoustic_059-059-075,brass_acoustic_059-059-075,/root/autodl-tmp/tokenizer-eval/data/nsynth/nsynth-test/audio/brass_acoustic_059-059-075.wav,572,brass_acoustic_059,1,brass,0,acoustic,59,75,16000,reverb
36.681755,-7.660314,bass_electronic_018-024-100,bass_electronic_018-024-100,/root/autodl-tmp/tokenizer-eval/data/nsynth/nsynth-test/audio/bass_electronic_018-024-100.wav,759,bass_electronic_018,0,bass,1,electronic,24,100,16000,
-31.440235,39.535812,string_acoustic_057-083-127,string_acoustic_057-083-127,/root/autodl-tmp/tokenizer-eval/data/nsynth/nsynth-test/audio/string_acoustic_057-083-127.wav,450,string_acoustic_057,8,string,0,acoustic,83,127,16000,bright|nonlinear_env|reverb
49.255756,-21.219133,reed_acoustic_011-045-050,reed_acoustic_011-045-050,/root/autodl-tmp/tokenizer-eval/data/nsynth/nsynth-test/audio/reed_acoustic_011-045-050.wav,104,reed_acoustic_011,7,reed,0,acoustic,45,50,16000,
-42.28834,33.81399,reed_acoustic_018-086-025,reed_acoustic_018-086-025,/root/autodl-tmp/tokenizer-eval/data/nsynth/nsynth-test/audio/reed_acoustic_018-086-025.wav,183,reed_acoustic_018,7,reed,0,acoustic,86,25,16000,
-38.882023,25.325457,flute_acoustic_002-075-100,flute_acoustic_002-075-100,/root/autodl-tmp/tokenizer-eval/data/nsynth/nsynth-test/audio/flute_acoustic_002-075-100.wav,86,flute_acoustic_002,2,flute,0,acoustic,75,100,16000,reverb
0.31638074,14.247794,keyboard_electronic_002-071-127,keyboard_electronic_002-071-127,/root/autodl-tmp/tokenizer-eval/data/nsynth/nsynth-test/audio/keyboard_electronic_002-071-127.wav,50,keyboard_electronic_002,4,keyboard,1,electronic,71,127,16000,distortion
14.593916,-27.818836,organ_electronic_007-043-025,organ_electronic_007-043-025,/root/autodl-tmp/tokenizer-eval/data/nsynth/nsynth-test/audio/organ_electronic_007-043-025.wav,123,organ_electronic_007,6,organ,1,electronic,43,25,16000,distortion|long_release|nonlinear_env
22.101778,19.696676,mallet_acoustic_047-091-025,mallet_acoustic_047-091-025,/root/autodl-tmp/tokenizer-eval/data/nsynth/nsynth-test/audio/mallet_acoustic_047-091-025.wav,488,mallet_acoustic_047,5,mallet,0,acoustic,91,25,16000,fast_decay|percussive|reverb
-25.929993,-12.6075535,string_acoustic_071-055-050,string_acoustic_071-055-050,/root/autodl-tmp/tokenizer-eval/data/nsynth/nsynth-test/audio/string_acoustic_071-055-050.wav,609,string_acoustic_071,8,string,0,acoustic,55,50,16000,long_release|reverb
-25.20889,41.235065,brass_acoustic_016-081-050,brass_acoustic_016-081-050,/root/autodl-tmp/tokenizer-eval/data/nsynth/nsynth-test/audio/brass_acoustic_016-081-050.wav,128,brass_acoustic_016,1,brass,0,acoustic,81,50,16000,bright
-12.264146,2.666336,brass_acoustic_015-062-100,brass_acoustic_015-062-100,/root/autodl-tmp/tokenizer-eval/data/nsynth/nsynth-test/audio/brass_acoustic_015-062-100.wav,121,brass_acoustic_015,1,brass,0,acoustic,62,100,16000,reverb
-35.41277,29.347713,organ_electronic_007-087-075,organ_electronic_007-087-075,/root/autodl-tmp/tokenizer-eval/data/nsynth/nsynth-test/audio/organ_electronic_007-087-075.wav,123,organ_electronic_007,6,organ,1,electronic,87,75,16000,long_release|nonlinear_env
50.249832,35.71368,reed_acoustic_023-033-127,reed_acoustic_023-033-127,/root/autodl-tmp/tokenizer-eval/data/nsynth/nsynth-test/audio/reed_acoustic_023-033-127.wav,224,reed_acoustic_023,7,reed,0,acoustic,33,127,16000,bright|fast_decay|multiphonic|nonlinear_env
-42.68972,-14.109173,string_acoustic_057-062-050,string_acoustic_057-062-050,/root/autodl-tmp/tokenizer-eval/data/nsynth/nsynth-test/audio/string_acoustic_057-062-050.wav,450,string_acoustic_057,8,string,0,acoustic,62,50,16000,bright|nonlinear_env|reverb
-16.696245,28.626186,keyboard_electronic_069-088-100,keyboard_electronic_069-088-100,/root/autodl-tmp/tokenizer-eval/data/nsynth/nsynth-test/audio/keyboard_electronic_069-088-100.wav,805,keyboard_electronic_069,4,keyboard,1,electronic,88,100,16000,
28.033707,-87.61032,brass_acoustic_046-086-050,brass_acoustic_046-086-050,/root/autodl-tmp/tokenizer-eval/data/nsynth/nsynth-test/audio/brass_acoustic_046-086-050.wav,414,brass_acoustic_046,1,brass,0,acoustic,86,50,16000,long_release
-29.16182,17.626534,reed_acoustic_037-068-127,reed_acoustic_037-068-127,/root/autodl-tmp/tokenizer-eval/data/nsynth/nsynth-test/audio/reed_acoustic_037-068-127.wav,387,reed_acoustic_037,7,reed,0,acoustic,68,127,16000,reverb
44.170425,1.7944857,mallet_acoustic_062-048-025,mallet_acoustic_062-048-025,/root/autodl-tmp/tokenizer-eval/data/nsynth/nsynth-test/audio/mallet_acoustic_062-048-025.wav,644,mallet_acoustic_062,5,mallet,0,acoustic,48,25,16000,dark|fast_decay|multiphonic
-37.320374,40.719486,flute_acoustic_002-098-025,flute_acoustic_002-098-025,/root/autodl-tmp/tokenizer-eval/data/nsynth/nsynth-test/audio/flute_acoustic_002-098-025.wav,86,flute_acoustic_002,2,flute,0,acoustic,98,25,16000,reverb
-26.930914,5.5088015,string_acoustic_057-064-050,string_acoustic_057-064-050,/root/autodl-tmp/tokenizer-eval/data/nsynth/nsynth-test/audio/string_acoustic_057-064-050.wav,450,string_acoustic_057,8,string,0,acoustic,64,50,16000,bright|nonlinear_env|reverb
-14.650236,9.788844,brass_acoustic_015-066-025,brass_acoustic_015-066-025,/root/autodl-tmp/tokenizer-eval/data/nsynth/nsynth-test/audio/brass_acoustic_015-066-025.wav,121,brass_acoustic_015,1,brass,0,acoustic,66,25,16000,reverb
34.41014,41.105255,keyboard_synthetic_000-073-050,keyboard_synthetic_000-073-050,/root/autodl-tmp/tokenizer-eval/data/nsynth/nsynth-test/audio/keyboard_synthetic_000-073-050.wav,577,keyboard_synthetic_000,4,keyboard,2,synthetic,73,50,16000,distortion|fast_decay|nonlinear_env
-34.11025,38.35373,organ_electronic_113-084-075,organ_electronic_113-084-075,/root/autodl-tmp/tokenizer-eval/data/nsynth/nsynth-test/audio/organ_electronic_113-084-075.wav,958,organ_electronic_113,6,organ,1,electronic,84,75,16000,
-33.491337,-5.388824,vocal_synthetic_003-057-025,vocal_synthetic_003-057-025,/root/autodl-tmp/tokenizer-eval/data/nsynth/nsynth-test/audio/vocal_synthetic_003-057-025.wav,37,vocal_synthetic_003,10,vocal,2,synthetic,57,25,16000,distortion|long_release|nonlinear_env
-8.319622,-1.3306289,guitar_electronic_022-061-075,guitar_electronic_022-061-075,/root/autodl-tmp/tokenizer-eval/data/nsynth/nsynth-test/audio/guitar_electronic_022-061-075.wav,378,guitar_electronic_022,3,guitar,1,electronic,61,75,16000,dark
-20.79165,-35.57493,brass_acoustic_015-049-050,brass_acoustic_015-049-050,/root/autodl-tmp/tokenizer-eval/data/nsynth/nsynth-test/audio/brass_acoustic_015-049-050.wav,121,brass_acoustic_015,1,brass,0,acoustic,49,50,16000,reverb
-36.594803,18.57165,organ_electronic_007-090-050,organ_electronic_007-090-050,/root/autodl-tmp/tokenizer-eval/data/nsynth/nsynth-test/audio/organ_electronic_007-090-050.wav,123,organ_electronic_007,6,organ,1,electronic,90,50,16000,long_release|nonlinear_env
-38.350716,37.795643,flute_synthetic_000-098-127,flute_synthetic_000-098-127,/root/autodl-tmp/tokenizer-eval/data/nsynth/nsynth-test/audio/flute_synthetic_000-098-127.wav,82,flute_synthetic_000,2,flute,2,synthetic,98,127,16000,distortion
31.211653,-33.60567,keyboard_electronic_003-046-050,keyboard_electronic_003-046-050,/root/autodl-tmp/tokenizer-eval/data/nsynth/nsynth-test/audio/keyboard_electronic_003-046-050.wav,65,keyboard_electronic_003,4,keyboard,1,electronic,46,50,16000,dark
-32.879852,32.94214,flute_synthetic_000-100-025,flute_synthetic_000-100-025,/root/autodl-tmp/tokenizer-eval/data/nsynth/nsynth-test/audio/flute_synthetic_000-100-025.wav,82,flute_synthetic_000,2,flute,2,synthetic,100,25,16000,bright|distortion
-16.42851,11.1937685,guitar_acoustic_010-066-100,guitar_acoustic_010-066-100,/root/autodl-tmp/tokenizer-eval/data/nsynth/nsynth-test/audio/guitar_acoustic_010-066-100.wav,219,guitar_acoustic_010,3,guitar,0,acoustic,66,100,16000,
8.327122,20.438824,mallet_acoustic_062-072-050,mallet_acoustic_062-072-050,/root/autodl-tmp/tokenizer-eval/data/nsynth/nsynth-test/audio/mallet_acoustic_062-072-050.wav,644,mallet_acoustic_062,5,mallet,0,acoustic,72,50,16000,dark|fast_decay|multiphonic
23.322144,-7.4095654,keyboard_electronic_001-071-025,keyboard_electronic_001-071-025,/root/autodl-tmp/tokenizer-eval/data/nsynth/nsynth-test/audio/keyboard_electronic_001-071-025.wav,40,keyboard_electronic_001,4,keyboard,1,electronic,71,25,16000,dark
-23.65043,39.192898,organ_electronic_028-092-025,organ_electronic_028-092-025,/root/autodl-tmp/tokenizer-eval/data/nsynth/nsynth-test/audio/organ_electronic_028-092-025.wav,440,organ_electronic_028,6,organ,1,electronic,92,25,16000,
22.069021,35.107014,guitar_acoustic_015-080-050,guitar_acoustic_015-080-050,/root/autodl-tmp/tokenizer-eval/data/nsynth/nsynth-test/audio/guitar_acoustic_015-080-050.wav,316,guitar_acoustic_015,3,guitar,0,acoustic,80,50,16000,fast_decay|percussive|reverb
-44.515278,-20.59982,brass_acoustic_016-060-075,brass_acoustic_016-060-075,/root/autodl-tmp/tokenizer-eval/data/nsynth/nsynth-test/audio/brass_acoustic_016-060-075.wav,128,brass_acoustic_016,1,brass,0,acoustic,60,75,16000,bright
21.53601,-14.641933,organ_electronic_007-016-100,organ_electronic_007-016-100,/root/autodl-tmp/tokenizer-eval/data/nsynth/nsynth-test/audio/organ_electronic_007-016-100.wav,123,organ_electronic_007,6,organ,1,electronic,16,100,16000,distortion|long_release|nonlinear_env
22.513994,13.454262,string_acoustic_014-059-050,string_acoustic_014-059-050,/root/autodl-tmp/tokenizer-eval/data/nsynth/nsynth-test/audio/string_acoustic_014-059-050.wav,100,string_acoustic_014,8,string,0,acoustic,59,50,16000,dark|reverb
13.106363,-29.551365,keyboard_acoustic_004-043-127,keyboard_acoustic_004-043-127,/root/autodl-tmp/tokenizer-eval/data/nsynth/nsynth-test/audio/keyboard_acoustic_004-043-127.wav,327,keyboard_acoustic_004,4,keyboard,0,acoustic,43,127,16000,reverb
-53.30351,11.842657,vocal_synthetic_003-078-100,vocal_synthetic_003-078-100,/root/autodl-tmp/tokenizer-eval/data/nsynth/nsynth-test/audio/vocal_synthetic_003-078-100.wav,37,vocal_synthetic_003,10,vocal,2,synthetic,78,100,16000,bright|distortion|long_release|nonlinear_env
49.319733,35.578587,reed_acoustic_023-039-075,reed_acoustic_023-039-075,/root/autodl-tmp/tokenizer-eval/data/nsynth/nsynth-test/audio/reed_acoustic_023-039-075.wav,224,reed_acoustic_023,7,reed,0,acoustic,39,75,16000,bright|fast_decay|multiphonic|nonlinear_env
-0.8814721,-57.73933,bass_electronic_025-032-075,bass_electronic_025-032-075,/root/autodl-tmp/tokenizer-eval/data/nsynth/nsynth-test/audio/bass_electronic_025-032-075.wav,872,bass_electronic_025,0,bass,1,electronic,32,75,16000,
-35.586746,42.7167,brass_acoustic_006-085-127,brass_acoustic_006-085-127,/root/autodl-tmp/tokenizer-eval/data/nsynth/nsynth-test/audio/brass_acoustic_006-085-127.wav,43,brass_acoustic_006,1,brass,0,acoustic,85,127,16000,reverb
13.144637,6.0572286,bass_synthetic_098-038-127,bass_synthetic_098-038-127,/root/autodl-tmp/tokenizer-eval/data/nsynth/nsynth-test/audio/bass_synthetic_098-038-127.wav,803,bass_synthetic_098,0,bass,2,synthetic,38,127,16000,distortion
25.06593,42.8916,mallet_acoustic_056-036-025,mallet_acoustic_056-036-025,/root/autodl-tmp/tokenizer-eval/data/nsynth/nsynth-test/audio/mallet_acoustic_056-036-025.wav,590,mallet_acoustic_056,5,mallet,0,acoustic,36,25,16000,bright|fast_decay|percussive
3.7247748,6.241979,brass_acoustic_015-052-075,brass_acoustic_015-052-075,/root/autodl-tmp/tokenizer-eval/data/nsynth/nsynth-test/audio/brass_acoustic_015-052-075.wav,121,brass_acoustic_015,1,brass,0,acoustic,52,75,16000,reverb
18.15696,14.591201,string_acoustic_014-054-100,string_acoustic_014-054-100,/root/autodl-tmp/tokenizer-eval/data/nsynth/nsynth-test/audio/string_acoustic_014-054-100.wav,100,string_acoustic_014,8,string,0,acoustic,54,100,16000,dark|fast_decay|reverb
-8.010617,-2.940981,guitar_acoustic_014-060-127,guitar_acoustic_014-060-127,/root/autodl-tmp/tokenizer-eval/data/nsynth/nsynth-test/audio/guitar_acoustic_014-060-127.wav,263,guitar_acoustic_014,3,guitar,0,acoustic,60,127,16000,
37.45618,41.274654,keyboard_synthetic_000-085-100,keyboard_synthetic_000-085-100,/root/autodl-tmp/tokenizer-eval/data/nsynth/nsynth-test/audio/keyboard_synthetic_000-085-100.wav,577,keyboard_synthetic_000,4,keyboard,2,synthetic,85,100,16000,bright|distortion|fast_decay|nonlinear_env
-33.499435,30.71548,string_acoustic_057-087-050,string_acoustic_057-087-050,/root/autodl-tmp/tokenizer-eval/data/nsynth/nsynth-test/audio/string_acoustic_057-087-050.wav,450,string_acoustic_057,8,string,0,acoustic,87,50,16000,bright|nonlinear_env|reverb
23.400995,46.263554,mallet_acoustic_056-044-025,mallet_acoustic_056-044-025,/root/autodl-tmp/tokenizer-eval/data/nsynth/nsynth-test/audio/mallet_acoustic_056-044-025.wav,590,mallet_acoustic_056,5,mallet,0,acoustic,44,25,16000,bright|fast_decay|percussive
-30.722332,4.727468,reed_acoustic_018-064-100,reed_acoustic_018-064-100,/root/autodl-tmp/tokenizer-eval/data/nsynth/nsynth-test/audio/reed_acoustic_018-064-100.wav,183,reed_acoustic_018,7,reed,0,acoustic,64,100,16000,
-53.467445,-2.4957945,organ_electronic_104-073-025,organ_electronic_104-073-025,/root/autodl-tmp/tokenizer-eval/data/nsynth/nsynth-test/audio/organ_electronic_104-073-025.wav,921,organ_electronic_104,6,organ,1,electronic,73,25,16000,
16.972088,18.278233,string_acoustic_056-053-025,string_acoustic_056-053-025,/root/autodl-tmp/tokenizer-eval/data/nsynth/nsynth-test/audio/string_acoustic_056-053-025.wav,436,string_acoustic_056,8,string,0,acoustic,53,25,16000,fast_decay|percussive|reverb
-4.77795,-19.6695,vocal_acoustic_000-051-127,vocal_acoustic_000-051-127,/root/autodl-tmp/tokenizer-eval/data/nsynth/nsynth-test/audio/vocal_acoustic_000-051-127.wav,46,vocal_acoustic_000,10,vocal,0,acoustic,51,127,16000,reverb
21.556265,-7.425948,keyboard_acoustic_004-087-025,keyboard_acoustic_004-087-025,/root/autodl-tmp/tokenizer-eval/data/nsynth/nsynth-test/audio/keyboard_acoustic_004-087-025.wav,327,keyboard_acoustic_004,4,keyboard,0,acoustic,87,25,16000,dark|reverb
22.697271,22.010645,mallet_acoustic_047-100-127,mallet_acoustic_047-100-127,/root/autodl-tmp/tokenizer-eval/data/nsynth/nsynth-test/audio/mallet_acoustic_047-100-127.wav,488,mallet_acoustic_047,5,mallet,0,acoustic,100,127,16000,fast_decay|percussive|reverb
-13.565992,-27.648561,brass_acoustic_006-034-100,brass_acoustic_006-034-100,/root/autodl-tmp/tokenizer-eval/data/nsynth/nsynth-test/audio/brass_acoustic_006-034-100.wav,43,brass_acoustic_006,1,brass,0,acoustic,34,100,16000,reverb
-35.72361,-8.784077,organ_electronic_007-058-127,organ_electronic_007-058-127,/root/autodl-tmp/tokenizer-eval/data/nsynth/nsynth-test/audio/organ_electronic_007-058-127.wav,123,organ_electronic_007,6,organ,1,electronic,58,127,16000,distortion|long_release|nonlinear_env
8.039426,-28.756912,brass_acoustic_059-039-127,brass_acoustic_059-039-127,/root/autodl-tmp/tokenizer-eval/data/nsynth/nsynth-test/audio/brass_acoustic_059-039-127.wav,572,brass_acoustic_059,1,brass,0,acoustic,39,127,16000,reverb
20.275476,14.722818,string_acoustic_014-034-127,string_acoustic_014-034-127,/root/autodl-tmp/tokenizer-eval/data/nsynth/nsynth-test/audio/string_acoustic_014-034-127.wav,100,string_acoustic_014,8,string,0,acoustic,34,127,16000,dark|fast_decay|reverb
-45.861347,12.299694,vocal_synthetic_003-104-075,vocal_synthetic_003-104-075,/root/autodl-tmp/tokenizer-eval/data/nsynth/nsynth-test/audio/vocal_synthetic_003-104-075.wav,37,vocal_synthetic_003,10,vocal,2,synthetic,104,75,16000,bright|distortion|long_release|nonlinear_env
20.875153,-3.4671402,keyboard_acoustic_004-079-075,keyboard_acoustic_004-079-075,/root/autodl-tmp/tokenizer-eval/data/nsynth/nsynth-test/audio/keyboard_acoustic_004-079-075.wav,327,keyboard_acoustic_004,4,keyboard,0,acoustic,79,75,16000,reverb
-3.1451693,-11.452274,guitar_acoustic_015-032-100,guitar_acoustic_015-032-100,/root/autodl-tmp/tokenizer-eval/data/nsynth/nsynth-test/audio/guitar_acoustic_015-032-100.wav,316,guitar_acoustic_015,3,guitar,0,acoustic,32,100,16000,reverb
53.627514,-16.68367,bass_electronic_027-033-127,bass_electronic_027-033-127,/root/autodl-tmp/tokenizer-eval/data/nsynth/nsynth-test/audio/bass_electronic_027-033-127.wav,880,bass_electronic_027,0,bass,1,electronic,33,127,16000,
-29.353962,10.233892,organ_electronic_007-065-025,organ_electronic_007-065-025,/root/autodl-tmp/tokenizer-eval/data/nsynth/nsynth-test/audio/organ_electronic_007-065-025.wav,123,organ_electronic_007,6,organ,1,electronic,65,25,16000,distortion|long_release|nonlinear_env
21.956238,-39.284393,string_acoustic_071-035-050,string_acoustic_071-035-050,/root/autodl-tmp/tokenizer-eval/data/nsynth/nsynth-test/audio/string_acoustic_071-035-050.wav,609,string_acoustic_071,8,string,0,acoustic,35,50,16000,long_release|reverb
48.126884,-18.725782,bass_synthetic_009-021-100,bass_synthetic_009-021-100,/root/autodl-tmp/tokenizer-eval/data/nsynth/nsynth-test/audio/bass_synthetic_009-021-100.wav,150,bass_synthetic_009,0,bass,2,synthetic,21,100,16000,bright|distortion|long_release
6.28799,-16.189919,guitar_acoustic_021-044-025,guitar_acoustic_021-044-025,/root/autodl-tmp/tokenizer-eval/data/nsynth/nsynth-test/audio/guitar_acoustic_021-044-025.wav,457,guitar_acoustic_021,3,guitar,0,acoustic,44,25,16000,
-38.34842,37.796204,flute_synthetic_000-098-075,flute_synthetic_000-098-075,/root/autodl-tmp/tokenizer-eval/data/nsynth/nsynth-test/audio/flute_synthetic_000-098-075.wav,82,flute_synthetic_000,2,flute,2,synthetic,98,75,16000,distortion
-20.91889,14.497948,reed_acoustic_018-067-025,reed_acoustic_018-067-025,/root/autodl-tmp/tokenizer-eval/data/nsynth/nsynth-test/audio/reed_acoustic_018-067-025.wav,183,reed_acoustic_018,7,reed,0,acoustic,67,25,16000,
-6.2812796,27.336876,mallet_acoustic_062-082-127,mallet_acoustic_062-082-127,/root/autodl-tmp/tokenizer-eval/data/nsynth/nsynth-test/audio/mallet_acoustic_062-082-127.wav,644,mallet_acoustic_062,5,mallet,0,acoustic,82,127,16000,multiphonic
-14.240647,-24.583057,organ_electronic_057-053-025,organ_electronic_057-053-025,/root/autodl-tmp/tokenizer-eval/data/nsynth/nsynth-test/audio/organ_electronic_057-053-025.wav,701,organ_electronic_057,6,organ,1,electronic,53,25,16000,dark
-18.77292,-15.932919,flute_synthetic_000-054-075,flute_synthetic_000-054-075,/root/autodl-tmp/tokenizer-eval/data/nsynth/nsynth-test/audio/flute_synthetic_000-054-075.wav,82,flute_synthetic_000,2,flute,2,synthetic,54,75,16000,distortion
-26.794964,30.092186,flute_synthetic_000-090-075,flute_synthetic_000-090-075,/root/autodl-tmp/tokenizer-eval/data/nsynth/nsynth-test/audio/flute_synthetic_000-090-075.wav,82,flute_synthetic_000,2,flute,2,synthetic,90,75,16000,distortion
-2.6634648,13.91656,bass_synthetic_135-069-025,bass_synthetic_135-069-025,/root/autodl-tmp/tokenizer-eval/data/nsynth/nsynth-test/audio/bass_synthetic_135-069-025.wav,927,bass_synthetic_135,0,bass,2,synthetic,69,25,16000,distortion
-43.8787,-12.661564,flute_synthetic_000-073-075,flute_synthetic_000-073-075,/root/autodl-tmp/tokenizer-eval/data/nsynth/nsynth-test/audio/flute_synthetic_000-073-075.wav,82,flute_synthetic_000,2,flute,2,synthetic,73,75,16000,distortion
15.589212,-38.557888,reed_acoustic_037-035-025,reed_acoustic_037-035-025,/root/autodl-tmp/tokenizer-eval/data/nsynth/nsynth-test/audio/reed_acoustic_037-035-025.wav,387,reed_acoustic_037,7,reed,0,acoustic,35,25,16000,reverb
-24.947327,-39.729256,mallet_acoustic_062-049-127,mallet_acoustic_062-049-127,/root/autodl-tmp/tokenizer-eval/data/nsynth/nsynth-test/audio/mallet_acoustic_062-049-127.wav,644,mallet_acoustic_062,5,mallet,0,acoustic,49,127,16000,dark|long_release|multiphonic
-7.0686655,32.239586,mallet_acoustic_056-116-050,mallet_acoustic_056-116-050,/root/autodl-tmp/tokenizer-eval/data/nsynth/nsynth-test/audio/mallet_acoustic_056-116-050.wav,590,mallet_acoustic_056,5,mallet,0,acoustic,116,50,16000,bright
23.103209,27.222801,mallet_acoustic_047-098-075,mallet_acoustic_047-098-075,/root/autodl-tmp/tokenizer-eval/data/nsynth/nsynth-test/audio/mallet_acoustic_047-098-075.wav,488,mallet_acoustic_047,5,mallet,0,acoustic,98,75,16000,fast_decay|percussive|reverb
50.471798,-12.766404,keyboard_electronic_001-026-100,keyboard_electronic_001-026-100,/root/autodl-tmp/tokenizer-eval/data/nsynth/nsynth-test/audio/keyboard_electronic_001-026-100.wav,40,keyboard_electronic_001,4,keyboard,1,electronic,26,100,16000,
24.510866,47.332,guitar_acoustic_014-102-100,guitar_acoustic_014-102-100,/root/autodl-tmp/tokenizer-eval/data/nsynth/nsynth-test/audio/guitar_acoustic_014-102-100.wav,263,guitar_acoustic_014,3,guitar,0,acoustic,102,100,16000,fast_decay|percussive
-10.601192,29.532675,bass_synthetic_034-105-127,bass_synthetic_034-105-127,/root/autodl-tmp/tokenizer-eval/data/nsynth/nsynth-test/audio/bass_synthetic_034-105-127.wav,420,bass_synthetic_034,0,bass,2,synthetic,105,127,16000,bright|distortion|tempo-synced
-25.067974,-41.787666,keyboard_electronic_098-037-100,keyboard_electronic_098-037-100,/root/autodl-tmp/tokenizer-eval/data/nsynth/nsynth-test/audio/keyboard_electronic_098-037-100.wav,905,keyboard_electronic_098,4,keyboard,1,electronic,37,100,16000,dark|distortion
-21.717083,-7.3910613,organ_electronic_057-056-025,organ_electronic_057-056-025,/root/autodl-tmp/tokenizer-eval/data/nsynth/nsynth-test/audio/organ_electronic_057-056-025.wav,701,organ_electronic_057,6,organ,1,electronic,56,25,16000,dark
20.914324,23.237835,mallet_acoustic_047-071-050,mallet_acoustic_047-071-050,/root/autodl-tmp/tokenizer-eval/data/nsynth/nsynth-test/audio/mallet_acoustic_047-071-050.wav,488,mallet_acoustic_047,5,mallet,0,acoustic,71,50,16000,fast_decay|percussive|reverb
55.647945,-17.391499,bass_synthetic_135-045-050,bass_synthetic_135-045-050,/root/autodl-tmp/tokenizer-eval/data/nsynth/nsynth-test/audio/bass_synthetic_135-045-050.wav,927,bass_synthetic_135,0,bass,2,synthetic,45,50,16000,distortion
1.1318328,13.9143305,guitar_acoustic_015-071-025,guitar_acoustic_015-071-025,/root/autodl-tmp/tokenizer-eval/data/nsynth/nsynth-test/audio/guitar_acoustic_015-071-025.wav,316,guitar_acoustic_015,3,guitar,0,acoustic,71,25,16000,reverb
21.366728,-39.42672,bass_electronic_027-035-100,bass_electronic_027-035-100,/root/autodl-tmp/tokenizer-eval/data/nsynth/nsynth-test/audio/bass_electronic_027-035-100.wav,880,bass_electronic_027,0,bass,1,electronic,35,100,16000,
-2.3555355,-21.387318,brass_acoustic_059-032-025,brass_acoustic_059-032-025,/root/autodl-tmp/tokenizer-eval/data/nsynth/nsynth-test/audio/brass_acoustic_059-032-025.wav,572,brass_acoustic_059,1,brass,0,acoustic,32,25,16000,reverb
23.896074,-20.88542,brass_acoustic_006-030-100,brass_acoustic_006-030-100,/root/autodl-tmp/tokenizer-eval/data/nsynth/nsynth-test/audio/brass_acoustic_006-030-100.wav,43,brass_acoustic_006,1,brass,0,acoustic,30,100,16000,reverb
-35.87316,26.56084,organ_electronic_001-087-025,organ_electronic_001-087-025,/root/autodl-tmp/tokenizer-eval/data/nsynth/nsynth-test/audio/organ_electronic_001-087-025.wav,8,organ_electronic_001,6,organ,1,electronic,87,25,16000,
48.204826,44.43786,keyboard_synthetic_000-048-127,keyboard_synthetic_000-048-127,/root/autodl-tmp/tokenizer-eval/data/nsynth/nsynth-test/audio/keyboard_synthetic_000-048-127.wav,577,keyboard_synthetic_000,4,keyboard,2,synthetic,48,127,16000,bright|distortion|fast_decay|nonlinear_env
9.470712,26.307163,guitar_electronic_028-105-050,guitar_electronic_028-105-050,/root/autodl-tmp/tokenizer-eval/data/nsynth/nsynth-test/audio/guitar_electronic_028-105-050.wav,510,guitar_electronic_028,3,guitar,1,electronic,105,50,16000,bright
-9.902745,-27.40317,bass_electronic_018-041-050,bass_electronic_018-041-050,/root/autodl-tmp/tokenizer-eval/data/nsynth/nsynth-test/audio/bass_electronic_018-041-050.wav,759,bass_electronic_018,0,bass,1,electronic,41,50,16000,
-14.466751,-5.050521,keyboard_electronic_003-058-100,keyboard_electronic_003-058-100,/root/autodl-tmp/tokenizer-eval/data/nsynth/nsynth-test/audio/keyboard_electronic_003-058-100.wav,65,keyboard_electronic_003,4,keyboard,1,electronic,58,100,16000,
17.94124,-24.652922,brass_acoustic_006-031-075,brass_acoustic_006-031-075,/root/autodl-tmp/tokenizer-eval/data/nsynth/nsynth-test/audio/brass_acoustic_006-031-075.wav,43,brass_acoustic_006,1,brass,0,acoustic,31,75,16000,reverb
-1.0630298,25.648668,keyboard_electronic_003-081-127,keyboard_electronic_003-081-127,/root/autodl-tmp/tokenizer-eval/data/nsynth/nsynth-test/audio/keyboard_electronic_003-081-127.wav,65,keyboard_electronic_003,4,keyboard,1,electronic,81,127,16000,
22.537275,34.702183,keyboard_electronic_002-081-100,keyboard_electronic_002-081-100,/root/autodl-tmp/tokenizer-eval/data/nsynth/nsynth-test/audio/keyboard_electronic_002-081-100.wav,50,keyboard_electronic_002,4,keyboard,1,electronic,81,100,16000,distortion|fast_decay
-1.2417643,-18.302286,keyboard_electronic_098-051-025,keyboard_electronic_098-051-025,/root/autodl-tmp/tokenizer-eval/data/nsynth/nsynth-test/audio/keyboard_electronic_098-051-025.wav,905,keyboard_electronic_098,4,keyboard,1,electronic,51,25,16000,dark
-3.97598,-37.46707,organ_electronic_028-052-075,organ_electronic_028-052-075,/root/autodl-tmp/tokenizer-eval/data/nsynth/nsynth-test/audio/organ_electronic_028-052-075.wav,440,organ_electronic_028,6,organ,1,electronic,52,75,16000,dark
-48.380157,-15.834078,brass_acoustic_059-060-075,brass_acoustic_059-060-075,/root/autodl-tmp/tokenizer-eval/data/nsynth/nsynth-test/audio/brass_acoustic_059-060-075.wav,572,brass_acoustic_059,1,brass,0,acoustic,60,75,16000,reverb
41.91666,39.222637,reed_acoustic_023-082-025,reed_acoustic_023-082-025,/root/autodl-tmp/tokenizer-eval/data/nsynth/nsynth-test/audio/reed_acoustic_023-082-025.wav,224,reed_acoustic_023,7,reed,0,acoustic,82,25,16000,bright|fast_decay|multiphonic|nonlinear_env
2.4514444,4.3284087,brass_acoustic_015-051-100,brass_acoustic_015-051-100,/root/autodl-tmp/tokenizer-eval/data/nsynth/nsynth-test/audio/brass_acoustic_015-051-100.wav,121,brass_acoustic_015,1,brass,0,acoustic,51,100,16000,reverb
-30.081842,5.3644023,brass_acoustic_046-064-127,brass_acoustic_046-064-127,/root/autodl-tmp/tokenizer-eval/data/nsynth/nsynth-test/audio/brass_acoustic_046-064-127.wav,414,brass_acoustic_046,1,brass,0,acoustic,64,127,16000,bright
-21.38898,-3.7877214,flute_synthetic_000-057-050,flute_synthetic_000-057-050,/root/autodl-tmp/tokenizer-eval/data/nsynth/nsynth-test/audio/flute_synthetic_000-057-050.wav,82,flute_synthetic_000,2,flute,2,synthetic,57,50,16000,distortion
27.574932,-89.37033,brass_acoustic_046-106-075,brass_acoustic_046-106-075,/root/autodl-tmp/tokenizer-eval/data/nsynth/nsynth-test/audio/brass_acoustic_046-106-075.wav,414,brass_acoustic_046,1,brass,0,acoustic,106,75,16000,long_release
46.591087,38.303772,reed_acoustic_023-046-100,reed_acoustic_023-046-100,/root/autodl-tmp/tokenizer-eval/data/nsynth/nsynth-test/audio/reed_acoustic_023-046-100.wav,224,reed_acoustic_023,7,reed,0,acoustic,46,100,16000,bright|fast_decay|multiphonic|nonlinear_env
-33.734978,-10.96366,reed_acoustic_018-058-100,reed_acoustic_018-058-100,/root/autodl-tmp/tokenizer-eval/data/nsynth/nsynth-test/audio/reed_acoustic_018-058-100.wav,183,reed_acoustic_018,7,reed,0,acoustic,58,100,16000,
-28.483753,17.910406,flute_acoustic_002-068-050,flute_acoustic_002-068-050,/root/autodl-tmp/tokenizer-eval/data/nsynth/nsynth-test/audio/flute_acoustic_002-068-050.wav,86,flute_acoustic_002,2,flute,0,acoustic,68,50,16000,long_release|reverb
-2.811126,-19.04632,keyboard_acoustic_004-051-127,keyboard_acoustic_004-051-127,/root/autodl-tmp/tokenizer-eval/data/nsynth/nsynth-test/audio/keyboard_acoustic_004-051-127.wav,327,keyboard_acoustic_004,4,keyboard,0,acoustic,51,127,16000,reverb
-49.454597,-6.9663954,vocal_synthetic_003-071-075,vocal_synthetic_003-071-075,/root/autodl-tmp/tokenizer-eval/data/nsynth/nsynth-test/audio/vocal_synthetic_003-071-075.wav,37,vocal_synthetic_003,10,vocal,2,synthetic,71,75,16000,bright|distortion|long_release|nonlinear_env
-54.352695,-1.9943931,brass_acoustic_015-073-050,brass_acoustic_015-073-050,/root/autodl-tmp/tokenizer-eval/data/nsynth/nsynth-test/audio/brass_acoustic_015-073-050.wav,121,brass_acoustic_015,1,brass,0,acoustic,73,50,16000,reverb
-20.91643,6.5669556,brass_acoustic_016-064-100,brass_acoustic_016-064-100,/root/autodl-tmp/tokenizer-eval/data/nsynth/nsynth-test/audio/brass_acoustic_016-064-100.wav,128,brass_acoustic_016,1,brass,0,acoustic,64,100,16000,bright
-25.087091,45.99444,organ_electronic_028-101-075,organ_electronic_028-101-075,/root/autodl-tmp/tokenizer-eval/data/nsynth/nsynth-test/audio/organ_electronic_028-101-075.wav,440,organ_electronic_028,6,organ,1,electronic,101,75,16000,bright
37.121086,-29.046892,bass_synthetic_033-022-050,bass_synthetic_033-022-050,/root/autodl-tmp/tokenizer-eval/data/nsynth/nsynth-test/audio/bass_synthetic_033-022-050.wav,417,bass_synthetic_033,0,bass,2,synthetic,22,50,16000,dark
-2.6848185,12.737865,bass_synthetic_134-069-075,bass_synthetic_134-069-075,/root/autodl-tmp/tokenizer-eval/data/nsynth/nsynth-test/audio/bass_synthetic_134-069-075.wav,914,bass_synthetic_134,0,bass,2,synthetic,69,75,16000,dark|reverb
-53.252827,11.792387,vocal_synthetic_003-078-127,vocal_synthetic_003-078-127,/root/autodl-tmp/tokenizer-eval/data/nsynth/nsynth-test/audio/vocal_synthetic_003-078-127.wav,37,vocal_synthetic_003,10,vocal,2,synthetic,78,127,16000,bright|distortion|long_release|nonlinear_env
23.661856,45.083702,mallet_acoustic_056-049-127,mallet_acoustic_056-049-127,/root/autodl-tmp/tokenizer-eval/data/nsynth/nsynth-test/audio/mallet_acoustic_056-049-127.wav,590,mallet_acoustic_056,5,mallet,0,acoustic,49,127,16000,bright|fast_decay|percussive
-47.451447,-7.3525896,brass_acoustic_006-071-025,brass_acoustic_006-071-025,/root/autodl-tmp/tokenizer-eval/data/nsynth/nsynth-test/audio/brass_acoustic_006-071-025.wav,43,brass_acoustic_006,1,brass,0,acoustic,71,25,16000,reverb
-50.29294,-3.555868,organ_electronic_113-072-100,organ_electronic_113-072-100,/root/autodl-tmp/tokenizer-eval/data/nsynth/nsynth-test/audio/organ_electronic_113-072-100.wav,958,organ_electronic_113,6,organ,1,electronic,72,100,16000,
-44.68567,-14.518081,vocal_acoustic_000-060-050,vocal_acoustic_000-060-050,/root/autodl-tmp/tokenizer-eval/data/nsynth/nsynth-test/audio/vocal_acoustic_000-060-050.wav,46,vocal_acoustic_000,10,vocal,0,acoustic,60,50,16000,reverb
26.910984,-2.4992895,bass_synthetic_135-035-025,bass_synthetic_135-035-025,/root/autodl-tmp/tokenizer-eval/data/nsynth/nsynth-test/audio/bass_synthetic_135-035-025.wav,927,bass_synthetic_135,0,bass,2,synthetic,35,25,16000,distortion
-9.884906,34.399452,guitar_electronic_028-095-075,guitar_electronic_028-095-075,/root/autodl-tmp/tokenizer-eval/data/nsynth/nsynth-test/audio/guitar_electronic_028-095-075.wav,510,guitar_electronic_028,3,guitar,1,electronic,95,75,16000,
-24.148582,14.146876,organ_electronic_057-067-127,organ_electronic_057-067-127,/root/autodl-tmp/tokenizer-eval/data/nsynth/nsynth-test/audio/organ_electronic_057-067-127.wav,701,organ_electronic_057,6,organ,1,electronic,67,127,16000,
-33.039577,31.97951,brass_acoustic_006-088-075,brass_acoustic_006-088-075,/root/autodl-tmp/tokenizer-eval/data/nsynth/nsynth-test/audio/brass_acoustic_006-088-075.wav,43,brass_acoustic_006,1,brass,0,acoustic,88,75,16000,reverb
15.972577,-43.711143,bass_synthetic_009-047-127,bass_synthetic_009-047-127,/root/autodl-tmp/tokenizer-eval/data/nsynth/nsynth-test/audio/bass_synthetic_009-047-127.wav,150,bass_synthetic_009,0,bass,2,synthetic,47,127,16000,bright|distortion|long_release
-51.16914,-5.4596605,brass_acoustic_006-072-050,brass_acoustic_006-072-050,/root/autodl-tmp/tokenizer-eval/data/nsynth/nsynth-test/audio/brass_acoustic_006-072-050.wav,43,brass_acoustic_006,1,brass,0,acoustic,72,50,16000,reverb
-7.175786,3.1626012,bass_electronic_018-049-075,bass_electronic_018-049-075,/root/autodl-tmp/tokenizer-eval/data/nsynth/nsynth-test/audio/bass_electronic_018-049-075.wav,759,bass_electronic_018,0,bass,1,electronic,49,75,16000,
-21.37833,-3.7931094,flute_synthetic_000-057-025,flute_synthetic_000-057-025,/root/autodl-tmp/tokenizer-eval/data/nsynth/nsynth-test/audio/flute_synthetic_000-057-025.wav,82,flute_synthetic_000,2,flute,2,synthetic,57,25,16000,distortion
-4.373617,36.75514,mallet_acoustic_056-091-100,mallet_acoustic_056-091-100,/root/autodl-tmp/tokenizer-eval/data/nsynth/nsynth-test/audio/mallet_acoustic_056-091-100.wav,590,mallet_acoustic_056,5,mallet,0,acoustic,91,100,16000,
-6.9760423,12.958902,mallet_acoustic_062-067-100,mallet_acoustic_062-067-100,/root/autodl-tmp/tokenizer-eval/data/nsynth/nsynth-test/audio/mallet_acoustic_062-067-100.wav,644,mallet_acoustic_062,5,mallet,0,acoustic,67,100,16000,dark|multiphonic
3.0087063,-41.941303,organ_electronic_057-040-127,organ_electronic_057-040-127,/root/autodl-tmp/tokenizer-eval/data/nsynth/nsynth-test/audio/organ_electronic_057-040-127.wav,701,organ_electronic_057,6,organ,1,electronic,40,127,16000,dark
6.8345523,-16.445438,keyboard_electronic_001-025-025,keyboard_electronic_001-025-025,/root/autodl-tmp/tokenizer-eval/data/nsynth/nsynth-test/audio/keyboard_electronic_001-025-025.wav,40,keyboard_electronic_001,4,keyboard,1,electronic,25,25,16000,dark|long_release
39.546196,41.22412,reed_acoustic_023-041-075,reed_acoustic_023-041-075,/root/autodl-tmp/tokenizer-eval/data/nsynth/nsynth-test/audio/reed_acoustic_023-041-075.wav,224,reed_acoustic_023,7,reed,0,acoustic,41,75,16000,bright|fast_decay|multiphonic|nonlinear_env
46.71863,43.786762,reed_acoustic_023-049-050,reed_acoustic_023-049-050,/root/autodl-tmp/tokenizer-eval/data/nsynth/nsynth-test/audio/reed_acoustic_023-049-050.wav,224,reed_acoustic_023,7,reed,0,acoustic,49,50,16000,bright|fast_decay|multiphonic|nonlinear_env
-24.122534,-43.233536,organ_electronic_057-037-025,organ_electronic_057-037-025,/root/autodl-tmp/tokenizer-eval/data/nsynth/nsynth-test/audio/organ_electronic_057-037-025.wav,701,organ_electronic_057,6,organ,1,electronic,37,25,16000,dark
24.704271,18.71205,mallet_acoustic_047-098-050,mallet_acoustic_047-098-050,/root/autodl-tmp/tokenizer-eval/data/nsynth/nsynth-test/audio/mallet_acoustic_047-098-050.wav,488,mallet_acoustic_047,5,mallet,0,acoustic,98,50,16000,fast_decay|percussive|reverb
26.09574,-20.246265,flute_synthetic_000-030-075,flute_synthetic_000-030-075,/root/autodl-tmp/tokenizer-eval/data/nsynth/nsynth-test/audio/flute_synthetic_000-030-075.wav,82,flute_synthetic_000,2,flute,2,synthetic,30,75,16000,distortion
35.50525,-29.216318,guitar_electronic_028-022-100,guitar_electronic_028-022-100,/root/autodl-tmp/tokenizer-eval/data/nsynth/nsynth-test/audio/guitar_electronic_028-022-100.wav,510,guitar_electronic_028,3,guitar,1,electronic,22,100,16000,dark
13.8676815,-13.958724,bass_synthetic_135-042-025,bass_synthetic_135-042-025,/root/autodl-tmp/tokenizer-eval/data/nsynth/nsynth-test/audio/bass_synthetic_135-042-025.wav,927,bass_synthetic_135,0,bass,2,synthetic,42,25,16000,distortion
-6.9490237,-36.81679,reed_acoustic_011-052-025,reed_acoustic_011-052-025,/root/autodl-tmp/tokenizer-eval/data/nsynth/nsynth-test/audio/reed_acoustic_011-052-025.wav,104,reed_acoustic_011,7,reed,0,acoustic,52,25,16000,
12.213061,-15.417634,organ_electronic_001-042-127,organ_electronic_001-042-127,/root/autodl-tmp/tokenizer-eval/data/nsynth/nsynth-test/audio/organ_electronic_001-042-127.wav,8,organ_electronic_001,6,organ,1,electronic,42,127,16000,dark
-29.885529,40.94875,flute_synthetic_000-107-127,flute_synthetic_000-107-127,/root/autodl-tmp/tokenizer-eval/data/nsynth/nsynth-test/audio/flute_synthetic_000-107-127.wav,82,flute_synthetic_000,2,flute,2,synthetic,107,127,16000,bright|distortion
19.132858,-43.339695,bass_synthetic_134-035-025,bass_synthetic_134-035-025,/root/autodl-tmp/tokenizer-eval/data/nsynth/nsynth-test/audio/bass_synthetic_134-035-025.wav,914,bass_synthetic_134,0,bass,2,synthetic,35,25,16000,dark|reverb
-4.504118,-26.168411,vocal_synthetic_003-040-127,vocal_synthetic_003-040-127,/root/autodl-tmp/tokenizer-eval/data/nsynth/nsynth-test/audio/vocal_synthetic_003-040-127.wav,37,vocal_synthetic_003,10,vocal,2,synthetic,40,127,16000,bright|distortion|long_release|nonlinear_env
31.398352,-34.605446,organ_electronic_113-034-127,organ_electronic_113-034-127,/root/autodl-tmp/tokenizer-eval/data/nsynth/nsynth-test/audio/organ_electronic_113-034-127.wav,958,organ_electronic_113,6,organ,1,electronic,34,127,16000,dark
16.764977,-18.071836,guitar_electronic_028-030-025,guitar_electronic_028-030-025,/root/autodl-tmp/tokenizer-eval/data/nsynth/nsynth-test/audio/guitar_electronic_028-030-025.wav,510,guitar_electronic_028,3,guitar,1,electronic,30,25,16000,dark
28.545742,35.90797,guitar_acoustic_014-087-075,guitar_acoustic_014-087-075,/root/autodl-tmp/tokenizer-eval/data/nsynth/nsynth-test/audio/guitar_acoustic_014-087-075.wav,263,guitar_acoustic_014,3,guitar,0,acoustic,87,75,16000,fast_decay|percussive
-23.367374,2.6765802,organ_electronic_001-074-100,organ_electronic_001-074-100,/root/autodl-tmp/tokenizer-eval/data/nsynth/nsynth-test/audio/organ_electronic_001-074-100.wav,8,organ_electronic_001,6,organ,1,electronic,74,100,16000,
20.96397,-40.74158,guitar_electronic_022-035-127,guitar_electronic_022-035-127,/root/autodl-tmp/tokenizer-eval/data/nsynth/nsynth-test/audio/guitar_electronic_022-035-127.wav,378,guitar_electronic_022,3,guitar,1,electronic,35,127,16000,dark
-5.1339445,-9.337764,guitar_acoustic_015-040-127,guitar_acoustic_015-040-127,/root/autodl-tmp/tokenizer-eval/data/nsynth/nsynth-test/audio/guitar_acoustic_015-040-127.wav,316,guitar_acoustic_015,3,guitar,0,acoustic,40,127,16000,long_release|reverb
12.254479,24.364027,bass_synthetic_134-083-050,bass_synthetic_134-083-050,/root/autodl-tmp/tokenizer-eval/data/nsynth/nsynth-test/audio/bass_synthetic_134-083-050.wav,914,bass_synthetic_134,0,bass,2,synthetic,83,50,16000,fast_decay|percussive|reverb
29.458923,17.41098,mallet_acoustic_047-086-025,mallet_acoustic_047-086-025,/root/autodl-tmp/tokenizer-eval/data/nsynth/nsynth-test/audio/mallet_acoustic_047-086-025.wav,488,mallet_acoustic_047,5,mallet,0,acoustic,86,25,16000,percussive|reverb
49.531574,37.171707,reed_acoustic_023-034-075,reed_acoustic_023-034-075,/root/autodl-tmp/tokenizer-eval/data/nsynth/nsynth-test/audio/reed_acoustic_023-034-075.wav,224,reed_acoustic_023,7,reed,0,acoustic,34,75,16000,bright|fast_decay|multiphonic|nonlinear_env
39.763752,36.439335,mallet_acoustic_062-083-050,mallet_acoustic_062-083-050,/root/autodl-tmp/tokenizer-eval/data/nsynth/nsynth-test/audio/mallet_acoustic_062-083-050.wav,644,mallet_acoustic_062,5,mallet,0,acoustic,83,50,16000,fast_decay|multiphonic
-27.690805,-22.760134,reed_acoustic_037-038-025,reed_acoustic_037-038-025,/root/autodl-tmp/tokenizer-eval/data/nsynth/nsynth-test/audio/reed_acoustic_037-038-025.wav,387,reed_acoustic_037,7,reed,0,acoustic,38,25,16000,reverb
4.1890535,-43.874485,mallet_acoustic_062-040-100,mallet_acoustic_062-040-100,/root/autodl-tmp/tokenizer-eval/data/nsynth/nsynth-test/audio/mallet_acoustic_062-040-100.wav,644,mallet_acoustic_062,5,mallet,0,acoustic,40,100,16000,dark|long_release|multiphonic
-11.321632,34.645313,mallet_acoustic_056-096-127,mallet_acoustic_056-096-127,/root/autodl-tmp/tokenizer-eval/data/nsynth/nsynth-test/audio/mallet_acoustic_056-096-127.wav,590,mallet_acoustic_056,5,mallet,0,acoustic,96,127,16000,
-22.301418,-38.3085,reed_acoustic_037-049-025,reed_acoustic_037-049-025,/root/autodl-tmp/tokenizer-eval/data/nsynth/nsynth-test/audio/reed_acoustic_037-049-025.wav,387,reed_acoustic_037,7,reed,0,acoustic,49,25,16000,reverb
10.0494,-24.452414,reed_acoustic_037-042-050,reed_acoustic_037-042-050,/root/autodl-tmp/tokenizer-eval/data/nsynth/nsynth-test/audio/reed_acoustic_037-042-050.wav,387,reed_acoustic_037,7,reed,0,acoustic,42,50,16000,reverb
-23.265898,4.1416907,organ_electronic_001-075-025,organ_electronic_001-075-025,/root/autodl-tmp/tokenizer-eval/data/nsynth/nsynth-test/audio/organ_electronic_001-075-025.wav,8,organ_electronic_001,6,organ,1,electronic,75,25,16000,
-53.49949,-7.2283216,vocal_synthetic_003-072-050,vocal_synthetic_003-072-050,/root/autodl-tmp/tokenizer-eval/data/nsynth/nsynth-test/audio/vocal_synthetic_003-072-050.wav,37,vocal_synthetic_003,10,vocal,2,synthetic,72,50,16000,bright|distortion|long_release|nonlinear_env
27.732231,48.360382,bass_synthetic_134-093-100,bass_synthetic_134-093-100,/root/autodl-tmp/tokenizer-eval/data/nsynth/nsynth-test/audio/bass_synthetic_134-093-100.wav,914,bass_synthetic_134,0,bass,2,synthetic,93,100,16000,fast_decay|percussive|reverb
-12.079775,3.740577,brass_acoustic_015-063-075,brass_acoustic_015-063-075,/root/autodl-tmp/tokenizer-eval/data/nsynth/nsynth-test/audio/brass_acoustic_015-063-075.wav,121,brass_acoustic_015,1,brass,0,acoustic,63,75,16000,reverb
-49.463943,-13.055546,bass_synthetic_009-060-100,bass_synthetic_009-060-100,/root/autodl-tmp/tokenizer-eval/data/nsynth/nsynth-test/audio/bass_synthetic_009-060-100.wav,150,bass_synthetic_009,0,bass,2,synthetic,60,100,16000,bright|distortion|long_release
18.254688,14.120777,string_acoustic_014-055-025,string_acoustic_014-055-025,/root/autodl-tmp/tokenizer-eval/data/nsynth/nsynth-test/audio/string_acoustic_014-055-025.wav,100,string_acoustic_014,8,string,0,acoustic,55,25,16000,dark|fast_decay|reverb
-42.76548,-16.978298,organ_electronic_001-073-100,organ_electronic_001-073-100,/root/autodl-tmp/tokenizer-eval/data/nsynth/nsynth-test/audio/organ_electronic_001-073-100.wav,8,organ_electronic_001,6,organ,1,electronic,73,100,16000,
-31.687044,-5.264646,vocal_synthetic_003-056-100,vocal_synthetic_003-056-100,/root/autodl-tmp/tokenizer-eval/data/nsynth/nsynth-test/audio/vocal_synthetic_003-056-100.wav,37,vocal_synthetic_003,10,vocal,2,synthetic,56,100,16000,bright|distortion|long_release|nonlinear_env
-6.2225213,40.145454,organ_electronic_028-090-025,organ_electronic_028-090-025,/root/autodl-tmp/tokenizer-eval/data/nsynth/nsynth-test/audio/organ_electronic_028-090-025.wav,440,organ_electronic_028,6,organ,1,electronic,90,25,16000,
-9.419068,-0.52505577,guitar_acoustic_021-061-025,guitar_acoustic_021-061-025,/root/autodl-tmp/tokenizer-eval/data/nsynth/nsynth-test/audio/guitar_acoustic_021-061-025.wav,457,guitar_acoustic_021,3,guitar,0,acoustic,61,25,16000,
30.726084,-1.1972169,string_acoustic_014-024-127,string_acoustic_014-024-127,/root/autodl-tmp/tokenizer-eval/data/nsynth/nsynth-test/audio/string_acoustic_014-024-127.wav,100,string_acoustic_014,8,string,0,acoustic,24,127,16000,dark|reverb
-19.347307,-23.880264,brass_acoustic_046-053-075,brass_acoustic_046-053-075,/root/autodl-tmp/tokenizer-eval/data/nsynth/nsynth-test/audio/brass_acoustic_046-053-075.wav,414,brass_acoustic_046,1,brass,0,acoustic,53,75,16000,
-7.632352,40.68525,flute_acoustic_002-091-100,flute_acoustic_002-091-100,/root/autodl-tmp/tokenizer-eval/data/nsynth/nsynth-test/audio/flute_acoustic_002-091-100.wav,86,flute_acoustic_002,2,flute,0,acoustic,91,100,16000,long_release|reverb
25.235754,44.260212,guitar_acoustic_015-096-075,guitar_acoustic_015-096-075,/root/autodl-tmp/tokenizer-eval/data/nsynth/nsynth-test/audio/guitar_acoustic_015-096-075.wav,316,guitar_acoustic_015,3,guitar,0,acoustic,96,75,16000,fast_decay|percussive|reverb
-2.5679874,-17.104635,guitar_acoustic_030-049-025,guitar_acoustic_030-049-025,/root/autodl-tmp/tokenizer-eval/data/nsynth/nsynth-test/audio/guitar_acoustic_030-049-025.wav,642,guitar_acoustic_030,3,guitar,0,acoustic,49,25,16000,tempo-synced
-10.299722,-5.003638,keyboard_electronic_078-059-025,keyboard_electronic_078-059-025,/root/autodl-tmp/tokenizer-eval/data/nsynth/nsynth-test/audio/keyboard_electronic_078-059-025.wav,838,keyboard_electronic_078,4,keyboard,1,electronic,59,25,16000,bright
-57.97871,-2.4539073,reed_acoustic_011-073-075,reed_acoustic_011-073-075,/root/autodl-tmp/tokenizer-eval/data/nsynth/nsynth-test/audio/reed_acoustic_011-073-075.wav,104,reed_acoustic_011,7,reed,0,acoustic,73,75,16000,
33.745995,-2.8340921,bass_electronic_027-036-025,bass_electronic_027-036-025,/root/autodl-tmp/tokenizer-eval/data/nsynth/nsynth-test/audio/bass_electronic_027-036-025.wav,880,bass_electronic_027,0,bass,1,electronic,36,25,16000,
34.702477,41.16419,keyboard_synthetic_000-072-050,keyboard_synthetic_000-072-050,/root/autodl-tmp/tokenizer-eval/data/nsynth/nsynth-test/audio/keyboard_synthetic_000-072-050.wav,577,keyboard_synthetic_000,4,keyboard,2,synthetic,72,50,16000,distortion|fast_decay|nonlinear_env
22.675236,-38.371956,string_acoustic_080-035-100,string_acoustic_080-035-100,/root/autodl-tmp/tokenizer-eval/data/nsynth/nsynth-test/audio/string_acoustic_080-035-100.wav,675,string_acoustic_080,8,string,0,acoustic,35,100,16000,long_release|reverb
-4.9834704,-38.50559,flute_synthetic_000-052-025,flute_synthetic_000-052-025,/root/autodl-tmp/tokenizer-eval/data/nsynth/nsynth-test/audio/flute_synthetic_000-052-025.wav,82,flute_synthetic_000,2,flute,2,synthetic,52,25,16000,distortion
-6.3288746,-33.954304,keyboard_electronic_078-052-127,keyboard_electronic_078-052-127,/root/autodl-tmp/tokenizer-eval/data/nsynth/nsynth-test/audio/keyboard_electronic_078-052-127.wav,838,keyboard_electronic_078,4,keyboard,1,electronic,52,127,16000,bright
-23.667736,-41.582676,flute_synthetic_000-049-100,flute_synthetic_000-049-100,/root/autodl-tmp/tokenizer-eval/data/nsynth/nsynth-test/audio/flute_synthetic_000-049-100.wav,82,flute_synthetic_000,2,flute,2,synthetic,49,100,16000,distortion
49.389668,-19.029154,reed_acoustic_037-033-075,reed_acoustic_037-033-075,/root/autodl-tmp/tokenizer-eval/data/nsynth/nsynth-test/audio/reed_acoustic_037-033-075.wav,387,reed_acoustic_037,7,reed,0,acoustic,33,75,16000,reverb
7.8040886,-27.642384,brass_acoustic_059-033-100,brass_acoustic_059-033-100,/root/autodl-tmp/tokenizer-eval/data/nsynth/nsynth-test/audio/brass_acoustic_059-033-100.wav,572,brass_acoustic_059,1,brass,0,acoustic,33,100,16000,reverb
6.658257,-39.385284,organ_electronic_028-040-025,organ_electronic_028-040-025,/root/autodl-tmp/tokenizer-eval/data/nsynth/nsynth-test/audio/organ_electronic_028-040-025.wav,440,organ_electronic_028,6,organ,1,electronic,40,25,16000,dark
23.968071,42.29595,keyboard_electronic_098-106-100,keyboard_electronic_098-106-100,/root/autodl-tmp/tokenizer-eval/data/nsynth/nsynth-test/audio/keyboard_electronic_098-106-100.wav,905,keyboard_electronic_098,4,keyboard,1,electronic,106,100,16000,bright|fast_decay|percussive
24.90573,-23.54787,flute_synthetic_000-039-100,flute_synthetic_000-039-100,/root/autodl-tmp/tokenizer-eval/data/nsynth/nsynth-test/audio/flute_synthetic_000-039-100.wav,82,flute_synthetic_000,2,flute,2,synthetic,39,100,16000,distortion
-21.207975,-44.47661,organ_electronic_007-037-075,organ_electronic_007-037-075,/root/autodl-tmp/tokenizer-eval/data/nsynth/nsynth-test/audio/organ_electronic_007-037-075.wav,123,organ_electronic_007,6,organ,1,electronic,37,75,16000,distortion|long_release|nonlinear_env
-47.77948,-14.83857,reed_acoustic_037-060-127,reed_acoustic_037-060-127,/root/autodl-tmp/tokenizer-eval/data/nsynth/nsynth-test/audio/reed_acoustic_037-060-127.wav,387,reed_acoustic_037,7,reed,0,acoustic,60,127,16000,reverb
-14.357063,-4.797986,bass_electronic_025-058-127,bass_electronic_025-058-127,/root/autodl-tmp/tokenizer-eval/data/nsynth/nsynth-test/audio/bass_electronic_025-058-127.wav,872,bass_electronic_025,0,bass,1,electronic,58,127,16000,
-17.701542,40.98819,reed_acoustic_018-083-127,reed_acoustic_018-083-127,/root/autodl-tmp/tokenizer-eval/data/nsynth/nsynth-test/audio/reed_acoustic_018-083-127.wav,183,reed_acoustic_018,7,reed,0,acoustic,83,127,16000,
-34.61543,45.32087,flute_acoustic_002-084-075,flute_acoustic_002-084-075,/root/autodl-tmp/tokenizer-eval/data/nsynth/nsynth-test/audio/flute_acoustic_002-084-075.wav,86,flute_acoustic_002,2,flute,0,acoustic,84,75,16000,long_release|reverb
-38.3478,37.796238,flute_synthetic_000-098-025,flute_synthetic_000-098-025,/root/autodl-tmp/tokenizer-eval/data/nsynth/nsynth-test/audio/flute_synthetic_000-098-025.wav,82,flute_synthetic_000,2,flute,2,synthetic,98,25,16000,distortion
-31.256805,11.289058,reed_acoustic_018-065-050,reed_acoustic_018-065-050,/root/autodl-tmp/tokenizer-eval/data/nsynth/nsynth-test/audio/reed_acoustic_018-065-050.wav,183,reed_acoustic_018,7,reed,0,acoustic,65,50,16000,
-18.632288,-39.192883,organ_electronic_028-025-127,organ_electronic_028-025-127,/root/autodl-tmp/tokenizer-eval/data/nsynth/nsynth-test/audio/organ_electronic_028-025-127.wav,440,organ_electronic_028,6,organ,1,electronic,25,127,16000,dark|long_release
26.00806,-22.638632,flute_synthetic_000-035-050,flute_synthetic_000-035-050,/root/autodl-tmp/tokenizer-eval/data/nsynth/nsynth-test/audio/flute_synthetic_000-035-050.wav,82,flute_synthetic_000,2,flute,2,synthetic,35,50,16000,distortion
-3.2867029,-20.485619,brass_acoustic_059-051-025,brass_acoustic_059-051-025,/root/autodl-tmp/tokenizer-eval/data/nsynth/nsynth-test/audio/brass_acoustic_059-051-025.wav,572,brass_acoustic_059,1,brass,0,acoustic,51,25,16000,dark|reverb
24.078712,38.85711,bass_synthetic_068-108-050,bass_synthetic_068-108-050,/root/autodl-tmp/tokenizer-eval/data/nsynth/nsynth-test/audio/bass_synthetic_068-108-050.wav,656,bass_synthetic_068,0,bass,2,synthetic,108,50,16000,bright|fast_decay|percussive
-20.827633,-48.28484,organ_electronic_057-025-050,organ_electronic_057-025-050,/root/autodl-tmp/tokenizer-eval/data/nsynth/nsynth-test/audio/organ_electronic_057-025-050.wav,701,organ_electronic_057,6,organ,1,electronic,25,50,16000,dark
27.148172,12.95511,string_acoustic_056-045-050,string_acoustic_056-045-050,/root/autodl-tmp/tokenizer-eval/data/nsynth/nsynth-test/audio/string_acoustic_056-045-050.wav,436,string_acoustic_056,8,string,0,acoustic,45,50,16000,fast_decay|reverb
-25.924955,-12.625476,string_acoustic_012-055-050,string_acoustic_012-055-050,/root/autodl-tmp/tokenizer-eval/data/nsynth/nsynth-test/audio/string_acoustic_012-055-050.wav,97,string_acoustic_012,8,string,0,acoustic,55,50,16000,long_release|reverb
-40.017834,0.11567991,reed_acoustic_037-069-075,reed_acoustic_037-069-075,/root/autodl-tmp/tokenizer-eval/data/nsynth/nsynth-test/audio/reed_acoustic_037-069-075.wav,387,reed_acoustic_037,7,reed,0,acoustic,69,75,16000,reverb
-28.76481,6.3791165,brass_acoustic_059-064-025,brass_acoustic_059-064-025,/root/autodl-tmp/tokenizer-eval/data/nsynth/nsynth-test/audio/brass_acoustic_059-064-025.wav,572,brass_acoustic_059,1,brass,0,acoustic,64,25,16000,reverb
40.515156,-1.2475638,vocal_synthetic_003-036-127,vocal_synthetic_003-036-127,/root/autodl-tmp/tokenizer-eval/data/nsynth/nsynth-test/audio/vocal_synthetic_003-036-127.wav,37,vocal_synthetic_003,10,vocal,2,synthetic,36,127,16000,bright|distortion|long_release|nonlinear_env
46.6016,-19.891796,bass_synthetic_009-026-050,bass_synthetic_009-026-050,/root/autodl-tmp/tokenizer-eval/data/nsynth/nsynth-test/audio/bass_synthetic_009-026-050.wav,150,bass_synthetic_009,0,bass,2,synthetic,26,50,16000,bright|distortion|long_release
-44.125267,-14.474037,string_acoustic_057-060-100,string_acoustic_057-060-100,/root/autodl-tmp/tokenizer-eval/data/nsynth/nsynth-test/audio/string_acoustic_057-060-100.wav,450,string_acoustic_057,8,string,0,acoustic,60,100,16000,bright|nonlinear_env|reverb
24.847237,44.60512,guitar_acoustic_015-090-075,guitar_acoustic_015-090-075,/root/autodl-tmp/tokenizer-eval/data/nsynth/nsynth-test/audio/guitar_acoustic_015-090-075.wav,316,guitar_acoustic_015,3,guitar,0,acoustic,90,75,16000,fast_decay|percussive|reverb
-57.37092,-3.4564927,reed_acoustic_018-073-127,reed_acoustic_018-073-127,/root/autodl-tmp/tokenizer-eval/data/nsynth/nsynth-test/audio/reed_acoustic_018-073-127.wav,183,reed_acoustic_018,7,reed,0,acoustic,73,127,16000,
-25.508371,39.381676,flute_synthetic_000-104-025,flute_synthetic_000-104-025,/root/autodl-tmp/tokenizer-eval/data/nsynth/nsynth-test/audio/flute_synthetic_000-104-025.wav,82,flute_synthetic_000,2,flute,2,synthetic,104,25,16000,bright|distortion
-38.059006,16.646593,organ_electronic_007-088-050,organ_electronic_007-088-050,/root/autodl-tmp/tokenizer-eval/data/nsynth/nsynth-test/audio/organ_electronic_007-088-050.wav,123,organ_electronic_007,6,organ,1,electronic,88,50,16000,long_release|nonlinear_env
-40.748653,21.449787,vocal_synthetic_003-076-075,vocal_synthetic_003-076-075,/root/autodl-tmp/tokenizer-eval/data/nsynth/nsynth-test/audio/vocal_synthetic_003-076-075.wav,37,vocal_synthetic_003,10,vocal,2,synthetic,76,75,16000,bright|distortion|long_release|nonlinear_env
30.422281,-0.9973155,string_acoustic_014-036-025,string_acoustic_014-036-025,/root/autodl-tmp/tokenizer-eval/data/nsynth/nsynth-test/audio/string_acoustic_014-036-025.wav,100,string_acoustic_014,8,string,0,acoustic,36,25,16000,dark|reverb
25.239252,8.867995,string_acoustic_014-031-075,string_acoustic_014-031-075,/root/autodl-tmp/tokenizer-eval/data/nsynth/nsynth-test/audio/string_acoustic_014-031-075.wav,100,string_acoustic_014,8,string,0,acoustic,31,75,16000,dark|fast_decay|reverb
-2.254184,-58.212616,string_acoustic_012-032-050,string_acoustic_012-032-050,/root/autodl-tmp/tokenizer-eval/data/nsynth/nsynth-test/audio/string_acoustic_012-032-050.wav,97,string_acoustic_012,8,string,0,acoustic,32,50,16000,reverb
37.646664,-6.2217236,vocal_synthetic_003-024-025,vocal_synthetic_003-024-025,/root/autodl-tmp/tokenizer-eval/data/nsynth/nsynth-test/audio/vocal_synthetic_003-024-025.wav,37,vocal_synthetic_003,10,vocal,2,synthetic,24,25,16000,distortion|long_release|nonlinear_env
2.7880924,-3.5483184,string_acoustic_014-049-100,string_acoustic_014-049-100,/root/autodl-tmp/tokenizer-eval/data/nsynth/nsynth-test/audio/string_acoustic_014-049-100.wav,100,string_acoustic_014,8,string,0,acoustic,49,100,16000,dark|reverb
-3.8663027,-37.446465,organ_electronic_028-052-050,organ_electronic_028-052-050,/root/autodl-tmp/tokenizer-eval/data/nsynth/nsynth-test/audio/organ_electronic_028-052-050.wav,440,organ_electronic_028,6,organ,1,electronic,52,50,16000,dark
28.947485,-32.420406,reed_acoustic_011-046-025,reed_acoustic_011-046-025,/root/autodl-tmp/tokenizer-eval/data/nsynth/nsynth-test/audio/reed_acoustic_011-046-025.wav,104,reed_acoustic_011,7,reed,0,acoustic,46,25,16000,
-38.515034,0.29445833,reed_acoustic_018-069-050,reed_acoustic_018-069-050,/root/autodl-tmp/tokenizer-eval/data/nsynth/nsynth-test/audio/reed_acoustic_018-069-050.wav,183,reed_acoustic_018,7,reed,0,acoustic,69,50,16000,
-19.879847,-49.248627,string_acoustic_071-037-025,string_acoustic_071-037-025,/root/autodl-tmp/tokenizer-eval/data/nsynth/nsynth-test/audio/string_acoustic_071-037-025.wav,609,string_acoustic_071,8,string,0,acoustic,37,25,16000,long_release|reverb
-6.949153,32.35431,mallet_acoustic_056-115-025,mallet_acoustic_056-115-025,/root/autodl-tmp/tokenizer-eval/data/nsynth/nsynth-test/audio/mallet_acoustic_056-115-025.wav,590,mallet_acoustic_056,5,mallet,0,acoustic,115,25,16000,bright|long_release
-8.88803,-37.924778,flute_synthetic_000-064-100,flute_synthetic_000-064-100,/root/autodl-tmp/tokenizer-eval/data/nsynth/nsynth-test/audio/flute_synthetic_000-064-100.wav,82,flute_synthetic_000,2,flute,2,synthetic,64,100,16000,distortion
45.259487,-18.727758,guitar_electronic_022-026-050,guitar_electronic_022-026-050,/root/autodl-tmp/tokenizer-eval/data/nsynth/nsynth-test/audio/guitar_electronic_022-026-050.wav,378,guitar_electronic_022,3,guitar,1,electronic,26,50,16000,dark
-51.43846,16.144428,vocal_synthetic_003-094-050,vocal_synthetic_003-094-050,/root/autodl-tmp/tokenizer-eval/data/nsynth/nsynth-test/audio/vocal_synthetic_003-094-050.wav,37,vocal_synthetic_003,10,vocal,2,synthetic,94,50,16000,bright|distortion|long_release|nonlinear_env
-10.909541,-10.392634,guitar_acoustic_015-054-025,guitar_acoustic_015-054-025,/root/autodl-tmp/tokenizer-eval/data/nsynth/nsynth-test/audio/guitar_acoustic_015-054-025.wav,316,guitar_acoustic_015,3,guitar,0,acoustic,54,25,16000,reverb
-5.885205,7.4247413,keyboard_electronic_001-051-127,keyboard_electronic_001-051-127,/root/autodl-tmp/tokenizer-eval/data/nsynth/nsynth-test/audio/keyboard_electronic_001-051-127.wav,40,keyboard_electronic_001,4,keyboard,1,electronic,51,127,16000,
-28.122559,17.252563,brass_acoustic_046-068-025,brass_acoustic_046-068-025,/root/autodl-tmp/tokenizer-eval/data/nsynth/nsynth-test/audio/brass_acoustic_046-068-025.wav,414,brass_acoustic_046,1,brass,0,acoustic,68,25,16000,
-28.825367,5.3789682,organ_electronic_007-064-075,organ_electronic_007-064-075,/root/autodl-tmp/tokenizer-eval/data/nsynth/nsynth-test/audio/organ_electronic_007-064-075.wav,123,organ_electronic_007,6,organ,1,electronic,64,75,16000,distortion|long_release|nonlinear_env
-12.2683935,-27.481403,brass_acoustic_006-041-025,brass_acoustic_006-041-025,/root/autodl-tmp/tokenizer-eval/data/nsynth/nsynth-test/audio/brass_acoustic_006-041-025.wav,43,brass_acoustic_006,1,brass,0,acoustic,41,25,16000,reverb
20.869083,12.182936,string_acoustic_014-034-100,string_acoustic_014-034-100,/root/autodl-tmp/tokenizer-eval/data/nsynth/nsynth-test/audio/string_acoustic_014-034-100.wav,100,string_acoustic_014,8,string,0,acoustic,34,100,16000,dark|reverb
-0.86171275,12.928472,guitar_acoustic_014-070-050,guitar_acoustic_014-070-050,/root/autodl-tmp/tokenizer-eval/data/nsynth/nsynth-test/audio/guitar_acoustic_014-070-050.wav,263,guitar_acoustic_014,3,guitar,0,acoustic,70,50,16000,
-37.345573,31.333942,flute_acoustic_002-087-025,flute_acoustic_002-087-025,/root/autodl-tmp/tokenizer-eval/data/nsynth/nsynth-test/audio/flute_acoustic_002-087-025.wav,86,flute_acoustic_002,2,flute,0,acoustic,87,25,16000,reverb
32.92817,-31.893412,organ_electronic_007-022-100,organ_electronic_007-022-100,/root/autodl-tmp/tokenizer-eval/data/nsynth/nsynth-test/audio/organ_electronic_007-022-100.wav,123,organ_electronic_007,6,organ,1,electronic,22,100,16000,distortion|long_release|nonlinear_env
-26.436075,-40.421665,organ_electronic_113-038-127,organ_electronic_113-038-127,/root/autodl-tmp/tokenizer-eval/data/nsynth/nsynth-test/audio/organ_electronic_113-038-127.wav,958,organ_electronic_113,6,organ,1,electronic,38,127,16000,dark
34.369347,42.199585,keyboard_synthetic_000-073-075,keyboard_synthetic_000-073-075,/root/autodl-tmp/tokenizer-eval/data/nsynth/nsynth-test/audio/keyboard_synthetic_000-073-075.wav,577,keyboard_synthetic_000,4,keyboard,2,synthetic,73,75,16000,distortion|fast_decay|nonlinear_env
26.44448,19.016554,mallet_acoustic_047-066-025,mallet_acoustic_047-066-025,/root/autodl-tmp/tokenizer-eval/data/nsynth/nsynth-test/audio/mallet_acoustic_047-066-025.wav,488,mallet_acoustic_047,5,mallet,0,acoustic,66,25,16000,fast_decay|percussive|reverb
23.371607,-16.5419,guitar_acoustic_021-030-100,guitar_acoustic_021-030-100,/root/autodl-tmp/tokenizer-eval/data/nsynth/nsynth-test/audio/guitar_acoustic_021-030-100.wav,457,guitar_acoustic_021,3,guitar,0,acoustic,30,100,16000,
-17.568747,3.7262428,keyboard_electronic_069-063-100,keyboard_electronic_069-063-100,/root/autodl-tmp/tokenizer-eval/data/nsynth/nsynth-test/audio/keyboard_electronic_069-063-100.wav,805,keyboard_electronic_069,4,keyboard,1,electronic,63,100,16000,distortion
-31.276228,42.52396,flute_synthetic_000-108-100,flute_synthetic_000-108-100,/root/autodl-tmp/tokenizer-eval/data/nsynth/nsynth-test/audio/flute_synthetic_000-108-100.wav,82,flute_synthetic_000,2,flute,2,synthetic,108,100,16000,bright|distortion
-5.671108,-58.29222,bass_electronic_027-025-025,bass_electronic_027-025-025,/root/autodl-tmp/tokenizer-eval/data/nsynth/nsynth-test/audio/bass_electronic_027-025-025.wav,880,bass_electronic_027,0,bass,1,electronic,25,25,16000,
47.00679,39.66419,reed_acoustic_023-058-025,reed_acoustic_023-058-025,/root/autodl-tmp/tokenizer-eval/data/nsynth/nsynth-test/audio/reed_acoustic_023-058-025.wav,224,reed_acoustic_023,7,reed,0,acoustic,58,25,16000,bright|fast_decay|multiphonic|nonlinear_env
27.574932,-89.37033,brass_acoustic_046-086-127,brass_acoustic_046-086-127,/root/autodl-tmp/tokenizer-eval/data/nsynth/nsynth-test/audio/brass_acoustic_046-086-127.wav,414,brass_acoustic_046,1,brass,0,acoustic,86,127,16000,long_release
-2.7244143,33.119812,bass_synthetic_135-105-025,bass_synthetic_135-105-025,/root/autodl-tmp/tokenizer-eval/data/nsynth/nsynth-test/audio/bass_synthetic_135-105-025.wav,927,bass_synthetic_135,0,bass,2,synthetic,105,25,16000,bright|distortion
8.751015,22.323112,mallet_acoustic_062-067-050,mallet_acoustic_062-067-050,/root/autodl-tmp/tokenizer-eval/data/nsynth/nsynth-test/audio/mallet_acoustic_062-067-050.wav,644,mallet_acoustic_062,5,mallet,0,acoustic,67,50,16000,dark|fast_decay|multiphonic
47.278584,-17.143969,guitar_acoustic_010-021-127,guitar_acoustic_010-021-127,/root/autodl-tmp/tokenizer-eval/data/nsynth/nsynth-test/audio/guitar_acoustic_010-021-127.wav,219,guitar_acoustic_010,3,guitar,0,acoustic,21,127,16000,
26.37044,45.60809,guitar_acoustic_015-101-075,guitar_acoustic_015-101-075,/root/autodl-tmp/tokenizer-eval/data/nsynth/nsynth-test/audio/guitar_acoustic_015-101-075.wav,316,guitar_acoustic_015,3,guitar,0,acoustic,101,75,16000,fast_decay|percussive|reverb
29.363268,-88.94816,brass_acoustic_046-095-050,brass_acoustic_046-095-050,/root/autodl-tmp/tokenizer-eval/data/nsynth/nsynth-test/audio/brass_acoustic_046-095-050.wav,414,brass_acoustic_046,1,brass,0,acoustic,95,50,16000,long_release
16.680168,-29.459675,organ_electronic_057-031-075,organ_electronic_057-031-075,/root/autodl-tmp/tokenizer-eval/data/nsynth/nsynth-test/audio/organ_electronic_057-031-075.wav,701,organ_electronic_057,6,organ,1,electronic,31,75,16000,dark
11.292263,-43.29921,string_acoustic_071-028-100,string_acoustic_071-028-100,/root/autodl-tmp/tokenizer-eval/data/nsynth/nsynth-test/audio/string_acoustic_071-028-100.wav,609,string_acoustic_071,8,string,0,acoustic,28,100,16000,long_release|reverb
51.26581,-13.2441025,guitar_acoustic_021-045-025,guitar_acoustic_021-045-025,/root/autodl-tmp/tokenizer-eval/data/nsynth/nsynth-test/audio/guitar_acoustic_021-045-025.wav,457,guitar_acoustic_021,3,guitar,0,acoustic,45,25,16000,
6.0095415,-41.319386,string_acoustic_012-040-127,string_acoustic_012-040-127,/root/autodl-tmp/tokenizer-eval/data/nsynth/nsynth-test/audio/string_acoustic_012-040-127.wav,97,string_acoustic_012,8,string,0,acoustic,40,127,16000,long_release|reverb
21.430073,-24.372446,organ_electronic_028-031-100,organ_electronic_028-031-100,/root/autodl-tmp/tokenizer-eval/data/nsynth/nsynth-test/audio/organ_electronic_028-031-100.wav,440,organ_electronic_028,6,organ,1,electronic,31,100,16000,dark
26.193699,21.223988,mallet_acoustic_047-078-025,mallet_acoustic_047-078-025,/root/autodl-tmp/tokenizer-eval/data/nsynth/nsynth-test/audio/mallet_acoustic_047-078-025.wav,488,mallet_acoustic_047,5,mallet,0,acoustic,78,25,16000,fast_decay|percussive|reverb
26.813044,35.016098,guitar_acoustic_014-099-050,guitar_acoustic_014-099-050,/root/autodl-tmp/tokenizer-eval/data/nsynth/nsynth-test/audio/guitar_acoustic_014-099-050.wav,263,guitar_acoustic_014,3,guitar,0,acoustic,99,50,16000,fast_decay|percussive
-26.221418,44.922016,flute_acoustic_002-105-075,flute_acoustic_002-105-075,/root/autodl-tmp/tokenizer-eval/data/nsynth/nsynth-test/audio/flute_acoustic_002-105-075.wav,86,flute_acoustic_002,2,flute,0,acoustic,105,75,16000,bright|reverb
-4.294118,36.72094,mallet_acoustic_056-091-127,mallet_acoustic_056-091-127,/root/autodl-tmp/tokenizer-eval/data/nsynth/nsynth-test/audio/mallet_acoustic_056-091-127.wav,590,mallet_acoustic_056,5,mallet,0,acoustic,91,127,16000,
-27.578863,43.853973,flute_acoustic_002-099-075,flute_acoustic_002-099-075,/root/autodl-tmp/tokenizer-eval/data/nsynth/nsynth-test/audio/flute_acoustic_002-099-075.wav,86,flute_acoustic_002,2,flute,0,acoustic,99,75,16000,bright|reverb
-34.058853,46.435104,reed_acoustic_018-084-050,reed_acoustic_018-084-050,/root/autodl-tmp/tokenizer-eval/data/nsynth/nsynth-test/audio/reed_acoustic_018-084-050.wav,183,reed_acoustic_018,7,reed,0,acoustic,84,50,16000,
21.403046,-18.242655,vocal_synthetic_003-023-100,vocal_synthetic_003-023-100,/root/autodl-tmp/tokenizer-eval/data/nsynth/nsynth-test/audio/vocal_synthetic_003-023-100.wav,37,vocal_synthetic_003,10,vocal,2,synthetic,23,100,16000,bright|distortion|long_release|nonlinear_env
24.4202,-19.994482,brass_acoustic_006-029-127,brass_acoustic_006-029-127,/root/autodl-tmp/tokenizer-eval/data/nsynth/nsynth-test/audio/brass_acoustic_006-029-127.wav,43,brass_acoustic_006,1,brass,0,acoustic,29,127,16000,reverb
-23.461067,6.8832035,organ_electronic_104-064-075,organ_electronic_104-064-075,/root/autodl-tmp/tokenizer-eval/data/nsynth/nsynth-test/audio/organ_electronic_104-064-075.wav,921,organ_electronic_104,6,organ,1,electronic,64,75,16000,
6.6607265,-41.813816,string_acoustic_071-040-100,string_acoustic_071-040-100,/root/autodl-tmp/tokenizer-eval/data/nsynth/nsynth-test/audio/string_acoustic_071-040-100.wav,609,string_acoustic_071,8,string,0,acoustic,40,100,16000,long_release|reverb
32.48853,-29.000502,bass_synthetic_068-034-075,bass_synthetic_068-034-075,/root/autodl-tmp/tokenizer-eval/data/nsynth/nsynth-test/audio/bass_synthetic_068-034-075.wav,656,bass_synthetic_068,0,bass,2,synthetic,34,75,16000,dark
12.697207,-43.447792,string_acoustic_012-028-025,string_acoustic_012-028-025,/root/autodl-tmp/tokenizer-eval/data/nsynth/nsynth-test/audio/string_acoustic_012-028-025.wav,97,string_acoustic_012,8,string,0,acoustic,28,25,16000,long_release|reverb
14.585868,-15.682721,flute_synthetic_000-042-025,flute_synthetic_000-042-025,/root/autodl-tmp/tokenizer-eval/data/nsynth/nsynth-test/audio/flute_synthetic_000-042-025.wav,82,flute_synthetic_000,2,flute,2,synthetic,42,25,16000,distortion
-24.080408,26.989395,flute_acoustic_002-078-100,flute_acoustic_002-078-100,/root/autodl-tmp/tokenizer-eval/data/nsynth/nsynth-test/audio/flute_acoustic_002-078-100.wav,86,flute_acoustic_002,2,flute,0,acoustic,78,100,16000,reverb
40.8969,-32.08528,guitar_electronic_028-029-127,guitar_electronic_028-029-127,/root/autodl-tmp/tokenizer-eval/data/nsynth/nsynth-test/audio/guitar_electronic_028-029-127.wav,510,guitar_electronic_028,3,guitar,1,electronic,29,127,16000,
-19.058172,4.0728884,guitar_acoustic_010-063-127,guitar_acoustic_010-063-127,/root/autodl-tmp/tokenizer-eval/data/nsynth/nsynth-test/audio/guitar_acoustic_010-063-127.wav,219,guitar_acoustic_010,3,guitar,0,acoustic,63,127,16000,
45.002186,-1.0386143,flute_synthetic_000-048-100,flute_synthetic_000-048-100,/root/autodl-tmp/tokenizer-eval/data/nsynth/nsynth-test/audio/flute_synthetic_000-048-100.wav,82,flute_synthetic_000,2,flute,2,synthetic,48,100,16000,distortion
-32.168613,7.7023735,bass_synthetic_009-064-127,bass_synthetic_009-064-127,/root/autodl-tmp/tokenizer-eval/data/nsynth/nsynth-test/audio/bass_synthetic_009-064-127.wav,150,bass_synthetic_009,0,bass,2,synthetic,64,127,16000,bright|distortion|long_release
4.118747,-43.993256,mallet_acoustic_062-040-127,mallet_acoustic_062-040-127,/root/autodl-tmp/tokenizer-eval/data/nsynth/nsynth-test/audio/mallet_acoustic_062-040-127.wav,644,mallet_acoustic_062,5,mallet,0,acoustic,40,127,16000,dark|long_release|multiphonic
23.225006,37.19338,keyboard_electronic_098-102-127,keyboard_electronic_098-102-127,/root/autodl-tmp/tokenizer-eval/data/nsynth/nsynth-test/audio/keyboard_electronic_098-102-127.wav,905,keyboard_electronic_098,4,keyboard,1,electronic,102,127,16000,bright|fast_decay|percussive
-38.19667,-7.5500903,vocal_acoustic_000-058-127,vocal_acoustic_000-058-127,/root/autodl-tmp/tokenizer-eval/data/nsynth/nsynth-test/audio/vocal_acoustic_000-058-127.wav,46,vocal_acoustic_000,10,vocal,0,acoustic,58,127,16000,reverb
18.802315,-30.326193,mallet_acoustic_062-043-100,mallet_acoustic_062-043-100,/root/autodl-tmp/tokenizer-eval/data/nsynth/nsynth-test/audio/mallet_acoustic_062-043-100.wav,644,mallet_acoustic_062,5,mallet,0,acoustic,43,100,16000,dark|long_release|multiphonic
51.575954,-20.942448,brass_acoustic_006-045-127,brass_acoustic_006-045-127,/root/autodl-tmp/tokenizer-eval/data/nsynth/nsynth-test/audio/brass_acoustic_006-045-127.wav,43,brass_acoustic_006,1,brass,0,acoustic,45,127,16000,reverb
-16.381092,-6.233593,keyboard_electronic_098-057-075,keyboard_electronic_098-057-075,/root/autodl-tmp/tokenizer-eval/data/nsynth/nsynth-test/audio/keyboard_electronic_098-057-075.wav,905,keyboard_electronic_098,4,keyboard,1,electronic,57,75,16000,dark
6.2191887,26.316309,guitar_electronic_028-108-127,guitar_electronic_028-108-127,/root/autodl-tmp/tokenizer-eval/data/nsynth/nsynth-test/audio/guitar_electronic_028-108-127.wav,510,guitar_electronic_028,3,guitar,1,electronic,108,127,16000,bright
-38.980568,-2.4403617,organ_electronic_001-081-075,organ_electronic_001-081-075,/root/autodl-tmp/tokenizer-eval/data/nsynth/nsynth-test/audio/organ_electronic_001-081-075.wav,8,organ_electronic_001,6,organ,1,electronic,81,75,16000,
16.798542,16.170744,string_acoustic_056-038-100,string_acoustic_056-038-100,/root/autodl-tmp/tokenizer-eval/data/nsynth/nsynth-test/audio/string_acoustic_056-038-100.wav,436,string_acoustic_056,8,string,0,acoustic,38,100,16000,fast_decay|reverb
-23.403017,22.464626,reed_acoustic_011-076-100,reed_acoustic_011-076-100,/root/autodl-tmp/tokenizer-eval/data/nsynth/nsynth-test/audio/reed_acoustic_011-076-100.wav,104,reed_acoustic_011,7,reed,0,acoustic,76,100,16000,
-2.0530357,-51.444134,brass_acoustic_006-044-025,brass_acoustic_006-044-025,/root/autodl-tmp/tokenizer-eval/data/nsynth/nsynth-test/audio/brass_acoustic_006-044-025.wav,43,brass_acoustic_006,1,brass,0,acoustic,44,25,16000,reverb
27.521791,-14.013465,bass_synthetic_009-010-025,bass_synthetic_009-010-025,/root/autodl-tmp/tokenizer-eval/data/nsynth/nsynth-test/audio/bass_synthetic_009-010-025.wav,150,bass_synthetic_009,0,bass,2,synthetic,10,25,16000,bright|distortion|long_release
-43.49354,29.177467,reed_acoustic_037-074-075,reed_acoustic_037-074-075,/root/autodl-tmp/tokenizer-eval/data/nsynth/nsynth-test/audio/reed_acoustic_037-074-075.wav,387,reed_acoustic_037,7,reed,0,acoustic,74,75,16000,reverb
-34.494286,-10.848762,brass_acoustic_046-058-025,brass_acoustic_046-058-025,/root/autodl-tmp/tokenizer-eval/data/nsynth/nsynth-test/audio/brass_acoustic_046-058-025.wav,414,brass_acoustic_046,1,brass,0,acoustic,58,25,16000,
-24.466122,-12.7149,flute_synthetic_000-055-050,flute_synthetic_000-055-050,/root/autodl-tmp/tokenizer-eval/data/nsynth/nsynth-test/audio/flute_synthetic_000-055-050.wav,82,flute_synthetic_000,2,flute,2,synthetic,55,50,16000,distortion
22.023056,35.581974,keyboard_electronic_002-097-025,keyboard_electronic_002-097-025,/root/autodl-tmp/tokenizer-eval/data/nsynth/nsynth-test/audio/keyboard_electronic_002-097-025.wav,50,keyboard_electronic_002,4,keyboard,1,electronic,97,25,16000,fast_decay|percussive
-41.038406,27.680878,organ_electronic_028-074-075,organ_electronic_028-074-075,/root/autodl-tmp/tokenizer-eval/data/nsynth/nsynth-test/audio/organ_electronic_028-074-075.wav,440,organ_electronic_028,6,organ,1,electronic,74,75,16000,dark
2.477585,20.219124,mallet_acoustic_056-074-127,mallet_acoustic_056-074-127,/root/autodl-tmp/tokenizer-eval/data/nsynth/nsynth-test/audio/mallet_acoustic_056-074-127.wav,590,mallet_acoustic_056,5,mallet,0,acoustic,74,127,16000,fast_decay
22.862011,44.189854,mallet_acoustic_056-046-025,mallet_acoustic_056-046-025,/root/autodl-tmp/tokenizer-eval/data/nsynth/nsynth-test/audio/mallet_acoustic_056-046-025.wav,590,mallet_acoustic_056,5,mallet,0,acoustic,46,25,16000,bright|fast_decay|percussive
26.975573,-18.545809,flute_synthetic_000-027-100,flute_synthetic_000-027-100,/root/autodl-tmp/tokenizer-eval/data/nsynth/nsynth-test/audio/flute_synthetic_000-027-100.wav,82,flute_synthetic_000,2,flute,2,synthetic,27,100,16000,distortion
43.819813,41.227093,reed_acoustic_023-075-050,reed_acoustic_023-075-050,/root/autodl-tmp/tokenizer-eval/data/nsynth/nsynth-test/audio/reed_acoustic_023-075-050.wav,224,reed_acoustic_023,7,reed,0,acoustic,75,50,16000,bright|fast_decay|multiphonic|nonlinear_env
41.979042,43.820454,reed_acoustic_023-092-025,reed_acoustic_023-092-025,/root/autodl-tmp/tokenizer-eval/data/nsynth/nsynth-test/audio/reed_acoustic_023-092-025.wav,224,reed_acoustic_023,7,reed,0,acoustic,92,25,16000,fast_decay|multiphonic|nonlinear_env
-14.434242,-10.58504,mallet_acoustic_062-053-050,mallet_acoustic_062-053-050,/root/autodl-tmp/tokenizer-eval/data/nsynth/nsynth-test/audio/mallet_acoustic_062-053-050.wav,644,mallet_acoustic_062,5,mallet,0,acoustic,53,50,16000,dark|multiphonic
45.35645,36.13441,reed_acoustic_023-054-075,reed_acoustic_023-054-075,/root/autodl-tmp/tokenizer-eval/data/nsynth/nsynth-test/audio/reed_acoustic_023-054-075.wav,224,reed_acoustic_023,7,reed,0,acoustic,54,75,16000,bright|fast_decay|multiphonic|nonlinear_env
42.15586,41.425636,reed_acoustic_023-068-050,reed_acoustic_023-068-050,/root/autodl-tmp/tokenizer-eval/data/nsynth/nsynth-test/audio/reed_acoustic_023-068-050.wav,224,reed_acoustic_023,7,reed,0,acoustic,68,50,16000,bright|fast_decay|multiphonic|nonlinear_env
-32.773636,-15.4793415,brass_acoustic_059-051-127,brass_acoustic_059-051-127,/root/autodl-tmp/tokenizer-eval/data/nsynth/nsynth-test/audio/brass_acoustic_059-051-127.wav,572,brass_acoustic_059,1,brass,0,acoustic,51,127,16000,reverb
-30.545067,-5.8637896,vocal_synthetic_003-044-127,vocal_synthetic_003-044-127,/root/autodl-tmp/tokenizer-eval/data/nsynth/nsynth-test/audio/vocal_synthetic_003-044-127.wav,37,vocal_synthetic_003,10,vocal,2,synthetic,44,127,16000,bright|distortion|long_release|nonlinear_env
-28.221235,39.263725,organ_electronic_001-093-075,organ_electronic_001-093-075,/root/autodl-tmp/tokenizer-eval/data/nsynth/nsynth-test/audio/organ_electronic_001-093-075.wav,8,organ_electronic_001,6,organ,1,electronic,93,75,16000,
-21.254162,-44.39524,organ_electronic_007-037-100,organ_electronic_007-037-100,/root/autodl-tmp/tokenizer-eval/data/nsynth/nsynth-test/audio/organ_electronic_007-037-100.wav,123,organ_electronic_007,6,organ,1,electronic,37,100,16000,distortion|long_release|nonlinear_env
-32.359066,36.093872,organ_electronic_113-080-075,organ_electronic_113-080-075,/root/autodl-tmp/tokenizer-eval/data/nsynth/nsynth-test/audio/organ_electronic_113-080-075.wav,958,organ_electronic_113,6,organ,1,electronic,80,75,16000,
16.468534,-40.132614,brass_acoustic_006-047-025,brass_acoustic_006-047-025,/root/autodl-tmp/tokenizer-eval/data/nsynth/nsynth-test/audio/brass_acoustic_006-047-025.wav,43,brass_acoustic_006,1,brass,0,acoustic,47,25,16000,reverb
-24.123491,-36.37757,flute_synthetic_000-061-075,flute_synthetic_000-061-075,/root/autodl-tmp/tokenizer-eval/data/nsynth/nsynth-test/audio/flute_synthetic_000-061-075.wav,82,flute_synthetic_000,2,flute,2,synthetic,61,75,16000,distortion
28.958433,47.368195,keyboard_synthetic_000-104-127,keyboard_synthetic_000-104-127,/root/autodl-tmp/tokenizer-eval/data/nsynth/nsynth-test/audio/keyboard_synthetic_000-104-127.wav,577,keyboard_synthetic_000,4,keyboard,2,synthetic,104,127,16000,bright|distortion|fast_decay|nonlinear_env|percussive
-7.4203854,-2.8303118,guitar_acoustic_010-060-127,guitar_acoustic_010-060-127,/root/autodl-tmp/tokenizer-eval/data/nsynth/nsynth-test/audio/guitar_acoustic_010-060-127.wav,219,guitar_acoustic_010,3,guitar,0,acoustic,60,127,16000,
-4.281109,-10.219733,guitar_acoustic_015-038-075,guitar_acoustic_015-038-075,/root/autodl-tmp/tokenizer-eval/data/nsynth/nsynth-test/audio/guitar_acoustic_015-038-075.wav,316,guitar_acoustic_015,3,guitar,0,acoustic,38,75,16000,reverb
33.722652,-19.456085,organ_electronic_007-029-127,organ_electronic_007-029-127,/root/autodl-tmp/tokenizer-eval/data/nsynth/nsynth-test/audio/organ_electronic_007-029-127.wav,123,organ_electronic_007,6,organ,1,electronic,29,127,16000,distortion|long_release|nonlinear_env
-20.30773,35.76528,flute_acoustic_002-081-075,flute_acoustic_002-081-075,/root/autodl-tmp/tokenizer-eval/data/nsynth/nsynth-test/audio/flute_acoustic_002-081-075.wav,86,flute_acoustic_002,2,flute,0,acoustic,81,75,16000,reverb
45.204277,43.116615,reed_acoustic_023-060-127,reed_acoustic_023-060-127,/root/autodl-tmp/tokenizer-eval/data/nsynth/nsynth-test/audio/reed_acoustic_023-060-127.wav,224,reed_acoustic_023,7,reed,0,acoustic,60,127,16000,bright|fast_decay|multiphonic|nonlinear_env
-25.90745,35.95687,flute_synthetic_000-092-127,flute_synthetic_000-092-127,/root/autodl-tmp/tokenizer-eval/data/nsynth/nsynth-test/audio/flute_synthetic_000-092-127.wav,82,flute_synthetic_000,2,flute,2,synthetic,92,127,16000,distortion
21.490936,38.981525,mallet_acoustic_056-058-100,mallet_acoustic_056-058-100,/root/autodl-tmp/tokenizer-eval/data/nsynth/nsynth-test/audio/mallet_acoustic_056-058-100.wav,590,mallet_acoustic_056,5,mallet,0,acoustic,58,100,16000,fast_decay|percussive
37.041416,-9.899719,guitar_acoustic_010-031-100,guitar_acoustic_010-031-100,/root/autodl-tmp/tokenizer-eval/data/nsynth/nsynth-test/audio/guitar_acoustic_010-031-100.wav,219,guitar_acoustic_010,3,guitar,0,acoustic,31,100,16000,
2.3478932,18.02757,keyboard_electronic_098-073-127,keyboard_electronic_098-073-127,/root/autodl-tmp/tokenizer-eval/data/nsynth/nsynth-test/audio/keyboard_electronic_098-073-127.wav,905,keyboard_electronic_098,4,keyboard,1,electronic,73,127,16000,
-53.89216,14.712682,vocal_synthetic_003-080-050,vocal_synthetic_003-080-050,/root/autodl-tmp/tokenizer-eval/data/nsynth/nsynth-test/audio/vocal_synthetic_003-080-050.wav,37,vocal_synthetic_003,10,vocal,2,synthetic,80,50,16000,bright|distortion|long_release|nonlinear_env
36.72455,37.05056,bass_synthetic_068-084-025,bass_synthetic_068-084-025,/root/autodl-tmp/tokenizer-eval/data/nsynth/nsynth-test/audio/bass_synthetic_068-084-025.wav,656,bass_synthetic_068,0,bass,2,synthetic,84,25,16000,fast_decay
-46.733543,-6.116437,string_acoustic_057-071-100,string_acoustic_057-071-100,/root/autodl-tmp/tokenizer-eval/data/nsynth/nsynth-test/audio/string_acoustic_057-071-100.wav,450,string_acoustic_057,8,string,0,acoustic,71,100,16000,bright|nonlinear_env|reverb
10.083795,5.9287996,bass_synthetic_033-072-050,bass_synthetic_033-072-050,/root/autodl-tmp/tokenizer-eval/data/nsynth/nsynth-test/audio/bass_synthetic_033-072-050.wav,417,bass_synthetic_033,0,bass,2,synthetic,72,50,16000,
-46.28656,-14.780194,brass_acoustic_006-060-100,brass_acoustic_006-060-100,/root/autodl-tmp/tokenizer-eval/data/nsynth/nsynth-test/audio/brass_acoustic_006-060-100.wav,43,brass_acoustic_006,1,brass,0,acoustic,60,100,16000,reverb
-29.326025,33.826977,organ_electronic_057-079-050,organ_electronic_057-079-050,/root/autodl-tmp/tokenizer-eval/data/nsynth/nsynth-test/audio/organ_electronic_057-079-050.wav,701,organ_electronic_057,6,organ,1,electronic,79,50,16000,
17.435123,-30.186338,string_acoustic_071-031-075,string_acoustic_071-031-075,/root/autodl-tmp/tokenizer-eval/data/nsynth/nsynth-test/audio/string_acoustic_071-031-075.wav,609,string_acoustic_071,8,string,0,acoustic,31,75,16000,long_release|reverb
-29.97894,-15.604973,brass_acoustic_016-057-100,brass_acoustic_016-057-100,/root/autodl-tmp/tokenizer-eval/data/nsynth/nsynth-test/audio/brass_acoustic_016-057-100.wav,128,brass_acoustic_016,1,brass,0,acoustic,57,100,16000,
-45.822094,12.460572,vocal_synthetic_003-104-025,vocal_synthetic_003-104-025,/root/autodl-tmp/tokenizer-eval/data/nsynth/nsynth-test/audio/vocal_synthetic_003-104-025.wav,37,vocal_synthetic_003,10,vocal,2,synthetic,104,25,16000,bright|distortion|long_release|nonlinear_env
11.95583,-8.294288,string_acoustic_071-038-075,string_acoustic_071-038-075,/root/autodl-tmp/tokenizer-eval/data/nsynth/nsynth-test/audio/string_acoustic_071-038-075.wav,609,string_acoustic_071,8,string,0,acoustic,38,75,16000,long_release|reverb
-37.688515,11.306962,vocal_synthetic_003-066-100,vocal_synthetic_003-066-100,/root/autodl-tmp/tokenizer-eval/data/nsynth/nsynth-test/audio/vocal_synthetic_003-066-100.wav,37,vocal_synthetic_003,10,vocal,2,synthetic,66,100,16000,bright|distortion|long_release|nonlinear_env
49.470894,-16.874044,keyboard_electronic_069-033-050,keyboard_electronic_069-033-050,/root/autodl-tmp/tokenizer-eval/data/nsynth/nsynth-test/audio/keyboard_electronic_069-033-050.wav,805,keyboard_electronic_069,4,keyboard,1,electronic,33,50,16000,distortion
-46.124554,19.756994,vocal_synthetic_003-088-025,vocal_synthetic_003-088-025,/root/autodl-tmp/tokenizer-eval/data/nsynth/nsynth-test/audio/vocal_synthetic_003-088-025.wav,37,vocal_synthetic_003,10,vocal,2,synthetic,88,25,16000,bright|distortion|long_release|nonlinear_env
29.305708,18.733593,mallet_acoustic_047-084-127,mallet_acoustic_047-084-127,/root/autodl-tmp/tokenizer-eval/data/nsynth/nsynth-test/audio/mallet_acoustic_047-084-127.wav,488,mallet_acoustic_047,5,mallet,0,acoustic,84,127,16000,fast_decay|percussive|reverb
22.186846,27.655832,mallet_acoustic_047-072-075,mallet_acoustic_047-072-075,/root/autodl-tmp/tokenizer-eval/data/nsynth/nsynth-test/audio/mallet_acoustic_047-072-075.wav,488,mallet_acoustic_047,5,mallet,0,acoustic,72,75,16000,fast_decay|percussive|reverb
21.334715,-6.567672,keyboard_acoustic_004-090-025,keyboard_acoustic_004-090-025,/root/autodl-tmp/tokenizer-eval/data/nsynth/nsynth-test/audio/keyboard_acoustic_004-090-025.wav,327,keyboard_acoustic_004,4,keyboard,0,acoustic,90,25,16000,dark|reverb
-21.023703,-45.987606,organ_electronic_007-025-075,organ_electronic_007-025-075,/root/autodl-tmp/tokenizer-eval/data/nsynth/nsynth-test/audio/organ_electronic_007-025-075.wav,123,organ_electronic_007,6,organ,1,electronic,25,75,16000,distortion|long_release|nonlinear_env
-32.78374,40.99658,flute_synthetic_000-095-025,flute_synthetic_000-095-025,/root/autodl-tmp/tokenizer-eval/data/nsynth/nsynth-test/audio/flute_synthetic_000-095-025.wav,82,flute_synthetic_000,2,flute,2,synthetic,95,25,16000,distortion
11.67148,-27.762499,brass_acoustic_059-043-075,brass_acoustic_059-043-075,/root/autodl-tmp/tokenizer-eval/data/nsynth/nsynth-test/audio/brass_acoustic_059-043-075.wav,572,brass_acoustic_059,1,brass,0,acoustic,43,75,16000,bright|reverb
-36.847622,-5.3828497,vocal_acoustic_000-057-025,vocal_acoustic_000-057-025,/root/autodl-tmp/tokenizer-eval/data/nsynth/nsynth-test/audio/vocal_acoustic_000-057-025.wav,46,vocal_acoustic_000,10,vocal,0,acoustic,57,25,16000,reverb
37.30456,41.55264,keyboard_synthetic_000-084-025,keyboard_synthetic_000-084-025,/root/autodl-tmp/tokenizer-eval/data/nsynth/nsynth-test/audio/keyboard_synthetic_000-084-025.wav,577,keyboard_synthetic_000,4,keyboard,2,synthetic,84,25,16000,distortion|fast_decay|nonlinear_env
-45.586765,-12.509717,flute_synthetic_000-072-025,flute_synthetic_000-072-025,/root/autodl-tmp/tokenizer-eval/data/nsynth/nsynth-test/audio/flute_synthetic_000-072-025.wav,82,flute_synthetic_000,2,flute,2,synthetic,72,25,16000,distortion
-27.219856,-7.9257445,reed_acoustic_037-056-025,reed_acoustic_037-056-025,/root/autodl-tmp/tokenizer-eval/data/nsynth/nsynth-test/audio/reed_acoustic_037-056-025.wav,387,reed_acoustic_037,7,reed,0,acoustic,56,25,16000,reverb
42.901894,2.1631913,reed_acoustic_011-048-100,reed_acoustic_011-048-100,/root/autodl-tmp/tokenizer-eval/data/nsynth/nsynth-test/audio/reed_acoustic_011-048-100.wav,104,reed_acoustic_011,7,reed,0,acoustic,48,100,16000,bright
-35.756104,36.073715,bass_synthetic_009-086-075,bass_synthetic_009-086-075,/root/autodl-tmp/tokenizer-eval/data/nsynth/nsynth-test/audio/bass_synthetic_009-086-075.wav,150,bass_synthetic_009,0,bass,2,synthetic,86,75,16000,long_release
5.9945693,-30.658789,reed_acoustic_011-037-075,reed_acoustic_011-037-075,/root/autodl-tmp/tokenizer-eval/data/nsynth/nsynth-test/audio/reed_acoustic_011-037-075.wav,104,reed_acoustic_011,7,reed,0,acoustic,37,75,16000,
-46.729084,-17.945545,reed_acoustic_018-061-100,reed_acoustic_018-061-100,/root/autodl-tmp/tokenizer-eval/data/nsynth/nsynth-test/audio/reed_acoustic_018-061-100.wav,183,reed_acoustic_018,7,reed,0,acoustic,61,100,16000,
-10.932,14.103909,guitar_acoustic_015-067-050,guitar_acoustic_015-067-050,/root/autodl-tmp/tokenizer-eval/data/nsynth/nsynth-test/audio/guitar_acoustic_015-067-050.wav,316,guitar_acoustic_015,3,guitar,0,acoustic,67,50,16000,reverb
13.075906,-17.764956,guitar_acoustic_014-042-127,guitar_acoustic_014-042-127,/root/autodl-tmp/tokenizer-eval/data/nsynth/nsynth-test/audio/guitar_acoustic_014-042-127.wav,263,guitar_acoustic_014,3,guitar,0,acoustic,42,127,16000,
-28.761646,10.805698,brass_acoustic_006-065-050,brass_acoustic_006-065-050,/root/autodl-tmp/tokenizer-eval/data/nsynth/nsynth-test/audio/brass_acoustic_006-065-050.wav,43,brass_acoustic_006,1,brass,0,acoustic,65,50,16000,reverb
-50.063587,-1.926207,organ_electronic_028-072-025,organ_electronic_028-072-025,/root/autodl-tmp/tokenizer-eval/data/nsynth/nsynth-test/audio/organ_electronic_028-072-025.wav,440,organ_electronic_028,6,organ,1,electronic,72,25,16000,dark
21.705528,25.963522,string_acoustic_056-069-025,string_acoustic_056-069-025,/root/autodl-tmp/tokenizer-eval/data/nsynth/nsynth-test/audio/string_acoustic_056-069-025.wav,436,string_acoustic_056,8,string,0,acoustic,69,25,16000,fast_decay|percussive|reverb
-26.20574,3.6123054,string_acoustic_057-063-075,string_acoustic_057-063-075,/root/autodl-tmp/tokenizer-eval/data/nsynth/nsynth-test/audio/string_acoustic_057-063-075.wav,450,string_acoustic_057,8,string,0,acoustic,63,75,16000,bright|nonlinear_env|reverb
-21.294327,-14.333495,vocal_acoustic_000-054-100,vocal_acoustic_000-054-100,/root/autodl-tmp/tokenizer-eval/data/nsynth/nsynth-test/audio/vocal_acoustic_000-054-100.wav,46,vocal_acoustic_000,10,vocal,0,acoustic,54,100,16000,reverb
-13.834235,-5.833692,keyboard_acoustic_004-058-127,keyboard_acoustic_004-058-127,/root/autodl-tmp/tokenizer-eval/data/nsynth/nsynth-test/audio/keyboard_acoustic_004-058-127.wav,327,keyboard_acoustic_004,4,keyboard,0,acoustic,58,127,16000,reverb
26.81927,39.6715,string_acoustic_056-071-075,string_acoustic_056-071-075,/root/autodl-tmp/tokenizer-eval/data/nsynth/nsynth-test/audio/string_acoustic_056-071-075.wav,436,string_acoustic_056,8,string,0,acoustic,71,75,16000,fast_decay|percussive|reverb
26.776907,-17.613523,flute_synthetic_000-024-050,flute_synthetic_000-024-050,/root/autodl-tmp/tokenizer-eval/data/nsynth/nsynth-test/audio/flute_synthetic_000-024-050.wav,82,flute_synthetic_000,2,flute,2,synthetic,24,50,16000,distortion
-0.12774198,-58.530354,bass_synthetic_134-032-050,bass_synthetic_134-032-050,/root/autodl-tmp/tokenizer-eval/data/nsynth/nsynth-test/audio/bass_synthetic_134-032-050.wav,914,bass_synthetic_134,0,bass,2,synthetic,32,50,16000,dark|reverb
-12.253393,15.198589,bass_synthetic_135-066-075,bass_synthetic_135-066-075,/root/autodl-tmp/tokenizer-eval/data/nsynth/nsynth-test/audio/bass_synthetic_135-066-075.wav,927,bass_synthetic_135,0,bass,2,synthetic,66,75,16000,distortion
12.567915,-28.287205,brass_acoustic_006-043-075,brass_acoustic_006-043-075,/root/autodl-tmp/tokenizer-eval/data/nsynth/nsynth-test/audio/brass_acoustic_006-043-075.wav,43,brass_acoustic_006,1,brass,0,acoustic,43,75,16000,reverb
-13.157488,-5.804085,guitar_acoustic_021-058-100,guitar_acoustic_021-058-100,/root/autodl-tmp/tokenizer-eval/data/nsynth/nsynth-test/audio/guitar_acoustic_021-058-100.wav,457,guitar_acoustic_021,3,guitar,0,acoustic,58,100,16000,
19.370504,-15.375409,guitar_acoustic_010-023-127,guitar_acoustic_010-023-127,/root/autodl-tmp/tokenizer-eval/data/nsynth/nsynth-test/audio/guitar_acoustic_010-023-127.wav,219,guitar_acoustic_010,3,guitar,0,acoustic,23,127,16000,
43.14838,48.69517,keyboard_synthetic_000-039-025,keyboard_synthetic_000-039-025,/root/autodl-tmp/tokenizer-eval/data/nsynth/nsynth-test/audio/keyboard_synthetic_000-039-025.wav,577,keyboard_synthetic_000,4,keyboard,2,synthetic,39,25,16000,distortion|fast_decay|nonlinear_env
-22.84468,23.670591,flute_acoustic_002-077-050,flute_acoustic_002-077-050,/root/autodl-tmp/tokenizer-eval/data/nsynth/nsynth-test/audio/flute_acoustic_002-077-050.wav,86,flute_acoustic_002,2,flute,0,acoustic,77,50,16000,reverb
-30.614079,3.7961543,reed_acoustic_018-063-050,reed_acoustic_018-063-050,/root/autodl-tmp/tokenizer-eval/data/nsynth/nsynth-test/audio/reed_acoustic_018-063-050.wav,183,reed_acoustic_018,7,reed,0,acoustic,63,50,16000,
-34.685932,7.464131,vocal_synthetic_003-063-127,vocal_synthetic_003-063-127,/root/autodl-tmp/tokenizer-eval/data/nsynth/nsynth-test/audio/vocal_synthetic_003-063-127.wav,37,vocal_synthetic_003,10,vocal,2,synthetic,63,127,16000,bright|distortion|long_release|nonlinear_env
26.754725,7.5857,keyboard_electronic_001-024-075,keyboard_electronic_001-024-075,/root/autodl-tmp/tokenizer-eval/data/nsynth/nsynth-test/audio/keyboard_electronic_001-024-075.wav,40,keyboard_electronic_001,4,keyboard,1,electronic,24,75,16000,dark
-5.0014024,-38.496655,flute_synthetic_000-052-127,flute_synthetic_000-052-127,/root/autodl-tmp/tokenizer-eval/data/nsynth/nsynth-test/audio/flute_synthetic_000-052-127.wav,82,flute_synthetic_000,2,flute,2,synthetic,52,127,16000,distortion
-6.882105,7.483412,keyboard_electronic_001-063-075,keyboard_electronic_001-063-075,/root/autodl-tmp/tokenizer-eval/data/nsynth/nsynth-test/audio/keyboard_electronic_001-063-075.wav,40,keyboard_electronic_001,4,keyboard,1,electronic,63,75,16000,dark
27.429878,-16.710793,flute_synthetic_000-022-025,flute_synthetic_000-022-025,/root/autodl-tmp/tokenizer-eval/data/nsynth/nsynth-test/audio/flute_synthetic_000-022-025.wav,82,flute_synthetic_000,2,flute,2,synthetic,22,25,16000,distortion
17.878359,-2.5515218,keyboard_electronic_003-085-050,keyboard_electronic_003-085-050,/root/autodl-tmp/tokenizer-eval/data/nsynth/nsynth-test/audio/keyboard_electronic_003-085-050.wav,65,keyboard_electronic_003,4,keyboard,1,electronic,85,50,16000,
11.102083,23.235926,bass_synthetic_068-083-127,bass_synthetic_068-083-127,/root/autodl-tmp/tokenizer-eval/data/nsynth/nsynth-test/audio/bass_synthetic_068-083-127.wav,656,bass_synthetic_068,0,bass,2,synthetic,83,127,16000,distortion|fast_decay
20.753412,-5.9578614,keyboard_acoustic_004-091-127,keyboard_acoustic_004-091-127,/root/autodl-tmp/tokenizer-eval/data/nsynth/nsynth-test/audio/keyboard_acoustic_004-091-127.wav,327,keyboard_acoustic_004,4,keyboard,0,acoustic,91,127,16000,percussive|reverb
24.671618,9.64401,string_acoustic_014-033-100,string_acoustic_014-033-100,/root/autodl-tmp/tokenizer-eval/data/nsynth/nsynth-test/audio/string_acoustic_014-033-100.wav,100,string_acoustic_014,8,string,0,acoustic,33,100,16000,dark|reverb
41.829082,42.79054,reed_acoustic_023-090-050,reed_acoustic_023-090-050,/root/autodl-tmp/tokenizer-eval/data/nsynth/nsynth-test/audio/reed_acoustic_023-090-050.wav,224,reed_acoustic_023,7,reed,0,acoustic,90,50,16000,fast_decay|multiphonic|nonlinear_env
44.62197,43.20967,reed_acoustic_023-062-100,reed_acoustic_023-062-100,/root/autodl-tmp/tokenizer-eval/data/nsynth/nsynth-test/audio/reed_acoustic_023-062-100.wav,224,reed_acoustic_023,7,reed,0,acoustic,62,100,16000,bright|fast_decay|multiphonic|nonlinear_env
49.389664,-19.029207,reed_acoustic_037-033-100,reed_acoustic_037-033-100,/root/autodl-tmp/tokenizer-eval/data/nsynth/nsynth-test/audio/reed_acoustic_037-033-100.wav,387,reed_acoustic_037,7,reed,0,acoustic,33,100,16000,reverb
-1.4179933,19.667345,mallet_acoustic_062-074-127,mallet_acoustic_062-074-127,/root/autodl-tmp/tokenizer-eval/data/nsynth/nsynth-test/audio/mallet_acoustic_062-074-127.wav,644,mallet_acoustic_062,5,mallet,0,acoustic,74,127,16000,dark|multiphonic
-32.87956,32.942696,flute_synthetic_000-100-075,flute_synthetic_000-100-075,/root/autodl-tmp/tokenizer-eval/data/nsynth/nsynth-test/audio/flute_synthetic_000-100-075.wav,82,flute_synthetic_000,2,flute,2,synthetic,100,75,16000,bright|distortion
-37.34508,31.333748,flute_acoustic_002-087-075,flute_acoustic_002-087-075,/root/autodl-tmp/tokenizer-eval/data/nsynth/nsynth-test/audio/flute_acoustic_002-087-075.wav,86,flute_acoustic_002,2,flute,0,acoustic,87,75,16000,reverb
-3.3402033,-59.383217,string_acoustic_071-044-050,string_acoustic_071-044-050,/root/autodl-tmp/tokenizer-eval/data/nsynth/nsynth-test/audio/string_acoustic_071-044-050.wav,609,string_acoustic_071,8,string,0,acoustic,44,50,16000,long_release|reverb
-19.01375,-5.2307615,organ_electronic_001-057-050,organ_electronic_001-057-050,/root/autodl-tmp/tokenizer-eval/data/nsynth/nsynth-test/audio/organ_electronic_001-057-050.wav,8,organ_electronic_001,6,organ,1,electronic,57,50,16000,dark
-28.374987,27.073484,string_acoustic_057-078-025,string_acoustic_057-078-025,/root/autodl-tmp/tokenizer-eval/data/nsynth/nsynth-test/audio/string_acoustic_057-078-025.wav,450,string_acoustic_057,8,string,0,acoustic,78,25,16000,bright|nonlinear_env|reverb
-37.85982,-9.0575285,organ_electronic_113-058-100,organ_electronic_113-058-100,/root/autodl-tmp/tokenizer-eval/data/nsynth/nsynth-test/audio/organ_electronic_113-058-100.wav,958,organ_electronic_113,6,organ,1,electronic,58,100,16000,dark
-10.203977,-4.177306,guitar_electronic_028-059-025,guitar_electronic_028-059-025,/root/autodl-tmp/tokenizer-eval/data/nsynth/nsynth-test/audio/guitar_electronic_028-059-025.wav,510,guitar_electronic_028,3,guitar,1,electronic,59,25,16000,dark
18.266365,-43.659496,flute_synthetic_000-047-075,flute_synthetic_000-047-075,/root/autodl-tmp/tokenizer-eval/data/nsynth/nsynth-test/audio/flute_synthetic_000-047-075.wav,82,flute_synthetic_000,2,flute,2,synthetic,47,75,16000,distortion
21.726051,41.234406,mallet_acoustic_056-047-100,mallet_acoustic_056-047-100,/root/autodl-tmp/tokenizer-eval/data/nsynth/nsynth-test/audio/mallet_acoustic_056-047-100.wav,590,mallet_acoustic_056,5,mallet,0,acoustic,47,100,16000,bright|fast_decay|percussive
2.335373,-38.010876,brass_acoustic_006-040-127,brass_acoustic_006-040-127,/root/autodl-tmp/tokenizer-eval/data/nsynth/nsynth-test/audio/brass_acoustic_006-040-127.wav,43,brass_acoustic_006,1,brass,0,acoustic,40,127,16000,reverb
36.464714,39.339245,bass_synthetic_068-088-127,bass_synthetic_068-088-127,/root/autodl-tmp/tokenizer-eval/data/nsynth/nsynth-test/audio/bass_synthetic_068-088-127.wav,656,bass_synthetic_068,0,bass,2,synthetic,88,127,16000,fast_decay
-11.596703,33.102985,guitar_acoustic_010-097-025,guitar_acoustic_010-097-025,/root/autodl-tmp/tokenizer-eval/data/nsynth/nsynth-test/audio/guitar_acoustic_010-097-025.wav,219,guitar_acoustic_010,3,guitar,0,acoustic,97,25,16000,
-0.43923077,10.196476,keyboard_acoustic_004-069-025,keyboard_acoustic_004-069-025,/root/autodl-tmp/tokenizer-eval/data/nsynth/nsynth-test/audio/keyboard_acoustic_004-069-025.wav,327,keyboard_acoustic_004,4,keyboard,0,acoustic,69,25,16000,dark|reverb
43.944595,-36.545513,organ_electronic_028-041-100,organ_electronic_028-041-100,/root/autodl-tmp/tokenizer-eval/data/nsynth/nsynth-test/audio/organ_electronic_028-041-100.wav,440,organ_electronic_028,6,organ,1,electronic,41,100,16000,dark
-33.589996,25.84117,organ_electronic_001-088-100,organ_electronic_001-088-100,/root/autodl-tmp/tokenizer-eval/data/nsynth/nsynth-test/audio/organ_electronic_001-088-100.wav,8,organ_electronic_001,6,organ,1,electronic,88,100,16000,
-49.07866,-17.347992,reed_acoustic_037-061-127,reed_acoustic_037-061-127,/root/autodl-tmp/tokenizer-eval/data/nsynth/nsynth-test/audio/reed_acoustic_037-061-127.wav,387,reed_acoustic_037,7,reed,0,acoustic,61,127,16000,reverb
14.791789,-7.420523,bass_synthetic_034-038-050,bass_synthetic_034-038-050,/root/autodl-tmp/tokenizer-eval/data/nsynth/nsynth-test/audio/bass_synthetic_034-038-050.wav,420,bass_synthetic_034,0,bass,2,synthetic,38,50,16000,distortion|tempo-synced
1.8850591,25.773918,bass_electronic_018-063-050,bass_electronic_018-063-050,/root/autodl-tmp/tokenizer-eval/data/nsynth/nsynth-test/audio/bass_electronic_018-063-050.wav,759,bass_electronic_018,0,bass,1,electronic,63,50,16000,fast_decay
42.213413,-2.158378,brass_acoustic_006-036-025,brass_acoustic_006-036-025,/root/autodl-tmp/tokenizer-eval/data/nsynth/nsynth-test/audio/brass_acoustic_006-036-025.wav,43,brass_acoustic_006,1,brass,0,acoustic,36,25,16000,long_release|reverb
-38.5835,-9.327148,organ_electronic_028-058-127,organ_electronic_028-058-127,/root/autodl-tmp/tokenizer-eval/data/nsynth/nsynth-test/audio/organ_electronic_028-058-127.wav,440,organ_electronic_028,6,organ,1,electronic,58,127,16000,dark
29.363268,-88.94816,brass_acoustic_046-101-050,brass_acoustic_046-101-050,/root/autodl-tmp/tokenizer-eval/data/nsynth/nsynth-test/audio/brass_acoustic_046-101-050.wav,414,brass_acoustic_046,1,brass,0,acoustic,101,50,16000,long_release
12.263347,6.168812,bass_synthetic_098-043-075,bass_synthetic_098-043-075,/root/autodl-tmp/tokenizer-eval/data/nsynth/nsynth-test/audio/bass_synthetic_098-043-075.wav,803,bass_synthetic_098,0,bass,2,synthetic,43,75,16000,
-31.546337,26.264473,organ_electronic_104-077-075,organ_electronic_104-077-075,/root/autodl-tmp/tokenizer-eval/data/nsynth/nsynth-test/audio/organ_electronic_104-077-075.wav,921,organ_electronic_104,6,organ,1,electronic,77,75,16000,
23.3179,-9.666354,mallet_acoustic_062-029-050,mallet_acoustic_062-029-050,/root/autodl-tmp/tokenizer-eval/data/nsynth/nsynth-test/audio/mallet_acoustic_062-029-050.wav,644,mallet_acoustic_062,5,mallet,0,acoustic,29,50,16000,dark|multiphonic
49.37888,36.584667,reed_acoustic_023-035-050,reed_acoustic_023-035-050,/root/autodl-tmp/tokenizer-eval/data/nsynth/nsynth-test/audio/reed_acoustic_023-035-050.wav,224,reed_acoustic_023,7,reed,0,acoustic,35,50,16000,bright|fast_decay|multiphonic|nonlinear_env
-5.1929226,4.609759,bass_electronic_025-059-050,bass_electronic_025-059-050,/root/autodl-tmp/tokenizer-eval/data/nsynth/nsynth-test/audio/bass_electronic_025-059-050.wav,872,bass_electronic_025,0,bass,1,electronic,59,50,16000,
-2.7108624,-59.702938,string_acoustic_012-044-025,string_acoustic_012-044-025,/root/autodl-tmp/tokenizer-eval/data/nsynth/nsynth-test/audio/string_acoustic_012-044-025.wav,97,string_acoustic_012,8,string,0,acoustic,44,25,16000,long_release|reverb
-29.48742,39.985752,flute_synthetic_000-106-100,flute_synthetic_000-106-100,/root/autodl-tmp/tokenizer-eval/data/nsynth/nsynth-test/audio/flute_synthetic_000-106-100.wav,82,flute_synthetic_000,2,flute,2,synthetic,106,100,16000,bright|distortion
-32.417988,-5.2391787,vocal_synthetic_003-056-050,vocal_synthetic_003-056-050,/root/autodl-tmp/tokenizer-eval/data/nsynth/nsynth-test/audio/vocal_synthetic_003-056-050.wav,37,vocal_synthetic_003,10,vocal,2,synthetic,56,50,16000,distortion|long_release|nonlinear_env
-1.165861,-11.761384,keyboard_acoustic_004-034-075,keyboard_acoustic_004-034-075,/root/autodl-tmp/tokenizer-eval/data/nsynth/nsynth-test/audio/keyboard_acoustic_004-034-075.wav,327,keyboard_acoustic_004,4,keyboard,0,acoustic,34,75,16000,reverb
10.579417,-25.2768,reed_acoustic_037-043-100,reed_acoustic_037-043-100,/root/autodl-tmp/tokenizer-eval/data/nsynth/nsynth-test/audio/reed_acoustic_037-043-100.wav,387,reed_acoustic_037,7,reed,0,acoustic,43,100,16000,reverb
-41.23142,-15.759603,organ_electronic_001-060-100,organ_electronic_001-060-100,/root/autodl-tmp/tokenizer-eval/data/nsynth/nsynth-test/audio/organ_electronic_001-060-100.wav,8,organ_electronic_001,6,organ,1,electronic,60,100,16000,dark
36.072456,-6.702662,string_acoustic_080-024-100,string_acoustic_080-024-100,/root/autodl-tmp/tokenizer-eval/data/nsynth/nsynth-test/audio/string_acoustic_080-024-100.wav,675,string_acoustic_080,8,string,0,acoustic,24,100,16000,long_release|reverb
20.95227,-28.53379,organ_electronic_007-019-050,organ_electronic_007-019-050,/root/autodl-tmp/tokenizer-eval/data/nsynth/nsynth-test/audio/organ_electronic_007-019-050.wav,123,organ_electronic_007,6,organ,1,electronic,19,50,16000,distortion|long_release|nonlinear_env
-48.991737,15.686516,vocal_synthetic_003-096-050,vocal_synthetic_003-096-050,/root/autodl-tmp/tokenizer-eval/data/nsynth/nsynth-test/audio/vocal_synthetic_003-096-050.wav,37,vocal_synthetic_003,10,vocal,2,synthetic,96,50,16000,bright|distortion|long_release|nonlinear_env
-4.994513,-9.381817,guitar_acoustic_015-040-050,guitar_acoustic_015-040-050,/root/autodl-tmp/tokenizer-eval/data/nsynth/nsynth-test/audio/guitar_acoustic_015-040-050.wav,316,guitar_acoustic_015,3,guitar,0,acoustic,40,50,16000,reverb
-0.05093282,-3.387003,bass_electronic_018-050-025,bass_electronic_018-050-025,/root/autodl-tmp/tokenizer-eval/data/nsynth/nsynth-test/audio/bass_electronic_018-050-025.wav,759,bass_electronic_018,0,bass,1,electronic,50,25,16000,
-29.081703,-30.044416,guitar_electronic_028-050-100,guitar_electronic_028-050-100,/root/autodl-tmp/tokenizer-eval/data/nsynth/nsynth-test/audio/guitar_electronic_028-050-100.wav,510,guitar_electronic_028,3,guitar,1,electronic,50,100,16000,dark
-33.207188,24.85518,organ_electronic_113-076-100,organ_electronic_113-076-100,/root/autodl-tmp/tokenizer-eval/data/nsynth/nsynth-test/audio/organ_electronic_113-076-100.wav,958,organ_electronic_113,6,organ,1,electronic,76,100,16000,
-2.1815505,27.364763,mallet_acoustic_056-084-050,mallet_acoustic_056-084-050,/root/autodl-tmp/tokenizer-eval/data/nsynth/nsynth-test/audio/mallet_acoustic_056-084-050.wav,590,mallet_acoustic_056,5,mallet,0,acoustic,84,50,16000,fast_decay
-2.5779517,-57.491314,mallet_acoustic_062-044-100,mallet_acoustic_062-044-100,/root/autodl-tmp/tokenizer-eval/data/nsynth/nsynth-test/audio/mallet_acoustic_062-044-100.wav,644,mallet_acoustic_062,5,mallet,0,acoustic,44,100,16000,dark|long_release|multiphonic
-5.329786,-19.764791,flute_synthetic_000-063-075,flute_synthetic_000-063-075,/root/autodl-tmp/tokenizer-eval/data/nsynth/nsynth-test/audio/flute_synthetic_000-063-075.wav,82,flute_synthetic_000,2,flute,2,synthetic,63,75,16000,distortion
-3.1859498,36.7899,mallet_acoustic_062-090-127,mallet_acoustic_062-090-127,/root/autodl-tmp/tokenizer-eval/data/nsynth/nsynth-test/audio/mallet_acoustic_062-090-127.wav,644,mallet_acoustic_062,5,mallet,0,acoustic,90,127,16000,multiphonic
-29.637146,40.16242,flute_acoustic_002-094-127,flute_acoustic_002-094-127,/root/autodl-tmp/tokenizer-eval/data/nsynth/nsynth-test/audio/flute_acoustic_002-094-127.wav,86,flute_acoustic_002,2,flute,0,acoustic,94,127,16000,reverb
-24.394957,-40.605186,guitar_acoustic_010-049-050,guitar_acoustic_010-049-050,/root/autodl-tmp/tokenizer-eval/data/nsynth/nsynth-test/audio/guitar_acoustic_010-049-050.wav,219,guitar_acoustic_010,3,guitar,0,acoustic,49,50,16000,
29.734987,-32.273823,string_acoustic_080-046-127,string_acoustic_080-046-127,/root/autodl-tmp/tokenizer-eval/data/nsynth/nsynth-test/audio/string_acoustic_080-046-127.wav,675,string_acoustic_080,8,string,0,acoustic,46,127,16000,reverb
42.330574,-2.3169613,vocal_synthetic_003-036-025,vocal_synthetic_003-036-025,/root/autodl-tmp/tokenizer-eval/data/nsynth/nsynth-test/audio/vocal_synthetic_003-036-025.wav,37,vocal_synthetic_003,10,vocal,2,synthetic,36,25,16000,distortion|long_release|nonlinear_env
45.517113,36.06477,reed_acoustic_023-054-127,reed_acoustic_023-054-127,/root/autodl-tmp/tokenizer-eval/data/nsynth/nsynth-test/audio/reed_acoustic_023-054-127.wav,224,reed_acoustic_023,7,reed,0,acoustic,54,127,16000,bright|fast_decay|multiphonic|nonlinear_env
-31.001303,39.02755,string_acoustic_057-082-050,string_acoustic_057-082-050,/root/autodl-tmp/tokenizer-eval/data/nsynth/nsynth-test/audio/string_acoustic_057-082-050.wav,450,string_acoustic_057,8,string,0,acoustic,82,50,16000,bright|nonlinear_env|reverb
11.331469,21.554947,mallet_acoustic_056-065-075,mallet_acoustic_056-065-075,/root/autodl-tmp/tokenizer-eval/data/nsynth/nsynth-test/audio/mallet_acoustic_056-065-075.wav,590,mallet_acoustic_056,5,mallet,0,acoustic,65,75,16000,fast_decay
-32.642242,1.462362,reed_acoustic_018-062-025,reed_acoustic_018-062-025,/root/autodl-tmp/tokenizer-eval/data/nsynth/nsynth-test/audio/reed_acoustic_018-062-025.wav,183,reed_acoustic_018,7,reed,0,acoustic,62,25,16000,
-26.06803,31.80195,flute_synthetic_000-091-075,flute_synthetic_000-091-075,/root/autodl-tmp/tokenizer-eval/data/nsynth/nsynth-test/audio/flute_synthetic_000-091-075.wav,82,flute_synthetic_000,2,flute,2,synthetic,91,75,16000,distortion
26.570612,35.54894,guitar_acoustic_014-103-075,guitar_acoustic_014-103-075,/root/autodl-tmp/tokenizer-eval/data/nsynth/nsynth-test/audio/guitar_acoustic_014-103-075.wav,263,guitar_acoustic_014,3,guitar,0,acoustic,103,75,16000,fast_decay|percussive
-4.3014913,39.44882,mallet_acoustic_062-078-100,mallet_acoustic_062-078-100,/root/autodl-tmp/tokenizer-eval/data/nsynth/nsynth-test/audio/mallet_acoustic_062-078-100.wav,644,mallet_acoustic_062,5,mallet,0,acoustic,78,100,16000,multiphonic
-22.450521,-38.732803,brass_acoustic_006-049-025,brass_acoustic_006-049-025,/root/autodl-tmp/tokenizer-eval/data/nsynth/nsynth-test/audio/brass_acoustic_006-049-025.wav,43,brass_acoustic_006,1,brass,0,acoustic,49,25,16000,reverb
-46.20523,-17.309523,brass_acoustic_046-061-025,brass_acoustic_046-061-025,/root/autodl-tmp/tokenizer-eval/data/nsynth/nsynth-test/audio/brass_acoustic_046-061-025.wav,414,brass_acoustic_046,1,brass,0,acoustic,61,25,16000,
26.754578,0.9817845,string_acoustic_014-039-025,string_acoustic_014-039-025,/root/autodl-tmp/tokenizer-eval/data/nsynth/nsynth-test/audio/string_acoustic_014-039-025.wav,100,string_acoustic_014,8,string,0,acoustic,39,25,16000,dark|reverb
-15.278698,21.777088,guitar_acoustic_010-077-127,guitar_acoustic_010-077-127,/root/autodl-tmp/tokenizer-eval/data/nsynth/nsynth-test/audio/guitar_acoustic_010-077-127.wav,219,guitar_acoustic_010,3,guitar,0,acoustic,77,127,16000,
44.567795,39.643806,reed_acoustic_023-072-127,reed_acoustic_023-072-127,/root/autodl-tmp/tokenizer-eval/data/nsynth/nsynth-test/audio/reed_acoustic_023-072-127.wav,224,reed_acoustic_023,7,reed,0,acoustic,72,127,16000,bright|fast_decay|multiphonic|nonlinear_env
44.156906,44.761642,reed_acoustic_023-085-075,reed_acoustic_023-085-075,/root/autodl-tmp/tokenizer-eval/data/nsynth/nsynth-test/audio/reed_acoustic_023-085-075.wav,224,reed_acoustic_023,7,reed,0,acoustic,85,75,16000,bright|fast_decay|multiphonic|nonlinear_env
-42.034393,-0.4333242,organ_electronic_028-069-075,organ_electronic_028-069-075,/root/autodl-tmp/tokenizer-eval/data/nsynth/nsynth-test/audio/organ_electronic_028-069-075.wav,440,organ_electronic_028,6,organ,1,electronic,69,75,16000,dark
15.769462,5.9849553,bass_synthetic_098-090-100,bass_synthetic_098-090-100,/root/autodl-tmp/tokenizer-eval/data/nsynth/nsynth-test/audio/bass_synthetic_098-090-100.wav,803,bass_synthetic_098,0,bass,2,synthetic,90,100,16000,
-8.174215,0.85869193,keyboard_electronic_001-061-050,keyboard_electronic_001-061-050,/root/autodl-tmp/tokenizer-eval/data/nsynth/nsynth-test/audio/keyboard_electronic_001-061-050.wav,40,keyboard_electronic_001,4,keyboard,1,electronic,61,50,16000,dark
15.802362,18.59223,string_acoustic_056-042-100,string_acoustic_056-042-100,/root/autodl-tmp/tokenizer-eval/data/nsynth/nsynth-test/audio/string_acoustic_056-042-100.wav,436,string_acoustic_056,8,string,0,acoustic,42,100,16000,fast_decay|percussive|reverb
22.736183,39.02747,guitar_acoustic_015-085-127,guitar_acoustic_015-085-127,/root/autodl-tmp/tokenizer-eval/data/nsynth/nsynth-test/audio/guitar_acoustic_015-085-127.wav,316,guitar_acoustic_015,3,guitar,0,acoustic,85,127,16000,fast_decay|percussive|reverb
37.92034,-7.784651,guitar_electronic_028-024-075,guitar_electronic_028-024-075,/root/autodl-tmp/tokenizer-eval/data/nsynth/nsynth-test/audio/guitar_electronic_028-024-075.wav,510,guitar_electronic_028,3,guitar,1,electronic,24,75,16000,dark
-31.536646,-25.827549,vocal_synthetic_003-050-075,vocal_synthetic_003-050-075,/root/autodl-tmp/tokenizer-eval/data/nsynth/nsynth-test/audio/vocal_synthetic_003-050-075.wav,37,vocal_synthetic_003,10,vocal,2,synthetic,50,75,16000,distortion|long_release|nonlinear_env
31.680523,-30.485476,string_acoustic_071-034-127,string_acoustic_071-034-127,/root/autodl-tmp/tokenizer-eval/data/nsynth/nsynth-test/audio/string_acoustic_071-034-127.wav,609,string_acoustic_071,8,string,0,acoustic,34,127,16000,long_release|reverb
34.16371,46.680305,mallet_acoustic_062-088-050,mallet_acoustic_062-088-050,/root/autodl-tmp/tokenizer-eval/data/nsynth/nsynth-test/audio/mallet_acoustic_062-088-050.wav,644,mallet_acoustic_062,5,mallet,0,acoustic,88,50,16000,fast_decay|multiphonic
18.933817,16.292265,string_acoustic_056-058-025,string_acoustic_056-058-025,/root/autodl-tmp/tokenizer-eval/data/nsynth/nsynth-test/audio/string_acoustic_056-058-025.wav,436,string_acoustic_056,8,string,0,acoustic,58,25,16000,fast_decay|percussive|reverb
-3.1610272,36.275093,mallet_acoustic_062-090-100,mallet_acoustic_062-090-100,/root/autodl-tmp/tokenizer-eval/data/nsynth/nsynth-test/audio/mallet_acoustic_062-090-100.wav,644,mallet_acoustic_062,5,mallet,0,acoustic,90,100,16000,multiphonic
32.32974,46.324497,mallet_acoustic_062-090-050,mallet_acoustic_062-090-050,/root/autodl-tmp/tokenizer-eval/data/nsynth/nsynth-test/audio/mallet_acoustic_062-090-050.wav,644,mallet_acoustic_062,5,mallet,0,acoustic,90,50,16000,fast_decay|multiphonic
-28.233156,5.181276,brass_acoustic_006-064-100,brass_acoustic_006-064-100,/root/autodl-tmp/tokenizer-eval/data/nsynth/nsynth-test/audio/brass_acoustic_006-064-100.wav,43,brass_acoustic_006,1,brass,0,acoustic,64,100,16000,reverb
-27.60847,10.382537,reed_acoustic_037-065-050,reed_acoustic_037-065-050,/root/autodl-tmp/tokenizer-eval/data/nsynth/nsynth-test/audio/reed_acoustic_037-065-050.wav,387,reed_acoustic_037,7,reed,0,acoustic,65,50,16000,reverb
16.10047,-31.109499,guitar_electronic_022-043-050,guitar_electronic_022-043-050,/root/autodl-tmp/tokenizer-eval/data/nsynth/nsynth-test/audio/guitar_electronic_022-043-050.wav,378,guitar_electronic_022,3,guitar,1,electronic,43,50,16000,dark
29.87242,-34.13428,guitar_acoustic_014-046-050,guitar_acoustic_014-046-050,/root/autodl-tmp/tokenizer-eval/data/nsynth/nsynth-test/audio/guitar_acoustic_014-046-050.wav,263,guitar_acoustic_014,3,guitar,0,acoustic,46,50,16000,
-28.436142,-11.277891,reed_acoustic_018-055-100,reed_acoustic_018-055-100,/root/autodl-tmp/tokenizer-eval/data/nsynth/nsynth-test/audio/reed_acoustic_018-055-100.wav,183,reed_acoustic_018,7,reed,0,acoustic,55,100,16000,
24.903662,9.433854,string_acoustic_014-031-127,string_acoustic_014-031-127,/root/autodl-tmp/tokenizer-eval/data/nsynth/nsynth-test/audio/string_acoustic_014-031-127.wav,100,string_acoustic_014,8,string,0,acoustic,31,127,16000,dark|fast_decay|reverb
-29.147516,-31.52143,keyboard_electronic_069-050-127,keyboard_electronic_069-050-127,/root/autodl-tmp/tokenizer-eval/data/nsynth/nsynth-test/audio/keyboard_electronic_069-050-127.wav,805,keyboard_electronic_069,4,keyboard,1,electronic,50,127,16000,distortion
1.8483993,-40.35726,organ_electronic_001-040-050,organ_electronic_001-040-050,/root/autodl-tmp/tokenizer-eval/data/nsynth/nsynth-test/audio/organ_electronic_001-040-050.wav,8,organ_electronic_001,6,organ,1,electronic,40,50,16000,dark
-24.725279,-38.461845,string_acoustic_014-049-127,string_acoustic_014-049-127,/root/autodl-tmp/tokenizer-eval/data/nsynth/nsynth-test/audio/string_acoustic_014-049-127.wav,100,string_acoustic_014,8,string,0,acoustic,49,127,16000,dark|reverb
4.836674,22.680649,mallet_acoustic_056-077-025,mallet_acoustic_056-077-025,/root/autodl-tmp/tokenizer-eval/data/nsynth/nsynth-test/audio/mallet_acoustic_056-077-025.wav,590,mallet_acoustic_056,5,mallet,0,acoustic,77,25,16000,fast_decay
25.710188,34.80424,guitar_acoustic_014-096-075,guitar_acoustic_014-096-075,/root/autodl-tmp/tokenizer-eval/data/nsynth/nsynth-test/audio/guitar_acoustic_014-096-075.wav,263,guitar_acoustic_014,3,guitar,0,acoustic,96,75,16000,fast_decay|percussive
-2.9070776,-59.234142,string_acoustic_012-044-100,string_acoustic_012-044-100,/root/autodl-tmp/tokenizer-eval/data/nsynth/nsynth-test/audio/string_acoustic_012-044-100.wav,97,string_acoustic_012,8,string,0,acoustic,44,100,16000,long_release|reverb
-8.213689,15.960483,guitar_electronic_028-068-050,guitar_electronic_028-068-050,/root/autodl-tmp/tokenizer-eval/data/nsynth/nsynth-test/audio/guitar_electronic_028-068-050.wav,510,guitar_electronic_028,3,guitar,1,electronic,68,50,16000,
23.338013,-10.661693,mallet_acoustic_062-028-075,mallet_acoustic_062-028-075,/root/autodl-tmp/tokenizer-eval/data/nsynth/nsynth-test/audio/mallet_acoustic_062-028-075.wav,644,mallet_acoustic_062,5,mallet,0,acoustic,28,75,16000,dark|long_release|multiphonic
-42.775887,-15.505949,organ_electronic_057-061-127,organ_electronic_057-061-127,/root/autodl-tmp/tokenizer-eval/data/nsynth/nsynth-test/audio/organ_electronic_057-061-127.wav,701,organ_electronic_057,6,organ,1,electronic,61,127,16000,dark
-42.139202,-17.659513,organ_electronic_028-061-127,organ_electronic_028-061-127,/root/autodl-tmp/tokenizer-eval/data/nsynth/nsynth-test/audio/organ_electronic_028-061-127.wav,440,organ_electronic_028,6,organ,1,electronic,61,127,16000,dark
21.043661,-5.2072134,keyboard_acoustic_004-083-075,keyboard_acoustic_004-083-075,/root/autodl-tmp/tokenizer-eval/data/nsynth/nsynth-test/audio/keyboard_acoustic_004-083-075.wav,327,keyboard_acoustic_004,4,keyboard,0,acoustic,83,75,16000,reverb
-22.234152,15.466914,flute_acoustic_002-067-050,flute_acoustic_002-067-050,/root/autodl-tmp/tokenizer-eval/data/nsynth/nsynth-test/audio/flute_acoustic_002-067-050.wav,86,flute_acoustic_002,2,flute,0,acoustic,67,50,16000,long_release|reverb
20.052687,16.17466,string_acoustic_056-040-025,string_acoustic_056-040-025,/root/autodl-tmp/tokenizer-eval/data/nsynth/nsynth-test/audio/string_acoustic_056-040-025.wav,436,string_acoustic_056,8,string,0,acoustic,40,25,16000,fast_decay|percussive|reverb
-45.83265,-16.666206,brass_acoustic_006-061-100,brass_acoustic_006-061-100,/root/autodl-tmp/tokenizer-eval/data/nsynth/nsynth-test/audio/brass_acoustic_006-061-100.wav,43,brass_acoustic_006,1,brass,0,acoustic,61,100,16000,reverb
21.932283,15.457703,string_acoustic_056-047-050,string_acoustic_056-047-050,/root/autodl-tmp/tokenizer-eval/data/nsynth/nsynth-test/audio/string_acoustic_056-047-050.wav,436,string_acoustic_056,8,string,0,acoustic,47,50,16000,fast_decay|reverb
12.559367,-28.70631,brass_acoustic_006-043-025,brass_acoustic_006-043-025,/root/autodl-tmp/tokenizer-eval/data/nsynth/nsynth-test/audio/brass_acoustic_006-043-025.wav,43,brass_acoustic_006,1,brass,0,acoustic,43,25,16000,reverb
-53.80062,14.763766,vocal_synthetic_003-080-100,vocal_synthetic_003-080-100,/root/autodl-tmp/tokenizer-eval/data/nsynth/nsynth-test/audio/vocal_synthetic_003-080-100.wav,37,vocal_synthetic_003,10,vocal,2,synthetic,80,100,16000,bright|distortion|long_release|nonlinear_env
51.75614,-21.031528,brass_acoustic_006-045-050,brass_acoustic_006-045-050,/root/autodl-tmp/tokenizer-eval/data/nsynth/nsynth-test/audio/brass_acoustic_006-045-050.wav,43,brass_acoustic_006,1,brass,0,acoustic,45,50,16000,reverb
26.870657,-21.682621,flute_synthetic_000-034-075,flute_synthetic_000-034-075,/root/autodl-tmp/tokenizer-eval/data/nsynth/nsynth-test/audio/flute_synthetic_000-034-075.wav,82,flute_synthetic_000,2,flute,2,synthetic,34,75,16000,distortion
-31.262402,-3.6736479,vocal_synthetic_003-055-050,vocal_synthetic_003-055-050,/root/autodl-tmp/tokenizer-eval/data/nsynth/nsynth-test/audio/vocal_synthetic_003-055-050.wav,37,vocal_synthetic_003,10,vocal,2,synthetic,55,50,16000,distortion|long_release|nonlinear_env
41.366516,1.0623995,keyboard_electronic_001-048-075,keyboard_electronic_001-048-075,/root/autodl-tmp/tokenizer-eval/data/nsynth/nsynth-test/audio/keyboard_electronic_001-048-075.wav,40,keyboard_electronic_001,4,keyboard,1,electronic,48,75,16000,dark
-24.887522,32.708527,brass_acoustic_006-079-025,brass_acoustic_006-079-025,/root/autodl-tmp/tokenizer-eval/data/nsynth/nsynth-test/audio/brass_acoustic_006-079-025.wav,43,brass_acoustic_006,1,brass,0,acoustic,79,25,16000,reverb
-29.952217,26.093714,organ_electronic_001-089-025,organ_electronic_001-089-025,/root/autodl-tmp/tokenizer-eval/data/nsynth/nsynth-test/audio/organ_electronic_001-089-025.wav,8,organ_electronic_001,6,organ,1,electronic,89,25,16000,
44.533634,38.512676,reed_acoustic_023-079-100,reed_acoustic_023-079-100,/root/autodl-tmp/tokenizer-eval/data/nsynth/nsynth-test/audio/reed_acoustic_023-079-100.wav,224,reed_acoustic_023,7,reed,0,acoustic,79,100,16000,bright|fast_decay|multiphonic|nonlinear_env
-2.1829839,-60.444542,bass_synthetic_033-044-050,bass_synthetic_033-044-050,/root/autodl-tmp/tokenizer-eval/data/nsynth/nsynth-test/audio/bass_synthetic_033-044-050.wav,417,bass_synthetic_033,0,bass,2,synthetic,44,50,16000,dark
5.6620884,-29.232925,reed_acoustic_011-038-127,reed_acoustic_011-038-127,/root/autodl-tmp/tokenizer-eval/data/nsynth/nsynth-test/audio/reed_acoustic_011-038-127.wav,104,reed_acoustic_011,7,reed,0,acoustic,38,127,16000,bright
-57.82799,-3.1506934,reed_acoustic_018-073-075,reed_acoustic_018-073-075,/root/autodl-tmp/tokenizer-eval/data/nsynth/nsynth-test/audio/reed_acoustic_018-073-075.wav,183,reed_acoustic_018,7,reed,0,acoustic,73,75,16000,
5.850956,-12.304633,brass_acoustic_015-045-075,brass_acoustic_015-045-075,/root/autodl-tmp/tokenizer-eval/data/nsynth/nsynth-test/audio/brass_acoustic_015-045-075.wav,121,brass_acoustic_015,1,brass,0,acoustic,45,75,16000,reverb
9.017106,-41.129868,mallet_acoustic_062-028-127,mallet_acoustic_062-028-127,/root/autodl-tmp/tokenizer-eval/data/nsynth/nsynth-test/audio/mallet_acoustic_062-028-127.wav,644,mallet_acoustic_062,5,mallet,0,acoustic,28,127,16000,dark|long_release|multiphonic
35.903893,-29.395525,guitar_acoustic_010-022-075,guitar_acoustic_010-022-075,/root/autodl-tmp/tokenizer-eval/data/nsynth/nsynth-test/audio/guitar_acoustic_010-022-075.wav,219,guitar_acoustic_010,3,guitar,0,acoustic,22,75,16000,
4.1722884,29.422544,mallet_acoustic_056-119-025,mallet_acoustic_056-119-025,/root/autodl-tmp/tokenizer-eval/data/nsynth/nsynth-test/audio/mallet_acoustic_056-119-025.wav,590,mallet_acoustic_056,5,mallet,0,acoustic,119,25,16000,bright|long_release
47.862167,40.702614,reed_acoustic_023-057-100,reed_acoustic_023-057-100,/root/autodl-tmp/tokenizer-eval/data/nsynth/nsynth-test/audio/reed_acoustic_023-057-100.wav,224,reed_acoustic_023,7,reed,0,acoustic,57,100,16000,bright|fast_decay|multiphonic|nonlinear_env
-1.3652581,34.02474,mallet_acoustic_056-101-050,mallet_acoustic_056-101-050,/root/autodl-tmp/tokenizer-eval/data/nsynth/nsynth-test/audio/mallet_acoustic_056-101-050.wav,590,mallet_acoustic_056,5,mallet,0,acoustic,101,50,16000,bright
-9.761532,-2.3675516,guitar_acoustic_015-060-050,guitar_acoustic_015-060-050,/root/autodl-tmp/tokenizer-eval/data/nsynth/nsynth-test/audio/guitar_acoustic_015-060-050.wav,316,guitar_acoustic_015,3,guitar,0,acoustic,60,50,16000,reverb
-1.5659672,12.705013,keyboard_electronic_078-070-025,keyboard_electronic_078-070-025,/root/autodl-tmp/tokenizer-eval/data/nsynth/nsynth-test/audio/keyboard_electronic_078-070-025.wav,838,keyboard_electronic_078,4,keyboard,1,electronic,70,25,16000,bright
23.710888,17.91192,mallet_acoustic_047-093-127,mallet_acoustic_047-093-127,/root/autodl-tmp/tokenizer-eval/data/nsynth/nsynth-test/audio/mallet_acoustic_047-093-127.wav,488,mallet_acoustic_047,5,mallet,0,acoustic,93,127,16000,fast_decay|percussive|reverb
19.22464,37.43437,bass_synthetic_134-095-075,bass_synthetic_134-095-075,/root/autodl-tmp/tokenizer-eval/data/nsynth/nsynth-test/audio/bass_synthetic_134-095-075.wav,914,bass_synthetic_134,0,bass,2,synthetic,95,75,16000,fast_decay|percussive|reverb
-20.613234,-15.605146,string_acoustic_080-054-050,string_acoustic_080-054-050,/root/autodl-tmp/tokenizer-eval/data/nsynth/nsynth-test/audio/string_acoustic_080-054-050.wav,675,string_acoustic_080,8,string,0,acoustic,54,50,16000,reverb
30.202248,-33.881042,guitar_electronic_022-046-025,guitar_electronic_022-046-025,/root/autodl-tmp/tokenizer-eval/data/nsynth/nsynth-test/audio/guitar_electronic_022-046-025.wav,378,guitar_electronic_022,3,guitar,1,electronic,46,25,16000,dark
-24.125845,-36.375027,flute_synthetic_000-061-050,flute_synthetic_000-061-050,/root/autodl-tmp/tokenizer-eval/data/nsynth/nsynth-test/audio/flute_synthetic_000-061-050.wav,82,flute_synthetic_000,2,flute,2,synthetic,61,50,16000,distortion
-23.7271,16.959473,flute_synthetic_000-079-025,flute_synthetic_000-079-025,/root/autodl-tmp/tokenizer-eval/data/nsynth/nsynth-test/audio/flute_synthetic_000-079-025.wav,82,flute_synthetic_000,2,flute,2,synthetic,79,25,16000,distortion
-15.159941,2.9745445,bass_synthetic_033-062-127,bass_synthetic_033-062-127,/root/autodl-tmp/tokenizer-eval/data/nsynth/nsynth-test/audio/bass_synthetic_033-062-127.wav,417,bass_synthetic_033,0,bass,2,synthetic,62,127,16000,distortion
-1.3409033,23.60849,mallet_acoustic_062-079-075,mallet_acoustic_062-079-075,/root/autodl-tmp/tokenizer-eval/data/nsynth/nsynth-test/audio/mallet_acoustic_062-079-075.wav,644,mallet_acoustic_062,5,mallet,0,acoustic,79,75,16000,fast_decay|multiphonic
15.639642,-30.568182,keyboard_electronic_002-043-050,keyboard_electronic_002-043-050,/root/autodl-tmp/tokenizer-eval/data/nsynth/nsynth-test/audio/keyboard_electronic_002-043-050.wav,50,keyboard_electronic_002,4,keyboard,1,electronic,43,50,16000,distortion
-19.647165,9.552519,brass_acoustic_016-065-075,brass_acoustic_016-065-075,/root/autodl-tmp/tokenizer-eval/data/nsynth/nsynth-test/audio/brass_acoustic_016-065-075.wav,128,brass_acoustic_016,1,brass,0,acoustic,65,75,16000,bright
-30.06977,31.020126,string_acoustic_057-090-025,string_acoustic_057-090-025,/root/autodl-tmp/tokenizer-eval/data/nsynth/nsynth-test/audio/string_acoustic_057-090-025.wav,450,string_acoustic_057,8,string,0,acoustic,90,25,16000,bright|nonlinear_env|reverb
34.253944,-19.15367,bass_synthetic_134-029-025,bass_synthetic_134-029-025,/root/autodl-tmp/tokenizer-eval/data/nsynth/nsynth-test/audio/bass_synthetic_134-029-025.wav,914,bass_synthetic_134,0,bass,2,synthetic,29,25,16000,dark|reverb
54.06512,-18.53944,string_acoustic_080-033-075,string_acoustic_080-033-075,/root/autodl-tmp/tokenizer-eval/data/nsynth/nsynth-test/audio/string_acoustic_080-033-075.wav,675,string_acoustic_080,8,string,0,acoustic,33,75,16000,reverb
-51.99624,-7.5315948,brass_acoustic_046-072-100,brass_acoustic_046-072-100,/root/autodl-tmp/tokenizer-eval/data/nsynth/nsynth-test/audio/brass_acoustic_046-072-100.wav,414,brass_acoustic_046,1,brass,0,acoustic,72,100,16000,bright
-19.576494,44.60837,organ_electronic_028-095-127,organ_electronic_028-095-127,/root/autodl-tmp/tokenizer-eval/data/nsynth/nsynth-test/audio/organ_electronic_028-095-127.wav,440,organ_electronic_028,6,organ,1,electronic,95,127,16000,bright|long_release
44.18934,44.947693,reed_acoustic_023-084-100,reed_acoustic_023-084-100,/root/autodl-tmp/tokenizer-eval/data/nsynth/nsynth-test/audio/reed_acoustic_023-084-100.wav,224,reed_acoustic_023,7,reed,0,acoustic,84,100,16000,bright|fast_decay|multiphonic|nonlinear_env
-33.047653,26.08347,organ_electronic_104-076-050,organ_electronic_104-076-050,/root/autodl-tmp/tokenizer-eval/data/nsynth/nsynth-test/audio/organ_electronic_104-076-050.wav,921,organ_electronic_104,6,organ,1,electronic,76,50,16000,
-32.37523,1.6501015,reed_acoustic_018-062-127,reed_acoustic_018-062-127,/root/autodl-tmp/tokenizer-eval/data/nsynth/nsynth-test/audio/reed_acoustic_018-062-127.wav,183,reed_acoustic_018,7,reed,0,acoustic,62,127,16000,
-6.398655,29.59317,keyboard_electronic_069-081-075,keyboard_electronic_069-081-075,/root/autodl-tmp/tokenizer-eval/data/nsynth/nsynth-test/audio/keyboard_electronic_069-081-075.wav,805,keyboard_electronic_069,4,keyboard,1,electronic,81,75,16000,distortion
-0.37540346,-18.588894,flute_synthetic_000-051-100,flute_synthetic_000-051-100,/root/autodl-tmp/tokenizer-eval/data/nsynth/nsynth-test/audio/flute_synthetic_000-051-100.wav,82,flute_synthetic_000,2,flute,2,synthetic,51,100,16000,distortion
-27.57835,43.854393,flute_acoustic_002-099-050,flute_acoustic_002-099-050,/root/autodl-tmp/tokenizer-eval/data/nsynth/nsynth-test/audio/flute_acoustic_002-099-050.wav,86,flute_acoustic_002,2,flute,0,acoustic,99,50,16000,bright|reverb
46.37663,42.69515,reed_acoustic_023-050-050,reed_acoustic_023-050-050,/root/autodl-tmp/tokenizer-eval/data/nsynth/nsynth-test/audio/reed_acoustic_023-050-050.wav,224,reed_acoustic_023,7,reed,0,acoustic,50,50,16000,bright|fast_decay|multiphonic|nonlinear_env
-42.424675,-2.3965566,brass_acoustic_015-070-025,brass_acoustic_015-070-025,/root/autodl-tmp/tokenizer-eval/data/nsynth/nsynth-test/audio/brass_acoustic_015-070-025.wav,121,brass_acoustic_015,1,brass,0,acoustic,70,25,16000,reverb
49.4709,-16.874014,keyboard_electronic_069-033-127,keyboard_electronic_069-033-127,/root/autodl-tmp/tokenizer-eval/data/nsynth/nsynth-test/audio/keyboard_electronic_069-033-127.wav,805,keyboard_electronic_069,4,keyboard,1,electronic,33,127,16000,distortion
52.257835,-19.779974,vocal_synthetic_003-045-050,vocal_synthetic_003-045-050,/root/autodl-tmp/tokenizer-eval/data/nsynth/nsynth-test/audio/vocal_synthetic_003-045-050.wav,37,vocal_synthetic_003,10,vocal,2,synthetic,45,50,16000,distortion|long_release|nonlinear_env
44.673824,-35.54948,organ_electronic_113-029-127,organ_electronic_113-029-127,/root/autodl-tmp/tokenizer-eval/data/nsynth/nsynth-test/audio/organ_electronic_113-029-127.wav,958,organ_electronic_113,6,organ,1,electronic,29,127,16000,dark
1.220641,-52.415512,vocal_synthetic_003-032-127,vocal_synthetic_003-032-127,/root/autodl-tmp/tokenizer-eval/data/nsynth/nsynth-test/audio/vocal_synthetic_003-032-127.wav,37,vocal_synthetic_003,10,vocal,2,synthetic,32,127,16000,bright|distortion|long_release|nonlinear_env
27.556307,47.12675,guitar_acoustic_021-104-100,guitar_acoustic_021-104-100,/root/autodl-tmp/tokenizer-eval/data/nsynth/nsynth-test/audio/guitar_acoustic_021-104-100.wav,457,guitar_acoustic_021,3,guitar,0,acoustic,104,100,16000,fast_decay|percussive
-7.0360794,1.0127499,keyboard_electronic_003-060-050,keyboard_electronic_003-060-050,/root/autodl-tmp/tokenizer-eval/data/nsynth/nsynth-test/audio/keyboard_electronic_003-060-050.wav,65,keyboard_electronic_003,4,keyboard,1,electronic,60,50,16000,dark
-36.63401,11.156958,vocal_synthetic_003-065-127,vocal_synthetic_003-065-127,/root/autodl-tmp/tokenizer-eval/data/nsynth/nsynth-test/audio/vocal_synthetic_003-065-127.wav,37,vocal_synthetic_003,10,vocal,2,synthetic,65,127,16000,bright|distortion|long_release|nonlinear_env
-50.32118,-3.574474,organ_electronic_113-072-127,organ_electronic_113-072-127,/root/autodl-tmp/tokenizer-eval/data/nsynth/nsynth-test/audio/organ_electronic_113-072-127.wav,958,organ_electronic_113,6,organ,1,electronic,72,127,16000,
1.3756388,15.314016,keyboard_electronic_002-072-075,keyboard_electronic_002-072-075,/root/autodl-tmp/tokenizer-eval/data/nsynth/nsynth-test/audio/keyboard_electronic_002-072-075.wav,50,keyboard_electronic_002,4,keyboard,1,electronic,72,75,16000,
37.779533,42.030556,keyboard_synthetic_000-035-100,keyboard_synthetic_000-035-100,/root/autodl-tmp/tokenizer-eval/data/nsynth/nsynth-test/audio/keyboard_synthetic_000-035-100.wav,577,keyboard_synthetic_000,4,keyboard,2,synthetic,35,100,16000,distortion|fast_decay|nonlinear_env
-49.827675,-12.92598,vocal_synthetic_003-060-100,vocal_synthetic_003-060-100,/root/autodl-tmp/tokenizer-eval/data/nsynth/nsynth-test/audio/vocal_synthetic_003-060-100.wav,37,vocal_synthetic_003,10,vocal,2,synthetic,60,100,16000,bright|distortion|long_release|nonlinear_env
-26.465313,-12.289819,string_acoustic_012-055-025,string_acoustic_012-055-025,/root/autodl-tmp/tokenizer-eval/data/nsynth/nsynth-test/audio/string_acoustic_012-055-025.wav,97,string_acoustic_012,8,string,0,acoustic,55,25,16000,reverb
29.363268,-88.94816,brass_acoustic_046-087-127,brass_acoustic_046-087-127,/root/autodl-tmp/tokenizer-eval/data/nsynth/nsynth-test/audio/brass_acoustic_046-087-127.wav,414,brass_acoustic_046,1,brass,0,acoustic,87,127,16000,long_release
45.044765,41.60173,reed_acoustic_023-069-127,reed_acoustic_023-069-127,/root/autodl-tmp/tokenizer-eval/data/nsynth/nsynth-test/audio/reed_acoustic_023-069-127.wav,224,reed_acoustic_023,7,reed,0,acoustic,69,127,16000,bright|fast_decay|multiphonic|nonlinear_env
11.476201,27.285585,mallet_acoustic_062-106-127,mallet_acoustic_062-106-127,/root/autodl-tmp/tokenizer-eval/data/nsynth/nsynth-test/audio/mallet_acoustic_062-106-127.wav,644,mallet_acoustic_062,5,mallet,0,acoustic,106,127,16000,bright|multiphonic
33.328255,46.74907,mallet_acoustic_062-102-075,mallet_acoustic_062-102-075,/root/autodl-tmp/tokenizer-eval/data/nsynth/nsynth-test/audio/mallet_acoustic_062-102-075.wav,644,mallet_acoustic_062,5,mallet,0,acoustic,102,75,16000,bright|fast_decay|multiphonic
-31.197905,-28.235825,vocal_acoustic_000-050-025,vocal_acoustic_000-050-025,/root/autodl-tmp/tokenizer-eval/data/nsynth/nsynth-test/audio/vocal_acoustic_000-050-025.wav,46,vocal_acoustic_000,10,vocal,0,acoustic,50,25,16000,reverb
37.026134,42.616493,keyboard_synthetic_000-056-075,keyboard_synthetic_000-056-075,/root/autodl-tmp/tokenizer-eval/data/nsynth/nsynth-test/audio/keyboard_synthetic_000-056-075.wav,577,keyboard_synthetic_000,4,keyboard,2,synthetic,56,75,16000,distortion|fast_decay|nonlinear_env
-4.274018,37.380394,bass_synthetic_135-091-025,bass_synthetic_135-091-025,/root/autodl-tmp/tokenizer-eval/data/nsynth/nsynth-test/audio/bass_synthetic_135-091-025.wav,927,bass_synthetic_135,0,bass,2,synthetic,91,25,16000,distortion
-0.2110507,-55.95848,guitar_electronic_022-032-127,guitar_electronic_022-032-127,/root/autodl-tmp/tokenizer-eval/data/nsynth/nsynth-test/audio/guitar_electronic_022-032-127.wav,378,guitar_electronic_022,3,guitar,1,electronic,32,127,16000,dark
34.533974,40.289764,keyboard_synthetic_000-077-050,keyboard_synthetic_000-077-050,/root/autodl-tmp/tokenizer-eval/data/nsynth/nsynth-test/audio/keyboard_synthetic_000-077-050.wav,577,keyboard_synthetic_000,4,keyboard,2,synthetic,77,50,16000,distortion|fast_decay|nonlinear_env
-34.893414,-7.234443,bass_synthetic_009-058-050,bass_synthetic_009-058-050,/root/autodl-tmp/tokenizer-eval/data/nsynth/nsynth-test/audio/bass_synthetic_009-058-050.wav,150,bass_synthetic_009,0,bass,2,synthetic,58,50,16000,bright|distortion|long_release
-50.267735,-2.4394524,organ_electronic_028-072-100,organ_electronic_028-072-100,/root/autodl-tmp/tokenizer-eval/data/nsynth/nsynth-test/audio/organ_electronic_028-072-100.wav,440,organ_electronic_028,6,organ,1,electronic,72,100,16000,dark
-51.892956,13.856421,vocal_synthetic_003-092-100,vocal_synthetic_003-092-100,/root/autodl-tmp/tokenizer-eval/data/nsynth/nsynth-test/audio/vocal_synthetic_003-092-100.wav,37,vocal_synthetic_003,10,vocal,2,synthetic,92,100,16000,bright|distortion|long_release|nonlinear_env
-37.31789,31.363419,flute_acoustic_002-087-127,flute_acoustic_002-087-127,/root/autodl-tmp/tokenizer-eval/data/nsynth/nsynth-test/audio/flute_acoustic_002-087-127.wav,86,flute_acoustic_002,2,flute,0,acoustic,87,127,16000,reverb
-20.011057,-48.420177,string_acoustic_080-037-100,string_acoustic_080-037-100,/root/autodl-tmp/tokenizer-eval/data/nsynth/nsynth-test/audio/string_acoustic_080-037-100.wav,675,string_acoustic_080,8,string,0,acoustic,37,100,16000,long_release|reverb
23.031061,-13.531576,bass_synthetic_134-023-075,bass_synthetic_134-023-075,/root/autodl-tmp/tokenizer-eval/data/nsynth/nsynth-test/audio/bass_synthetic_134-023-075.wav,914,bass_synthetic_134,0,bass,2,synthetic,23,75,16000,dark|reverb
-37.68518,-3.2206779,vocal_acoustic_000-069-050,vocal_acoustic_000-069-050,/root/autodl-tmp/tokenizer-eval/data/nsynth/nsynth-test/audio/vocal_acoustic_000-069-050.wav,46,vocal_acoustic_000,10,vocal,0,acoustic,69,50,16000,reverb
3.1136312,18.477097,guitar_acoustic_015-073-127,guitar_acoustic_015-073-127,/root/autodl-tmp/tokenizer-eval/data/nsynth/nsynth-test/audio/guitar_acoustic_015-073-127.wav,316,guitar_acoustic_015,3,guitar,0,acoustic,73,127,16000,reverb
-34.294727,-11.449017,brass_acoustic_046-058-075,brass_acoustic_046-058-075,/root/autodl-tmp/tokenizer-eval/data/nsynth/nsynth-test/audio/brass_acoustic_046-058-075.wav,414,brass_acoustic_046,1,brass,0,acoustic,58,75,16000,bright
-2.554725,-60.707314,bass_synthetic_033-044-025,bass_synthetic_033-044-025,/root/autodl-tmp/tokenizer-eval/data/nsynth/nsynth-test/audio/bass_synthetic_033-044-025.wav,417,bass_synthetic_033,0,bass,2,synthetic,44,25,16000,dark
-42.548805,-9.195008,vocal_acoustic_000-059-127,vocal_acoustic_000-059-127,/root/autodl-tmp/tokenizer-eval/data/nsynth/nsynth-test/audio/vocal_acoustic_000-059-127.wav,46,vocal_acoustic_000,10,vocal,0,acoustic,59,127,16000,reverb
31.844099,50.353718,mallet_acoustic_062-108-050,mallet_acoustic_062-108-050,/root/autodl-tmp/tokenizer-eval/data/nsynth/nsynth-test/audio/mallet_acoustic_062-108-050.wav,644,mallet_acoustic_062,5,mallet,0,acoustic,108,50,16000,bright|fast_decay|multiphonic|percussive
34.493877,-26.44724,keyboard_electronic_002-022-127,keyboard_electronic_002-022-127,/root/autodl-tmp/tokenizer-eval/data/nsynth/nsynth-test/audio/keyboard_electronic_002-022-127.wav,50,keyboard_electronic_002,4,keyboard,1,electronic,22,127,16000,distortion
-48.759308,-6.708131,bass_synthetic_009-071-075,bass_synthetic_009-071-075,/root/autodl-tmp/tokenizer-eval/data/nsynth/nsynth-test/audio/bass_synthetic_009-071-075.wav,150,bass_synthetic_009,0,bass,2,synthetic,71,75,16000,bright|distortion|long_release
36.52132,-28.445261,guitar_electronic_028-022-025,guitar_electronic_028-022-025,/root/autodl-tmp/tokenizer-eval/data/nsynth/nsynth-test/audio/guitar_electronic_028-022-025.wav,510,guitar_electronic_028,3,guitar,1,electronic,22,25,16000,dark
42.162983,1.585878,guitar_electronic_028-048-127,guitar_electronic_028-048-127,/root/autodl-tmp/tokenizer-eval/data/nsynth/nsynth-test/audio/guitar_electronic_028-048-127.wav,510,guitar_electronic_028,3,guitar,1,electronic,48,127,16000,
-31.256968,11.288923,reed_acoustic_018-065-025,reed_acoustic_018-065-025,/root/autodl-tmp/tokenizer-eval/data/nsynth/nsynth-test/audio/reed_acoustic_018-065-025.wav,183,reed_acoustic_018,7,reed,0,acoustic,65,25,16000,
17.25058,6.0249753,bass_synthetic_098-105-127,bass_synthetic_098-105-127,/root/autodl-tmp/tokenizer-eval/data/nsynth/nsynth-test/audio/bass_synthetic_098-105-127.wav,803,bass_synthetic_098,0,bass,2,synthetic,105,127,16000,
-23.729994,16.944538,flute_synthetic_000-079-127,flute_synthetic_000-079-127,/root/autodl-tmp/tokenizer-eval/data/nsynth/nsynth-test/audio/flute_synthetic_000-079-127.wav,82,flute_synthetic_000,2,flute,2,synthetic,79,127,16000,distortion
-29.068155,3.7250187,organ_electronic_007-063-050,organ_electronic_007-063-050,/root/autodl-tmp/tokenizer-eval/data/nsynth/nsynth-test/audio/organ_electronic_007-063-050.wav,123,organ_electronic_007,6,organ,1,electronic,63,50,16000,distortion|long_release|nonlinear_env
27.574932,-89.37033,brass_acoustic_046-091-025,brass_acoustic_046-091-025,/root/autodl-tmp/tokenizer-eval/data/nsynth/nsynth-test/audio/brass_acoustic_046-091-025.wav,414,brass_acoustic_046,1,brass,0,acoustic,91,25,16000,long_release
16.337713,-25.836996,reed_acoustic_037-031-050,reed_acoustic_037-031-050,/root/autodl-tmp/tokenizer-eval/data/nsynth/nsynth-test/audio/reed_acoustic_037-031-050.wav,387,reed_acoustic_037,7,reed,0,acoustic,31,50,16000,reverb
26.073292,-18.668276,flute_synthetic_000-028-050,flute_synthetic_000-028-050,/root/autodl-tmp/tokenizer-eval/data/nsynth/nsynth-test/audio/flute_synthetic_000-028-050.wav,82,flute_synthetic_000,2,flute,2,synthetic,28,50,16000,distortion
38.322044,39.168114,reed_acoustic_023-095-127,reed_acoustic_023-095-127,/root/autodl-tmp/tokenizer-eval/data/nsynth/nsynth-test/audio/reed_acoustic_023-095-127.wav,224,reed_acoustic_023,7,reed,0,acoustic,95,127,16000,fast_decay|multiphonic|nonlinear_env
40.989822,49.618538,keyboard_synthetic_000-027-075,keyboard_synthetic_000-027-075,/root/autodl-tmp/tokenizer-eval/data/nsynth/nsynth-test/audio/keyboard_synthetic_000-027-075.wav,577,keyboard_synthetic_000,4,keyboard,2,synthetic,27,75,16000,distortion|fast_decay|nonlinear_env
-13.238951,1.9604903,bass_synthetic_034-062-075,bass_synthetic_034-062-075,/root/autodl-tmp/tokenizer-eval/data/nsynth/nsynth-test/audio/bass_synthetic_034-062-075.wav,420,bass_synthetic_034,0,bass,2,synthetic,62,75,16000,distortion|tempo-synced
32.98214,-16.761976,keyboard_electronic_001-021-127,keyboard_electronic_001-021-127,/root/autodl-tmp/tokenizer-eval/data/nsynth/nsynth-test/audio/keyboard_electronic_001-021-127.wav,40,keyboard_electronic_001,4,keyboard,1,electronic,21,127,16000,
6.843025,-16.441355,keyboard_electronic_001-025-050,keyboard_electronic_001-025-050,/root/autodl-tmp/tokenizer-eval/data/nsynth/nsynth-test/audio/keyboard_electronic_001-025-050.wav,40,keyboard_electronic_001,4,keyboard,1,electronic,25,50,16000,dark
-28.849691,11.249058,brass_acoustic_006-065-127,brass_acoustic_006-065-127,/root/autodl-tmp/tokenizer-eval/data/nsynth/nsynth-test/audio/brass_acoustic_006-065-127.wav,43,brass_acoustic_006,1,brass,0,acoustic,65,127,16000,reverb
-37.792736,-8.116908,string_acoustic_057-058-127,string_acoustic_057-058-127,/root/autodl-tmp/tokenizer-eval/data/nsynth/nsynth-test/audio/string_acoustic_057-058-127.wav,450,string_acoustic_057,8,string,0,acoustic,58,127,16000,bright|nonlinear_env|reverb
-16.884293,-6.7130075,brass_acoustic_015-057-025,brass_acoustic_015-057-025,/root/autodl-tmp/tokenizer-eval/data/nsynth/nsynth-test/audio/brass_acoustic_015-057-025.wav,121,brass_acoustic_015,1,brass,0,acoustic,57,25,16000,reverb
-37.50797,-1.406087,flute_synthetic_000-081-127,flute_synthetic_000-081-127,/root/autodl-tmp/tokenizer-eval/data/nsynth/nsynth-test/audio/flute_synthetic_000-081-127.wav,82,flute_synthetic_000,2,flute,2,synthetic,81,127,16000,distortion
44.520954,-2.3765497,organ_electronic_001-036-050,organ_electronic_001-036-050,/root/autodl-tmp/tokenizer-eval/data/nsynth/nsynth-test/audio/organ_electronic_001-036-050.wav,8,organ_electronic_001,6,organ,1,electronic,36,50,16000,dark
15.870008,24.38279,mallet_acoustic_062-092-075,mallet_acoustic_062-092-075,/root/autodl-tmp/tokenizer-eval/data/nsynth/nsynth-test/audio/mallet_acoustic_062-092-075.wav,644,mallet_acoustic_062,5,mallet,0,acoustic,92,75,16000,fast_decay|multiphonic
-24.838167,-22.1541,reed_acoustic_037-052-025,reed_acoustic_037-052-025,/root/autodl-tmp/tokenizer-eval/data/nsynth/nsynth-test/audio/reed_acoustic_037-052-025.wav,387,reed_acoustic_037,7,reed,0,acoustic,52,25,16000,reverb
29.363268,-88.94816,brass_acoustic_046-105-100,brass_acoustic_046-105-100,/root/autodl-tmp/tokenizer-eval/data/nsynth/nsynth-test/audio/brass_acoustic_046-105-100.wav,414,brass_acoustic_046,1,brass,0,acoustic,105,100,16000,long_release
6.3705425,21.29992,guitar_acoustic_021-074-025,guitar_acoustic_021-074-025,/root/autodl-tmp/tokenizer-eval/data/nsynth/nsynth-test/audio/guitar_acoustic_021-074-025.wav,457,guitar_acoustic_021,3,guitar,0,acoustic,74,25,16000,fast_decay
-2.417708,-17.400265,bass_synthetic_068-051-075,bass_synthetic_068-051-075,/root/autodl-tmp/tokenizer-eval/data/nsynth/nsynth-test/audio/bass_synthetic_068-051-075.wav,656,bass_synthetic_068,0,bass,2,synthetic,51,75,16000,dark
-29.473965,-25.493366,brass_acoustic_006-050-100,brass_acoustic_006-050-100,/root/autodl-tmp/tokenizer-eval/data/nsynth/nsynth-test/audio/brass_acoustic_006-050-100.wav,43,brass_acoustic_006,1,brass,0,acoustic,50,100,16000,reverb
4.359458,-40.533318,bass_synthetic_034-040-100,bass_synthetic_034-040-100,/root/autodl-tmp/tokenizer-eval/data/nsynth/nsynth-test/audio/bass_synthetic_034-040-100.wav,420,bass_synthetic_034,0,bass,2,synthetic,40,100,16000,distortion|tempo-synced
18.392262,-15.214572,bass_electronic_018-023-075,bass_electronic_018-023-075,/root/autodl-tmp/tokenizer-eval/data/nsynth/nsynth-test/audio/bass_electronic_018-023-075.wav,759,bass_electronic_018,0,bass,1,electronic,23,75,16000,
-18.88743,-15.74182,flute_synthetic_000-054-127,flute_synthetic_000-054-127,/root/autodl-tmp/tokenizer-eval/data/nsynth/nsynth-test/audio/flute_synthetic_000-054-127.wav,82,flute_synthetic_000,2,flute,2,synthetic,54,127,16000,distortion
-16.604527,-14.097744,bass_synthetic_135-054-050,bass_synthetic_135-054-050,/root/autodl-tmp/tokenizer-eval/data/nsynth/nsynth-test/audio/bass_synthetic_135-054-050.wav,927,bass_synthetic_135,0,bass,2,synthetic,54,50,16000,distortion
-2.0023537,-11.676219,guitar_acoustic_015-034-127,guitar_acoustic_015-034-127,/root/autodl-tmp/tokenizer-eval/data/nsynth/nsynth-test/audio/guitar_acoustic_015-034-127.wav,316,guitar_acoustic_015,3,guitar,0,acoustic,34,127,16000,long_release|reverb
-24.427818,-43.336388,organ_electronic_057-037-075,organ_electronic_057-037-075,/root/autodl-tmp/tokenizer-eval/data/nsynth/nsynth-test/audio/organ_electronic_057-037-075.wav,701,organ_electronic_057,6,organ,1,electronic,37,75,16000,dark
-40.81484,22.488312,vocal_synthetic_003-075-127,vocal_synthetic_003-075-127,/root/autodl-tmp/tokenizer-eval/data/nsynth/nsynth-test/audio/vocal_synthetic_003-075-127.wav,37,vocal_synthetic_003,10,vocal,2,synthetic,75,127,16000,bright|distortion|long_release|nonlinear_env
-43.950493,29.458147,reed_acoustic_011-074-025,reed_acoustic_011-074-025,/root/autodl-tmp/tokenizer-eval/data/nsynth/nsynth-test/audio/reed_acoustic_011-074-025.wav,104,reed_acoustic_011,7,reed,0,acoustic,74,25,16000,
25.050125,14.794545,string_acoustic_014-064-075,string_acoustic_014-064-075,/root/autodl-tmp/tokenizer-eval/data/nsynth/nsynth-test/audio/string_acoustic_014-064-075.wav,100,string_acoustic_014,8,string,0,acoustic,64,75,16000,fast_decay|percussive|reverb
-23.119333,32.17582,reed_acoustic_018-079-050,reed_acoustic_018-079-050,/root/autodl-tmp/tokenizer-eval/data/nsynth/nsynth-test/audio/reed_acoustic_018-079-050.wav,183,reed_acoustic_018,7,reed,0,acoustic,79,50,16000,
-23.703754,16.952887,flute_synthetic_000-079-100,flute_synthetic_000-079-100,/root/autodl-tmp/tokenizer-eval/data/nsynth/nsynth-test/audio/flute_synthetic_000-079-100.wav,82,flute_synthetic_000,2,flute,2,synthetic,79,100,16000,distortion
11.809505,5.127919,bass_synthetic_098-039-075,bass_synthetic_098-039-075,/root/autodl-tmp/tokenizer-eval/data/nsynth/nsynth-test/audio/bass_synthetic_098-039-075.wav,803,bass_synthetic_098,0,bass,2,synthetic,39,75,16000,
12.143385,21.773075,mallet_acoustic_056-064-127,mallet_acoustic_056-064-127,/root/autodl-tmp/tokenizer-eval/data/nsynth/nsynth-test/audio/mallet_acoustic_056-064-127.wav,590,mallet_acoustic_056,5,mallet,0,acoustic,64,127,16000,fast_decay|percussive
20.327501,-5.004154,keyboard_acoustic_004-085-127,keyboard_acoustic_004-085-127,/root/autodl-tmp/tokenizer-eval/data/nsynth/nsynth-test/audio/keyboard_acoustic_004-085-127.wav,327,keyboard_acoustic_004,4,keyboard,0,acoustic,85,127,16000,reverb
-0.3661171,10.541011,keyboard_acoustic_004-070-050,keyboard_acoustic_004-070-050,/root/autodl-tmp/tokenizer-eval/data/nsynth/nsynth-test/audio/keyboard_acoustic_004-070-050.wav,327,keyboard_acoustic_004,4,keyboard,0,acoustic,70,50,16000,dark|reverb
-44.8004,15.063992,mallet_acoustic_056-110-050,mallet_acoustic_056-110-050,/root/autodl-tmp/tokenizer-eval/data/nsynth/nsynth-test/audio/mallet_acoustic_056-110-050.wav,590,mallet_acoustic_056,5,mallet,0,acoustic,110,50,16000,bright
-0.3745057,-54.293373,reed_acoustic_037-032-025,reed_acoustic_037-032-025,/root/autodl-tmp/tokenizer-eval/data/nsynth/nsynth-test/audio/reed_acoustic_037-032-025.wav,387,reed_acoustic_037,7,reed,0,acoustic,32,25,16000,reverb
-8.872734,-37.92027,flute_synthetic_000-064-127,flute_synthetic_000-064-127,/root/autodl-tmp/tokenizer-eval/data/nsynth/nsynth-test/audio/flute_synthetic_000-064-127.wav,82,flute_synthetic_000,2,flute,2,synthetic,64,127,16000,distortion
-40.372543,2.0415258,brass_acoustic_016-070-025,brass_acoustic_016-070-025,/root/autodl-tmp/tokenizer-eval/data/nsynth/nsynth-test/audio/brass_acoustic_016-070-025.wav,128,brass_acoustic_016,1,brass,0,acoustic,70,25,16000,bright
-33.1468,26.272678,organ_electronic_057-076-100,organ_electronic_057-076-100,/root/autodl-tmp/tokenizer-eval/data/nsynth/nsynth-test/audio/organ_electronic_057-076-100.wav,701,organ_electronic_057,6,organ,1,electronic,76,100,16000,
32.303604,-32.584843,vocal_synthetic_003-034-025,vocal_synthetic_003-034-025,/root/autodl-tmp/tokenizer-eval/data/nsynth/nsynth-test/audio/vocal_synthetic_003-034-025.wav,37,vocal_synthetic_003,10,vocal,2,synthetic,34,25,16000,distortion|long_release|nonlinear_env
17.45937,-15.069083,organ_electronic_007-011-025,organ_electronic_007-011-025,/root/autodl-tmp/tokenizer-eval/data/nsynth/nsynth-test/audio/organ_electronic_007-011-025.wav,123,organ_electronic_007,6,organ,1,electronic,11,25,16000,distortion|long_release|nonlinear_env
-46.2371,14.769695,vocal_synthetic_003-099-100,vocal_synthetic_003-099-100,/root/autodl-tmp/tokenizer-eval/data/nsynth/nsynth-test/audio/vocal_synthetic_003-099-100.wav,37,vocal_synthetic_003,10,vocal,2,synthetic,99,100,16000,bright|distortion|long_release|nonlinear_env
55.152172,-18.176207,string_acoustic_071-045-050,string_acoustic_071-045-050,/root/autodl-tmp/tokenizer-eval/data/nsynth/nsynth-test/audio/string_acoustic_071-045-050.wav,609,string_acoustic_071,8,string,0,acoustic,45,50,16000,reverb
28.99853,-17.398298,guitar_acoustic_014-027-050,guitar_acoustic_014-027-050,/root/autodl-tmp/tokenizer-eval/data/nsynth/nsynth-test/audio/guitar_acoustic_014-027-050.wav,263,guitar_acoustic_014,3,guitar,0,acoustic,27,50,16000,
-40.232525,11.597726,vocal_synthetic_003-067-100,vocal_synthetic_003-067-100,/root/autodl-tmp/tokenizer-eval/data/nsynth/nsynth-test/audio/vocal_synthetic_003-067-100.wav,37,vocal_synthetic_003,10,vocal,2,synthetic,67,100,16000,bright|distortion|long_release|nonlinear_env
-33.365242,43.89261,brass_acoustic_006-084-075,brass_acoustic_006-084-075,/root/autodl-tmp/tokenizer-eval/data/nsynth/nsynth-test/audio/brass_acoustic_006-084-075.wav,43,brass_acoustic_006,1,brass,0,acoustic,84,75,16000,reverb
-10.895526,4.984456,keyboard_electronic_002-063-075,keyboard_electronic_002-063-075,/root/autodl-tmp/tokenizer-eval/data/nsynth/nsynth-test/audio/keyboard_electronic_002-063-075.wav,50,keyboard_electronic_002,4,keyboard,1,electronic,63,75,16000,
-23.256733,13.10844,vocal_acoustic_000-067-075,vocal_acoustic_000-067-075,/root/autodl-tmp/tokenizer-eval/data/nsynth/nsynth-test/audio/vocal_acoustic_000-067-075.wav,46,vocal_acoustic_000,10,vocal,0,acoustic,67,75,16000,reverb
-51.917217,-8.392923,reed_acoustic_018-072-050,reed_acoustic_018-072-050,/root/autodl-tmp/tokenizer-eval/data/nsynth/nsynth-test/audio/reed_acoustic_018-072-050.wav,183,reed_acoustic_018,7,reed,0,acoustic,72,50,16000,
-39.551125,23.596682,brass_acoustic_016-075-075,brass_acoustic_016-075-075,/root/autodl-tmp/tokenizer-eval/data/nsynth/nsynth-test/audio/brass_acoustic_016-075-075.wav,128,brass_acoustic_016,1,brass,0,acoustic,75,75,16000,bright
-24.399265,38.94462,flute_acoustic_002-092-127,flute_acoustic_002-092-127,/root/autodl-tmp/tokenizer-eval/data/nsynth/nsynth-test/audio/flute_acoustic_002-092-127.wav,86,flute_acoustic_002,2,flute,0,acoustic,92,127,16000,reverb
-48.239113,13.98819,vocal_synthetic_003-096-100,vocal_synthetic_003-096-100,/root/autodl-tmp/tokenizer-eval/data/nsynth/nsynth-test/audio/vocal_synthetic_003-096-100.wav,37,vocal_synthetic_003,10,vocal,2,synthetic,96,100,16000,bright|distortion|long_release|nonlinear_env
-23.422533,-7.4680753,vocal_acoustic_000-056-025,vocal_acoustic_000-056-025,/root/autodl-tmp/tokenizer-eval/data/nsynth/nsynth-test/audio/vocal_acoustic_000-056-025.wav,46,vocal_acoustic_000,10,vocal,0,acoustic,56,25,16000,reverb
-27.90402,1.9035913,brass_acoustic_006-062-127,brass_acoustic_006-062-127,/root/autodl-tmp/tokenizer-eval/data/nsynth/nsynth-test/audio/brass_acoustic_006-062-127.wav,43,brass_acoustic_006,1,brass,0,acoustic,62,127,16000,reverb
-43.839493,-12.640426,flute_synthetic_000-073-050,flute_synthetic_000-073-050,/root/autodl-tmp/tokenizer-eval/data/nsynth/nsynth-test/audio/flute_synthetic_000-073-050.wav,82,flute_synthetic_000,2,flute,2,synthetic,73,50,16000,distortion
-14.51928,21.579437,guitar_electronic_028-077-127,guitar_electronic_028-077-127,/root/autodl-tmp/tokenizer-eval/data/nsynth/nsynth-test/audio/guitar_electronic_028-077-127.wav,510,guitar_electronic_028,3,guitar,1,electronic,77,127,16000,
-26.775656,-11.602447,brass_acoustic_059-055-127,brass_acoustic_059-055-127,/root/autodl-tmp/tokenizer-eval/data/nsynth/nsynth-test/audio/brass_acoustic_059-055-127.wav,572,brass_acoustic_059,1,brass,0,acoustic,55,127,16000,reverb
-22.394617,33.00903,flute_acoustic_002-079-100,flute_acoustic_002-079-100,/root/autodl-tmp/tokenizer-eval/data/nsynth/nsynth-test/audio/flute_acoustic_002-079-100.wav,86,flute_acoustic_002,2,flute,0,acoustic,79,100,16000,reverb
16.994757,-43.425377,string_acoustic_080-047-050,string_acoustic_080-047-050,/root/autodl-tmp/tokenizer-eval/data/nsynth/nsynth-test/audio/string_acoustic_080-047-050.wav,675,string_acoustic_080,8,string,0,acoustic,47,50,16000,reverb
15.349521,-30.018562,bass_synthetic_033-043-100,bass_synthetic_033-043-100,/root/autodl-tmp/tokenizer-eval/data/nsynth/nsynth-test/audio/bass_synthetic_033-043-100.wav,417,bass_synthetic_033,0,bass,2,synthetic,43,100,16000,dark
42.924004,-35.868874,string_acoustic_071-041-050,string_acoustic_071-041-050,/root/autodl-tmp/tokenizer-eval/data/nsynth/nsynth-test/audio/string_acoustic_071-041-050.wav,609,string_acoustic_071,8,string,0,acoustic,41,50,16000,long_release|reverb
-13.361968,8.373101,guitar_electronic_028-065-050,guitar_electronic_028-065-050,/root/autodl-tmp/tokenizer-eval/data/nsynth/nsynth-test/audio/guitar_electronic_028-065-050.wav,510,guitar_electronic_028,3,guitar,1,electronic,65,50,16000,
49.64733,-12.861232,guitar_acoustic_021-033-127,guitar_acoustic_021-033-127,/root/autodl-tmp/tokenizer-eval/data/nsynth/nsynth-test/audio/guitar_acoustic_021-033-127.wav,457,guitar_acoustic_021,3,guitar,0,acoustic,33,127,16000,distortion
-1.658907,33.194912,mallet_acoustic_056-118-050,mallet_acoustic_056-118-050,/root/autodl-tmp/tokenizer-eval/data/nsynth/nsynth-test/audio/mallet_acoustic_056-118-050.wav,590,mallet_acoustic_056,5,mallet,0,acoustic,118,50,16000,bright|long_release
22.049168,15.576521,string_acoustic_056-047-100,string_acoustic_056-047-100,/root/autodl-tmp/tokenizer-eval/data/nsynth/nsynth-test/audio/string_acoustic_056-047-100.wav,436,string_acoustic_056,8,string,0,acoustic,47,100,16000,fast_decay|reverb
13.417777,-16.717812,string_acoustic_012-042-050,string_acoustic_012-042-050,/root/autodl-tmp/tokenizer-eval/data/nsynth/nsynth-test/audio/string_acoustic_012-042-050.wav,97,string_acoustic_012,8,string,0,acoustic,42,50,16000,long_release|reverb
-10.055695,-27.417778,organ_electronic_001-041-050,organ_electronic_001-041-050,/root/autodl-tmp/tokenizer-eval/data/nsynth/nsynth-test/audio/organ_electronic_001-041-050.wav,8,organ_electronic_001,6,organ,1,electronic,41,50,16000,dark
23.33528,-18.961155,brass_acoustic_006-028-075,brass_acoustic_006-028-075,/root/autodl-tmp/tokenizer-eval/data/nsynth/nsynth-test/audio/brass_acoustic_006-028-075.wav,43,brass_acoustic_006,1,brass,0,acoustic,28,75,16000,reverb
-21.626328,-36.20378,keyboard_electronic_002-049-127,keyboard_electronic_002-049-127,/root/autodl-tmp/tokenizer-eval/data/nsynth/nsynth-test/audio/keyboard_electronic_002-049-127.wav,50,keyboard_electronic_002,4,keyboard,1,electronic,49,127,16000,distortion
-18.078278,41.114872,flute_acoustic_002-083-100,flute_acoustic_002-083-100,/root/autodl-tmp/tokenizer-eval/data/nsynth/nsynth-test/audio/flute_acoustic_002-083-100.wav,86,flute_acoustic_002,2,flute,0,acoustic,83,100,16000,reverb
0.93988025,-41.88073,organ_electronic_007-040-075,organ_electronic_007-040-075,/root/autodl-tmp/tokenizer-eval/data/nsynth/nsynth-test/audio/organ_electronic_007-040-075.wav,123,organ_electronic_007,6,organ,1,electronic,40,75,16000,distortion|long_release|nonlinear_env
50.98918,-18.81391,string_acoustic_080-033-127,string_acoustic_080-033-127,/root/autodl-tmp/tokenizer-eval/data/nsynth/nsynth-test/audio/string_acoustic_080-033-127.wav,675,string_acoustic_080,8,string,0,acoustic,33,127,16000,reverb
-14.650231,9.789277,brass_acoustic_015-066-050,brass_acoustic_015-066-050,/root/autodl-tmp/tokenizer-eval/data/nsynth/nsynth-test/audio/brass_acoustic_015-066-050.wav,121,brass_acoustic_015,1,brass,0,acoustic,66,50,16000,reverb
42.298973,32.599766,mallet_acoustic_062-055-025,mallet_acoustic_062-055-025,/root/autodl-tmp/tokenizer-eval/data/nsynth/nsynth-test/audio/mallet_acoustic_062-055-025.wav,644,mallet_acoustic_062,5,mallet,0,acoustic,55,25,16000,dark|fast_decay|multiphonic
38.304012,-3.2147856,bass_synthetic_068-036-075,bass_synthetic_068-036-075,/root/autodl-tmp/tokenizer-eval/data/nsynth/nsynth-test/audio/bass_synthetic_068-036-075.wav,656,bass_synthetic_068,0,bass,2,synthetic,36,75,16000,dark
40.942867,-32.710842,bass_electronic_018-029-075,bass_electronic_018-029-075,/root/autodl-tmp/tokenizer-eval/data/nsynth/nsynth-test/audio/bass_electronic_018-029-075.wav,759,bass_electronic_018,0,bass,1,electronic,29,75,16000,
24.398298,20.111301,mallet_acoustic_047-108-050,mallet_acoustic_047-108-050,/root/autodl-tmp/tokenizer-eval/data/nsynth/nsynth-test/audio/mallet_acoustic_047-108-050.wav,488,mallet_acoustic_047,5,mallet,0,acoustic,108,50,16000,fast_decay|percussive|reverb
9.703358,24.280413,guitar_acoustic_014-080-100,guitar_acoustic_014-080-100,/root/autodl-tmp/tokenizer-eval/data/nsynth/nsynth-test/audio/guitar_acoustic_014-080-100.wav,263,guitar_acoustic_014,3,guitar,0,acoustic,80,100,16000,fast_decay
-10.818932,-4.590331,brass_acoustic_015-059-025,brass_acoustic_015-059-025,/root/autodl-tmp/tokenizer-eval/data/nsynth/nsynth-test/audio/brass_acoustic_015-059-025.wav,121,brass_acoustic_015,1,brass,0,acoustic,59,25,16000,reverb
-23.32851,-16.478758,reed_acoustic_037-054-127,reed_acoustic_037-054-127,/root/autodl-tmp/tokenizer-eval/data/nsynth/nsynth-test/audio/reed_acoustic_037-054-127.wav,387,reed_acoustic_037,7,reed,0,acoustic,54,127,16000,long_release|reverb
-6.8269324,34.8572,guitar_acoustic_010-092-075,guitar_acoustic_010-092-075,/root/autodl-tmp/tokenizer-eval/data/nsynth/nsynth-test/audio/guitar_acoustic_010-092-075.wav,219,guitar_acoustic_010,3,guitar,0,acoustic,92,75,16000,
21.750162,31.032457,keyboard_electronic_002-090-075,keyboard_electronic_002-090-075,/root/autodl-tmp/tokenizer-eval/data/nsynth/nsynth-test/audio/keyboard_electronic_002-090-075.wav,50,keyboard_electronic_002,4,keyboard,1,electronic,90,75,16000,fast_decay|percussive
-35.402714,-12.127164,reed_acoustic_011-058-025,reed_acoustic_011-058-025,/root/autodl-tmp/tokenizer-eval/data/nsynth/nsynth-test/audio/reed_acoustic_011-058-025.wav,104,reed_acoustic_011,7,reed,0,acoustic,58,25,16000,
-22.807165,-39.277096,brass_acoustic_006-049-075,brass_acoustic_006-049-075,/root/autodl-tmp/tokenizer-eval/data/nsynth/nsynth-test/audio/brass_acoustic_006-049-075.wav,43,brass_acoustic_006,1,brass,0,acoustic,49,75,16000,reverb
-8.252931,14.870988,keyboard_electronic_098-068-100,keyboard_electronic_098-068-100,/root/autodl-tmp/tokenizer-eval/data/nsynth/nsynth-test/audio/keyboard_electronic_098-068-100.wav,905,keyboard_electronic_098,4,keyboard,1,electronic,68,100,16000,
14.333998,6.4955826,bass_synthetic_098-049-127,bass_synthetic_098-049-127,/root/autodl-tmp/tokenizer-eval/data/nsynth/nsynth-test/audio/bass_synthetic_098-049-127.wav,803,bass_synthetic_098,0,bass,2,synthetic,49,127,16000,distortion
5.125745,-30.01824,reed_acoustic_011-039-025,reed_acoustic_011-039-025,/root/autodl-tmp/tokenizer-eval/data/nsynth/nsynth-test/audio/reed_acoustic_011-039-025.wav,104,reed_acoustic_011,7,reed,0,acoustic,39,25,16000,
-28.769096,-3.5877812,organ_electronic_007-054-100,organ_electronic_007-054-100,/root/autodl-tmp/tokenizer-eval/data/nsynth/nsynth-test/audio/organ_electronic_007-054-100.wav,123,organ_electronic_007,6,organ,1,electronic,54,100,16000,distortion|long_release|nonlinear_env
42.28963,32.58453,mallet_acoustic_062-054-025,mallet_acoustic_062-054-025,/root/autodl-tmp/tokenizer-eval/data/nsynth/nsynth-test/audio/mallet_acoustic_062-054-025.wav,644,mallet_acoustic_062,5,mallet,0,acoustic,54,25,16000,dark|fast_decay|multiphonic
13.060133,-27.412746,reed_acoustic_011-043-127,reed_acoustic_011-043-127,/root/autodl-tmp/tokenizer-eval/data/nsynth/nsynth-test/audio/reed_acoustic_011-043-127.wav,104,reed_acoustic_011,7,reed,0,acoustic,43,127,16000,bright
29.45948,17.410929,mallet_acoustic_047-086-050,mallet_acoustic_047-086-050,/root/autodl-tmp/tokenizer-eval/data/nsynth/nsynth-test/audio/mallet_acoustic_047-086-050.wav,488,mallet_acoustic_047,5,mallet,0,acoustic,86,50,16000,percussive|reverb
-8.173022,16.190609,keyboard_electronic_078-068-050,keyboard_electronic_078-068-050,/root/autodl-tmp/tokenizer-eval/data/nsynth/nsynth-test/audio/keyboard_electronic_078-068-050.wav,838,keyboard_electronic_078,4,keyboard,1,electronic,68,50,16000,bright
38.818882,-3.3395872,guitar_electronic_022-036-050,guitar_electronic_022-036-050,/root/autodl-tmp/tokenizer-eval/data/nsynth/nsynth-test/audio/guitar_electronic_022-036-050.wav,378,guitar_electronic_022,3,guitar,1,electronic,36,50,16000,dark
-48.112892,-13.079073,organ_electronic_007-060-025,organ_electronic_007-060-025,/root/autodl-tmp/tokenizer-eval/data/nsynth/nsynth-test/audio/organ_electronic_007-060-025.wav,123,organ_electronic_007,6,organ,1,electronic,60,25,16000,distortion|long_release|nonlinear_env
17.719147,17.35731,string_acoustic_056-061-100,string_acoustic_056-061-100,/root/autodl-tmp/tokenizer-eval/data/nsynth/nsynth-test/audio/string_acoustic_056-061-100.wav,436,string_acoustic_056,8,string,0,acoustic,61,100,16000,fast_decay|reverb
3.4944146,16.928041,keyboard_electronic_001-072-100,keyboard_electronic_001-072-100,/root/autodl-tmp/tokenizer-eval/data/nsynth/nsynth-test/audio/keyboard_electronic_001-072-100.wav,40,keyboard_electronic_001,4,keyboard,1,electronic,72,100,16000,
52.6183,-18.313425,bass_electronic_025-045-075,bass_electronic_025-045-075,/root/autodl-tmp/tokenizer-eval/data/nsynth/nsynth-test/audio/bass_electronic_025-045-075.wav,872,bass_electronic_025,0,bass,1,electronic,45,75,16000,
-50.360027,16.18718,vocal_synthetic_003-095-025,vocal_synthetic_003-095-025,/root/autodl-tmp/tokenizer-eval/data/nsynth/nsynth-test/audio/vocal_synthetic_003-095-025.wav,37,vocal_synthetic_003,10,vocal,2,synthetic,95,25,16000,bright|distortion|long_release|nonlinear_env
12.365572,21.757557,mallet_acoustic_056-063-100,mallet_acoustic_056-063-100,/root/autodl-tmp/tokenizer-eval/data/nsynth/nsynth-test/audio/mallet_acoustic_056-063-100.wav,590,mallet_acoustic_056,5,mallet,0,acoustic,63,100,16000,fast_decay|percussive
-16.712315,40.74912,brass_acoustic_016-083-025,brass_acoustic_016-083-025,/root/autodl-tmp/tokenizer-eval/data/nsynth/nsynth-test/audio/brass_acoustic_016-083-025.wav,128,brass_acoustic_016,1,brass,0,acoustic,83,25,16000,bright
-24.666046,35.49687,brass_acoustic_006-080-025,brass_acoustic_006-080-025,/root/autodl-tmp/tokenizer-eval/data/nsynth/nsynth-test/audio/brass_acoustic_006-080-025.wav,43,brass_acoustic_006,1,brass,0,acoustic,80,25,16000,reverb
25.47086,47.09614,guitar_acoustic_030-096-050,guitar_acoustic_030-096-050,/root/autodl-tmp/tokenizer-eval/data/nsynth/nsynth-test/audio/guitar_acoustic_030-096-050.wav,642,guitar_acoustic_030,3,guitar,0,acoustic,96,50,16000,fast_decay|percussive|tempo-synced
-2.300315,12.882456,guitar_acoustic_021-069-025,guitar_acoustic_021-069-025,/root/autodl-tmp/tokenizer-eval/data/nsynth/nsynth-test/audio/guitar_acoustic_021-069-025.wav,457,guitar_acoustic_021,3,guitar,0,acoustic,69,25,16000,
-13.980685,-13.816124,keyboard_acoustic_004-054-050,keyboard_acoustic_004-054-050,/root/autodl-tmp/tokenizer-eval/data/nsynth/nsynth-test/audio/keyboard_acoustic_004-054-050.wav,327,keyboard_acoustic_004,4,keyboard,0,acoustic,54,50,16000,dark|reverb
-41.703976,-2.1844523,reed_acoustic_037-070-050,reed_acoustic_037-070-050,/root/autodl-tmp/tokenizer-eval/data/nsynth/nsynth-test/audio/reed_acoustic_037-070-050.wav,387,reed_acoustic_037,7,reed,0,acoustic,70,50,16000,reverb
-6.460035,3.9995592,bass_electronic_025-061-127,bass_electronic_025-061-127,/root/autodl-tmp/tokenizer-eval/data/nsynth/nsynth-test/audio/bass_electronic_025-061-127.wav,872,bass_electronic_025,0,bass,1,electronic,61,127,16000,fast_decay
25.025593,22.22883,mallet_acoustic_047-065-025,mallet_acoustic_047-065-025,/root/autodl-tmp/tokenizer-eval/data/nsynth/nsynth-test/audio/mallet_acoustic_047-065-025.wav,488,mallet_acoustic_047,5,mallet,0,acoustic,65,25,16000,fast_decay|percussive|reverb
-48.529186,-15.675462,brass_acoustic_059-060-100,brass_acoustic_059-060-100,/root/autodl-tmp/tokenizer-eval/data/nsynth/nsynth-test/audio/brass_acoustic_059-060-100.wav,572,brass_acoustic_059,1,brass,0,acoustic,60,100,16000,reverb
23.529942,18.675604,mallet_acoustic_047-093-100,mallet_acoustic_047-093-100,/root/autodl-tmp/tokenizer-eval/data/nsynth/nsynth-test/audio/mallet_acoustic_047-093-100.wav,488,mallet_acoustic_047,5,mallet,0,acoustic,93,100,16000,fast_decay|percussive|reverb
-34.11046,38.350487,organ_electronic_113-084-100,organ_electronic_113-084-100,/root/autodl-tmp/tokenizer-eval/data/nsynth/nsynth-test/audio/organ_electronic_113-084-100.wav,958,organ_electronic_113,6,organ,1,electronic,84,100,16000,
31.522522,-32.558304,keyboard_electronic_001-027-050,keyboard_electronic_001-027-050,/root/autodl-tmp/tokenizer-eval/data/nsynth/nsynth-test/audio/keyboard_electronic_001-027-050.wav,40,keyboard_electronic_001,4,keyboard,1,electronic,27,50,16000,dark
-32.59735,7.3770065,vocal_synthetic_003-064-050,vocal_synthetic_003-064-050,/root/autodl-tmp/tokenizer-eval/data/nsynth/nsynth-test/audio/vocal_synthetic_003-064-050.wav,37,vocal_synthetic_003,10,vocal,2,synthetic,64,50,16000,bright|distortion|long_release|nonlinear_env
-21.042675,4.448361,reed_acoustic_011-063-050,reed_acoustic_011-063-050,/root/autodl-tmp/tokenizer-eval/data/nsynth/nsynth-test/audio/reed_acoustic_011-063-050.wav,104,reed_acoustic_011,7,reed,0,acoustic,63,50,16000,
-36.442715,18.922754,organ_electronic_007-091-100,organ_electronic_007-091-100,/root/autodl-tmp/tokenizer-eval/data/nsynth/nsynth-test/audio/organ_electronic_007-091-100.wav,123,organ_electronic_007,6,organ,1,electronic,91,100,16000,long_release|nonlinear_env
-19.939304,32.90752,guitar_acoustic_010-079-100,guitar_acoustic_010-079-100,/root/autodl-tmp/tokenizer-eval/data/nsynth/nsynth-test/audio/guitar_acoustic_010-079-100.wav,219,guitar_acoustic_010,3,guitar,0,acoustic,79,100,16000,
8.32807,-30.774097,brass_acoustic_059-036-025,brass_acoustic_059-036-025,/root/autodl-tmp/tokenizer-eval/data/nsynth/nsynth-test/audio/brass_acoustic_059-036-025.wav,572,brass_acoustic_059,1,brass,0,acoustic,36,25,16000,reverb
34.98053,-17.475119,keyboard_electronic_001-022-075,keyboard_electronic_001-022-075,/root/autodl-tmp/tokenizer-eval/data/nsynth/nsynth-test/audio/keyboard_electronic_001-022-075.wav,40,keyboard_electronic_001,4,keyboard,1,electronic,22,75,16000,dark
14.604598,4.81647,bass_synthetic_098-105-050,bass_synthetic_098-105-050,/root/autodl-tmp/tokenizer-eval/data/nsynth/nsynth-test/audio/bass_synthetic_098-105-050.wav,803,bass_synthetic_098,0,bass,2,synthetic,105,50,16000,
34.976776,41.914925,keyboard_synthetic_000-089-075,keyboard_synthetic_000-089-075,/root/autodl-tmp/tokenizer-eval/data/nsynth/nsynth-test/audio/keyboard_synthetic_000-089-075.wav,577,keyboard_synthetic_000,4,keyboard,2,synthetic,89,75,16000,bright|distortion|fast_decay|nonlinear_env
-16.285433,28.3604,guitar_electronic_022-088-050,guitar_electronic_022-088-050,/root/autodl-tmp/tokenizer-eval/data/nsynth/nsynth-test/audio/guitar_electronic_022-088-050.wav,378,guitar_electronic_022,3,guitar,1,electronic,88,50,16000,
26.838278,-16.774387,flute_synthetic_000-023-050,flute_synthetic_000-023-050,/root/autodl-tmp/tokenizer-eval/data/nsynth/nsynth-test/audio/flute_synthetic_000-023-050.wav,82,flute_synthetic_000,2,flute,2,synthetic,23,50,16000,distortion
16.124428,-26.126068,reed_acoustic_037-031-127,reed_acoustic_037-031-127,/root/autodl-tmp/tokenizer-eval/data/nsynth/nsynth-test/audio/reed_acoustic_037-031-127.wav,387,reed_acoustic_037,7,reed,0,acoustic,31,127,16000,long_release|reverb
5.018209,22.157597,guitar_acoustic_021-076-050,guitar_acoustic_021-076-050,/root/autodl-tmp/tokenizer-eval/data/nsynth/nsynth-test/audio/guitar_acoustic_021-076-050.wav,457,guitar_acoustic_021,3,guitar,0,acoustic,76,50,16000,fast_decay
-4.047497,33.142586,bass_synthetic_135-093-100,bass_synthetic_135-093-100,/root/autodl-tmp/tokenizer-eval/data/nsynth/nsynth-test/audio/bass_synthetic_135-093-100.wav,927,bass_synthetic_135,0,bass,2,synthetic,93,100,16000,distortion
-41.356876,-3.7799768,string_acoustic_057-070-050,string_acoustic_057-070-050,/root/autodl-tmp/tokenizer-eval/data/nsynth/nsynth-test/audio/string_acoustic_057-070-050.wav,450,string_acoustic_057,8,string,0,acoustic,70,50,16000,bright|nonlinear_env|reverb
37.714977,45.78019,keyboard_synthetic_000-076-100,keyboard_synthetic_000-076-100,/root/autodl-tmp/tokenizer-eval/data/nsynth/nsynth-test/audio/keyboard_synthetic_000-076-100.wav,577,keyboard_synthetic_000,4,keyboard,2,synthetic,76,100,16000,bright|distortion|fast_decay|nonlinear_env
-24.406279,46.89939,flute_acoustic_002-102-025,flute_acoustic_002-102-025,/root/autodl-tmp/tokenizer-eval/data/nsynth/nsynth-test/audio/flute_acoustic_002-102-025.wav,86,flute_acoustic_002,2,flute,0,acoustic,102,25,16000,bright|reverb
-5.9161744,3.989149,bass_electronic_018-061-075,bass_electronic_018-061-075,/root/autodl-tmp/tokenizer-eval/data/nsynth/nsynth-test/audio/bass_electronic_018-061-075.wav,759,bass_electronic_018,0,bass,1,electronic,61,75,16000,fast_decay
-11.538826,4.6142917,keyboard_electronic_003-063-127,keyboard_electronic_003-063-127,/root/autodl-tmp/tokenizer-eval/data/nsynth/nsynth-test/audio/keyboard_electronic_003-063-127.wav,65,keyboard_electronic_003,4,keyboard,1,electronic,63,127,16000,
24.20724,-4.895117,keyboard_electronic_001-075-025,keyboard_electronic_001-075-025,/root/autodl-tmp/tokenizer-eval/data/nsynth/nsynth-test/audio/keyboard_electronic_001-075-025.wav,40,keyboard_electronic_001,4,keyboard,1,electronic,75,25,16000,dark|long_release
10.104946,15.615961,bass_synthetic_135-063-050,bass_synthetic_135-063-050,/root/autodl-tmp/tokenizer-eval/data/nsynth/nsynth-test/audio/bass_synthetic_135-063-050.wav,927,bass_synthetic_135,0,bass,2,synthetic,63,50,16000,distortion
-24.034615,-41.804882,flute_synthetic_000-049-025,flute_synthetic_000-049-025,/root/autodl-tmp/tokenizer-eval/data/nsynth/nsynth-test/audio/flute_synthetic_000-049-025.wav,82,flute_synthetic_000,2,flute,2,synthetic,49,25,16000,distortion
24.559877,21.312912,mallet_acoustic_047-099-100,mallet_acoustic_047-099-100,/root/autodl-tmp/tokenizer-eval/data/nsynth/nsynth-test/audio/mallet_acoustic_047-099-100.wav,488,mallet_acoustic_047,5,mallet,0,acoustic,99,100,16000,fast_decay|percussive|reverb
33.051346,-4.9458714,flute_synthetic_000-036-100,flute_synthetic_000-036-100,/root/autodl-tmp/tokenizer-eval/data/nsynth/nsynth-test/audio/flute_synthetic_000-036-100.wav,82,flute_synthetic_000,2,flute,2,synthetic,36,100,16000,distortion
-42.97598,5.2199945,vocal_synthetic_003-070-127,vocal_synthetic_003-070-127,/root/autodl-tmp/tokenizer-eval/data/nsynth/nsynth-test/audio/vocal_synthetic_003-070-127.wav,37,vocal_synthetic_003,10,vocal,2,synthetic,70,127,16000,bright|distortion|long_release|nonlinear_env
31.806517,-17.940325,guitar_acoustic_021-022-050,guitar_acoustic_021-022-050,/root/autodl-tmp/tokenizer-eval/data/nsynth/nsynth-test/audio/guitar_acoustic_021-022-050.wav,457,guitar_acoustic_021,3,guitar,0,acoustic,22,50,16000,
-51.829777,12.798146,vocal_synthetic_003-091-025,vocal_synthetic_003-091-025,/root/autodl-tmp/tokenizer-eval/data/nsynth/nsynth-test/audio/vocal_synthetic_003-091-025.wav,37,vocal_synthetic_003,10,vocal,2,synthetic,91,25,16000,bright|distortion|long_release|nonlinear_env
11.215159,26.4072,mallet_acoustic_062-107-100,mallet_acoustic_062-107-100,/root/autodl-tmp/tokenizer-eval/data/nsynth/nsynth-test/audio/mallet_acoustic_062-107-100.wav,644,mallet_acoustic_062,5,mallet,0,acoustic,107,100,16000,bright|fast_decay|multiphonic
1.9334074,-56.348705,organ_electronic_104-032-050,organ_electronic_104-032-050,/root/autodl-tmp/tokenizer-eval/data/nsynth/nsynth-test/audio/organ_electronic_104-032-050.wav,921,organ_electronic_104,6,organ,1,electronic,32,50,16000,
-51.601196,-6.307582,flute_acoustic_002-072-127,flute_acoustic_002-072-127,/root/autodl-tmp/tokenizer-eval/data/nsynth/nsynth-test/audio/flute_acoustic_002-072-127.wav,86,flute_acoustic_002,2,flute,0,acoustic,72,127,16000,long_release|reverb
-30.478996,37.061344,organ_electronic_104-081-127,organ_electronic_104-081-127,/root/autodl-tmp/tokenizer-eval/data/nsynth/nsynth-test/audio/organ_electronic_104-081-127.wav,921,organ_electronic_104,6,organ,1,electronic,81,127,16000,
8.868016,8.046173,bass_synthetic_033-088-075,bass_synthetic_033-088-075,/root/autodl-tmp/tokenizer-eval/data/nsynth/nsynth-test/audio/bass_synthetic_033-088-075.wav,417,bass_synthetic_033,0,bass,2,synthetic,88,75,16000,
17.365255,-39.6395,brass_acoustic_015-047-050,brass_acoustic_015-047-050,/root/autodl-tmp/tokenizer-eval/data/nsynth/nsynth-test/audio/brass_acoustic_015-047-050.wav,121,brass_acoustic_015,1,brass,0,acoustic,47,50,16000,reverb
-41.672523,33.599873,flute_acoustic_002-086-127,flute_acoustic_002-086-127,/root/autodl-tmp/tokenizer-eval/data/nsynth/nsynth-test/audio/flute_acoustic_002-086-127.wav,86,flute_acoustic_002,2,flute,0,acoustic,86,127,16000,reverb
0.5073459,11.999938,keyboard_acoustic_004-071-100,keyboard_acoustic_004-071-100,/root/autodl-tmp/tokenizer-eval/data/nsynth/nsynth-test/audio/keyboard_acoustic_004-071-100.wav,327,keyboard_acoustic_004,4,keyboard,0,acoustic,71,100,16000,reverb
-26.853752,5.501052,string_acoustic_057-064-075,string_acoustic_057-064-075,/root/autodl-tmp/tokenizer-eval/data/nsynth/nsynth-test/audio/string_acoustic_057-064-075.wav,450,string_acoustic_057,8,string,0,acoustic,64,75,16000,bright|nonlinear_env|reverb
-7.101502,13.309571,mallet_acoustic_062-067-075,mallet_acoustic_062-067-075,/root/autodl-tmp/tokenizer-eval/data/nsynth/nsynth-test/audio/mallet_acoustic_062-067-075.wav,644,mallet_acoustic_062,5,mallet,0,acoustic,67,75,16000,dark|multiphonic
6.837908,-42.10453,string_acoustic_080-040-100,string_acoustic_080-040-100,/root/autodl-tmp/tokenizer-eval/data/nsynth/nsynth-test/audio/string_acoustic_080-040-100.wav,675,string_acoustic_080,8,string,0,acoustic,40,100,16000,long_release|reverb
3.5439477,-2.2006075,string_acoustic_056-050-127,string_acoustic_056-050-127,/root/autodl-tmp/tokenizer-eval/data/nsynth/nsynth-test/audio/string_acoustic_056-050-127.wav,436,string_acoustic_056,8,string,0,acoustic,50,127,16000,fast_decay|reverb
-16.126415,21.159239,keyboard_electronic_069-077-100,keyboard_electronic_069-077-100,/root/autodl-tmp/tokenizer-eval/data/nsynth/nsynth-test/audio/keyboard_electronic_069-077-100.wav,805,keyboard_electronic_069,4,keyboard,1,electronic,77,100,16000,distortion
-26.878807,-39.943157,organ_electronic_057-038-075,organ_electronic_057-038-075,/root/autodl-tmp/tokenizer-eval/data/nsynth/nsynth-test/audio/organ_electronic_057-038-075.wav,701,organ_electronic_057,6,organ,1,electronic,38,75,16000,dark
-19.850594,-47.518677,mallet_acoustic_062-037-075,mallet_acoustic_062-037-075,/root/autodl-tmp/tokenizer-eval/data/nsynth/nsynth-test/audio/mallet_acoustic_062-037-075.wav,644,mallet_acoustic_062,5,mallet,0,acoustic,37,75,16000,dark|multiphonic
1.1493678,-21.000004,guitar_acoustic_010-039-075,guitar_acoustic_010-039-075,/root/autodl-tmp/tokenizer-eval/data/nsynth/nsynth-test/audio/guitar_acoustic_010-039-075.wav,219,guitar_acoustic_010,3,guitar,0,acoustic,39,75,16000,
11.67831,14.644901,bass_synthetic_135-061-025,bass_synthetic_135-061-025,/root/autodl-tmp/tokenizer-eval/data/nsynth/nsynth-test/audio/bass_synthetic_135-061-025.wav,927,bass_synthetic_135,0,bass,2,synthetic,61,25,16000,distortion
41.82884,42.790634,reed_acoustic_023-090-075,reed_acoustic_023-090-075,/root/autodl-tmp/tokenizer-eval/data/nsynth/nsynth-test/audio/reed_acoustic_023-090-075.wav,224,reed_acoustic_023,7,reed,0,acoustic,90,75,16000,fast_decay|multiphonic|nonlinear_env
-29.750696,-20.396044,reed_acoustic_011-050-127,reed_acoustic_011-050-127,/root/autodl-tmp/tokenizer-eval/data/nsynth/nsynth-test/audio/reed_acoustic_011-050-127.wav,104,reed_acoustic_011,7,reed,0,acoustic,50,127,16000,bright
-18.872433,-15.931233,flute_synthetic_000-054-050,flute_synthetic_000-054-050,/root/autodl-tmp/tokenizer-eval/data/nsynth/nsynth-test/audio/flute_synthetic_000-054-050.wav,82,flute_synthetic_000,2,flute,2,synthetic,54,50,16000,distortion
42.243088,-36.966278,guitar_electronic_022-041-025,guitar_electronic_022-041-025,/root/autodl-tmp/tokenizer-eval/data/nsynth/nsynth-test/audio/guitar_electronic_022-041-025.wav,378,guitar_electronic_022,3,guitar,1,electronic,41,25,16000,dark
-6.5871906,-38.045135,organ_electronic_057-052-100,organ_electronic_057-052-100,/root/autodl-tmp/tokenizer-eval/data/nsynth/nsynth-test/audio/organ_electronic_057-052-100.wav,701,organ_electronic_057,6,organ,1,electronic,52,100,16000,dark
33.876343,-3.8754697,keyboard_electronic_003-036-025,keyboard_electronic_003-036-025,/root/autodl-tmp/tokenizer-eval/data/nsynth/nsynth-test/audio/keyboard_electronic_003-036-025.wav,65,keyboard_electronic_003,4,keyboard,1,electronic,36,25,16000,dark
-21.221035,-44.475018,organ_electronic_007-037-050,organ_electronic_007-037-050,/root/autodl-tmp/tokenizer-eval/data/nsynth/nsynth-test/audio/organ_electronic_007-037-050.wav,123,organ_electronic_007,6,organ,1,electronic,37,50,16000,distortion|long_release|nonlinear_env
24.630037,37.952827,guitar_acoustic_014-094-100,guitar_acoustic_014-094-100,/root/autodl-tmp/tokenizer-eval/data/nsynth/nsynth-test/audio/guitar_acoustic_014-094-100.wav,263,guitar_acoustic_014,3,guitar,0,acoustic,94,100,16000,fast_decay|percussive
-15.992059,40.68209,brass_acoustic_016-084-100,brass_acoustic_016-084-100,/root/autodl-tmp/tokenizer-eval/data/nsynth/nsynth-test/audio/brass_acoustic_016-084-100.wav,128,brass_acoustic_016,1,brass,0,acoustic,84,100,16000,bright
43.701553,-35.63284,string_acoustic_080-041-127,string_acoustic_080-041-127,/root/autodl-tmp/tokenizer-eval/data/nsynth/nsynth-test/audio/string_acoustic_080-041-127.wav,675,string_acoustic_080,8,string,0,acoustic,41,127,16000,long_release|reverb
42.445324,-33.034077,vocal_synthetic_003-029-050,vocal_synthetic_003-029-050,/root/autodl-tmp/tokenizer-eval/data/nsynth/nsynth-test/audio/vocal_synthetic_003-029-050.wav,37,vocal_synthetic_003,10,vocal,2,synthetic,29,50,16000,distortion|long_release|nonlinear_env
-25.734924,-38.239597,bass_electronic_025-050-025,bass_electronic_025-050-025,/root/autodl-tmp/tokenizer-eval/data/nsynth/nsynth-test/audio/bass_electronic_025-050-025.wav,872,bass_electronic_025,0,bass,1,electronic,50,25,16000,
19.257484,37.431396,bass_synthetic_134-104-025,bass_synthetic_134-104-025,/root/autodl-tmp/tokenizer-eval/data/nsynth/nsynth-test/audio/bass_synthetic_134-104-025.wav,914,bass_synthetic_134,0,bass,2,synthetic,104,25,16000,fast_decay|percussive|reverb
25.104185,40.67975,string_acoustic_056-078-100,string_acoustic_056-078-100,/root/autodl-tmp/tokenizer-eval/data/nsynth/nsynth-test/audio/string_acoustic_056-078-100.wav,436,string_acoustic_056,8,string,0,acoustic,78,100,16000,fast_decay|percussive|reverb
-53.575554,15.713015,vocal_synthetic_003-081-127,vocal_synthetic_003-081-127,/root/autodl-tmp/tokenizer-eval/data/nsynth/nsynth-test/audio/vocal_synthetic_003-081-127.wav,37,vocal_synthetic_003,10,vocal,2,synthetic,81,127,16000,bright|distortion|long_release|nonlinear_env
13.47731,4.7284675,bass_synthetic_098-068-050,bass_synthetic_098-068-050,/root/autodl-tmp/tokenizer-eval/data/nsynth/nsynth-test/audio/bass_synthetic_098-068-050.wav,803,bass_synthetic_098,0,bass,2,synthetic,68,50,16000,
20.52563,-26.862072,keyboard_electronic_069-031-025,keyboard_electronic_069-031-025,/root/autodl-tmp/tokenizer-eval/data/nsynth/nsynth-test/audio/keyboard_electronic_069-031-025.wav,805,keyboard_electronic_069,4,keyboard,1,electronic,31,25,16000,distortion
37.267105,43.14948,keyboard_synthetic_000-053-050,keyboard_synthetic_000-053-050,/root/autodl-tmp/tokenizer-eval/data/nsynth/nsynth-test/audio/keyboard_synthetic_000-053-050.wav,577,keyboard_synthetic_000,4,keyboard,2,synthetic,53,50,16000,distortion|fast_decay|nonlinear_env
35.926094,48.758423,mallet_acoustic_062-084-050,mallet_acoustic_062-084-050,/root/autodl-tmp/tokenizer-eval/data/nsynth/nsynth-test/audio/mallet_acoustic_062-084-050.wav,644,mallet_acoustic_062,5,mallet,0,acoustic,84,50,16000,fast_decay|multiphonic
-46.906612,11.864488,vocal_synthetic_003-105-100,vocal_synthetic_003-105-100,/root/autodl-tmp/tokenizer-eval/data/nsynth/nsynth-test/audio/vocal_synthetic_003-105-100.wav,37,vocal_synthetic_003,10,vocal,2,synthetic,105,100,16000,bright|distortion|long_release|nonlinear_env
47.25206,44.068188,reed_acoustic_023-048-100,reed_acoustic_023-048-100,/root/autodl-tmp/tokenizer-eval/data/nsynth/nsynth-test/audio/reed_acoustic_023-048-100.wav,224,reed_acoustic_023,7,reed,0,acoustic,48,100,16000,bright|fast_decay|multiphonic|nonlinear_env
-11.971369,29.055973,bass_synthetic_034-087-127,bass_synthetic_034-087-127,/root/autodl-tmp/tokenizer-eval/data/nsynth/nsynth-test/audio/bass_synthetic_034-087-127.wav,420,bass_synthetic_034,0,bass,2,synthetic,87,127,16000,bright|distortion|tempo-synced
-4.5764017,30.078014,guitar_electronic_028-082-050,guitar_electronic_028-082-050,/root/autodl-tmp/tokenizer-eval/data/nsynth/nsynth-test/audio/guitar_electronic_028-082-050.wav,510,guitar_electronic_028,3,guitar,1,electronic,82,50,16000,
27.574932,-89.37033,brass_acoustic_046-093-050,brass_acoustic_046-093-050,/root/autodl-tmp/tokenizer-eval/data/nsynth/nsynth-test/audio/brass_acoustic_046-093-050.wav,414,brass_acoustic_046,1,brass,0,acoustic,93,50,16000,long_release
-4.660861,34.480637,mallet_acoustic_062-092-100,mallet_acoustic_062-092-100,/root/autodl-tmp/tokenizer-eval/data/nsynth/nsynth-test/audio/mallet_acoustic_062-092-100.wav,644,mallet_acoustic_062,5,mallet,0,acoustic,92,100,16000,multiphonic
-46.164433,13.777015,vocal_synthetic_003-101-025,vocal_synthetic_003-101-025,/root/autodl-tmp/tokenizer-eval/data/nsynth/nsynth-test/audio/vocal_synthetic_003-101-025.wav,37,vocal_synthetic_003,10,vocal,2,synthetic,101,25,16000,bright|distortion|long_release|nonlinear_env
12.057047,-15.203261,vocal_synthetic_003-042-050,vocal_synthetic_003-042-050,/root/autodl-tmp/tokenizer-eval/data/nsynth/nsynth-test/audio/vocal_synthetic_003-042-050.wav,37,vocal_synthetic_003,10,vocal,2,synthetic,42,50,16000,distortion|long_release|nonlinear_env
-1.3121058,-61.179226,keyboard_electronic_078-044-100,keyboard_electronic_078-044-100,/root/autodl-tmp/tokenizer-eval/data/nsynth/nsynth-test/audio/keyboard_electronic_078-044-100.wav,838,keyboard_electronic_078,4,keyboard,1,electronic,44,100,16000,bright
-11.570077,31.379347,guitar_acoustic_010-098-050,guitar_acoustic_010-098-050,/root/autodl-tmp/tokenizer-eval/data/nsynth/nsynth-test/audio/guitar_acoustic_010-098-050.wav,219,guitar_acoustic_010,3,guitar,0,acoustic,98,50,16000,
-9.039493,-5.103541,keyboard_electronic_069-059-127,keyboard_electronic_069-059-127,/root/autodl-tmp/tokenizer-eval/data/nsynth/nsynth-test/audio/keyboard_electronic_069-059-127.wav,805,keyboard_electronic_069,4,keyboard,1,electronic,59,127,16000,distortion
-1.9152862,-54.02791,brass_acoustic_006-025-025,brass_acoustic_006-025-025,/root/autodl-tmp/tokenizer-eval/data/nsynth/nsynth-test/audio/brass_acoustic_006-025-025.wav,43,brass_acoustic_006,1,brass,0,acoustic,25,25,16000,reverb
-46.13394,19.684248,vocal_synthetic_003-087-127,vocal_synthetic_003-087-127,/root/autodl-tmp/tokenizer-eval/data/nsynth/nsynth-test/audio/vocal_synthetic_003-087-127.wav,37,vocal_synthetic_003,10,vocal,2,synthetic,87,127,16000,bright|distortion|long_release|nonlinear_env
42.8194,2.9879084,flute_synthetic_000-060-025,flute_synthetic_000-060-025,/root/autodl-tmp/tokenizer-eval/data/nsynth/nsynth-test/audio/flute_synthetic_000-060-025.wav,82,flute_synthetic_000,2,flute,2,synthetic,60,25,16000,distortion
30.194473,-29.581604,string_acoustic_080-027-050,string_acoustic_080-027-050,/root/autodl-tmp/tokenizer-eval/data/nsynth/nsynth-test/audio/string_acoustic_080-027-050.wav,675,string_acoustic_080,8,string,0,acoustic,27,50,16000,long_release|reverb
-31.420319,-26.31608,vocal_synthetic_003-050-025,vocal_synthetic_003-050-025,/root/autodl-tmp/tokenizer-eval/data/nsynth/nsynth-test/audio/vocal_synthetic_003-050-025.wav,37,vocal_synthetic_003,10,vocal,2,synthetic,50,25,16000,distortion|long_release|nonlinear_env
-25.862896,22.54555,reed_acoustic_018-076-127,reed_acoustic_018-076-127,/root/autodl-tmp/tokenizer-eval/data/nsynth/nsynth-test/audio/reed_acoustic_018-076-127.wav,183,reed_acoustic_018,7,reed,0,acoustic,76,127,16000,
42.990524,43.9563,reed_acoustic_023-088-127,reed_acoustic_023-088-127,/root/autodl-tmp/tokenizer-eval/data/nsynth/nsynth-test/audio/reed_acoustic_023-088-127.wav,224,reed_acoustic_023,7,reed,0,acoustic,88,127,16000,fast_decay|multiphonic|nonlinear_env
-24.213434,5.914647,organ_electronic_057-064-050,organ_electronic_057-064-050,/root/autodl-tmp/tokenizer-eval/data/nsynth/nsynth-test/audio/organ_electronic_057-064-050.wav,701,organ_electronic_057,6,organ,1,electronic,64,50,16000,
-22.09311,-36.8933,keyboard_electronic_078-049-100,keyboard_electronic_078-049-100,/root/autodl-tmp/tokenizer-eval/data/nsynth/nsynth-test/audio/keyboard_electronic_078-049-100.wav,838,keyboard_electronic_078,4,keyboard,1,electronic,49,100,16000,bright
-45.433483,-12.279948,flute_synthetic_000-072-050,flute_synthetic_000-072-050,/root/autodl-tmp/tokenizer-eval/data/nsynth/nsynth-test/audio/flute_synthetic_000-072-050.wav,82,flute_synthetic_000,2,flute,2,synthetic,72,50,16000,distortion
-31.737885,-13.910304,brass_acoustic_046-059-075,brass_acoustic_046-059-075,/root/autodl-tmp/tokenizer-eval/data/nsynth/nsynth-test/audio/brass_acoustic_046-059-075.wav,414,brass_acoustic_046,1,brass,0,acoustic,59,75,16000,bright
-28.40843,-16.1008,brass_acoustic_016-055-050,brass_acoustic_016-055-050,/root/autodl-tmp/tokenizer-eval/data/nsynth/nsynth-test/audio/brass_acoustic_016-055-050.wav,128,brass_acoustic_016,1,brass,0,acoustic,55,50,16000,
18.844051,43.08356,mallet_acoustic_056-050-100,mallet_acoustic_056-050-100,/root/autodl-tmp/tokenizer-eval/data/nsynth/nsynth-test/audio/mallet_acoustic_056-050-100.wav,590,mallet_acoustic_056,5,mallet,0,acoustic,50,100,16000,bright|fast_decay|percussive
-23.167215,13.153966,string_acoustic_057-067-100,string_acoustic_057-067-100,/root/autodl-tmp/tokenizer-eval/data/nsynth/nsynth-test/audio/string_acoustic_057-067-100.wav,450,string_acoustic_057,8,string,0,acoustic,67,100,16000,bright|nonlinear_env|reverb
-22.86327,35.087715,reed_acoustic_018-080-127,reed_acoustic_018-080-127,/root/autodl-tmp/tokenizer-eval/data/nsynth/nsynth-test/audio/reed_acoustic_018-080-127.wav,183,reed_acoustic_018,7,reed,0,acoustic,80,127,16000,
0.95659006,19.908468,keyboard_electronic_003-074-127,keyboard_electronic_003-074-127,/root/autodl-tmp/tokenizer-eval/data/nsynth/nsynth-test/audio/keyboard_electronic_003-074-127.wav,65,keyboard_electronic_003,4,keyboard,1,electronic,74,127,16000,
-3.4947336,34.282173,mallet_acoustic_056-104-127,mallet_acoustic_056-104-127,/root/autodl-tmp/tokenizer-eval/data/nsynth/nsynth-test/audio/mallet_acoustic_056-104-127.wav,590,mallet_acoustic_056,5,mallet,0,acoustic,104,127,16000,bright
30.42239,-0.99736685,string_acoustic_014-036-100,string_acoustic_014-036-100,/root/autodl-tmp/tokenizer-eval/data/nsynth/nsynth-test/audio/string_acoustic_014-036-100.wav,100,string_acoustic_014,8,string,0,acoustic,36,100,16000,dark|reverb
-53.19102,17.213879,vocal_synthetic_003-082-075,vocal_synthetic_003-082-075,/root/autodl-tmp/tokenizer-eval/data/nsynth/nsynth-test/audio/vocal_synthetic_003-082-075.wav,37,vocal_synthetic_003,10,vocal,2,synthetic,82,75,16000,bright|distortion|long_release|nonlinear_env
-42.16785,-0.38695022,organ_electronic_028-069-050,organ_electronic_028-069-050,/root/autodl-tmp/tokenizer-eval/data/nsynth/nsynth-test/audio/organ_electronic_028-069-050.wav,440,organ_electronic_028,6,organ,1,electronic,69,50,16000,dark
-33.920925,6.6465225,vocal_synthetic_003-063-025,vocal_synthetic_003-063-025,/root/autodl-tmp/tokenizer-eval/data/nsynth/nsynth-test/audio/vocal_synthetic_003-063-025.wav,37,vocal_synthetic_003,10,vocal,2,synthetic,63,25,16000,bright|distortion|long_release|nonlinear_env
-2.486104,-57.30642,mallet_acoustic_062-044-127,mallet_acoustic_062-044-127,/root/autodl-tmp/tokenizer-eval/data/nsynth/nsynth-test/audio/mallet_acoustic_062-044-127.wav,644,mallet_acoustic_062,5,mallet,0,acoustic,44,127,16000,dark|long_release|multiphonic
5.851541,-12.304898,brass_acoustic_015-045-100,brass_acoustic_015-045-100,/root/autodl-tmp/tokenizer-eval/data/nsynth/nsynth-test/audio/brass_acoustic_015-045-100.wav,121,brass_acoustic_015,1,brass,0,acoustic,45,100,16000,reverb
-22.120424,-39.166424,string_acoustic_012-049-025,string_acoustic_012-049-025,/root/autodl-tmp/tokenizer-eval/data/nsynth/nsynth-test/audio/string_acoustic_012-049-025.wav,97,string_acoustic_012,8,string,0,acoustic,49,25,16000,long_release|reverb
-8.846752,-10.495176,brass_acoustic_015-042-127,brass_acoustic_015-042-127,/root/autodl-tmp/tokenizer-eval/data/nsynth/nsynth-test/audio/brass_acoustic_015-042-127.wav,121,brass_acoustic_015,1,brass,0,acoustic,42,127,16000,reverb
48.235233,35.46149,reed_acoustic_023-032-025,reed_acoustic_023-032-025,/root/autodl-tmp/tokenizer-eval/data/nsynth/nsynth-test/audio/reed_acoustic_023-032-025.wav,224,reed_acoustic_023,7,reed,0,acoustic,32,25,16000,bright|fast_decay|multiphonic|nonlinear_env
-21.494736,-7.4446125,organ_electronic_104-056-075,organ_electronic_104-056-075,/root/autodl-tmp/tokenizer-eval/data/nsynth/nsynth-test/audio/organ_electronic_104-056-075.wav,921,organ_electronic_104,6,organ,1,electronic,56,75,16000,
24.156923,3.840593,string_acoustic_014-037-100,string_acoustic_014-037-100,/root/autodl-tmp/tokenizer-eval/data/nsynth/nsynth-test/audio/string_acoustic_014-037-100.wav,100,string_acoustic_014,8,string,0,acoustic,37,100,16000,dark|reverb
15.972652,-43.71273,bass_synthetic_009-047-100,bass_synthetic_009-047-100,/root/autodl-tmp/tokenizer-eval/data/nsynth/nsynth-test/audio/bass_synthetic_009-047-100.wav,150,bass_synthetic_009,0,bass,2,synthetic,47,100,16000,bright|distortion|long_release
-15.653245,30.14797,bass_synthetic_135-087-127,bass_synthetic_135-087-127,/root/autodl-tmp/tokenizer-eval/data/nsynth/nsynth-test/audio/bass_synthetic_135-087-127.wav,927,bass_synthetic_135,0,bass,2,synthetic,87,127,16000,distortion
20.052387,-17.604221,bass_synthetic_009-018-075,bass_synthetic_009-018-075,/root/autodl-tmp/tokenizer-eval/data/nsynth/nsynth-test/audio/bass_synthetic_009-018-075.wav,150,bass_synthetic_009,0,bass,2,synthetic,18,75,16000,bright|distortion|long_release
11.048517,26.329391,guitar_acoustic_010-107-100,guitar_acoustic_010-107-100,/root/autodl-tmp/tokenizer-eval/data/nsynth/nsynth-test/audio/guitar_acoustic_010-107-100.wav,219,guitar_acoustic_010,3,guitar,0,acoustic,107,100,16000,bright|fast_decay
-39.91076,2.354943,brass_acoustic_016-069-100,brass_acoustic_016-069-100,/root/autodl-tmp/tokenizer-eval/data/nsynth/nsynth-test/audio/brass_acoustic_016-069-100.wav,128,brass_acoustic_016,1,brass,0,acoustic,69,100,16000,bright
22.297476,36.869106,mallet_acoustic_047-081-050,mallet_acoustic_047-081-050,/root/autodl-tmp/tokenizer-eval/data/nsynth/nsynth-test/audio/mallet_acoustic_047-081-050.wav,488,mallet_acoustic_047,5,mallet,0,acoustic,81,50,16000,fast_decay|percussive|reverb
-3.7283318,-60.23613,organ_electronic_104-044-100,organ_electronic_104-044-100,/root/autodl-tmp/tokenizer-eval/data/nsynth/nsynth-test/audio/organ_electronic_104-044-100.wav,921,organ_electronic_104,6,organ,1,electronic,44,100,16000,
-11.532688,33.21722,guitar_acoustic_010-097-050,guitar_acoustic_010-097-050,/root/autodl-tmp/tokenizer-eval/data/nsynth/nsynth-test/audio/guitar_acoustic_010-097-050.wav,219,guitar_acoustic_010,3,guitar,0,acoustic,97,50,16000,
-29.75395,6.157015,brass_acoustic_059-064-100,brass_acoustic_059-064-100,/root/autodl-tmp/tokenizer-eval/data/nsynth/nsynth-test/audio/brass_acoustic_059-064-100.wav,572,brass_acoustic_059,1,brass,0,acoustic,64,100,16000,reverb
25.610409,37.88355,keyboard_electronic_002-105-100,keyboard_electronic_002-105-100,/root/autodl-tmp/tokenizer-eval/data/nsynth/nsynth-test/audio/keyboard_electronic_002-105-100.wav,50,keyboard_electronic_002,4,keyboard,1,electronic,105,100,16000,bright|fast_decay|percussive
38.485107,46.89547,keyboard_synthetic_000-052-100,keyboard_synthetic_000-052-100,/root/autodl-tmp/tokenizer-eval/data/nsynth/nsynth-test/audio/keyboard_synthetic_000-052-100.wav,577,keyboard_synthetic_000,4,keyboard,2,synthetic,52,100,16000,distortion|fast_decay|nonlinear_env
31.435623,49.950253,mallet_acoustic_062-101-025,mallet_acoustic_062-101-025,/root/autodl-tmp/tokenizer-eval/data/nsynth/nsynth-test/audio/mallet_acoustic_062-101-025.wav,644,mallet_acoustic_062,5,mallet,0,acoustic,101,25,16000,bright|fast_decay|multiphonic|percussive
12.156462,5.473296,bass_synthetic_098-039-100,bass_synthetic_098-039-100,/root/autodl-tmp/tokenizer-eval/data/nsynth/nsynth-test/audio/bass_synthetic_098-039-100.wav,803,bass_synthetic_098,0,bass,2,synthetic,39,100,16000,distortion
21.925352,12.116965,string_acoustic_014-046-050,string_acoustic_014-046-050,/root/autodl-tmp/tokenizer-eval/data/nsynth/nsynth-test/audio/string_acoustic_014-046-050.wav,100,string_acoustic_014,8,string,0,acoustic,46,50,16000,dark|reverb
-7.6321507,40.685036,flute_acoustic_002-091-075,flute_acoustic_002-091-075,/root/autodl-tmp/tokenizer-eval/data/nsynth/nsynth-test/audio/flute_acoustic_002-091-075.wav,86,flute_acoustic_002,2,flute,0,acoustic,91,75,16000,long_release|reverb
3.8588877,27.026808,keyboard_electronic_098-085-025,keyboard_electronic_098-085-025,/root/autodl-tmp/tokenizer-eval/data/nsynth/nsynth-test/audio/keyboard_electronic_098-085-025.wav,905,keyboard_electronic_098,4,keyboard,1,electronic,85,25,16000,fast_decay
-27.871288,-11.656382,reed_acoustic_011-055-127,reed_acoustic_011-055-127,/root/autodl-tmp/tokenizer-eval/data/nsynth/nsynth-test/audio/reed_acoustic_011-055-127.wav,104,reed_acoustic_011,7,reed,0,acoustic,55,127,16000,bright
31.471973,-27.283707,vocal_synthetic_003-022-025,vocal_synthetic_003-022-025,/root/autodl-tmp/tokenizer-eval/data/nsynth/nsynth-test/audio/vocal_synthetic_003-022-025.wav,37,vocal_synthetic_003,10,vocal,2,synthetic,22,25,16000,distortion|long_release|nonlinear_env
-45.663532,13.929863,vocal_synthetic_003-100-050,vocal_synthetic_003-100-050,/root/autodl-tmp/tokenizer-eval/data/nsynth/nsynth-test/audio/vocal_synthetic_003-100-050.wav,37,vocal_synthetic_003,10,vocal,2,synthetic,100,50,16000,bright|distortion|long_release|nonlinear_env
-26.794132,30.097342,flute_synthetic_000-090-127,flute_synthetic_000-090-127,/root/autodl-tmp/tokenizer-eval/data/nsynth/nsynth-test/audio/flute_synthetic_000-090-127.wav,82,flute_synthetic_000,2,flute,2,synthetic,90,127,16000,distortion
11.457943,0.5053219,bass_synthetic_009-096-025,bass_synthetic_009-096-025,/root/autodl-tmp/tokenizer-eval/data/nsynth/nsynth-test/audio/bass_synthetic_009-096-025.wav,150,bass_synthetic_009,0,bass,2,synthetic,96,25,16000,long_release
-23.94685,8.985415,string_acoustic_057-065-100,string_acoustic_057-065-100,/root/autodl-tmp/tokenizer-eval/data/nsynth/nsynth-test/audio/string_acoustic_057-065-100.wav,450,string_acoustic_057,8,string,0,acoustic,65,100,16000,bright|nonlinear_env|reverb
41.58427,-35.05074,flute_synthetic_000-041-075,flute_synthetic_000-041-075,/root/autodl-tmp/tokenizer-eval/data/nsynth/nsynth-test/audio/flute_synthetic_000-041-075.wav,82,flute_synthetic_000,2,flute,2,synthetic,41,75,16000,distortion
-19.025473,-23.993952,brass_acoustic_046-053-050,brass_acoustic_046-053-050,/root/autodl-tmp/tokenizer-eval/data/nsynth/nsynth-test/audio/brass_acoustic_046-053-050.wav,414,brass_acoustic_046,1,brass,0,acoustic,53,50,16000,
-29.573183,-30.301178,guitar_acoustic_021-050-100,guitar_acoustic_021-050-100,/root/autodl-tmp/tokenizer-eval/data/nsynth/nsynth-test/audio/guitar_acoustic_021-050-100.wav,457,guitar_acoustic_021,3,guitar,0,acoustic,50,100,16000,
-3.506,11.793496,keyboard_electronic_001-069-127,keyboard_electronic_001-069-127,/root/autodl-tmp/tokenizer-eval/data/nsynth/nsynth-test/audio/keyboard_electronic_001-069-127.wav,40,keyboard_electronic_001,4,keyboard,1,electronic,69,127,16000,
43.97922,-35.187504,string_acoustic_080-041-100,string_acoustic_080-041-100,/root/autodl-tmp/tokenizer-eval/data/nsynth/nsynth-test/audio/string_acoustic_080-041-100.wav,675,string_acoustic_080,8,string,0,acoustic,41,100,16000,long_release|reverb
9.400071,-30.120434,reed_acoustic_037-036-075,reed_acoustic_037-036-075,/root/autodl-tmp/tokenizer-eval/data/nsynth/nsynth-test/audio/reed_acoustic_037-036-075.wav,387,reed_acoustic_037,7,reed,0,acoustic,36,75,16000,reverb
-31.274826,42.523453,flute_synthetic_000-108-050,flute_synthetic_000-108-050,/root/autodl-tmp/tokenizer-eval/data/nsynth/nsynth-test/audio/flute_synthetic_000-108-050.wav,82,flute_synthetic_000,2,flute,2,synthetic,108,50,16000,bright|distortion
-25.165213,32.891098,brass_acoustic_006-079-075,brass_acoustic_006-079-075,/root/autodl-tmp/tokenizer-eval/data/nsynth/nsynth-test/audio/brass_acoustic_006-079-075.wav,43,brass_acoustic_006,1,brass,0,acoustic,79,75,16000,reverb
22.470472,27.86832,mallet_acoustic_047-107-100,mallet_acoustic_047-107-100,/root/autodl-tmp/tokenizer-eval/data/nsynth/nsynth-test/audio/mallet_acoustic_047-107-100.wav,488,mallet_acoustic_047,5,mallet,0,acoustic,107,100,16000,fast_decay|percussive|reverb
-2.8205523,-21.048431,brass_acoustic_059-039-050,brass_acoustic_059-039-050,/root/autodl-tmp/tokenizer-eval/data/nsynth/nsynth-test/audio/brass_acoustic_059-039-050.wav,572,brass_acoustic_059,1,brass,0,acoustic,39,50,16000,reverb
-24.23538,-43.27525,organ_electronic_057-037-127,organ_electronic_057-037-127,/root/autodl-tmp/tokenizer-eval/data/nsynth/nsynth-test/audio/organ_electronic_057-037-127.wav,701,organ_electronic_057,6,organ,1,electronic,37,127,16000,dark
-24.523964,10.642657,organ_electronic_113-066-100,organ_electronic_113-066-100,/root/autodl-tmp/tokenizer-eval/data/nsynth/nsynth-test/audio/organ_electronic_113-066-100.wav,958,organ_electronic_113,6,organ,1,electronic,66,100,16000,
12.038489,24.232409,bass_synthetic_134-080-100,bass_synthetic_134-080-100,/root/autodl-tmp/tokenizer-eval/data/nsynth/nsynth-test/audio/bass_synthetic_134-080-100.wav,914,bass_synthetic_134,0,bass,2,synthetic,80,100,16000,fast_decay|percussive|reverb
-3.5629082,-28.096382,vocal_synthetic_003-033-127,vocal_synthetic_003-033-127,/root/autodl-tmp/tokenizer-eval/data/nsynth/nsynth-test/audio/vocal_synthetic_003-033-127.wav,37,vocal_synthetic_003,10,vocal,2,synthetic,33,127,16000,bright|distortion|long_release|nonlinear_env
29.360332,-20.171213,guitar_acoustic_021-028-075,guitar_acoustic_021-028-075,/root/autodl-tmp/tokenizer-eval/data/nsynth/nsynth-test/audio/guitar_acoustic_021-028-075.wav,457,guitar_acoustic_021,3,guitar,0,acoustic,28,75,16000,
36.42071,45.592293,keyboard_synthetic_000-047-050,keyboard_synthetic_000-047-050,/root/autodl-tmp/tokenizer-eval/data/nsynth/nsynth-test/audio/keyboard_synthetic_000-047-050.wav,577,keyboard_synthetic_000,4,keyboard,2,synthetic,47,50,16000,distortion|fast_decay|nonlinear_env
29.264652,49.765717,bass_synthetic_068-107-100,bass_synthetic_068-107-100,/root/autodl-tmp/tokenizer-eval/data/nsynth/nsynth-test/audio/bass_synthetic_068-107-100.wav,656,bass_synthetic_068,0,bass,2,synthetic,107,100,16000,bright|fast_decay|percussive
-26.070454,31.804375,flute_synthetic_000-091-100,flute_synthetic_000-091-100,/root/autodl-tmp/tokenizer-eval/data/nsynth/nsynth-test/audio/flute_synthetic_000-091-100.wav,82,flute_synthetic_000,2,flute,2,synthetic,91,100,16000,distortion
27.97816,-17.03562,flute_synthetic_000-022-100,flute_synthetic_000-022-100,/root/autodl-tmp/tokenizer-eval/data/nsynth/nsynth-test/audio/flute_synthetic_000-022-100.wav,82,flute_synthetic_000,2,flute,2,synthetic,22,100,16000,distortion
-27.112116,45.945194,flute_acoustic_002-106-050,flute_acoustic_002-106-050,/root/autodl-tmp/tokenizer-eval/data/nsynth/nsynth-test/audio/flute_acoustic_002-106-050.wav,86,flute_acoustic_002,2,flute,0,acoustic,106,50,16000,bright|reverb
-16.587452,10.767342,guitar_acoustic_010-065-100,guitar_acoustic_010-065-100,/root/autodl-tmp/tokenizer-eval/data/nsynth/nsynth-test/audio/guitar_acoustic_010-065-100.wav,219,guitar_acoustic_010,3,guitar,0,acoustic,65,100,16000,
21.070711,41.92758,mallet_acoustic_056-044-050,mallet_acoustic_056-044-050,/root/autodl-tmp/tokenizer-eval/data/nsynth/nsynth-test/audio/mallet_acoustic_056-044-050.wav,590,mallet_acoustic_056,5,mallet,0,acoustic,44,50,16000,fast_decay|percussive
34.624428,46.849236,mallet_acoustic_062-093-050,mallet_acoustic_062-093-050,/root/autodl-tmp/tokenizer-eval/data/nsynth/nsynth-test/audio/mallet_acoustic_062-093-050.wav,644,mallet_acoustic_062,5,mallet,0,acoustic,93,50,16000,fast_decay|multiphonic
-25.630676,35.15144,string_acoustic_057-080-127,string_acoustic_057-080-127,/root/autodl-tmp/tokenizer-eval/data/nsynth/nsynth-test/audio/string_acoustic_057-080-127.wav,450,string_acoustic_057,8,string,0,acoustic,80,127,16000,bright|nonlinear_env|reverb
-17.53026,-8.911336,keyboard_electronic_003-056-127,keyboard_electronic_003-056-127,/root/autodl-tmp/tokenizer-eval/data/nsynth/nsynth-test/audio/keyboard_electronic_003-056-127.wav,65,keyboard_electronic_003,4,keyboard,1,electronic,56,127,16000,
2.3035545,-41.20918,bass_synthetic_009-040-050,bass_synthetic_009-040-050,/root/autodl-tmp/tokenizer-eval/data/nsynth/nsynth-test/audio/bass_synthetic_009-040-050.wav,150,bass_synthetic_009,0,bass,2,synthetic,40,50,16000,bright|distortion|long_release
-12.815787,32.934826,mallet_acoustic_062-085-100,mallet_acoustic_062-085-100,/root/autodl-tmp/tokenizer-eval/data/nsynth/nsynth-test/audio/mallet_acoustic_062-085-100.wav,644,mallet_acoustic_062,5,mallet,0,acoustic,85,100,16000,multiphonic
-16.26119,-24.088453,reed_acoustic_011-053-100,reed_acoustic_011-053-100,/root/autodl-tmp/tokenizer-eval/data/nsynth/nsynth-test/audio/reed_acoustic_011-053-100.wav,104,reed_acoustic_011,7,reed,0,acoustic,53,100,16000,bright
-23.297674,43.0636,flute_acoustic_002-103-075,flute_acoustic_002-103-075,/root/autodl-tmp/tokenizer-eval/data/nsynth/nsynth-test/audio/flute_acoustic_002-103-075.wav,86,flute_acoustic_002,2,flute,0,acoustic,103,75,16000,bright|reverb
-22.666239,15.324853,brass_acoustic_006-067-100,brass_acoustic_006-067-100,/root/autodl-tmp/tokenizer-eval/data/nsynth/nsynth-test/audio/brass_acoustic_006-067-100.wav,43,brass_acoustic_006,1,brass,0,acoustic,67,100,16000,reverb
0.21846057,-60.050236,bass_electronic_025-044-075,bass_electronic_025-044-075,/root/autodl-tmp/tokenizer-eval/data/nsynth/nsynth-test/audio/bass_electronic_025-044-075.wav,872,bass_electronic_025,0,bass,1,electronic,44,75,16000,
27.574932,-89.37033,brass_acoustic_046-085-025,brass_acoustic_046-085-025,/root/autodl-tmp/tokenizer-eval/data/nsynth/nsynth-test/audio/brass_acoustic_046-085-025.wav,414,brass_acoustic_046,1,brass,0,acoustic,85,25,16000,long_release
35.4344,-3.0281851,organ_electronic_057-024-100,organ_electronic_057-024-100,/root/autodl-tmp/tokenizer-eval/data/nsynth/nsynth-test/audio/organ_electronic_057-024-100.wav,701,organ_electronic_057,6,organ,1,electronic,24,100,16000,dark
-27.028435,8.166388,flute_synthetic_000-076-025,flute_synthetic_000-076-025,/root/autodl-tmp/tokenizer-eval/data/nsynth/nsynth-test/audio/flute_synthetic_000-076-025.wav,82,flute_synthetic_000,2,flute,2,synthetic,76,25,16000,distortion
-50.627987,-4.796367,brass_acoustic_015-072-050,brass_acoustic_015-072-050,/root/autodl-tmp/tokenizer-eval/data/nsynth/nsynth-test/audio/brass_acoustic_015-072-050.wav,121,brass_acoustic_015,1,brass,0,acoustic,72,50,16000,reverb
-10.9380455,30.241863,bass_synthetic_034-085-100,bass_synthetic_034-085-100,/root/autodl-tmp/tokenizer-eval/data/nsynth/nsynth-test/audio/bass_synthetic_034-085-100.wav,420,bass_synthetic_034,0,bass,2,synthetic,85,100,16000,bright|distortion|tempo-synced
25.866045,-18.71118,flute_synthetic_000-028-075,flute_synthetic_000-028-075,/root/autodl-tmp/tokenizer-eval/data/nsynth/nsynth-test/audio/flute_synthetic_000-028-075.wav,82,flute_synthetic_000,2,flute,2,synthetic,28,75,16000,distortion
-22.495186,18.582449,brass_acoustic_016-079-075,brass_acoustic_016-079-075,/root/autodl-tmp/tokenizer-eval/data/nsynth/nsynth-test/audio/brass_acoustic_016-079-075.wav,128,brass_acoustic_016,1,brass,0,acoustic,79,75,16000,bright
27.03315,17.111338,keyboard_acoustic_004-102-100,keyboard_acoustic_004-102-100,/root/autodl-tmp/tokenizer-eval/data/nsynth/nsynth-test/audio/keyboard_acoustic_004-102-100.wav,327,keyboard_acoustic_004,4,keyboard,0,acoustic,102,100,16000,percussive|reverb
-51.45218,16.573948,vocal_synthetic_003-094-127,vocal_synthetic_003-094-127,/root/autodl-tmp/tokenizer-eval/data/nsynth/nsynth-test/audio/vocal_synthetic_003-094-127.wav,37,vocal_synthetic_003,10,vocal,2,synthetic,94,127,16000,bright|distortion|long_release|nonlinear_env
40.65156,-31.435514,bass_synthetic_033-029-127,bass_synthetic_033-029-127,/root/autodl-tmp/tokenizer-eval/data/nsynth/nsynth-test/audio/bass_synthetic_033-029-127.wav,417,bass_synthetic_033,0,bass,2,synthetic,29,127,16000,distortion
27.009336,1.0962168,string_acoustic_014-039-127,string_acoustic_014-039-127,/root/autodl-tmp/tokenizer-eval/data/nsynth/nsynth-test/audio/string_acoustic_014-039-127.wav,100,string_acoustic_014,8,string,0,acoustic,39,127,16000,dark|reverb
31.115442,-27.214285,vocal_synthetic_003-022-100,vocal_synthetic_003-022-100,/root/autodl-tmp/tokenizer-eval/data/nsynth/nsynth-test/audio/vocal_synthetic_003-022-100.wav,37,vocal_synthetic_003,10,vocal,2,synthetic,22,100,16000,bright|distortion|long_release|nonlinear_env
6.0259447,-31.918493,reed_acoustic_011-036-127,reed_acoustic_011-036-127,/root/autodl-tmp/tokenizer-eval/data/nsynth/nsynth-test/audio/reed_acoustic_011-036-127.wav,104,reed_acoustic_011,7,reed,0,acoustic,36,127,16000,bright
2.1498601,27.577019,keyboard_electronic_098-082-075,keyboard_electronic_098-082-075,/root/autodl-tmp/tokenizer-eval/data/nsynth/nsynth-test/audio/keyboard_electronic_098-082-075.wav,905,keyboard_electronic_098,4,keyboard,1,electronic,82,75,16000,fast_decay
18.288954,-3.8634882,keyboard_electronic_003-086-100,keyboard_electronic_003-086-100,/root/autodl-tmp/tokenizer-eval/data/nsynth/nsynth-test/audio/keyboard_electronic_003-086-100.wav,65,keyboard_electronic_003,4,keyboard,1,electronic,86,100,16000,
-30.114456,-28.420187,flute_synthetic_000-050-050,flute_synthetic_000-050-050,/root/autodl-tmp/tokenizer-eval/data/nsynth/nsynth-test/audio/flute_synthetic_000-050-050.wav,82,flute_synthetic_000,2,flute,2,synthetic,50,50,16000,distortion
39.104115,45.20782,keyboard_synthetic_000-098-075,keyboard_synthetic_000-098-075,/root/autodl-tmp/tokenizer-eval/data/nsynth/nsynth-test/audio/keyboard_synthetic_000-098-075.wav,577,keyboard_synthetic_000,4,keyboard,2,synthetic,98,75,16000,bright|distortion|fast_decay|nonlinear_env|percussive
21.555115,37.458755,mallet_acoustic_047-084-100,mallet_acoustic_047-084-100,/root/autodl-tmp/tokenizer-eval/data/nsynth/nsynth-test/audio/mallet_acoustic_047-084-100.wav,488,mallet_acoustic_047,5,mallet,0,acoustic,84,100,16000,fast_decay|percussive|reverb
6.866322,-38.67045,organ_electronic_028-040-050,organ_electronic_028-040-050,/root/autodl-tmp/tokenizer-eval/data/nsynth/nsynth-test/audio/organ_electronic_028-040-050.wav,440,organ_electronic_028,6,organ,1,electronic,40,50,16000,dark
0.7719307,28.378162,mallet_acoustic_056-080-025,mallet_acoustic_056-080-025,/root/autodl-tmp/tokenizer-eval/data/nsynth/nsynth-test/audio/mallet_acoustic_056-080-025.wav,590,mallet_acoustic_056,5,mallet,0,acoustic,80,25,16000,fast_decay
14.110644,-16.696894,string_acoustic_012-030-075,string_acoustic_012-030-075,/root/autodl-tmp/tokenizer-eval/data/nsynth/nsynth-test/audio/string_acoustic_012-030-075.wav,97,string_acoustic_012,8,string,0,acoustic,30,75,16000,long_release|reverb
1.1789249,20.033194,guitar_acoustic_014-074-127,guitar_acoustic_014-074-127,/root/autodl-tmp/tokenizer-eval/data/nsynth/nsynth-test/audio/guitar_acoustic_014-074-127.wav,263,guitar_acoustic_014,3,guitar,0,acoustic,74,127,16000,
-26.130724,3.640591,string_acoustic_057-063-127,string_acoustic_057-063-127,/root/autodl-tmp/tokenizer-eval/data/nsynth/nsynth-test/audio/string_acoustic_057-063-127.wav,450,string_acoustic_057,8,string,0,acoustic,63,127,16000,bright|nonlinear_env|reverb
-24.817282,7.437728,vocal_acoustic_000-064-050,vocal_acoustic_000-064-050,/root/autodl-tmp/tokenizer-eval/data/nsynth/nsynth-test/audio/vocal_acoustic_000-064-050.wav,46,vocal_acoustic_000,10,vocal,0,acoustic,64,50,16000,reverb
-14.962536,-14.779716,guitar_acoustic_021-054-100,guitar_acoustic_021-054-100,/root/autodl-tmp/tokenizer-eval/data/nsynth/nsynth-test/audio/guitar_acoustic_021-054-100.wav,457,guitar_acoustic_021,3,guitar,0,acoustic,54,100,16000,
45.07632,-1.0092573,flute_synthetic_000-048-127,flute_synthetic_000-048-127,/root/autodl-tmp/tokenizer-eval/data/nsynth/nsynth-test/audio/flute_synthetic_000-048-127.wav,82,flute_synthetic_000,2,flute,2,synthetic,48,127,16000,distortion
-47.675484,11.408523,vocal_synthetic_003-108-127,vocal_synthetic_003-108-127,/root/autodl-tmp/tokenizer-eval/data/nsynth/nsynth-test/audio/vocal_synthetic_003-108-127.wav,37,vocal_synthetic_003,10,vocal,2,synthetic,108,127,16000,bright|distortion|long_release|nonlinear_env
-19.053682,11.33188,brass_acoustic_016-066-050,brass_acoustic_016-066-050,/root/autodl-tmp/tokenizer-eval/data/nsynth/nsynth-test/audio/brass_acoustic_016-066-050.wav,128,brass_acoustic_016,1,brass,0,acoustic,66,50,16000,bright
38.32085,39.16798,reed_acoustic_023-095-025,reed_acoustic_023-095-025,/root/autodl-tmp/tokenizer-eval/data/nsynth/nsynth-test/audio/reed_acoustic_023-095-025.wav,224,reed_acoustic_023,7,reed,0,acoustic,95,25,16000,fast_decay|multiphonic|nonlinear_env
-36.8514,-5.3687468,vocal_acoustic_000-057-127,vocal_acoustic_000-057-127,/root/autodl-tmp/tokenizer-eval/data/nsynth/nsynth-test/audio/vocal_acoustic_000-057-127.wav,46,vocal_acoustic_000,10,vocal,0,acoustic,57,127,16000,reverb
-28.403505,-16.115278,brass_acoustic_016-055-100,brass_acoustic_016-055-100,/root/autodl-tmp/tokenizer-eval/data/nsynth/nsynth-test/audio/brass_acoustic_016-055-100.wav,128,brass_acoustic_016,1,brass,0,acoustic,55,100,16000,
42.653866,-35.696556,string_acoustic_071-041-100,string_acoustic_071-041-100,/root/autodl-tmp/tokenizer-eval/data/nsynth/nsynth-test/audio/string_acoustic_071-041-100.wav,609,string_acoustic_071,8,string,0,acoustic,41,100,16000,reverb
-25.372305,46.728947,flute_acoustic_002-101-127,flute_acoustic_002-101-127,/root/autodl-tmp/tokenizer-eval/data/nsynth/nsynth-test/audio/flute_acoustic_002-101-127.wav,86,flute_acoustic_002,2,flute,0,acoustic,101,127,16000,bright|reverb
-32.412758,36.39345,organ_electronic_113-081-127,organ_electronic_113-081-127,/root/autodl-tmp/tokenizer-eval/data/nsynth/nsynth-test/audio/organ_electronic_113-081-127.wav,958,organ_electronic_113,6,organ,1,electronic,81,127,16000,
-30.535433,-13.644687,brass_acoustic_046-056-127,brass_acoustic_046-056-127,/root/autodl-tmp/tokenizer-eval/data/nsynth/nsynth-test/audio/brass_acoustic_046-056-127.wav,414,brass_acoustic_046,1,brass,0,acoustic,56,127,16000,
-18.393936,-8.591419,brass_acoustic_015-056-025,brass_acoustic_015-056-025,/root/autodl-tmp/tokenizer-eval/data/nsynth/nsynth-test/audio/brass_acoustic_015-056-025.wav,121,brass_acoustic_015,1,brass,0,acoustic,56,25,16000,reverb
-4.068026,-9.410786,guitar_acoustic_015-042-025,guitar_acoustic_015-042-025,/root/autodl-tmp/tokenizer-eval/data/nsynth/nsynth-test/audio/guitar_acoustic_015-042-025.wav,316,guitar_acoustic_015,3,guitar,0,acoustic,42,25,16000,reverb
31.838396,48.88695,mallet_acoustic_062-105-075,mallet_acoustic_062-105-075,/root/autodl-tmp/tokenizer-eval/data/nsynth/nsynth-test/audio/mallet_acoustic_062-105-075.wav,644,mallet_acoustic_062,5,mallet,0,acoustic,105,75,16000,bright|fast_decay|multiphonic
-38.335293,1.694798,reed_acoustic_011-069-100,reed_acoustic_011-069-100,/root/autodl-tmp/tokenizer-eval/data/nsynth/nsynth-test/audio/reed_acoustic_011-069-100.wav,104,reed_acoustic_011,7,reed,0,acoustic,69,100,16000,
-34.100384,32.60132,flute_synthetic_000-099-127,flute_synthetic_000-099-127,/root/autodl-tmp/tokenizer-eval/data/nsynth/nsynth-test/audio/flute_synthetic_000-099-127.wav,82,flute_synthetic_000,2,flute,2,synthetic,99,127,16000,bright|distortion
-56.708023,-2.056334,flute_acoustic_002-073-127,flute_acoustic_002-073-127,/root/autodl-tmp/tokenizer-eval/data/nsynth/nsynth-test/audio/flute_acoustic_002-073-127.wav,86,flute_acoustic_002,2,flute,0,acoustic,73,127,16000,reverb
37.475998,-8.617898,guitar_acoustic_010-024-100,guitar_acoustic_010-024-100,/root/autodl-tmp/tokenizer-eval/data/nsynth/nsynth-test/audio/guitar_acoustic_010-024-100.wav,219,guitar_acoustic_010,3,guitar,0,acoustic,24,100,16000,
-49.550022,15.32196,vocal_synthetic_003-095-100,vocal_synthetic_003-095-100,/root/autodl-tmp/tokenizer-eval/data/nsynth/nsynth-test/audio/vocal_synthetic_003-095-100.wav,37,vocal_synthetic_003,10,vocal,2,synthetic,95,100,16000,bright|distortion|long_release|nonlinear_env
-34.982502,29.786747,brass_acoustic_016-087-075,brass_acoustic_016-087-075,/root/autodl-tmp/tokenizer-eval/data/nsynth/nsynth-test/audio/brass_acoustic_016-087-075.wav,128,brass_acoustic_016,1,brass,0,acoustic,87,75,16000,
50.04481,-19.452793,reed_acoustic_037-033-127,reed_acoustic_037-033-127,/root/autodl-tmp/tokenizer-eval/data/nsynth/nsynth-test/audio/reed_acoustic_037-033-127.wav,387,reed_acoustic_037,7,reed,0,acoustic,33,127,16000,long_release|reverb
0.9133658,-41.886555,organ_electronic_007-040-025,organ_electronic_007-040-025,/root/autodl-tmp/tokenizer-eval/data/nsynth/nsynth-test/audio/organ_electronic_007-040-025.wav,123,organ_electronic_007,6,organ,1,electronic,40,25,16000,distortion|long_release|nonlinear_env
-10.38165,16.02842,mallet_acoustic_056-113-050,mallet_acoustic_056-113-050,/root/autodl-tmp/tokenizer-eval/data/nsynth/nsynth-test/audio/mallet_acoustic_056-113-050.wav,590,mallet_acoustic_056,5,mallet,0,acoustic,113,50,16000,bright
-28.386055,27.205036,string_acoustic_057-078-127,string_acoustic_057-078-127,/root/autodl-tmp/tokenizer-eval/data/nsynth/nsynth-test/audio/string_acoustic_057-078-127.wav,450,string_acoustic_057,8,string,0,acoustic,78,127,16000,bright|nonlinear_env|reverb
-30.06394,18.821491,reed_acoustic_018-068-127,reed_acoustic_018-068-127,/root/autodl-tmp/tokenizer-eval/data/nsynth/nsynth-test/audio/reed_acoustic_018-068-127.wav,183,reed_acoustic_018,7,reed,0,acoustic,68,127,16000,
10.029176,-24.361881,reed_acoustic_037-042-075,reed_acoustic_037-042-075,/root/autodl-tmp/tokenizer-eval/data/nsynth/nsynth-test/audio/reed_acoustic_037-042-075.wav,387,reed_acoustic_037,7,reed,0,acoustic,42,75,16000,reverb
6.6864905,-30.319948,brass_acoustic_059-037-075,brass_acoustic_059-037-075,/root/autodl-tmp/tokenizer-eval/data/nsynth/nsynth-test/audio/brass_acoustic_059-037-075.wav,572,brass_acoustic_059,1,brass,0,acoustic,37,75,16000,bright|reverb
-35.47,42.613113,string_acoustic_057-085-100,string_acoustic_057-085-100,/root/autodl-tmp/tokenizer-eval/data/nsynth/nsynth-test/audio/string_acoustic_057-085-100.wav,450,string_acoustic_057,8,string,0,acoustic,85,100,16000,bright|nonlinear_env|reverb
0.23070107,-18.749056,organ_electronic_057-039-100,organ_electronic_057-039-100,/root/autodl-tmp/tokenizer-eval/data/nsynth/nsynth-test/audio/organ_electronic_057-039-100.wav,701,organ_electronic_057,6,organ,1,electronic,39,100,16000,dark
-31.319628,-5.331771,vocal_synthetic_003-056-127,vocal_synthetic_003-056-127,/root/autodl-tmp/tokenizer-eval/data/nsynth/nsynth-test/audio/vocal_synthetic_003-056-127.wav,37,vocal_synthetic_003,10,vocal,2,synthetic,56,127,16000,bright|distortion|long_release|nonlinear_env
28.584743,17.129927,mallet_acoustic_047-095-050,mallet_acoustic_047-095-050,/root/autodl-tmp/tokenizer-eval/data/nsynth/nsynth-test/audio/mallet_acoustic_047-095-050.wav,488,mallet_acoustic_047,5,mallet,0,acoustic,95,50,16000,fast_decay|percussive|reverb
1.6473616,21.517853,bass_synthetic_068-075-127,bass_synthetic_068-075-127,/root/autodl-tmp/tokenizer-eval/data/nsynth/nsynth-test/audio/bass_synthetic_068-075-127.wav,656,bass_synthetic_068,0,bass,2,synthetic,75,127,16000,distortion
16.382858,-42.322887,brass_acoustic_059-047-025,brass_acoustic_059-047-025,/root/autodl-tmp/tokenizer-eval/data/nsynth/nsynth-test/audio/brass_acoustic_059-047-025.wav,572,brass_acoustic_059,1,brass,0,acoustic,47,25,16000,dark|reverb
-22.845251,23.671562,flute_acoustic_002-077-100,flute_acoustic_002-077-100,/root/autodl-tmp/tokenizer-eval/data/nsynth/nsynth-test/audio/flute_acoustic_002-077-100.wav,86,flute_acoustic_002,2,flute,0,acoustic,77,100,16000,reverb
27.347683,48.619312,bass_synthetic_134-102-100,bass_synthetic_134-102-100,/root/autodl-tmp/tokenizer-eval/data/nsynth/nsynth-test/audio/bass_synthetic_134-102-100.wav,914,bass_synthetic_134,0,bass,2,synthetic,102,100,16000,fast_decay|percussive|reverb
27.574932,-89.37033,brass_acoustic_046-086-025,brass_acoustic_046-086-025,/root/autodl-tmp/tokenizer-eval/data/nsynth/nsynth-test/audio/brass_acoustic_046-086-025.wav,414,brass_acoustic_046,1,brass,0,acoustic,86,25,16000,long_release
28.125391,38.321075,string_acoustic_056-065-100,string_acoustic_056-065-100,/root/autodl-tmp/tokenizer-eval/data/nsynth/nsynth-test/audio/string_acoustic_056-065-100.wav,436,string_acoustic_056,8,string,0,acoustic,65,100,16000,fast_decay|reverb
-7.252654,1.467097,bass_synthetic_134-060-050,bass_synthetic_134-060-050,/root/autodl-tmp/tokenizer-eval/data/nsynth/nsynth-test/audio/bass_synthetic_134-060-050.wav,914,bass_synthetic_134,0,bass,2,synthetic,60,50,16000,dark|reverb
-26.81055,40.518322,flute_acoustic_002-093-100,flute_acoustic_002-093-100,/root/autodl-tmp/tokenizer-eval/data/nsynth/nsynth-test/audio/flute_acoustic_002-093-100.wav,86,flute_acoustic_002,2,flute,0,acoustic,93,100,16000,reverb
16.565887,-18.546398,keyboard_electronic_078-030-075,keyboard_electronic_078-030-075,/root/autodl-tmp/tokenizer-eval/data/nsynth/nsynth-test/audio/keyboard_electronic_078-030-075.wav,838,keyboard_electronic_078,4,keyboard,1,electronic,30,75,16000,bright
24.925268,41.924435,mallet_acoustic_056-035-025,mallet_acoustic_056-035-025,/root/autodl-tmp/tokenizer-eval/data/nsynth/nsynth-test/audio/mallet_acoustic_056-035-025.wav,590,mallet_acoustic_056,5,mallet,0,acoustic,35,25,16000,bright|fast_decay|percussive
18.465961,5.115232,mallet_acoustic_047-065-100,mallet_acoustic_047-065-100,/root/autodl-tmp/tokenizer-eval/data/nsynth/nsynth-test/audio/mallet_acoustic_047-065-100.wav,488,mallet_acoustic_047,5,mallet,0,acoustic,65,100,16000,reverb
25.480711,-8.465508,bass_synthetic_135-027-075,bass_synthetic_135-027-075,/root/autodl-tmp/tokenizer-eval/data/nsynth/nsynth-test/audio/bass_synthetic_135-027-075.wav,927,bass_synthetic_135,0,bass,2,synthetic,27,75,16000,distortion
26.81819,39.67083,string_acoustic_056-071-050,string_acoustic_056-071-050,/root/autodl-tmp/tokenizer-eval/data/nsynth/nsynth-test/audio/string_acoustic_056-071-050.wav,436,string_acoustic_056,8,string,0,acoustic,71,50,16000,fast_decay|percussive|reverb
27.574932,-89.37033,brass_acoustic_046-094-127,brass_acoustic_046-094-127,/root/autodl-tmp/tokenizer-eval/data/nsynth/nsynth-test/audio/brass_acoustic_046-094-127.wav,414,brass_acoustic_046,1,brass,0,acoustic,94,127,16000,long_release
0.2928352,-19.788988,keyboard_electronic_002-039-025,keyboard_electronic_002-039-025,/root/autodl-tmp/tokenizer-eval/data/nsynth/nsynth-test/audio/keyboard_electronic_002-039-025.wav,50,keyboard_electronic_002,4,keyboard,1,electronic,39,25,16000,
42.87848,-36.888447,organ_electronic_028-041-127,organ_electronic_028-041-127,/root/autodl-tmp/tokenizer-eval/data/nsynth/nsynth-test/audio/organ_electronic_028-041-127.wav,440,organ_electronic_028,6,organ,1,electronic,41,127,16000,dark
-1.8014606,-59.60864,string_acoustic_071-044-127,string_acoustic_071-044-127,/root/autodl-tmp/tokenizer-eval/data/nsynth/nsynth-test/audio/string_acoustic_071-044-127.wav,609,string_acoustic_071,8,string,0,acoustic,44,127,16000,long_release|reverb
-14.51488,-11.955681,mallet_acoustic_062-055-127,mallet_acoustic_062-055-127,/root/autodl-tmp/tokenizer-eval/data/nsynth/nsynth-test/audio/mallet_acoustic_062-055-127.wav,644,mallet_acoustic_062,5,mallet,0,acoustic,55,127,16000,dark|long_release|multiphonic
42.677963,-34.22672,string_acoustic_080-029-025,string_acoustic_080-029-025,/root/autodl-tmp/tokenizer-eval/data/nsynth/nsynth-test/audio/string_acoustic_080-029-025.wav,675,string_acoustic_080,8,string,0,acoustic,29,25,16000,reverb
16.916801,-31.626577,guitar_acoustic_014-043-050,guitar_acoustic_014-043-050,/root/autodl-tmp/tokenizer-eval/data/nsynth/nsynth-test/audio/guitar_acoustic_014-043-050.wav,263,guitar_acoustic_014,3,guitar,0,acoustic,43,50,16000,
40.28511,36.055233,mallet_acoustic_062-085-075,mallet_acoustic_062-085-075,/root/autodl-tmp/tokenizer-eval/data/nsynth/nsynth-test/audio/mallet_acoustic_062-085-075.wav,644,mallet_acoustic_062,5,mallet,0,acoustic,85,75,16000,fast_decay|multiphonic
-20.489363,48.276794,organ_electronic_007-095-100,organ_electronic_007-095-100,/root/autodl-tmp/tokenizer-eval/data/nsynth/nsynth-test/audio/organ_electronic_007-095-100.wav,123,organ_electronic_007,6,organ,1,electronic,95,100,16000,long_release|nonlinear_env
-50.024048,20.084862,vocal_synthetic_003-085-100,vocal_synthetic_003-085-100,/root/autodl-tmp/tokenizer-eval/data/nsynth/nsynth-test/audio/vocal_synthetic_003-085-100.wav,37,vocal_synthetic_003,10,vocal,2,synthetic,85,100,16000,bright|distortion|long_release|nonlinear_env
-41.6522,-3.2029898,vocal_acoustic_000-070-075,vocal_acoustic_000-070-075,/root/autodl-tmp/tokenizer-eval/data/nsynth/nsynth-test/audio/vocal_acoustic_000-070-075.wav,46,vocal_acoustic_000,10,vocal,0,acoustic,70,75,16000,reverb
-31.541412,26.270445,organ_electronic_104-077-100,organ_electronic_104-077-100,/root/autodl-tmp/tokenizer-eval/data/nsynth/nsynth-test/audio/organ_electronic_104-077-100.wav,921,organ_electronic_104,6,organ,1,electronic,77,100,16000,
-20.297537,-8.357031,organ_electronic_028-056-100,organ_electronic_028-056-100,/root/autodl-tmp/tokenizer-eval/data/nsynth/nsynth-test/audio/organ_electronic_028-056-100.wav,440,organ_electronic_028,6,organ,1,electronic,56,100,16000,dark
-45.378796,-12.425857,flute_synthetic_000-072-100,flute_synthetic_000-072-100,/root/autodl-tmp/tokenizer-eval/data/nsynth/nsynth-test/audio/flute_synthetic_000-072-100.wav,82,flute_synthetic_000,2,flute,2,synthetic,72,100,16000,distortion
27.574932,-89.37033,brass_acoustic_046-084-025,brass_acoustic_046-084-025,/root/autodl-tmp/tokenizer-eval/data/nsynth/nsynth-test/audio/brass_acoustic_046-084-025.wav,414,brass_acoustic_046,1,brass,0,acoustic,84,25,16000,long_release
-8.979428,10.987871,mallet_acoustic_062-066-127,mallet_acoustic_062-066-127,/root/autodl-tmp/tokenizer-eval/data/nsynth/nsynth-test/audio/mallet_acoustic_062-066-127.wav,644,mallet_acoustic_062,5,mallet,0,acoustic,66,127,16000,dark|long_release|multiphonic
-37.517445,-1.4088637,flute_synthetic_000-081-075,flute_synthetic_000-081-075,/root/autodl-tmp/tokenizer-eval/data/nsynth/nsynth-test/audio/flute_synthetic_000-081-075.wav,82,flute_synthetic_000,2,flute,2,synthetic,81,75,16000,distortion
-43.726955,12.535108,organ_electronic_007-080-075,organ_electronic_007-080-075,/root/autodl-tmp/tokenizer-eval/data/nsynth/nsynth-test/audio/organ_electronic_007-080-075.wav,123,organ_electronic_007,6,organ,1,electronic,80,75,16000,bright|distortion|long_release|nonlinear_env
-56.300606,-2.0514688,brass_acoustic_006-073-075,brass_acoustic_006-073-075,/root/autodl-tmp/tokenizer-eval/data/nsynth/nsynth-test/audio/brass_acoustic_006-073-075.wav,43,brass_acoustic_006,1,brass,0,acoustic,73,75,16000,reverb
-3.552452,-52.445084,reed_acoustic_037-044-075,reed_acoustic_037-044-075,/root/autodl-tmp/tokenizer-eval/data/nsynth/nsynth-test/audio/reed_acoustic_037-044-075.wav,387,reed_acoustic_037,7,reed,0,acoustic,44,75,16000,reverb
25.687527,18.138054,mallet_acoustic_047-090-050,mallet_acoustic_047-090-050,/root/autodl-tmp/tokenizer-eval/data/nsynth/nsynth-test/audio/mallet_acoustic_047-090-050.wav,488,mallet_acoustic_047,5,mallet,0,acoustic,90,50,16000,fast_decay|percussive|reverb
4.735468,23.001656,guitar_acoustic_015-077-100,guitar_acoustic_015-077-100,/root/autodl-tmp/tokenizer-eval/data/nsynth/nsynth-test/audio/guitar_acoustic_015-077-100.wav,316,guitar_acoustic_015,3,guitar,0,acoustic,77,100,16000,fast_decay|reverb
38.408173,-3.1633725,bass_synthetic_068-036-025,bass_synthetic_068-036-025,/root/autodl-tmp/tokenizer-eval/data/nsynth/nsynth-test/audio/bass_synthetic_068-036-025.wav,656,bass_synthetic_068,0,bass,2,synthetic,36,25,16000,dark
-12.629374,22.63154,bass_synthetic_034-077-050,bass_synthetic_034-077-050,/root/autodl-tmp/tokenizer-eval/data/nsynth/nsynth-test/audio/bass_synthetic_034-077-050.wav,420,bass_synthetic_034,0,bass,2,synthetic,77,50,16000,bright|distortion|tempo-synced
-5.442382,-0.33519018,mallet_acoustic_062-060-127,mallet_acoustic_062-060-127,/root/autodl-tmp/tokenizer-eval/data/nsynth/nsynth-test/audio/mallet_acoustic_062-060-127.wav,644,mallet_acoustic_062,5,mallet,0,acoustic,60,127,16000,dark|long_release|multiphonic
29.363268,-88.94816,brass_acoustic_046-107-050,brass_acoustic_046-107-050,/root/autodl-tmp/tokenizer-eval/data/nsynth/nsynth-test/audio/brass_acoustic_046-107-050.wav,414,brass_acoustic_046,1,brass,0,acoustic,107,50,16000,long_release
-45.520374,24.310934,organ_electronic_007-074-025,organ_electronic_007-074-025,/root/autodl-tmp/tokenizer-eval/data/nsynth/nsynth-test/audio/organ_electronic_007-074-025.wav,123,organ_electronic_007,6,organ,1,electronic,74,25,16000,distortion|long_release|nonlinear_env
25.69386,20.549328,mallet_acoustic_047-107-127,mallet_acoustic_047-107-127,/root/autodl-tmp/tokenizer-eval/data/nsynth/nsynth-test/audio/mallet_acoustic_047-107-127.wav,488,mallet_acoustic_047,5,mallet,0,acoustic,107,127,16000,fast_decay|percussive|reverb
29.742352,-86.669395,guitar_acoustic_030-031-025,guitar_acoustic_030-031-025,/root/autodl-tmp/tokenizer-eval/data/nsynth/nsynth-test/audio/guitar_acoustic_030-031-025.wav,642,guitar_acoustic_030,3,guitar,0,acoustic,31,25,16000,long_release|tempo-synced
-23.260128,32.37118,brass_acoustic_046-079-100,brass_acoustic_046-079-100,/root/autodl-tmp/tokenizer-eval/data/nsynth/nsynth-test/audio/brass_acoustic_046-079-100.wav,414,brass_acoustic_046,1,brass,0,acoustic,79,100,16000,
18.29133,-44.31596,bass_synthetic_134-047-050,bass_synthetic_134-047-050,/root/autodl-tmp/tokenizer-eval/data/nsynth/nsynth-test/audio/bass_synthetic_134-047-050.wav,914,bass_synthetic_134,0,bass,2,synthetic,47,50,16000,dark|reverb
16.38413,-30.080519,bass_synthetic_034-043-127,bass_synthetic_034-043-127,/root/autodl-tmp/tokenizer-eval/data/nsynth/nsynth-test/audio/bass_synthetic_034-043-127.wav,420,bass_synthetic_034,0,bass,2,synthetic,43,127,16000,distortion|tempo-synced
-21.584772,1.6080605,reed_acoustic_011-062-127,reed_acoustic_011-062-127,/root/autodl-tmp/tokenizer-eval/data/nsynth/nsynth-test/audio/reed_acoustic_011-062-127.wav,104,reed_acoustic_011,7,reed,0,acoustic,62,127,16000,
-47.91614,-7.838164,flute_acoustic_002-071-127,flute_acoustic_002-071-127,/root/autodl-tmp/tokenizer-eval/data/nsynth/nsynth-test/audio/flute_acoustic_002-071-127.wav,86,flute_acoustic_002,2,flute,0,acoustic,71,127,16000,long_release|reverb
-14.9745655,-25.872698,string_acoustic_012-053-025,string_acoustic_012-053-025,/root/autodl-tmp/tokenizer-eval/data/nsynth/nsynth-test/audio/string_acoustic_012-053-025.wav,97,string_acoustic_012,8,string,0,acoustic,53,25,16000,long_release|reverb
-52.67481,-6.274797,bass_synthetic_009-072-050,bass_synthetic_009-072-050,/root/autodl-tmp/tokenizer-eval/data/nsynth/nsynth-test/audio/bass_synthetic_009-072-050.wav,150,bass_synthetic_009,0,bass,2,synthetic,72,50,16000,bright|distortion|long_release
-26.984558,-38.36449,guitar_acoustic_014-050-127,guitar_acoustic_014-050-127,/root/autodl-tmp/tokenizer-eval/data/nsynth/nsynth-test/audio/guitar_acoustic_014-050-127.wav,263,guitar_acoustic_014,3,guitar,0,acoustic,50,127,16000,
-28.048042,17.301302,brass_acoustic_046-068-050,brass_acoustic_046-068-050,/root/autodl-tmp/tokenizer-eval/data/nsynth/nsynth-test/audio/brass_acoustic_046-068-050.wav,414,brass_acoustic_046,1,brass,0,acoustic,68,50,16000,
6.180869,21.43137,guitar_acoustic_021-074-127,guitar_acoustic_021-074-127,/root/autodl-tmp/tokenizer-eval/data/nsynth/nsynth-test/audio/guitar_acoustic_021-074-127.wav,457,guitar_acoustic_021,3,guitar,0,acoustic,74,127,16000,fast_decay
-12.0882015,13.715981,guitar_acoustic_014-066-050,guitar_acoustic_014-066-050,/root/autodl-tmp/tokenizer-eval/data/nsynth/nsynth-test/audio/guitar_acoustic_014-066-050.wav,263,guitar_acoustic_014,3,guitar,0,acoustic,66,50,16000,
47.5895,-19.018759,bass_synthetic_009-014-050,bass_synthetic_009-014-050,/root/autodl-tmp/tokenizer-eval/data/nsynth/nsynth-test/audio/bass_synthetic_009-014-050.wav,150,bass_synthetic_009,0,bass,2,synthetic,14,50,16000,bright|distortion|long_release
17.465937,-3.5221422,keyboard_electronic_003-088-075,keyboard_electronic_003-088-075,/root/autodl-tmp/tokenizer-eval/data/nsynth/nsynth-test/audio/keyboard_electronic_003-088-075.wav,65,keyboard_electronic_003,4,keyboard,1,electronic,88,75,16000,
0.6402026,-53.600307,brass_acoustic_006-032-100,brass_acoustic_006-032-100,/root/autodl-tmp/tokenizer-eval/data/nsynth/nsynth-test/audio/brass_acoustic_006-032-100.wav,43,brass_acoustic_006,1,brass,0,acoustic,32,100,16000,reverb
13.201632,-12.925686,bass_synthetic_134-042-100,bass_synthetic_134-042-100,/root/autodl-tmp/tokenizer-eval/data/nsynth/nsynth-test/audio/bass_synthetic_134-042-100.wav,914,bass_synthetic_134,0,bass,2,synthetic,42,100,16000,dark|reverb
-27.695156,-22.730314,reed_acoustic_037-038-100,reed_acoustic_037-038-100,/root/autodl-tmp/tokenizer-eval/data/nsynth/nsynth-test/audio/reed_acoustic_037-038-100.wav,387,reed_acoustic_037,7,reed,0,acoustic,38,100,16000,reverb
12.685898,24.776905,bass_synthetic_134-086-050,bass_synthetic_134-086-050,/root/autodl-tmp/tokenizer-eval/data/nsynth/nsynth-test/audio/bass_synthetic_134-086-050.wav,914,bass_synthetic_134,0,bass,2,synthetic,86,50,16000,fast_decay|percussive|reverb
-18.349041,12.854419,brass_acoustic_016-068-127,brass_acoustic_016-068-127,/root/autodl-tmp/tokenizer-eval/data/nsynth/nsynth-test/audio/brass_acoustic_016-068-127.wav,128,brass_acoustic_016,1,brass,0,acoustic,68,127,16000,bright
16.445684,-38.334476,brass_acoustic_006-035-100,brass_acoustic_006-035-100,/root/autodl-tmp/tokenizer-eval/data/nsynth/nsynth-test/audio/brass_acoustic_006-035-100.wav,43,brass_acoustic_006,1,brass,0,acoustic,35,100,16000,reverb
42.94619,-1.5858434,brass_acoustic_006-036-100,brass_acoustic_006-036-100,/root/autodl-tmp/tokenizer-eval/data/nsynth/nsynth-test/audio/brass_acoustic_006-036-100.wav,43,brass_acoustic_006,1,brass,0,acoustic,36,100,16000,reverb
-27.905172,29.748743,organ_electronic_001-090-100,organ_electronic_001-090-100,/root/autodl-tmp/tokenizer-eval/data/nsynth/nsynth-test/audio/organ_electronic_001-090-100.wav,8,organ_electronic_001,6,organ,1,electronic,90,100,16000,
25.195642,43.530025,mallet_acoustic_056-033-100,mallet_acoustic_056-033-100,/root/autodl-tmp/tokenizer-eval/data/nsynth/nsynth-test/audio/mallet_acoustic_056-033-100.wav,590,mallet_acoustic_056,5,mallet,0,acoustic,33,100,16000,bright|fast_decay|percussive
-13.728853,-13.888835,keyboard_electronic_001-054-050,keyboard_electronic_001-054-050,/root/autodl-tmp/tokenizer-eval/data/nsynth/nsynth-test/audio/keyboard_electronic_001-054-050.wav,40,keyboard_electronic_001,4,keyboard,1,electronic,54,50,16000,dark
-20.407476,11.873525,reed_acoustic_011-066-025,reed_acoustic_011-066-025,/root/autodl-tmp/tokenizer-eval/data/nsynth/nsynth-test/audio/reed_acoustic_011-066-025.wav,104,reed_acoustic_011,7,reed,0,acoustic,66,25,16000,
17.474838,13.710455,string_acoustic_014-054-127,string_acoustic_014-054-127,/root/autodl-tmp/tokenizer-eval/data/nsynth/nsynth-test/audio/string_acoustic_014-054-127.wav,100,string_acoustic_014,8,string,0,acoustic,54,127,16000,dark|reverb
-26.349628,46.715725,flute_acoustic_002-107-100,flute_acoustic_002-107-100,/root/autodl-tmp/tokenizer-eval/data/nsynth/nsynth-test/audio/flute_acoustic_002-107-100.wav,86,flute_acoustic_002,2,flute,0,acoustic,107,100,16000,bright|reverb
-28.761337,10.805618,brass_acoustic_006-065-025,brass_acoustic_006-065-025,/root/autodl-tmp/tokenizer-eval/data/nsynth/nsynth-test/audio/brass_acoustic_006-065-025.wav,43,brass_acoustic_006,1,brass,0,acoustic,65,25,16000,reverb
40.56814,3.0928657,guitar_acoustic_015-048-025,guitar_acoustic_015-048-025,/root/autodl-tmp/tokenizer-eval/data/nsynth/nsynth-test/audio/guitar_acoustic_015-048-025.wav,316,guitar_acoustic_015,3,guitar,0,acoustic,48,25,16000,reverb
-25.54148,7.0641346,vocal_acoustic_000-064-127,vocal_acoustic_000-064-127,/root/autodl-tmp/tokenizer-eval/data/nsynth/nsynth-test/audio/vocal_acoustic_000-064-127.wav,46,vocal_acoustic_000,10,vocal,0,acoustic,64,127,16000,reverb
25.850172,-17.269367,flute_synthetic_000-025-100,flute_synthetic_000-025-100,/root/autodl-tmp/tokenizer-eval/data/nsynth/nsynth-test/audio/flute_synthetic_000-025-100.wav,82,flute_synthetic_000,2,flute,2,synthetic,25,100,16000,distortion
42.736023,42.933826,reed_acoustic_023-089-025,reed_acoustic_023-089-025,/root/autodl-tmp/tokenizer-eval/data/nsynth/nsynth-test/audio/reed_acoustic_023-089-025.wav,224,reed_acoustic_023,7,reed,0,acoustic,89,25,16000,fast_decay|multiphonic|nonlinear_env
-2.9473116,-9.327347,guitar_acoustic_015-023-050,guitar_acoustic_015-023-050,/root/autodl-tmp/tokenizer-eval/data/nsynth/nsynth-test/audio/guitar_acoustic_015-023-050.wav,316,guitar_acoustic_015,3,guitar,0,acoustic,23,50,16000,reverb
-8.929691,11.00107,mallet_acoustic_062-066-100,mallet_acoustic_062-066-100,/root/autodl-tmp/tokenizer-eval/data/nsynth/nsynth-test/audio/mallet_acoustic_062-066-100.wav,644,mallet_acoustic_062,5,mallet,0,acoustic,66,100,16000,dark|multiphonic
2.7522225,-42.92579,organ_electronic_007-028-100,organ_electronic_007-028-100,/root/autodl-tmp/tokenizer-eval/data/nsynth/nsynth-test/audio/organ_electronic_007-028-100.wav,123,organ_electronic_007,6,organ,1,electronic,28,100,16000,distortion|long_release|nonlinear_env
-0.82465136,34.410393,bass_synthetic_135-101-127,bass_synthetic_135-101-127,/root/autodl-tmp/tokenizer-eval/data/nsynth/nsynth-test/audio/bass_synthetic_135-101-127.wav,927,bass_synthetic_135,0,bass,2,synthetic,101,127,16000,bright|distortion
-27.21379,-7.2014904,organ_electronic_007-056-100,organ_electronic_007-056-100,/root/autodl-tmp/tokenizer-eval/data/nsynth/nsynth-test/audio/organ_electronic_007-056-100.wav,123,organ_electronic_007,6,organ,1,electronic,56,100,16000,distortion|long_release|nonlinear_env
23.6853,-12.373983,bass_synthetic_134-024-100,bass_synthetic_134-024-100,/root/autodl-tmp/tokenizer-eval/data/nsynth/nsynth-test/audio/bass_synthetic_134-024-100.wav,914,bass_synthetic_134,0,bass,2,synthetic,24,100,16000,dark|reverb
-4.5101023,28.613049,guitar_electronic_022-082-050,guitar_electronic_022-082-050,/root/autodl-tmp/tokenizer-eval/data/nsynth/nsynth-test/audio/guitar_electronic_022-082-050.wav,378,guitar_electronic_022,3,guitar,1,electronic,82,50,16000,
-48.31314,-17.609507,brass_acoustic_059-061-025,brass_acoustic_059-061-025,/root/autodl-tmp/tokenizer-eval/data/nsynth/nsynth-test/audio/brass_acoustic_059-061-025.wav,572,brass_acoustic_059,1,brass,0,acoustic,61,25,16000,dark|reverb
22.521107,20.554165,mallet_acoustic_047-097-100,mallet_acoustic_047-097-100,/root/autodl-tmp/tokenizer-eval/data/nsynth/nsynth-test/audio/mallet_acoustic_047-097-100.wav,488,mallet_acoustic_047,5,mallet,0,acoustic,97,100,16000,fast_decay|percussive|reverb
3.7248476,6.2420073,brass_acoustic_015-052-025,brass_acoustic_015-052-025,/root/autodl-tmp/tokenizer-eval/data/nsynth/nsynth-test/audio/brass_acoustic_015-052-025.wav,121,brass_acoustic_015,1,brass,0,acoustic,52,25,16000,reverb
-45.881657,23.766394,vocal_synthetic_003-074-050,vocal_synthetic_003-074-050,/root/autodl-tmp/tokenizer-eval/data/nsynth/nsynth-test/audio/vocal_synthetic_003-074-050.wav,37,vocal_synthetic_003,10,vocal,2,synthetic,74,50,16000,bright|distortion|long_release|nonlinear_env
18.256159,18.607506,string_acoustic_056-056-075,string_acoustic_056-056-075,/root/autodl-tmp/tokenizer-eval/data/nsynth/nsynth-test/audio/string_acoustic_056-056-075.wav,436,string_acoustic_056,8,string,0,acoustic,56,75,16000,fast_decay|percussive|reverb
14.458206,28.339985,keyboard_electronic_098-094-075,keyboard_electronic_098-094-075,/root/autodl-tmp/tokenizer-eval/data/nsynth/nsynth-test/audio/keyboard_electronic_098-094-075.wav,905,keyboard_electronic_098,4,keyboard,1,electronic,94,75,16000,fast_decay|percussive
28.661938,45.944565,string_acoustic_056-065-127,string_acoustic_056-065-127,/root/autodl-tmp/tokenizer-eval/data/nsynth/nsynth-test/audio/string_acoustic_056-065-127.wav,436,string_acoustic_056,8,string,0,acoustic,65,127,16000,fast_decay|reverb
37.04388,-29.015924,bass_synthetic_033-022-075,bass_synthetic_033-022-075,/root/autodl-tmp/tokenizer-eval/data/nsynth/nsynth-test/audio/bass_synthetic_033-022-075.wav,417,bass_synthetic_033,0,bass,2,synthetic,22,75,16000,dark
13.450807,1.6999016,bass_synthetic_098-024-025,bass_synthetic_098-024-025,/root/autodl-tmp/tokenizer-eval/data/nsynth/nsynth-test/audio/bass_synthetic_098-024-025.wav,803,bass_synthetic_098,0,bass,2,synthetic,24,25,16000,dark
-14.159631,26.686903,bass_synthetic_135-089-025,bass_synthetic_135-089-025,/root/autodl-tmp/tokenizer-eval/data/nsynth/nsynth-test/audio/bass_synthetic_135-089-025.wav,927,bass_synthetic_135,0,bass,2,synthetic,89,25,16000,distortion
-29.404888,0.4343426,brass_acoustic_059-062-075,brass_acoustic_059-062-075,/root/autodl-tmp/tokenizer-eval/data/nsynth/nsynth-test/audio/brass_acoustic_059-062-075.wav,572,brass_acoustic_059,1,brass,0,acoustic,62,75,16000,reverb
10.458686,7.4816327,bass_synthetic_033-105-075,bass_synthetic_033-105-075,/root/autodl-tmp/tokenizer-eval/data/nsynth/nsynth-test/audio/bass_synthetic_033-105-075.wav,417,bass_synthetic_033,0,bass,2,synthetic,105,75,16000,
-37.319828,40.71917,flute_acoustic_002-098-075,flute_acoustic_002-098-075,/root/autodl-tmp/tokenizer-eval/data/nsynth/nsynth-test/audio/flute_acoustic_002-098-075.wav,86,flute_acoustic_002,2,flute,0,acoustic,98,75,16000,reverb
1.7344526,23.15525,bass_synthetic_134-077-050,bass_synthetic_134-077-050,/root/autodl-tmp/tokenizer-eval/data/nsynth/nsynth-test/audio/bass_synthetic_134-077-050.wav,914,bass_synthetic_134,0,bass,2,synthetic,77,50,16000,fast_decay|percussive|reverb
23.755812,-8.948683,mallet_acoustic_062-025-025,mallet_acoustic_062-025-025,/root/autodl-tmp/tokenizer-eval/data/nsynth/nsynth-test/audio/mallet_acoustic_062-025-025.wav,644,mallet_acoustic_062,5,mallet,0,acoustic,25,25,16000,dark|multiphonic
43.406498,39.187683,reed_acoustic_023-074-127,reed_acoustic_023-074-127,/root/autodl-tmp/tokenizer-eval/data/nsynth/nsynth-test/audio/reed_acoustic_023-074-127.wav,224,reed_acoustic_023,7,reed,0,acoustic,74,127,16000,bright|fast_decay|multiphonic|nonlinear_env
-5.91374,4.23009,bass_electronic_025-061-075,bass_electronic_025-061-075,/root/autodl-tmp/tokenizer-eval/data/nsynth/nsynth-test/audio/bass_electronic_025-061-075.wav,872,bass_electronic_025,0,bass,1,electronic,61,75,16000,fast_decay
25.425453,39.509968,bass_synthetic_068-101-025,bass_synthetic_068-101-025,/root/autodl-tmp/tokenizer-eval/data/nsynth/nsynth-test/audio/bass_synthetic_068-101-025.wav,656,bass_synthetic_068,0,bass,2,synthetic,101,25,16000,bright|fast_decay|percussive
4.4617343,-41.407784,keyboard_electronic_069-040-075,keyboard_electronic_069-040-075,/root/autodl-tmp/tokenizer-eval/data/nsynth/nsynth-test/audio/keyboard_electronic_069-040-075.wav,805,keyboard_electronic_069,4,keyboard,1,electronic,40,75,16000,distortion
17.616886,-41.3927,keyboard_acoustic_004-047-127,keyboard_acoustic_004-047-127,/root/autodl-tmp/tokenizer-eval/data/nsynth/nsynth-test/audio/keyboard_acoustic_004-047-127.wav,327,keyboard_acoustic_004,4,keyboard,0,acoustic,47,127,16000,reverb
-16.410484,-10.551776,bass_synthetic_135-055-050,bass_synthetic_135-055-050,/root/autodl-tmp/tokenizer-eval/data/nsynth/nsynth-test/audio/bass_synthetic_135-055-050.wav,927,bass_synthetic_135,0,bass,2,synthetic,55,50,16000,distortion
-34.911995,11.024121,bass_synthetic_009-065-100,bass_synthetic_009-065-100,/root/autodl-tmp/tokenizer-eval/data/nsynth/nsynth-test/audio/bass_synthetic_009-065-100.wav,150,bass_synthetic_009,0,bass,2,synthetic,65,100,16000,bright|distortion|long_release
-29.431282,0.542479,reed_acoustic_037-062-025,reed_acoustic_037-062-025,/root/autodl-tmp/tokenizer-eval/data/nsynth/nsynth-test/audio/reed_acoustic_037-062-025.wav,387,reed_acoustic_037,7,reed,0,acoustic,62,25,16000,reverb
-37.174053,27.147867,flute_synthetic_000-087-075,flute_synthetic_000-087-075,/root/autodl-tmp/tokenizer-eval/data/nsynth/nsynth-test/audio/flute_synthetic_000-087-075.wav,82,flute_synthetic_000,2,flute,2,synthetic,87,75,16000,distortion
-30.394772,6.969426,reed_acoustic_011-064-075,reed_acoustic_011-064-075,/root/autodl-tmp/tokenizer-eval/data/nsynth/nsynth-test/audio/reed_acoustic_011-064-075.wav,104,reed_acoustic_011,7,reed,0,acoustic,64,75,16000,
-2.6794841,36.64135,mallet_acoustic_062-089-127,mallet_acoustic_062-089-127,/root/autodl-tmp/tokenizer-eval/data/nsynth/nsynth-test/audio/mallet_acoustic_062-089-127.wav,644,mallet_acoustic_062,5,mallet,0,acoustic,89,127,16000,multiphonic
15.109842,4.8736434,bass_synthetic_098-068-075,bass_synthetic_098-068-075,/root/autodl-tmp/tokenizer-eval/data/nsynth/nsynth-test/audio/bass_synthetic_098-068-075.wav,803,bass_synthetic_098,0,bass,2,synthetic,68,75,16000,
27.574932,-89.37033,brass_acoustic_046-097-100,brass_acoustic_046-097-100,/root/autodl-tmp/tokenizer-eval/data/nsynth/nsynth-test/audio/brass_acoustic_046-097-100.wav,414,brass_acoustic_046,1,brass,0,acoustic,97,100,16000,long_release
-18.988747,-15.723987,flute_synthetic_000-054-025,flute_synthetic_000-054-025,/root/autodl-tmp/tokenizer-eval/data/nsynth/nsynth-test/audio/flute_synthetic_000-054-025.wav,82,flute_synthetic_000,2,flute,2,synthetic,54,25,16000,distortion
30.411634,47.090168,mallet_acoustic_062-075-025,mallet_acoustic_062-075-025,/root/autodl-tmp/tokenizer-eval/data/nsynth/nsynth-test/audio/mallet_acoustic_062-075-025.wav,644,mallet_acoustic_062,5,mallet,0,acoustic,75,25,16000,dark|fast_decay|multiphonic|percussive
17.442553,-2.8553834,keyboard_electronic_003-093-075,keyboard_electronic_003-093-075,/root/autodl-tmp/tokenizer-eval/data/nsynth/nsynth-test/audio/keyboard_electronic_003-093-075.wav,65,keyboard_electronic_003,4,keyboard,1,electronic,93,75,16000,
31.926764,50.47901,mallet_acoustic_062-107-050,mallet_acoustic_062-107-050,/root/autodl-tmp/tokenizer-eval/data/nsynth/nsynth-test/audio/mallet_acoustic_062-107-050.wav,644,mallet_acoustic_062,5,mallet,0,acoustic,107,50,16000,bright|fast_decay|multiphonic|percussive
24.632133,-11.4628105,bass_synthetic_068-027-100,bass_synthetic_068-027-100,/root/autodl-tmp/tokenizer-eval/data/nsynth/nsynth-test/audio/bass_synthetic_068-027-100.wav,656,bass_synthetic_068,0,bass,2,synthetic,27,100,16000,dark
-48.631863,14.862056,vocal_synthetic_003-096-075,vocal_synthetic_003-096-075,/root/autodl-tmp/tokenizer-eval/data/nsynth/nsynth-test/audio/vocal_synthetic_003-096-075.wav,37,vocal_synthetic_003,10,vocal,2,synthetic,96,75,16000,long_release|nonlinear_env
-11.472769,6.046713,guitar_acoustic_015-064-127,guitar_acoustic_015-064-127,/root/autodl-tmp/tokenizer-eval/data/nsynth/nsynth-test/audio/guitar_acoustic_015-064-127.wav,316,guitar_acoustic_015,3,guitar,0,acoustic,64,127,16000,reverb
-49.499287,-8.582515,reed_acoustic_011-071-025,reed_acoustic_011-071-025,/root/autodl-tmp/tokenizer-eval/data/nsynth/nsynth-test/audio/reed_acoustic_011-071-025.wav,104,reed_acoustic_011,7,reed,0,acoustic,71,25,16000,
16.022713,-29.81411,bass_synthetic_033-043-025,bass_synthetic_033-043-025,/root/autodl-tmp/tokenizer-eval/data/nsynth/nsynth-test/audio/bass_synthetic_033-043-025.wav,417,bass_synthetic_033,0,bass,2,synthetic,43,25,16000,dark
-36.76932,44.05621,flute_acoustic_002-085-127,flute_acoustic_002-085-127,/root/autodl-tmp/tokenizer-eval/data/nsynth/nsynth-test/audio/flute_acoustic_002-085-127.wav,86,flute_acoustic_002,2,flute,0,acoustic,85,127,16000,reverb
-11.569258,12.601934,bass_synthetic_034-067-025,bass_synthetic_034-067-025,/root/autodl-tmp/tokenizer-eval/data/nsynth/nsynth-test/audio/bass_synthetic_034-067-025.wav,420,bass_synthetic_034,0,bass,2,synthetic,67,25,16000,distortion|tempo-synced
-42.922024,5.0803285,vocal_synthetic_003-070-075,vocal_synthetic_003-070-075,/root/autodl-tmp/tokenizer-eval/data/nsynth/nsynth-test/audio/vocal_synthetic_003-070-075.wav,37,vocal_synthetic_003,10,vocal,2,synthetic,70,75,16000,bright|distortion|long_release|nonlinear_env
-27.120565,33.145405,string_acoustic_057-079-050,string_acoustic_057-079-050,/root/autodl-tmp/tokenizer-eval/data/nsynth/nsynth-test/audio/string_acoustic_057-079-050.wav,450,string_acoustic_057,8,string,0,acoustic,79,50,16000,bright|nonlinear_env|reverb
-1.3264265,-61.246777,keyboard_electronic_078-044-050,keyboard_electronic_078-044-050,/root/autodl-tmp/tokenizer-eval/data/nsynth/nsynth-test/audio/keyboard_electronic_078-044-050.wav,838,keyboard_electronic_078,4,keyboard,1,electronic,44,50,16000,bright
-28.765173,25.551466,string_acoustic_057-077-050,string_acoustic_057-077-050,/root/autodl-tmp/tokenizer-eval/data/nsynth/nsynth-test/audio/string_acoustic_057-077-050.wav,450,string_acoustic_057,8,string,0,acoustic,77,50,16000,bright|nonlinear_env|reverb
43.250847,-34.357838,string_acoustic_071-029-100,string_acoustic_071-029-100,/root/autodl-tmp/tokenizer-eval/data/nsynth/nsynth-test/audio/string_acoustic_071-029-100.wav,609,string_acoustic_071,8,string,0,acoustic,29,100,16000,long_release|reverb
-40.531246,-0.48505497,reed_acoustic_037-057-127,reed_acoustic_037-057-127,/root/autodl-tmp/tokenizer-eval/data/nsynth/nsynth-test/audio/reed_acoustic_037-057-127.wav,387,reed_acoustic_037,7,reed,0,acoustic,57,127,16000,long_release|reverb
41.111137,2.8665934,guitar_acoustic_015-048-127,guitar_acoustic_015-048-127,/root/autodl-tmp/tokenizer-eval/data/nsynth/nsynth-test/audio/guitar_acoustic_015-048-127.wav,316,guitar_acoustic_015,3,guitar,0,acoustic,48,127,16000,reverb
7.5538135,18.967344,mallet_acoustic_056-070-050,mallet_acoustic_056-070-050,/root/autodl-tmp/tokenizer-eval/data/nsynth/nsynth-test/audio/mallet_acoustic_056-070-050.wav,590,mallet_acoustic_056,5,mallet,0,acoustic,70,50,16000,fast_decay|percussive
-27.831335,18.126144,brass_acoustic_006-068-127,brass_acoustic_006-068-127,/root/autodl-tmp/tokenizer-eval/data/nsynth/nsynth-test/audio/brass_acoustic_006-068-127.wav,43,brass_acoustic_006,1,brass,0,acoustic,68,127,16000,long_release|reverb
-12.264314,2.6665976,brass_acoustic_015-062-127,brass_acoustic_015-062-127,/root/autodl-tmp/tokenizer-eval/data/nsynth/nsynth-test/audio/brass_acoustic_015-062-127.wav,121,brass_acoustic_015,1,brass,0,acoustic,62,127,16000,reverb
-44.74816,-18.425718,reed_acoustic_011-060-050,reed_acoustic_011-060-050,/root/autodl-tmp/tokenizer-eval/data/nsynth/nsynth-test/audio/reed_acoustic_011-060-050.wav,104,reed_acoustic_011,7,reed,0,acoustic,60,50,16000,
-33.941463,-13.393659,brass_acoustic_059-058-025,brass_acoustic_059-058-025,/root/autodl-tmp/tokenizer-eval/data/nsynth/nsynth-test/audio/brass_acoustic_059-058-025.wav,572,brass_acoustic_059,1,brass,0,acoustic,58,25,16000,dark|reverb
-57.348988,-3.2947755,reed_acoustic_018-073-100,reed_acoustic_018-073-100,/root/autodl-tmp/tokenizer-eval/data/nsynth/nsynth-test/audio/reed_acoustic_018-073-100.wav,183,reed_acoustic_018,7,reed,0,acoustic,73,100,16000,
-12.470813,0.82890546,bass_synthetic_034-060-050,bass_synthetic_034-060-050,/root/autodl-tmp/tokenizer-eval/data/nsynth/nsynth-test/audio/bass_synthetic_034-060-050.wav,420,bass_synthetic_034,0,bass,2,synthetic,60,50,16000,distortion|tempo-synced
-25.167498,29.129732,reed_acoustic_018-078-025,reed_acoustic_018-078-025,/root/autodl-tmp/tokenizer-eval/data/nsynth/nsynth-test/audio/reed_acoustic_018-078-025.wav,183,reed_acoustic_018,7,reed,0,acoustic,78,25,16000,
-19.307932,4.1247435,guitar_acoustic_010-063-050,guitar_acoustic_010-063-050,/root/autodl-tmp/tokenizer-eval/data/nsynth/nsynth-test/audio/guitar_acoustic_010-063-050.wav,219,guitar_acoustic_010,3,guitar,0,acoustic,63,50,16000,
43.259613,-0.30053592,brass_acoustic_006-048-025,brass_acoustic_006-048-025,/root/autodl-tmp/tokenizer-eval/data/nsynth/nsynth-test/audio/brass_acoustic_006-048-025.wav,43,brass_acoustic_006,1,brass,0,acoustic,48,25,16000,reverb
-51.917618,-8.392672,reed_acoustic_018-072-075,reed_acoustic_018-072-075,/root/autodl-tmp/tokenizer-eval/data/nsynth/nsynth-test/audio/reed_acoustic_018-072-075.wav,183,reed_acoustic_018,7,reed,0,acoustic,72,75,16000,
-53.10662,17.245716,vocal_synthetic_003-082-025,vocal_synthetic_003-082-025,/root/autodl-tmp/tokenizer-eval/data/nsynth/nsynth-test/audio/vocal_synthetic_003-082-025.wav,37,vocal_synthetic_003,10,vocal,2,synthetic,82,25,16000,bright|distortion|long_release|nonlinear_env
17.166714,6.182462,bass_synthetic_098-106-100,bass_synthetic_098-106-100,/root/autodl-tmp/tokenizer-eval/data/nsynth/nsynth-test/audio/bass_synthetic_098-106-100.wav,803,bass_synthetic_098,0,bass,2,synthetic,106,100,16000,
8.577516,6.9282813,bass_synthetic_033-070-075,bass_synthetic_033-070-075,/root/autodl-tmp/tokenizer-eval/data/nsynth/nsynth-test/audio/bass_synthetic_033-070-075.wav,417,bass_synthetic_033,0,bass,2,synthetic,70,75,16000,
44.131462,37.737114,reed_acoustic_023-081-100,reed_acoustic_023-081-100,/root/autodl-tmp/tokenizer-eval/data/nsynth/nsynth-test/audio/reed_acoustic_023-081-100.wav,224,reed_acoustic_023,7,reed,0,acoustic,81,100,16000,bright|fast_decay|multiphonic|nonlinear_env
13.475805,-16.255856,string_acoustic_080-042-075,string_acoustic_080-042-075,/root/autodl-tmp/tokenizer-eval/data/nsynth/nsynth-test/audio/string_acoustic_080-042-075.wav,675,string_acoustic_080,8,string,0,acoustic,42,75,16000,reverb
-21.380207,-3.7941644,flute_synthetic_000-057-100,flute_synthetic_000-057-100,/root/autodl-tmp/tokenizer-eval/data/nsynth/nsynth-test/audio/flute_synthetic_000-057-100.wav,82,flute_synthetic_000,2,flute,2,synthetic,57,100,16000,distortion
-22.584906,-43.182846,guitar_acoustic_010-037-075,guitar_acoustic_010-037-075,/root/autodl-tmp/tokenizer-eval/data/nsynth/nsynth-test/audio/guitar_acoustic_010-037-075.wav,219,guitar_acoustic_010,3,guitar,0,acoustic,37,75,16000,
-35.102356,26.50829,organ_electronic_057-075-025,organ_electronic_057-075-025,/root/autodl-tmp/tokenizer-eval/data/nsynth/nsynth-test/audio/organ_electronic_057-075-025.wav,701,organ_electronic_057,6,organ,1,electronic,75,25,16000,
16.420513,-25.963709,reed_acoustic_037-031-075,reed_acoustic_037-031-075,/root/autodl-tmp/tokenizer-eval/data/nsynth/nsynth-test/audio/reed_acoustic_037-031-075.wav,387,reed_acoustic_037,7,reed,0,acoustic,31,75,16000,long_release|reverb
10.198252,21.379736,bass_synthetic_134-066-127,bass_synthetic_134-066-127,/root/autodl-tmp/tokenizer-eval/data/nsynth/nsynth-test/audio/bass_synthetic_134-066-127.wav,914,bass_synthetic_134,0,bass,2,synthetic,66,127,16000,dark|fast_decay|reverb
-37.07416,15.25381,organ_electronic_007-077-050,organ_electronic_007-077-050,/root/autodl-tmp/tokenizer-eval/data/nsynth/nsynth-test/audio/organ_electronic_007-077-050.wav,123,organ_electronic_007,6,organ,1,electronic,77,50,16000,bright|distortion|long_release|nonlinear_env
-9.106714,10.323606,mallet_acoustic_062-065-100,mallet_acoustic_062-065-100,/root/autodl-tmp/tokenizer-eval/data/nsynth/nsynth-test/audio/mallet_acoustic_062-065-100.wav,644,mallet_acoustic_062,5,mallet,0,acoustic,65,100,16000,dark|multiphonic
23.817917,-9.956871,mallet_acoustic_062-026-050,mallet_acoustic_062-026-050,/root/autodl-tmp/tokenizer-eval/data/nsynth/nsynth-test/audio/mallet_acoustic_062-026-050.wav,644,mallet_acoustic_062,5,mallet,0,acoustic,26,50,16000,dark|multiphonic
14.588924,5.7137685,bass_synthetic_098-060-127,bass_synthetic_098-060-127,/root/autodl-tmp/tokenizer-eval/data/nsynth/nsynth-test/audio/bass_synthetic_098-060-127.wav,803,bass_synthetic_098,0,bass,2,synthetic,60,127,16000,distortion
-37.57444,16.469553,organ_electronic_007-089-100,organ_electronic_007-089-100,/root/autodl-tmp/tokenizer-eval/data/nsynth/nsynth-test/audio/organ_electronic_007-089-100.wav,123,organ_electronic_007,6,organ,1,electronic,89,100,16000,long_release|nonlinear_env
-16.364035,29.122179,guitar_acoustic_010-087-100,guitar_acoustic_010-087-100,/root/autodl-tmp/tokenizer-eval/data/nsynth/nsynth-test/audio/guitar_acoustic_010-087-100.wav,219,guitar_acoustic_010,3,guitar,0,acoustic,87,100,16000,
-21.435785,-38.4082,reed_acoustic_037-049-127,reed_acoustic_037-049-127,/root/autodl-tmp/tokenizer-eval/data/nsynth/nsynth-test/audio/reed_acoustic_037-049-127.wav,387,reed_acoustic_037,7,reed,0,acoustic,49,127,16000,long_release|reverb
-14.11586,-3.2196925,mallet_acoustic_062-057-127,mallet_acoustic_062-057-127,/root/autodl-tmp/tokenizer-eval/data/nsynth/nsynth-test/audio/mallet_acoustic_062-057-127.wav,644,mallet_acoustic_062,5,mallet,0,acoustic,57,127,16000,dark|long_release|multiphonic
25.744623,45.805298,guitar_acoustic_015-090-100,guitar_acoustic_015-090-100,/root/autodl-tmp/tokenizer-eval/data/nsynth/nsynth-test/audio/guitar_acoustic_015-090-100.wav,316,guitar_acoustic_015,3,guitar,0,acoustic,90,100,16000,fast_decay|percussive|reverb
-24.57207,5.1544785,organ_electronic_001-076-127,organ_electronic_001-076-127,/root/autodl-tmp/tokenizer-eval/data/nsynth/nsynth-test/audio/organ_electronic_001-076-127.wav,8,organ_electronic_001,6,organ,1,electronic,76,127,16000,
-30.343157,-12.76074,reed_acoustic_011-056-127,reed_acoustic_011-056-127,/root/autodl-tmp/tokenizer-eval/data/nsynth/nsynth-test/audio/reed_acoustic_011-056-127.wav,104,reed_acoustic_011,7,reed,0,acoustic,56,127,16000,bright
-51.19893,11.797333,vocal_synthetic_003-090-050,vocal_synthetic_003-090-050,/root/autodl-tmp/tokenizer-eval/data/nsynth/nsynth-test/audio/vocal_synthetic_003-090-050.wav,37,vocal_synthetic_003,10,vocal,2,synthetic,90,50,16000,bright|distortion|long_release|nonlinear_env
45.46133,37.724766,reed_acoustic_023-059-025,reed_acoustic_023-059-025,/root/autodl-tmp/tokenizer-eval/data/nsynth/nsynth-test/audio/reed_acoustic_023-059-025.wav,224,reed_acoustic_023,7,reed,0,acoustic,59,25,16000,bright|fast_decay|multiphonic|nonlinear_env
-24.529541,-1.845666,flute_synthetic_000-066-075,flute_synthetic_000-066-075,/root/autodl-tmp/tokenizer-eval/data/nsynth/nsynth-test/audio/flute_synthetic_000-066-075.wav,82,flute_synthetic_000,2,flute,2,synthetic,66,75,16000,distortion
45.82876,-0.3588125,string_acoustic_080-048-127,string_acoustic_080-048-127,/root/autodl-tmp/tokenizer-eval/data/nsynth/nsynth-test/audio/string_acoustic_080-048-127.wav,675,string_acoustic_080,8,string,0,acoustic,48,127,16000,long_release|reverb
15.583971,-38.647835,reed_acoustic_037-035-100,reed_acoustic_037-035-100,/root/autodl-tmp/tokenizer-eval/data/nsynth/nsynth-test/audio/reed_acoustic_037-035-100.wav,387,reed_acoustic_037,7,reed,0,acoustic,35,100,16000,reverb
-27.109652,15.609359,organ_electronic_057-068-127,organ_electronic_057-068-127,/root/autodl-tmp/tokenizer-eval/data/nsynth/nsynth-test/audio/organ_electronic_057-068-127.wav,701,organ_electronic_057,6,organ,1,electronic,68,127,16000,
19.000149,-15.570429,bass_synthetic_034-023-075,bass_synthetic_034-023-075,/root/autodl-tmp/tokenizer-eval/data/nsynth/nsynth-test/audio/bass_synthetic_034-023-075.wav,420,bass_synthetic_034,0,bass,2,synthetic,23,75,16000,distortion|tempo-synced
-2.0742185,-19.136217,guitar_acoustic_021-051-100,guitar_acoustic_021-051-100,/root/autodl-tmp/tokenizer-eval/data/nsynth/nsynth-test/audio/guitar_acoustic_021-051-100.wav,457,guitar_acoustic_021,3,guitar,0,acoustic,51,100,16000,
30.60694,-30.340458,string_acoustic_071-027-127,string_acoustic_071-027-127,/root/autodl-tmp/tokenizer-eval/data/nsynth/nsynth-test/audio/string_acoustic_071-027-127.wav,609,string_acoustic_071,8,string,0,acoustic,27,127,16000,long_release|reverb
35.712055,47.34093,keyboard_synthetic_000-082-025,keyboard_synthetic_000-082-025,/root/autodl-tmp/tokenizer-eval/data/nsynth/nsynth-test/audio/keyboard_synthetic_000-082-025.wav,577,keyboard_synthetic_000,4,keyboard,2,synthetic,82,25,16000,distortion|fast_decay|nonlinear_env
19.139202,-28.633581,bass_electronic_027-031-127,bass_electronic_027-031-127,/root/autodl-tmp/tokenizer-eval/data/nsynth/nsynth-test/audio/bass_electronic_027-031-127.wav,880,bass_electronic_027,0,bass,1,electronic,31,127,16000,
30.616978,-33.46745,keyboard_acoustic_004-046-025,keyboard_acoustic_004-046-025,/root/autodl-tmp/tokenizer-eval/data/nsynth/nsynth-test/audio/keyboard_acoustic_004-046-025.wav,327,keyboard_acoustic_004,4,keyboard,0,acoustic,46,25,16000,dark|reverb
-31.197962,-28.235836,vocal_acoustic_000-050-050,vocal_acoustic_000-050-050,/root/autodl-tmp/tokenizer-eval/data/nsynth/nsynth-test/audio/vocal_acoustic_000-050-050.wav,46,vocal_acoustic_000,10,vocal,0,acoustic,50,50,16000,reverb
-28.137777,2.782377,brass_acoustic_006-063-127,brass_acoustic_006-063-127,/root/autodl-tmp/tokenizer-eval/data/nsynth/nsynth-test/audio/brass_acoustic_006-063-127.wav,43,brass_acoustic_006,1,brass,0,acoustic,63,127,16000,reverb
-10.284603,30.564335,bass_synthetic_034-096-075,bass_synthetic_034-096-075,/root/autodl-tmp/tokenizer-eval/data/nsynth/nsynth-test/audio/bass_synthetic_034-096-075.wav,420,bass_synthetic_034,0,bass,2,synthetic,96,75,16000,tempo-synced
36.384953,50.403854,mallet_acoustic_062-066-025,mallet_acoustic_062-066-025,/root/autodl-tmp/tokenizer-eval/data/nsynth/nsynth-test/audio/mallet_acoustic_062-066-025.wav,644,mallet_acoustic_062,5,mallet,0,acoustic,66,25,16000,dark|fast_decay|multiphonic
-20.954836,36.604633,brass_acoustic_046-081-025,brass_acoustic_046-081-025,/root/autodl-tmp/tokenizer-eval/data/nsynth/nsynth-test/audio/brass_acoustic_046-081-025.wav,414,brass_acoustic_046,1,brass,0,acoustic,81,25,16000,
-41.691696,-4.661804,organ_electronic_113-070-100,organ_electronic_113-070-100,/root/autodl-tmp/tokenizer-eval/data/nsynth/nsynth-test/audio/organ_electronic_113-070-100.wav,958,organ_electronic_113,6,organ,1,electronic,70,100,16000,
7.6614156,19.212278,mallet_acoustic_056-072-025,mallet_acoustic_056-072-025,/root/autodl-tmp/tokenizer-eval/data/nsynth/nsynth-test/audio/mallet_acoustic_056-072-025.wav,590,mallet_acoustic_056,5,mallet,0,acoustic,72,25,16000,fast_decay
24.01787,14.944921,string_acoustic_014-063-050,string_acoustic_014-063-050,/root/autodl-tmp/tokenizer-eval/data/nsynth/nsynth-test/audio/string_acoustic_014-063-050.wav,100,string_acoustic_014,8,string,0,acoustic,63,50,16000,fast_decay|percussive|reverb
55.66551,-19.29178,string_acoustic_080-026-025,string_acoustic_080-026-025,/root/autodl-tmp/tokenizer-eval/data/nsynth/nsynth-test/audio/string_acoustic_080-026-025.wav,675,string_acoustic_080,8,string,0,acoustic,26,25,16000,long_release|reverb
-29.972523,18.758924,reed_acoustic_018-068-075,reed_acoustic_018-068-075,/root/autodl-tmp/tokenizer-eval/data/nsynth/nsynth-test/audio/reed_acoustic_018-068-075.wav,183,reed_acoustic_018,7,reed,0,acoustic,68,75,16000,
12.000216,-8.1466,string_acoustic_071-038-050,string_acoustic_071-038-050,/root/autodl-tmp/tokenizer-eval/data/nsynth/nsynth-test/audio/string_acoustic_071-038-050.wav,609,string_acoustic_071,8,string,0,acoustic,38,50,16000,long_release|reverb
12.578692,5.0182896,bass_synthetic_098-049-025,bass_synthetic_098-049-025,/root/autodl-tmp/tokenizer-eval/data/nsynth/nsynth-test/audio/bass_synthetic_098-049-025.wav,803,bass_synthetic_098,0,bass,2,synthetic,49,25,16000,dark
27.23347,-17.325361,flute_synthetic_000-023-100,flute_synthetic_000-023-100,/root/autodl-tmp/tokenizer-eval/data/nsynth/nsynth-test/audio/flute_synthetic_000-023-100.wav,82,flute_synthetic_000,2,flute,2,synthetic,23,100,16000,distortion
-8.054138,34.42393,guitar_acoustic_010-093-127,guitar_acoustic_010-093-127,/root/autodl-tmp/tokenizer-eval/data/nsynth/nsynth-test/audio/guitar_acoustic_010-093-127.wav,219,guitar_acoustic_010,3,guitar,0,acoustic,93,127,16000,
-25.403383,24.524584,brass_acoustic_046-077-100,brass_acoustic_046-077-100,/root/autodl-tmp/tokenizer-eval/data/nsynth/nsynth-test/audio/brass_acoustic_046-077-100.wav,414,brass_acoustic_046,1,brass,0,acoustic,77,100,16000,
27.494541,22.147327,keyboard_electronic_078-079-100,keyboard_electronic_078-079-100,/root/autodl-tmp/tokenizer-eval/data/nsynth/nsynth-test/audio/keyboard_electronic_078-079-100.wav,838,keyboard_electronic_078,4,keyboard,1,electronic,79,100,16000,bright|fast_decay
-53.046303,-9.215267,brass_acoustic_016-072-025,brass_acoustic_016-072-025,/root/autodl-tmp/tokenizer-eval/data/nsynth/nsynth-test/audio/brass_acoustic_016-072-025.wav,128,brass_acoustic_016,1,brass,0,acoustic,72,25,16000,bright
2.3687327,-22.209883,keyboard_electronic_001-039-025,keyboard_electronic_001-039-025,/root/autodl-tmp/tokenizer-eval/data/nsynth/nsynth-test/audio/keyboard_electronic_001-039-025.wav,40,keyboard_electronic_001,4,keyboard,1,electronic,39,25,16000,dark
-5.799425,16.423437,keyboard_electronic_001-067-025,keyboard_electronic_001-067-025,/root/autodl-tmp/tokenizer-eval/data/nsynth/nsynth-test/audio/keyboard_electronic_001-067-025.wav,40,keyboard_electronic_001,4,keyboard,1,electronic,67,25,16000,dark
6.3773727,-41.95794,string_acoustic_012-040-050,string_acoustic_012-040-050,/root/autodl-tmp/tokenizer-eval/data/nsynth/nsynth-test/audio/string_acoustic_012-040-050.wav,97,string_acoustic_012,8,string,0,acoustic,40,50,16000,long_release|reverb
17.318594,-42.968716,string_acoustic_080-047-100,string_acoustic_080-047-100,/root/autodl-tmp/tokenizer-eval/data/nsynth/nsynth-test/audio/string_acoustic_080-047-100.wav,675,string_acoustic_080,8,string,0,acoustic,47,100,16000,reverb
25.878128,-19.982533,flute_synthetic_000-030-100,flute_synthetic_000-030-100,/root/autodl-tmp/tokenizer-eval/data/nsynth/nsynth-test/audio/flute_synthetic_000-030-100.wav,82,flute_synthetic_000,2,flute,2,synthetic,30,100,16000,distortion
-53.31797,-1.0911585,organ_electronic_113-073-075,organ_electronic_113-073-075,/root/autodl-tmp/tokenizer-eval/data/nsynth/nsynth-test/audio/organ_electronic_113-073-075.wav,958,organ_electronic_113,6,organ,1,electronic,73,75,16000,
5.871111,26.696617,mallet_acoustic_062-105-100,mallet_acoustic_062-105-100,/root/autodl-tmp/tokenizer-eval/data/nsynth/nsynth-test/audio/mallet_acoustic_062-105-100.wav,644,mallet_acoustic_062,5,mallet,0,acoustic,105,100,16000,bright|fast_decay|multiphonic
41.536415,48.231487,keyboard_synthetic_000-044-050,keyboard_synthetic_000-044-050,/root/autodl-tmp/tokenizer-eval/data/nsynth/nsynth-test/audio/keyboard_synthetic_000-044-050.wav,577,keyboard_synthetic_000,4,keyboard,2,synthetic,44,50,16000,distortion|fast_decay|nonlinear_env
-24.080603,26.990307,flute_acoustic_002-078-025,flute_acoustic_002-078-025,/root/autodl-tmp/tokenizer-eval/data/nsynth/nsynth-test/audio/flute_acoustic_002-078-025.wav,86,flute_acoustic_002,2,flute,0,acoustic,78,25,16000,reverb
29.344788,-16.277672,guitar_acoustic_014-026-100,guitar_acoustic_014-026-100,/root/autodl-tmp/tokenizer-eval/data/nsynth/nsynth-test/audio/guitar_acoustic_014-026-100.wav,263,guitar_acoustic_014,3,guitar,0,acoustic,26,100,16000,long_release
43.897026,-34.049076,string_acoustic_071-029-050,string_acoustic_071-029-050,/root/autodl-tmp/tokenizer-eval/data/nsynth/nsynth-test/audio/string_acoustic_071-029-050.wav,609,string_acoustic_071,8,string,0,acoustic,29,50,16000,long_release|reverb
4.4617276,-41.40784,keyboard_electronic_069-040-127,keyboard_electronic_069-040-127,/root/autodl-tmp/tokenizer-eval/data/nsynth/nsynth-test/audio/keyboard_electronic_069-040-127.wav,805,keyboard_electronic_069,4,keyboard,1,electronic,40,127,16000,distortion
-0.18702795,-22.691912,guitar_electronic_028-039-100,guitar_electronic_028-039-100,/root/autodl-tmp/tokenizer-eval/data/nsynth/nsynth-test/audio/guitar_electronic_028-039-100.wav,510,guitar_electronic_028,3,guitar,1,electronic,39,100,16000,dark
-20.499517,44.880627,flute_acoustic_002-096-050,flute_acoustic_002-096-050,/root/autodl-tmp/tokenizer-eval/data/nsynth/nsynth-test/audio/flute_acoustic_002-096-050.wav,86,flute_acoustic_002,2,flute,0,acoustic,96,50,16000,long_release|reverb
-16.246464,28.111578,guitar_acoustic_010-088-100,guitar_acoustic_010-088-100,/root/autodl-tmp/tokenizer-eval/data/nsynth/nsynth-test/audio/guitar_acoustic_010-088-100.wav,219,guitar_acoustic_010,3,guitar,0,acoustic,88,100,16000,
-49.29908,-7.024192,organ_electronic_007-071-075,organ_electronic_007-071-075,/root/autodl-tmp/tokenizer-eval/data/nsynth/nsynth-test/audio/organ_electronic_007-071-075.wav,123,organ_electronic_007,6,organ,1,electronic,71,75,16000,distortion|long_release|nonlinear_env
-23.395954,8.567256,organ_electronic_104-065-050,organ_electronic_104-065-050,/root/autodl-tmp/tokenizer-eval/data/nsynth/nsynth-test/audio/organ_electronic_104-065-050.wav,921,organ_electronic_104,6,organ,1,electronic,65,50,16000,
10.795901,8.829433,mallet_acoustic_062-103-100,mallet_acoustic_062-103-100,/root/autodl-tmp/tokenizer-eval/data/nsynth/nsynth-test/audio/mallet_acoustic_062-103-100.wav,644,mallet_acoustic_062,5,mallet,0,acoustic,103,100,16000,bright|fast_decay|multiphonic
21.947828,42.81717,mallet_acoustic_056-045-127,mallet_acoustic_056-045-127,/root/autodl-tmp/tokenizer-eval/data/nsynth/nsynth-test/audio/mallet_acoustic_056-045-127.wav,590,mallet_acoustic_056,5,mallet,0,acoustic,45,127,16000,bright|fast_decay|percussive
28.033707,-87.61032,brass_acoustic_046-096-127,brass_acoustic_046-096-127,/root/autodl-tmp/tokenizer-eval/data/nsynth/nsynth-test/audio/brass_acoustic_046-096-127.wav,414,brass_acoustic_046,1,brass,0,acoustic,96,127,16000,long_release
20.140387,-15.032821,guitar_electronic_028-023-075,guitar_electronic_028-023-075,/root/autodl-tmp/tokenizer-eval/data/nsynth/nsynth-test/audio/guitar_electronic_028-023-075.wav,510,guitar_electronic_028,3,guitar,1,electronic,23,75,16000,dark
43.414722,42.48606,reed_acoustic_023-071-025,reed_acoustic_023-071-025,/root/autodl-tmp/tokenizer-eval/data/nsynth/nsynth-test/audio/reed_acoustic_023-071-025.wav,224,reed_acoustic_023,7,reed,0,acoustic,71,25,16000,bright|fast_decay|multiphonic|nonlinear_env
-28.590029,12.411328,brass_acoustic_006-066-100,brass_acoustic_006-066-100,/root/autodl-tmp/tokenizer-eval/data/nsynth/nsynth-test/audio/brass_acoustic_006-066-100.wav,43,brass_acoustic_006,1,brass,0,acoustic,66,100,16000,reverb
1.2699786,19.604776,keyboard_electronic_098-074-050,keyboard_electronic_098-074-050,/root/autodl-tmp/tokenizer-eval/data/nsynth/nsynth-test/audio/keyboard_electronic_098-074-050.wav,905,keyboard_electronic_098,4,keyboard,1,electronic,74,50,16000,
12.133903,8.91266,keyboard_electronic_098-087-075,keyboard_electronic_098-087-075,/root/autodl-tmp/tokenizer-eval/data/nsynth/nsynth-test/audio/keyboard_electronic_098-087-075.wav,905,keyboard_electronic_098,4,keyboard,1,electronic,87,75,16000,fast_decay
23.143366,37.710144,guitar_acoustic_021-092-127,guitar_acoustic_021-092-127,/root/autodl-tmp/tokenizer-eval/data/nsynth/nsynth-test/audio/guitar_acoustic_021-092-127.wav,457,guitar_acoustic_021,3,guitar,0,acoustic,92,127,16000,fast_decay|percussive
-4.8015704,-36.061867,mallet_acoustic_062-052-127,mallet_acoustic_062-052-127,/root/autodl-tmp/tokenizer-eval/data/nsynth/nsynth-test/audio/mallet_acoustic_062-052-127.wav,644,mallet_acoustic_062,5,mallet,0,acoustic,52,127,16000,dark|long_release|multiphonic
-1.6730078,-8.669229,keyboard_acoustic_004-042-075,keyboard_acoustic_004-042-075,/root/autodl-tmp/tokenizer-eval/data/nsynth/nsynth-test/audio/keyboard_acoustic_004-042-075.wav,327,keyboard_acoustic_004,4,keyboard,0,acoustic,42,75,16000,reverb
-44.512737,-18.208055,reed_acoustic_011-061-100,reed_acoustic_011-061-100,/root/autodl-tmp/tokenizer-eval/data/nsynth/nsynth-test/audio/reed_acoustic_011-061-100.wav,104,reed_acoustic_011,7,reed,0,acoustic,61,100,16000,
21.6022,17.79699,string_acoustic_056-041-127,string_acoustic_056-041-127,/root/autodl-tmp/tokenizer-eval/data/nsynth/nsynth-test/audio/string_acoustic_056-041-127.wav,436,string_acoustic_056,8,string,0,acoustic,41,127,16000,fast_decay|percussive|reverb
39.43449,40.360584,reed_acoustic_023-077-025,reed_acoustic_023-077-025,/root/autodl-tmp/tokenizer-eval/data/nsynth/nsynth-test/audio/reed_acoustic_023-077-025.wav,224,reed_acoustic_023,7,reed,0,acoustic,77,25,16000,bright|fast_decay|multiphonic|nonlinear_env
22.447336,11.606425,string_acoustic_056-046-050,string_acoustic_056-046-050,/root/autodl-tmp/tokenizer-eval/data/nsynth/nsynth-test/audio/string_acoustic_056-046-050.wav,436,string_acoustic_056,8,string,0,acoustic,46,50,16000,fast_decay|reverb
2.608836,-2.381556,string_acoustic_056-037-127,string_acoustic_056-037-127,/root/autodl-tmp/tokenizer-eval/data/nsynth/nsynth-test/audio/string_acoustic_056-037-127.wav,436,string_acoustic_056,8,string,0,acoustic,37,127,16000,reverb
-52.89278,0.22457004,string_acoustic_057-074-050,string_acoustic_057-074-050,/root/autodl-tmp/tokenizer-eval/data/nsynth/nsynth-test/audio/string_acoustic_057-074-050.wav,450,string_acoustic_057,8,string,0,acoustic,74,50,16000,bright|nonlinear_env|reverb
-1.2017206,-20.0609,keyboard_electronic_002-039-100,keyboard_electronic_002-039-100,/root/autodl-tmp/tokenizer-eval/data/nsynth/nsynth-test/audio/keyboard_electronic_002-039-100.wav,50,keyboard_electronic_002,4,keyboard,1,electronic,39,100,16000,distortion
-13.207999,1.9079854,bass_synthetic_034-062-100,bass_synthetic_034-062-100,/root/autodl-tmp/tokenizer-eval/data/nsynth/nsynth-test/audio/bass_synthetic_034-062-100.wav,420,bass_synthetic_034,0,bass,2,synthetic,62,100,16000,distortion|tempo-synced
24.368872,25.5335,mallet_acoustic_047-080-100,mallet_acoustic_047-080-100,/root/autodl-tmp/tokenizer-eval/data/nsynth/nsynth-test/audio/mallet_acoustic_047-080-100.wav,488,mallet_acoustic_047,5,mallet,0,acoustic,80,100,16000,fast_decay|percussive|reverb
-12.915979,-23.182812,keyboard_electronic_003-053-100,keyboard_electronic_003-053-100,/root/autodl-tmp/tokenizer-eval/data/nsynth/nsynth-test/audio/keyboard_electronic_003-053-100.wav,65,keyboard_electronic_003,4,keyboard,1,electronic,53,100,16000,
-55.360893,-2.3251824,organ_electronic_001-085-075,organ_electronic_001-085-075,/root/autodl-tmp/tokenizer-eval/data/nsynth/nsynth-test/audio/organ_electronic_001-085-075.wav,8,organ_electronic_001,6,organ,1,electronic,85,75,16000,
1.3301564,-10.983932,guitar_acoustic_010-046-127,guitar_acoustic_010-046-127,/root/autodl-tmp/tokenizer-eval/data/nsynth/nsynth-test/audio/guitar_acoustic_010-046-127.wav,219,guitar_acoustic_010,3,guitar,0,acoustic,46,127,16000,
-25.938478,11.200366,reed_acoustic_037-066-025,reed_acoustic_037-066-025,/root/autodl-tmp/tokenizer-eval/data/nsynth/nsynth-test/audio/reed_acoustic_037-066-025.wav,387,reed_acoustic_037,7,reed,0,acoustic,66,25,16000,reverb
53.283607,-18.314688,bass_synthetic_068-045-100,bass_synthetic_068-045-100,/root/autodl-tmp/tokenizer-eval/data/nsynth/nsynth-test/audio/bass_synthetic_068-045-100.wav,656,bass_synthetic_068,0,bass,2,synthetic,45,100,16000,dark
-10.302292,30.554762,bass_synthetic_034-096-100,bass_synthetic_034-096-100,/root/autodl-tmp/tokenizer-eval/data/nsynth/nsynth-test/audio/bass_synthetic_034-096-100.wav,420,bass_synthetic_034,0,bass,2,synthetic,96,100,16000,bright|distortion|tempo-synced
-5.474728,26.933346,mallet_acoustic_062-083-100,mallet_acoustic_062-083-100,/root/autodl-tmp/tokenizer-eval/data/nsynth/nsynth-test/audio/mallet_acoustic_062-083-100.wav,644,mallet_acoustic_062,5,mallet,0,acoustic,83,100,16000,multiphonic
-38.797306,23.997406,keyboard_electronic_069-075-075,keyboard_electronic_069-075-075,/root/autodl-tmp/tokenizer-eval/data/nsynth/nsynth-test/audio/keyboard_electronic_069-075-075.wav,805,keyboard_electronic_069,4,keyboard,1,electronic,75,75,16000,distortion
-25.726006,-10.010383,string_acoustic_057-055-100,string_acoustic_057-055-100,/root/autodl-tmp/tokenizer-eval/data/nsynth/nsynth-test/audio/string_acoustic_057-055-100.wav,450,string_acoustic_057,8,string,0,acoustic,55,100,16000,nonlinear_env|reverb
-0.29530618,-20.793922,keyboard_electronic_078-039-075,keyboard_electronic_078-039-075,/root/autodl-tmp/tokenizer-eval/data/nsynth/nsynth-test/audio/keyboard_electronic_078-039-075.wav,838,keyboard_electronic_078,4,keyboard,1,electronic,39,75,16000,bright
-38.584686,-13.744576,organ_electronic_001-059-127,organ_electronic_001-059-127,/root/autodl-tmp/tokenizer-eval/data/nsynth/nsynth-test/audio/organ_electronic_001-059-127.wav,8,organ_electronic_001,6,organ,1,electronic,59,127,16000,dark
-36.944466,40.40745,flute_acoustic_002-098-127,flute_acoustic_002-098-127,/root/autodl-tmp/tokenizer-eval/data/nsynth/nsynth-test/audio/flute_acoustic_002-098-127.wav,86,flute_acoustic_002,2,flute,0,acoustic,98,127,16000,reverb
19.29214,-42.128204,vocal_synthetic_003-035-075,vocal_synthetic_003-035-075,/root/autodl-tmp/tokenizer-eval/data/nsynth/nsynth-test/audio/vocal_synthetic_003-035-075.wav,37,vocal_synthetic_003,10,vocal,2,synthetic,35,75,16000,distortion|long_release|nonlinear_env
-31.409098,-13.982554,brass_acoustic_046-059-127,brass_acoustic_046-059-127,/root/autodl-tmp/tokenizer-eval/data/nsynth/nsynth-test/audio/brass_acoustic_046-059-127.wav,414,brass_acoustic_046,1,brass,0,acoustic,59,127,16000,bright
17.922834,-24.655031,brass_acoustic_006-031-127,brass_acoustic_006-031-127,/root/autodl-tmp/tokenizer-eval/data/nsynth/nsynth-test/audio/brass_acoustic_006-031-127.wav,43,brass_acoustic_006,1,brass,0,acoustic,31,127,16000,reverb
8.996914,22.172155,mallet_acoustic_062-066-050,mallet_acoustic_062-066-050,/root/autodl-tmp/tokenizer-eval/data/nsynth/nsynth-test/audio/mallet_acoustic_062-066-050.wav,644,mallet_acoustic_062,5,mallet,0,acoustic,66,50,16000,dark|fast_decay|multiphonic
-19.350805,-47.840145,keyboard_electronic_001-037-075,keyboard_electronic_001-037-075,/root/autodl-tmp/tokenizer-eval/data/nsynth/nsynth-test/audio/keyboard_electronic_001-037-075.wav,40,keyboard_electronic_001,4,keyboard,1,electronic,37,75,16000,dark
37.758606,46.860886,keyboard_synthetic_000-062-050,keyboard_synthetic_000-062-050,/root/autodl-tmp/tokenizer-eval/data/nsynth/nsynth-test/audio/keyboard_synthetic_000-062-050.wav,577,keyboard_synthetic_000,4,keyboard,2,synthetic,62,50,16000,distortion|fast_decay|nonlinear_env
-32.6006,7.221488,vocal_synthetic_003-064-025,vocal_synthetic_003-064-025,/root/autodl-tmp/tokenizer-eval/data/nsynth/nsynth-test/audio/vocal_synthetic_003-064-025.wav,37,vocal_synthetic_003,10,vocal,2,synthetic,64,25,16000,bright|distortion|long_release|nonlinear_env
-36.106148,32.272808,flute_acoustic_002-088-127,flute_acoustic_002-088-127,/root/autodl-tmp/tokenizer-eval/data/nsynth/nsynth-test/audio/flute_acoustic_002-088-127.wav,86,flute_acoustic_002,2,flute,0,acoustic,88,127,16000,reverb
-20.359644,9.744326,reed_acoustic_011-065-075,reed_acoustic_011-065-075,/root/autodl-tmp/tokenizer-eval/data/nsynth/nsynth-test/audio/reed_acoustic_011-065-075.wav,104,reed_acoustic_011,7,reed,0,acoustic,65,75,16000,
-21.38855,33.520546,organ_electronic_028-079-100,organ_electronic_028-079-100,/root/autodl-tmp/tokenizer-eval/data/nsynth/nsynth-test/audio/organ_electronic_028-079-100.wav,440,organ_electronic_028,6,organ,1,electronic,79,100,16000,
-16.59465,21.577682,guitar_electronic_022-077-050,guitar_electronic_022-077-050,/root/autodl-tmp/tokenizer-eval/data/nsynth/nsynth-test/audio/guitar_electronic_022-077-050.wav,378,guitar_electronic_022,3,guitar,1,electronic,77,50,16000,
-18.035883,21.67182,bass_synthetic_135-076-100,bass_synthetic_135-076-100,/root/autodl-tmp/tokenizer-eval/data/nsynth/nsynth-test/audio/bass_synthetic_135-076-100.wav,927,bass_synthetic_135,0,bass,2,synthetic,76,100,16000,distortion
32.873146,50.79499,mallet_acoustic_062-070-025,mallet_acoustic_062-070-025,/root/autodl-tmp/tokenizer-eval/data/nsynth/nsynth-test/audio/mallet_acoustic_062-070-025.wav,644,mallet_acoustic_062,5,mallet,0,acoustic,70,25,16000,dark|fast_decay|multiphonic
16.40084,-17.779552,bass_synthetic_034-030-025,bass_synthetic_034-030-025,/root/autodl-tmp/tokenizer-eval/data/nsynth/nsynth-test/audio/bass_synthetic_034-030-025.wav,420,bass_synthetic_034,0,bass,2,synthetic,30,25,16000,distortion|tempo-synced
10.020375,-42.477394,guitar_acoustic_010-028-025,guitar_acoustic_010-028-025,/root/autodl-tmp/tokenizer-eval/data/nsynth/nsynth-test/audio/guitar_acoustic_010-028-025.wav,219,guitar_acoustic_010,3,guitar,0,acoustic,28,25,16000,
-35.29515,35.97827,bass_synthetic_009-092-075,bass_synthetic_009-092-075,/root/autodl-tmp/tokenizer-eval/data/nsynth/nsynth-test/audio/bass_synthetic_009-092-075.wav,150,bass_synthetic_009,0,bass,2,synthetic,92,75,16000,long_release
-48.0201,13.2675905,vocal_synthetic_003-097-075,vocal_synthetic_003-097-075,/root/autodl-tmp/tokenizer-eval/data/nsynth/nsynth-test/audio/vocal_synthetic_003-097-075.wav,37,vocal_synthetic_003,10,vocal,2,synthetic,97,75,16000,distortion|long_release|nonlinear_env
-57.346203,0.13863114,organ_electronic_007-073-100,organ_electronic_007-073-100,/root/autodl-tmp/tokenizer-eval/data/nsynth/nsynth-test/audio/organ_electronic_007-073-100.wav,123,organ_electronic_007,6,organ,1,electronic,73,100,16000,distortion|long_release|nonlinear_env
14.23406,-17.85083,keyboard_electronic_098-030-075,keyboard_electronic_098-030-075,/root/autodl-tmp/tokenizer-eval/data/nsynth/nsynth-test/audio/keyboard_electronic_098-030-075.wav,905,keyboard_electronic_098,4,keyboard,1,electronic,30,75,16000,dark|distortion
-20.217583,-37.75027,reed_acoustic_037-037-100,reed_acoustic_037-037-100,/root/autodl-tmp/tokenizer-eval/data/nsynth/nsynth-test/audio/reed_acoustic_037-037-100.wav,387,reed_acoustic_037,7,reed,0,acoustic,37,100,16000,reverb
-0.08395422,22.892765,mallet_acoustic_062-077-075,mallet_acoustic_062-077-075,/root/autodl-tmp/tokenizer-eval/data/nsynth/nsynth-test/audio/mallet_acoustic_062-077-075.wav,644,mallet_acoustic_062,5,mallet,0,acoustic,77,75,16000,fast_decay|multiphonic
4.7855186,26.857716,mallet_acoustic_062-086-075,mallet_acoustic_062-086-075,/root/autodl-tmp/tokenizer-eval/data/nsynth/nsynth-test/audio/mallet_acoustic_062-086-075.wav,644,mallet_acoustic_062,5,mallet,0,acoustic,86,75,16000,fast_decay|multiphonic
14.558092,-27.804388,organ_electronic_007-043-050,organ_electronic_007-043-050,/root/autodl-tmp/tokenizer-eval/data/nsynth/nsynth-test/audio/organ_electronic_007-043-050.wav,123,organ_electronic_007,6,organ,1,electronic,43,50,16000,distortion|long_release|nonlinear_env
52.506836,-19.712744,vocal_synthetic_003-045-025,vocal_synthetic_003-045-025,/root/autodl-tmp/tokenizer-eval/data/nsynth/nsynth-test/audio/vocal_synthetic_003-045-025.wav,37,vocal_synthetic_003,10,vocal,2,synthetic,45,25,16000,distortion|long_release|nonlinear_env
1.9517343,-10.071518,flute_synthetic_000-058-100,flute_synthetic_000-058-100,/root/autodl-tmp/tokenizer-eval/data/nsynth/nsynth-test/audio/flute_synthetic_000-058-100.wav,82,flute_synthetic_000,2,flute,2,synthetic,58,100,16000,distortion
-19.698496,9.517105,brass_acoustic_016-065-127,brass_acoustic_016-065-127,/root/autodl-tmp/tokenizer-eval/data/nsynth/nsynth-test/audio/brass_acoustic_016-065-127.wav,128,brass_acoustic_016,1,brass,0,acoustic,65,127,16000,bright
-29.155237,15.775045,organ_electronic_113-068-050,organ_electronic_113-068-050,/root/autodl-tmp/tokenizer-eval/data/nsynth/nsynth-test/audio/organ_electronic_113-068-050.wav,958,organ_electronic_113,6,organ,1,electronic,68,50,16000,
44.65782,0.21961325,bass_synthetic_034-048-025,bass_synthetic_034-048-025,/root/autodl-tmp/tokenizer-eval/data/nsynth/nsynth-test/audio/bass_synthetic_034-048-025.wav,420,bass_synthetic_034,0,bass,2,synthetic,48,25,16000,distortion|tempo-synced
-38.617706,-13.743238,organ_electronic_001-059-075,organ_electronic_001-059-075,/root/autodl-tmp/tokenizer-eval/data/nsynth/nsynth-test/audio/organ_electronic_001-059-075.wav,8,organ_electronic_001,6,organ,1,electronic,59,75,16000,dark
-19.409512,38.23853,organ_electronic_028-084-075,organ_electronic_028-084-075,/root/autodl-tmp/tokenizer-eval/data/nsynth/nsynth-test/audio/organ_electronic_028-084-075.wav,440,organ_electronic_028,6,organ,1,electronic,84,75,16000,
-41.717297,11.761526,vocal_synthetic_003-068-025,vocal_synthetic_003-068-025,/root/autodl-tmp/tokenizer-eval/data/nsynth/nsynth-test/audio/vocal_synthetic_003-068-025.wav,37,vocal_synthetic_003,10,vocal,2,synthetic,68,25,16000,bright|distortion|long_release|nonlinear_env
52.09829,-16.295868,keyboard_acoustic_004-045-025,keyboard_acoustic_004-045-025,/root/autodl-tmp/tokenizer-eval/data/nsynth/nsynth-test/audio/keyboard_acoustic_004-045-025.wav,327,keyboard_acoustic_004,4,keyboard,0,acoustic,45,25,16000,dark|reverb
35.68846,38.83131,bass_synthetic_068-090-075,bass_synthetic_068-090-075,/root/autodl-tmp/tokenizer-eval/data/nsynth/nsynth-test/audio/bass_synthetic_068-090-075.wav,656,bass_synthetic_068,0,bass,2,synthetic,90,75,16000,fast_decay
17.224707,-43.910492,string_acoustic_071-047-025,string_acoustic_071-047-025,/root/autodl-tmp/tokenizer-eval/data/nsynth/nsynth-test/audio/string_acoustic_071-047-025.wav,609,string_acoustic_071,8,string,0,acoustic,47,25,16000,long_release|reverb
-24.217789,13.842317,organ_electronic_104-067-075,organ_electronic_104-067-075,/root/autodl-tmp/tokenizer-eval/data/nsynth/nsynth-test/audio/organ_electronic_104-067-075.wav,921,organ_electronic_104,6,organ,1,electronic,67,75,16000,
-13.497916,-25.002337,organ_electronic_113-053-050,organ_electronic_113-053-050,/root/autodl-tmp/tokenizer-eval/data/nsynth/nsynth-test/audio/organ_electronic_113-053-050.wav,958,organ_electronic_113,6,organ,1,electronic,53,50,16000,dark
35.592434,41.07461,keyboard_synthetic_000-076-025,keyboard_synthetic_000-076-025,/root/autodl-tmp/tokenizer-eval/data/nsynth/nsynth-test/audio/keyboard_synthetic_000-076-025.wav,577,keyboard_synthetic_000,4,keyboard,2,synthetic,76,25,16000,distortion|fast_decay|nonlinear_env
-35.088604,41.975838,flute_synthetic_000-097-025,flute_synthetic_000-097-025,/root/autodl-tmp/tokenizer-eval/data/nsynth/nsynth-test/audio/flute_synthetic_000-097-025.wav,82,flute_synthetic_000,2,flute,2,synthetic,97,25,16000,distortion
41.651844,49.069473,keyboard_synthetic_000-032-050,keyboard_synthetic_000-032-050,/root/autodl-tmp/tokenizer-eval/data/nsynth/nsynth-test/audio/keyboard_synthetic_000-032-050.wav,577,keyboard_synthetic_000,4,keyboard,2,synthetic,32,50,16000,distortion|fast_decay|nonlinear_env
-6.242095,13.197248,mallet_acoustic_062-068-100,mallet_acoustic_062-068-100,/root/autodl-tmp/tokenizer-eval/data/nsynth/nsynth-test/audio/mallet_acoustic_062-068-100.wav,644,mallet_acoustic_062,5,mallet,0,acoustic,68,100,16000,dark|multiphonic
27.622324,12.681798,mallet_acoustic_062-045-025,mallet_acoustic_062-045-025,/root/autodl-tmp/tokenizer-eval/data/nsynth/nsynth-test/audio/mallet_acoustic_062-045-025.wav,644,mallet_acoustic_062,5,mallet,0,acoustic,45,25,16000,dark|fast_decay|multiphonic
-13.406175,31.978848,guitar_acoustic_030-098-100,guitar_acoustic_030-098-100,/root/autodl-tmp/tokenizer-eval/data/nsynth/nsynth-test/audio/guitar_acoustic_030-098-100.wav,642,guitar_acoustic_030,3,guitar,0,acoustic,98,100,16000,tempo-synced
-10.150224,34.61822,guitar_acoustic_010-095-075,guitar_acoustic_010-095-075,/root/autodl-tmp/tokenizer-eval/data/nsynth/nsynth-test/audio/guitar_acoustic_010-095-075.wav,219,guitar_acoustic_010,3,guitar,0,acoustic,95,75,16000,
5.6617913,21.060762,guitar_acoustic_015-074-075,guitar_acoustic_015-074-075,/root/autodl-tmp/tokenizer-eval/data/nsynth/nsynth-test/audio/guitar_acoustic_015-074-075.wav,316,guitar_acoustic_015,3,guitar,0,acoustic,74,75,16000,reverb
-12.268427,-27.48139,brass_acoustic_006-041-050,brass_acoustic_006-041-050,/root/autodl-tmp/tokenizer-eval/data/nsynth/nsynth-test/audio/brass_acoustic_006-041-050.wav,43,brass_acoustic_006,1,brass,0,acoustic,41,50,16000,reverb
0.39510626,13.186604,guitar_acoustic_014-071-127,guitar_acoustic_014-071-127,/root/autodl-tmp/tokenizer-eval/data/nsynth/nsynth-test/audio/guitar_acoustic_014-071-127.wav,263,guitar_acoustic_014,3,guitar,0,acoustic,71,127,16000,
-5.9676533,-26.244287,vocal_synthetic_003-041-127,vocal_synthetic_003-041-127,/root/autodl-tmp/tokenizer-eval/data/nsynth/nsynth-test/audio/vocal_synthetic_003-041-127.wav,37,vocal_synthetic_003,10,vocal,2,synthetic,41,127,16000,bright|distortion|long_release|nonlinear_env
-38.794052,25.202568,reed_acoustic_037-075-050,reed_acoustic_037-075-050,/root/autodl-tmp/tokenizer-eval/data/nsynth/nsynth-test/audio/reed_acoustic_037-075-050.wav,387,reed_acoustic_037,7,reed,0,acoustic,75,50,16000,reverb
-2.3713057,27.332632,mallet_acoustic_056-083-127,mallet_acoustic_056-083-127,/root/autodl-tmp/tokenizer-eval/data/nsynth/nsynth-test/audio/mallet_acoustic_056-083-127.wav,590,mallet_acoustic_056,5,mallet,0,acoustic,83,127,16000,fast_decay
-24.745417,-9.920967,vocal_acoustic_000-055-025,vocal_acoustic_000-055-025,/root/autodl-tmp/tokenizer-eval/data/nsynth/nsynth-test/audio/vocal_acoustic_000-055-025.wav,46,vocal_acoustic_000,10,vocal,0,acoustic,55,25,16000,reverb
-7.148789,39.81573,organ_electronic_028-091-050,organ_electronic_028-091-050,/root/autodl-tmp/tokenizer-eval/data/nsynth/nsynth-test/audio/organ_electronic_028-091-050.wav,440,organ_electronic_028,6,organ,1,electronic,91,50,16000,
-37.03725,44.531635,reed_acoustic_018-085-100,reed_acoustic_018-085-100,/root/autodl-tmp/tokenizer-eval/data/nsynth/nsynth-test/audio/reed_acoustic_018-085-100.wav,183,reed_acoustic_018,7,reed,0,acoustic,85,100,16000,
2.1032968,19.74682,keyboard_electronic_002-074-025,keyboard_electronic_002-074-025,/root/autodl-tmp/tokenizer-eval/data/nsynth/nsynth-test/audio/keyboard_electronic_002-074-025.wav,50,keyboard_electronic_002,4,keyboard,1,electronic,74,25,16000,
3.0384135,-41.937515,organ_electronic_057-040-025,organ_electronic_057-040-025,/root/autodl-tmp/tokenizer-eval/data/nsynth/nsynth-test/audio/organ_electronic_057-040-025.wav,701,organ_electronic_057,6,organ,1,electronic,40,25,16000,dark
-6.0212083,27.203297,mallet_acoustic_062-082-100,mallet_acoustic_062-082-100,/root/autodl-tmp/tokenizer-eval/data/nsynth/nsynth-test/audio/mallet_acoustic_062-082-100.wav,644,mallet_acoustic_062,5,mallet,0,acoustic,82,100,16000,multiphonic
13.253739,6.29094,bass_synthetic_098-040-127,bass_synthetic_098-040-127,/root/autodl-tmp/tokenizer-eval/data/nsynth/nsynth-test/audio/bass_synthetic_098-040-127.wav,803,bass_synthetic_098,0,bass,2,synthetic,40,127,16000,distortion
6.337409,-41.379955,string_acoustic_012-040-025,string_acoustic_012-040-025,/root/autodl-tmp/tokenizer-eval/data/nsynth/nsynth-test/audio/string_acoustic_012-040-025.wav,97,string_acoustic_012,8,string,0,acoustic,40,25,16000,long_release|reverb
-26.618975,9.308158,flute_synthetic_000-077-075,flute_synthetic_000-077-075,/root/autodl-tmp/tokenizer-eval/data/nsynth/nsynth-test/audio/flute_synthetic_000-077-075.wav,82,flute_synthetic_000,2,flute,2,synthetic,77,75,16000,distortion
28.085567,19.152506,mallet_acoustic_047-080-025,mallet_acoustic_047-080-025,/root/autodl-tmp/tokenizer-eval/data/nsynth/nsynth-test/audio/mallet_acoustic_047-080-025.wav,488,mallet_acoustic_047,5,mallet,0,acoustic,80,25,16000,percussive|reverb
21.947561,44.02465,mallet_acoustic_056-048-127,mallet_acoustic_056-048-127,/root/autodl-tmp/tokenizer-eval/data/nsynth/nsynth-test/audio/mallet_acoustic_056-048-127.wav,590,mallet_acoustic_056,5,mallet,0,acoustic,48,127,16000,bright|fast_decay|percussive
-15.641389,-15.448793,keyboard_electronic_069-054-075,keyboard_electronic_069-054-075,/root/autodl-tmp/tokenizer-eval/data/nsynth/nsynth-test/audio/keyboard_electronic_069-054-075.wav,805,keyboard_electronic_069,4,keyboard,1,electronic,54,75,16000,distortion
40.188725,45.165653,keyboard_synthetic_000-095-127,keyboard_synthetic_000-095-127,/root/autodl-tmp/tokenizer-eval/data/nsynth/nsynth-test/audio/keyboard_synthetic_000-095-127.wav,577,keyboard_synthetic_000,4,keyboard,2,synthetic,95,127,16000,bright|distortion|fast_decay|nonlinear_env|percussive
23.152842,20.545492,mallet_acoustic_047-094-075,mallet_acoustic_047-094-075,/root/autodl-tmp/tokenizer-eval/data/nsynth/nsynth-test/audio/mallet_acoustic_047-094-075.wav,488,mallet_acoustic_047,5,mallet,0,acoustic,94,75,16000,fast_decay|percussive|reverb
-13.438403,-25.017164,organ_electronic_113-053-127,organ_electronic_113-053-127,/root/autodl-tmp/tokenizer-eval/data/nsynth/nsynth-test/audio/organ_electronic_113-053-127.wav,958,organ_electronic_113,6,organ,1,electronic,53,127,16000,dark
-30.583971,37.85897,organ_electronic_057-082-075,organ_electronic_057-082-075,/root/autodl-tmp/tokenizer-eval/data/nsynth/nsynth-test/audio/organ_electronic_057-082-075.wav,701,organ_electronic_057,6,organ,1,electronic,82,75,16000,
-45.30543,13.106776,vocal_synthetic_003-103-025,vocal_synthetic_003-103-025,/root/autodl-tmp/tokenizer-eval/data/nsynth/nsynth-test/audio/vocal_synthetic_003-103-025.wav,37,vocal_synthetic_003,10,vocal,2,synthetic,103,25,16000,bright|distortion|long_release|nonlinear_env
-3.988389,11.471246,keyboard_electronic_001-057-100,keyboard_electronic_001-057-100,/root/autodl-tmp/tokenizer-eval/data/nsynth/nsynth-test/audio/keyboard_electronic_001-057-100.wav,40,keyboard_electronic_001,4,keyboard,1,electronic,57,100,16000,
55.652004,-18.234253,string_acoustic_080-045-050,string_acoustic_080-045-050,/root/autodl-tmp/tokenizer-eval/data/nsynth/nsynth-test/audio/string_acoustic_080-045-050.wav,675,string_acoustic_080,8,string,0,acoustic,45,50,16000,long_release|reverb
-12.98147,-6.143784,keyboard_electronic_078-058-050,keyboard_electronic_078-058-050,/root/autodl-tmp/tokenizer-eval/data/nsynth/nsynth-test/audio/keyboard_electronic_078-058-050.wav,838,keyboard_electronic_078,4,keyboard,1,electronic,58,50,16000,bright
40.82302,-31.711847,guitar_acoustic_010-029-100,guitar_acoustic_010-029-100,/root/autodl-tmp/tokenizer-eval/data/nsynth/nsynth-test/audio/guitar_acoustic_010-029-100.wav,219,guitar_acoustic_010,3,guitar,0,acoustic,29,100,16000,
-0.7903069,12.941923,guitar_acoustic_014-070-100,guitar_acoustic_014-070-100,/root/autodl-tmp/tokenizer-eval/data/nsynth/nsynth-test/audio/guitar_acoustic_014-070-100.wav,263,guitar_acoustic_014,3,guitar,0,acoustic,70,100,16000,
27.532167,-16.074036,flute_synthetic_000-021-100,flute_synthetic_000-021-100,/root/autodl-tmp/tokenizer-eval/data/nsynth/nsynth-test/audio/flute_synthetic_000-021-100.wav,82,flute_synthetic_000,2,flute,2,synthetic,21,100,16000,distortion
-18.267294,11.725139,brass_acoustic_016-066-127,brass_acoustic_016-066-127,/root/autodl-tmp/tokenizer-eval/data/nsynth/nsynth-test/audio/brass_acoustic_016-066-127.wav,128,brass_acoustic_016,1,brass,0,acoustic,66,127,16000,bright
0.3147448,26.703983,bass_synthetic_134-081-025,bass_synthetic_134-081-025,/root/autodl-tmp/tokenizer-eval/data/nsynth/nsynth-test/audio/bass_synthetic_134-081-025.wav,914,bass_synthetic_134,0,bass,2,synthetic,81,25,16000,fast_decay|percussive|reverb
22.669186,23.83588,string_acoustic_014-065-127,string_acoustic_014-065-127,/root/autodl-tmp/tokenizer-eval/data/nsynth/nsynth-test/audio/string_acoustic_014-065-127.wav,100,string_acoustic_014,8,string,0,acoustic,65,127,16000,fast_decay|percussive|reverb
-34.61659,45.321873,flute_acoustic_002-084-025,flute_acoustic_002-084-025,/root/autodl-tmp/tokenizer-eval/data/nsynth/nsynth-test/audio/flute_acoustic_002-084-025.wav,86,flute_acoustic_002,2,flute,0,acoustic,84,25,16000,long_release|reverb
2.4516654,4.328476,brass_acoustic_015-051-075,brass_acoustic_015-051-075,/root/autodl-tmp/tokenizer-eval/data/nsynth/nsynth-test/audio/brass_acoustic_015-051-075.wav,121,brass_acoustic_015,1,brass,0,acoustic,51,75,16000,reverb
10.8806,-5.9911213,bass_electronic_027-027-025,bass_electronic_027-027-025,/root/autodl-tmp/tokenizer-eval/data/nsynth/nsynth-test/audio/bass_electronic_027-027-025.wav,880,bass_electronic_027,0,bass,1,electronic,27,25,16000,
28.574371,17.859901,mallet_acoustic_047-076-025,mallet_acoustic_047-076-025,/root/autodl-tmp/tokenizer-eval/data/nsynth/nsynth-test/audio/mallet_acoustic_047-076-025.wav,488,mallet_acoustic_047,5,mallet,0,acoustic,76,25,16000,fast_decay|percussive|reverb
13.587589,21.668987,string_acoustic_056-063-127,string_acoustic_056-063-127,/root/autodl-tmp/tokenizer-eval/data/nsynth/nsynth-test/audio/string_acoustic_056-063-127.wav,436,string_acoustic_056,8,string,0,acoustic,63,127,16000,fast_decay|reverb
47.014545,-1.1075844,organ_electronic_113-036-050,organ_electronic_113-036-050,/root/autodl-tmp/tokenizer-eval/data/nsynth/nsynth-test/audio/organ_electronic_113-036-050.wav,958,organ_electronic_113,6,organ,1,electronic,36,50,16000,dark
17.422749,-15.1105995,organ_electronic_007-011-050,organ_electronic_007-011-050,/root/autodl-tmp/tokenizer-eval/data/nsynth/nsynth-test/audio/organ_electronic_007-011-050.wav,123,organ_electronic_007,6,organ,1,electronic,11,50,16000,distortion|long_release|nonlinear_env
-5.1364713,-37.03741,guitar_acoustic_014-052-025,guitar_acoustic_014-052-025,/root/autodl-tmp/tokenizer-eval/data/nsynth/nsynth-test/audio/guitar_acoustic_014-052-025.wav,263,guitar_acoustic_014,3,guitar,0,acoustic,52,25,16000,
-13.232642,-21.608442,bass_synthetic_068-053-127,bass_synthetic_068-053-127,/root/autodl-tmp/tokenizer-eval/data/nsynth/nsynth-test/audio/bass_synthetic_068-053-127.wav,656,bass_synthetic_068,0,bass,2,synthetic,53,127,16000,dark|distortion
-30.118055,38.656563,organ_electronic_001-094-050,organ_electronic_001-094-050,/root/autodl-tmp/tokenizer-eval/data/nsynth/nsynth-test/audio/organ_electronic_001-094-050.wav,8,organ_electronic_001,6,organ,1,electronic,94,50,16000,
48.10019,-15.544703,keyboard_electronic_098-021-127,keyboard_electronic_098-021-127,/root/autodl-tmp/tokenizer-eval/data/nsynth/nsynth-test/audio/keyboard_electronic_098-021-127.wav,905,keyboard_electronic_098,4,keyboard,1,electronic,21,127,16000,dark|distortion
44.929577,38.726364,reed_acoustic_023-078-025,reed_acoustic_023-078-025,/root/autodl-tmp/tokenizer-eval/data/nsynth/nsynth-test/audio/reed_acoustic_023-078-025.wav,224,reed_acoustic_023,7,reed,0,acoustic,78,25,16000,bright|fast_decay|multiphonic|nonlinear_env
-46.64856,11.411958,vocal_synthetic_003-105-025,vocal_synthetic_003-105-025,/root/autodl-tmp/tokenizer-eval/data/nsynth/nsynth-test/audio/vocal_synthetic_003-105-025.wav,37,vocal_synthetic_003,10,vocal,2,synthetic,105,25,16000,bright|distortion|long_release|nonlinear_env
-39.05319,37.043297,brass_acoustic_006-086-050,brass_acoustic_006-086-050,/root/autodl-tmp/tokenizer-eval/data/nsynth/nsynth-test/audio/brass_acoustic_006-086-050.wav,43,brass_acoustic_006,1,brass,0,acoustic,86,50,16000,reverb
-15.815722,-10.0709915,bass_electronic_025-055-025,bass_electronic_025-055-025,/root/autodl-tmp/tokenizer-eval/data/nsynth/nsynth-test/audio/bass_electronic_025-055-025.wav,872,bass_electronic_025,0,bass,1,electronic,55,25,16000,
-35.781868,11.005912,vocal_synthetic_003-065-050,vocal_synthetic_003-065-050,/root/autodl-tmp/tokenizer-eval/data/nsynth/nsynth-test/audio/vocal_synthetic_003-065-050.wav,37,vocal_synthetic_003,10,vocal,2,synthetic,65,50,16000,bright|distortion|long_release|nonlinear_env
-14.335359,26.788214,guitar_electronic_028-089-100,guitar_electronic_028-089-100,/root/autodl-tmp/tokenizer-eval/data/nsynth/nsynth-test/audio/guitar_electronic_028-089-100.wav,510,guitar_electronic_028,3,guitar,1,electronic,89,100,16000,
12.118506,-7.967651,string_acoustic_012-038-127,string_acoustic_012-038-127,/root/autodl-tmp/tokenizer-eval/data/nsynth/nsynth-test/audio/string_acoustic_012-038-127.wav,97,string_acoustic_012,8,string,0,acoustic,38,127,16000,long_release|reverb
12.185244,-16.357489,reed_acoustic_011-042-050,reed_acoustic_011-042-050,/root/autodl-tmp/tokenizer-eval/data/nsynth/nsynth-test/audio/reed_acoustic_011-042-050.wav,104,reed_acoustic_011,7,reed,0,acoustic,42,50,16000,
21.155205,31.43046,keyboard_electronic_002-093-025,keyboard_electronic_002-093-025,/root/autodl-tmp/tokenizer-eval/data/nsynth/nsynth-test/audio/keyboard_electronic_002-093-025.wav,50,keyboard_electronic_002,4,keyboard,1,electronic,93,25,16000,fast_decay|percussive
16.56107,-44.738895,vocal_synthetic_003-047-050,vocal_synthetic_003-047-050,/root/autodl-tmp/tokenizer-eval/data/nsynth/nsynth-test/audio/vocal_synthetic_003-047-050.wav,37,vocal_synthetic_003,10,vocal,2,synthetic,47,50,16000,distortion|long_release|nonlinear_env
-5.7145185,39.685898,guitar_acoustic_010-090-025,guitar_acoustic_010-090-025,/root/autodl-tmp/tokenizer-eval/data/nsynth/nsynth-test/audio/guitar_acoustic_010-090-025.wav,219,guitar_acoustic_010,3,guitar,0,acoustic,90,25,16000,
-21.00333,-47.417206,bass_synthetic_033-037-050,bass_synthetic_033-037-050,/root/autodl-tmp/tokenizer-eval/data/nsynth/nsynth-test/audio/bass_synthetic_033-037-050.wav,417,bass_synthetic_033,0,bass,2,synthetic,37,50,16000,dark
34.972565,-17.575483,keyboard_acoustic_004-029-100,keyboard_acoustic_004-029-100,/root/autodl-tmp/tokenizer-eval/data/nsynth/nsynth-test/audio/keyboard_acoustic_004-029-100.wav,327,keyboard_acoustic_004,4,keyboard,0,acoustic,29,100,16000,reverb
27.726679,-18.415405,flute_synthetic_000-026-100,flute_synthetic_000-026-100,/root/autodl-tmp/tokenizer-eval/data/nsynth/nsynth-test/audio/flute_synthetic_000-026-100.wav,82,flute_synthetic_000,2,flute,2,synthetic,26,100,16000,distortion
-15.539884,28.617533,guitar_acoustic_010-086-075,guitar_acoustic_010-086-075,/root/autodl-tmp/tokenizer-eval/data/nsynth/nsynth-test/audio/guitar_acoustic_010-086-075.wav,219,guitar_acoustic_010,3,guitar,0,acoustic,86,75,16000,
27.288658,45.706932,guitar_acoustic_021-093-025,guitar_acoustic_021-093-025,/root/autodl-tmp/tokenizer-eval/data/nsynth/nsynth-test/audio/guitar_acoustic_021-093-025.wav,457,guitar_acoustic_021,3,guitar,0,acoustic,93,25,16000,fast_decay|percussive
14.372995,-17.107811,string_acoustic_012-030-025,string_acoustic_012-030-025,/root/autodl-tmp/tokenizer-eval/data/nsynth/nsynth-test/audio/string_acoustic_012-030-025.wav,97,string_acoustic_012,8,string,0,acoustic,30,25,16000,long_release|reverb
-33.553326,-12.123317,reed_acoustic_011-058-127,reed_acoustic_011-058-127,/root/autodl-tmp/tokenizer-eval/data/nsynth/nsynth-test/audio/reed_acoustic_011-058-127.wav,104,reed_acoustic_011,7,reed,0,acoustic,58,127,16000,
-30.60349,-29.879154,guitar_electronic_022-050-127,guitar_electronic_022-050-127,/root/autodl-tmp/tokenizer-eval/data/nsynth/nsynth-test/audio/guitar_electronic_022-050-127.wav,378,guitar_electronic_022,3,guitar,1,electronic,50,127,16000,dark
-48.5564,-4.5592685,flute_synthetic_000-084-025,flute_synthetic_000-084-025,/root/autodl-tmp/tokenizer-eval/data/nsynth/nsynth-test/audio/flute_synthetic_000-084-025.wav,82,flute_synthetic_000,2,flute,2,synthetic,84,25,16000,distortion
23.891829,35.81487,mallet_acoustic_056-065-025,mallet_acoustic_056-065-025,/root/autodl-tmp/tokenizer-eval/data/nsynth/nsynth-test/audio/mallet_acoustic_056-065-025.wav,590,mallet_acoustic_056,5,mallet,0,acoustic,65,25,16000,fast_decay|percussive
-13.913354,-5.904464,keyboard_acoustic_004-058-100,keyboard_acoustic_004-058-100,/root/autodl-tmp/tokenizer-eval/data/nsynth/nsynth-test/audio/keyboard_acoustic_004-058-100.wav,327,keyboard_acoustic_004,4,keyboard,0,acoustic,58,100,16000,reverb
46.378223,42.695496,reed_acoustic_023-050-025,reed_acoustic_023-050-025,/root/autodl-tmp/tokenizer-eval/data/nsynth/nsynth-test/audio/reed_acoustic_023-050-025.wav,224,reed_acoustic_023,7,reed,0,acoustic,50,25,16000,bright|fast_decay|multiphonic|nonlinear_env
1.9777945,18.358877,guitar_acoustic_014-073-100,guitar_acoustic_014-073-100,/root/autodl-tmp/tokenizer-eval/data/nsynth/nsynth-test/audio/guitar_acoustic_014-073-100.wav,263,guitar_acoustic_014,3,guitar,0,acoustic,73,100,16000,
39.884647,-36.654453,bass_synthetic_134-041-075,bass_synthetic_134-041-075,/root/autodl-tmp/tokenizer-eval/data/nsynth/nsynth-test/audio/bass_synthetic_134-041-075.wav,914,bass_synthetic_134,0,bass,2,synthetic,41,75,16000,dark|reverb
-24.665741,-7.037544,flute_synthetic_000-068-075,flute_synthetic_000-068-075,/root/autodl-tmp/tokenizer-eval/data/nsynth/nsynth-test/audio/flute_synthetic_000-068-075.wav,82,flute_synthetic_000,2,flute,2,synthetic,68,75,16000,distortion
-45.787067,14.341887,vocal_synthetic_003-100-127,vocal_synthetic_003-100-127,/root/autodl-tmp/tokenizer-eval/data/nsynth/nsynth-test/audio/vocal_synthetic_003-100-127.wav,37,vocal_synthetic_003,10,vocal,2,synthetic,100,127,16000,bright|distortion|long_release|nonlinear_env
10.907885,-42.755306,keyboard_electronic_001-028-050,keyboard_electronic_001-028-050,/root/autodl-tmp/tokenizer-eval/data/nsynth/nsynth-test/audio/keyboard_electronic_001-028-050.wav,40,keyboard_electronic_001,4,keyboard,1,electronic,28,50,16000,dark
-2.6744037,24.779745,guitar_electronic_022-079-127,guitar_electronic_022-079-127,/root/autodl-tmp/tokenizer-eval/data/nsynth/nsynth-test/audio/guitar_electronic_022-079-127.wav,378,guitar_electronic_022,3,guitar,1,electronic,79,127,16000,
29.014639,-27.966251,vocal_synthetic_003-027-075,vocal_synthetic_003-027-075,/root/autodl-tmp/tokenizer-eval/data/nsynth/nsynth-test/audio/vocal_synthetic_003-027-075.wav,37,vocal_synthetic_003,10,vocal,2,synthetic,27,75,16000,distortion|long_release|nonlinear_env
-12.85421,-22.652267,bass_electronic_025-053-127,bass_electronic_025-053-127,/root/autodl-tmp/tokenizer-eval/data/nsynth/nsynth-test/audio/bass_electronic_025-053-127.wav,872,bass_electronic_025,0,bass,1,electronic,53,127,16000,
-1.1102531,25.456306,keyboard_electronic_003-080-100,keyboard_electronic_003-080-100,/root/autodl-tmp/tokenizer-eval/data/nsynth/nsynth-test/audio/keyboard_electronic_003-080-100.wav,65,keyboard_electronic_003,4,keyboard,1,electronic,80,100,16000,
-42.393513,34.042473,reed_acoustic_018-086-127,reed_acoustic_018-086-127,/root/autodl-tmp/tokenizer-eval/data/nsynth/nsynth-test/audio/reed_acoustic_018-086-127.wav,183,reed_acoustic_018,7,reed,0,acoustic,86,127,16000,
-4.150135,-25.498133,vocal_synthetic_003-039-127,vocal_synthetic_003-039-127,/root/autodl-tmp/tokenizer-eval/data/nsynth/nsynth-test/audio/vocal_synthetic_003-039-127.wav,37,vocal_synthetic_003,10,vocal,2,synthetic,39,127,16000,bright|distortion|long_release|nonlinear_env
-18.46092,38.574814,guitar_acoustic_010-084-025,guitar_acoustic_010-084-025,/root/autodl-tmp/tokenizer-eval/data/nsynth/nsynth-test/audio/guitar_acoustic_010-084-025.wav,219,guitar_acoustic_010,3,guitar,0,acoustic,84,25,16000,
-24.08055,26.990881,flute_acoustic_002-078-050,flute_acoustic_002-078-050,/root/autodl-tmp/tokenizer-eval/data/nsynth/nsynth-test/audio/flute_acoustic_002-078-050.wav,86,flute_acoustic_002,2,flute,0,acoustic,78,50,16000,reverb
-20.738909,34.55123,organ_electronic_028-080-075,organ_electronic_028-080-075,/root/autodl-tmp/tokenizer-eval/data/nsynth/nsynth-test/audio/organ_electronic_028-080-075.wav,440,organ_electronic_028,6,organ,1,electronic,80,75,16000,
-20.47275,35.611046,organ_electronic_028-081-100,organ_electronic_028-081-100,/root/autodl-tmp/tokenizer-eval/data/nsynth/nsynth-test/audio/organ_electronic_028-081-100.wav,440,organ_electronic_028,6,organ,1,electronic,81,100,16000,
0.5044663,33.140625,bass_synthetic_033-097-127,bass_synthetic_033-097-127,/root/autodl-tmp/tokenizer-eval/data/nsynth/nsynth-test/audio/bass_synthetic_033-097-127.wav,417,bass_synthetic_033,0,bass,2,synthetic,97,127,16000,
28.033707,-87.61032,brass_acoustic_046-095-075,brass_acoustic_046-095-075,/root/autodl-tmp/tokenizer-eval/data/nsynth/nsynth-test/audio/brass_acoustic_046-095-075.wav,414,brass_acoustic_046,1,brass,0,acoustic,95,75,16000,long_release
27.574932,-89.37033,brass_acoustic_046-096-025,brass_acoustic_046-096-025,/root/autodl-tmp/tokenizer-eval/data/nsynth/nsynth-test/audio/brass_acoustic_046-096-025.wav,414,brass_acoustic_046,1,brass,0,acoustic,96,25,16000,long_release
-21.395649,-46.51908,mallet_acoustic_062-037-127,mallet_acoustic_062-037-127,/root/autodl-tmp/tokenizer-eval/data/nsynth/nsynth-test/audio/mallet_acoustic_062-037-127.wav,644,mallet_acoustic_062,5,mallet,0,acoustic,37,127,16000,dark|long_release|multiphonic
12.572996,-7.0536346,organ_electronic_057-026-075,organ_electronic_057-026-075,/root/autodl-tmp/tokenizer-eval/data/nsynth/nsynth-test/audio/organ_electronic_057-026-075.wav,701,organ_electronic_057,6,organ,1,electronic,26,75,16000,dark
31.22366,-31.643206,string_acoustic_012-034-050,string_acoustic_012-034-050,/root/autodl-tmp/tokenizer-eval/data/nsynth/nsynth-test/audio/string_acoustic_012-034-050.wav,97,string_acoustic_012,8,string,0,acoustic,34,50,16000,long_release|reverb
25.855719,44.647507,guitar_acoustic_015-094-050,guitar_acoustic_015-094-050,/root/autodl-tmp/tokenizer-eval/data/nsynth/nsynth-test/audio/guitar_acoustic_015-094-050.wav,316,guitar_acoustic_015,3,guitar,0,acoustic,94,50,16000,fast_decay|percussive|reverb
23.372606,3.1209412,string_acoustic_014-025-075,string_acoustic_014-025-075,/root/autodl-tmp/tokenizer-eval/data/nsynth/nsynth-test/audio/string_acoustic_014-025-075.wav,100,string_acoustic_014,8,string,0,acoustic,25,75,16000,dark|reverb
-34.07015,-6.30539,vocal_synthetic_003-058-100,vocal_synthetic_003-058-100,/root/autodl-tmp/tokenizer-eval/data/nsynth/nsynth-test/audio/vocal_synthetic_003-058-100.wav,37,vocal_synthetic_003,10,vocal,2,synthetic,58,100,16000,bright|distortion|long_release|nonlinear_env
-18.21541,3.9262145,guitar_electronic_022-063-075,guitar_electronic_022-063-075,/root/autodl-tmp/tokenizer-eval/data/nsynth/nsynth-test/audio/guitar_electronic_022-063-075.wav,378,guitar_electronic_022,3,guitar,1,electronic,63,75,16000,
-16.35793,-6.1412888,keyboard_electronic_098-057-050,keyboard_electronic_098-057-050,/root/autodl-tmp/tokenizer-eval/data/nsynth/nsynth-test/audio/keyboard_electronic_098-057-050.wav,905,keyboard_electronic_098,4,keyboard,1,electronic,57,50,16000,dark
20.07204,-17.287144,bass_synthetic_009-023-050,bass_synthetic_009-023-050,/root/autodl-tmp/tokenizer-eval/data/nsynth/nsynth-test/audio/bass_synthetic_009-023-050.wav,150,bass_synthetic_009,0,bass,2,synthetic,23,50,16000,bright|distortion|long_release
22.918665,-3.7641375,keyboard_acoustic_004-076-075,keyboard_acoustic_004-076-075,/root/autodl-tmp/tokenizer-eval/data/nsynth/nsynth-test/audio/keyboard_acoustic_004-076-075.wav,327,keyboard_acoustic_004,4,keyboard,0,acoustic,76,75,16000,reverb
-39.657608,-0.013823537,reed_acoustic_037-069-127,reed_acoustic_037-069-127,/root/autodl-tmp/tokenizer-eval/data/nsynth/nsynth-test/audio/reed_acoustic_037-069-127.wav,387,reed_acoustic_037,7,reed,0,acoustic,69,127,16000,reverb
27.574932,-89.37033,brass_acoustic_046-107-127,brass_acoustic_046-107-127,/root/autodl-tmp/tokenizer-eval/data/nsynth/nsynth-test/audio/brass_acoustic_046-107-127.wav,414,brass_acoustic_046,1,brass,0,acoustic,107,127,16000,long_release
-13.910528,8.871932,brass_acoustic_015-065-100,brass_acoustic_015-065-100,/root/autodl-tmp/tokenizer-eval/data/nsynth/nsynth-test/audio/brass_acoustic_015-065-100.wav,121,brass_acoustic_015,1,brass,0,acoustic,65,100,16000,reverb
-4.895392,-20.992184,vocal_synthetic_003-051-075,vocal_synthetic_003-051-075,/root/autodl-tmp/tokenizer-eval/data/nsynth/nsynth-test/audio/vocal_synthetic_003-051-075.wav,37,vocal_synthetic_003,10,vocal,2,synthetic,51,75,16000,distortion|long_release|nonlinear_env
44.77124,0.99617326,mallet_acoustic_062-048-050,mallet_acoustic_062-048-050,/root/autodl-tmp/tokenizer-eval/data/nsynth/nsynth-test/audio/mallet_acoustic_062-048-050.wav,644,mallet_acoustic_062,5,mallet,0,acoustic,48,50,16000,dark|multiphonic
-45.508022,-12.499406,flute_synthetic_000-072-075,flute_synthetic_000-072-075,/root/autodl-tmp/tokenizer-eval/data/nsynth/nsynth-test/audio/flute_synthetic_000-072-075.wav,82,flute_synthetic_000,2,flute,2,synthetic,72,75,16000,distortion
-33.093872,43.339756,organ_electronic_001-096-025,organ_electronic_001-096-025,/root/autodl-tmp/tokenizer-eval/data/nsynth/nsynth-test/audio/organ_electronic_001-096-025.wav,8,organ_electronic_001,6,organ,1,electronic,96,25,16000,
-4.914036,-35.32377,mallet_acoustic_062-052-075,mallet_acoustic_062-052-075,/root/autodl-tmp/tokenizer-eval/data/nsynth/nsynth-test/audio/mallet_acoustic_062-052-075.wav,644,mallet_acoustic_062,5,mallet,0,acoustic,52,75,16000,dark|multiphonic
26.88372,47.64412,guitar_acoustic_021-108-050,guitar_acoustic_021-108-050,/root/autodl-tmp/tokenizer-eval/data/nsynth/nsynth-test/audio/guitar_acoustic_021-108-050.wav,457,guitar_acoustic_021,3,guitar,0,acoustic,108,50,16000,fast_decay|percussive
18.325657,13.076556,string_acoustic_014-053-025,string_acoustic_014-053-025,/root/autodl-tmp/tokenizer-eval/data/nsynth/nsynth-test/audio/string_acoustic_014-053-025.wav,100,string_acoustic_014,8,string,0,acoustic,53,25,16000,dark|fast_decay|reverb
-7.964269,-2.9414318,guitar_acoustic_014-060-050,guitar_acoustic_014-060-050,/root/autodl-tmp/tokenizer-eval/data/nsynth/nsynth-test/audio/guitar_acoustic_014-060-050.wav,263,guitar_acoustic_014,3,guitar,0,acoustic,60,50,16000,
-32.355026,36.094223,organ_electronic_113-080-025,organ_electronic_113-080-025,/root/autodl-tmp/tokenizer-eval/data/nsynth/nsynth-test/audio/organ_electronic_113-080-025.wav,958,organ_electronic_113,6,organ,1,electronic,80,25,16000,
-45.495586,-7.192351,organ_electronic_104-071-100,organ_electronic_104-071-100,/root/autodl-tmp/tokenizer-eval/data/nsynth/nsynth-test/audio/organ_electronic_104-071-100.wav,921,organ_electronic_104,6,organ,1,electronic,71,100,16000,
-47.28182,12.934187,vocal_synthetic_003-108-050,vocal_synthetic_003-108-050,/root/autodl-tmp/tokenizer-eval/data/nsynth/nsynth-test/audio/vocal_synthetic_003-108-050.wav,37,vocal_synthetic_003,10,vocal,2,synthetic,108,50,16000,bright|distortion|long_release|nonlinear_env
-47.463856,12.268692,vocal_synthetic_003-108-075,vocal_synthetic_003-108-075,/root/autodl-tmp/tokenizer-eval/data/nsynth/nsynth-test/audio/vocal_synthetic_003-108-075.wav,37,vocal_synthetic_003,10,vocal,2,synthetic,108,75,16000,bright|distortion|long_release|nonlinear_env
-27.907698,39.87228,flute_synthetic_000-105-100,flute_synthetic_000-105-100,/root/autodl-tmp/tokenizer-eval/data/nsynth/nsynth-test/audio/flute_synthetic_000-105-100.wav,82,flute_synthetic_000,2,flute,2,synthetic,105,100,16000,bright|distortion
18.99185,-42.928616,bass_synthetic_034-035-075,bass_synthetic_034-035-075,/root/autodl-tmp/tokenizer-eval/data/nsynth/nsynth-test/audio/bass_synthetic_034-035-075.wav,420,bass_synthetic_034,0,bass,2,synthetic,35,75,16000,distortion|tempo-synced
0.64007556,-53.600494,brass_acoustic_006-032-075,brass_acoustic_006-032-075,/root/autodl-tmp/tokenizer-eval/data/nsynth/nsynth-test/audio/brass_acoustic_006-032-075.wav,43,brass_acoustic_006,1,brass,0,acoustic,32,75,16000,reverb
-25.588774,-41.66696,organ_electronic_104-049-075,organ_electronic_104-049-075,/root/autodl-tmp/tokenizer-eval/data/nsynth/nsynth-test/audio/organ_electronic_104-049-075.wav,921,organ_electronic_104,6,organ,1,electronic,49,75,16000,
-31.33334,-28.895597,organ_electronic_001-050-050,organ_electronic_001-050-050,/root/autodl-tmp/tokenizer-eval/data/nsynth/nsynth-test/audio/organ_electronic_001-050-050.wav,8,organ_electronic_001,6,organ,1,electronic,50,50,16000,dark
23.372627,3.1209633,string_acoustic_014-025-050,string_acoustic_014-025-050,/root/autodl-tmp/tokenizer-eval/data/nsynth/nsynth-test/audio/string_acoustic_014-025-050.wav,100,string_acoustic_014,8,string,0,acoustic,25,50,16000,dark|reverb
50.272873,-21.322933,brass_acoustic_059-045-050,brass_acoustic_059-045-050,/root/autodl-tmp/tokenizer-eval/data/nsynth/nsynth-test/audio/brass_acoustic_059-045-050.wav,572,brass_acoustic_059,1,brass,0,acoustic,45,50,16000,dark|reverb
33.059685,-4.920442,flute_synthetic_000-036-127,flute_synthetic_000-036-127,/root/autodl-tmp/tokenizer-eval/data/nsynth/nsynth-test/audio/flute_synthetic_000-036-127.wav,82,flute_synthetic_000,2,flute,2,synthetic,36,127,16000,distortion
-24.672876,-7.0352697,flute_synthetic_000-068-050,flute_synthetic_000-068-050,/root/autodl-tmp/tokenizer-eval/data/nsynth/nsynth-test/audio/flute_synthetic_000-068-050.wav,82,flute_synthetic_000,2,flute,2,synthetic,68,50,16000,distortion
-10.8186655,-4.5902467,brass_acoustic_015-059-127,brass_acoustic_015-059-127,/root/autodl-tmp/tokenizer-eval/data/nsynth/nsynth-test/audio/brass_acoustic_015-059-127.wav,121,brass_acoustic_015,1,brass,0,acoustic,59,127,16000,reverb
41.420918,-36.234344,keyboard_electronic_001-041-075,keyboard_electronic_001-041-075,/root/autodl-tmp/tokenizer-eval/data/nsynth/nsynth-test/audio/keyboard_electronic_001-041-075.wav,40,keyboard_electronic_001,4,keyboard,1,electronic,41,75,16000,dark
-39.613266,-4.021638,organ_electronic_057-070-050,organ_electronic_057-070-050,/root/autodl-tmp/tokenizer-eval/data/nsynth/nsynth-test/audio/organ_electronic_057-070-050.wav,701,organ_electronic_057,6,organ,1,electronic,70,50,16000,
-47.66965,-14.7133665,reed_acoustic_037-060-100,reed_acoustic_037-060-100,/root/autodl-tmp/tokenizer-eval/data/nsynth/nsynth-test/audio/reed_acoustic_037-060-100.wav,387,reed_acoustic_037,7,reed,0,acoustic,60,100,16000,long_release|reverb
33.292477,-30.124,mallet_acoustic_062-034-127,mallet_acoustic_062-034-127,/root/autodl-tmp/tokenizer-eval/data/nsynth/nsynth-test/audio/mallet_acoustic_062-034-127.wav,644,mallet_acoustic_062,5,mallet,0,acoustic,34,127,16000,dark|long_release|multiphonic
-51.799335,15.150313,vocal_synthetic_003-093-075,vocal_synthetic_003-093-075,/root/autodl-tmp/tokenizer-eval/data/nsynth/nsynth-test/audio/vocal_synthetic_003-093-075.wav,37,vocal_synthetic_003,10,vocal,2,synthetic,93,75,16000,long_release|nonlinear_env
19.34831,-28.510431,bass_electronic_027-031-025,bass_electronic_027-031-025,/root/autodl-tmp/tokenizer-eval/data/nsynth/nsynth-test/audio/bass_electronic_027-031-025.wav,880,bass_electronic_027,0,bass,1,electronic,31,25,16000,
45.76456,0.41466463,mallet_acoustic_062-048-100,mallet_acoustic_062-048-100,/root/autodl-tmp/tokenizer-eval/data/nsynth/nsynth-test/audio/mallet_acoustic_062-048-100.wav,644,mallet_acoustic_062,5,mallet,0,acoustic,48,100,16000,dark|multiphonic
26.564117,19.740475,mallet_acoustic_047-101-025,mallet_acoustic_047-101-025,/root/autodl-tmp/tokenizer-eval/data/nsynth/nsynth-test/audio/mallet_acoustic_047-101-025.wav,488,mallet_acoustic_047,5,mallet,0,acoustic,101,25,16000,fast_decay|percussive|reverb
27.27308,19.979124,mallet_acoustic_047-106-127,mallet_acoustic_047-106-127,/root/autodl-tmp/tokenizer-eval/data/nsynth/nsynth-test/audio/mallet_acoustic_047-106-127.wav,488,mallet_acoustic_047,5,mallet,0,acoustic,106,127,16000,fast_decay|percussive|reverb
5.579429,-32.173016,reed_acoustic_011-035-127,reed_acoustic_011-035-127,/root/autodl-tmp/tokenizer-eval/data/nsynth/nsynth-test/audio/reed_acoustic_011-035-127.wav,104,reed_acoustic_011,7,reed,0,acoustic,35,127,16000,bright
-12.450069,-24.091719,organ_electronic_113-041-050,organ_electronic_113-041-050,/root/autodl-tmp/tokenizer-eval/data/nsynth/nsynth-test/audio/organ_electronic_113-041-050.wav,958,organ_electronic_113,6,organ,1,electronic,41,50,16000,dark
25.338217,45.11843,guitar_acoustic_015-098-100,guitar_acoustic_015-098-100,/root/autodl-tmp/tokenizer-eval/data/nsynth/nsynth-test/audio/guitar_acoustic_015-098-100.wav,316,guitar_acoustic_015,3,guitar,0,acoustic,98,100,16000,fast_decay|percussive|reverb
-50.25573,-4.4475126,string_acoustic_057-072-050,string_acoustic_057-072-050,/root/autodl-tmp/tokenizer-eval/data/nsynth/nsynth-test/audio/string_acoustic_057-072-050.wav,450,string_acoustic_057,8,string,0,acoustic,72,50,16000,bright|nonlinear_env|reverb
36.923435,-4.037827,mallet_acoustic_062-036-075,mallet_acoustic_062-036-075,/root/autodl-tmp/tokenizer-eval/data/nsynth/nsynth-test/audio/mallet_acoustic_062-036-075.wav,644,mallet_acoustic_062,5,mallet,0,acoustic,36,75,16000,dark|multiphonic
20.570509,-26.467884,bass_synthetic_068-031-100,bass_synthetic_068-031-100,/root/autodl-tmp/tokenizer-eval/data/nsynth/nsynth-test/audio/bass_synthetic_068-031-100.wav,656,bass_synthetic_068,0,bass,2,synthetic,31,100,16000,dark
-6.6002994,27.774755,mallet_acoustic_062-081-127,mallet_acoustic_062-081-127,/root/autodl-tmp/tokenizer-eval/data/nsynth/nsynth-test/audio/mallet_acoustic_062-081-127.wav,644,mallet_acoustic_062,5,mallet,0,acoustic,81,127,16000,multiphonic
-20.708834,-15.590079,string_acoustic_071-054-075,string_acoustic_071-054-075,/root/autodl-tmp/tokenizer-eval/data/nsynth/nsynth-test/audio/string_acoustic_071-054-075.wav,609,string_acoustic_071,8,string,0,acoustic,54,75,16000,reverb
-30.704983,-3.6024888,vocal_synthetic_003-055-127,vocal_synthetic_003-055-127,/root/autodl-tmp/tokenizer-eval/data/nsynth/nsynth-test/audio/vocal_synthetic_003-055-127.wav,37,vocal_synthetic_003,10,vocal,2,synthetic,55,127,16000,bright|distortion|long_release|nonlinear_env
2.1038048,27.585054,keyboard_electronic_098-082-025,keyboard_electronic_098-082-025,/root/autodl-tmp/tokenizer-eval/data/nsynth/nsynth-test/audio/keyboard_electronic_098-082-025.wav,905,keyboard_electronic_098,4,keyboard,1,electronic,82,25,16000,fast_decay
-13.681412,3.0153308,guitar_acoustic_014-062-127,guitar_acoustic_014-062-127,/root/autodl-tmp/tokenizer-eval/data/nsynth/nsynth-test/audio/guitar_acoustic_014-062-127.wav,263,guitar_acoustic_014,3,guitar,0,acoustic,62,127,16000,
31.8301,39.601284,guitar_acoustic_021-087-050,guitar_acoustic_021-087-050,/root/autodl-tmp/tokenizer-eval/data/nsynth/nsynth-test/audio/guitar_acoustic_021-087-050.wav,457,guitar_acoustic_021,3,guitar,0,acoustic,87,50,16000,fast_decay|percussive
-30.048315,-26.74354,organ_electronic_028-050-127,organ_electronic_028-050-127,/root/autodl-tmp/tokenizer-eval/data/nsynth/nsynth-test/audio/organ_electronic_028-050-127.wav,440,organ_electronic_028,6,organ,1,electronic,50,127,16000,dark
-24.210695,5.9702706,organ_electronic_057-064-100,organ_electronic_057-064-100,/root/autodl-tmp/tokenizer-eval/data/nsynth/nsynth-test/audio/organ_electronic_057-064-100.wav,701,organ_electronic_057,6,organ,1,electronic,64,100,16000,
30.95889,-32.58981,string_acoustic_012-034-025,string_acoustic_012-034-025,/root/autodl-tmp/tokenizer-eval/data/nsynth/nsynth-test/audio/string_acoustic_012-034-025.wav,97,string_acoustic_012,8,string,0,acoustic,34,25,16000,long_release|reverb
23.427467,-21.802116,organ_electronic_028-030-127,organ_electronic_028-030-127,/root/autodl-tmp/tokenizer-eval/data/nsynth/nsynth-test/audio/organ_electronic_028-030-127.wav,440,organ_electronic_028,6,organ,1,electronic,30,127,16000,dark|long_release
26.060247,-20.2124,flute_synthetic_000-030-127,flute_synthetic_000-030-127,/root/autodl-tmp/tokenizer-eval/data/nsynth/nsynth-test/audio/flute_synthetic_000-030-127.wav,82,flute_synthetic_000,2,flute,2,synthetic,30,127,16000,distortion
-39.074806,-0.43778148,flute_acoustic_002-069-025,flute_acoustic_002-069-025,/root/autodl-tmp/tokenizer-eval/data/nsynth/nsynth-test/audio/flute_acoustic_002-069-025.wav,86,flute_acoustic_002,2,flute,0,acoustic,69,25,16000,long_release|reverb
-5.1640697,0.051723365,mallet_acoustic_062-061-100,mallet_acoustic_062-061-100,/root/autodl-tmp/tokenizer-eval/data/nsynth/nsynth-test/audio/mallet_acoustic_062-061-100.wav,644,mallet_acoustic_062,5,mallet,0,acoustic,61,100,16000,dark|multiphonic
24.523298,22.830505,mallet_acoustic_047-066-100,mallet_acoustic_047-066-100,/root/autodl-tmp/tokenizer-eval/data/nsynth/nsynth-test/audio/mallet_acoustic_047-066-100.wav,488,mallet_acoustic_047,5,mallet,0,acoustic,66,100,16000,fast_decay|percussive|reverb
-14.96393,12.7285595,keyboard_electronic_069-067-050,keyboard_electronic_069-067-050,/root/autodl-tmp/tokenizer-eval/data/nsynth/nsynth-test/audio/keyboard_electronic_069-067-050.wav,805,keyboard_electronic_069,4,keyboard,1,electronic,67,50,16000,distortion
-43.865852,-12.64345,flute_synthetic_000-073-127,flute_synthetic_000-073-127,/root/autodl-tmp/tokenizer-eval/data/nsynth/nsynth-test/audio/flute_synthetic_000-073-127.wav,82,flute_synthetic_000,2,flute,2,synthetic,73,127,16000,distortion
23.019302,-40.490234,guitar_acoustic_021-035-050,guitar_acoustic_021-035-050,/root/autodl-tmp/tokenizer-eval/data/nsynth/nsynth-test/audio/guitar_acoustic_021-035-050.wav,457,guitar_acoustic_021,3,guitar,0,acoustic,35,50,16000,
-30.574686,6.6512966,reed_acoustic_011-064-025,reed_acoustic_011-064-025,/root/autodl-tmp/tokenizer-eval/data/nsynth/nsynth-test/audio/reed_acoustic_011-064-025.wav,104,reed_acoustic_011,7,reed,0,acoustic,64,25,16000,
19.053463,20.852558,string_acoustic_056-055-100,string_acoustic_056-055-100,/root/autodl-tmp/tokenizer-eval/data/nsynth/nsynth-test/audio/string_acoustic_056-055-100.wav,436,string_acoustic_056,8,string,0,acoustic,55,100,16000,fast_decay|percussive|reverb
-34.05886,46.435055,reed_acoustic_018-084-075,reed_acoustic_018-084-075,/root/autodl-tmp/tokenizer-eval/data/nsynth/nsynth-test/audio/reed_acoustic_018-084-075.wav,183,reed_acoustic_018,7,reed,0,acoustic,84,75,16000,
-0.037578106,19.69668,mallet_acoustic_062-074-075,mallet_acoustic_062-074-075,/root/autodl-tmp/tokenizer-eval/data/nsynth/nsynth-test/audio/mallet_acoustic_062-074-075.wav,644,mallet_acoustic_062,5,mallet,0,acoustic,74,75,16000,dark|fast_decay|multiphonic
-0.8782065,-19.737099,keyboard_electronic_002-039-075,keyboard_electronic_002-039-075,/root/autodl-tmp/tokenizer-eval/data/nsynth/nsynth-test/audio/keyboard_electronic_002-039-075.wav,50,keyboard_electronic_002,4,keyboard,1,electronic,39,75,16000,distortion
14.8109665,-7.412132,bass_synthetic_068-038-050,bass_synthetic_068-038-050,/root/autodl-tmp/tokenizer-eval/data/nsynth/nsynth-test/audio/bass_synthetic_068-038-050.wav,656,bass_synthetic_068,0,bass,2,synthetic,38,50,16000,dark
-0.23083553,-59.953087,guitar_acoustic_030-044-100,guitar_acoustic_030-044-100,/root/autodl-tmp/tokenizer-eval/data/nsynth/nsynth-test/audio/guitar_acoustic_030-044-100.wav,642,guitar_acoustic_030,3,guitar,0,acoustic,44,100,16000,long_release|tempo-synced
-29.938053,31.067492,string_acoustic_057-090-100,string_acoustic_057-090-100,/root/autodl-tmp/tokenizer-eval/data/nsynth/nsynth-test/audio/string_acoustic_057-090-100.wav,450,string_acoustic_057,8,string,0,acoustic,90,100,16000,nonlinear_env|reverb
35.02022,48.91817,mallet_acoustic_062-095-050,mallet_acoustic_062-095-050,/root/autodl-tmp/tokenizer-eval/data/nsynth/nsynth-test/audio/mallet_acoustic_062-095-050.wav,644,mallet_acoustic_062,5,mallet,0,acoustic,95,50,16000,fast_decay|multiphonic
-12.47952,7.449768,keyboard_electronic_078-065-075,keyboard_electronic_078-065-075,/root/autodl-tmp/tokenizer-eval/data/nsynth/nsynth-test/audio/keyboard_electronic_078-065-075.wav,838,keyboard_electronic_078,4,keyboard,1,electronic,65,75,16000,bright
28.99004,37.586235,bass_synthetic_068-089-100,bass_synthetic_068-089-100,/root/autodl-tmp/tokenizer-eval/data/nsynth/nsynth-test/audio/bass_synthetic_068-089-100.wav,656,bass_synthetic_068,0,bass,2,synthetic,89,100,16000,fast_decay
-10.798075,34.25881,guitar_electronic_028-096-075,guitar_electronic_028-096-075,/root/autodl-tmp/tokenizer-eval/data/nsynth/nsynth-test/audio/guitar_electronic_028-096-075.wav,510,guitar_electronic_028,3,guitar,1,electronic,96,75,16000,
-7.3460765,-37.564503,vocal_acoustic_000-052-127,vocal_acoustic_000-052-127,/root/autodl-tmp/tokenizer-eval/data/nsynth/nsynth-test/audio/vocal_acoustic_000-052-127.wav,46,vocal_acoustic_000,10,vocal,0,acoustic,52,127,16000,reverb
1.6390167,11.789131,guitar_acoustic_010-071-075,guitar_acoustic_010-071-075,/root/autodl-tmp/tokenizer-eval/data/nsynth/nsynth-test/audio/guitar_acoustic_010-071-075.wav,219,guitar_acoustic_010,3,guitar,0,acoustic,71,75,16000,
27.574932,-89.37033,brass_acoustic_046-106-025,brass_acoustic_046-106-025,/root/autodl-tmp/tokenizer-eval/data/nsynth/nsynth-test/audio/brass_acoustic_046-106-025.wav,414,brass_acoustic_046,1,brass,0,acoustic,106,25,16000,long_release
-42.632915,29.140936,brass_acoustic_046-074-025,brass_acoustic_046-074-025,/root/autodl-tmp/tokenizer-eval/data/nsynth/nsynth-test/audio/brass_acoustic_046-074-025.wav,414,brass_acoustic_046,1,brass,0,acoustic,74,25,16000,
32.892494,-18.636974,guitar_acoustic_021-029-025,guitar_acoustic_021-029-025,/root/autodl-tmp/tokenizer-eval/data/nsynth/nsynth-test/audio/guitar_acoustic_021-029-025.wav,457,guitar_acoustic_021,3,guitar,0,acoustic,29,25,16000,
-13.089032,21.80437,keyboard_electronic_078-077-050,keyboard_electronic_078-077-050,/root/autodl-tmp/tokenizer-eval/data/nsynth/nsynth-test/audio/keyboard_electronic_078-077-050.wav,838,keyboard_electronic_078,4,keyboard,1,electronic,77,50,16000,bright
40.90377,49.641346,keyboard_synthetic_000-027-127,keyboard_synthetic_000-027-127,/root/autodl-tmp/tokenizer-eval/data/nsynth/nsynth-test/audio/keyboard_synthetic_000-027-127.wav,577,keyboard_synthetic_000,4,keyboard,2,synthetic,27,127,16000,bright|distortion|fast_decay|nonlinear_env
-15.118337,12.447129,keyboard_electronic_069-066-100,keyboard_electronic_069-066-100,/root/autodl-tmp/tokenizer-eval/data/nsynth/nsynth-test/audio/keyboard_electronic_069-066-100.wav,805,keyboard_electronic_069,4,keyboard,1,electronic,66,100,16000,distortion
22.487532,-9.076091,bass_synthetic_068-021-127,bass_synthetic_068-021-127,/root/autodl-tmp/tokenizer-eval/data/nsynth/nsynth-test/audio/bass_synthetic_068-021-127.wav,656,bass_synthetic_068,0,bass,2,synthetic,21,127,16000,dark|distortion
-6.5857415,-38.040146,organ_electronic_057-052-075,organ_electronic_057-052-075,/root/autodl-tmp/tokenizer-eval/data/nsynth/nsynth-test/audio/organ_electronic_057-052-075.wav,701,organ_electronic_057,6,organ,1,electronic,52,75,16000,dark
-38.49981,36.947594,string_acoustic_057-086-127,string_acoustic_057-086-127,/root/autodl-tmp/tokenizer-eval/data/nsynth/nsynth-test/audio/string_acoustic_057-086-127.wav,450,string_acoustic_057,8,string,0,acoustic,86,127,16000,nonlinear_env|reverb
-14.478468,-12.114426,mallet_acoustic_062-054-100,mallet_acoustic_062-054-100,/root/autodl-tmp/tokenizer-eval/data/nsynth/nsynth-test/audio/mallet_acoustic_062-054-100.wav,644,mallet_acoustic_062,5,mallet,0,acoustic,54,100,16000,dark|multiphonic
24.035446,-6.6603827,keyboard_electronic_001-084-050,keyboard_electronic_001-084-050,/root/autodl-tmp/tokenizer-eval/data/nsynth/nsynth-test/audio/keyboard_electronic_001-084-050.wav,40,keyboard_electronic_001,4,keyboard,1,electronic,84,50,16000,percussive
25.980871,46.746677,guitar_acoustic_015-100-075,guitar_acoustic_015-100-075,/root/autodl-tmp/tokenizer-eval/data/nsynth/nsynth-test/audio/guitar_acoustic_015-100-075.wav,316,guitar_acoustic_015,3,guitar,0,acoustic,100,75,16000,fast_decay|percussive|reverb
-24.101595,14.065429,organ_electronic_057-067-050,organ_electronic_057-067-050,/root/autodl-tmp/tokenizer-eval/data/nsynth/nsynth-test/audio/organ_electronic_057-067-050.wav,701,organ_electronic_057,6,organ,1,electronic,67,50,16000,
-48.83153,19.961243,vocal_synthetic_003-086-050,vocal_synthetic_003-086-050,/root/autodl-tmp/tokenizer-eval/data/nsynth/nsynth-test/audio/vocal_synthetic_003-086-050.wav,37,vocal_synthetic_003,10,vocal,2,synthetic,86,50,16000,bright|distortion|long_release|nonlinear_env
12.669551,4.149636,bass_synthetic_098-076-025,bass_synthetic_098-076-025,/root/autodl-tmp/tokenizer-eval/data/nsynth/nsynth-test/audio/bass_synthetic_098-076-025.wav,803,bass_synthetic_098,0,bass,2,synthetic,76,25,16000,
48.408447,-17.162996,mallet_acoustic_062-033-100,mallet_acoustic_062-033-100,/root/autodl-tmp/tokenizer-eval/data/nsynth/nsynth-test/audio/mallet_acoustic_062-033-100.wav,644,mallet_acoustic_062,5,mallet,0,acoustic,33,100,16000,dark|long_release|multiphonic
27.382006,2.2680552,string_acoustic_014-040-050,string_acoustic_014-040-050,/root/autodl-tmp/tokenizer-eval/data/nsynth/nsynth-test/audio/string_acoustic_014-040-050.wav,100,string_acoustic_014,8,string,0,acoustic,40,50,16000,dark|reverb
0.6359085,-53.837715,brass_acoustic_006-032-127,brass_acoustic_006-032-127,/root/autodl-tmp/tokenizer-eval/data/nsynth/nsynth-test/audio/brass_acoustic_006-032-127.wav,43,brass_acoustic_006,1,brass,0,acoustic,32,127,16000,reverb
15.731543,-40.928986,reed_acoustic_011-047-100,reed_acoustic_011-047-100,/root/autodl-tmp/tokenizer-eval/data/nsynth/nsynth-test/audio/reed_acoustic_011-047-100.wav,104,reed_acoustic_011,7,reed,0,acoustic,47,100,16000,bright
13.613585,-16.202827,string_acoustic_012-042-025,string_acoustic_012-042-025,/root/autodl-tmp/tokenizer-eval/data/nsynth/nsynth-test/audio/string_acoustic_012-042-025.wav,97,string_acoustic_012,8,string,0,acoustic,42,25,16000,long_release|reverb
26.943726,-19.83596,flute_synthetic_000-029-075,flute_synthetic_000-029-075,/root/autodl-tmp/tokenizer-eval/data/nsynth/nsynth-test/audio/flute_synthetic_000-029-075.wav,82,flute_synthetic_000,2,flute,2,synthetic,29,75,16000,distortion
23.830534,-10.344284,mallet_acoustic_062-026-075,mallet_acoustic_062-026-075,/root/autodl-tmp/tokenizer-eval/data/nsynth/nsynth-test/audio/mallet_acoustic_062-026-075.wav,644,mallet_acoustic_062,5,mallet,0,acoustic,26,75,16000,dark|long_release|multiphonic
-5.189508,2.5461009,mallet_acoustic_062-060-050,mallet_acoustic_062-060-050,/root/autodl-tmp/tokenizer-eval/data/nsynth/nsynth-test/audio/mallet_acoustic_062-060-050.wav,644,mallet_acoustic_062,5,mallet,0,acoustic,60,50,16000,dark|fast_decay|multiphonic
24.487108,-6.1208057,keyboard_electronic_001-098-025,keyboard_electronic_001-098-025,/root/autodl-tmp/tokenizer-eval/data/nsynth/nsynth-test/audio/keyboard_electronic_001-098-025.wav,40,keyboard_electronic_001,4,keyboard,1,electronic,98,25,16000,long_release
17.718138,-29.806622,string_acoustic_071-031-050,string_acoustic_071-031-050,/root/autodl-tmp/tokenizer-eval/data/nsynth/nsynth-test/audio/string_acoustic_071-031-050.wav,609,string_acoustic_071,8,string,0,acoustic,31,50,16000,long_release|reverb
-13.779279,-9.229308,brass_acoustic_015-055-050,brass_acoustic_015-055-050,/root/autodl-tmp/tokenizer-eval/data/nsynth/nsynth-test/audio/brass_acoustic_015-055-050.wav,121,brass_acoustic_015,1,brass,0,acoustic,55,50,16000,reverb
-42.72588,-16.992743,organ_electronic_001-073-050,organ_electronic_001-073-050,/root/autodl-tmp/tokenizer-eval/data/nsynth/nsynth-test/audio/organ_electronic_001-073-050.wav,8,organ_electronic_001,6,organ,1,electronic,73,50,16000,
25.692947,-26.511786,vocal_synthetic_003-028-100,vocal_synthetic_003-028-100,/root/autodl-tmp/tokenizer-eval/data/nsynth/nsynth-test/audio/vocal_synthetic_003-028-100.wav,37,vocal_synthetic_003,10,vocal,2,synthetic,28,100,16000,bright|distortion|long_release|nonlinear_env
-19.542665,-23.78663,brass_acoustic_046-053-127,brass_acoustic_046-053-127,/root/autodl-tmp/tokenizer-eval/data/nsynth/nsynth-test/audio/brass_acoustic_046-053-127.wav,414,brass_acoustic_046,1,brass,0,acoustic,53,127,16000,
13.305522,5.4434085,bass_synthetic_098-035-127,bass_synthetic_098-035-127,/root/autodl-tmp/tokenizer-eval/data/nsynth/nsynth-test/audio/bass_synthetic_098-035-127.wav,803,bass_synthetic_098,0,bass,2,synthetic,35,127,16000,distortion
23.69399,21.83193,mallet_acoustic_047-103-025,mallet_acoustic_047-103-025,/root/autodl-tmp/tokenizer-eval/data/nsynth/nsynth-test/audio/mallet_acoustic_047-103-025.wav,488,mallet_acoustic_047,5,mallet,0,acoustic,103,25,16000,fast_decay|percussive|reverb
-30.588291,37.564842,organ_electronic_104-082-025,organ_electronic_104-082-025,/root/autodl-tmp/tokenizer-eval/data/nsynth/nsynth-test/audio/organ_electronic_104-082-025.wav,921,organ_electronic_104,6,organ,1,electronic,82,25,16000,
-11.653899,-23.986809,flute_synthetic_000-053-127,flute_synthetic_000-053-127,/root/autodl-tmp/tokenizer-eval/data/nsynth/nsynth-test/audio/flute_synthetic_000-053-127.wav,82,flute_synthetic_000,2,flute,2,synthetic,53,127,16000,distortion
25.111227,-11.713385,bass_electronic_018-027-075,bass_electronic_018-027-075,/root/autodl-tmp/tokenizer-eval/data/nsynth/nsynth-test/audio/bass_electronic_018-027-075.wav,759,bass_electronic_018,0,bass,1,electronic,27,75,16000,
-33.682045,-10.652786,reed_acoustic_018-058-075,reed_acoustic_018-058-075,/root/autodl-tmp/tokenizer-eval/data/nsynth/nsynth-test/audio/reed_acoustic_018-058-075.wav,183,reed_acoustic_018,7,reed,0,acoustic,58,75,16000,
-3.87102,-10.115309,guitar_acoustic_015-037-075,guitar_acoustic_015-037-075,/root/autodl-tmp/tokenizer-eval/data/nsynth/nsynth-test/audio/guitar_acoustic_015-037-075.wav,316,guitar_acoustic_015,3,guitar,0,acoustic,37,75,16000,reverb
-29.831814,-29.928907,keyboard_electronic_002-050-050,keyboard_electronic_002-050-050,/root/autodl-tmp/tokenizer-eval/data/nsynth/nsynth-test/audio/keyboard_electronic_002-050-050.wav,50,keyboard_electronic_002,4,keyboard,1,electronic,50,50,16000,
-19.016066,-3.2198973,organ_electronic_104-058-075,organ_electronic_104-058-075,/root/autodl-tmp/tokenizer-eval/data/nsynth/nsynth-test/audio/organ_electronic_104-058-075.wav,921,organ_electronic_104,6,organ,1,electronic,58,75,16000,
21.422691,32.98379,mallet_acoustic_047-073-075,mallet_acoustic_047-073-075,/root/autodl-tmp/tokenizer-eval/data/nsynth/nsynth-test/audio/mallet_acoustic_047-073-075.wav,488,mallet_acoustic_047,5,mallet,0,acoustic,73,75,16000,fast_decay|percussive|reverb
-0.25508696,27.422127,mallet_acoustic_056-081-127,mallet_acoustic_056-081-127,/root/autodl-tmp/tokenizer-eval/data/nsynth/nsynth-test/audio/mallet_acoustic_056-081-127.wav,590,mallet_acoustic_056,5,mallet,0,acoustic,81,127,16000,fast_decay
-11.65672,-23.98035,flute_synthetic_000-053-025,flute_synthetic_000-053-025,/root/autodl-tmp/tokenizer-eval/data/nsynth/nsynth-test/audio/flute_synthetic_000-053-025.wav,82,flute_synthetic_000,2,flute,2,synthetic,53,25,16000,distortion
14.229044,27.834406,keyboard_electronic_002-086-050,keyboard_electronic_002-086-050,/root/autodl-tmp/tokenizer-eval/data/nsynth/nsynth-test/audio/keyboard_electronic_002-086-050.wav,50,keyboard_electronic_002,4,keyboard,1,electronic,86,50,16000,fast_decay|percussive
-17.268,-5.5425477,guitar_acoustic_010-057-025,guitar_acoustic_010-057-025,/root/autodl-tmp/tokenizer-eval/data/nsynth/nsynth-test/audio/guitar_acoustic_010-057-025.wav,219,guitar_acoustic_010,3,guitar,0,acoustic,57,25,16000,
-43.269535,28.664005,brass_acoustic_006-074-100,brass_acoustic_006-074-100,/root/autodl-tmp/tokenizer-eval/data/nsynth/nsynth-test/audio/brass_acoustic_006-074-100.wav,43,brass_acoustic_006,1,brass,0,acoustic,74,100,16000,reverb
24.907705,-23.5499,flute_synthetic_000-039-127,flute_synthetic_000-039-127,/root/autodl-tmp/tokenizer-eval/data/nsynth/nsynth-test/audio/flute_synthetic_000-039-127.wav,82,flute_synthetic_000,2,flute,2,synthetic,39,127,16000,distortion
12.559183,-28.706087,brass_acoustic_006-043-050,brass_acoustic_006-043-050,/root/autodl-tmp/tokenizer-eval/data/nsynth/nsynth-test/audio/brass_acoustic_006-043-050.wav,43,brass_acoustic_006,1,brass,0,acoustic,43,50,16000,reverb
-24.251417,-39.79403,bass_synthetic_034-049-075,bass_synthetic_034-049-075,/root/autodl-tmp/tokenizer-eval/data/nsynth/nsynth-test/audio/bass_synthetic_034-049-075.wav,420,bass_synthetic_034,0,bass,2,synthetic,49,75,16000,distortion|tempo-synced
-0.21142179,-22.342117,guitar_electronic_028-039-025,guitar_electronic_028-039-025,/root/autodl-tmp/tokenizer-eval/data/nsynth/nsynth-test/audio/guitar_electronic_028-039-025.wav,510,guitar_electronic_028,3,guitar,1,electronic,39,25,16000,dark
-16.477232,-14.4892025,bass_synthetic_134-054-050,bass_synthetic_134-054-050,/root/autodl-tmp/tokenizer-eval/data/nsynth/nsynth-test/audio/bass_synthetic_134-054-050.wav,914,bass_synthetic_134,0,bass,2,synthetic,54,50,16000,dark|reverb
-19.681019,-40.941727,keyboard_electronic_003-030-100,keyboard_electronic_003-030-100,/root/autodl-tmp/tokenizer-eval/data/nsynth/nsynth-test/audio/keyboard_electronic_003-030-100.wav,65,keyboard_electronic_003,4,keyboard,1,electronic,30,100,16000,distortion
2.2788856,-22.185837,keyboard_electronic_001-039-127,keyboard_electronic_001-039-127,/root/autodl-tmp/tokenizer-eval/data/nsynth/nsynth-test/audio/keyboard_electronic_001-039-127.wav,40,keyboard_electronic_001,4,keyboard,1,electronic,39,127,16000,
2.9980786,-2.437451,string_acoustic_056-037-050,string_acoustic_056-037-050,/root/autodl-tmp/tokenizer-eval/data/nsynth/nsynth-test/audio/string_acoustic_056-037-050.wav,436,string_acoustic_056,8,string,0,acoustic,37,50,16000,reverb
18.04109,-29.298042,flute_synthetic_000-043-050,flute_synthetic_000-043-050,/root/autodl-tmp/tokenizer-eval/data/nsynth/nsynth-test/audio/flute_synthetic_000-043-050.wav,82,flute_synthetic_000,2,flute,2,synthetic,43,50,16000,distortion
22.08657,31.871191,keyboard_electronic_098-100-075,keyboard_electronic_098-100-075,/root/autodl-tmp/tokenizer-eval/data/nsynth/nsynth-test/audio/keyboard_electronic_098-100-075.wav,905,keyboard_electronic_098,4,keyboard,1,electronic,100,75,16000,bright|fast_decay|percussive
-22.233171,15.469513,flute_acoustic_002-067-025,flute_acoustic_002-067-025,/root/autodl-tmp/tokenizer-eval/data/nsynth/nsynth-test/audio/flute_acoustic_002-067-025.wav,86,flute_acoustic_002,2,flute,0,acoustic,67,25,16000,long_release|reverb
-4.4127984,30.299208,guitar_electronic_028-082-100,guitar_electronic_028-082-100,/root/autodl-tmp/tokenizer-eval/data/nsynth/nsynth-test/audio/guitar_electronic_028-082-100.wav,510,guitar_electronic_028,3,guitar,1,electronic,82,100,16000,
32.51528,46.244625,mallet_acoustic_062-089-050,mallet_acoustic_062-089-050,/root/autodl-tmp/tokenizer-eval/data/nsynth/nsynth-test/audio/mallet_acoustic_062-089-050.wav,644,mallet_acoustic_062,5,mallet,0,acoustic,89,50,16000,fast_decay|multiphonic
-37.536858,16.43808,organ_electronic_007-089-025,organ_electronic_007-089-025,/root/autodl-tmp/tokenizer-eval/data/nsynth/nsynth-test/audio/organ_electronic_007-089-025.wav,123,organ_electronic_007,6,organ,1,electronic,89,25,16000,long_release|nonlinear_env
27.574932,-89.37033,brass_acoustic_046-093-075,brass_acoustic_046-093-075,/root/autodl-tmp/tokenizer-eval/data/nsynth/nsynth-test/audio/brass_acoustic_046-093-075.wav,414,brass_acoustic_046,1,brass,0,acoustic,93,75,16000,long_release
-22.970846,-37.574177,reed_acoustic_011-049-050,reed_acoustic_011-049-050,/root/autodl-tmp/tokenizer-eval/data/nsynth/nsynth-test/audio/reed_acoustic_011-049-050.wav,104,reed_acoustic_011,7,reed,0,acoustic,49,50,16000,
26.399366,1.3640164,mallet_acoustic_062-039-025,mallet_acoustic_062-039-025,/root/autodl-tmp/tokenizer-eval/data/nsynth/nsynth-test/audio/mallet_acoustic_062-039-025.wav,644,mallet_acoustic_062,5,mallet,0,acoustic,39,25,16000,dark|fast_decay|multiphonic
31.467552,-34.0232,keyboard_electronic_098-034-100,keyboard_electronic_098-034-100,/root/autodl-tmp/tokenizer-eval/data/nsynth/nsynth-test/audio/keyboard_electronic_098-034-100.wav,905,keyboard_electronic_098,4,keyboard,1,electronic,34,100,16000,dark|distortion
29.876822,42.830357,string_acoustic_056-061-075,string_acoustic_056-061-075,/root/autodl-tmp/tokenizer-eval/data/nsynth/nsynth-test/audio/string_acoustic_056-061-075.wav,436,string_acoustic_056,8,string,0,acoustic,61,75,16000,fast_decay|reverb
-47.42374,-4.562132,flute_synthetic_000-083-127,flute_synthetic_000-083-127,/root/autodl-tmp/tokenizer-eval/data/nsynth/nsynth-test/audio/flute_synthetic_000-083-127.wav,82,flute_synthetic_000,2,flute,2,synthetic,83,127,16000,distortion
27.631592,-2.3076215,bass_synthetic_068-035-127,bass_synthetic_068-035-127,/root/autodl-tmp/tokenizer-eval/data/nsynth/nsynth-test/audio/bass_synthetic_068-035-127.wav,656,bass_synthetic_068,0,bass,2,synthetic,35,127,16000,dark|distortion
-0.59140396,-61.421566,keyboard_electronic_098-044-100,keyboard_electronic_098-044-100,/root/autodl-tmp/tokenizer-eval/data/nsynth/nsynth-test/audio/keyboard_electronic_098-044-100.wav,905,keyboard_electronic_098,4,keyboard,1,electronic,44,100,16000,dark|distortion
-10.835116,5.0950594,keyboard_electronic_002-063-025,keyboard_electronic_002-063-025,/root/autodl-tmp/tokenizer-eval/data/nsynth/nsynth-test/audio/keyboard_electronic_002-063-025.wav,50,keyboard_electronic_002,4,keyboard,1,electronic,63,25,16000,
10.880604,-6.007848,organ_electronic_113-027-025,organ_electronic_113-027-025,/root/autodl-tmp/tokenizer-eval/data/nsynth/nsynth-test/audio/organ_electronic_113-027-025.wav,958,organ_electronic_113,6,organ,1,electronic,27,25,16000,dark
-15.512499,27.417727,guitar_electronic_022-089-100,guitar_electronic_022-089-100,/root/autodl-tmp/tokenizer-eval/data/nsynth/nsynth-test/audio/guitar_electronic_022-089-100.wav,378,guitar_electronic_022,3,guitar,1,electronic,89,100,16000,
-16.59478,21.578577,guitar_electronic_022-077-100,guitar_electronic_022-077-100,/root/autodl-tmp/tokenizer-eval/data/nsynth/nsynth-test/audio/guitar_electronic_022-077-100.wav,378,guitar_electronic_022,3,guitar,1,electronic,77,100,16000,
45.35196,36.139217,reed_acoustic_023-054-100,reed_acoustic_023-054-100,/root/autodl-tmp/tokenizer-eval/data/nsynth/nsynth-test/audio/reed_acoustic_023-054-100.wav,224,reed_acoustic_023,7,reed,0,acoustic,54,100,16000,bright|fast_decay|multiphonic|nonlinear_env
-43.760868,-9.427999,flute_synthetic_000-071-127,flute_synthetic_000-071-127,/root/autodl-tmp/tokenizer-eval/data/nsynth/nsynth-test/audio/flute_synthetic_000-071-127.wav,82,flute_synthetic_000,2,flute,2,synthetic,71,127,16000,distortion
22.244036,-20.811426,vocal_synthetic_003-030-127,vocal_synthetic_003-030-127,/root/autodl-tmp/tokenizer-eval/data/nsynth/nsynth-test/audio/vocal_synthetic_003-030-127.wav,37,vocal_synthetic_003,10,vocal,2,synthetic,30,127,16000,bright|distortion|long_release|nonlinear_env
-35.26126,35.908115,bass_synthetic_009-091-025,bass_synthetic_009-091-025,/root/autodl-tmp/tokenizer-eval/data/nsynth/nsynth-test/audio/bass_synthetic_009-091-025.wav,150,bass_synthetic_009,0,bass,2,synthetic,91,25,16000,long_release
-10.249765,29.908432,bass_synthetic_034-104-127,bass_synthetic_034-104-127,/root/autodl-tmp/tokenizer-eval/data/nsynth/nsynth-test/audio/bass_synthetic_034-104-127.wav,420,bass_synthetic_034,0,bass,2,synthetic,104,127,16000,bright|distortion|tempo-synced
19.52749,-44.401314,organ_electronic_104-035-025,organ_electronic_104-035-025,/root/autodl-tmp/tokenizer-eval/data/nsynth/nsynth-test/audio/organ_electronic_104-035-025.wav,921,organ_electronic_104,6,organ,1,electronic,35,25,16000,
-24.126966,5.9154673,organ_electronic_057-064-025,organ_electronic_057-064-025,/root/autodl-tmp/tokenizer-eval/data/nsynth/nsynth-test/audio/organ_electronic_057-064-025.wav,701,organ_electronic_057,6,organ,1,electronic,64,25,16000,
-31.606472,-25.598621,vocal_synthetic_003-050-100,vocal_synthetic_003-050-100,/root/autodl-tmp/tokenizer-eval/data/nsynth/nsynth-test/audio/vocal_synthetic_003-050-100.wav,37,vocal_synthetic_003,10,vocal,2,synthetic,50,100,16000,bright|distortion|long_release|nonlinear_env
23.937426,42.708473,keyboard_electronic_098-107-050,keyboard_electronic_098-107-050,/root/autodl-tmp/tokenizer-eval/data/nsynth/nsynth-test/audio/keyboard_electronic_098-107-050.wav,905,keyboard_electronic_098,4,keyboard,1,electronic,107,50,16000,bright|fast_decay|percussive
8.824086,22.85952,mallet_acoustic_062-068-050,mallet_acoustic_062-068-050,/root/autodl-tmp/tokenizer-eval/data/nsynth/nsynth-test/audio/mallet_acoustic_062-068-050.wav,644,mallet_acoustic_062,5,mallet,0,acoustic,68,50,16000,dark|fast_decay|multiphonic
-47.274128,14.297052,vocal_synthetic_003-107-050,vocal_synthetic_003-107-050,/root/autodl-tmp/tokenizer-eval/data/nsynth/nsynth-test/audio/vocal_synthetic_003-107-050.wav,37,vocal_synthetic_003,10,vocal,2,synthetic,107,50,16000,bright|distortion|long_release|nonlinear_env
-9.878162,4.499747,bass_synthetic_068-062-075,bass_synthetic_068-062-075,/root/autodl-tmp/tokenizer-eval/data/nsynth/nsynth-test/audio/bass_synthetic_068-062-075.wav,656,bass_synthetic_068,0,bass,2,synthetic,62,75,16000,dark
13.627607,-13.20588,mallet_acoustic_062-042-025,mallet_acoustic_062-042-025,/root/autodl-tmp/tokenizer-eval/data/nsynth/nsynth-test/audio/mallet_acoustic_062-042-025.wav,644,mallet_acoustic_062,5,mallet,0,acoustic,42,25,16000,dark|fast_decay|multiphonic
27.961376,-1.6237761,mallet_acoustic_062-035-025,mallet_acoustic_062-035-025,/root/autodl-tmp/tokenizer-eval/data/nsynth/nsynth-test/audio/mallet_acoustic_062-035-025.wav,644,mallet_acoustic_062,5,mallet,0,acoustic,35,25,16000,dark|multiphonic
-15.885202,-25.391375,vocal_synthetic_003-053-050,vocal_synthetic_003-053-050,/root/autodl-tmp/tokenizer-eval/data/nsynth/nsynth-test/audio/vocal_synthetic_003-053-050.wav,37,vocal_synthetic_003,10,vocal,2,synthetic,53,50,16000,distortion|long_release|nonlinear_env
17.754404,17.224712,string_acoustic_056-060-127,string_acoustic_056-060-127,/root/autodl-tmp/tokenizer-eval/data/nsynth/nsynth-test/audio/string_acoustic_056-060-127.wav,436,string_acoustic_056,8,string,0,acoustic,60,127,16000,fast_decay|reverb
0.31928328,13.26068,guitar_acoustic_014-071-050,guitar_acoustic_014-071-050,/root/autodl-tmp/tokenizer-eval/data/nsynth/nsynth-test/audio/guitar_acoustic_014-071-050.wav,263,guitar_acoustic_014,3,guitar,0,acoustic,71,50,16000,
16.020355,5.5490932,bass_synthetic_098-086-100,bass_synthetic_098-086-100,/root/autodl-tmp/tokenizer-eval/data/nsynth/nsynth-test/audio/bass_synthetic_098-086-100.wav,803,bass_synthetic_098,0,bass,2,synthetic,86,100,16000,
30.25957,-28.94479,brass_acoustic_006-027-100,brass_acoustic_006-027-100,/root/autodl-tmp/tokenizer-eval/data/nsynth/nsynth-test/audio/brass_acoustic_006-027-100.wav,43,brass_acoustic_006,1,brass,0,acoustic,27,100,16000,reverb
-26.079062,31.80826,flute_synthetic_000-091-050,flute_synthetic_000-091-050,/root/autodl-tmp/tokenizer-eval/data/nsynth/nsynth-test/audio/flute_synthetic_000-091-050.wav,82,flute_synthetic_000,2,flute,2,synthetic,91,50,16000,distortion
26.505926,40.957485,string_acoustic_056-074-075,string_acoustic_056-074-075,/root/autodl-tmp/tokenizer-eval/data/nsynth/nsynth-test/audio/string_acoustic_056-074-075.wav,436,string_acoustic_056,8,string,0,acoustic,74,75,16000,fast_decay|percussive|reverb
55.206264,-19.20888,string_acoustic_080-026-050,string_acoustic_080-026-050,/root/autodl-tmp/tokenizer-eval/data/nsynth/nsynth-test/audio/string_acoustic_080-026-050.wav,675,string_acoustic_080,8,string,0,acoustic,26,50,16000,long_release|reverb
-31.235897,30.675371,string_acoustic_057-089-025,string_acoustic_057-089-025,/root/autodl-tmp/tokenizer-eval/data/nsynth/nsynth-test/audio/string_acoustic_057-089-025.wav,450,string_acoustic_057,8,string,0,acoustic,89,25,16000,bright|nonlinear_env|reverb
-28.827976,25.53535,string_acoustic_057-077-100,string_acoustic_057-077-100,/root/autodl-tmp/tokenizer-eval/data/nsynth/nsynth-test/audio/string_acoustic_057-077-100.wav,450,string_acoustic_057,8,string,0,acoustic,77,100,16000,bright|nonlinear_env|reverb
-19.733856,44.658432,flute_acoustic_002-095-050,flute_acoustic_002-095-050,/root/autodl-tmp/tokenizer-eval/data/nsynth/nsynth-test/audio/flute_acoustic_002-095-050.wav,86,flute_acoustic_002,2,flute,0,acoustic,95,50,16000,long_release|reverb
-50.021046,20.118988,vocal_synthetic_003-085-050,vocal_synthetic_003-085-050,/root/autodl-tmp/tokenizer-eval/data/nsynth/nsynth-test/audio/vocal_synthetic_003-085-050.wav,37,vocal_synthetic_003,10,vocal,2,synthetic,85,50,16000,bright|distortion|long_release|nonlinear_env
3.4420545,-2.9466558,mallet_acoustic_062-049-025,mallet_acoustic_062-049-025,/root/autodl-tmp/tokenizer-eval/data/nsynth/nsynth-test/audio/mallet_acoustic_062-049-025.wav,644,mallet_acoustic_062,5,mallet,0,acoustic,49,25,16000,dark|fast_decay|multiphonic
-23.77161,-41.70087,flute_synthetic_000-049-050,flute_synthetic_000-049-050,/root/autodl-tmp/tokenizer-eval/data/nsynth/nsynth-test/audio/flute_synthetic_000-049-050.wav,82,flute_synthetic_000,2,flute,2,synthetic,49,50,16000,distortion
17.926798,-41.08269,bass_electronic_025-047-100,bass_electronic_025-047-100,/root/autodl-tmp/tokenizer-eval/data/nsynth/nsynth-test/audio/bass_electronic_025-047-100.wav,872,bass_electronic_025,0,bass,1,electronic,47,100,16000,
42.40544,-36.2758,organ_electronic_104-041-075,organ_electronic_104-041-075,/root/autodl-tmp/tokenizer-eval/data/nsynth/nsynth-test/audio/organ_electronic_104-041-075.wav,921,organ_electronic_104,6,organ,1,electronic,41,75,16000,
50.33054,-19.980366,organ_electronic_007-045-127,organ_electronic_007-045-127,/root/autodl-tmp/tokenizer-eval/data/nsynth/nsynth-test/audio/organ_electronic_007-045-127.wav,123,organ_electronic_007,6,organ,1,electronic,45,127,16000,distortion|long_release|nonlinear_env
0.5884389,-55.84843,bass_synthetic_009-032-075,bass_synthetic_009-032-075,/root/autodl-tmp/tokenizer-eval/data/nsynth/nsynth-test/audio/bass_synthetic_009-032-075.wav,150,bass_synthetic_009,0,bass,2,synthetic,32,75,16000,bright|distortion|long_release
23.949215,23.329418,mallet_acoustic_047-086-127,mallet_acoustic_047-086-127,/root/autodl-tmp/tokenizer-eval/data/nsynth/nsynth-test/audio/mallet_acoustic_047-086-127.wav,488,mallet_acoustic_047,5,mallet,0,acoustic,86,127,16000,fast_decay|percussive|reverb
-52.2244,17.465084,vocal_synthetic_003-083-025,vocal_synthetic_003-083-025,/root/autodl-tmp/tokenizer-eval/data/nsynth/nsynth-test/audio/vocal_synthetic_003-083-025.wav,37,vocal_synthetic_003,10,vocal,2,synthetic,83,25,16000,bright|distortion|long_release|nonlinear_env
41.608345,-35.099815,flute_synthetic_000-041-025,flute_synthetic_000-041-025,/root/autodl-tmp/tokenizer-eval/data/nsynth/nsynth-test/audio/flute_synthetic_000-041-025.wav,82,flute_synthetic_000,2,flute,2,synthetic,41,25,16000,distortion
-1.9956102,-11.664523,guitar_acoustic_015-034-100,guitar_acoustic_015-034-100,/root/autodl-tmp/tokenizer-eval/data/nsynth/nsynth-test/audio/guitar_acoustic_015-034-100.wav,316,guitar_acoustic_015,3,guitar,0,acoustic,34,100,16000,reverb
41.19408,44.43491,reed_acoustic_023-097-100,reed_acoustic_023-097-100,/root/autodl-tmp/tokenizer-eval/data/nsynth/nsynth-test/audio/reed_acoustic_023-097-100.wav,224,reed_acoustic_023,7,reed,0,acoustic,97,100,16000,fast_decay|multiphonic|nonlinear_env|percussive
27.979223,19.779211,mallet_acoustic_047-104-075,mallet_acoustic_047-104-075,/root/autodl-tmp/tokenizer-eval/data/nsynth/nsynth-test/audio/mallet_acoustic_047-104-075.wav,488,mallet_acoustic_047,5,mallet,0,acoustic,104,75,16000,fast_decay|percussive|reverb
18.979067,19.543646,string_acoustic_056-055-025,string_acoustic_056-055-025,/root/autodl-tmp/tokenizer-eval/data/nsynth/nsynth-test/audio/string_acoustic_056-055-025.wav,436,string_acoustic_056,8,string,0,acoustic,55,25,16000,fast_decay|percussive|reverb
-3.552405,-52.445145,reed_acoustic_037-044-100,reed_acoustic_037-044-100,/root/autodl-tmp/tokenizer-eval/data/nsynth/nsynth-test/audio/reed_acoustic_037-044-100.wav,387,reed_acoustic_037,7,reed,0,acoustic,44,100,16000,reverb
-12.608758,21.331387,keyboard_electronic_078-078-127,keyboard_electronic_078-078-127,/root/autodl-tmp/tokenizer-eval/data/nsynth/nsynth-test/audio/keyboard_electronic_078-078-127.wav,838,keyboard_electronic_078,4,keyboard,1,electronic,78,127,16000,bright
-50.263287,12.0163555,vocal_synthetic_003-091-127,vocal_synthetic_003-091-127,/root/autodl-tmp/tokenizer-eval/data/nsynth/nsynth-test/audio/vocal_synthetic_003-091-127.wav,37,vocal_synthetic_003,10,vocal,2,synthetic,91,127,16000,bright|distortion|long_release|nonlinear_env
23.896065,-20.884762,brass_acoustic_006-030-127,brass_acoustic_006-030-127,/root/autodl-tmp/tokenizer-eval/data/nsynth/nsynth-test/audio/brass_acoustic_006-030-127.wav,43,brass_acoustic_006,1,brass,0,acoustic,30,127,16000,reverb
42.41338,0.9193496,keyboard_electronic_078-029-025,keyboard_electronic_078-029-025,/root/autodl-tmp/tokenizer-eval/data/nsynth/nsynth-test/audio/keyboard_electronic_078-029-025.wav,838,keyboard_electronic_078,4,keyboard,1,electronic,29,25,16000,bright
6.0541143,-31.892345,reed_acoustic_011-036-100,reed_acoustic_011-036-100,/root/autodl-tmp/tokenizer-eval/data/nsynth/nsynth-test/audio/reed_acoustic_011-036-100.wav,104,reed_acoustic_011,7,reed,0,acoustic,36,100,16000,bright
-8.459727,-8.055101,brass_acoustic_015-050-100,brass_acoustic_015-050-100,/root/autodl-tmp/tokenizer-eval/data/nsynth/nsynth-test/audio/brass_acoustic_015-050-100.wav,121,brass_acoustic_015,1,brass,0,acoustic,50,100,16000,reverb
9.450025,6.9824,bass_synthetic_033-084-025,bass_synthetic_033-084-025,/root/autodl-tmp/tokenizer-eval/data/nsynth/nsynth-test/audio/bass_synthetic_033-084-025.wav,417,bass_synthetic_033,0,bass,2,synthetic,84,25,16000,
32.70048,38.71988,string_acoustic_056-059-100,string_acoustic_056-059-100,/root/autodl-tmp/tokenizer-eval/data/nsynth/nsynth-test/audio/string_acoustic_056-059-100.wav,436,string_acoustic_056,8,string,0,acoustic,59,100,16000,fast_decay|percussive|reverb
-22.583374,32.984047,flute_acoustic_002-079-127,flute_acoustic_002-079-127,/root/autodl-tmp/tokenizer-eval/data/nsynth/nsynth-test/audio/flute_acoustic_002-079-127.wav,86,flute_acoustic_002,2,flute,0,acoustic,79,127,16000,reverb
-22.838018,11.58568,vocal_acoustic_000-066-127,vocal_acoustic_000-066-127,/root/autodl-tmp/tokenizer-eval/data/nsynth/nsynth-test/audio/vocal_acoustic_000-066-127.wav,46,vocal_acoustic_000,10,vocal,0,acoustic,66,127,16000,reverb
44.387154,42.358192,reed_acoustic_023-070-025,reed_acoustic_023-070-025,/root/autodl-tmp/tokenizer-eval/data/nsynth/nsynth-test/audio/reed_acoustic_023-070-025.wav,224,reed_acoustic_023,7,reed,0,acoustic,70,25,16000,bright|fast_decay|multiphonic|nonlinear_env
29.363268,-88.94816,brass_acoustic_046-105-050,brass_acoustic_046-105-050,/root/autodl-tmp/tokenizer-eval/data/nsynth/nsynth-test/audio/brass_acoustic_046-105-050.wav,414,brass_acoustic_046,1,brass,0,acoustic,105,50,16000,long_release
15.488325,5.2937946,bass_synthetic_098-071-100,bass_synthetic_098-071-100,/root/autodl-tmp/tokenizer-eval/data/nsynth/nsynth-test/audio/bass_synthetic_098-071-100.wav,803,bass_synthetic_098,0,bass,2,synthetic,71,100,16000,
-9.154344,-4.884389,guitar_electronic_022-059-050,guitar_electronic_022-059-050,/root/autodl-tmp/tokenizer-eval/data/nsynth/nsynth-test/audio/guitar_electronic_022-059-050.wav,378,guitar_electronic_022,3,guitar,1,electronic,59,50,16000,dark
-13.577799,31.974812,mallet_acoustic_062-086-127,mallet_acoustic_062-086-127,/root/autodl-tmp/tokenizer-eval/data/nsynth/nsynth-test/audio/mallet_acoustic_062-086-127.wav,644,mallet_acoustic_062,5,mallet,0,acoustic,86,127,16000,multiphonic
44.56602,39.640713,reed_acoustic_023-072-100,reed_acoustic_023-072-100,/root/autodl-tmp/tokenizer-eval/data/nsynth/nsynth-test/audio/reed_acoustic_023-072-100.wav,224,reed_acoustic_023,7,reed,0,acoustic,72,100,16000,bright|fast_decay|multiphonic|nonlinear_env
14.556918,-15.689166,flute_synthetic_000-042-100,flute_synthetic_000-042-100,/root/autodl-tmp/tokenizer-eval/data/nsynth/nsynth-test/audio/flute_synthetic_000-042-100.wav,82,flute_synthetic_000,2,flute,2,synthetic,42,100,16000,distortion
-7.5647755,-37.213596,string_acoustic_012-052-127,string_acoustic_012-052-127,/root/autodl-tmp/tokenizer-eval/data/nsynth/nsynth-test/audio/string_acoustic_012-052-127.wav,97,string_acoustic_012,8,string,0,acoustic,52,127,16000,long_release|reverb
-5.414926,-25.887661,vocal_synthetic_003-042-127,vocal_synthetic_003-042-127,/root/autodl-tmp/tokenizer-eval/data/nsynth/nsynth-test/audio/vocal_synthetic_003-042-127.wav,37,vocal_synthetic_003,10,vocal,2,synthetic,42,127,16000,bright|distortion|long_release|nonlinear_env
26.831038,46.746544,guitar_acoustic_015-095-075,guitar_acoustic_015-095-075,/root/autodl-tmp/tokenizer-eval/data/nsynth/nsynth-test/audio/guitar_acoustic_015-095-075.wav,316,guitar_acoustic_015,3,guitar,0,acoustic,95,75,16000,fast_decay|percussive|reverb
23.372662,3.120996,string_acoustic_014-025-100,string_acoustic_014-025-100,/root/autodl-tmp/tokenizer-eval/data/nsynth/nsynth-test/audio/string_acoustic_014-025-100.wav,100,string_acoustic_014,8,string,0,acoustic,25,100,16000,dark|reverb
8.196242,19.9959,guitar_acoustic_021-072-127,guitar_acoustic_021-072-127,/root/autodl-tmp/tokenizer-eval/data/nsynth/nsynth-test/audio/guitar_acoustic_021-072-127.wav,457,guitar_acoustic_021,3,guitar,0,acoustic,72,127,16000,fast_decay|percussive
-32.875763,31.237898,string_acoustic_057-088-050,string_acoustic_057-088-050,/root/autodl-tmp/tokenizer-eval/data/nsynth/nsynth-test/audio/string_acoustic_057-088-050.wav,450,string_acoustic_057,8,string,0,acoustic,88,50,16000,bright|nonlinear_env|reverb
-20.615423,-48.867813,organ_electronic_113-025-025,organ_electronic_113-025-025,/root/autodl-tmp/tokenizer-eval/data/nsynth/nsynth-test/audio/organ_electronic_113-025-025.wav,958,organ_electronic_113,6,organ,1,electronic,25,25,16000,dark
0.41167971,18.461994,mallet_acoustic_062-073-075,mallet_acoustic_062-073-075,/root/autodl-tmp/tokenizer-eval/data/nsynth/nsynth-test/audio/mallet_acoustic_062-073-075.wav,644,mallet_acoustic_062,5,mallet,0,acoustic,73,75,16000,dark|multiphonic
-23.62839,23.80766,reed_acoustic_011-077-025,reed_acoustic_011-077-025,/root/autodl-tmp/tokenizer-eval/data/nsynth/nsynth-test/audio/reed_acoustic_011-077-025.wav,104,reed_acoustic_011,7,reed,0,acoustic,77,25,16000,
-20.780819,36.680405,reed_acoustic_018-081-025,reed_acoustic_018-081-025,/root/autodl-tmp/tokenizer-eval/data/nsynth/nsynth-test/audio/reed_acoustic_018-081-025.wav,183,reed_acoustic_018,7,reed,0,acoustic,81,25,16000,
17.385824,-44.226315,string_acoustic_080-047-025,string_acoustic_080-047-025,/root/autodl-tmp/tokenizer-eval/data/nsynth/nsynth-test/audio/string_acoustic_080-047-025.wav,675,string_acoustic_080,8,string,0,acoustic,47,25,16000,long_release|reverb
-19.015045,-3.2195058,organ_electronic_104-058-127,organ_electronic_104-058-127,/root/autodl-tmp/tokenizer-eval/data/nsynth/nsynth-test/audio/organ_electronic_104-058-127.wav,921,organ_electronic_104,6,organ,1,electronic,58,127,16000,
13.611741,21.637648,string_acoustic_056-062-127,string_acoustic_056-062-127,/root/autodl-tmp/tokenizer-eval/data/nsynth/nsynth-test/audio/string_acoustic_056-062-127.wav,436,string_acoustic_056,8,string,0,acoustic,62,127,16000,fast_decay|reverb
-0.32870203,-20.720781,keyboard_electronic_078-039-025,keyboard_electronic_078-039-025,/root/autodl-tmp/tokenizer-eval/data/nsynth/nsynth-test/audio/keyboard_electronic_078-039-025.wav,838,keyboard_electronic_078,4,keyboard,1,electronic,39,25,16000,bright
9.442657,7.949933,bass_synthetic_033-104-025,bass_synthetic_033-104-025,/root/autodl-tmp/tokenizer-eval/data/nsynth/nsynth-test/audio/bass_synthetic_033-104-025.wav,417,bass_synthetic_033,0,bass,2,synthetic,104,25,16000,
26.331959,43.8594,keyboard_synthetic_000-107-075,keyboard_synthetic_000-107-075,/root/autodl-tmp/tokenizer-eval/data/nsynth/nsynth-test/audio/keyboard_synthetic_000-107-075.wav,577,keyboard_synthetic_000,4,keyboard,2,synthetic,107,75,16000,bright|distortion|fast_decay|nonlinear_env|percussive
54.330776,-17.96814,organ_electronic_028-045-075,organ_electronic_028-045-075,/root/autodl-tmp/tokenizer-eval/data/nsynth/nsynth-test/audio/organ_electronic_028-045-075.wav,440,organ_electronic_028,6,organ,1,electronic,45,75,16000,dark
16.779684,-30.593473,keyboard_electronic_001-043-100,keyboard_electronic_001-043-100,/root/autodl-tmp/tokenizer-eval/data/nsynth/nsynth-test/audio/keyboard_electronic_001-043-100.wav,40,keyboard_electronic_001,4,keyboard,1,electronic,43,100,16000,
5.235218,-40.590363,string_acoustic_071-040-127,string_acoustic_071-040-127,/root/autodl-tmp/tokenizer-eval/data/nsynth/nsynth-test/audio/string_acoustic_071-040-127.wav,609,string_acoustic_071,8,string,0,acoustic,40,127,16000,long_release|reverb
-1.0276968,-17.512896,keyboard_electronic_069-051-100,keyboard_electronic_069-051-100,/root/autodl-tmp/tokenizer-eval/data/nsynth/nsynth-test/audio/keyboard_electronic_069-051-100.wav,805,keyboard_electronic_069,4,keyboard,1,electronic,51,100,16000,distortion
-7.9016914,7.0067563,keyboard_acoustic_004-064-050,keyboard_acoustic_004-064-050,/root/autodl-tmp/tokenizer-eval/data/nsynth/nsynth-test/audio/keyboard_acoustic_004-064-050.wav,327,keyboard_acoustic_004,4,keyboard,0,acoustic,64,50,16000,dark|reverb
-15.836856,-9.108013,bass_synthetic_068-056-075,bass_synthetic_068-056-075,/root/autodl-tmp/tokenizer-eval/data/nsynth/nsynth-test/audio/bass_synthetic_068-056-075.wav,656,bass_synthetic_068,0,bass,2,synthetic,56,75,16000,dark
-2.3021388,-58.93851,string_acoustic_071-032-100,string_acoustic_071-032-100,/root/autodl-tmp/tokenizer-eval/data/nsynth/nsynth-test/audio/string_acoustic_071-032-100.wav,609,string_acoustic_071,8,string,0,acoustic,32,100,16000,reverb
25.564537,14.4554,string_acoustic_014-065-075,string_acoustic_014-065-075,/root/autodl-tmp/tokenizer-eval/data/nsynth/nsynth-test/audio/string_acoustic_014-065-075.wav,100,string_acoustic_014,8,string,0,acoustic,65,75,16000,fast_decay|percussive|reverb
-41.540813,33.39144,flute_acoustic_002-086-075,flute_acoustic_002-086-075,/root/autodl-tmp/tokenizer-eval/data/nsynth/nsynth-test/audio/flute_acoustic_002-086-075.wav,86,flute_acoustic_002,2,flute,0,acoustic,86,75,16000,reverb
30.59029,49.45017,mallet_acoustic_062-106-025,mallet_acoustic_062-106-025,/root/autodl-tmp/tokenizer-eval/data/nsynth/nsynth-test/audio/mallet_acoustic_062-106-025.wav,644,mallet_acoustic_062,5,mallet,0,acoustic,106,25,16000,bright|fast_decay|multiphonic|percussive
-25.632631,14.943615,organ_electronic_028-068-100,organ_electronic_028-068-100,/root/autodl-tmp/tokenizer-eval/data/nsynth/nsynth-test/audio/organ_electronic_028-068-100.wav,440,organ_electronic_028,6,organ,1,electronic,68,100,16000,dark
33.514877,-4.0775557,string_acoustic_080-036-050,string_acoustic_080-036-050,/root/autodl-tmp/tokenizer-eval/data/nsynth/nsynth-test/audio/string_acoustic_080-036-050.wav,675,string_acoustic_080,8,string,0,acoustic,36,50,16000,long_release|reverb
25.063522,-8.571618,bass_synthetic_135-030-025,bass_synthetic_135-030-025,/root/autodl-tmp/tokenizer-eval/data/nsynth/nsynth-test/audio/bass_synthetic_135-030-025.wav,927,bass_synthetic_135,0,bass,2,synthetic,30,25,16000,distortion
-50.0747,-8.855458,reed_acoustic_018-071-127,reed_acoustic_018-071-127,/root/autodl-tmp/tokenizer-eval/data/nsynth/nsynth-test/audio/reed_acoustic_018-071-127.wav,183,reed_acoustic_018,7,reed,0,acoustic,71,127,16000,
-30.258589,7.129001,reed_acoustic_011-064-100,reed_acoustic_011-064-100,/root/autodl-tmp/tokenizer-eval/data/nsynth/nsynth-test/audio/reed_acoustic_011-064-100.wav,104,reed_acoustic_011,7,reed,0,acoustic,64,100,16000,
-14.527784,-22.297028,guitar_electronic_022-053-075,guitar_electronic_022-053-075,/root/autodl-tmp/tokenizer-eval/data/nsynth/nsynth-test/audio/guitar_electronic_022-053-075.wav,378,guitar_electronic_022,3,guitar,1,electronic,53,75,16000,dark
43.41235,-35.2296,string_acoustic_012-041-025,string_acoustic_012-041-025,/root/autodl-tmp/tokenizer-eval/data/nsynth/nsynth-test/audio/string_acoustic_012-041-025.wav,97,string_acoustic_012,8,string,0,acoustic,41,25,16000,long_release|reverb
27.544249,18.905012,mallet_acoustic_047-102-100,mallet_acoustic_047-102-100,/root/autodl-tmp/tokenizer-eval/data/nsynth/nsynth-test/audio/mallet_acoustic_047-102-100.wav,488,mallet_acoustic_047,5,mallet,0,acoustic,102,100,16000,fast_decay|percussive|reverb
1.880219,-2.3276043,bass_synthetic_134-037-127,bass_synthetic_134-037-127,/root/autodl-tmp/tokenizer-eval/data/nsynth/nsynth-test/audio/bass_synthetic_134-037-127.wav,914,bass_synthetic_134,0,bass,2,synthetic,37,127,16000,dark|reverb
-1.1501848,-57.783348,bass_electronic_027-032-075,bass_electronic_027-032-075,/root/autodl-tmp/tokenizer-eval/data/nsynth/nsynth-test/audio/bass_electronic_027-032-075.wav,880,bass_electronic_027,0,bass,1,electronic,32,75,16000,
27.9347,-17.215603,flute_synthetic_000-022-050,flute_synthetic_000-022-050,/root/autodl-tmp/tokenizer-eval/data/nsynth/nsynth-test/audio/flute_synthetic_000-022-050.wav,82,flute_synthetic_000,2,flute,2,synthetic,22,50,16000,distortion
-54.20713,13.302513,vocal_synthetic_003-079-050,vocal_synthetic_003-079-050,/root/autodl-tmp/tokenizer-eval/data/nsynth/nsynth-test/audio/vocal_synthetic_003-079-050.wav,37,vocal_synthetic_003,10,vocal,2,synthetic,79,50,16000,bright|distortion|long_release|nonlinear_env
-26.59738,-7.4368033,brass_acoustic_006-056-127,brass_acoustic_006-056-127,/root/autodl-tmp/tokenizer-eval/data/nsynth/nsynth-test/audio/brass_acoustic_006-056-127.wav,43,brass_acoustic_006,1,brass,0,acoustic,56,127,16000,reverb
-54.12841,13.302098,vocal_synthetic_003-079-075,vocal_synthetic_003-079-075,/root/autodl-tmp/tokenizer-eval/data/nsynth/nsynth-test/audio/vocal_synthetic_003-079-075.wav,37,vocal_synthetic_003,10,vocal,2,synthetic,79,75,16000,bright|distortion|long_release|nonlinear_env
-1.102744,15.953154,mallet_acoustic_062-071-100,mallet_acoustic_062-071-100,/root/autodl-tmp/tokenizer-eval/data/nsynth/nsynth-test/audio/mallet_acoustic_062-071-100.wav,644,mallet_acoustic_062,5,mallet,0,acoustic,71,100,16000,dark|multiphonic
-29.588495,-24.992657,string_acoustic_080-050-075,string_acoustic_080-050-075,/root/autodl-tmp/tokenizer-eval/data/nsynth/nsynth-test/audio/string_acoustic_080-050-075.wav,675,string_acoustic_080,8,string,0,acoustic,50,75,16000,reverb
-10.798022,29.663383,bass_synthetic_034-098-100,bass_synthetic_034-098-100,/root/autodl-tmp/tokenizer-eval/data/nsynth/nsynth-test/audio/bass_synthetic_034-098-100.wav,420,bass_synthetic_034,0,bass,2,synthetic,98,100,16000,bright|distortion|tempo-synced
25.341627,19.737495,mallet_acoustic_047-107-025,mallet_acoustic_047-107-025,/root/autodl-tmp/tokenizer-eval/data/nsynth/nsynth-test/audio/mallet_acoustic_047-107-025.wav,488,mallet_acoustic_047,5,mallet,0,acoustic,107,25,16000,fast_decay|percussive|reverb
55.02613,-18.342379,string_acoustic_012-045-050,string_acoustic_012-045-050,/root/autodl-tmp/tokenizer-eval/data/nsynth/nsynth-test/audio/string_acoustic_012-045-050.wav,97,string_acoustic_012,8,string,0,acoustic,45,50,16000,reverb
-0.27089047,-57.138275,mallet_acoustic_062-032-127,mallet_acoustic_062-032-127,/root/autodl-tmp/tokenizer-eval/data/nsynth/nsynth-test/audio/mallet_acoustic_062-032-127.wav,644,mallet_acoustic_062,5,mallet,0,acoustic,32,127,16000,dark|long_release|multiphonic
-22.844793,23.670671,flute_acoustic_002-077-025,flute_acoustic_002-077-025,/root/autodl-tmp/tokenizer-eval/data/nsynth/nsynth-test/audio/flute_acoustic_002-077-025.wav,86,flute_acoustic_002,2,flute,0,acoustic,77,25,16000,reverb
45.904533,-19.867094,brass_acoustic_006-026-100,brass_acoustic_006-026-100,/root/autodl-tmp/tokenizer-eval/data/nsynth/nsynth-test/audio/brass_acoustic_006-026-100.wav,43,brass_acoustic_006,1,brass,0,acoustic,26,100,16000,reverb
-43.465057,12.455266,organ_electronic_007-080-100,organ_electronic_007-080-100,/root/autodl-tmp/tokenizer-eval/data/nsynth/nsynth-test/audio/organ_electronic_007-080-100.wav,123,organ_electronic_007,6,organ,1,electronic,80,100,16000,bright|distortion|long_release|nonlinear_env
45.95123,-1.307092,keyboard_electronic_098-036-075,keyboard_electronic_098-036-075,/root/autodl-tmp/tokenizer-eval/data/nsynth/nsynth-test/audio/keyboard_electronic_098-036-075.wav,905,keyboard_electronic_098,4,keyboard,1,electronic,36,75,16000,dark|distortion
55.13275,-20.880968,string_acoustic_012-026-025,string_acoustic_012-026-025,/root/autodl-tmp/tokenizer-eval/data/nsynth/nsynth-test/audio/string_acoustic_012-026-025.wav,97,string_acoustic_012,8,string,0,acoustic,26,25,16000,long_release|reverb
48.732624,-17.81034,keyboard_electronic_003-033-075,keyboard_electronic_003-033-075,/root/autodl-tmp/tokenizer-eval/data/nsynth/nsynth-test/audio/keyboard_electronic_003-033-075.wav,65,keyboard_electronic_003,4,keyboard,1,electronic,33,75,16000,distortion
46.59475,-0.119393155,string_acoustic_080-048-025,string_acoustic_080-048-025,/root/autodl-tmp/tokenizer-eval/data/nsynth/nsynth-test/audio/string_acoustic_080-048-025.wav,675,string_acoustic_080,8,string,0,acoustic,48,25,16000,long_release|reverb
-58.269962,0.4176105,vocal_synthetic_003-073-050,vocal_synthetic_003-073-050,/root/autodl-tmp/tokenizer-eval/data/nsynth/nsynth-test/audio/vocal_synthetic_003-073-050.wav,37,vocal_synthetic_003,10,vocal,2,synthetic,73,50,16000,bright|distortion|long_release|nonlinear_env
-8.319903,14.806137,guitar_acoustic_021-068-100,guitar_acoustic_021-068-100,/root/autodl-tmp/tokenizer-eval/data/nsynth/nsynth-test/audio/guitar_acoustic_021-068-100.wav,457,guitar_acoustic_021,3,guitar,0,acoustic,68,100,16000,
-56.26342,-2.6531389,brass_acoustic_046-073-075,brass_acoustic_046-073-075,/root/autodl-tmp/tokenizer-eval/data/nsynth/nsynth-test/audio/brass_acoustic_046-073-075.wav,414,brass_acoustic_046,1,brass,0,acoustic,73,75,16000,bright
-26.59905,37.85106,string_acoustic_057-092-050,string_acoustic_057-092-050,/root/autodl-tmp/tokenizer-eval/data/nsynth/nsynth-test/audio/string_acoustic_057-092-050.wav,450,string_acoustic_057,8,string,0,acoustic,92,50,16000,bright|nonlinear_env|reverb
-24.111189,35.64154,brass_acoustic_006-080-127,brass_acoustic_006-080-127,/root/autodl-tmp/tokenizer-eval/data/nsynth/nsynth-test/audio/brass_acoustic_006-080-127.wav,43,brass_acoustic_006,1,brass,0,acoustic,80,127,16000,reverb
-52.732235,-6.416156,organ_electronic_007-072-025,organ_electronic_007-072-025,/root/autodl-tmp/tokenizer-eval/data/nsynth/nsynth-test/audio/organ_electronic_007-072-025.wav,123,organ_electronic_007,6,organ,1,electronic,72,25,16000,distortion|long_release|nonlinear_env
46.642902,45.406483,reed_acoustic_023-043-025,reed_acoustic_023-043-025,/root/autodl-tmp/tokenizer-eval/data/nsynth/nsynth-test/audio/reed_acoustic_023-043-025.wav,224,reed_acoustic_023,7,reed,0,acoustic,43,25,16000,bright|fast_decay|multiphonic|nonlinear_env
0.39546552,26.718912,bass_synthetic_134-082-025,bass_synthetic_134-082-025,/root/autodl-tmp/tokenizer-eval/data/nsynth/nsynth-test/audio/bass_synthetic_134-082-025.wav,914,bass_synthetic_134,0,bass,2,synthetic,82,25,16000,fast_decay|percussive|reverb
-25.382498,46.297226,flute_acoustic_002-101-050,flute_acoustic_002-101-050,/root/autodl-tmp/tokenizer-eval/data/nsynth/nsynth-test/audio/flute_acoustic_002-101-050.wav,86,flute_acoustic_002,2,flute,0,acoustic,101,50,16000,bright|reverb
-6.1465087,-35.879356,guitar_acoustic_010-052-100,guitar_acoustic_010-052-100,/root/autodl-tmp/tokenizer-eval/data/nsynth/nsynth-test/audio/guitar_acoustic_010-052-100.wav,219,guitar_acoustic_010,3,guitar,0,acoustic,52,100,16000,
-11.32643,-27.918621,vocal_synthetic_003-041-075,vocal_synthetic_003-041-075,/root/autodl-tmp/tokenizer-eval/data/nsynth/nsynth-test/audio/vocal_synthetic_003-041-075.wav,37,vocal_synthetic_003,10,vocal,2,synthetic,41,75,16000,distortion|long_release|nonlinear_env
-40.755142,20.768143,vocal_synthetic_003-077-025,vocal_synthetic_003-077-025,/root/autodl-tmp/tokenizer-eval/data/nsynth/nsynth-test/audio/vocal_synthetic_003-077-025.wav,37,vocal_synthetic_003,10,vocal,2,synthetic,77,25,16000,bright|distortion|long_release|nonlinear_env
-47.415867,-4.572605,flute_synthetic_000-083-050,flute_synthetic_000-083-050,/root/autodl-tmp/tokenizer-eval/data/nsynth/nsynth-test/audio/flute_synthetic_000-083-050.wav,82,flute_synthetic_000,2,flute,2,synthetic,83,50,16000,distortion
50.823677,-22.23548,keyboard_electronic_002-045-100,keyboard_electronic_002-045-100,/root/autodl-tmp/tokenizer-eval/data/nsynth/nsynth-test/audio/keyboard_electronic_002-045-100.wav,50,keyboard_electronic_002,4,keyboard,1,electronic,45,100,16000,distortion
-33.663227,42.7245,flute_synthetic_000-096-100,flute_synthetic_000-096-100,/root/autodl-tmp/tokenizer-eval/data/nsynth/nsynth-test/audio/flute_synthetic_000-096-100.wav,82,flute_synthetic_000,2,flute,2,synthetic,96,100,16000,distortion
22.558193,-38.915016,string_acoustic_080-035-127,string_acoustic_080-035-127,/root/autodl-tmp/tokenizer-eval/data/nsynth/nsynth-test/audio/string_acoustic_080-035-127.wav,675,string_acoustic_080,8,string,0,acoustic,35,127,16000,long_release|reverb
21.554934,37.459156,mallet_acoustic_047-084-075,mallet_acoustic_047-084-075,/root/autodl-tmp/tokenizer-eval/data/nsynth/nsynth-test/audio/mallet_acoustic_047-084-075.wav,488,mallet_acoustic_047,5,mallet,0,acoustic,84,75,16000,fast_decay|percussive|reverb
13.073833,4.2233067,bass_synthetic_098-095-025,bass_synthetic_098-095-025,/root/autodl-tmp/tokenizer-eval/data/nsynth/nsynth-test/audio/bass_synthetic_098-095-025.wav,803,bass_synthetic_098,0,bass,2,synthetic,95,25,16000,
27.228268,44.75308,string_acoustic_056-079-127,string_acoustic_056-079-127,/root/autodl-tmp/tokenizer-eval/data/nsynth/nsynth-test/audio/string_acoustic_056-079-127.wav,436,string_acoustic_056,8,string,0,acoustic,79,127,16000,fast_decay|percussive|reverb
-50.006504,20.035004,vocal_synthetic_003-085-127,vocal_synthetic_003-085-127,/root/autodl-tmp/tokenizer-eval/data/nsynth/nsynth-test/audio/vocal_synthetic_003-085-127.wav,37,vocal_synthetic_003,10,vocal,2,synthetic,85,127,16000,bright|distortion|long_release|nonlinear_env
-34.585766,-27.187721,flute_synthetic_000-062-025,flute_synthetic_000-062-025,/root/autodl-tmp/tokenizer-eval/data/nsynth/nsynth-test/audio/flute_synthetic_000-062-025.wav,82,flute_synthetic_000,2,flute,2,synthetic,62,25,16000,distortion
34.489677,-26.461134,keyboard_electronic_002-022-100,keyboard_electronic_002-022-100,/root/autodl-tmp/tokenizer-eval/data/nsynth/nsynth-test/audio/keyboard_electronic_002-022-100.wav,50,keyboard_electronic_002,4,keyboard,1,electronic,22,100,16000,distortion
29.40061,-28.268766,vocal_synthetic_003-027-050,vocal_synthetic_003-027-050,/root/autodl-tmp/tokenizer-eval/data/nsynth/nsynth-test/audio/vocal_synthetic_003-027-050.wav,37,vocal_synthetic_003,10,vocal,2,synthetic,27,50,16000,distortion|long_release|nonlinear_env
-10.292341,14.281724,guitar_acoustic_021-067-025,guitar_acoustic_021-067-025,/root/autodl-tmp/tokenizer-eval/data/nsynth/nsynth-test/audio/guitar_acoustic_021-067-025.wav,457,guitar_acoustic_021,3,guitar,0,acoustic,67,25,16000,
-27.587559,45.96869,organ_electronic_028-106-025,organ_electronic_028-106-025,/root/autodl-tmp/tokenizer-eval/data/nsynth/nsynth-test/audio/organ_electronic_028-106-025.wav,440,organ_electronic_028,6,organ,1,electronic,106,25,16000,bright
-30.126005,-28.40812,flute_synthetic_000-050-127,flute_synthetic_000-050-127,/root/autodl-tmp/tokenizer-eval/data/nsynth/nsynth-test/audio/flute_synthetic_000-050-127.wav,82,flute_synthetic_000,2,flute,2,synthetic,50,127,16000,distortion
-46.809624,-7.719492,organ_electronic_001-083-025,organ_electronic_001-083-025,/root/autodl-tmp/tokenizer-eval/data/nsynth/nsynth-test/audio/organ_electronic_001-083-025.wav,8,organ_electronic_001,6,organ,1,electronic,83,25,16000,
-15.415694,-9.655993,bass_synthetic_068-055-050,bass_synthetic_068-055-050,/root/autodl-tmp/tokenizer-eval/data/nsynth/nsynth-test/audio/bass_synthetic_068-055-050.wav,656,bass_synthetic_068,0,bass,2,synthetic,55,50,16000,dark
-1.2099303,19.651081,mallet_acoustic_062-074-100,mallet_acoustic_062-074-100,/root/autodl-tmp/tokenizer-eval/data/nsynth/nsynth-test/audio/mallet_acoustic_062-074-100.wav,644,mallet_acoustic_062,5,mallet,0,acoustic,74,100,16000,dark|multiphonic
-57.346775,0.16049643,organ_electronic_007-073-075,organ_electronic_007-073-075,/root/autodl-tmp/tokenizer-eval/data/nsynth/nsynth-test/audio/organ_electronic_007-073-075.wav,123,organ_electronic_007,6,organ,1,electronic,73,75,16000,distortion|long_release|nonlinear_env
-7.101848,34.7505,guitar_electronic_028-092-050,guitar_electronic_028-092-050,/root/autodl-tmp/tokenizer-eval/data/nsynth/nsynth-test/audio/guitar_electronic_028-092-050.wav,510,guitar_electronic_028,3,guitar,1,electronic,92,50,16000,
-12.86353,-22.483587,bass_electronic_025-053-075,bass_electronic_025-053-075,/root/autodl-tmp/tokenizer-eval/data/nsynth/nsynth-test/audio/bass_electronic_025-053-075.wav,872,bass_electronic_025,0,bass,1,electronic,53,75,16000,
-21.746101,-36.091934,guitar_acoustic_015-049-050,guitar_acoustic_015-049-050,/root/autodl-tmp/tokenizer-eval/data/nsynth/nsynth-test/audio/guitar_acoustic_015-049-050.wav,316,guitar_acoustic_015,3,guitar,0,acoustic,49,50,16000,reverb
49.320038,35.57868,reed_acoustic_023-039-127,reed_acoustic_023-039-127,/root/autodl-tmp/tokenizer-eval/data/nsynth/nsynth-test/audio/reed_acoustic_023-039-127.wav,224,reed_acoustic_023,7,reed,0,acoustic,39,127,16000,bright|fast_decay|multiphonic|nonlinear_env
28.148157,20.322432,mallet_acoustic_047-103-075,mallet_acoustic_047-103-075,/root/autodl-tmp/tokenizer-eval/data/nsynth/nsynth-test/audio/mallet_acoustic_047-103-075.wav,488,mallet_acoustic_047,5,mallet,0,acoustic,103,75,16000,fast_decay|percussive|reverb
21.131853,-27.291174,bass_synthetic_033-031-100,bass_synthetic_033-031-100,/root/autodl-tmp/tokenizer-eval/data/nsynth/nsynth-test/audio/bass_synthetic_033-031-100.wav,417,bass_synthetic_033,0,bass,2,synthetic,31,100,16000,dark
-15.70434,-25.460196,string_acoustic_080-053-050,string_acoustic_080-053-050,/root/autodl-tmp/tokenizer-eval/data/nsynth/nsynth-test/audio/string_acoustic_080-053-050.wav,675,string_acoustic_080,8,string,0,acoustic,53,50,16000,long_release|reverb
-4.3673177,28.758158,keyboard_electronic_069-082-100,keyboard_electronic_069-082-100,/root/autodl-tmp/tokenizer-eval/data/nsynth/nsynth-test/audio/keyboard_electronic_069-082-100.wav,805,keyboard_electronic_069,4,keyboard,1,electronic,82,100,16000,distortion
29.363268,-88.94816,brass_acoustic_046-108-100,brass_acoustic_046-108-100,/root/autodl-tmp/tokenizer-eval/data/nsynth/nsynth-test/audio/brass_acoustic_046-108-100.wav,414,brass_acoustic_046,1,brass,0,acoustic,108,100,16000,long_release
-18.383657,12.285795,brass_acoustic_016-067-127,brass_acoustic_016-067-127,/root/autodl-tmp/tokenizer-eval/data/nsynth/nsynth-test/audio/brass_acoustic_016-067-127.wav,128,brass_acoustic_016,1,brass,0,acoustic,67,127,16000,bright
0.7314179,-21.428488,string_acoustic_012-039-127,string_acoustic_012-039-127,/root/autodl-tmp/tokenizer-eval/data/nsynth/nsynth-test/audio/string_acoustic_012-039-127.wav,97,string_acoustic_012,8,string,0,acoustic,39,127,16000,long_release|reverb
-32.879795,32.942112,flute_synthetic_000-100-050,flute_synthetic_000-100-050,/root/autodl-tmp/tokenizer-eval/data/nsynth/nsynth-test/audio/flute_synthetic_000-100-050.wav,82,flute_synthetic_000,2,flute,2,synthetic,100,50,16000,bright|distortion
13.75685,2.6565795,bass_synthetic_098-026-127,bass_synthetic_098-026-127,/root/autodl-tmp/tokenizer-eval/data/nsynth/nsynth-test/audio/bass_synthetic_098-026-127.wav,803,bass_synthetic_098,0,bass,2,synthetic,26,127,16000,distortion
-29.60997,-25.032892,organ_electronic_007-050-100,organ_electronic_007-050-100,/root/autodl-tmp/tokenizer-eval/data/nsynth/nsynth-test/audio/organ_electronic_007-050-100.wav,123,organ_electronic_007,6,organ,1,electronic,50,100,16000,distortion|long_release|nonlinear_env
-40.56576,-2.8890324,brass_acoustic_046-070-050,brass_acoustic_046-070-050,/root/autodl-tmp/tokenizer-eval/data/nsynth/nsynth-test/audio/brass_acoustic_046-070-050.wav,414,brass_acoustic_046,1,brass,0,acoustic,70,50,16000,
-25.243538,-22.16403,reed_acoustic_037-040-075,reed_acoustic_037-040-075,/root/autodl-tmp/tokenizer-eval/data/nsynth/nsynth-test/audio/reed_acoustic_037-040-075.wav,387,reed_acoustic_037,7,reed,0,acoustic,40,75,16000,reverb
25.293581,-6.5909925,keyboard_electronic_001-104-127,keyboard_electronic_001-104-127,/root/autodl-tmp/tokenizer-eval/data/nsynth/nsynth-test/audio/keyboard_electronic_001-104-127.wav,40,keyboard_electronic_001,4,keyboard,1,electronic,104,127,16000,percussive
-23.872086,-16.468983,brass_acoustic_059-054-075,brass_acoustic_059-054-075,/root/autodl-tmp/tokenizer-eval/data/nsynth/nsynth-test/audio/brass_acoustic_059-054-075.wav,572,brass_acoustic_059,1,brass,0,acoustic,54,75,16000,bright|reverb
-56.858448,-1.896006,reed_acoustic_037-073-050,reed_acoustic_037-073-050,/root/autodl-tmp/tokenizer-eval/data/nsynth/nsynth-test/audio/reed_acoustic_037-073-050.wav,387,reed_acoustic_037,7,reed,0,acoustic,73,50,16000,reverb
-34.405037,7.308908,vocal_synthetic_003-063-100,vocal_synthetic_003-063-100,/root/autodl-tmp/tokenizer-eval/data/nsynth/nsynth-test/audio/vocal_synthetic_003-063-100.wav,37,vocal_synthetic_003,10,vocal,2,synthetic,63,100,16000,bright|distortion|long_release|nonlinear_env
-42.54944,-9.194589,vocal_acoustic_000-059-100,vocal_acoustic_000-059-100,/root/autodl-tmp/tokenizer-eval/data/nsynth/nsynth-test/audio/vocal_acoustic_000-059-100.wav,46,vocal_acoustic_000,10,vocal,0,acoustic,59,100,16000,reverb
23.663076,40.971146,mallet_acoustic_056-037-050,mallet_acoustic_056-037-050,/root/autodl-tmp/tokenizer-eval/data/nsynth/nsynth-test/audio/mallet_acoustic_056-037-050.wav,590,mallet_acoustic_056,5,mallet,0,acoustic,37,50,16000,fast_decay|percussive
-28.278965,-22.207378,reed_acoustic_037-050-050,reed_acoustic_037-050-050,/root/autodl-tmp/tokenizer-eval/data/nsynth/nsynth-test/audio/reed_acoustic_037-050-050.wav,387,reed_acoustic_037,7,reed,0,acoustic,50,50,16000,reverb
-27.467821,24.843468,brass_acoustic_015-077-100,brass_acoustic_015-077-100,/root/autodl-tmp/tokenizer-eval/data/nsynth/nsynth-test/audio/brass_acoustic_015-077-100.wav,121,brass_acoustic_015,1,brass,0,acoustic,77,100,16000,reverb
-46.42912,-6.0117474,string_acoustic_057-071-025,string_acoustic_057-071-025,/root/autodl-tmp/tokenizer-eval/data/nsynth/nsynth-test/audio/string_acoustic_057-071-025.wav,450,string_acoustic_057,8,string,0,acoustic,71,25,16000,bright|nonlinear_env|reverb
3.6811233,-39.377277,keyboard_electronic_078-040-050,keyboard_electronic_078-040-050,/root/autodl-tmp/tokenizer-eval/data/nsynth/nsynth-test/audio/keyboard_electronic_078-040-050.wav,838,keyboard_electronic_078,4,keyboard,1,electronic,40,50,16000,bright
24.199934,14.624465,string_acoustic_014-062-075,string_acoustic_014-062-075,/root/autodl-tmp/tokenizer-eval/data/nsynth/nsynth-test/audio/string_acoustic_014-062-075.wav,100,string_acoustic_014,8,string,0,acoustic,62,75,16000,dark|percussive|reverb
10.734701,-28.328577,brass_acoustic_059-043-127,brass_acoustic_059-043-127,/root/autodl-tmp/tokenizer-eval/data/nsynth/nsynth-test/audio/brass_acoustic_059-043-127.wav,572,brass_acoustic_059,1,brass,0,acoustic,43,127,16000,reverb
-13.814226,-22.897701,guitar_acoustic_014-053-100,guitar_acoustic_014-053-100,/root/autodl-tmp/tokenizer-eval/data/nsynth/nsynth-test/audio/guitar_acoustic_014-053-100.wav,263,guitar_acoustic_014,3,guitar,0,acoustic,53,100,16000,
11.190329,0.38079196,bass_synthetic_009-094-127,bass_synthetic_009-094-127,/root/autodl-tmp/tokenizer-eval/data/nsynth/nsynth-test/audio/bass_synthetic_009-094-127.wav,150,bass_synthetic_009,0,bass,2,synthetic,94,127,16000,long_release
16.079103,6.4304557,bass_synthetic_098-099-100,bass_synthetic_098-099-100,/root/autodl-tmp/tokenizer-eval/data/nsynth/nsynth-test/audio/bass_synthetic_098-099-100.wav,803,bass_synthetic_098,0,bass,2,synthetic,99,100,16000,
-16.018505,22.322556,guitar_acoustic_010-077-075,guitar_acoustic_010-077-075,/root/autodl-tmp/tokenizer-eval/data/nsynth/nsynth-test/audio/guitar_acoustic_010-077-075.wav,219,guitar_acoustic_010,3,guitar,0,acoustic,77,75,16000,
10.132446,-43.169415,vocal_synthetic_003-028-025,vocal_synthetic_003-028-025,/root/autodl-tmp/tokenizer-eval/data/nsynth/nsynth-test/audio/vocal_synthetic_003-028-025.wav,37,vocal_synthetic_003,10,vocal,2,synthetic,28,25,16000,distortion|long_release|nonlinear_env
24.829063,-6.36463,keyboard_electronic_001-095-050,keyboard_electronic_001-095-050,/root/autodl-tmp/tokenizer-eval/data/nsynth/nsynth-test/audio/keyboard_electronic_001-095-050.wav,40,keyboard_electronic_001,4,keyboard,1,electronic,95,50,16000,long_release
-33.87443,43.785435,string_acoustic_057-084-127,string_acoustic_057-084-127,/root/autodl-tmp/tokenizer-eval/data/nsynth/nsynth-test/audio/string_acoustic_057-084-127.wav,450,string_acoustic_057,8,string,0,acoustic,84,127,16000,bright|nonlinear_env|reverb
29.150253,44.91571,string_acoustic_056-067-127,string_acoustic_056-067-127,/root/autodl-tmp/tokenizer-eval/data/nsynth/nsynth-test/audio/string_acoustic_056-067-127.wav,436,string_acoustic_056,8,string,0,acoustic,67,127,16000,fast_decay|percussive|reverb
27.087084,43.796833,string_acoustic_056-078-127,string_acoustic_056-078-127,/root/autodl-tmp/tokenizer-eval/data/nsynth/nsynth-test/audio/string_acoustic_056-078-127.wav,436,string_acoustic_056,8,string,0,acoustic,78,127,16000,fast_decay|percussive|reverb
-28.482248,-11.27202,reed_acoustic_018-055-050,reed_acoustic_018-055-050,/root/autodl-tmp/tokenizer-eval/data/nsynth/nsynth-test/audio/reed_acoustic_018-055-050.wav,183,reed_acoustic_018,7,reed,0,acoustic,55,50,16000,
-23.818575,-22.623554,reed_acoustic_018-052-100,reed_acoustic_018-052-100,/root/autodl-tmp/tokenizer-eval/data/nsynth/nsynth-test/audio/reed_acoustic_018-052-100.wav,183,reed_acoustic_018,7,reed,0,acoustic,52,100,16000,
-22.252447,14.956661,reed_acoustic_037-067-127,reed_acoustic_037-067-127,/root/autodl-tmp/tokenizer-eval/data/nsynth/nsynth-test/audio/reed_acoustic_037-067-127.wav,387,reed_acoustic_037,7,reed,0,acoustic,67,127,16000,long_release|reverb
35.4311,-3.0255156,organ_electronic_057-024-075,organ_electronic_057-024-075,/root/autodl-tmp/tokenizer-eval/data/nsynth/nsynth-test/audio/organ_electronic_057-024-075.wav,701,organ_electronic_057,6,organ,1,electronic,24,75,16000,dark
2.8992317,2.9831817,string_acoustic_056-051-025,string_acoustic_056-051-025,/root/autodl-tmp/tokenizer-eval/data/nsynth/nsynth-test/audio/string_acoustic_056-051-025.wav,436,string_acoustic_056,8,string,0,acoustic,51,25,16000,fast_decay|reverb
-24.530384,-1.8434396,flute_synthetic_000-066-025,flute_synthetic_000-066-025,/root/autodl-tmp/tokenizer-eval/data/nsynth/nsynth-test/audio/flute_synthetic_000-066-025.wav,82,flute_synthetic_000,2,flute,2,synthetic,66,25,16000,distortion
4.975555,-29.900885,reed_acoustic_011-039-100,reed_acoustic_011-039-100,/root/autodl-tmp/tokenizer-eval/data/nsynth/nsynth-test/audio/reed_acoustic_011-039-100.wav,104,reed_acoustic_011,7,reed,0,acoustic,39,100,16000,bright
34.059505,45.883476,mallet_acoustic_062-101-075,mallet_acoustic_062-101-075,/root/autodl-tmp/tokenizer-eval/data/nsynth/nsynth-test/audio/mallet_acoustic_062-101-075.wav,644,mallet_acoustic_062,5,mallet,0,acoustic,101,75,16000,bright|fast_decay|multiphonic
-3.5536025,-60.42546,organ_electronic_104-044-025,organ_electronic_104-044-025,/root/autodl-tmp/tokenizer-eval/data/nsynth/nsynth-test/audio/organ_electronic_104-044-025.wav,921,organ_electronic_104,6,organ,1,electronic,44,25,16000,
-49.960667,15.845766,vocal_synthetic_003-095-075,vocal_synthetic_003-095-075,/root/autodl-tmp/tokenizer-eval/data/nsynth/nsynth-test/audio/vocal_synthetic_003-095-075.wav,37,vocal_synthetic_003,10,vocal,2,synthetic,95,75,16000,long_release|nonlinear_env
21.032768,14.079797,string_acoustic_014-047-050,string_acoustic_014-047-050,/root/autodl-tmp/tokenizer-eval/data/nsynth/nsynth-test/audio/string_acoustic_014-047-050.wav,100,string_acoustic_014,8,string,0,acoustic,47,50,16000,dark|fast_decay|reverb
-49.263386,-8.656096,reed_acoustic_011-071-127,reed_acoustic_011-071-127,/root/autodl-tmp/tokenizer-eval/data/nsynth/nsynth-test/audio/reed_acoustic_011-071-127.wav,104,reed_acoustic_011,7,reed,0,acoustic,71,127,16000,
-17.853334,21.647799,guitar_electronic_022-076-025,guitar_electronic_022-076-025,/root/autodl-tmp/tokenizer-eval/data/nsynth/nsynth-test/audio/guitar_electronic_022-076-025.wav,378,guitar_electronic_022,3,guitar,1,electronic,76,25,16000,
31.360823,-30.069118,string_acoustic_080-034-100,string_acoustic_080-034-100,/root/autodl-tmp/tokenizer-eval/data/nsynth/nsynth-test/audio/string_acoustic_080-034-100.wav,675,string_acoustic_080,8,string,0,acoustic,34,100,16000,long_release|reverb
-41.629356,-15.720225,organ_electronic_057-060-025,organ_electronic_057-060-025,/root/autodl-tmp/tokenizer-eval/data/nsynth/nsynth-test/audio/organ_electronic_057-060-025.wav,701,organ_electronic_057,6,organ,1,electronic,60,25,16000,dark
-3.5619688,-58.602936,string_acoustic_071-032-025,string_acoustic_071-032-025,/root/autodl-tmp/tokenizer-eval/data/nsynth/nsynth-test/audio/string_acoustic_071-032-025.wav,609,string_acoustic_071,8,string,0,acoustic,32,25,16000,reverb
29.363268,-88.94816,brass_acoustic_046-104-050,brass_acoustic_046-104-050,/root/autodl-tmp/tokenizer-eval/data/nsynth/nsynth-test/audio/brass_acoustic_046-104-050.wav,414,brass_acoustic_046,1,brass,0,acoustic,104,50,16000,long_release
-12.093104,14.785991,guitar_electronic_022-067-025,guitar_electronic_022-067-025,/root/autodl-tmp/tokenizer-eval/data/nsynth/nsynth-test/audio/guitar_electronic_022-067-025.wav,378,guitar_electronic_022,3,guitar,1,electronic,67,25,16000,
-21.585121,1.6200645,reed_acoustic_011-062-100,reed_acoustic_011-062-100,/root/autodl-tmp/tokenizer-eval/data/nsynth/nsynth-test/audio/reed_acoustic_011-062-100.wav,104,reed_acoustic_011,7,reed,0,acoustic,62,100,16000,
-24.809656,-22.074385,reed_acoustic_037-052-075,reed_acoustic_037-052-075,/root/autodl-tmp/tokenizer-eval/data/nsynth/nsynth-test/audio/reed_acoustic_037-052-075.wav,387,reed_acoustic_037,7,reed,0,acoustic,52,75,16000,reverb
26.899931,7.410595,guitar_acoustic_015-043-127,guitar_acoustic_015-043-127,/root/autodl-tmp/tokenizer-eval/data/nsynth/nsynth-test/audio/guitar_acoustic_015-043-127.wav,316,guitar_acoustic_015,3,guitar,0,acoustic,43,127,16000,long_release|reverb
41.266163,39.72049,reed_acoustic_023-083-025,reed_acoustic_023-083-025,/root/autodl-tmp/tokenizer-eval/data/nsynth/nsynth-test/audio/reed_acoustic_023-083-025.wav,224,reed_acoustic_023,7,reed,0,acoustic,83,25,16000,bright|fast_decay|multiphonic|nonlinear_env
20.377449,-27.953613,organ_electronic_007-031-025,organ_electronic_007-031-025,/root/autodl-tmp/tokenizer-eval/data/nsynth/nsynth-test/audio/organ_electronic_007-031-025.wav,123,organ_electronic_007,6,organ,1,electronic,31,25,16000,distortion|long_release|nonlinear_env
17.545553,-2.4194531,keyboard_electronic_003-082-025,keyboard_electronic_003-082-025,/root/autodl-tmp/tokenizer-eval/data/nsynth/nsynth-test/audio/keyboard_electronic_003-082-025.wav,65,keyboard_electronic_003,4,keyboard,1,electronic,82,25,16000,
-0.2066258,14.804659,guitar_acoustic_030-059-075,guitar_acoustic_030-059-075,/root/autodl-tmp/tokenizer-eval/data/nsynth/nsynth-test/audio/guitar_acoustic_030-059-075.wav,642,guitar_acoustic_030,3,guitar,0,acoustic,59,75,16000,tempo-synced
-4.385989,30.31068,guitar_electronic_028-082-127,guitar_electronic_028-082-127,/root/autodl-tmp/tokenizer-eval/data/nsynth/nsynth-test/audio/guitar_electronic_028-082-127.wav,510,guitar_electronic_028,3,guitar,1,electronic,82,127,16000,
-26.870642,36.1628,organ_electronic_001-092-127,organ_electronic_001-092-127,/root/autodl-tmp/tokenizer-eval/data/nsynth/nsynth-test/audio/organ_electronic_001-092-127.wav,8,organ_electronic_001,6,organ,1,electronic,92,127,16000,
-1.0308573,-54.99038,reed_acoustic_037-032-127,reed_acoustic_037-032-127,/root/autodl-tmp/tokenizer-eval/data/nsynth/nsynth-test/audio/reed_acoustic_037-032-127.wav,387,reed_acoustic_037,7,reed,0,acoustic,32,127,16000,long_release|reverb
-28.865932,-21.782406,reed_acoustic_037-050-127,reed_acoustic_037-050-127,/root/autodl-tmp/tokenizer-eval/data/nsynth/nsynth-test/audio/reed_acoustic_037-050-127.wav,387,reed_acoustic_037,7,reed,0,acoustic,50,127,16000,long_release|reverb
41.035007,-2.715389,organ_electronic_007-036-025,organ_electronic_007-036-025,/root/autodl-tmp/tokenizer-eval/data/nsynth/nsynth-test/audio/organ_electronic_007-036-025.wav,123,organ_electronic_007,6,organ,1,electronic,36,25,16000,distortion|long_release|nonlinear_env
-46.3523,12.890542,vocal_synthetic_003-104-127,vocal_synthetic_003-104-127,/root/autodl-tmp/tokenizer-eval/data/nsynth/nsynth-test/audio/vocal_synthetic_003-104-127.wav,37,vocal_synthetic_003,10,vocal,2,synthetic,104,127,16000,bright|distortion|long_release|nonlinear_env
-38.781563,-3.4380302,organ_electronic_057-069-075,organ_electronic_057-069-075,/root/autodl-tmp/tokenizer-eval/data/nsynth/nsynth-test/audio/organ_electronic_057-069-075.wav,701,organ_electronic_057,6,organ,1,electronic,69,75,16000,
-46.990883,-16.37967,reed_acoustic_018-060-025,reed_acoustic_018-060-025,/root/autodl-tmp/tokenizer-eval/data/nsynth/nsynth-test/audio/reed_acoustic_018-060-025.wav,183,reed_acoustic_018,7,reed,0,acoustic,60,25,16000,
-23.083992,14.837734,organ_electronic_001-079-075,organ_electronic_001-079-075,/root/autodl-tmp/tokenizer-eval/data/nsynth/nsynth-test/audio/organ_electronic_001-079-075.wav,8,organ_electronic_001,6,organ,1,electronic,79,75,16000,
-23.63574,-16.487621,reed_acoustic_037-054-025,reed_acoustic_037-054-025,/root/autodl-tmp/tokenizer-eval/data/nsynth/nsynth-test/audio/reed_acoustic_037-054-025.wav,387,reed_acoustic_037,7,reed,0,acoustic,54,25,16000,reverb
19.165382,20.240839,string_acoustic_056-054-050,string_acoustic_056-054-050,/root/autodl-tmp/tokenizer-eval/data/nsynth/nsynth-test/audio/string_acoustic_056-054-050.wav,436,string_acoustic_056,8,string,0,acoustic,54,50,16000,fast_decay|percussive|reverb
-27.896502,29.745577,organ_electronic_001-090-025,organ_electronic_001-090-025,/root/autodl-tmp/tokenizer-eval/data/nsynth/nsynth-test/audio/organ_electronic_001-090-025.wav,8,organ_electronic_001,6,organ,1,electronic,90,25,16000,
-29.78294,-3.5509129,vocal_synthetic_003-054-127,vocal_synthetic_003-054-127,/root/autodl-tmp/tokenizer-eval/data/nsynth/nsynth-test/audio/vocal_synthetic_003-054-127.wav,37,vocal_synthetic_003,10,vocal,2,synthetic,54,127,16000,bright|distortion|long_release|nonlinear_env
-45.639633,10.446608,vocal_synthetic_003-097-127,vocal_synthetic_003-097-127,/root/autodl-tmp/tokenizer-eval/data/nsynth/nsynth-test/audio/vocal_synthetic_003-097-127.wav,37,vocal_synthetic_003,10,vocal,2,synthetic,97,127,16000,bright|distortion|long_release|nonlinear_env
43.211227,-33.635902,string_acoustic_012-029-025,string_acoustic_012-029-025,/root/autodl-tmp/tokenizer-eval/data/nsynth/nsynth-test/audio/string_acoustic_012-029-025.wav,97,string_acoustic_012,8,string,0,acoustic,29,25,16000,long_release|reverb
25.844316,9.571973,string_acoustic_014-041-025,string_acoustic_014-041-025,/root/autodl-tmp/tokenizer-eval/data/nsynth/nsynth-test/audio/string_acoustic_014-041-025.wav,100,string_acoustic_014,8,string,0,acoustic,41,25,16000,dark|reverb
16.939774,-3.6175392,keyboard_electronic_003-090-100,keyboard_electronic_003-090-100,/root/autodl-tmp/tokenizer-eval/data/nsynth/nsynth-test/audio/keyboard_electronic_003-090-100.wav,65,keyboard_electronic_003,4,keyboard,1,electronic,90,100,16000,
29.245953,-18.570969,guitar_acoustic_014-024-075,guitar_acoustic_014-024-075,/root/autodl-tmp/tokenizer-eval/data/nsynth/nsynth-test/audio/guitar_acoustic_014-024-075.wav,263,guitar_acoustic_014,3,guitar,0,acoustic,24,75,16000,
-5.151711,13.227819,mallet_acoustic_062-069-100,mallet_acoustic_062-069-100,/root/autodl-tmp/tokenizer-eval/data/nsynth/nsynth-test/audio/mallet_acoustic_062-069-100.wav,644,mallet_acoustic_062,5,mallet,0,acoustic,69,100,16000,dark|multiphonic
-43.707626,-14.406546,string_acoustic_057-061-050,string_acoustic_057-061-050,/root/autodl-tmp/tokenizer-eval/data/nsynth/nsynth-test/audio/string_acoustic_057-061-050.wav,450,string_acoustic_057,8,string,0,acoustic,61,50,16000,bright|nonlinear_env|reverb
41.726376,-35.04117,flute_synthetic_000-041-100,flute_synthetic_000-041-100,/root/autodl-tmp/tokenizer-eval/data/nsynth/nsynth-test/audio/flute_synthetic_000-041-100.wav,82,flute_synthetic_000,2,flute,2,synthetic,41,100,16000,distortion
45.259064,-18.727863,guitar_electronic_022-026-100,guitar_electronic_022-026-100,/root/autodl-tmp/tokenizer-eval/data/nsynth/nsynth-test/audio/guitar_electronic_022-026-100.wav,378,guitar_electronic_022,3,guitar,1,electronic,26,100,16000,dark
52.424366,-17.289944,flute_synthetic_000-045-127,flute_synthetic_000-045-127,/root/autodl-tmp/tokenizer-eval/data/nsynth/nsynth-test/audio/flute_synthetic_000-045-127.wav,82,flute_synthetic_000,2,flute,2,synthetic,45,127,16000,distortion
-13.181851,28.911993,mallet_acoustic_056-087-100,mallet_acoustic_056-087-100,/root/autodl-tmp/tokenizer-eval/data/nsynth/nsynth-test/audio/mallet_acoustic_056-087-100.wav,590,mallet_acoustic_056,5,mallet,0,acoustic,87,100,16000,
-42.477512,-3.8588207,organ_electronic_028-070-127,organ_electronic_028-070-127,/root/autodl-tmp/tokenizer-eval/data/nsynth/nsynth-test/audio/organ_electronic_028-070-127.wav,440,organ_electronic_028,6,organ,1,electronic,70,127,16000,dark
52.1094,-17.016941,string_acoustic_012-033-075,string_acoustic_012-033-075,/root/autodl-tmp/tokenizer-eval/data/nsynth/nsynth-test/audio/string_acoustic_012-033-075.wav,97,string_acoustic_012,8,string,0,acoustic,33,75,16000,reverb
-23.283596,-44.437103,organ_electronic_001-037-075,organ_electronic_001-037-075,/root/autodl-tmp/tokenizer-eval/data/nsynth/nsynth-test/audio/organ_electronic_001-037-075.wav,8,organ_electronic_001,6,organ,1,electronic,37,75,16000,dark
7.198327,-40.324863,flute_synthetic_000-040-025,flute_synthetic_000-040-025,/root/autodl-tmp/tokenizer-eval/data/nsynth/nsynth-test/audio/flute_synthetic_000-040-025.wav,82,flute_synthetic_000,2,flute,2,synthetic,40,25,16000,distortion
-12.408875,33.812744,mallet_acoustic_062-084-100,mallet_acoustic_062-084-100,/root/autodl-tmp/tokenizer-eval/data/nsynth/nsynth-test/audio/mallet_acoustic_062-084-100.wav,644,mallet_acoustic_062,5,mallet,0,acoustic,84,100,16000,multiphonic
-4.9766726,-38.545517,flute_synthetic_000-052-050,flute_synthetic_000-052-050,/root/autodl-tmp/tokenizer-eval/data/nsynth/nsynth-test/audio/flute_synthetic_000-052-050.wav,82,flute_synthetic_000,2,flute,2,synthetic,52,50,16000,distortion
45.627106,-1.8961321,organ_electronic_057-036-050,organ_electronic_057-036-050,/root/autodl-tmp/tokenizer-eval/data/nsynth/nsynth-test/audio/organ_electronic_057-036-050.wav,701,organ_electronic_057,6,organ,1,electronic,36,50,16000,dark
43.835896,1.3314104,string_acoustic_056-036-127,string_acoustic_056-036-127,/root/autodl-tmp/tokenizer-eval/data/nsynth/nsynth-test/audio/string_acoustic_056-036-127.wav,436,string_acoustic_056,8,string,0,acoustic,36,127,16000,reverb
-16.594345,21.578272,guitar_electronic_022-077-127,guitar_electronic_022-077-127,/root/autodl-tmp/tokenizer-eval/data/nsynth/nsynth-test/audio/guitar_electronic_022-077-127.wav,378,guitar_electronic_022,3,guitar,1,electronic,77,127,16000,
16.5148,17.148998,string_acoustic_056-059-127,string_acoustic_056-059-127,/root/autodl-tmp/tokenizer-eval/data/nsynth/nsynth-test/audio/string_acoustic_056-059-127.wav,436,string_acoustic_056,8,string,0,acoustic,59,127,16000,fast_decay|reverb
-43.652008,30.469624,reed_acoustic_018-074-100,reed_acoustic_018-074-100,/root/autodl-tmp/tokenizer-eval/data/nsynth/nsynth-test/audio/reed_acoustic_018-074-100.wav,183,reed_acoustic_018,7,reed,0,acoustic,74,100,16000,
-23.297554,43.06375,flute_acoustic_002-103-050,flute_acoustic_002-103-050,/root/autodl-tmp/tokenizer-eval/data/nsynth/nsynth-test/audio/flute_acoustic_002-103-050.wav,86,flute_acoustic_002,2,flute,0,acoustic,103,50,16000,bright|reverb
3.0193226,-40.216824,bass_electronic_018-040-100,bass_electronic_018-040-100,/root/autodl-tmp/tokenizer-eval/data/nsynth/nsynth-test/audio/bass_electronic_018-040-100.wav,759,bass_electronic_018,0,bass,1,electronic,40,100,16000,
23.581484,23.610016,mallet_acoustic_047-070-075,mallet_acoustic_047-070-075,/root/autodl-tmp/tokenizer-eval/data/nsynth/nsynth-test/audio/mallet_acoustic_047-070-075.wav,488,mallet_acoustic_047,5,mallet,0,acoustic,70,75,16000,fast_decay|percussive|reverb
-24.829065,17.531221,flute_synthetic_000-080-050,flute_synthetic_000-080-050,/root/autodl-tmp/tokenizer-eval/data/nsynth/nsynth-test/audio/flute_synthetic_000-080-050.wav,82,flute_synthetic_000,2,flute,2,synthetic,80,50,16000,distortion
-22.787373,26.762344,organ_electronic_028-078-025,organ_electronic_028-078-025,/root/autodl-tmp/tokenizer-eval/data/nsynth/nsynth-test/audio/organ_electronic_028-078-025.wav,440,organ_electronic_028,6,organ,1,electronic,78,25,16000,
-16.24045,-15.336246,guitar_acoustic_014-054-127,guitar_acoustic_014-054-127,/root/autodl-tmp/tokenizer-eval/data/nsynth/nsynth-test/audio/guitar_acoustic_014-054-127.wav,263,guitar_acoustic_014,3,guitar,0,acoustic,54,127,16000,
48.05043,-15.386032,keyboard_electronic_002-021-100,keyboard_electronic_002-021-100,/root/autodl-tmp/tokenizer-eval/data/nsynth/nsynth-test/audio/keyboard_electronic_002-021-100.wav,50,keyboard_electronic_002,4,keyboard,1,electronic,21,100,16000,distortion
25.435816,8.357005,string_acoustic_014-030-075,string_acoustic_014-030-075,/root/autodl-tmp/tokenizer-eval/data/nsynth/nsynth-test/audio/string_acoustic_014-030-075.wav,100,string_acoustic_014,8,string,0,acoustic,30,75,16000,dark|reverb
-46.688667,-6.088162,string_acoustic_057-071-075,string_acoustic_057-071-075,/root/autodl-tmp/tokenizer-eval/data/nsynth/nsynth-test/audio/string_acoustic_057-071-075.wav,450,string_acoustic_057,8,string,0,acoustic,71,75,16000,bright|nonlinear_env|reverb
41.979218,43.820904,reed_acoustic_023-092-100,reed_acoustic_023-092-100,/root/autodl-tmp/tokenizer-eval/data/nsynth/nsynth-test/audio/reed_acoustic_023-092-100.wav,224,reed_acoustic_023,7,reed,0,acoustic,92,100,16000,fast_decay|multiphonic|nonlinear_env
-12.473846,-7.969258,keyboard_electronic_078-055-025,keyboard_electronic_078-055-025,/root/autodl-tmp/tokenizer-eval/data/nsynth/nsynth-test/audio/keyboard_electronic_078-055-025.wav,838,keyboard_electronic_078,4,keyboard,1,electronic,55,25,16000,bright
-17.99616,-24.280254,reed_acoustic_018-053-025,reed_acoustic_018-053-025,/root/autodl-tmp/tokenizer-eval/data/nsynth/nsynth-test/audio/reed_acoustic_018-053-025.wav,183,reed_acoustic_018,7,reed,0,acoustic,53,25,16000,
-9.106689,9.024226,mallet_acoustic_062-063-100,mallet_acoustic_062-063-100,/root/autodl-tmp/tokenizer-eval/data/nsynth/nsynth-test/audio/mallet_acoustic_062-063-100.wav,644,mallet_acoustic_062,5,mallet,0,acoustic,63,100,16000,dark|multiphonic
-22.370218,-42.53337,brass_acoustic_006-037-127,brass_acoustic_006-037-127,/root/autodl-tmp/tokenizer-eval/data/nsynth/nsynth-test/audio/brass_acoustic_006-037-127.wav,43,brass_acoustic_006,1,brass,0,acoustic,37,127,16000,reverb
-33.797638,-13.133574,brass_acoustic_059-058-100,brass_acoustic_059-058-100,/root/autodl-tmp/tokenizer-eval/data/nsynth/nsynth-test/audio/brass_acoustic_059-058-100.wav,572,brass_acoustic_059,1,brass,0,acoustic,58,100,16000,reverb
24.065964,40.128853,keyboard_electronic_098-105-100,keyboard_electronic_098-105-100,/root/autodl-tmp/tokenizer-eval/data/nsynth/nsynth-test/audio/keyboard_electronic_098-105-100.wav,905,keyboard_electronic_098,4,keyboard,1,electronic,105,100,16000,bright|fast_decay|percussive
-9.600664,-1.0781755,keyboard_electronic_078-061-025,keyboard_electronic_078-061-025,/root/autodl-tmp/tokenizer-eval/data/nsynth/nsynth-test/audio/keyboard_electronic_078-061-025.wav,838,keyboard_electronic_078,4,keyboard,1,electronic,61,25,16000,bright
27.574932,-89.37033,brass_acoustic_046-095-100,brass_acoustic_046-095-100,/root/autodl-tmp/tokenizer-eval/data/nsynth/nsynth-test/audio/brass_acoustic_046-095-100.wav,414,brass_acoustic_046,1,brass,0,acoustic,95,100,16000,long_release
-16.75836,-5.1167464,guitar_acoustic_014-057-075,guitar_acoustic_014-057-075,/root/autodl-tmp/tokenizer-eval/data/nsynth/nsynth-test/audio/guitar_acoustic_014-057-075.wav,263,guitar_acoustic_014,3,guitar,0,acoustic,57,75,16000,
26.86454,0.35660604,string_acoustic_014-038-075,string_acoustic_014-038-075,/root/autodl-tmp/tokenizer-eval/data/nsynth/nsynth-test/audio/string_acoustic_014-038-075.wav,100,string_acoustic_014,8,string,0,acoustic,38,75,16000,dark|reverb
-20.490192,48.27984,organ_electronic_007-095-127,organ_electronic_007-095-127,/root/autodl-tmp/tokenizer-eval/data/nsynth/nsynth-test/audio/organ_electronic_007-095-127.wav,123,organ_electronic_007,6,organ,1,electronic,95,127,16000,long_release|nonlinear_env
0.013956005,27.81025,mallet_acoustic_056-082-100,mallet_acoustic_056-082-100,/root/autodl-tmp/tokenizer-eval/data/nsynth/nsynth-test/audio/mallet_acoustic_056-082-100.wav,590,mallet_acoustic_056,5,mallet,0,acoustic,82,100,16000,fast_decay
-18.290936,38.697266,guitar_acoustic_010-083-025,guitar_acoustic_010-083-025,/root/autodl-tmp/tokenizer-eval/data/nsynth/nsynth-test/audio/guitar_acoustic_010-083-025.wav,219,guitar_acoustic_010,3,guitar,0,acoustic,83,25,16000,
-33.44794,-5.686716,vocal_synthetic_003-057-075,vocal_synthetic_003-057-075,/root/autodl-tmp/tokenizer-eval/data/nsynth/nsynth-test/audio/vocal_synthetic_003-057-075.wav,37,vocal_synthetic_003,10,vocal,2,synthetic,57,75,16000,distortion|long_release|nonlinear_env
-15.424635,-22.189308,guitar_acoustic_010-053-100,guitar_acoustic_010-053-100,/root/autodl-tmp/tokenizer-eval/data/nsynth/nsynth-test/audio/guitar_acoustic_010-053-100.wav,219,guitar_acoustic_010,3,guitar,0,acoustic,53,100,16000,
-2.8619192,-19.070812,keyboard_acoustic_004-051-075,keyboard_acoustic_004-051-075,/root/autodl-tmp/tokenizer-eval/data/nsynth/nsynth-test/audio/keyboard_acoustic_004-051-075.wav,327,keyboard_acoustic_004,4,keyboard,0,acoustic,51,75,16000,reverb
44.38699,42.357853,reed_acoustic_023-070-050,reed_acoustic_023-070-050,/root/autodl-tmp/tokenizer-eval/data/nsynth/nsynth-test/audio/reed_acoustic_023-070-050.wav,224,reed_acoustic_023,7,reed,0,acoustic,70,50,16000,bright|fast_decay|multiphonic|nonlinear_env
-6.273345,-33.977203,guitar_electronic_028-052-050,guitar_electronic_028-052-050,/root/autodl-tmp/tokenizer-eval/data/nsynth/nsynth-test/audio/guitar_electronic_028-052-050.wav,510,guitar_electronic_028,3,guitar,1,electronic,52,50,16000,dark
-15.766607,-15.02045,guitar_acoustic_010-054-025,guitar_acoustic_010-054-025,/root/autodl-tmp/tokenizer-eval/data/nsynth/nsynth-test/audio/guitar_acoustic_010-054-025.wav,219,guitar_acoustic_010,3,guitar,0,acoustic,54,25,16000,
17.20068,-17.340641,bass_synthetic_033-030-050,bass_synthetic_033-030-050,/root/autodl-tmp/tokenizer-eval/data/nsynth/nsynth-test/audio/bass_synthetic_033-030-050.wav,417,bass_synthetic_033,0,bass,2,synthetic,30,50,16000,dark
35.299335,40.60028,keyboard_synthetic_000-064-025,keyboard_synthetic_000-064-025,/root/autodl-tmp/tokenizer-eval/data/nsynth/nsynth-test/audio/keyboard_synthetic_000-064-025.wav,577,keyboard_synthetic_000,4,keyboard,2,synthetic,64,25,16000,distortion|fast_decay|nonlinear_env
-37.58432,-3.1452448,string_acoustic_057-069-075,string_acoustic_057-069-075,/root/autodl-tmp/tokenizer-eval/data/nsynth/nsynth-test/audio/string_acoustic_057-069-075.wav,450,string_acoustic_057,8,string,0,acoustic,69,75,16000,bright|nonlinear_env|reverb
24.156874,3.840549,string_acoustic_014-037-025,string_acoustic_014-037-025,/root/autodl-tmp/tokenizer-eval/data/nsynth/nsynth-test/audio/string_acoustic_014-037-025.wav,100,string_acoustic_014,8,string,0,acoustic,37,25,16000,dark|reverb
-27.152088,7.623228,flute_synthetic_000-075-075,flute_synthetic_000-075-075,/root/autodl-tmp/tokenizer-eval/data/nsynth/nsynth-test/audio/flute_synthetic_000-075-075.wav,82,flute_synthetic_000,2,flute,2,synthetic,75,75,16000,distortion
-25.908072,35.95624,flute_synthetic_000-092-075,flute_synthetic_000-092-075,/root/autodl-tmp/tokenizer-eval/data/nsynth/nsynth-test/audio/flute_synthetic_000-092-075.wav,82,flute_synthetic_000,2,flute,2,synthetic,92,75,16000,distortion
27.036133,18.4776,mallet_acoustic_047-102-050,mallet_acoustic_047-102-050,/root/autodl-tmp/tokenizer-eval/data/nsynth/nsynth-test/audio/mallet_acoustic_047-102-050.wav,488,mallet_acoustic_047,5,mallet,0,acoustic,102,50,16000,fast_decay|percussive|reverb
0.65735507,17.19263,mallet_acoustic_062-072-075,mallet_acoustic_062-072-075,/root/autodl-tmp/tokenizer-eval/data/nsynth/nsynth-test/audio/mallet_acoustic_062-072-075.wav,644,mallet_acoustic_062,5,mallet,0,acoustic,72,75,16000,dark|multiphonic
-9.959821,14.333165,keyboard_electronic_002-067-075,keyboard_electronic_002-067-075,/root/autodl-tmp/tokenizer-eval/data/nsynth/nsynth-test/audio/keyboard_electronic_002-067-075.wav,50,keyboard_electronic_002,4,keyboard,1,electronic,67,75,16000,
51.831486,-14.139884,guitar_acoustic_014-045-100,guitar_acoustic_014-045-100,/root/autodl-tmp/tokenizer-eval/data/nsynth/nsynth-test/audio/guitar_acoustic_014-045-100.wav,263,guitar_acoustic_014,3,guitar,0,acoustic,45,100,16000,
-9.913988,-0.19356382,brass_acoustic_015-061-075,brass_acoustic_015-061-075,/root/autodl-tmp/tokenizer-eval/data/nsynth/nsynth-test/audio/brass_acoustic_015-061-075.wav,121,brass_acoustic_015,1,brass,0,acoustic,61,75,16000,reverb
-10.13034,35.656124,bass_synthetic_135-095-100,bass_synthetic_135-095-100,/root/autodl-tmp/tokenizer-eval/data/nsynth/nsynth-test/audio/bass_synthetic_135-095-100.wav,927,bass_synthetic_135,0,bass,2,synthetic,95,100,16000,distortion
32.961227,47.45209,mallet_acoustic_062-096-050,mallet_acoustic_062-096-050,/root/autodl-tmp/tokenizer-eval/data/nsynth/nsynth-test/audio/mallet_acoustic_062-096-050.wav,644,mallet_acoustic_062,5,mallet,0,acoustic,96,50,16000,fast_decay|multiphonic
5.230991,23.947083,bass_synthetic_068-078-050,bass_synthetic_068-078-050,/root/autodl-tmp/tokenizer-eval/data/nsynth/nsynth-test/audio/bass_synthetic_068-078-050.wav,656,bass_synthetic_068,0,bass,2,synthetic,78,50,16000,fast_decay
39.862827,36.9093,mallet_acoustic_062-095-075,mallet_acoustic_062-095-075,/root/autodl-tmp/tokenizer-eval/data/nsynth/nsynth-test/audio/mallet_acoustic_062-095-075.wav,644,mallet_acoustic_062,5,mallet,0,acoustic,95,75,16000,fast_decay|multiphonic
-25.92529,-11.863791,brass_acoustic_006-055-050,brass_acoustic_006-055-050,/root/autodl-tmp/tokenizer-eval/data/nsynth/nsynth-test/audio/brass_acoustic_006-055-050.wav,43,brass_acoustic_006,1,brass,0,acoustic,55,50,16000,reverb
39.433838,40.361244,reed_acoustic_023-077-075,reed_acoustic_023-077-075,/root/autodl-tmp/tokenizer-eval/data/nsynth/nsynth-test/audio/reed_acoustic_023-077-075.wav,224,reed_acoustic_023,7,reed,0,acoustic,77,75,16000,bright|fast_decay|multiphonic|nonlinear_env
-25.269203,32.80054,brass_acoustic_006-079-127,brass_acoustic_006-079-127,/root/autodl-tmp/tokenizer-eval/data/nsynth/nsynth-test/audio/brass_acoustic_006-079-127.wav,43,brass_acoustic_006,1,brass,0,acoustic,79,127,16000,reverb
-37.17459,-13.775274,brass_acoustic_016-059-075,brass_acoustic_016-059-075,/root/autodl-tmp/tokenizer-eval/data/nsynth/nsynth-test/audio/brass_acoustic_016-059-075.wav,128,brass_acoustic_016,1,brass,0,acoustic,59,75,16000,bright
-31.878178,32.48773,flute_synthetic_000-101-127,flute_synthetic_000-101-127,/root/autodl-tmp/tokenizer-eval/data/nsynth/nsynth-test/audio/flute_synthetic_000-101-127.wav,82,flute_synthetic_000,2,flute,2,synthetic,101,127,16000,bright|distortion
55.01891,-21.3164,string_acoustic_080-026-127,string_acoustic_080-026-127,/root/autodl-tmp/tokenizer-eval/data/nsynth/nsynth-test/audio/string_acoustic_080-026-127.wav,675,string_acoustic_080,8,string,0,acoustic,26,127,16000,long_release|reverb
-2.0273983,-51.52262,brass_acoustic_006-044-100,brass_acoustic_006-044-100,/root/autodl-tmp/tokenizer-eval/data/nsynth/nsynth-test/audio/brass_acoustic_006-044-100.wav,43,brass_acoustic_006,1,brass,0,acoustic,44,100,16000,reverb
13.112361,-17.85895,guitar_acoustic_014-042-100,guitar_acoustic_014-042-100,/root/autodl-tmp/tokenizer-eval/data/nsynth/nsynth-test/audio/guitar_acoustic_014-042-100.wav,263,guitar_acoustic_014,3,guitar,0,acoustic,42,100,16000,
16.159098,-39.716755,reed_acoustic_037-047-075,reed_acoustic_037-047-075,/root/autodl-tmp/tokenizer-eval/data/nsynth/nsynth-test/audio/reed_acoustic_037-047-075.wav,387,reed_acoustic_037,7,reed,0,acoustic,47,75,16000,reverb
21.836807,-11.075143,mallet_acoustic_062-025-100,mallet_acoustic_062-025-100,/root/autodl-tmp/tokenizer-eval/data/nsynth/nsynth-test/audio/mallet_acoustic_062-025-100.wav,644,mallet_acoustic_062,5,mallet,0,acoustic,25,100,16000,dark|long_release|multiphonic
24.506643,24.224758,mallet_acoustic_047-079-100,mallet_acoustic_047-079-100,/root/autodl-tmp/tokenizer-eval/data/nsynth/nsynth-test/audio/mallet_acoustic_047-079-100.wav,488,mallet_acoustic_047,5,mallet,0,acoustic,79,100,16000,fast_decay|percussive|reverb
-25.660454,-10.959681,reed_acoustic_037-055-050,reed_acoustic_037-055-050,/root/autodl-tmp/tokenizer-eval/data/nsynth/nsynth-test/audio/reed_acoustic_037-055-050.wav,387,reed_acoustic_037,7,reed,0,acoustic,55,50,16000,reverb
-10.2749815,14.131763,guitar_acoustic_021-067-127,guitar_acoustic_021-067-127,/root/autodl-tmp/tokenizer-eval/data/nsynth/nsynth-test/audio/guitar_acoustic_021-067-127.wav,457,guitar_acoustic_021,3,guitar,0,acoustic,67,127,16000,distortion
27.659811,-3.1743176,mallet_acoustic_062-035-075,mallet_acoustic_062-035-075,/root/autodl-tmp/tokenizer-eval/data/nsynth/nsynth-test/audio/mallet_acoustic_062-035-075.wav,644,mallet_acoustic_062,5,mallet,0,acoustic,35,75,16000,dark|multiphonic
-25.418121,43.82698,organ_electronic_028-104-025,organ_electronic_028-104-025,/root/autodl-tmp/tokenizer-eval/data/nsynth/nsynth-test/audio/organ_electronic_028-104-025.wav,440,organ_electronic_028,6,organ,1,electronic,104,25,16000,bright
-25.383799,46.29733,flute_acoustic_002-101-075,flute_acoustic_002-101-075,/root/autodl-tmp/tokenizer-eval/data/nsynth/nsynth-test/audio/flute_acoustic_002-101-075.wav,86,flute_acoustic_002,2,flute,0,acoustic,101,75,16000,bright|reverb
12.53438,-7.0224476,bass_electronic_027-026-025,bass_electronic_027-026-025,/root/autodl-tmp/tokenizer-eval/data/nsynth/nsynth-test/audio/bass_electronic_027-026-025.wav,880,bass_electronic_027,0,bass,1,electronic,26,25,16000,
-0.0653753,-54.859936,bass_synthetic_009-020-075,bass_synthetic_009-020-075,/root/autodl-tmp/tokenizer-eval/data/nsynth/nsynth-test/audio/bass_synthetic_009-020-075.wav,150,bass_synthetic_009,0,bass,2,synthetic,20,75,16000,bright|distortion|long_release
-23.31146,39.633717,organ_electronic_028-093-075,organ_electronic_028-093-075,/root/autodl-tmp/tokenizer-eval/data/nsynth/nsynth-test/audio/organ_electronic_028-093-075.wav,440,organ_electronic_028,6,organ,1,electronic,93,75,16000,
21.701866,41.945374,mallet_acoustic_056-045-100,mallet_acoustic_056-045-100,/root/autodl-tmp/tokenizer-eval/data/nsynth/nsynth-test/audio/mallet_acoustic_056-045-100.wav,590,mallet_acoustic_056,5,mallet,0,acoustic,45,100,16000,bright|fast_decay|percussive
-22.635384,34.594524,flute_acoustic_002-080-050,flute_acoustic_002-080-050,/root/autodl-tmp/tokenizer-eval/data/nsynth/nsynth-test/audio/flute_acoustic_002-080-050.wav,86,flute_acoustic_002,2,flute,0,acoustic,80,50,16000,reverb
-10.954284,-11.036044,brass_acoustic_015-054-050,brass_acoustic_015-054-050,/root/autodl-tmp/tokenizer-eval/data/nsynth/nsynth-test/audio/brass_acoustic_015-054-050.wav,121,brass_acoustic_015,1,brass,0,acoustic,54,50,16000,reverb
18.16348,-42.716103,bass_synthetic_068-047-025,bass_synthetic_068-047-025,/root/autodl-tmp/tokenizer-eval/data/nsynth/nsynth-test/audio/bass_synthetic_068-047-025.wav,656,bass_synthetic_068,0,bass,2,synthetic,47,25,16000,dark
0.31240782,-3.2688026,guitar_acoustic_030-048-025,guitar_acoustic_030-048-025,/root/autodl-tmp/tokenizer-eval/data/nsynth/nsynth-test/audio/guitar_acoustic_030-048-025.wav,642,guitar_acoustic_030,3,guitar,0,acoustic,48,25,16000,tempo-synced
-17.705204,16.185446,brass_acoustic_016-077-100,brass_acoustic_016-077-100,/root/autodl-tmp/tokenizer-eval/data/nsynth/nsynth-test/audio/brass_acoustic_016-077-100.wav,128,brass_acoustic_016,1,brass,0,acoustic,77,100,16000,bright
37.911293,48.12597,keyboard_synthetic_000-061-127,keyboard_synthetic_000-061-127,/root/autodl-tmp/tokenizer-eval/data/nsynth/nsynth-test/audio/keyboard_synthetic_000-061-127.wav,577,keyboard_synthetic_000,4,keyboard,2,synthetic,61,127,16000,bright|distortion|fast_decay|nonlinear_env
34.81326,49.58423,mallet_acoustic_062-096-025,mallet_acoustic_062-096-025,/root/autodl-tmp/tokenizer-eval/data/nsynth/nsynth-test/audio/mallet_acoustic_062-096-025.wav,644,mallet_acoustic_062,5,mallet,0,acoustic,96,25,16000,fast_decay|multiphonic|percussive
18.184784,-3.6262639,keyboard_electronic_003-086-075,keyboard_electronic_003-086-075,/root/autodl-tmp/tokenizer-eval/data/nsynth/nsynth-test/audio/keyboard_electronic_003-086-075.wav,65,keyboard_electronic_003,4,keyboard,1,electronic,86,75,16000,
29.363268,-88.94816,brass_acoustic_046-084-075,brass_acoustic_046-084-075,/root/autodl-tmp/tokenizer-eval/data/nsynth/nsynth-test/audio/brass_acoustic_046-084-075.wav,414,brass_acoustic_046,1,brass,0,acoustic,84,75,16000,long_release
22.077559,-39.140488,string_acoustic_071-035-100,string_acoustic_071-035-100,/root/autodl-tmp/tokenizer-eval/data/nsynth/nsynth-test/audio/string_acoustic_071-035-100.wav,609,string_acoustic_071,8,string,0,acoustic,35,100,16000,long_release|reverb
45.858715,-18.080402,guitar_electronic_028-026-025,guitar_electronic_028-026-025,/root/autodl-tmp/tokenizer-eval/data/nsynth/nsynth-test/audio/guitar_electronic_028-026-025.wav,510,guitar_electronic_028,3,guitar,1,electronic,26,25,16000,dark
-4.256764,-20.236969,string_acoustic_080-051-127,string_acoustic_080-051-127,/root/autodl-tmp/tokenizer-eval/data/nsynth/nsynth-test/audio/string_acoustic_080-051-127.wav,675,string_acoustic_080,8,string,0,acoustic,51,127,16000,reverb
28.422613,-32.013218,brass_acoustic_059-046-025,brass_acoustic_059-046-025,/root/autodl-tmp/tokenizer-eval/data/nsynth/nsynth-test/audio/brass_acoustic_059-046-025.wav,572,brass_acoustic_059,1,brass,0,acoustic,46,25,16000,dark|reverb
44.496334,0.63031554,string_acoustic_014-048-075,string_acoustic_014-048-075,/root/autodl-tmp/tokenizer-eval/data/nsynth/nsynth-test/audio/string_acoustic_014-048-075.wav,100,string_acoustic_014,8,string,0,acoustic,48,75,16000,dark|reverb
26.23267,23.13871,mallet_acoustic_047-077-100,mallet_acoustic_047-077-100,/root/autodl-tmp/tokenizer-eval/data/nsynth/nsynth-test/audio/mallet_acoustic_047-077-100.wav,488,mallet_acoustic_047,5,mallet,0,acoustic,77,100,16000,percussive|reverb
-19.01608,-5.2389245,organ_electronic_001-057-075,organ_electronic_001-057-075,/root/autodl-tmp/tokenizer-eval/data/nsynth/nsynth-test/audio/organ_electronic_001-057-075.wav,8,organ_electronic_001,6,organ,1,electronic,57,75,16000,dark
-22.112488,-39.06024,string_acoustic_071-049-025,string_acoustic_071-049-025,/root/autodl-tmp/tokenizer-eval/data/nsynth/nsynth-test/audio/string_acoustic_071-049-025.wav,609,string_acoustic_071,8,string,0,acoustic,49,25,16000,long_release|reverb
41.193893,44.43511,reed_acoustic_023-097-127,reed_acoustic_023-097-127,/root/autodl-tmp/tokenizer-eval/data/nsynth/nsynth-test/audio/reed_acoustic_023-097-127.wav,224,reed_acoustic_023,7,reed,0,acoustic,97,127,16000,fast_decay|multiphonic|nonlinear_env|percussive
-33.663124,42.724472,flute_synthetic_000-096-050,flute_synthetic_000-096-050,/root/autodl-tmp/tokenizer-eval/data/nsynth/nsynth-test/audio/flute_synthetic_000-096-050.wav,82,flute_synthetic_000,2,flute,2,synthetic,96,50,16000,distortion
-50.694653,17.723722,vocal_synthetic_003-084-075,vocal_synthetic_003-084-075,/root/autodl-tmp/tokenizer-eval/data/nsynth/nsynth-test/audio/vocal_synthetic_003-084-075.wav,37,vocal_synthetic_003,10,vocal,2,synthetic,84,75,16000,bright|distortion|long_release|nonlinear_env
-21.07949,-41.04804,keyboard_electronic_002-037-127,keyboard_electronic_002-037-127,/root/autodl-tmp/tokenizer-eval/data/nsynth/nsynth-test/audio/keyboard_electronic_002-037-127.wav,50,keyboard_electronic_002,4,keyboard,1,electronic,37,127,16000,distortion
-24.967245,28.505453,brass_acoustic_046-078-050,brass_acoustic_046-078-050,/root/autodl-tmp/tokenizer-eval/data/nsynth/nsynth-test/audio/brass_acoustic_046-078-050.wav,414,brass_acoustic_046,1,brass,0,acoustic,78,50,16000,
24.335197,-9.778272,mallet_acoustic_062-021-050,mallet_acoustic_062-021-050,/root/autodl-tmp/tokenizer-eval/data/nsynth/nsynth-test/audio/mallet_acoustic_062-021-050.wav,644,mallet_acoustic_062,5,mallet,0,acoustic,21,50,16000,dark|multiphonic
-26.571167,15.812321,brass_acoustic_015-068-075,brass_acoustic_015-068-075,/root/autodl-tmp/tokenizer-eval/data/nsynth/nsynth-test/audio/brass_acoustic_015-068-075.wav,121,brass_acoustic_015,1,brass,0,acoustic,68,75,16000,reverb
13.839541,3.503442,bass_synthetic_098-028-127,bass_synthetic_098-028-127,/root/autodl-tmp/tokenizer-eval/data/nsynth/nsynth-test/audio/bass_synthetic_098-028-127.wav,803,bass_synthetic_098,0,bass,2,synthetic,28,127,16000,distortion
-32.642387,1.4621736,reed_acoustic_018-062-050,reed_acoustic_018-062-050,/root/autodl-tmp/tokenizer-eval/data/nsynth/nsynth-test/audio/reed_acoustic_018-062-050.wav,183,reed_acoustic_018,7,reed,0,acoustic,62,50,16000,
-8.777099,34.40706,guitar_acoustic_010-094-127,guitar_acoustic_010-094-127,/root/autodl-tmp/tokenizer-eval/data/nsynth/nsynth-test/audio/guitar_acoustic_010-094-127.wav,219,guitar_acoustic_010,3,guitar,0,acoustic,94,127,16000,
-26.361109,44.575928,flute_acoustic_002-105-127,flute_acoustic_002-105-127,/root/autodl-tmp/tokenizer-eval/data/nsynth/nsynth-test/audio/flute_acoustic_002-105-127.wav,86,flute_acoustic_002,2,flute,0,acoustic,105,127,16000,bright|reverb
-5.765372,38.193504,guitar_acoustic_010-091-127,guitar_acoustic_010-091-127,/root/autodl-tmp/tokenizer-eval/data/nsynth/nsynth-test/audio/guitar_acoustic_010-091-127.wav,219,guitar_acoustic_010,3,guitar,0,acoustic,91,127,16000,
42.156578,46.302944,reed_acoustic_023-044-127,reed_acoustic_023-044-127,/root/autodl-tmp/tokenizer-eval/data/nsynth/nsynth-test/audio/reed_acoustic_023-044-127.wav,224,reed_acoustic_023,7,reed,0,acoustic,44,127,16000,bright|fast_decay|multiphonic|nonlinear_env
28.70559,-27.823387,vocal_synthetic_003-027-100,vocal_synthetic_003-027-100,/root/autodl-tmp/tokenizer-eval/data/nsynth/nsynth-test/audio/vocal_synthetic_003-027-100.wav,37,vocal_synthetic_003,10,vocal,2,synthetic,27,100,16000,bright|distortion|long_release|nonlinear_env
24.559963,21.312866,mallet_acoustic_047-099-075,mallet_acoustic_047-099-075,/root/autodl-tmp/tokenizer-eval/data/nsynth/nsynth-test/audio/mallet_acoustic_047-099-075.wav,488,mallet_acoustic_047,5,mallet,0,acoustic,99,75,16000,fast_decay|percussive|reverb
-24.407907,46.89815,flute_acoustic_002-102-100,flute_acoustic_002-102-100,/root/autodl-tmp/tokenizer-eval/data/nsynth/nsynth-test/audio/flute_acoustic_002-102-100.wav,86,flute_acoustic_002,2,flute,0,acoustic,102,100,16000,bright|reverb
-31.368176,11.32704,reed_acoustic_018-065-100,reed_acoustic_018-065-100,/root/autodl-tmp/tokenizer-eval/data/nsynth/nsynth-test/audio/reed_acoustic_018-065-100.wav,183,reed_acoustic_018,7,reed,0,acoustic,65,100,16000,
16.244087,24.686357,mallet_acoustic_062-087-075,mallet_acoustic_062-087-075,/root/autodl-tmp/tokenizer-eval/data/nsynth/nsynth-test/audio/mallet_acoustic_062-087-075.wav,644,mallet_acoustic_062,5,mallet,0,acoustic,87,75,16000,fast_decay|multiphonic
23.731339,-8.957179,mallet_acoustic_062-024-025,mallet_acoustic_062-024-025,/root/autodl-tmp/tokenizer-eval/data/nsynth/nsynth-test/audio/mallet_acoustic_062-024-025.wav,644,mallet_acoustic_062,5,mallet,0,acoustic,24,25,16000,dark|multiphonic
-27.063696,10.379968,reed_acoustic_037-065-075,reed_acoustic_037-065-075,/root/autodl-tmp/tokenizer-eval/data/nsynth/nsynth-test/audio/reed_acoustic_037-065-075.wav,387,reed_acoustic_037,7,reed,0,acoustic,65,75,16000,reverb
21.793333,25.776138,string_acoustic_056-079-050,string_acoustic_056-079-050,/root/autodl-tmp/tokenizer-eval/data/nsynth/nsynth-test/audio/string_acoustic_056-079-050.wav,436,string_acoustic_056,8,string,0,acoustic,79,50,16000,fast_decay|percussive|reverb
27.389236,20.639925,mallet_acoustic_047-101-127,mallet_acoustic_047-101-127,/root/autodl-tmp/tokenizer-eval/data/nsynth/nsynth-test/audio/mallet_acoustic_047-101-127.wav,488,mallet_acoustic_047,5,mallet,0,acoustic,101,127,16000,fast_decay|percussive|reverb
-36.60499,-13.078301,brass_acoustic_016-058-025,brass_acoustic_016-058-025,/root/autodl-tmp/tokenizer-eval/data/nsynth/nsynth-test/audio/brass_acoustic_016-058-025.wav,128,brass_acoustic_016,1,brass,0,acoustic,58,25,16000,bright
10.091373,15.622815,bass_synthetic_135-063-025,bass_synthetic_135-063-025,/root/autodl-tmp/tokenizer-eval/data/nsynth/nsynth-test/audio/bass_synthetic_135-063-025.wav,927,bass_synthetic_135,0,bass,2,synthetic,63,25,16000,distortion
-9.821577,-2.4215856,guitar_acoustic_015-060-025,guitar_acoustic_015-060-025,/root/autodl-tmp/tokenizer-eval/data/nsynth/nsynth-test/audio/guitar_acoustic_015-060-025.wav,316,guitar_acoustic_015,3,guitar,0,acoustic,60,25,16000,reverb
27.896147,-18.39145,flute_synthetic_000-026-025,flute_synthetic_000-026-025,/root/autodl-tmp/tokenizer-eval/data/nsynth/nsynth-test/audio/flute_synthetic_000-026-025.wav,82,flute_synthetic_000,2,flute,2,synthetic,26,25,16000,distortion
5.607427,-29.429037,reed_acoustic_011-038-050,reed_acoustic_011-038-050,/root/autodl-tmp/tokenizer-eval/data/nsynth/nsynth-test/audio/reed_acoustic_011-038-050.wav,104,reed_acoustic_011,7,reed,0,acoustic,38,50,16000,
44.267334,39.180206,reed_acoustic_023-073-050,reed_acoustic_023-073-050,/root/autodl-tmp/tokenizer-eval/data/nsynth/nsynth-test/audio/reed_acoustic_023-073-050.wav,224,reed_acoustic_023,7,reed,0,acoustic,73,50,16000,bright|fast_decay|multiphonic|nonlinear_env
-45.401016,-13.969476,vocal_acoustic_000-060-075,vocal_acoustic_000-060-075,/root/autodl-tmp/tokenizer-eval/data/nsynth/nsynth-test/audio/vocal_acoustic_000-060-075.wav,46,vocal_acoustic_000,10,vocal,0,acoustic,60,75,16000,reverb
47.862606,40.70358,reed_acoustic_023-057-075,reed_acoustic_023-057-075,/root/autodl-tmp/tokenizer-eval/data/nsynth/nsynth-test/audio/reed_acoustic_023-057-075.wav,224,reed_acoustic_023,7,reed,0,acoustic,57,75,16000,bright|fast_decay|multiphonic|nonlinear_env
9.20956,8.511771,bass_synthetic_033-091-025,bass_synthetic_033-091-025,/root/autodl-tmp/tokenizer-eval/data/nsynth/nsynth-test/audio/bass_synthetic_033-091-025.wav,417,bass_synthetic_033,0,bass,2,synthetic,91,25,16000,
14.889471,-30.4393,organ_electronic_001-043-127,organ_electronic_001-043-127,/root/autodl-tmp/tokenizer-eval/data/nsynth/nsynth-test/audio/organ_electronic_001-043-127.wav,8,organ_electronic_001,6,organ,1,electronic,43,127,16000,dark
36.841175,41.588425,keyboard_synthetic_000-084-050,keyboard_synthetic_000-084-050,/root/autodl-tmp/tokenizer-eval/data/nsynth/nsynth-test/audio/keyboard_synthetic_000-084-050.wav,577,keyboard_synthetic_000,4,keyboard,2,synthetic,84,50,16000,distortion|fast_decay|nonlinear_env
-40.728397,29.588596,flute_synthetic_000-086-025,flute_synthetic_000-086-025,/root/autodl-tmp/tokenizer-eval/data/nsynth/nsynth-test/audio/flute_synthetic_000-086-025.wav,82,flute_synthetic_000,2,flute,2,synthetic,86,25,16000,distortion
-35.697037,-8.851837,organ_electronic_007-058-025,organ_electronic_007-058-025,/root/autodl-tmp/tokenizer-eval/data/nsynth/nsynth-test/audio/organ_electronic_007-058-025.wav,123,organ_electronic_007,6,organ,1,electronic,58,25,16000,distortion|long_release|nonlinear_env
29.790562,46.0247,guitar_acoustic_014-086-100,guitar_acoustic_014-086-100,/root/autodl-tmp/tokenizer-eval/data/nsynth/nsynth-test/audio/guitar_acoustic_014-086-100.wav,263,guitar_acoustic_014,3,guitar,0,acoustic,86,100,16000,fast_decay|percussive
-44.504486,-20.592978,brass_acoustic_016-060-050,brass_acoustic_016-060-050,/root/autodl-tmp/tokenizer-eval/data/nsynth/nsynth-test/audio/brass_acoustic_016-060-050.wav,128,brass_acoustic_016,1,brass,0,acoustic,60,50,16000,bright
38.29112,-6.04862,bass_synthetic_009-024-127,bass_synthetic_009-024-127,/root/autodl-tmp/tokenizer-eval/data/nsynth/nsynth-test/audio/bass_synthetic_009-024-127.wav,150,bass_synthetic_009,0,bass,2,synthetic,24,127,16000,bright|distortion|long_release
2.3621733,-38.094105,brass_acoustic_006-040-050,brass_acoustic_006-040-050,/root/autodl-tmp/tokenizer-eval/data/nsynth/nsynth-test/audio/brass_acoustic_006-040-050.wav,43,brass_acoustic_006,1,brass,0,acoustic,40,50,16000,reverb
51.01116,-12.485694,guitar_acoustic_015-045-100,guitar_acoustic_015-045-100,/root/autodl-tmp/tokenizer-eval/data/nsynth/nsynth-test/audio/guitar_acoustic_015-045-100.wav,316,guitar_acoustic_015,3,guitar,0,acoustic,45,100,16000,reverb
-48.99639,-17.306318,brass_acoustic_059-061-100,brass_acoustic_059-061-100,/root/autodl-tmp/tokenizer-eval/data/nsynth/nsynth-test/audio/brass_acoustic_059-061-100.wav,572,brass_acoustic_059,1,brass,0,acoustic,61,100,16000,reverb
46.39717,-1.5778129,organ_electronic_104-048-075,organ_electronic_104-048-075,/root/autodl-tmp/tokenizer-eval/data/nsynth/nsynth-test/audio/organ_electronic_104-048-075.wav,921,organ_electronic_104,6,organ,1,electronic,48,75,16000,
11.689879,14.622747,bass_synthetic_135-060-127,bass_synthetic_135-060-127,/root/autodl-tmp/tokenizer-eval/data/nsynth/nsynth-test/audio/bass_synthetic_135-060-127.wav,927,bass_synthetic_135,0,bass,2,synthetic,60,127,16000,distortion
-15.715897,-22.741428,keyboard_electronic_078-053-127,keyboard_electronic_078-053-127,/root/autodl-tmp/tokenizer-eval/data/nsynth/nsynth-test/audio/keyboard_electronic_078-053-127.wav,838,keyboard_electronic_078,4,keyboard,1,electronic,53,127,16000,bright
-5.210101,-35.413555,bass_synthetic_068-052-050,bass_synthetic_068-052-050,/root/autodl-tmp/tokenizer-eval/data/nsynth/nsynth-test/audio/bass_synthetic_068-052-050.wav,656,bass_synthetic_068,0,bass,2,synthetic,52,50,16000,dark
-20.61199,-47.22991,guitar_electronic_022-037-075,guitar_electronic_022-037-075,/root/autodl-tmp/tokenizer-eval/data/nsynth/nsynth-test/audio/guitar_electronic_022-037-075.wav,378,guitar_electronic_022,3,guitar,1,electronic,37,75,16000,dark
-41.80875,11.826069,vocal_synthetic_003-068-100,vocal_synthetic_003-068-100,/root/autodl-tmp/tokenizer-eval/data/nsynth/nsynth-test/audio/vocal_synthetic_003-068-100.wav,37,vocal_synthetic_003,10,vocal,2,synthetic,68,100,16000,bright|distortion|long_release|nonlinear_env
46.256805,36.78727,reed_acoustic_023-055-050,reed_acoustic_023-055-050,/root/autodl-tmp/tokenizer-eval/data/nsynth/nsynth-test/audio/reed_acoustic_023-055-050.wav,224,reed_acoustic_023,7,reed,0,acoustic,55,50,16000,bright|fast_decay|multiphonic|nonlinear_env
-4.7056966,39.12922,mallet_acoustic_056-090-075,mallet_acoustic_056-090-075,/root/autodl-tmp/tokenizer-eval/data/nsynth/nsynth-test/audio/mallet_acoustic_056-090-075.wav,590,mallet_acoustic_056,5,mallet,0,acoustic,90,75,16000,
45.044636,41.60195,reed_acoustic_023-069-075,reed_acoustic_023-069-075,/root/autodl-tmp/tokenizer-eval/data/nsynth/nsynth-test/audio/reed_acoustic_023-069-075.wav,224,reed_acoustic_023,7,reed,0,acoustic,69,75,16000,bright|fast_decay|multiphonic|nonlinear_env
22.698313,-3.8654976,keyboard_acoustic_004-077-100,keyboard_acoustic_004-077-100,/root/autodl-tmp/tokenizer-eval/data/nsynth/nsynth-test/audio/keyboard_acoustic_004-077-100.wav,327,keyboard_acoustic_004,4,keyboard,0,acoustic,77,100,16000,reverb
-4.123614,-18.268639,organ_electronic_113-051-075,organ_electronic_113-051-075,/root/autodl-tmp/tokenizer-eval/data/nsynth/nsynth-test/audio/organ_electronic_113-051-075.wav,958,organ_electronic_113,6,organ,1,electronic,51,75,16000,dark
12.015753,-43.340458,string_acoustic_012-028-075,string_acoustic_012-028-075,/root/autodl-tmp/tokenizer-eval/data/nsynth/nsynth-test/audio/string_acoustic_012-028-075.wav,97,string_acoustic_012,8,string,0,acoustic,28,75,16000,reverb
26.960295,-18.596321,flute_synthetic_000-027-127,flute_synthetic_000-027-127,/root/autodl-tmp/tokenizer-eval/data/nsynth/nsynth-test/audio/flute_synthetic_000-027-127.wav,82,flute_synthetic_000,2,flute,2,synthetic,27,127,16000,distortion
-50.86665,11.740008,vocal_synthetic_003-090-075,vocal_synthetic_003-090-075,/root/autodl-tmp/tokenizer-eval/data/nsynth/nsynth-test/audio/vocal_synthetic_003-090-075.wav,37,vocal_synthetic_003,10,vocal,2,synthetic,90,75,16000,long_release|nonlinear_env
27.40276,46.243835,guitar_acoustic_021-094-050,guitar_acoustic_021-094-050,/root/autodl-tmp/tokenizer-eval/data/nsynth/nsynth-test/audio/guitar_acoustic_021-094-050.wav,457,guitar_acoustic_021,3,guitar,0,acoustic,94,50,16000,fast_decay|percussive
1.4749163,28.365194,keyboard_electronic_098-080-025,keyboard_electronic_098-080-025,/root/autodl-tmp/tokenizer-eval/data/nsynth/nsynth-test/audio/keyboard_electronic_098-080-025.wav,905,keyboard_electronic_098,4,keyboard,1,electronic,80,25,16000,fast_decay
-11.669012,35.000916,bass_synthetic_135-096-100,bass_synthetic_135-096-100,/root/autodl-tmp/tokenizer-eval/data/nsynth/nsynth-test/audio/bass_synthetic_135-096-100.wav,927,bass_synthetic_135,0,bass,2,synthetic,96,100,16000,distortion
-45.53671,12.096194,vocal_synthetic_003-104-050,vocal_synthetic_003-104-050,/root/autodl-tmp/tokenizer-eval/data/nsynth/nsynth-test/audio/vocal_synthetic_003-104-050.wav,37,vocal_synthetic_003,10,vocal,2,synthetic,104,50,16000,bright|distortion|long_release|nonlinear_env
32.398754,-31.015432,keyboard_electronic_078-034-025,keyboard_electronic_078-034-025,/root/autodl-tmp/tokenizer-eval/data/nsynth/nsynth-test/audio/keyboard_electronic_078-034-025.wav,838,keyboard_electronic_078,4,keyboard,1,electronic,34,25,16000,bright
28.414623,-19.870785,guitar_acoustic_021-024-100,guitar_acoustic_021-024-100,/root/autodl-tmp/tokenizer-eval/data/nsynth/nsynth-test/audio/guitar_acoustic_021-024-100.wav,457,guitar_acoustic_021,3,guitar,0,acoustic,24,100,16000,
-29.241676,17.254557,reed_acoustic_037-068-050,reed_acoustic_037-068-050,/root/autodl-tmp/tokenizer-eval/data/nsynth/nsynth-test/audio/reed_acoustic_037-068-050.wav,387,reed_acoustic_037,7,reed,0,acoustic,68,50,16000,reverb
46.346386,-0.50222015,string_acoustic_012-048-100,string_acoustic_012-048-100,/root/autodl-tmp/tokenizer-eval/data/nsynth/nsynth-test/audio/string_acoustic_012-048-100.wav,97,string_acoustic_012,8,string,0,acoustic,48,100,16000,long_release|reverb
-32.783737,40.996807,flute_synthetic_000-095-050,flute_synthetic_000-095-050,/root/autodl-tmp/tokenizer-eval/data/nsynth/nsynth-test/audio/flute_synthetic_000-095-050.wav,82,flute_synthetic_000,2,flute,2,synthetic,95,50,16000,distortion
1.803211,22.5363,mallet_acoustic_056-077-100,mallet_acoustic_056-077-100,/root/autodl-tmp/tokenizer-eval/data/nsynth/nsynth-test/audio/mallet_acoustic_056-077-100.wav,590,mallet_acoustic_056,5,mallet,0,acoustic,77,100,16000,fast_decay
-19.440273,-49.225883,flute_synthetic_000-037-075,flute_synthetic_000-037-075,/root/autodl-tmp/tokenizer-eval/data/nsynth/nsynth-test/audio/flute_synthetic_000-037-075.wav,82,flute_synthetic_000,2,flute,2,synthetic,37,75,16000,distortion
19.97442,13.547529,string_acoustic_014-032-075,string_acoustic_014-032-075,/root/autodl-tmp/tokenizer-eval/data/nsynth/nsynth-test/audio/string_acoustic_014-032-075.wav,100,string_acoustic_014,8,string,0,acoustic,32,75,16000,dark|fast_decay|reverb
41.90213,2.1453207,keyboard_electronic_002-048-127,keyboard_electronic_002-048-127,/root/autodl-tmp/tokenizer-eval/data/nsynth/nsynth-test/audio/keyboard_electronic_002-048-127.wav,50,keyboard_electronic_002,4,keyboard,1,electronic,48,127,16000,distortion
4.3889813,23.031374,guitar_acoustic_015-077-127,guitar_acoustic_015-077-127,/root/autodl-tmp/tokenizer-eval/data/nsynth/nsynth-test/audio/guitar_acoustic_015-077-127.wav,316,guitar_acoustic_015,3,guitar,0,acoustic,77,127,16000,fast_decay|reverb
-43.337082,28.403194,brass_acoustic_006-074-025,brass_acoustic_006-074-025,/root/autodl-tmp/tokenizer-eval/data/nsynth/nsynth-test/audio/brass_acoustic_006-074-025.wav,43,brass_acoustic_006,1,brass,0,acoustic,74,25,16000,reverb
-0.5773263,29.221632,bass_synthetic_135-080-100,bass_synthetic_135-080-100,/root/autodl-tmp/tokenizer-eval/data/nsynth/nsynth-test/audio/bass_synthetic_135-080-100.wav,927,bass_synthetic_135,0,bass,2,synthetic,80,100,16000,distortion
1.6214433,-55.07918,organ_electronic_007-020-100,organ_electronic_007-020-100,/root/autodl-tmp/tokenizer-eval/data/nsynth/nsynth-test/audio/organ_electronic_007-020-100.wav,123,organ_electronic_007,6,organ,1,electronic,20,100,16000,distortion|long_release|nonlinear_env
-34.5846,-27.186361,flute_synthetic_000-062-075,flute_synthetic_000-062-075,/root/autodl-tmp/tokenizer-eval/data/nsynth/nsynth-test/audio/flute_synthetic_000-062-075.wav,82,flute_synthetic_000,2,flute,2,synthetic,62,75,16000,distortion
-21.715385,-7.39653,organ_electronic_057-056-127,organ_electronic_057-056-127,/root/autodl-tmp/tokenizer-eval/data/nsynth/nsynth-test/audio/organ_electronic_057-056-127.wav,701,organ_electronic_057,6,organ,1,electronic,56,127,16000,dark
6.900753,-30.177443,brass_acoustic_059-037-100,brass_acoustic_059-037-100,/root/autodl-tmp/tokenizer-eval/data/nsynth/nsynth-test/audio/brass_acoustic_059-037-100.wav,572,brass_acoustic_059,1,brass,0,acoustic,37,100,16000,reverb
20.678679,-4.1787925,keyboard_acoustic_004-081-050,keyboard_acoustic_004-081-050,/root/autodl-tmp/tokenizer-eval/data/nsynth/nsynth-test/audio/keyboard_acoustic_004-081-050.wav,327,keyboard_acoustic_004,4,keyboard,0,acoustic,81,50,16000,dark|reverb
-53.32221,-1.0917131,organ_electronic_113-073-050,organ_electronic_113-073-050,/root/autodl-tmp/tokenizer-eval/data/nsynth/nsynth-test/audio/organ_electronic_113-073-050.wav,958,organ_electronic_113,6,organ,1,electronic,73,50,16000,
43.686703,-0.45459974,brass_acoustic_006-048-127,brass_acoustic_006-048-127,/root/autodl-tmp/tokenizer-eval/data/nsynth/nsynth-test/audio/brass_acoustic_006-048-127.wav,43,brass_acoustic_006,1,brass,0,acoustic,48,127,16000,reverb
-7.00496,-35.83092,keyboard_electronic_069-052-075,keyboard_electronic_069-052-075,/root/autodl-tmp/tokenizer-eval/data/nsynth/nsynth-test/audio/keyboard_electronic_069-052-075.wav,805,keyboard_electronic_069,4,keyboard,1,electronic,52,75,16000,distortion
-41.03881,-0.4339312,reed_acoustic_037-057-050,reed_acoustic_037-057-050,/root/autodl-tmp/tokenizer-eval/data/nsynth/nsynth-test/audio/reed_acoustic_037-057-050.wav,387,reed_acoustic_037,7,reed,0,acoustic,57,50,16000,reverb
-25.758293,22.577934,reed_acoustic_018-076-025,reed_acoustic_018-076-025,/root/autodl-tmp/tokenizer-eval/data/nsynth/nsynth-test/audio/reed_acoustic_018-076-025.wav,183,reed_acoustic_018,7,reed,0,acoustic,76,25,16000,
-27.467896,24.84349,brass_acoustic_015-077-075,brass_acoustic_015-077-075,/root/autodl-tmp/tokenizer-eval/data/nsynth/nsynth-test/audio/brass_acoustic_015-077-075.wav,121,brass_acoustic_015,1,brass,0,acoustic,77,75,16000,reverb
25.977259,46.125748,guitar_acoustic_015-102-100,guitar_acoustic_015-102-100,/root/autodl-tmp/tokenizer-eval/data/nsynth/nsynth-test/audio/guitar_acoustic_015-102-100.wav,316,guitar_acoustic_015,3,guitar,0,acoustic,102,100,16000,fast_decay|percussive|reverb
30.736979,-34.39081,organ_electronic_057-046-075,organ_electronic_057-046-075,/root/autodl-tmp/tokenizer-eval/data/nsynth/nsynth-test/audio/organ_electronic_057-046-075.wav,701,organ_electronic_057,6,organ,1,electronic,46,75,16000,dark
23.413969,13.946782,string_acoustic_014-060-025,string_acoustic_014-060-025,/root/autodl-tmp/tokenizer-eval/data/nsynth/nsynth-test/audio/string_acoustic_014-060-025.wav,100,string_acoustic_014,8,string,0,acoustic,60,25,16000,dark|reverb
3.7677157,-40.838436,bass_synthetic_068-040-050,bass_synthetic_068-040-050,/root/autodl-tmp/tokenizer-eval/data/nsynth/nsynth-test/audio/bass_synthetic_068-040-050.wav,656,bass_synthetic_068,0,bass,2,synthetic,40,50,16000,dark
10.926841,-43.222004,string_acoustic_080-028-100,string_acoustic_080-028-100,/root/autodl-tmp/tokenizer-eval/data/nsynth/nsynth-test/audio/string_acoustic_080-028-100.wav,675,string_acoustic_080,8,string,0,acoustic,28,100,16000,long_release|reverb
1.5953835,-19.93407,keyboard_electronic_003-039-050,keyboard_electronic_003-039-050,/root/autodl-tmp/tokenizer-eval/data/nsynth/nsynth-test/audio/keyboard_electronic_003-039-050.wav,65,keyboard_electronic_003,4,keyboard,1,electronic,39,50,16000,dark
26.142563,21.937542,mallet_acoustic_047-079-127,mallet_acoustic_047-079-127,/root/autodl-tmp/tokenizer-eval/data/nsynth/nsynth-test/audio/mallet_acoustic_047-079-127.wav,488,mallet_acoustic_047,5,mallet,0,acoustic,79,127,16000,fast_decay|percussive|reverb
-32.0027,13.886023,reed_acoustic_018-066-075,reed_acoustic_018-066-075,/root/autodl-tmp/tokenizer-eval/data/nsynth/nsynth-test/audio/reed_acoustic_018-066-075.wav,183,reed_acoustic_018,7,reed,0,acoustic,66,75,16000,
14.0404005,5.914799,bass_synthetic_098-052-127,bass_synthetic_098-052-127,/root/autodl-tmp/tokenizer-eval/data/nsynth/nsynth-test/audio/bass_synthetic_098-052-127.wav,803,bass_synthetic_098,0,bass,2,synthetic,52,127,16000,distortion
42.307343,44.223053,reed_acoustic_023-093-100,reed_acoustic_023-093-100,/root/autodl-tmp/tokenizer-eval/data/nsynth/nsynth-test/audio/reed_acoustic_023-093-100.wav,224,reed_acoustic_023,7,reed,0,acoustic,93,100,16000,fast_decay|multiphonic|nonlinear_env
41.016872,2.69731,brass_acoustic_015-048-100,brass_acoustic_015-048-100,/root/autodl-tmp/tokenizer-eval/data/nsynth/nsynth-test/audio/brass_acoustic_015-048-100.wav,121,brass_acoustic_015,1,brass,0,acoustic,48,100,16000,reverb
-14.662187,-24.398657,organ_electronic_001-053-075,organ_electronic_001-053-075,/root/autodl-tmp/tokenizer-eval/data/nsynth/nsynth-test/audio/organ_electronic_001-053-075.wav,8,organ_electronic_001,6,organ,1,electronic,53,75,16000,dark
1.9450976,-10.082146,flute_synthetic_000-058-025,flute_synthetic_000-058-025,/root/autodl-tmp/tokenizer-eval/data/nsynth/nsynth-test/audio/flute_synthetic_000-058-025.wav,82,flute_synthetic_000,2,flute,2,synthetic,58,25,16000,distortion
26.070198,42.68285,bass_synthetic_068-106-025,bass_synthetic_068-106-025,/root/autodl-tmp/tokenizer-eval/data/nsynth/nsynth-test/audio/bass_synthetic_068-106-025.wav,656,bass_synthetic_068,0,bass,2,synthetic,106,25,16000,bright|fast_decay|percussive
-1.7048274,-58.8774,string_acoustic_071-032-127,string_acoustic_071-032-127,/root/autodl-tmp/tokenizer-eval/data/nsynth/nsynth-test/audio/string_acoustic_071-032-127.wav,609,string_acoustic_071,8,string,0,acoustic,32,127,16000,reverb
21.422476,32.983967,mallet_acoustic_047-073-100,mallet_acoustic_047-073-100,/root/autodl-tmp/tokenizer-eval/data/nsynth/nsynth-test/audio/mallet_acoustic_047-073-100.wav,488,mallet_acoustic_047,5,mallet,0,acoustic,73,100,16000,fast_decay|percussive|reverb
26.142658,0.66262174,string_acoustic_014-027-100,string_acoustic_014-027-100,/root/autodl-tmp/tokenizer-eval/data/nsynth/nsynth-test/audio/string_acoustic_014-027-100.wav,100,string_acoustic_014,8,string,0,acoustic,27,100,16000,dark|reverb
16.805807,3.9912987,mallet_acoustic_047-087-127,mallet_acoustic_047-087-127,/root/autodl-tmp/tokenizer-eval/data/nsynth/nsynth-test/audio/mallet_acoustic_047-087-127.wav,488,mallet_acoustic_047,5,mallet,0,acoustic,87,127,16000,fast_decay|percussive|reverb
30.793022,47.77215,mallet_acoustic_062-078-025,mallet_acoustic_062-078-025,/root/autodl-tmp/tokenizer-eval/data/nsynth/nsynth-test/audio/mallet_acoustic_062-078-025.wav,644,mallet_acoustic_062,5,mallet,0,acoustic,78,25,16000,fast_decay|multiphonic|percussive
-51.97614,-4.013069,organ_electronic_057-072-100,organ_electronic_057-072-100,/root/autodl-tmp/tokenizer-eval/data/nsynth/nsynth-test/audio/organ_electronic_057-072-100.wav,701,organ_electronic_057,6,organ,1,electronic,72,100,16000,
-7.029561,7.400642,keyboard_acoustic_004-063-127,keyboard_acoustic_004-063-127,/root/autodl-tmp/tokenizer-eval/data/nsynth/nsynth-test/audio/keyboard_acoustic_004-063-127.wav,327,keyboard_acoustic_004,4,keyboard,0,acoustic,63,127,16000,reverb
43.81984,41.226494,reed_acoustic_023-075-025,reed_acoustic_023-075-025,/root/autodl-tmp/tokenizer-eval/data/nsynth/nsynth-test/audio/reed_acoustic_023-075-025.wav,224,reed_acoustic_023,7,reed,0,acoustic,75,25,16000,bright|fast_decay|multiphonic|nonlinear_env
26.366568,18.260136,mallet_acoustic_047-088-075,mallet_acoustic_047-088-075,/root/autodl-tmp/tokenizer-eval/data/nsynth/nsynth-test/audio/mallet_acoustic_047-088-075.wav,488,mallet_acoustic_047,5,mallet,0,acoustic,88,75,16000,fast_decay|percussive|reverb
